
> @flydea/api@0.1.0 dev
> nest start --watch

[2J[3J[H[[90m3:31:16 PM[0m] Starting compilation in watch mode...

[[90m3:31:26 PM[0m] Found 0 errors. Watching for file changes.

(node:63086) [DEP0190] DeprecationWarning: Passing args to a child process with shell option true can lead to security vulnerabilities, as the arguments are not escaped, only concatenated.
(Use `node --trace-deprecation ...` to show where the warning was created)
(node:65913) [MONGOOSE] Warning: `errors` is a reserved schema pathname and may break some functionality. You are allowed to use it, but use at your own risk. To disable this warning pass `suppressReservedKeysWarning` as a schema option.
(Use `node --trace-warnings ...` to show where the warning was created)
{"level":30,"time":1775154688670,"service":"flydea-api","msg":"Starting Nest application..."}
{"level":30,"time":1775154688670,"service":"flydea-api","msg":"LoggerModule dependencies initialized"}
{"level":30,"time":1775154688670,"service":"flydea-api","msg":"MongooseModule dependencies initialized"}
{"level":30,"time":1775154688670,"service":"flydea-api","msg":"JwtModule dependencies initialized"}
{"level":30,"time":1775154688670,"service":"flydea-api","msg":"ConfigHostModule dependencies initialized"}
{"level":30,"time":1775154688670,"service":"flydea-api","msg":"SharedModule dependencies initialized"}
{"level":30,"time":1775154688670,"service":"flydea-api","msg":"MetricsModule dependencies initialized"}
{"level":30,"time":1775154688670,"service":"flydea-api","msg":"PocModule dependencies initialized"}
{"level":30,"time":1775154688670,"service":"flydea-api","msg":"ConfigModule dependencies initialized"}
{"level":30,"time":1775154688670,"service":"flydea-api","msg":"AppModule dependencies initialized"}
{"level":30,"time":1775154688670,"service":"flydea-api","msg":"Rate limiter using Redis backend"}
{"level":30,"time":1775154688670,"service":"flydea-api","msg":"Admin: 1000 req/min (bulk operations)"}
{"level":30,"time":1775154688670,"service":"flydea-api","msg":"Gestor: 300 req/min (project management)"}
{"level":30,"time":1775154688670,"service":"flydea-api","msg":"Operador: 120 req/min (field operations)"}
{"level":30,"time":1775154688670,"service":"flydea-api","msg":"Leitor: 60 req/min (read-only)"}
{"level":30,"time":1775154688670,"service":"flydea-api","msg":"Anonymous: 30 req/min (public endpoints)"}
{"level":30,"time":1775154688670,"service":"flydea-api","msg":"MongooseCoreModule dependencies initialized"}
{"level":30,"time":1775154688670,"service":"flydea-api","msg":"MongooseModule dependencies initialized"}
{"level":30,"time":1775154688670,"service":"flydea-api","msg":"MongooseModule dependencies initialized"}
{"level":30,"time":1775154688670,"service":"flydea-api","msg":"MongooseModule dependencies initialized"}
{"level":30,"time":1775154688670,"service":"flydea-api","msg":"MongooseModule dependencies initialized"}
{"level":30,"time":1775154688670,"service":"flydea-api","msg":"MongooseModule dependencies initialized"}
{"level":30,"time":1775154688670,"service":"flydea-api","msg":"MongooseModule dependencies initialized"}
{"level":30,"time":1775154688670,"service":"flydea-api","msg":"MongooseModule dependencies initialized"}
{"level":30,"time":1775154688670,"service":"flydea-api","msg":"MongooseModule dependencies initialized"}
{"level":30,"time":1775154688670,"service":"flydea-api","msg":"MongooseModule dependencies initialized"}
{"level":30,"time":1775154688670,"service":"flydea-api","msg":"MongooseModule dependencies initialized"}
{"level":30,"time":1775154688670,"service":"flydea-api","msg":"MongooseModule dependencies initialized"}
{"level":30,"time":1775154688670,"service":"flydea-api","msg":"MongooseModule dependencies initialized"}
{"level":30,"time":1775154688670,"service":"flydea-api","msg":"MongooseModule dependencies initialized"}
{"level":30,"time":1775154688670,"service":"flydea-api","msg":"MongooseModule dependencies initialized"}
{"level":30,"time":1775154688670,"service":"flydea-api","msg":"MongooseModule dependencies initialized"}
{"level":30,"time":1775154688670,"service":"flydea-api","msg":"MongooseModule dependencies initialized"}
{"level":30,"time":1775154688670,"service":"flydea-api","msg":"MongooseModule dependencies initialized"}
{"level":30,"time":1775154688670,"service":"flydea-api","msg":"MongooseModule dependencies initialized"}
{"level":30,"time":1775154688670,"service":"flydea-api","msg":"MongooseModule dependencies initialized"}
{"level":30,"time":1775154688670,"service":"flydea-api","msg":"MongooseModule dependencies initialized"}
{"level":30,"time":1775154688670,"service":"flydea-api","msg":"MongooseModule dependencies initialized"}
{"level":30,"time":1775154688670,"service":"flydea-api","msg":"MongooseModule dependencies initialized"}
{"level":30,"time":1775154688670,"service":"flydea-api","msg":"MongooseModule dependencies initialized"}
{"level":30,"time":1775154688670,"service":"flydea-api","msg":"MongooseModule dependencies initialized"}
{"level":30,"time":1775154688670,"service":"flydea-api","msg":"MongooseModule dependencies initialized"}
{"level":30,"time":1775154688670,"service":"flydea-api","msg":"MongooseModule dependencies initialized"}
{"level":30,"time":1775154688670,"service":"flydea-api","msg":"MongooseModule dependencies initialized"}
{"level":30,"time":1775154688670,"service":"flydea-api","msg":"MongooseModule dependencies initialized"}
{"level":30,"time":1775154688670,"service":"flydea-api","msg":"MongooseModule dependencies initialized"}
{"level":30,"time":1775154688670,"service":"flydea-api","msg":"MongooseModule dependencies initialized"}
{"level":30,"time":1775154688670,"service":"flydea-api","msg":"HealthModule dependencies initialized"}
{"level":30,"time":1775154688670,"service":"flydea-api","msg":"UploadsModule dependencies initialized"}
{"level":30,"time":1775154688670,"service":"flydea-api","msg":"AreasModule dependencies initialized"}
{"level":30,"time":1775154688670,"service":"flydea-api","msg":"OsmModule dependencies initialized"}
{"level":30,"time":1775154688670,"service":"flydea-api","msg":"UsersModule dependencies initialized"}
{"level":30,"time":1775154688670,"service":"flydea-api","msg":"TenantsModule dependencies initialized"}
{"level":30,"time":1775154688670,"service":"flydea-api","msg":"MembershipsModule dependencies initialized"}
{"level":30,"time":1775154688670,"service":"flydea-api","msg":"ProcessesModule dependencies initialized"}
{"level":30,"time":1775154688670,"service":"flydea-api","msg":"AlertsModule dependencies initialized"}
{"level":30,"time":1775154688670,"service":"flydea-api","msg":"AssetsModule dependencies initialized"}
{"level":30,"time":1775154688670,"service":"flydea-api","msg":"ProjectsModule dependencies initialized"}
{"level":30,"time":1775154688670,"service":"flydea-api","msg":"CemeteryModule dependencies initialized"}
{"level":30,"time":1775154688670,"service":"flydea-api","msg":"LayersModule dependencies initialized"}
{"level":30,"time":1775154688670,"service":"flydea-api","msg":"CertificatesModule dependencies initialized"}
{"level":30,"time":1775154688670,"service":"flydea-api","msg":"IntegrationHubModule dependencies initialized"}
{"level":30,"time":1775154688670,"service":"flydea-api","msg":"MonitoringModule dependencies initialized"}
{"level":30,"time":1775154688670,"service":"flydea-api","msg":"PermitsBusinessModule dependencies initialized"}
{"level":30,"time":1775154688670,"service":"flydea-api","msg":"EnvironmentModule dependencies initialized"}
{"level":30,"time":1775154688670,"service":"flydea-api","msg":"PublicWorksModule dependencies initialized"}
{"level":30,"time":1775154688670,"service":"flydea-api","msg":"ComplianceModule dependencies initialized"}
{"level":30,"time":1775154688670,"service":"flydea-api","msg":"TaxIntegrationModule dependencies initialized"}
{"level":30,"time":1775154688670,"service":"flydea-api","msg":"SurveysModule dependencies initialized"}
{"level":30,"time":1775154688670,"service":"flydea-api","msg":"ReurbModule dependencies initialized"}
{"level":30,"time":1775154688670,"service":"flydea-api","msg":"PermitsWorksModule dependencies initialized"}
{"level":30,"time":1775154688670,"service":"flydea-api","msg":"NotificationsLettersModule dependencies initialized"}
{"level":30,"time":1775154688670,"service":"flydea-api","msg":"MobileModule dependencies initialized"}
{"level":30,"time":1775154688670,"service":"flydea-api","msg":"Citizen156Module dependencies initialized"}
{"level":30,"time":1775154688670,"service":"flydea-api","msg":"MapFeaturesModule dependencies initialized"}
{"level":30,"time":1775154688670,"service":"flydea-api","msg":"AuthModule dependencies initialized"}
{"level":30,"time":1775154688670,"service":"flydea-api","msg":"ObservatoryModule dependencies initialized"}
{"level":30,"time":1775154688670,"service":"flydea-api","msg":"CtmModule dependencies initialized"}
{"level":30,"time":1775154688670,"service":"flydea-api","msg":"PgvModule dependencies initialized"}
{"level":30,"time":1775154688670,"service":"flydea-api","msg":"DashboardModule dependencies initialized"}
{"level":30,"time":1775154688670,"service":"flydea-api","msg":"AuthController {/auth}:"}
{"level":30,"time":1775154688670,"service":"flydea-api","msg":"Mapped {/auth/login, POST} route"}
{"level":30,"time":1775154688670,"service":"flydea-api","msg":"Mapped {/auth/refresh, POST} route"}
{"level":30,"time":1775154688670,"service":"flydea-api","msg":"Mapped {/auth/logout, POST} route"}
{"level":30,"time":1775154688670,"service":"flydea-api","msg":"Mapped {/auth/portal/exchange, POST} route"}
{"level":30,"time":1775154688670,"service":"flydea-api","msg":"Mapped {/auth/portal/logout, POST} route"}
{"level":30,"time":1775154688670,"service":"flydea-api","msg":"Mapped {/auth/oidc/authorize, POST} route"}
{"level":30,"time":1775154688670,"service":"flydea-api","msg":"Mapped {/auth/oidc/callback, POST} route"}
{"level":30,"time":1775154688670,"service":"flydea-api","msg":"Mapped {/auth/forgot-password, POST} route"}
{"level":30,"time":1775154688670,"service":"flydea-api","msg":"Mapped {/auth/reset-password, POST} route"}
{"level":30,"time":1775154688670,"service":"flydea-api","msg":"Mapped {/auth/change-password, POST} route"}
{"level":30,"time":1775154688670,"service":"flydea-api","msg":"Mapped {/auth/session, GET} route"}
{"level":30,"time":1775154688670,"service":"flydea-api","msg":"Mapped {/auth/institutional-readiness, GET} route"}
{"level":30,"time":1775154688670,"service":"flydea-api","msg":"UsersController {/admin/users}:"}
{"level":30,"time":1775154688670,"service":"flydea-api","msg":"Mapped {/admin/users, POST} route"}
{"level":30,"time":1775154688670,"service":"flydea-api","msg":"TenantsController {/tenants}:"}
{"level":30,"time":1775154688670,"service":"flydea-api","msg":"Mapped {/tenants, POST} route"}
{"level":30,"time":1775154688670,"service":"flydea-api","msg":"Mapped {/tenants/me, GET} route"}
{"level":30,"time":1775154688670,"service":"flydea-api","msg":"MembershipsController {/admin/memberships}:"}
{"level":30,"time":1775154688670,"service":"flydea-api","msg":"Mapped {/admin/memberships, POST} route"}
{"level":30,"time":1775154688670,"service":"flydea-api","msg":"ProcessesController {/processes}:"}
{"level":30,"time":1775154688670,"service":"flydea-api","msg":"Mapped {/processes, GET} route"}
{"level":30,"time":1775154688670,"service":"flydea-api","msg":"Mapped {/processes/:id, GET} route"}
{"level":30,"time":1775154688670,"service":"flydea-api","msg":"Mapped {/processes, POST} route"}
{"level":30,"time":1775154688670,"service":"flydea-api","msg":"Mapped {/processes/:id, PATCH} route"}
{"level":30,"time":1775154688670,"service":"flydea-api","msg":"Mapped {/processes/:id/transition, POST} route"}
{"level":30,"time":1775154688670,"service":"flydea-api","msg":"Mapped {/processes/:id/events, GET} route"}
{"level":30,"time":1775154688670,"service":"flydea-api","msg":"Mapped {/processes/:id, DELETE} route"}
{"level":30,"time":1775154688670,"service":"flydea-api","msg":"AlertsController {/alerts}:"}
{"level":30,"time":1775154688670,"service":"flydea-api","msg":"Mapped {/alerts, GET} route"}
{"level":30,"time":1775154688670,"service":"flydea-api","msg":"Mapped {/alerts/:id, GET} route"}
{"level":30,"time":1775154688670,"service":"flydea-api","msg":"Mapped {/alerts, POST} route"}
{"level":30,"time":1775154688670,"service":"flydea-api","msg":"Mapped {/alerts/:id, PATCH} route"}
{"level":30,"time":1775154688670,"service":"flydea-api","msg":"Mapped {/alerts/:id/ack, POST} route"}
{"level":30,"time":1775154688670,"service":"flydea-api","msg":"Mapped {/alerts/:id/resolve, POST} route"}
{"level":30,"time":1775154688670,"service":"flydea-api","msg":"Mapped {/alerts/:id, DELETE} route"}
{"level":30,"time":1775154688670,"service":"flydea-api","msg":"Mapped {/alerts/:id/stage, POST} route"}
{"level":30,"time":1775154688670,"service":"flydea-api","msg":"AssetsController {/assets}:"}
{"level":30,"time":1775154688670,"service":"flydea-api","msg":"Mapped {/assets, GET} route"}
{"level":30,"time":1775154688670,"service":"flydea-api","msg":"Mapped {/assets/:id, GET} route"}
{"level":30,"time":1775154688670,"service":"flydea-api","msg":"Mapped {/assets, POST} route"}
{"level":30,"time":1775154688670,"service":"flydea-api","msg":"Mapped {/assets/:id, PATCH} route"}
{"level":30,"time":1775154688670,"service":"flydea-api","msg":"Mapped {/assets/:id, DELETE} route"}
{"level":30,"time":1775154688670,"service":"flydea-api","msg":"DashboardController {/dashboard}:"}
{"level":30,"time":1775154688670,"service":"flydea-api","msg":"Mapped {/dashboard/kpis, GET} route"}
{"level":30,"time":1775154688670,"service":"flydea-api","msg":"Mapped {/dashboard/executive, GET} route"}
{"level":30,"time":1775154688670,"service":"flydea-api","msg":"Mapped {/dashboard/layout, GET} route"}
{"level":30,"time":1775154688670,"service":"flydea-api","msg":"Mapped {/dashboard/layout, PATCH} route"}
{"level":30,"time":1775154688670,"service":"flydea-api","msg":"PermitsWorksController {/permits-works}:"}
{"level":30,"time":1775154688670,"service":"flydea-api","msg":"Mapped {/permits-works, GET} route"}
{"level":30,"time":1775154688670,"service":"flydea-api","msg":"Mapped {/permits-works/:id, GET} route"}
{"level":30,"time":1775154688670,"service":"flydea-api","msg":"Mapped {/permits-works, POST} route"}
{"level":30,"time":1775154688670,"service":"flydea-api","msg":"Mapped {/permits-works/:id, PATCH} route"}
{"level":30,"time":1775154688670,"service":"flydea-api","msg":"Mapped {/permits-works/:id/invoices, POST} route"}
{"level":30,"time":1775154688670,"service":"flydea-api","msg":"Mapped {/permits-works/:id/issue, POST} route"}
{"level":30,"time":1775154688670,"service":"flydea-api","msg":"ProjectsController {/projects}:"}
{"level":30,"time":1775154688670,"service":"flydea-api","msg":"Mapped {/projects, GET} route"}
{"level":30,"time":1775154688670,"service":"flydea-api","msg":"Mapped {/projects/:id, GET} route"}
{"level":30,"time":1775154688670,"service":"flydea-api","msg":"Mapped {/projects, POST} route"}
{"level":30,"time":1775154688670,"service":"flydea-api","msg":"Mapped {/projects/:id, PATCH} route"}
{"level":30,"time":1775154688670,"service":"flydea-api","msg":"PermitsBusinessController {/permits-business}:"}
{"level":30,"time":1775154688670,"service":"flydea-api","msg":"Mapped {/permits-business, GET} route"}
{"level":30,"time":1775154688670,"service":"flydea-api","msg":"Mapped {/permits-business/:id, GET} route"}
{"level":30,"time":1775154688670,"service":"flydea-api","msg":"Mapped {/permits-business, POST} route"}
{"level":30,"time":1775154688670,"service":"flydea-api","msg":"Mapped {/permits-business/:id, PATCH} route"}
{"level":30,"time":1775154688670,"service":"flydea-api","msg":"Mapped {/permits-business/:id/taxes, POST} route"}
{"level":30,"time":1775154688670,"service":"flydea-api","msg":"Mapped {/permits-business/:id/issue, POST} route"}
{"level":30,"time":1775154688670,"service":"flydea-api","msg":"Citizen156Controller {/citizen-156}:"}
{"level":30,"time":1775154688670,"service":"flydea-api","msg":"Mapped {/citizen-156/calls, GET} route"}
{"level":30,"time":1775154688670,"service":"flydea-api","msg":"Mapped {/citizen-156/summary, GET} route"}
{"level":30,"time":1775154688670,"service":"flydea-api","msg":"Mapped {/citizen-156/calls/:id, GET} route"}
{"level":30,"time":1775154688670,"service":"flydea-api","msg":"Mapped {/citizen-156/calls, POST} route"}
{"level":30,"time":1775154688670,"service":"flydea-api","msg":"Mapped {/citizen-156/calls/:id, PATCH} route"}
{"level":30,"time":1775154688670,"service":"flydea-api","msg":"EnvironmentController {/environment}:"}
{"level":30,"time":1775154688670,"service":"flydea-api","msg":"Mapped {/environment/cases, GET} route"}
{"level":30,"time":1775154688670,"service":"flydea-api","msg":"Mapped {/environment/summary, GET} route"}
{"level":30,"time":1775154688670,"service":"flydea-api","msg":"Mapped {/environment/cases/:id, GET} route"}
{"level":30,"time":1775154688670,"service":"flydea-api","msg":"Mapped {/environment/cases, POST} route"}
{"level":30,"time":1775154688670,"service":"flydea-api","msg":"Mapped {/environment/cases/:id, PATCH} route"}
{"level":30,"time":1775154688670,"service":"flydea-api","msg":"Mapped {/environment/cases/:id/report, POST} route"}
{"level":30,"time":1775154688670,"service":"flydea-api","msg":"PublicWorksController {/public-works}:"}
{"level":30,"time":1775154688670,"service":"flydea-api","msg":"Mapped {/public-works, GET} route"}
{"level":30,"time":1775154688670,"service":"flydea-api","msg":"Mapped {/public-works/summary, GET} route"}
{"level":30,"time":1775154688670,"service":"flydea-api","msg":"Mapped {/public-works/:id, GET} route"}
{"level":30,"time":1775154688670,"service":"flydea-api","msg":"Mapped {/public-works, POST} route"}
{"level":30,"time":1775154688670,"service":"flydea-api","msg":"Mapped {/public-works/:id, PATCH} route"}
{"level":30,"time":1775154688670,"service":"flydea-api","msg":"Mapped {/public-works/:id/stage, POST} route"}
{"level":30,"time":1775154688670,"service":"flydea-api","msg":"Mapped {/public-works/:id/measurements, POST} route"}
{"level":30,"time":1775154688670,"service":"flydea-api","msg":"Mapped {/public-works/:id/evidence, POST} route"}
{"level":30,"time":1775154688670,"service":"flydea-api","msg":"Mapped {/public-works/:id, DELETE} route"}
{"level":30,"time":1775154688670,"service":"flydea-api","msg":"CemeteryController {/cemetery}:"}
{"level":30,"time":1775154688670,"service":"flydea-api","msg":"Mapped {/cemetery, GET} route"}
{"level":30,"time":1775154688670,"service":"flydea-api","msg":"Mapped {/cemetery/summary, GET} route"}
{"level":30,"time":1775154688670,"service":"flydea-api","msg":"Mapped {/cemetery/:id, GET} route"}
{"level":30,"time":1775154688670,"service":"flydea-api","msg":"Mapped {/cemetery, POST} route"}
{"level":30,"time":1775154688670,"service":"flydea-api","msg":"Mapped {/cemetery/:id, PATCH} route"}
{"level":30,"time":1775154688671,"service":"flydea-api","msg":"Mapped {/cemetery/:id/documents, POST} route"}
{"level":30,"time":1775154688671,"service":"flydea-api","msg":"Mapped {/cemetery/:id, DELETE} route"}
{"level":30,"time":1775154688671,"service":"flydea-api","msg":"HealthController {/health}:"}
{"level":30,"time":1775154688671,"service":"flydea-api","msg":"Mapped {/health, GET} route"}
{"level":30,"time":1775154688671,"service":"flydea-api","msg":"LayersController {/layers}:"}
{"level":30,"time":1775154688671,"service":"flydea-api","msg":"Mapped {/layers, GET} route"}
{"level":30,"time":1775154688671,"service":"flydea-api","msg":"Mapped {/layers/:id, PATCH} route"}
{"level":30,"time":1775154688671,"service":"flydea-api","msg":"AreasController {/areas}:"}
{"level":30,"time":1775154688671,"service":"flydea-api","msg":"Mapped {/areas, GET} route"}
{"level":30,"time":1775154688671,"service":"flydea-api","msg":"ParcelsController {/ctm/parcels}:"}
{"level":30,"time":1775154688671,"service":"flydea-api","msg":"Mapped {/ctm/parcels, GET} route"}
{"level":30,"time":1775154688671,"service":"flydea-api","msg":"Mapped {/ctm/parcels/pendencias, GET} route"}
{"level":30,"time":1775154688671,"service":"flydea-api","msg":"Mapped {/ctm/parcels/geojson, GET} route"}
{"level":30,"time":1775154688671,"service":"flydea-api","msg":"Mapped {/ctm/parcels/:id, GET} route"}
{"level":30,"time":1775154688671,"service":"flydea-api","msg":"Mapped {/ctm/parcels/:id/summary, GET} route"}
{"level":30,"time":1775154688671,"service":"flydea-api","msg":"Mapped {/ctm/parcels/:id/history, GET} route"}
{"level":30,"time":1775154688671,"service":"flydea-api","msg":"Mapped {/ctm/parcels, POST} route"}
{"level":30,"time":1775154688671,"service":"flydea-api","msg":"Mapped {/ctm/parcels/:id, PATCH} route"}
{"level":30,"time":1775154688671,"service":"flydea-api","msg":"Mapped {/ctm/parcels/:id, DELETE} route"}
{"level":30,"time":1775154688671,"service":"flydea-api","msg":"Mapped {/ctm/parcels/:id/building, PUT} route"}
{"level":30,"time":1775154688671,"service":"flydea-api","msg":"Mapped {/ctm/parcels/:id/socioeconomic, PUT} route"}
{"level":30,"time":1775154688671,"service":"flydea-api","msg":"Mapped {/ctm/parcels/:id/infrastructure, PUT} route"}
{"level":30,"time":1775154688671,"service":"flydea-api","msg":"Mapped {/ctm/parcels/import, POST} route"}
{"level":30,"time":1775154688671,"service":"flydea-api","msg":"ProjectParcelsController {/api/projects/:projectId/parcels}:"}
{"level":30,"time":1775154688671,"service":"flydea-api","msg":"Mapped {/api/projects/:projectId/parcels, GET} route"}
{"level":30,"time":1775154688671,"service":"flydea-api","msg":"Mapped {/api/projects/:projectId/parcels/pendencias, GET} route"}
{"level":30,"time":1775154688671,"service":"flydea-api","msg":"Mapped {/api/projects/:projectId/parcels/geojson, GET} route"}
{"level":30,"time":1775154688671,"service":"flydea-api","msg":"Mapped {/api/projects/:projectId/parcels/:id, GET} route"}
{"level":30,"time":1775154688671,"service":"flydea-api","msg":"Mapped {/api/projects/:projectId/parcels/:id/summary, GET} route"}
{"level":30,"time":1775154688671,"service":"flydea-api","msg":"Mapped {/api/projects/:projectId/parcels/:id/history, GET} route"}
{"level":30,"time":1775154688671,"service":"flydea-api","msg":"Mapped {/api/projects/:projectId/parcels, POST} route"}
{"level":30,"time":1775154688671,"service":"flydea-api","msg":"Mapped {/api/projects/:projectId/parcels/:id, PATCH} route"}
{"level":30,"time":1775154688671,"service":"flydea-api","msg":"Mapped {/api/projects/:projectId/parcels/:id, DELETE} route"}
{"level":30,"time":1775154688671,"service":"flydea-api","msg":"Mapped {/api/projects/:projectId/parcels/:id/building, PUT} route"}
{"level":30,"time":1775154688671,"service":"flydea-api","msg":"Mapped {/api/projects/:projectId/parcels/:id/socioeconomic, PUT} route"}
{"level":30,"time":1775154688671,"service":"flydea-api","msg":"Mapped {/api/projects/:projectId/parcels/:id/infrastructure, PUT} route"}
{"level":30,"time":1775154688671,"service":"flydea-api","msg":"Mapped {/api/projects/:projectId/parcels/import, POST} route"}
{"level":30,"time":1775154688671,"service":"flydea-api","msg":"LogradourosController {/ctm/logradouros}:"}
{"level":30,"time":1775154688671,"service":"flydea-api","msg":"Mapped {/ctm/logradouros, GET} route"}
{"level":30,"time":1775154688671,"service":"flydea-api","msg":"Mapped {/ctm/logradouros/:id, GET} route"}
{"level":30,"time":1775154688671,"service":"flydea-api","msg":"Mapped {/ctm/logradouros, POST} route"}
{"level":30,"time":1775154688671,"service":"flydea-api","msg":"Mapped {/ctm/logradouros/:id, PATCH} route"}
{"level":30,"time":1775154688671,"service":"flydea-api","msg":"Mapped {/ctm/logradouros/:id, DELETE} route"}
{"level":30,"time":1775154688671,"service":"flydea-api","msg":"UrbanFurnitureController {/ctm/urban-furniture}:"}
{"level":30,"time":1775154688671,"service":"flydea-api","msg":"Mapped {/ctm/urban-furniture, GET} route"}
{"level":30,"time":1775154688671,"service":"flydea-api","msg":"Mapped {/ctm/urban-furniture/geojson, GET} route"}
{"level":30,"time":1775154688671,"service":"flydea-api","msg":"Mapped {/ctm/urban-furniture/:id, GET} route"}
{"level":30,"time":1775154688671,"service":"flydea-api","msg":"Mapped {/ctm/urban-furniture, POST} route"}
{"level":30,"time":1775154688671,"service":"flydea-api","msg":"Mapped {/ctm/urban-furniture/:id, PATCH} route"}
{"level":30,"time":1775154688671,"service":"flydea-api","msg":"Mapped {/ctm/urban-furniture/:id, DELETE} route"}
{"level":30,"time":1775154688671,"service":"flydea-api","msg":"ZonesController {/pgv/zones}:"}
{"level":30,"time":1775154688671,"service":"flydea-api","msg":"Mapped {/pgv/zones, GET} route"}
{"level":30,"time":1775154688671,"service":"flydea-api","msg":"Mapped {/pgv/zones/geojson, GET} route"}
{"level":30,"time":1775154688671,"service":"flydea-api","msg":"Mapped {/pgv/zones/:id, GET} route"}
{"level":30,"time":1775154688671,"service":"flydea-api","msg":"Mapped {/pgv/zones, POST} route"}
{"level":30,"time":1775154688671,"service":"flydea-api","msg":"Mapped {/pgv/zones/:id, PATCH} route"}
{"level":30,"time":1775154688671,"service":"flydea-api","msg":"Mapped {/pgv/zones/:id, DELETE} route"}
{"level":30,"time":1775154688671,"service":"flydea-api","msg":"Mapped {/pgv/zones/import, POST} route"}
{"level":30,"time":1775154688671,"service":"flydea-api","msg":"FacesController {/pgv/faces}:"}
{"level":30,"time":1775154688671,"service":"flydea-api","msg":"Mapped {/pgv/faces, GET} route"}
{"level":30,"time":1775154688671,"service":"flydea-api","msg":"Mapped {/pgv/faces/geojson, GET} route"}
{"level":30,"time":1775154688671,"service":"flydea-api","msg":"Mapped {/pgv/faces/:id, GET} route"}
{"level":30,"time":1775154688671,"service":"flydea-api","msg":"Mapped {/pgv/faces, POST} route"}
{"level":30,"time":1775154688671,"service":"flydea-api","msg":"Mapped {/pgv/faces/:id, PATCH} route"}
{"level":30,"time":1775154688671,"service":"flydea-api","msg":"Mapped {/pgv/faces/:id, DELETE} route"}
{"level":30,"time":1775154688671,"service":"flydea-api","msg":"Mapped {/pgv/faces/import, POST} route"}
{"level":30,"time":1775154688671,"service":"flydea-api","msg":"FactorsController {/pgv/factors}:"}
{"level":30,"time":1775154688671,"service":"flydea-api","msg":"Mapped {/pgv/factors, GET} route"}
{"level":30,"time":1775154688671,"service":"flydea-api","msg":"Mapped {/pgv/factors/:id, GET} route"}
{"level":30,"time":1775154688671,"service":"flydea-api","msg":"Mapped {/pgv/factors, POST} route"}
{"level":30,"time":1775154688671,"service":"flydea-api","msg":"Mapped {/pgv/factors/:id, PATCH} route"}
{"level":30,"time":1775154688671,"service":"flydea-api","msg":"Mapped {/pgv/factors/:id, DELETE} route"}
{"level":30,"time":1775154688671,"service":"flydea-api","msg":"FactorSetsController {/pgv/factor-sets}:"}
{"level":30,"time":1775154688671,"service":"flydea-api","msg":"Mapped {/pgv/factor-sets, GET} route"}
{"level":30,"time":1775154688671,"service":"flydea-api","msg":"Mapped {/pgv/factor-sets, PUT} route"}
{"level":30,"time":1775154688671,"service":"flydea-api","msg":"VersionsController {/pgv/versions}:"}
{"level":30,"time":1775154688671,"service":"flydea-api","msg":"Mapped {/pgv/versions, GET} route"}
{"level":30,"time":1775154688671,"service":"flydea-api","msg":"Mapped {/pgv/versions/active, GET} route"}
{"level":30,"time":1775154688671,"service":"flydea-api","msg":"Mapped {/pgv/versions/:id, GET} route"}
{"level":30,"time":1775154688671,"service":"flydea-api","msg":"Mapped {/pgv/versions, POST} route"}
{"level":30,"time":1775154688671,"service":"flydea-api","msg":"Mapped {/pgv/versions/:id, PATCH} route"}
{"level":30,"time":1775154688671,"service":"flydea-api","msg":"ValuationsController {/pgv/valuations}:"}
{"level":30,"time":1775154688671,"service":"flydea-api","msg":"Mapped {/pgv/valuations, GET} route"}
{"level":30,"time":1775154688671,"service":"flydea-api","msg":"Mapped {/pgv/valuations/parcel/:id, GET} route"}
{"level":30,"time":1775154688671,"service":"flydea-api","msg":"Mapped {/pgv/valuations/parcel/:id/trace, GET} route"}
{"level":30,"time":1775154688671,"service":"flydea-api","msg":"Mapped {/pgv/valuations/calculate, POST} route"}
{"level":30,"time":1775154688671,"service":"flydea-api","msg":"Mapped {/pgv/valuations/export/csv, GET} route"}
{"level":30,"time":1775154688671,"service":"flydea-api","msg":"Mapped {/pgv/valuations/export/geojson, GET} route"}
{"level":30,"time":1775154688671,"service":"flydea-api","msg":"Mapped {/pgv/valuations/impact-report, GET} route"}
{"level":30,"time":1775154688671,"service":"flydea-api","msg":"PgvController {/pgv}:"}
{"level":30,"time":1775154688671,"service":"flydea-api","msg":"Mapped {/pgv/calculate, POST} route"}
{"level":30,"time":1775154688671,"service":"flydea-api","msg":"Mapped {/pgv/recalculate-batch, POST} route"}
{"level":30,"time":1775154688671,"service":"flydea-api","msg":"Mapped {/pgv/report.csv, GET} route"}
{"level":30,"time":1775154688671,"service":"flydea-api","msg":"Mapped {/pgv/parcels.geojson, GET} route"}
{"level":30,"time":1775154688671,"service":"flydea-api","msg":"RoadsController {/osm/roads}:"}
{"level":30,"time":1775154688671,"service":"flydea-api","msg":"Mapped {/osm/roads, GET} route"}
{"level":30,"time":1775154688671,"service":"flydea-api","msg":"Mapped {/osm/roads/geojson, GET} route"}
{"level":30,"time":1775154688671,"service":"flydea-api","msg":"ProjectRoadsController {/api/projects/:projectId/roads}:"}
{"level":30,"time":1775154688671,"service":"flydea-api","msg":"Mapped {/api/projects/:projectId/roads, GET} route"}
{"level":30,"time":1775154688671,"service":"flydea-api","msg":"Mapped {/api/projects/:projectId/roads/geojson, GET} route"}
{"level":30,"time":1775154688671,"service":"flydea-api","msg":"BuildingsController {/osm/buildings}:"}
{"level":30,"time":1775154688671,"service":"flydea-api","msg":"Mapped {/osm/buildings, GET} route"}
{"level":30,"time":1775154688671,"service":"flydea-api","msg":"Mapped {/osm/buildings/geojson, GET} route"}
{"level":30,"time":1775154688671,"service":"flydea-api","msg":"ProjectBuildingsController {/api/projects/:projectId/buildings}:"}
{"level":30,"time":1775154688671,"service":"flydea-api","msg":"Mapped {/api/projects/:projectId/buildings, GET} route"}
{"level":30,"time":1775154688671,"service":"flydea-api","msg":"Mapped {/api/projects/:projectId/buildings/geojson, GET} route"}
{"level":30,"time":1775154688671,"service":"flydea-api","msg":"MapFeaturesController {/map-features}:"}
{"level":30,"time":1775154688671,"service":"flydea-api","msg":"Mapped {/map-features, POST} route"}
{"level":30,"time":1775154688671,"service":"flydea-api","msg":"Mapped {/map-features/:id, PATCH} route"}
{"level":30,"time":1775154688671,"service":"flydea-api","msg":"Mapped {/map-features/:id, DELETE} route"}
{"level":30,"time":1775154688671,"service":"flydea-api","msg":"Mapped {/map-features/geojson, GET} route"}
{"level":30,"time":1775154688671,"service":"flydea-api","msg":"MetricsController {/metrics}:"}
{"level":30,"time":1775154688671,"service":"flydea-api","msg":"Mapped {/metrics, GET} route"}
{"level":30,"time":1775154688671,"service":"flydea-api","msg":"ComplianceController {/compliance}:"}
{"level":30,"time":1775154688671,"service":"flydea-api","msg":"Mapped {/compliance, GET} route"}
{"level":30,"time":1775154688671,"service":"flydea-api","msg":"Mapped {/compliance/company, PUT} route"}
{"level":30,"time":1775154688671,"service":"flydea-api","msg":"Mapped {/compliance/responsibles, POST} route"}
{"level":30,"time":1775154688671,"service":"flydea-api","msg":"Mapped {/compliance/responsibles/:id, PATCH} route"}
{"level":30,"time":1775154688671,"service":"flydea-api","msg":"Mapped {/compliance/responsibles/:id, DELETE} route"}
{"level":30,"time":1775154688671,"service":"flydea-api","msg":"Mapped {/compliance/art-rrt, POST} route"}
{"level":30,"time":1775154688671,"service":"flydea-api","msg":"Mapped {/compliance/art-rrt/:id, PATCH} route"}
{"level":30,"time":1775154688671,"service":"flydea-api","msg":"Mapped {/compliance/art-rrt/:id, DELETE} route"}
{"level":30,"time":1775154688671,"service":"flydea-api","msg":"Mapped {/compliance/cats, POST} route"}
{"level":30,"time":1775154688671,"service":"flydea-api","msg":"Mapped {/compliance/cats/:id, PATCH} route"}
{"level":30,"time":1775154688671,"service":"flydea-api","msg":"Mapped {/compliance/cats/:id, DELETE} route"}
{"level":30,"time":1775154688671,"service":"flydea-api","msg":"Mapped {/compliance/team, POST} route"}
{"level":30,"time":1775154688671,"service":"flydea-api","msg":"Mapped {/compliance/team/:id, PATCH} route"}
{"level":30,"time":1775154688671,"service":"flydea-api","msg":"Mapped {/compliance/team/:id, DELETE} route"}
{"level":30,"time":1775154688671,"service":"flydea-api","msg":"Mapped {/compliance/checklist, PUT} route"}
{"level":30,"time":1775154688671,"service":"flydea-api","msg":"TaxIntegrationController {/tax-integration}:"}
{"level":30,"time":1775154688671,"service":"flydea-api","msg":"Mapped {/tax-integration/echo, GET} route"}
{"level":30,"time":1775154688671,"service":"flydea-api","msg":"Mapped {/tax-integration/echo, POST} route"}
{"level":30,"time":1775154688671,"service":"flydea-api","msg":"Mapped {/tax-integration/connectors, GET} route"}
{"level":30,"time":1775154688671,"service":"flydea-api","msg":"Mapped {/tax-integration/connectors, POST} route"}
{"level":30,"time":1775154688671,"service":"flydea-api","msg":"Mapped {/tax-integration/connectors/:id, PATCH} route"}
{"level":30,"time":1775154688671,"service":"flydea-api","msg":"Mapped {/tax-integration/connectors/:id/test-connection, POST} route"}
{"level":30,"time":1775154688671,"service":"flydea-api","msg":"Mapped {/tax-integration/connectors/:id/run-sync, POST} route"}
{"level":30,"time":1775154688671,"service":"flydea-api","msg":"Mapped {/tax-integration/connectors/:id/logs, GET} route"}
{"level":30,"time":1775154688671,"service":"flydea-api","msg":"NotificationsLettersController {/notifications-letters}:"}
{"level":30,"time":1775154688671,"service":"flydea-api","msg":"Mapped {/notifications-letters/templates, GET} route"}
{"level":30,"time":1775154688671,"service":"flydea-api","msg":"Mapped {/notifications-letters/templates, POST} route"}
{"level":30,"time":1775154688671,"service":"flydea-api","msg":"Mapped {/notifications-letters/templates/:id, PATCH} route"}
{"level":30,"time":1775154688671,"service":"flydea-api","msg":"Mapped {/notifications-letters/templates/preview, POST} route"}
{"level":30,"time":1775154688671,"service":"flydea-api","msg":"Mapped {/notifications-letters/batches/generate, POST} route"}
{"level":30,"time":1775154688671,"service":"flydea-api","msg":"Mapped {/notifications-letters/batches, GET} route"}
{"level":30,"time":1775154688671,"service":"flydea-api","msg":"Mapped {/notifications-letters/batches/:id, GET} route"}
{"level":30,"time":1775154688671,"service":"flydea-api","msg":"Mapped {/notifications-letters/batches/:batchId/letters/:letterId/status, PATCH} route"}
{"level":30,"time":1775154688671,"service":"flydea-api","msg":"Mapped {/notifications-letters/batches/:batchId/letters/:letterId/download, GET} route"}
{"level":30,"time":1775154688671,"service":"flydea-api","msg":"SurveysController {/surveys}:"}
{"level":30,"time":1775154688671,"service":"flydea-api","msg":"Mapped {/surveys, GET} route"}
{"level":30,"time":1775154688671,"service":"flydea-api","msg":"Mapped {/surveys/:id, GET} route"}
{"level":30,"time":1775154688671,"service":"flydea-api","msg":"Mapped {/surveys, POST} route"}
{"level":30,"time":1775154688671,"service":"flydea-api","msg":"Mapped {/surveys/:id, PATCH} route"}
{"level":30,"time":1775154688671,"service":"flydea-api","msg":"Mapped {/surveys/:id/files/presign-upload, POST} route"}
{"level":30,"time":1775154688671,"service":"flydea-api","msg":"Mapped {/surveys/:id/files/complete, POST} route"}
{"level":30,"time":1775154688671,"service":"flydea-api","msg":"Mapped {/surveys/:id/files, GET} route"}
{"level":30,"time":1775154688671,"service":"flydea-api","msg":"Mapped {/surveys/:id/files/:fileId/download, GET} route"}
{"level":30,"time":1775154688671,"service":"flydea-api","msg":"Mapped {/surveys/:id/qa, PATCH} route"}
{"level":30,"time":1775154688671,"service":"flydea-api","msg":"Mapped {/surveys/:id/publish, POST} route"}
{"level":30,"time":1775154688671,"service":"flydea-api","msg":"MobileController {/mobile}:"}
{"level":30,"time":1775154688671,"service":"flydea-api","msg":"Mapped {/mobile/ctm-sync, POST} route"}
{"level":30,"time":1775154688671,"service":"flydea-api","msg":"Mapped {/mobile/ctm-sync, GET} route"}
{"level":30,"time":1775154688671,"service":"flydea-api","msg":"Mapped {/mobile/dashboard, GET} route"}
{"level":30,"time":1775154688671,"service":"flydea-api","msg":"PocController {/poc}:"}
{"level":30,"time":1775154688671,"service":"flydea-api","msg":"Mapped {/poc/health, GET} route"}
{"level":30,"time":1775154688671,"service":"flydea-api","msg":"Mapped {/poc/score, GET} route"}
{"level":30,"time":1775154688671,"service":"flydea-api","msg":"ReurbController {/reurb}:"}
{"level":30,"time":1775154688671,"service":"flydea-api","msg":"Mapped {/reurb/tenant-config, GET} route"}
{"level":30,"time":1775154688671,"service":"flydea-api","msg":"Mapped {/reurb/tenant-config, PUT} route"}
{"level":30,"time":1775154688671,"service":"flydea-api","msg":"Mapped {/reurb/projects, POST} route"}
{"level":30,"time":1775154688671,"service":"flydea-api","msg":"Mapped {/reurb/projects, GET} route"}
{"level":30,"time":1775154688671,"service":"flydea-api","msg":"Mapped {/reurb/projects/:id, PATCH} route"}
{"level":30,"time":1775154688671,"service":"flydea-api","msg":"Mapped {/reurb/families, POST} route"}
{"level":30,"time":1775154688671,"service":"flydea-api","msg":"Mapped {/reurb/families/import.csv, POST} route"}
{"level":30,"time":1775154688671,"service":"flydea-api","msg":"Mapped {/reurb/families, GET} route"}
{"level":30,"time":1775154688671,"service":"flydea-api","msg":"Mapped {/reurb/families/:id, PATCH} route"}
{"level":30,"time":1775154688671,"service":"flydea-api","msg":"Mapped {/reurb/families/export.csv, POST} route"}
{"level":30,"time":1775154688671,"service":"flydea-api","msg":"Mapped {/reurb/families/export.xlsx, POST} route"}
{"level":30,"time":1775154688671,"service":"flydea-api","msg":"Mapped {/reurb/families/export.json, POST} route"}
{"level":30,"time":1775154688671,"service":"flydea-api","msg":"Mapped {/reurb/planilha-sintese/generate, POST} route"}
{"level":30,"time":1775154688671,"service":"flydea-api","msg":"Mapped {/reurb/pendencies, POST} route"}
{"level":30,"time":1775154688671,"service":"flydea-api","msg":"Mapped {/reurb/units, POST} route"}
{"level":30,"time":1775154688671,"service":"flydea-api","msg":"Mapped {/reurb/units, GET} route"}
{"level":30,"time":1775154688671,"service":"flydea-api","msg":"Mapped {/reurb/units/:id, PATCH} route"}
{"level":30,"time":1775154688671,"service":"flydea-api","msg":"Mapped {/reurb/pendencies, GET} route"}
{"level":30,"time":1775154688671,"service":"flydea-api","msg":"Mapped {/reurb/pendencies/:id/status, PATCH} route"}
{"level":30,"time":1775154688671,"service":"flydea-api","msg":"Mapped {/reurb/pendencies/stream, GET} route"}
{"level":30,"time":1775154688671,"service":"flydea-api","msg":"Mapped {/reurb/documents/presign-upload, POST} route"}
{"level":30,"time":1775154688671,"service":"flydea-api","msg":"Mapped {/reurb/documents/complete-upload, POST} route"}
{"level":30,"time":1775154688671,"service":"flydea-api","msg":"Mapped {/reurb/project-documents/presign-upload, POST} route"}
{"level":30,"time":1775154688671,"service":"flydea-api","msg":"Mapped {/reurb/project-documents/complete-upload, POST} route"}
{"level":30,"time":1775154688671,"service":"flydea-api","msg":"Mapped {/reurb/unit-documents/presign-upload, POST} route"}
{"level":30,"time":1775154688671,"service":"flydea-api","msg":"Mapped {/reurb/unit-documents/complete-upload, POST} route"}
{"level":30,"time":1775154688671,"service":"flydea-api","msg":"Mapped {/reurb/dossier, GET} route"}
{"level":30,"time":1775154688671,"service":"flydea-api","msg":"Mapped {/reurb/notification-templates, GET} route"}
{"level":30,"time":1775154688671,"service":"flydea-api","msg":"Mapped {/reurb/notification-templates, POST} route"}
{"level":30,"time":1775154688671,"service":"flydea-api","msg":"Mapped {/reurb/notification-templates/:id, PATCH} route"}
{"level":30,"time":1775154688671,"service":"flydea-api","msg":"Mapped {/reurb/notifications, GET} route"}
{"level":30,"time":1775154688671,"service":"flydea-api","msg":"Mapped {/reurb/notifications/send-email, POST} route"}
{"level":30,"time":1775154688671,"service":"flydea-api","msg":"Mapped {/reurb/notifications/evidence/presign-upload, POST} route"}
{"level":30,"time":1775154688671,"service":"flydea-api","msg":"Mapped {/reurb/notifications/:id/evidence, POST} route"}
{"level":30,"time":1775154688671,"service":"flydea-api","msg":"Mapped {/reurb/integrations/ping, POST} route"}
{"level":30,"time":1775154688671,"service":"flydea-api","msg":"Mapped {/reurb/cartorio/package, POST} route"}
{"level":30,"time":1775154688671,"service":"flydea-api","msg":"Mapped {/reurb/deliverables, GET} route"}
{"level":30,"time":1775154688671,"service":"flydea-api","msg":"Mapped {/reurb/deliverables/:id/download, GET} route"}
{"level":30,"time":1775154688671,"service":"flydea-api","msg":"Mapped {/reurb/audit, GET} route"}
{"level":30,"time":1775154688671,"service":"flydea-api","msg":"CertificatesController {/certificates}:"}
{"level":30,"time":1775154688671,"service":"flydea-api","msg":"Mapped {/certificates, GET} route"}
{"level":30,"time":1775154688671,"service":"flydea-api","msg":"Mapped {/certificates/validate/:code, GET} route"}
{"level":30,"time":1775154688671,"service":"flydea-api","msg":"Mapped {/certificates/validate, GET} route"}
{"level":30,"time":1775154688671,"service":"flydea-api","msg":"Mapped {/certificates/:id, GET} route"}
{"level":30,"time":1775154688671,"service":"flydea-api","msg":"Mapped {/certificates, POST} route"}
{"level":30,"time":1775154688671,"service":"flydea-api","msg":"MonitoringController {/monitoring}:"}
{"level":30,"time":1775154688671,"service":"flydea-api","msg":"Mapped {/monitoring/events, GET} route"}
{"level":30,"time":1775154688671,"service":"flydea-api","msg":"Mapped {/monitoring/events, POST} route"}
{"level":30,"time":1775154688671,"service":"flydea-api","msg":"Mapped {/monitoring/events/:id, GET} route"}
{"level":30,"time":1775154688671,"service":"flydea-api","msg":"Mapped {/monitoring/events/:id, PATCH} route"}
{"level":30,"time":1775154688671,"service":"flydea-api","msg":"Mapped {/monitoring/events/:id/triage, POST} route"}
{"level":30,"time":1775154688671,"service":"flydea-api","msg":"Mapped {/monitoring/events/:id/assign, POST} route"}
{"level":30,"time":1775154688671,"service":"flydea-api","msg":"Mapped {/monitoring/events/:id/notify, POST} route"}
{"level":30,"time":1775154688671,"service":"flydea-api","msg":"Mapped {/monitoring/events/:id/close, POST} route"}
{"level":30,"time":1775154688671,"service":"flydea-api","msg":"Mapped {/monitoring/dashboard, GET} route"}
{"level":30,"time":1775154688671,"service":"flydea-api","msg":"ObservatoryController {/observatory}:"}
{"level":30,"time":1775154688671,"service":"flydea-api","msg":"Mapped {/observatory/market, GET} route"}
{"level":30,"time":1775154688671,"service":"flydea-api","msg":"Mapped {/observatory/market/export.csv, GET} route"}
{"level":30,"time":1775154688671,"service":"flydea-api","msg":"IntegrationHubController {/integration-hub}:"}
{"level":30,"time":1775154688671,"service":"flydea-api","msg":"Mapped {/integration-hub/adapters, GET} route"}
{"level":30,"time":1775154688671,"service":"flydea-api","msg":"Mapped {/integration-hub/portal-links, GET} route"}
{"level":30,"time":1775154688671,"service":"flydea-api","msg":"Mapped {/integration-hub/portal-link, POST} route"}
{"level":30,"time":1775154688671,"service":"flydea-api","msg":"Mapped {/integration-hub/oidc-link, POST} route"}
{"level":30,"time":1775154688671,"service":"flydea-api","msg":"Nest application successfully started"}
{"level":30,"time":1775154688674,"service":"flydea-api","msg":"API started on port 4000"}
[2J[3J[H[[90m3:32:32 PM[0m] File change detected. Starting incremental compilation...

[91merror[0m[90m TS2688: [0mCannot find type definition file for 'geojson'.
  The file is in the program because:
    Entry point for implicit type library 'geojson'

[91merror[0m[90m TS2688: [0mCannot find type definition file for 'geojson-vt'.
  The file is in the program because:
    Entry point for implicit type library 'geojson-vt'

[91merror[0m[90m TS2688: [0mCannot find type definition file for 'mapbox__point-geometry'.
  The file is in the program because:
    Entry point for implicit type library 'mapbox__point-geometry'

[91merror[0m[90m TS2688: [0mCannot find type definition file for 'mapbox__vector-tile'.
  The file is in the program because:
    Entry point for implicit type library 'mapbox__vector-tile'

[91merror[0m[90m TS2688: [0mCannot find type definition file for 'pbf'.
  The file is in the program because:
    Entry point for implicit type library 'pbf'

[91merror[0m[90m TS2688: [0mCannot find type definition file for 'prop-types'.
  The file is in the program because:
    Entry point for implicit type library 'prop-types'

[91merror[0m[90m TS2688: [0mCannot find type definition file for 'react'.
  The file is in the program because:
    Entry point for implicit type library 'react'

[91merror[0m[90m TS2688: [0mCannot find type definition file for 'react-dom'.
  The file is in the program because:
    Entry point for implicit type library 'react-dom'

[91merror[0m[90m TS2688: [0mCannot find type definition file for 'supercluster'.
  The file is in the program because:
    Entry point for implicit type library 'supercluster'

[91merror[0m[90m TS2688: [0mCannot find type definition file for 'whatwg-url'.
  The file is in the program because:
    Entry point for implicit type library 'whatwg-url'

[[90m3:32:33 PM[0m] Found 10 errors. Watching for file changes.

(node:66381) [MONGOOSE] Warning: `errors` is a reserved schema pathname and may break some functionality. You are allowed to use it, but use at your own risk. To disable this warning pass `suppressReservedKeysWarning` as a schema option.
(Use `node --trace-warnings ...` to show where the warning was created)
{"level":30,"time":1775154755424,"service":"flydea-api","msg":"Starting Nest application..."}
{"level":30,"time":1775154755425,"service":"flydea-api","msg":"LoggerModule dependencies initialized"}
{"level":30,"time":1775154755425,"service":"flydea-api","msg":"MongooseModule dependencies initialized"}
{"level":30,"time":1775154755425,"service":"flydea-api","msg":"JwtModule dependencies initialized"}
{"level":30,"time":1775154755425,"service":"flydea-api","msg":"ConfigHostModule dependencies initialized"}
{"level":30,"time":1775154755425,"service":"flydea-api","msg":"SharedModule dependencies initialized"}
{"level":30,"time":1775154755425,"service":"flydea-api","msg":"MetricsModule dependencies initialized"}
{"level":30,"time":1775154755425,"service":"flydea-api","msg":"PocModule dependencies initialized"}
{"level":30,"time":1775154755425,"service":"flydea-api","msg":"ConfigModule dependencies initialized"}
{"level":30,"time":1775154755425,"service":"flydea-api","msg":"AppModule dependencies initialized"}
{"level":30,"time":1775154755425,"service":"flydea-api","msg":"MongooseCoreModule dependencies initialized"}
{"level":30,"time":1775154755425,"service":"flydea-api","msg":"MongooseModule dependencies initialized"}
{"level":30,"time":1775154755425,"service":"flydea-api","msg":"MongooseModule dependencies initialized"}
{"level":30,"time":1775154755425,"service":"flydea-api","msg":"MongooseModule dependencies initialized"}
{"level":30,"time":1775154755425,"service":"flydea-api","msg":"MongooseModule dependencies initialized"}
{"level":30,"time":1775154755425,"service":"flydea-api","msg":"MongooseModule dependencies initialized"}
{"level":30,"time":1775154755425,"service":"flydea-api","msg":"MongooseModule dependencies initialized"}
{"level":30,"time":1775154755425,"service":"flydea-api","msg":"MongooseModule dependencies initialized"}
{"level":30,"time":1775154755425,"service":"flydea-api","msg":"MongooseModule dependencies initialized"}
{"level":30,"time":1775154755425,"service":"flydea-api","msg":"MongooseModule dependencies initialized"}
{"level":30,"time":1775154755425,"service":"flydea-api","msg":"MongooseModule dependencies initialized"}
{"level":30,"time":1775154755425,"service":"flydea-api","msg":"MongooseModule dependencies initialized"}
{"level":30,"time":1775154755425,"service":"flydea-api","msg":"MongooseModule dependencies initialized"}
{"level":30,"time":1775154755425,"service":"flydea-api","msg":"MongooseModule dependencies initialized"}
{"level":30,"time":1775154755425,"service":"flydea-api","msg":"MongooseModule dependencies initialized"}
{"level":30,"time":1775154755425,"service":"flydea-api","msg":"MongooseModule dependencies initialized"}
{"level":30,"time":1775154755425,"service":"flydea-api","msg":"MongooseModule dependencies initialized"}
{"level":30,"time":1775154755425,"service":"flydea-api","msg":"MongooseModule dependencies initialized"}
{"level":30,"time":1775154755425,"service":"flydea-api","msg":"MongooseModule dependencies initialized"}
{"level":30,"time":1775154755425,"service":"flydea-api","msg":"MongooseModule dependencies initialized"}
{"level":30,"time":1775154755425,"service":"flydea-api","msg":"MongooseModule dependencies initialized"}
{"level":30,"time":1775154755425,"service":"flydea-api","msg":"MongooseModule dependencies initialized"}
{"level":30,"time":1775154755425,"service":"flydea-api","msg":"MongooseModule dependencies initialized"}
{"level":30,"time":1775154755425,"service":"flydea-api","msg":"MongooseModule dependencies initialized"}
{"level":30,"time":1775154755425,"service":"flydea-api","msg":"MongooseModule dependencies initialized"}
{"level":30,"time":1775154755425,"service":"flydea-api","msg":"MongooseModule dependencies initialized"}
{"level":30,"time":1775154755425,"service":"flydea-api","msg":"MongooseModule dependencies initialized"}
{"level":30,"time":1775154755425,"service":"flydea-api","msg":"MongooseModule dependencies initialized"}
{"level":30,"time":1775154755425,"service":"flydea-api","msg":"MongooseModule dependencies initialized"}
{"level":30,"time":1775154755425,"service":"flydea-api","msg":"MongooseModule dependencies initialized"}
{"level":30,"time":1775154755425,"service":"flydea-api","msg":"MongooseModule dependencies initialized"}
{"level":30,"time":1775154755425,"service":"flydea-api","msg":"HealthModule dependencies initialized"}
{"level":30,"time":1775154755425,"service":"flydea-api","msg":"UploadsModule dependencies initialized"}
{"level":30,"time":1775154755425,"service":"flydea-api","msg":"AreasModule dependencies initialized"}
{"level":30,"time":1775154755425,"service":"flydea-api","msg":"OsmModule dependencies initialized"}
{"level":30,"time":1775154755425,"service":"flydea-api","msg":"UsersModule dependencies initialized"}
{"level":30,"time":1775154755425,"service":"flydea-api","msg":"TenantsModule dependencies initialized"}
{"level":30,"time":1775154755425,"service":"flydea-api","msg":"MembershipsModule dependencies initialized"}
{"level":30,"time":1775154755425,"service":"flydea-api","msg":"ProcessesModule dependencies initialized"}
{"level":30,"time":1775154755425,"service":"flydea-api","msg":"AlertsModule dependencies initialized"}
{"level":30,"time":1775154755425,"service":"flydea-api","msg":"AssetsModule dependencies initialized"}
{"level":30,"time":1775154755425,"service":"flydea-api","msg":"ProjectsModule dependencies initialized"}
{"level":30,"time":1775154755425,"service":"flydea-api","msg":"CemeteryModule dependencies initialized"}
{"level":30,"time":1775154755425,"service":"flydea-api","msg":"LayersModule dependencies initialized"}
{"level":30,"time":1775154755425,"service":"flydea-api","msg":"CertificatesModule dependencies initialized"}
{"level":30,"time":1775154755425,"service":"flydea-api","msg":"IntegrationHubModule dependencies initialized"}
{"level":30,"time":1775154755425,"service":"flydea-api","msg":"MonitoringModule dependencies initialized"}
{"level":30,"time":1775154755425,"service":"flydea-api","msg":"PermitsBusinessModule dependencies initialized"}
{"level":30,"time":1775154755425,"service":"flydea-api","msg":"EnvironmentModule dependencies initialized"}
{"level":30,"time":1775154755425,"service":"flydea-api","msg":"PublicWorksModule dependencies initialized"}
{"level":30,"time":1775154755425,"service":"flydea-api","msg":"ComplianceModule dependencies initialized"}
{"level":30,"time":1775154755425,"service":"flydea-api","msg":"TaxIntegrationModule dependencies initialized"}
{"level":30,"time":1775154755425,"service":"flydea-api","msg":"SurveysModule dependencies initialized"}
{"level":30,"time":1775154755425,"service":"flydea-api","msg":"ReurbModule dependencies initialized"}
{"level":30,"time":1775154755425,"service":"flydea-api","msg":"PermitsWorksModule dependencies initialized"}
{"level":30,"time":1775154755425,"service":"flydea-api","msg":"NotificationsLettersModule dependencies initialized"}
{"level":30,"time":1775154755425,"service":"flydea-api","msg":"MobileModule dependencies initialized"}
{"level":30,"time":1775154755425,"service":"flydea-api","msg":"Citizen156Module dependencies initialized"}
{"level":30,"time":1775154755425,"service":"flydea-api","msg":"MapFeaturesModule dependencies initialized"}
{"level":30,"time":1775154755425,"service":"flydea-api","msg":"AuthModule dependencies initialized"}
{"level":30,"time":1775154755425,"service":"flydea-api","msg":"ObservatoryModule dependencies initialized"}
{"level":30,"time":1775154755425,"service":"flydea-api","msg":"CtmModule dependencies initialized"}
{"level":30,"time":1775154755425,"service":"flydea-api","msg":"PgvModule dependencies initialized"}
{"level":30,"time":1775154755425,"service":"flydea-api","msg":"DashboardModule dependencies initialized"}
{"level":30,"time":1775154755425,"service":"flydea-api","msg":"AuthController {/auth}:"}
{"level":30,"time":1775154755425,"service":"flydea-api","msg":"Mapped {/auth/login, POST} route"}
{"level":30,"time":1775154755425,"service":"flydea-api","msg":"Mapped {/auth/refresh, POST} route"}
{"level":30,"time":1775154755425,"service":"flydea-api","msg":"Mapped {/auth/logout, POST} route"}
{"level":30,"time":1775154755425,"service":"flydea-api","msg":"Mapped {/auth/portal/exchange, POST} route"}
{"level":30,"time":1775154755425,"service":"flydea-api","msg":"Mapped {/auth/portal/logout, POST} route"}
{"level":30,"time":1775154755425,"service":"flydea-api","msg":"Mapped {/auth/oidc/authorize, POST} route"}
{"level":30,"time":1775154755425,"service":"flydea-api","msg":"Mapped {/auth/oidc/callback, POST} route"}
{"level":30,"time":1775154755425,"service":"flydea-api","msg":"Mapped {/auth/forgot-password, POST} route"}
{"level":30,"time":1775154755425,"service":"flydea-api","msg":"Mapped {/auth/reset-password, POST} route"}
{"level":30,"time":1775154755425,"service":"flydea-api","msg":"Mapped {/auth/change-password, POST} route"}
{"level":30,"time":1775154755425,"service":"flydea-api","msg":"Mapped {/auth/session, GET} route"}
{"level":30,"time":1775154755425,"service":"flydea-api","msg":"Mapped {/auth/institutional-readiness, GET} route"}
{"level":30,"time":1775154755425,"service":"flydea-api","msg":"UsersController {/admin/users}:"}
{"level":30,"time":1775154755425,"service":"flydea-api","msg":"Mapped {/admin/users, POST} route"}
{"level":30,"time":1775154755425,"service":"flydea-api","msg":"TenantsController {/tenants}:"}
{"level":30,"time":1775154755425,"service":"flydea-api","msg":"Mapped {/tenants, POST} route"}
{"level":30,"time":1775154755425,"service":"flydea-api","msg":"Mapped {/tenants/me, GET} route"}
{"level":30,"time":1775154755425,"service":"flydea-api","msg":"MembershipsController {/admin/memberships}:"}
{"level":30,"time":1775154755425,"service":"flydea-api","msg":"Mapped {/admin/memberships, POST} route"}
{"level":30,"time":1775154755425,"service":"flydea-api","msg":"ProcessesController {/processes}:"}
{"level":30,"time":1775154755425,"service":"flydea-api","msg":"Mapped {/processes, GET} route"}
{"level":30,"time":1775154755425,"service":"flydea-api","msg":"Mapped {/processes/:id, GET} route"}
{"level":30,"time":1775154755425,"service":"flydea-api","msg":"Mapped {/processes, POST} route"}
{"level":30,"time":1775154755425,"service":"flydea-api","msg":"Mapped {/processes/:id, PATCH} route"}
{"level":30,"time":1775154755425,"service":"flydea-api","msg":"Mapped {/processes/:id/transition, POST} route"}
{"level":30,"time":1775154755425,"service":"flydea-api","msg":"Mapped {/processes/:id/events, GET} route"}
{"level":30,"time":1775154755425,"service":"flydea-api","msg":"Mapped {/processes/:id, DELETE} route"}
{"level":30,"time":1775154755425,"service":"flydea-api","msg":"AlertsController {/alerts}:"}
{"level":30,"time":1775154755425,"service":"flydea-api","msg":"Mapped {/alerts, GET} route"}
{"level":30,"time":1775154755425,"service":"flydea-api","msg":"Mapped {/alerts/:id, GET} route"}
{"level":30,"time":1775154755425,"service":"flydea-api","msg":"Mapped {/alerts, POST} route"}
{"level":30,"time":1775154755425,"service":"flydea-api","msg":"Mapped {/alerts/:id, PATCH} route"}
{"level":30,"time":1775154755425,"service":"flydea-api","msg":"Mapped {/alerts/:id/ack, POST} route"}
{"level":30,"time":1775154755425,"service":"flydea-api","msg":"Mapped {/alerts/:id/resolve, POST} route"}
{"level":30,"time":1775154755425,"service":"flydea-api","msg":"Mapped {/alerts/:id, DELETE} route"}
{"level":30,"time":1775154755425,"service":"flydea-api","msg":"Mapped {/alerts/:id/stage, POST} route"}
{"level":30,"time":1775154755425,"service":"flydea-api","msg":"AssetsController {/assets}:"}
{"level":30,"time":1775154755425,"service":"flydea-api","msg":"Mapped {/assets, GET} route"}
{"level":30,"time":1775154755425,"service":"flydea-api","msg":"Mapped {/assets/:id, GET} route"}
{"level":30,"time":1775154755425,"service":"flydea-api","msg":"Mapped {/assets, POST} route"}
{"level":30,"time":1775154755425,"service":"flydea-api","msg":"Mapped {/assets/:id, PATCH} route"}
{"level":30,"time":1775154755425,"service":"flydea-api","msg":"Mapped {/assets/:id, DELETE} route"}
{"level":30,"time":1775154755425,"service":"flydea-api","msg":"DashboardController {/dashboard}:"}
{"level":30,"time":1775154755425,"service":"flydea-api","msg":"Mapped {/dashboard/kpis, GET} route"}
{"level":30,"time":1775154755425,"service":"flydea-api","msg":"Mapped {/dashboard/executive, GET} route"}
{"level":30,"time":1775154755425,"service":"flydea-api","msg":"Mapped {/dashboard/layout, GET} route"}
{"level":30,"time":1775154755425,"service":"flydea-api","msg":"Mapped {/dashboard/layout, PATCH} route"}
{"level":30,"time":1775154755425,"service":"flydea-api","msg":"PermitsWorksController {/permits-works}:"}
{"level":30,"time":1775154755425,"service":"flydea-api","msg":"Mapped {/permits-works, GET} route"}
{"level":30,"time":1775154755425,"service":"flydea-api","msg":"Mapped {/permits-works/:id, GET} route"}
{"level":30,"time":1775154755425,"service":"flydea-api","msg":"Mapped {/permits-works, POST} route"}
{"level":30,"time":1775154755425,"service":"flydea-api","msg":"Mapped {/permits-works/:id, PATCH} route"}
{"level":30,"time":1775154755425,"service":"flydea-api","msg":"Mapped {/permits-works/:id/invoices, POST} route"}
{"level":30,"time":1775154755425,"service":"flydea-api","msg":"Mapped {/permits-works/:id/issue, POST} route"}
{"level":30,"time":1775154755425,"service":"flydea-api","msg":"ProjectsController {/projects}:"}
{"level":30,"time":1775154755425,"service":"flydea-api","msg":"Mapped {/projects, GET} route"}
{"level":30,"time":1775154755425,"service":"flydea-api","msg":"Mapped {/projects/:id, GET} route"}
{"level":30,"time":1775154755425,"service":"flydea-api","msg":"Mapped {/projects, POST} route"}
{"level":30,"time":1775154755425,"service":"flydea-api","msg":"Mapped {/projects/:id, PATCH} route"}
{"level":30,"time":1775154755425,"service":"flydea-api","msg":"PermitsBusinessController {/permits-business}:"}
{"level":30,"time":1775154755425,"service":"flydea-api","msg":"Mapped {/permits-business, GET} route"}
{"level":30,"time":1775154755425,"service":"flydea-api","msg":"Mapped {/permits-business/:id, GET} route"}
{"level":30,"time":1775154755425,"service":"flydea-api","msg":"Mapped {/permits-business, POST} route"}
{"level":30,"time":1775154755425,"service":"flydea-api","msg":"Mapped {/permits-business/:id, PATCH} route"}
{"level":30,"time":1775154755425,"service":"flydea-api","msg":"Mapped {/permits-business/:id/taxes, POST} route"}
{"level":30,"time":1775154755425,"service":"flydea-api","msg":"Mapped {/permits-business/:id/issue, POST} route"}
{"level":30,"time":1775154755425,"service":"flydea-api","msg":"Citizen156Controller {/citizen-156}:"}
{"level":30,"time":1775154755425,"service":"flydea-api","msg":"Mapped {/citizen-156/calls, GET} route"}
{"level":30,"time":1775154755425,"service":"flydea-api","msg":"Mapped {/citizen-156/summary, GET} route"}
{"level":30,"time":1775154755425,"service":"flydea-api","msg":"Mapped {/citizen-156/calls/:id, GET} route"}
{"level":30,"time":1775154755425,"service":"flydea-api","msg":"Mapped {/citizen-156/calls, POST} route"}
{"level":30,"time":1775154755425,"service":"flydea-api","msg":"Mapped {/citizen-156/calls/:id, PATCH} route"}
{"level":30,"time":1775154755425,"service":"flydea-api","msg":"EnvironmentController {/environment}:"}
{"level":30,"time":1775154755425,"service":"flydea-api","msg":"Mapped {/environment/cases, GET} route"}
{"level":30,"time":1775154755425,"service":"flydea-api","msg":"Mapped {/environment/summary, GET} route"}
{"level":30,"time":1775154755425,"service":"flydea-api","msg":"Mapped {/environment/cases/:id, GET} route"}
{"level":30,"time":1775154755425,"service":"flydea-api","msg":"Mapped {/environment/cases, POST} route"}
{"level":30,"time":1775154755425,"service":"flydea-api","msg":"Mapped {/environment/cases/:id, PATCH} route"}
{"level":30,"time":1775154755425,"service":"flydea-api","msg":"Mapped {/environment/cases/:id/report, POST} route"}
{"level":30,"time":1775154755425,"service":"flydea-api","msg":"PublicWorksController {/public-works}:"}
{"level":30,"time":1775154755425,"service":"flydea-api","msg":"Mapped {/public-works, GET} route"}
{"level":30,"time":1775154755425,"service":"flydea-api","msg":"Mapped {/public-works/summary, GET} route"}
{"level":30,"time":1775154755425,"service":"flydea-api","msg":"Mapped {/public-works/:id, GET} route"}
{"level":30,"time":1775154755425,"service":"flydea-api","msg":"Mapped {/public-works, POST} route"}
{"level":30,"time":1775154755425,"service":"flydea-api","msg":"Mapped {/public-works/:id, PATCH} route"}
{"level":30,"time":1775154755425,"service":"flydea-api","msg":"Mapped {/public-works/:id/stage, POST} route"}
{"level":30,"time":1775154755425,"service":"flydea-api","msg":"Mapped {/public-works/:id/measurements, POST} route"}
{"level":30,"time":1775154755425,"service":"flydea-api","msg":"Mapped {/public-works/:id/evidence, POST} route"}
{"level":30,"time":1775154755425,"service":"flydea-api","msg":"Mapped {/public-works/:id, DELETE} route"}
{"level":30,"time":1775154755425,"service":"flydea-api","msg":"CemeteryController {/cemetery}:"}
{"level":30,"time":1775154755425,"service":"flydea-api","msg":"Mapped {/cemetery, GET} route"}
{"level":30,"time":1775154755425,"service":"flydea-api","msg":"Mapped {/cemetery/summary, GET} route"}
{"level":30,"time":1775154755425,"service":"flydea-api","msg":"Mapped {/cemetery/:id, GET} route"}
{"level":30,"time":1775154755425,"service":"flydea-api","msg":"Mapped {/cemetery, POST} route"}
{"level":30,"time":1775154755425,"service":"flydea-api","msg":"Mapped {/cemetery/:id, PATCH} route"}
{"level":30,"time":1775154755425,"service":"flydea-api","msg":"Mapped {/cemetery/:id/documents, POST} route"}
{"level":30,"time":1775154755425,"service":"flydea-api","msg":"Mapped {/cemetery/:id, DELETE} route"}
{"level":30,"time":1775154755425,"service":"flydea-api","msg":"HealthController {/health}:"}
{"level":30,"time":1775154755425,"service":"flydea-api","msg":"Mapped {/health, GET} route"}
{"level":30,"time":1775154755425,"service":"flydea-api","msg":"LayersController {/layers}:"}
{"level":30,"time":1775154755425,"service":"flydea-api","msg":"Mapped {/layers, GET} route"}
{"level":30,"time":1775154755425,"service":"flydea-api","msg":"Mapped {/layers/:id, PATCH} route"}
{"level":30,"time":1775154755425,"service":"flydea-api","msg":"AreasController {/areas}:"}
{"level":30,"time":1775154755425,"service":"flydea-api","msg":"Mapped {/areas, GET} route"}
{"level":30,"time":1775154755425,"service":"flydea-api","msg":"ParcelsController {/ctm/parcels}:"}
{"level":30,"time":1775154755425,"service":"flydea-api","msg":"Mapped {/ctm/parcels, GET} route"}
{"level":30,"time":1775154755425,"service":"flydea-api","msg":"Mapped {/ctm/parcels/pendencias, GET} route"}
{"level":30,"time":1775154755425,"service":"flydea-api","msg":"Mapped {/ctm/parcels/geojson, GET} route"}
{"level":30,"time":1775154755425,"service":"flydea-api","msg":"Mapped {/ctm/parcels/:id, GET} route"}
{"level":30,"time":1775154755425,"service":"flydea-api","msg":"Mapped {/ctm/parcels/:id/summary, GET} route"}
{"level":30,"time":1775154755425,"service":"flydea-api","msg":"Mapped {/ctm/parcels/:id/history, GET} route"}
{"level":30,"time":1775154755425,"service":"flydea-api","msg":"Mapped {/ctm/parcels, POST} route"}
{"level":30,"time":1775154755425,"service":"flydea-api","msg":"Mapped {/ctm/parcels/:id, PATCH} route"}
{"level":30,"time":1775154755425,"service":"flydea-api","msg":"Mapped {/ctm/parcels/:id, DELETE} route"}
{"level":30,"time":1775154755425,"service":"flydea-api","msg":"Mapped {/ctm/parcels/:id/building, PUT} route"}
{"level":30,"time":1775154755425,"service":"flydea-api","msg":"Mapped {/ctm/parcels/:id/socioeconomic, PUT} route"}
{"level":30,"time":1775154755425,"service":"flydea-api","msg":"Mapped {/ctm/parcels/:id/infrastructure, PUT} route"}
{"level":30,"time":1775154755425,"service":"flydea-api","msg":"Mapped {/ctm/parcels/import, POST} route"}
{"level":30,"time":1775154755425,"service":"flydea-api","msg":"ProjectParcelsController {/api/projects/:projectId/parcels}:"}
{"level":30,"time":1775154755425,"service":"flydea-api","msg":"Mapped {/api/projects/:projectId/parcels, GET} route"}
{"level":30,"time":1775154755425,"service":"flydea-api","msg":"Mapped {/api/projects/:projectId/parcels/pendencias, GET} route"}
{"level":30,"time":1775154755425,"service":"flydea-api","msg":"Mapped {/api/projects/:projectId/parcels/geojson, GET} route"}
{"level":30,"time":1775154755425,"service":"flydea-api","msg":"Mapped {/api/projects/:projectId/parcels/:id, GET} route"}
{"level":30,"time":1775154755425,"service":"flydea-api","msg":"Mapped {/api/projects/:projectId/parcels/:id/summary, GET} route"}
{"level":30,"time":1775154755425,"service":"flydea-api","msg":"Mapped {/api/projects/:projectId/parcels/:id/history, GET} route"}
{"level":30,"time":1775154755425,"service":"flydea-api","msg":"Mapped {/api/projects/:projectId/parcels, POST} route"}
{"level":30,"time":1775154755425,"service":"flydea-api","msg":"Mapped {/api/projects/:projectId/parcels/:id, PATCH} route"}
{"level":30,"time":1775154755425,"service":"flydea-api","msg":"Mapped {/api/projects/:projectId/parcels/:id, DELETE} route"}
{"level":30,"time":1775154755425,"service":"flydea-api","msg":"Mapped {/api/projects/:projectId/parcels/:id/building, PUT} route"}
{"level":30,"time":1775154755425,"service":"flydea-api","msg":"Mapped {/api/projects/:projectId/parcels/:id/socioeconomic, PUT} route"}
{"level":30,"time":1775154755425,"service":"flydea-api","msg":"Mapped {/api/projects/:projectId/parcels/:id/infrastructure, PUT} route"}
{"level":30,"time":1775154755425,"service":"flydea-api","msg":"Mapped {/api/projects/:projectId/parcels/import, POST} route"}
{"level":30,"time":1775154755425,"service":"flydea-api","msg":"LogradourosController {/ctm/logradouros}:"}
{"level":30,"time":1775154755425,"service":"flydea-api","msg":"Mapped {/ctm/logradouros, GET} route"}
{"level":30,"time":1775154755425,"service":"flydea-api","msg":"Mapped {/ctm/logradouros/:id, GET} route"}
{"level":30,"time":1775154755425,"service":"flydea-api","msg":"Mapped {/ctm/logradouros, POST} route"}
{"level":30,"time":1775154755425,"service":"flydea-api","msg":"Mapped {/ctm/logradouros/:id, PATCH} route"}
{"level":30,"time":1775154755425,"service":"flydea-api","msg":"Mapped {/ctm/logradouros/:id, DELETE} route"}
{"level":30,"time":1775154755425,"service":"flydea-api","msg":"UrbanFurnitureController {/ctm/urban-furniture}:"}
{"level":30,"time":1775154755425,"service":"flydea-api","msg":"Mapped {/ctm/urban-furniture, GET} route"}
{"level":30,"time":1775154755425,"service":"flydea-api","msg":"Mapped {/ctm/urban-furniture/geojson, GET} route"}
{"level":30,"time":1775154755425,"service":"flydea-api","msg":"Mapped {/ctm/urban-furniture/:id, GET} route"}
{"level":30,"time":1775154755425,"service":"flydea-api","msg":"Mapped {/ctm/urban-furniture, POST} route"}
{"level":30,"time":1775154755425,"service":"flydea-api","msg":"Mapped {/ctm/urban-furniture/:id, PATCH} route"}
{"level":30,"time":1775154755425,"service":"flydea-api","msg":"Mapped {/ctm/urban-furniture/:id, DELETE} route"}
{"level":30,"time":1775154755425,"service":"flydea-api","msg":"ZonesController {/pgv/zones}:"}
{"level":30,"time":1775154755425,"service":"flydea-api","msg":"Mapped {/pgv/zones, GET} route"}
{"level":30,"time":1775154755425,"service":"flydea-api","msg":"Mapped {/pgv/zones/geojson, GET} route"}
{"level":30,"time":1775154755425,"service":"flydea-api","msg":"Mapped {/pgv/zones/:id, GET} route"}
{"level":30,"time":1775154755425,"service":"flydea-api","msg":"Mapped {/pgv/zones, POST} route"}
{"level":30,"time":1775154755425,"service":"flydea-api","msg":"Mapped {/pgv/zones/:id, PATCH} route"}
{"level":30,"time":1775154755425,"service":"flydea-api","msg":"Mapped {/pgv/zones/:id, DELETE} route"}
{"level":30,"time":1775154755425,"service":"flydea-api","msg":"Mapped {/pgv/zones/import, POST} route"}
{"level":30,"time":1775154755425,"service":"flydea-api","msg":"FacesController {/pgv/faces}:"}
{"level":30,"time":1775154755425,"service":"flydea-api","msg":"Mapped {/pgv/faces, GET} route"}
{"level":30,"time":1775154755425,"service":"flydea-api","msg":"Mapped {/pgv/faces/geojson, GET} route"}
{"level":30,"time":1775154755425,"service":"flydea-api","msg":"Mapped {/pgv/faces/:id, GET} route"}
{"level":30,"time":1775154755425,"service":"flydea-api","msg":"Mapped {/pgv/faces, POST} route"}
{"level":30,"time":1775154755425,"service":"flydea-api","msg":"Mapped {/pgv/faces/:id, PATCH} route"}
{"level":30,"time":1775154755425,"service":"flydea-api","msg":"Mapped {/pgv/faces/:id, DELETE} route"}
{"level":30,"time":1775154755425,"service":"flydea-api","msg":"Mapped {/pgv/faces/import, POST} route"}
{"level":30,"time":1775154755425,"service":"flydea-api","msg":"FactorsController {/pgv/factors}:"}
{"level":30,"time":1775154755425,"service":"flydea-api","msg":"Mapped {/pgv/factors, GET} route"}
{"level":30,"time":1775154755425,"service":"flydea-api","msg":"Mapped {/pgv/factors/:id, GET} route"}
{"level":30,"time":1775154755425,"service":"flydea-api","msg":"Mapped {/pgv/factors, POST} route"}
{"level":30,"time":1775154755425,"service":"flydea-api","msg":"Mapped {/pgv/factors/:id, PATCH} route"}
{"level":30,"time":1775154755425,"service":"flydea-api","msg":"Mapped {/pgv/factors/:id, DELETE} route"}
{"level":30,"time":1775154755425,"service":"flydea-api","msg":"FactorSetsController {/pgv/factor-sets}:"}
{"level":30,"time":1775154755425,"service":"flydea-api","msg":"Mapped {/pgv/factor-sets, GET} route"}
{"level":30,"time":1775154755425,"service":"flydea-api","msg":"Mapped {/pgv/factor-sets, PUT} route"}
{"level":30,"time":1775154755425,"service":"flydea-api","msg":"VersionsController {/pgv/versions}:"}
{"level":30,"time":1775154755425,"service":"flydea-api","msg":"Mapped {/pgv/versions, GET} route"}
{"level":30,"time":1775154755425,"service":"flydea-api","msg":"Mapped {/pgv/versions/active, GET} route"}
{"level":30,"time":1775154755425,"service":"flydea-api","msg":"Mapped {/pgv/versions/:id, GET} route"}
{"level":30,"time":1775154755425,"service":"flydea-api","msg":"Mapped {/pgv/versions, POST} route"}
{"level":30,"time":1775154755425,"service":"flydea-api","msg":"Mapped {/pgv/versions/:id, PATCH} route"}
{"level":30,"time":1775154755425,"service":"flydea-api","msg":"ValuationsController {/pgv/valuations}:"}
{"level":30,"time":1775154755425,"service":"flydea-api","msg":"Mapped {/pgv/valuations, GET} route"}
{"level":30,"time":1775154755425,"service":"flydea-api","msg":"Mapped {/pgv/valuations/parcel/:id, GET} route"}
{"level":30,"time":1775154755425,"service":"flydea-api","msg":"Mapped {/pgv/valuations/parcel/:id/trace, GET} route"}
{"level":30,"time":1775154755425,"service":"flydea-api","msg":"Mapped {/pgv/valuations/calculate, POST} route"}
{"level":30,"time":1775154755425,"service":"flydea-api","msg":"Mapped {/pgv/valuations/export/csv, GET} route"}
{"level":30,"time":1775154755425,"service":"flydea-api","msg":"Mapped {/pgv/valuations/export/geojson, GET} route"}
{"level":30,"time":1775154755425,"service":"flydea-api","msg":"Mapped {/pgv/valuations/impact-report, GET} route"}
{"level":30,"time":1775154755425,"service":"flydea-api","msg":"PgvController {/pgv}:"}
{"level":30,"time":1775154755425,"service":"flydea-api","msg":"Mapped {/pgv/calculate, POST} route"}
{"level":30,"time":1775154755425,"service":"flydea-api","msg":"Mapped {/pgv/recalculate-batch, POST} route"}
{"level":30,"time":1775154755425,"service":"flydea-api","msg":"Mapped {/pgv/report.csv, GET} route"}
{"level":30,"time":1775154755425,"service":"flydea-api","msg":"Mapped {/pgv/parcels.geojson, GET} route"}
{"level":30,"time":1775154755425,"service":"flydea-api","msg":"RoadsController {/osm/roads}:"}
{"level":30,"time":1775154755425,"service":"flydea-api","msg":"Mapped {/osm/roads, GET} route"}
{"level":30,"time":1775154755425,"service":"flydea-api","msg":"Mapped {/osm/roads/geojson, GET} route"}
{"level":30,"time":1775154755425,"service":"flydea-api","msg":"ProjectRoadsController {/api/projects/:projectId/roads}:"}
{"level":30,"time":1775154755425,"service":"flydea-api","msg":"Mapped {/api/projects/:projectId/roads, GET} route"}
{"level":30,"time":1775154755425,"service":"flydea-api","msg":"Mapped {/api/projects/:projectId/roads/geojson, GET} route"}
{"level":30,"time":1775154755425,"service":"flydea-api","msg":"BuildingsController {/osm/buildings}:"}
{"level":30,"time":1775154755425,"service":"flydea-api","msg":"Mapped {/osm/buildings, GET} route"}
{"level":30,"time":1775154755425,"service":"flydea-api","msg":"Mapped {/osm/buildings/geojson, GET} route"}
{"level":30,"time":1775154755425,"service":"flydea-api","msg":"ProjectBuildingsController {/api/projects/:projectId/buildings}:"}
{"level":30,"time":1775154755425,"service":"flydea-api","msg":"Mapped {/api/projects/:projectId/buildings, GET} route"}
{"level":30,"time":1775154755425,"service":"flydea-api","msg":"Mapped {/api/projects/:projectId/buildings/geojson, GET} route"}
{"level":30,"time":1775154755425,"service":"flydea-api","msg":"MapFeaturesController {/map-features}:"}
{"level":30,"time":1775154755425,"service":"flydea-api","msg":"Mapped {/map-features, POST} route"}
{"level":30,"time":1775154755425,"service":"flydea-api","msg":"Mapped {/map-features/:id, PATCH} route"}
{"level":30,"time":1775154755426,"service":"flydea-api","msg":"Mapped {/map-features/:id, DELETE} route"}
{"level":30,"time":1775154755426,"service":"flydea-api","msg":"Mapped {/map-features/geojson, GET} route"}
{"level":30,"time":1775154755426,"service":"flydea-api","msg":"MetricsController {/metrics}:"}
{"level":30,"time":1775154755426,"service":"flydea-api","msg":"Mapped {/metrics, GET} route"}
{"level":30,"time":1775154755426,"service":"flydea-api","msg":"ComplianceController {/compliance}:"}
{"level":30,"time":1775154755426,"service":"flydea-api","msg":"Mapped {/compliance, GET} route"}
{"level":30,"time":1775154755426,"service":"flydea-api","msg":"Mapped {/compliance/company, PUT} route"}
{"level":30,"time":1775154755426,"service":"flydea-api","msg":"Mapped {/compliance/responsibles, POST} route"}
{"level":30,"time":1775154755426,"service":"flydea-api","msg":"Mapped {/compliance/responsibles/:id, PATCH} route"}
{"level":30,"time":1775154755426,"service":"flydea-api","msg":"Mapped {/compliance/responsibles/:id, DELETE} route"}
{"level":30,"time":1775154755426,"service":"flydea-api","msg":"Mapped {/compliance/art-rrt, POST} route"}
{"level":30,"time":1775154755426,"service":"flydea-api","msg":"Mapped {/compliance/art-rrt/:id, PATCH} route"}
{"level":30,"time":1775154755426,"service":"flydea-api","msg":"Mapped {/compliance/art-rrt/:id, DELETE} route"}
{"level":30,"time":1775154755426,"service":"flydea-api","msg":"Mapped {/compliance/cats, POST} route"}
{"level":30,"time":1775154755426,"service":"flydea-api","msg":"Mapped {/compliance/cats/:id, PATCH} route"}
{"level":30,"time":1775154755426,"service":"flydea-api","msg":"Mapped {/compliance/cats/:id, DELETE} route"}
{"level":30,"time":1775154755426,"service":"flydea-api","msg":"Mapped {/compliance/team, POST} route"}
{"level":30,"time":1775154755426,"service":"flydea-api","msg":"Mapped {/compliance/team/:id, PATCH} route"}
{"level":30,"time":1775154755426,"service":"flydea-api","msg":"Mapped {/compliance/team/:id, DELETE} route"}
{"level":30,"time":1775154755426,"service":"flydea-api","msg":"Mapped {/compliance/checklist, PUT} route"}
{"level":30,"time":1775154755426,"service":"flydea-api","msg":"TaxIntegrationController {/tax-integration}:"}
{"level":30,"time":1775154755426,"service":"flydea-api","msg":"Mapped {/tax-integration/echo, GET} route"}
{"level":30,"time":1775154755426,"service":"flydea-api","msg":"Mapped {/tax-integration/echo, POST} route"}
{"level":30,"time":1775154755426,"service":"flydea-api","msg":"Mapped {/tax-integration/connectors, GET} route"}
{"level":30,"time":1775154755426,"service":"flydea-api","msg":"Mapped {/tax-integration/connectors, POST} route"}
{"level":30,"time":1775154755426,"service":"flydea-api","msg":"Mapped {/tax-integration/connectors/:id, PATCH} route"}
{"level":30,"time":1775154755426,"service":"flydea-api","msg":"Mapped {/tax-integration/connectors/:id/test-connection, POST} route"}
{"level":30,"time":1775154755426,"service":"flydea-api","msg":"Mapped {/tax-integration/connectors/:id/run-sync, POST} route"}
{"level":30,"time":1775154755426,"service":"flydea-api","msg":"Mapped {/tax-integration/connectors/:id/logs, GET} route"}
{"level":30,"time":1775154755426,"service":"flydea-api","msg":"NotificationsLettersController {/notifications-letters}:"}
{"level":30,"time":1775154755426,"service":"flydea-api","msg":"Mapped {/notifications-letters/templates, GET} route"}
{"level":30,"time":1775154755426,"service":"flydea-api","msg":"Mapped {/notifications-letters/templates, POST} route"}
{"level":30,"time":1775154755426,"service":"flydea-api","msg":"Mapped {/notifications-letters/templates/:id, PATCH} route"}
{"level":30,"time":1775154755426,"service":"flydea-api","msg":"Mapped {/notifications-letters/templates/preview, POST} route"}
{"level":30,"time":1775154755426,"service":"flydea-api","msg":"Mapped {/notifications-letters/batches/generate, POST} route"}
{"level":30,"time":1775154755426,"service":"flydea-api","msg":"Mapped {/notifications-letters/batches, GET} route"}
{"level":30,"time":1775154755426,"service":"flydea-api","msg":"Mapped {/notifications-letters/batches/:id, GET} route"}
{"level":30,"time":1775154755426,"service":"flydea-api","msg":"Mapped {/notifications-letters/batches/:batchId/letters/:letterId/status, PATCH} route"}
{"level":30,"time":1775154755426,"service":"flydea-api","msg":"Mapped {/notifications-letters/batches/:batchId/letters/:letterId/download, GET} route"}
{"level":30,"time":1775154755426,"service":"flydea-api","msg":"SurveysController {/surveys}:"}
{"level":30,"time":1775154755426,"service":"flydea-api","msg":"Mapped {/surveys, GET} route"}
{"level":30,"time":1775154755426,"service":"flydea-api","msg":"Mapped {/surveys/:id, GET} route"}
{"level":30,"time":1775154755426,"service":"flydea-api","msg":"Mapped {/surveys, POST} route"}
{"level":30,"time":1775154755426,"service":"flydea-api","msg":"Mapped {/surveys/:id, PATCH} route"}
{"level":30,"time":1775154755426,"service":"flydea-api","msg":"Mapped {/surveys/:id/files/presign-upload, POST} route"}
{"level":30,"time":1775154755426,"service":"flydea-api","msg":"Mapped {/surveys/:id/files/complete, POST} route"}
{"level":30,"time":1775154755426,"service":"flydea-api","msg":"Mapped {/surveys/:id/files, GET} route"}
{"level":30,"time":1775154755426,"service":"flydea-api","msg":"Mapped {/surveys/:id/files/:fileId/download, GET} route"}
{"level":30,"time":1775154755426,"service":"flydea-api","msg":"Mapped {/surveys/:id/qa, PATCH} route"}
{"level":30,"time":1775154755426,"service":"flydea-api","msg":"Mapped {/surveys/:id/publish, POST} route"}
{"level":30,"time":1775154755426,"service":"flydea-api","msg":"MobileController {/mobile}:"}
{"level":30,"time":1775154755426,"service":"flydea-api","msg":"Mapped {/mobile/ctm-sync, POST} route"}
{"level":30,"time":1775154755426,"service":"flydea-api","msg":"Mapped {/mobile/ctm-sync, GET} route"}
{"level":30,"time":1775154755426,"service":"flydea-api","msg":"Mapped {/mobile/dashboard, GET} route"}
{"level":30,"time":1775154755426,"service":"flydea-api","msg":"PocController {/poc}:"}
{"level":30,"time":1775154755426,"service":"flydea-api","msg":"Mapped {/poc/health, GET} route"}
{"level":30,"time":1775154755426,"service":"flydea-api","msg":"Mapped {/poc/score, GET} route"}
{"level":30,"time":1775154755426,"service":"flydea-api","msg":"ReurbController {/reurb}:"}
{"level":30,"time":1775154755426,"service":"flydea-api","msg":"Mapped {/reurb/tenant-config, GET} route"}
{"level":30,"time":1775154755426,"service":"flydea-api","msg":"Mapped {/reurb/tenant-config, PUT} route"}
{"level":30,"time":1775154755426,"service":"flydea-api","msg":"Mapped {/reurb/projects, POST} route"}
{"level":30,"time":1775154755426,"service":"flydea-api","msg":"Mapped {/reurb/projects, GET} route"}
{"level":30,"time":1775154755426,"service":"flydea-api","msg":"Mapped {/reurb/projects/:id, PATCH} route"}
{"level":30,"time":1775154755426,"service":"flydea-api","msg":"Mapped {/reurb/families, POST} route"}
{"level":30,"time":1775154755426,"service":"flydea-api","msg":"Mapped {/reurb/families/import.csv, POST} route"}
{"level":30,"time":1775154755426,"service":"flydea-api","msg":"Mapped {/reurb/families, GET} route"}
{"level":30,"time":1775154755426,"service":"flydea-api","msg":"Mapped {/reurb/families/:id, PATCH} route"}
{"level":30,"time":1775154755426,"service":"flydea-api","msg":"Mapped {/reurb/families/export.csv, POST} route"}
{"level":30,"time":1775154755426,"service":"flydea-api","msg":"Mapped {/reurb/families/export.xlsx, POST} route"}
{"level":30,"time":1775154755426,"service":"flydea-api","msg":"Mapped {/reurb/families/export.json, POST} route"}
{"level":30,"time":1775154755426,"service":"flydea-api","msg":"Mapped {/reurb/planilha-sintese/generate, POST} route"}
{"level":30,"time":1775154755426,"service":"flydea-api","msg":"Mapped {/reurb/pendencies, POST} route"}
{"level":30,"time":1775154755426,"service":"flydea-api","msg":"Mapped {/reurb/units, POST} route"}
{"level":30,"time":1775154755426,"service":"flydea-api","msg":"Mapped {/reurb/units, GET} route"}
{"level":30,"time":1775154755426,"service":"flydea-api","msg":"Mapped {/reurb/units/:id, PATCH} route"}
{"level":30,"time":1775154755426,"service":"flydea-api","msg":"Mapped {/reurb/pendencies, GET} route"}
{"level":30,"time":1775154755426,"service":"flydea-api","msg":"Mapped {/reurb/pendencies/:id/status, PATCH} route"}
{"level":30,"time":1775154755426,"service":"flydea-api","msg":"Mapped {/reurb/pendencies/stream, GET} route"}
{"level":30,"time":1775154755426,"service":"flydea-api","msg":"Mapped {/reurb/documents/presign-upload, POST} route"}
{"level":30,"time":1775154755426,"service":"flydea-api","msg":"Mapped {/reurb/documents/complete-upload, POST} route"}
{"level":30,"time":1775154755426,"service":"flydea-api","msg":"Mapped {/reurb/project-documents/presign-upload, POST} route"}
{"level":30,"time":1775154755426,"service":"flydea-api","msg":"Mapped {/reurb/project-documents/complete-upload, POST} route"}
{"level":30,"time":1775154755426,"service":"flydea-api","msg":"Mapped {/reurb/unit-documents/presign-upload, POST} route"}
{"level":30,"time":1775154755426,"service":"flydea-api","msg":"Mapped {/reurb/unit-documents/complete-upload, POST} route"}
{"level":30,"time":1775154755426,"service":"flydea-api","msg":"Mapped {/reurb/dossier, GET} route"}
{"level":30,"time":1775154755426,"service":"flydea-api","msg":"Mapped {/reurb/notification-templates, GET} route"}
{"level":30,"time":1775154755426,"service":"flydea-api","msg":"Mapped {/reurb/notification-templates, POST} route"}
{"level":30,"time":1775154755426,"service":"flydea-api","msg":"Mapped {/reurb/notification-templates/:id, PATCH} route"}
{"level":30,"time":1775154755426,"service":"flydea-api","msg":"Mapped {/reurb/notifications, GET} route"}
{"level":30,"time":1775154755426,"service":"flydea-api","msg":"Mapped {/reurb/notifications/send-email, POST} route"}
{"level":30,"time":1775154755426,"service":"flydea-api","msg":"Mapped {/reurb/notifications/evidence/presign-upload, POST} route"}
{"level":30,"time":1775154755426,"service":"flydea-api","msg":"Mapped {/reurb/notifications/:id/evidence, POST} route"}
{"level":30,"time":1775154755426,"service":"flydea-api","msg":"Mapped {/reurb/integrations/ping, POST} route"}
{"level":30,"time":1775154755426,"service":"flydea-api","msg":"Mapped {/reurb/cartorio/package, POST} route"}
{"level":30,"time":1775154755426,"service":"flydea-api","msg":"Mapped {/reurb/deliverables, GET} route"}
{"level":30,"time":1775154755426,"service":"flydea-api","msg":"Mapped {/reurb/deliverables/:id/download, GET} route"}
{"level":30,"time":1775154755426,"service":"flydea-api","msg":"Mapped {/reurb/audit, GET} route"}
{"level":30,"time":1775154755426,"service":"flydea-api","msg":"CertificatesController {/certificates}:"}
{"level":30,"time":1775154755426,"service":"flydea-api","msg":"Mapped {/certificates, GET} route"}
{"level":30,"time":1775154755426,"service":"flydea-api","msg":"Mapped {/certificates/validate/:code, GET} route"}
{"level":30,"time":1775154755426,"service":"flydea-api","msg":"Mapped {/certificates/validate, GET} route"}
{"level":30,"time":1775154755426,"service":"flydea-api","msg":"Mapped {/certificates/:id, GET} route"}
{"level":30,"time":1775154755426,"service":"flydea-api","msg":"Mapped {/certificates, POST} route"}
{"level":30,"time":1775154755426,"service":"flydea-api","msg":"MonitoringController {/monitoring}:"}
{"level":30,"time":1775154755426,"service":"flydea-api","msg":"Mapped {/monitoring/events, GET} route"}
{"level":30,"time":1775154755426,"service":"flydea-api","msg":"Mapped {/monitoring/events, POST} route"}
{"level":30,"time":1775154755426,"service":"flydea-api","msg":"Mapped {/monitoring/events/:id, GET} route"}
{"level":30,"time":1775154755426,"service":"flydea-api","msg":"Mapped {/monitoring/events/:id, PATCH} route"}
{"level":30,"time":1775154755426,"service":"flydea-api","msg":"Mapped {/monitoring/events/:id/triage, POST} route"}
{"level":30,"time":1775154755426,"service":"flydea-api","msg":"Mapped {/monitoring/events/:id/assign, POST} route"}
{"level":30,"time":1775154755426,"service":"flydea-api","msg":"Mapped {/monitoring/events/:id/notify, POST} route"}
{"level":30,"time":1775154755426,"service":"flydea-api","msg":"Mapped {/monitoring/events/:id/close, POST} route"}
{"level":30,"time":1775154755426,"service":"flydea-api","msg":"Mapped {/monitoring/dashboard, GET} route"}
{"level":30,"time":1775154755426,"service":"flydea-api","msg":"ObservatoryController {/observatory}:"}
{"level":30,"time":1775154755426,"service":"flydea-api","msg":"Mapped {/observatory/market, GET} route"}
{"level":30,"time":1775154755426,"service":"flydea-api","msg":"Mapped {/observatory/market/export.csv, GET} route"}
{"level":30,"time":1775154755426,"service":"flydea-api","msg":"IntegrationHubController {/integration-hub}:"}
{"level":30,"time":1775154755426,"service":"flydea-api","msg":"Mapped {/integration-hub/adapters, GET} route"}
{"level":30,"time":1775154755426,"service":"flydea-api","msg":"Mapped {/integration-hub/portal-links, GET} route"}
{"level":30,"time":1775154755426,"service":"flydea-api","msg":"Mapped {/integration-hub/portal-link, POST} route"}
{"level":30,"time":1775154755426,"service":"flydea-api","msg":"Mapped {/integration-hub/oidc-link, POST} route"}
{"level":30,"time":1775154755426,"service":"flydea-api","msg":"Nest application successfully started"}
{"level":30,"time":1775154755428,"service":"flydea-api","msg":"API started on port 4000"}
{"level":30,"time":1775154755430,"service":"flydea-api","msg":"Rate limiter using Redis backend"}
{"level":30,"time":1775154755430,"service":"flydea-api","msg":"Admin: 1000 req/min (bulk operations)"}
{"level":30,"time":1775154755430,"service":"flydea-api","msg":"Gestor: 300 req/min (project management)"}
{"level":30,"time":1775154755430,"service":"flydea-api","msg":"Operador: 120 req/min (field operations)"}
{"level":30,"time":1775154755430,"service":"flydea-api","msg":"Leitor: 60 req/min (read-only)"}
{"level":30,"time":1775154755430,"service":"flydea-api","msg":"Anonymous: 30 req/min (public endpoints)"}
[2J[3J[H[[90m3:32:36 PM[0m] File change detected. Starting incremental compilation...

[91merror[0m[90m TS2688: [0mCannot find type definition file for 'geojson'.
  The file is in the program because:
    Entry point for implicit type library 'geojson'

[91merror[0m[90m TS2688: [0mCannot find type definition file for 'geojson-vt'.
  The file is in the program because:
    Entry point for implicit type library 'geojson-vt'

[91merror[0m[90m TS2688: [0mCannot find type definition file for 'mapbox__point-geometry'.
  The file is in the program because:
    Entry point for implicit type library 'mapbox__point-geometry'

[91merror[0m[90m TS2688: [0mCannot find type definition file for 'mapbox__vector-tile'.
  The file is in the program because:
    Entry point for implicit type library 'mapbox__vector-tile'

[91merror[0m[90m TS2688: [0mCannot find type definition file for 'pbf'.
  The file is in the program because:
    Entry point for implicit type library 'pbf'

[91merror[0m[90m TS2688: [0mCannot find type definition file for 'prop-types'.
  The file is in the program because:
    Entry point for implicit type library 'prop-types'

[91merror[0m[90m TS2688: [0mCannot find type definition file for 'react'.
  The file is in the program because:
    Entry point for implicit type library 'react'

[91merror[0m[90m TS2688: [0mCannot find type definition file for 'react-dom'.
  The file is in the program because:
    Entry point for implicit type library 'react-dom'

[91merror[0m[90m TS2688: [0mCannot find type definition file for 'supercluster'.
  The file is in the program because:
    Entry point for implicit type library 'supercluster'

[[90m3:32:36 PM[0m] Found 9 errors. Watching for file changes.

[2J[3J[H[[90m3:32:38 PM[0m] File change detected. Starting incremental compilation...

[91merror[0m[90m TS2688: [0mCannot find type definition file for 'geojson'.
  The file is in the program because:
    Entry point for implicit type library 'geojson'

[91merror[0m[90m TS2688: [0mCannot find type definition file for 'geojson-vt'.
  The file is in the program because:
    Entry point for implicit type library 'geojson-vt'

[91merror[0m[90m TS2688: [0mCannot find type definition file for 'mapbox__point-geometry'.
  The file is in the program because:
    Entry point for implicit type library 'mapbox__point-geometry'

[91merror[0m[90m TS2688: [0mCannot find type definition file for 'mapbox__vector-tile'.
  The file is in the program because:
    Entry point for implicit type library 'mapbox__vector-tile'

[91merror[0m[90m TS2688: [0mCannot find type definition file for 'pbf'.
  The file is in the program because:
    Entry point for implicit type library 'pbf'

[91merror[0m[90m TS2688: [0mCannot find type definition file for 'prop-types'.
  The file is in the program because:
    Entry point for implicit type library 'prop-types'

[91merror[0m[90m TS2688: [0mCannot find type definition file for 'react'.
  The file is in the program because:
    Entry point for implicit type library 'react'

[91merror[0m[90m TS2688: [0mCannot find type definition file for 'react-dom'.
  The file is in the program because:
    Entry point for implicit type library 'react-dom'

[91merror[0m[90m TS2688: [0mCannot find type definition file for 'supercluster'.
  The file is in the program because:
    Entry point for implicit type library 'supercluster'

[[90m3:32:45 PM[0m] Found 9 errors. Watching for file changes.

[2J[3J[H[[90m3:32:51 PM[0m] File change detected. Starting incremental compilation...

[[90m3:32:56 PM[0m] Found 0 errors. Watching for file changes.

(node:66510) [MONGOOSE] Warning: `errors` is a reserved schema pathname and may break some functionality. You are allowed to use it, but use at your own risk. To disable this warning pass `suppressReservedKeysWarning` as a schema option.
(Use `node --trace-warnings ...` to show where the warning was created)
{"level":30,"time":1775154778843,"service":"flydea-api","msg":"Starting Nest application..."}
{"level":30,"time":1775154778843,"service":"flydea-api","msg":"LoggerModule dependencies initialized"}
{"level":30,"time":1775154778843,"service":"flydea-api","msg":"MongooseModule dependencies initialized"}
{"level":30,"time":1775154778843,"service":"flydea-api","msg":"JwtModule dependencies initialized"}
{"level":30,"time":1775154778843,"service":"flydea-api","msg":"ConfigHostModule dependencies initialized"}
{"level":30,"time":1775154778843,"service":"flydea-api","msg":"SharedModule dependencies initialized"}
{"level":30,"time":1775154778843,"service":"flydea-api","msg":"MetricsModule dependencies initialized"}
{"level":30,"time":1775154778843,"service":"flydea-api","msg":"PocModule dependencies initialized"}
{"level":30,"time":1775154778843,"service":"flydea-api","msg":"ConfigModule dependencies initialized"}
{"level":30,"time":1775154778843,"service":"flydea-api","msg":"AppModule dependencies initialized"}
{"level":30,"time":1775154778843,"service":"flydea-api","msg":"MongooseCoreModule dependencies initialized"}
{"level":30,"time":1775154778843,"service":"flydea-api","msg":"MongooseModule dependencies initialized"}
{"level":30,"time":1775154778843,"service":"flydea-api","msg":"MongooseModule dependencies initialized"}
{"level":30,"time":1775154778843,"service":"flydea-api","msg":"MongooseModule dependencies initialized"}
{"level":30,"time":1775154778843,"service":"flydea-api","msg":"MongooseModule dependencies initialized"}
{"level":30,"time":1775154778843,"service":"flydea-api","msg":"MongooseModule dependencies initialized"}
{"level":30,"time":1775154778843,"service":"flydea-api","msg":"MongooseModule dependencies initialized"}
{"level":30,"time":1775154778843,"service":"flydea-api","msg":"MongooseModule dependencies initialized"}
{"level":30,"time":1775154778843,"service":"flydea-api","msg":"MongooseModule dependencies initialized"}
{"level":30,"time":1775154778843,"service":"flydea-api","msg":"MongooseModule dependencies initialized"}
{"level":30,"time":1775154778843,"service":"flydea-api","msg":"MongooseModule dependencies initialized"}
{"level":30,"time":1775154778843,"service":"flydea-api","msg":"MongooseModule dependencies initialized"}
{"level":30,"time":1775154778843,"service":"flydea-api","msg":"MongooseModule dependencies initialized"}
{"level":30,"time":1775154778843,"service":"flydea-api","msg":"MongooseModule dependencies initialized"}
{"level":30,"time":1775154778843,"service":"flydea-api","msg":"MongooseModule dependencies initialized"}
{"level":30,"time":1775154778843,"service":"flydea-api","msg":"MongooseModule dependencies initialized"}
{"level":30,"time":1775154778843,"service":"flydea-api","msg":"MongooseModule dependencies initialized"}
{"level":30,"time":1775154778843,"service":"flydea-api","msg":"MongooseModule dependencies initialized"}
{"level":30,"time":1775154778843,"service":"flydea-api","msg":"MongooseModule dependencies initialized"}
{"level":30,"time":1775154778843,"service":"flydea-api","msg":"MongooseModule dependencies initialized"}
{"level":30,"time":1775154778843,"service":"flydea-api","msg":"MongooseModule dependencies initialized"}
{"level":30,"time":1775154778843,"service":"flydea-api","msg":"MongooseModule dependencies initialized"}
{"level":30,"time":1775154778843,"service":"flydea-api","msg":"MongooseModule dependencies initialized"}
{"level":30,"time":1775154778843,"service":"flydea-api","msg":"MongooseModule dependencies initialized"}
{"level":30,"time":1775154778843,"service":"flydea-api","msg":"MongooseModule dependencies initialized"}
{"level":30,"time":1775154778843,"service":"flydea-api","msg":"MongooseModule dependencies initialized"}
{"level":30,"time":1775154778843,"service":"flydea-api","msg":"MongooseModule dependencies initialized"}
{"level":30,"time":1775154778843,"service":"flydea-api","msg":"MongooseModule dependencies initialized"}
{"level":30,"time":1775154778843,"service":"flydea-api","msg":"MongooseModule dependencies initialized"}
{"level":30,"time":1775154778843,"service":"flydea-api","msg":"MongooseModule dependencies initialized"}
{"level":30,"time":1775154778843,"service":"flydea-api","msg":"MongooseModule dependencies initialized"}
{"level":30,"time":1775154778843,"service":"flydea-api","msg":"HealthModule dependencies initialized"}
{"level":30,"time":1775154778843,"service":"flydea-api","msg":"UploadsModule dependencies initialized"}
{"level":30,"time":1775154778843,"service":"flydea-api","msg":"AreasModule dependencies initialized"}
{"level":30,"time":1775154778843,"service":"flydea-api","msg":"OsmModule dependencies initialized"}
{"level":30,"time":1775154778843,"service":"flydea-api","msg":"UsersModule dependencies initialized"}
{"level":30,"time":1775154778843,"service":"flydea-api","msg":"TenantsModule dependencies initialized"}
{"level":30,"time":1775154778843,"service":"flydea-api","msg":"MembershipsModule dependencies initialized"}
{"level":30,"time":1775154778844,"service":"flydea-api","msg":"ProcessesModule dependencies initialized"}
{"level":30,"time":1775154778844,"service":"flydea-api","msg":"AlertsModule dependencies initialized"}
{"level":30,"time":1775154778844,"service":"flydea-api","msg":"AssetsModule dependencies initialized"}
{"level":30,"time":1775154778844,"service":"flydea-api","msg":"ProjectsModule dependencies initialized"}
{"level":30,"time":1775154778844,"service":"flydea-api","msg":"CemeteryModule dependencies initialized"}
{"level":30,"time":1775154778844,"service":"flydea-api","msg":"LayersModule dependencies initialized"}
{"level":30,"time":1775154778844,"service":"flydea-api","msg":"CertificatesModule dependencies initialized"}
{"level":30,"time":1775154778844,"service":"flydea-api","msg":"IntegrationHubModule dependencies initialized"}
{"level":30,"time":1775154778844,"service":"flydea-api","msg":"MonitoringModule dependencies initialized"}
{"level":30,"time":1775154778844,"service":"flydea-api","msg":"PermitsBusinessModule dependencies initialized"}
{"level":30,"time":1775154778844,"service":"flydea-api","msg":"EnvironmentModule dependencies initialized"}
{"level":30,"time":1775154778844,"service":"flydea-api","msg":"PublicWorksModule dependencies initialized"}
{"level":30,"time":1775154778844,"service":"flydea-api","msg":"ComplianceModule dependencies initialized"}
{"level":30,"time":1775154778844,"service":"flydea-api","msg":"TaxIntegrationModule dependencies initialized"}
{"level":30,"time":1775154778844,"service":"flydea-api","msg":"SurveysModule dependencies initialized"}
{"level":30,"time":1775154778844,"service":"flydea-api","msg":"ReurbModule dependencies initialized"}
{"level":30,"time":1775154778844,"service":"flydea-api","msg":"PermitsWorksModule dependencies initialized"}
{"level":30,"time":1775154778844,"service":"flydea-api","msg":"NotificationsLettersModule dependencies initialized"}
{"level":30,"time":1775154778844,"service":"flydea-api","msg":"MobileModule dependencies initialized"}
{"level":30,"time":1775154778844,"service":"flydea-api","msg":"Citizen156Module dependencies initialized"}
{"level":30,"time":1775154778844,"service":"flydea-api","msg":"MapFeaturesModule dependencies initialized"}
{"level":30,"time":1775154778844,"service":"flydea-api","msg":"AuthModule dependencies initialized"}
{"level":30,"time":1775154778844,"service":"flydea-api","msg":"ObservatoryModule dependencies initialized"}
{"level":30,"time":1775154778844,"service":"flydea-api","msg":"CtmModule dependencies initialized"}
{"level":30,"time":1775154778844,"service":"flydea-api","msg":"PgvModule dependencies initialized"}
{"level":30,"time":1775154778844,"service":"flydea-api","msg":"DashboardModule dependencies initialized"}
{"level":30,"time":1775154778844,"service":"flydea-api","msg":"AuthController {/auth}:"}
{"level":30,"time":1775154778844,"service":"flydea-api","msg":"Mapped {/auth/login, POST} route"}
{"level":30,"time":1775154778844,"service":"flydea-api","msg":"Mapped {/auth/refresh, POST} route"}
{"level":30,"time":1775154778844,"service":"flydea-api","msg":"Mapped {/auth/logout, POST} route"}
{"level":30,"time":1775154778844,"service":"flydea-api","msg":"Mapped {/auth/portal/exchange, POST} route"}
{"level":30,"time":1775154778844,"service":"flydea-api","msg":"Mapped {/auth/portal/logout, POST} route"}
{"level":30,"time":1775154778844,"service":"flydea-api","msg":"Mapped {/auth/oidc/authorize, POST} route"}
{"level":30,"time":1775154778844,"service":"flydea-api","msg":"Mapped {/auth/oidc/callback, POST} route"}
{"level":30,"time":1775154778844,"service":"flydea-api","msg":"Mapped {/auth/forgot-password, POST} route"}
{"level":30,"time":1775154778844,"service":"flydea-api","msg":"Mapped {/auth/reset-password, POST} route"}
{"level":30,"time":1775154778844,"service":"flydea-api","msg":"Mapped {/auth/change-password, POST} route"}
{"level":30,"time":1775154778844,"service":"flydea-api","msg":"Mapped {/auth/session, GET} route"}
{"level":30,"time":1775154778844,"service":"flydea-api","msg":"Mapped {/auth/institutional-readiness, GET} route"}
{"level":30,"time":1775154778844,"service":"flydea-api","msg":"UsersController {/admin/users}:"}
{"level":30,"time":1775154778844,"service":"flydea-api","msg":"Mapped {/admin/users, POST} route"}
{"level":30,"time":1775154778844,"service":"flydea-api","msg":"TenantsController {/tenants}:"}
{"level":30,"time":1775154778844,"service":"flydea-api","msg":"Mapped {/tenants, POST} route"}
{"level":30,"time":1775154778844,"service":"flydea-api","msg":"Mapped {/tenants/me, GET} route"}
{"level":30,"time":1775154778844,"service":"flydea-api","msg":"MembershipsController {/admin/memberships}:"}
{"level":30,"time":1775154778844,"service":"flydea-api","msg":"Mapped {/admin/memberships, POST} route"}
{"level":30,"time":1775154778844,"service":"flydea-api","msg":"ProcessesController {/processes}:"}
{"level":30,"time":1775154778844,"service":"flydea-api","msg":"Mapped {/processes, GET} route"}
{"level":30,"time":1775154778844,"service":"flydea-api","msg":"Mapped {/processes/:id, GET} route"}
{"level":30,"time":1775154778844,"service":"flydea-api","msg":"Mapped {/processes, POST} route"}
{"level":30,"time":1775154778844,"service":"flydea-api","msg":"Mapped {/processes/:id, PATCH} route"}
{"level":30,"time":1775154778844,"service":"flydea-api","msg":"Mapped {/processes/:id/transition, POST} route"}
{"level":30,"time":1775154778844,"service":"flydea-api","msg":"Mapped {/processes/:id/events, GET} route"}
{"level":30,"time":1775154778844,"service":"flydea-api","msg":"Mapped {/processes/:id, DELETE} route"}
{"level":30,"time":1775154778844,"service":"flydea-api","msg":"AlertsController {/alerts}:"}
{"level":30,"time":1775154778844,"service":"flydea-api","msg":"Mapped {/alerts, GET} route"}
{"level":30,"time":1775154778844,"service":"flydea-api","msg":"Mapped {/alerts/:id, GET} route"}
{"level":30,"time":1775154778844,"service":"flydea-api","msg":"Mapped {/alerts, POST} route"}
{"level":30,"time":1775154778844,"service":"flydea-api","msg":"Mapped {/alerts/:id, PATCH} route"}
{"level":30,"time":1775154778844,"service":"flydea-api","msg":"Mapped {/alerts/:id/ack, POST} route"}
{"level":30,"time":1775154778844,"service":"flydea-api","msg":"Mapped {/alerts/:id/resolve, POST} route"}
{"level":30,"time":1775154778844,"service":"flydea-api","msg":"Mapped {/alerts/:id, DELETE} route"}
{"level":30,"time":1775154778844,"service":"flydea-api","msg":"Mapped {/alerts/:id/stage, POST} route"}
{"level":30,"time":1775154778844,"service":"flydea-api","msg":"AssetsController {/assets}:"}
{"level":30,"time":1775154778844,"service":"flydea-api","msg":"Mapped {/assets, GET} route"}
{"level":30,"time":1775154778844,"service":"flydea-api","msg":"Mapped {/assets/:id, GET} route"}
{"level":30,"time":1775154778844,"service":"flydea-api","msg":"Mapped {/assets, POST} route"}
{"level":30,"time":1775154778844,"service":"flydea-api","msg":"Mapped {/assets/:id, PATCH} route"}
{"level":30,"time":1775154778844,"service":"flydea-api","msg":"Mapped {/assets/:id, DELETE} route"}
{"level":30,"time":1775154778844,"service":"flydea-api","msg":"DashboardController {/dashboard}:"}
{"level":30,"time":1775154778844,"service":"flydea-api","msg":"Mapped {/dashboard/kpis, GET} route"}
{"level":30,"time":1775154778844,"service":"flydea-api","msg":"Mapped {/dashboard/executive, GET} route"}
{"level":30,"time":1775154778844,"service":"flydea-api","msg":"Mapped {/dashboard/layout, GET} route"}
{"level":30,"time":1775154778844,"service":"flydea-api","msg":"Mapped {/dashboard/layout, PATCH} route"}
{"level":30,"time":1775154778844,"service":"flydea-api","msg":"PermitsWorksController {/permits-works}:"}
{"level":30,"time":1775154778844,"service":"flydea-api","msg":"Mapped {/permits-works, GET} route"}
{"level":30,"time":1775154778844,"service":"flydea-api","msg":"Mapped {/permits-works/:id, GET} route"}
{"level":30,"time":1775154778844,"service":"flydea-api","msg":"Mapped {/permits-works, POST} route"}
{"level":30,"time":1775154778844,"service":"flydea-api","msg":"Mapped {/permits-works/:id, PATCH} route"}
{"level":30,"time":1775154778844,"service":"flydea-api","msg":"Mapped {/permits-works/:id/invoices, POST} route"}
{"level":30,"time":1775154778844,"service":"flydea-api","msg":"Mapped {/permits-works/:id/issue, POST} route"}
{"level":30,"time":1775154778844,"service":"flydea-api","msg":"ProjectsController {/projects}:"}
{"level":30,"time":1775154778844,"service":"flydea-api","msg":"Mapped {/projects, GET} route"}
{"level":30,"time":1775154778844,"service":"flydea-api","msg":"Mapped {/projects/:id, GET} route"}
{"level":30,"time":1775154778844,"service":"flydea-api","msg":"Mapped {/projects, POST} route"}
{"level":30,"time":1775154778844,"service":"flydea-api","msg":"Mapped {/projects/:id, PATCH} route"}
{"level":30,"time":1775154778844,"service":"flydea-api","msg":"PermitsBusinessController {/permits-business}:"}
{"level":30,"time":1775154778844,"service":"flydea-api","msg":"Mapped {/permits-business, GET} route"}
{"level":30,"time":1775154778844,"service":"flydea-api","msg":"Mapped {/permits-business/:id, GET} route"}
{"level":30,"time":1775154778844,"service":"flydea-api","msg":"Mapped {/permits-business, POST} route"}
{"level":30,"time":1775154778844,"service":"flydea-api","msg":"Mapped {/permits-business/:id, PATCH} route"}
{"level":30,"time":1775154778844,"service":"flydea-api","msg":"Mapped {/permits-business/:id/taxes, POST} route"}
{"level":30,"time":1775154778844,"service":"flydea-api","msg":"Mapped {/permits-business/:id/issue, POST} route"}
{"level":30,"time":1775154778844,"service":"flydea-api","msg":"Citizen156Controller {/citizen-156}:"}
{"level":30,"time":1775154778844,"service":"flydea-api","msg":"Mapped {/citizen-156/calls, GET} route"}
{"level":30,"time":1775154778844,"service":"flydea-api","msg":"Mapped {/citizen-156/summary, GET} route"}
{"level":30,"time":1775154778844,"service":"flydea-api","msg":"Mapped {/citizen-156/calls/:id, GET} route"}
{"level":30,"time":1775154778844,"service":"flydea-api","msg":"Mapped {/citizen-156/calls, POST} route"}
{"level":30,"time":1775154778844,"service":"flydea-api","msg":"Mapped {/citizen-156/calls/:id, PATCH} route"}
{"level":30,"time":1775154778844,"service":"flydea-api","msg":"EnvironmentController {/environment}:"}
{"level":30,"time":1775154778844,"service":"flydea-api","msg":"Mapped {/environment/cases, GET} route"}
{"level":30,"time":1775154778844,"service":"flydea-api","msg":"Mapped {/environment/summary, GET} route"}
{"level":30,"time":1775154778844,"service":"flydea-api","msg":"Mapped {/environment/cases/:id, GET} route"}
{"level":30,"time":1775154778844,"service":"flydea-api","msg":"Mapped {/environment/cases, POST} route"}
{"level":30,"time":1775154778844,"service":"flydea-api","msg":"Mapped {/environment/cases/:id, PATCH} route"}
{"level":30,"time":1775154778844,"service":"flydea-api","msg":"Mapped {/environment/cases/:id/report, POST} route"}
{"level":30,"time":1775154778844,"service":"flydea-api","msg":"PublicWorksController {/public-works}:"}
{"level":30,"time":1775154778844,"service":"flydea-api","msg":"Mapped {/public-works, GET} route"}
{"level":30,"time":1775154778844,"service":"flydea-api","msg":"Mapped {/public-works/summary, GET} route"}
{"level":30,"time":1775154778844,"service":"flydea-api","msg":"Mapped {/public-works/:id, GET} route"}
{"level":30,"time":1775154778844,"service":"flydea-api","msg":"Mapped {/public-works, POST} route"}
{"level":30,"time":1775154778844,"service":"flydea-api","msg":"Mapped {/public-works/:id, PATCH} route"}
{"level":30,"time":1775154778844,"service":"flydea-api","msg":"Mapped {/public-works/:id/stage, POST} route"}
{"level":30,"time":1775154778844,"service":"flydea-api","msg":"Mapped {/public-works/:id/measurements, POST} route"}
{"level":30,"time":1775154778844,"service":"flydea-api","msg":"Mapped {/public-works/:id/evidence, POST} route"}
{"level":30,"time":1775154778844,"service":"flydea-api","msg":"Mapped {/public-works/:id, DELETE} route"}
{"level":30,"time":1775154778844,"service":"flydea-api","msg":"CemeteryController {/cemetery}:"}
{"level":30,"time":1775154778844,"service":"flydea-api","msg":"Mapped {/cemetery, GET} route"}
{"level":30,"time":1775154778844,"service":"flydea-api","msg":"Mapped {/cemetery/summary, GET} route"}
{"level":30,"time":1775154778844,"service":"flydea-api","msg":"Mapped {/cemetery/:id, GET} route"}
{"level":30,"time":1775154778844,"service":"flydea-api","msg":"Mapped {/cemetery, POST} route"}
{"level":30,"time":1775154778844,"service":"flydea-api","msg":"Mapped {/cemetery/:id, PATCH} route"}
{"level":30,"time":1775154778844,"service":"flydea-api","msg":"Mapped {/cemetery/:id/documents, POST} route"}
{"level":30,"time":1775154778844,"service":"flydea-api","msg":"Mapped {/cemetery/:id, DELETE} route"}
{"level":30,"time":1775154778844,"service":"flydea-api","msg":"HealthController {/health}:"}
{"level":30,"time":1775154778844,"service":"flydea-api","msg":"Mapped {/health, GET} route"}
{"level":30,"time":1775154778844,"service":"flydea-api","msg":"LayersController {/layers}:"}
{"level":30,"time":1775154778844,"service":"flydea-api","msg":"Mapped {/layers, GET} route"}
{"level":30,"time":1775154778844,"service":"flydea-api","msg":"Mapped {/layers/:id, PATCH} route"}
{"level":30,"time":1775154778844,"service":"flydea-api","msg":"AreasController {/areas}:"}
{"level":30,"time":1775154778844,"service":"flydea-api","msg":"Mapped {/areas, GET} route"}
{"level":30,"time":1775154778844,"service":"flydea-api","msg":"ParcelsController {/ctm/parcels}:"}
{"level":30,"time":1775154778844,"service":"flydea-api","msg":"Mapped {/ctm/parcels, GET} route"}
{"level":30,"time":1775154778844,"service":"flydea-api","msg":"Mapped {/ctm/parcels/pendencias, GET} route"}
{"level":30,"time":1775154778844,"service":"flydea-api","msg":"Mapped {/ctm/parcels/geojson, GET} route"}
{"level":30,"time":1775154778844,"service":"flydea-api","msg":"Mapped {/ctm/parcels/:id, GET} route"}
{"level":30,"time":1775154778844,"service":"flydea-api","msg":"Mapped {/ctm/parcels/:id/summary, GET} route"}
{"level":30,"time":1775154778844,"service":"flydea-api","msg":"Mapped {/ctm/parcels/:id/history, GET} route"}
{"level":30,"time":1775154778844,"service":"flydea-api","msg":"Mapped {/ctm/parcels, POST} route"}
{"level":30,"time":1775154778844,"service":"flydea-api","msg":"Mapped {/ctm/parcels/:id, PATCH} route"}
{"level":30,"time":1775154778844,"service":"flydea-api","msg":"Mapped {/ctm/parcels/:id, DELETE} route"}
{"level":30,"time":1775154778844,"service":"flydea-api","msg":"Mapped {/ctm/parcels/:id/building, PUT} route"}
{"level":30,"time":1775154778844,"service":"flydea-api","msg":"Mapped {/ctm/parcels/:id/socioeconomic, PUT} route"}
{"level":30,"time":1775154778844,"service":"flydea-api","msg":"Mapped {/ctm/parcels/:id/infrastructure, PUT} route"}
{"level":30,"time":1775154778844,"service":"flydea-api","msg":"Mapped {/ctm/parcels/import, POST} route"}
{"level":30,"time":1775154778844,"service":"flydea-api","msg":"ProjectParcelsController {/api/projects/:projectId/parcels}:"}
{"level":30,"time":1775154778844,"service":"flydea-api","msg":"Mapped {/api/projects/:projectId/parcels, GET} route"}
{"level":30,"time":1775154778844,"service":"flydea-api","msg":"Mapped {/api/projects/:projectId/parcels/pendencias, GET} route"}
{"level":30,"time":1775154778844,"service":"flydea-api","msg":"Mapped {/api/projects/:projectId/parcels/geojson, GET} route"}
{"level":30,"time":1775154778844,"service":"flydea-api","msg":"Mapped {/api/projects/:projectId/parcels/:id, GET} route"}
{"level":30,"time":1775154778844,"service":"flydea-api","msg":"Mapped {/api/projects/:projectId/parcels/:id/summary, GET} route"}
{"level":30,"time":1775154778844,"service":"flydea-api","msg":"Mapped {/api/projects/:projectId/parcels/:id/history, GET} route"}
{"level":30,"time":1775154778844,"service":"flydea-api","msg":"Mapped {/api/projects/:projectId/parcels, POST} route"}
{"level":30,"time":1775154778844,"service":"flydea-api","msg":"Mapped {/api/projects/:projectId/parcels/:id, PATCH} route"}
{"level":30,"time":1775154778844,"service":"flydea-api","msg":"Mapped {/api/projects/:projectId/parcels/:id, DELETE} route"}
{"level":30,"time":1775154778844,"service":"flydea-api","msg":"Mapped {/api/projects/:projectId/parcels/:id/building, PUT} route"}
{"level":30,"time":1775154778844,"service":"flydea-api","msg":"Mapped {/api/projects/:projectId/parcels/:id/socioeconomic, PUT} route"}
{"level":30,"time":1775154778844,"service":"flydea-api","msg":"Mapped {/api/projects/:projectId/parcels/:id/infrastructure, PUT} route"}
{"level":30,"time":1775154778844,"service":"flydea-api","msg":"Mapped {/api/projects/:projectId/parcels/import, POST} route"}
{"level":30,"time":1775154778844,"service":"flydea-api","msg":"LogradourosController {/ctm/logradouros}:"}
{"level":30,"time":1775154778844,"service":"flydea-api","msg":"Mapped {/ctm/logradouros, GET} route"}
{"level":30,"time":1775154778844,"service":"flydea-api","msg":"Mapped {/ctm/logradouros/:id, GET} route"}
{"level":30,"time":1775154778844,"service":"flydea-api","msg":"Mapped {/ctm/logradouros, POST} route"}
{"level":30,"time":1775154778844,"service":"flydea-api","msg":"Mapped {/ctm/logradouros/:id, PATCH} route"}
{"level":30,"time":1775154778844,"service":"flydea-api","msg":"Mapped {/ctm/logradouros/:id, DELETE} route"}
{"level":30,"time":1775154778844,"service":"flydea-api","msg":"UrbanFurnitureController {/ctm/urban-furniture}:"}
{"level":30,"time":1775154778844,"service":"flydea-api","msg":"Mapped {/ctm/urban-furniture, GET} route"}
{"level":30,"time":1775154778844,"service":"flydea-api","msg":"Mapped {/ctm/urban-furniture/geojson, GET} route"}
{"level":30,"time":1775154778844,"service":"flydea-api","msg":"Mapped {/ctm/urban-furniture/:id, GET} route"}
{"level":30,"time":1775154778844,"service":"flydea-api","msg":"Mapped {/ctm/urban-furniture, POST} route"}
{"level":30,"time":1775154778844,"service":"flydea-api","msg":"Mapped {/ctm/urban-furniture/:id, PATCH} route"}
{"level":30,"time":1775154778844,"service":"flydea-api","msg":"Mapped {/ctm/urban-furniture/:id, DELETE} route"}
{"level":30,"time":1775154778844,"service":"flydea-api","msg":"ZonesController {/pgv/zones}:"}
{"level":30,"time":1775154778844,"service":"flydea-api","msg":"Mapped {/pgv/zones, GET} route"}
{"level":30,"time":1775154778844,"service":"flydea-api","msg":"Mapped {/pgv/zones/geojson, GET} route"}
{"level":30,"time":1775154778844,"service":"flydea-api","msg":"Mapped {/pgv/zones/:id, GET} route"}
{"level":30,"time":1775154778844,"service":"flydea-api","msg":"Mapped {/pgv/zones, POST} route"}
{"level":30,"time":1775154778844,"service":"flydea-api","msg":"Mapped {/pgv/zones/:id, PATCH} route"}
{"level":30,"time":1775154778844,"service":"flydea-api","msg":"Mapped {/pgv/zones/:id, DELETE} route"}
{"level":30,"time":1775154778844,"service":"flydea-api","msg":"Mapped {/pgv/zones/import, POST} route"}
{"level":30,"time":1775154778844,"service":"flydea-api","msg":"FacesController {/pgv/faces}:"}
{"level":30,"time":1775154778844,"service":"flydea-api","msg":"Mapped {/pgv/faces, GET} route"}
{"level":30,"time":1775154778844,"service":"flydea-api","msg":"Mapped {/pgv/faces/geojson, GET} route"}
{"level":30,"time":1775154778844,"service":"flydea-api","msg":"Mapped {/pgv/faces/:id, GET} route"}
{"level":30,"time":1775154778844,"service":"flydea-api","msg":"Mapped {/pgv/faces, POST} route"}
{"level":30,"time":1775154778844,"service":"flydea-api","msg":"Mapped {/pgv/faces/:id, PATCH} route"}
{"level":30,"time":1775154778844,"service":"flydea-api","msg":"Mapped {/pgv/faces/:id, DELETE} route"}
{"level":30,"time":1775154778844,"service":"flydea-api","msg":"Mapped {/pgv/faces/import, POST} route"}
{"level":30,"time":1775154778844,"service":"flydea-api","msg":"FactorsController {/pgv/factors}:"}
{"level":30,"time":1775154778844,"service":"flydea-api","msg":"Mapped {/pgv/factors, GET} route"}
{"level":30,"time":1775154778844,"service":"flydea-api","msg":"Mapped {/pgv/factors/:id, GET} route"}
{"level":30,"time":1775154778844,"service":"flydea-api","msg":"Mapped {/pgv/factors, POST} route"}
{"level":30,"time":1775154778844,"service":"flydea-api","msg":"Mapped {/pgv/factors/:id, PATCH} route"}
{"level":30,"time":1775154778844,"service":"flydea-api","msg":"Mapped {/pgv/factors/:id, DELETE} route"}
{"level":30,"time":1775154778844,"service":"flydea-api","msg":"FactorSetsController {/pgv/factor-sets}:"}
{"level":30,"time":1775154778844,"service":"flydea-api","msg":"Mapped {/pgv/factor-sets, GET} route"}
{"level":30,"time":1775154778844,"service":"flydea-api","msg":"Mapped {/pgv/factor-sets, PUT} route"}
{"level":30,"time":1775154778844,"service":"flydea-api","msg":"VersionsController {/pgv/versions}:"}
{"level":30,"time":1775154778844,"service":"flydea-api","msg":"Mapped {/pgv/versions, GET} route"}
{"level":30,"time":1775154778844,"service":"flydea-api","msg":"Mapped {/pgv/versions/active, GET} route"}
{"level":30,"time":1775154778844,"service":"flydea-api","msg":"Mapped {/pgv/versions/:id, GET} route"}
{"level":30,"time":1775154778844,"service":"flydea-api","msg":"Mapped {/pgv/versions, POST} route"}
{"level":30,"time":1775154778844,"service":"flydea-api","msg":"Mapped {/pgv/versions/:id, PATCH} route"}
{"level":30,"time":1775154778844,"service":"flydea-api","msg":"ValuationsController {/pgv/valuations}:"}
{"level":30,"time":1775154778844,"service":"flydea-api","msg":"Mapped {/pgv/valuations, GET} route"}
{"level":30,"time":1775154778844,"service":"flydea-api","msg":"Mapped {/pgv/valuations/parcel/:id, GET} route"}
{"level":30,"time":1775154778844,"service":"flydea-api","msg":"Mapped {/pgv/valuations/parcel/:id/trace, GET} route"}
{"level":30,"time":1775154778844,"service":"flydea-api","msg":"Mapped {/pgv/valuations/calculate, POST} route"}
{"level":30,"time":1775154778844,"service":"flydea-api","msg":"Mapped {/pgv/valuations/export/csv, GET} route"}
{"level":30,"time":1775154778844,"service":"flydea-api","msg":"Mapped {/pgv/valuations/export/geojson, GET} route"}
{"level":30,"time":1775154778844,"service":"flydea-api","msg":"Mapped {/pgv/valuations/impact-report, GET} route"}
{"level":30,"time":1775154778844,"service":"flydea-api","msg":"PgvController {/pgv}:"}
{"level":30,"time":1775154778844,"service":"flydea-api","msg":"Mapped {/pgv/calculate, POST} route"}
{"level":30,"time":1775154778844,"service":"flydea-api","msg":"Mapped {/pgv/recalculate-batch, POST} route"}
{"level":30,"time":1775154778844,"service":"flydea-api","msg":"Mapped {/pgv/report.csv, GET} route"}
{"level":30,"time":1775154778844,"service":"flydea-api","msg":"Mapped {/pgv/parcels.geojson, GET} route"}
{"level":30,"time":1775154778844,"service":"flydea-api","msg":"RoadsController {/osm/roads}:"}
{"level":30,"time":1775154778844,"service":"flydea-api","msg":"Mapped {/osm/roads, GET} route"}
{"level":30,"time":1775154778844,"service":"flydea-api","msg":"Mapped {/osm/roads/geojson, GET} route"}
{"level":30,"time":1775154778844,"service":"flydea-api","msg":"ProjectRoadsController {/api/projects/:projectId/roads}:"}
{"level":30,"time":1775154778844,"service":"flydea-api","msg":"Mapped {/api/projects/:projectId/roads, GET} route"}
{"level":30,"time":1775154778844,"service":"flydea-api","msg":"Mapped {/api/projects/:projectId/roads/geojson, GET} route"}
{"level":30,"time":1775154778844,"service":"flydea-api","msg":"BuildingsController {/osm/buildings}:"}
{"level":30,"time":1775154778844,"service":"flydea-api","msg":"Mapped {/osm/buildings, GET} route"}
{"level":30,"time":1775154778844,"service":"flydea-api","msg":"Mapped {/osm/buildings/geojson, GET} route"}
{"level":30,"time":1775154778844,"service":"flydea-api","msg":"ProjectBuildingsController {/api/projects/:projectId/buildings}:"}
{"level":30,"time":1775154778844,"service":"flydea-api","msg":"Mapped {/api/projects/:projectId/buildings, GET} route"}
{"level":30,"time":1775154778844,"service":"flydea-api","msg":"Mapped {/api/projects/:projectId/buildings/geojson, GET} route"}
{"level":30,"time":1775154778844,"service":"flydea-api","msg":"MapFeaturesController {/map-features}:"}
{"level":30,"time":1775154778844,"service":"flydea-api","msg":"Mapped {/map-features, POST} route"}
{"level":30,"time":1775154778844,"service":"flydea-api","msg":"Mapped {/map-features/:id, PATCH} route"}
{"level":30,"time":1775154778844,"service":"flydea-api","msg":"Mapped {/map-features/:id, DELETE} route"}
{"level":30,"time":1775154778844,"service":"flydea-api","msg":"Mapped {/map-features/geojson, GET} route"}
{"level":30,"time":1775154778844,"service":"flydea-api","msg":"MetricsController {/metrics}:"}
{"level":30,"time":1775154778844,"service":"flydea-api","msg":"Mapped {/metrics, GET} route"}
{"level":30,"time":1775154778844,"service":"flydea-api","msg":"ComplianceController {/compliance}:"}
{"level":30,"time":1775154778844,"service":"flydea-api","msg":"Mapped {/compliance, GET} route"}
{"level":30,"time":1775154778844,"service":"flydea-api","msg":"Mapped {/compliance/company, PUT} route"}
{"level":30,"time":1775154778844,"service":"flydea-api","msg":"Mapped {/compliance/responsibles, POST} route"}
{"level":30,"time":1775154778844,"service":"flydea-api","msg":"Mapped {/compliance/responsibles/:id, PATCH} route"}
{"level":30,"time":1775154778844,"service":"flydea-api","msg":"Mapped {/compliance/responsibles/:id, DELETE} route"}
{"level":30,"time":1775154778844,"service":"flydea-api","msg":"Mapped {/compliance/art-rrt, POST} route"}
{"level":30,"time":1775154778844,"service":"flydea-api","msg":"Mapped {/compliance/art-rrt/:id, PATCH} route"}
{"level":30,"time":1775154778844,"service":"flydea-api","msg":"Mapped {/compliance/art-rrt/:id, DELETE} route"}
{"level":30,"time":1775154778844,"service":"flydea-api","msg":"Mapped {/compliance/cats, POST} route"}
{"level":30,"time":1775154778844,"service":"flydea-api","msg":"Mapped {/compliance/cats/:id, PATCH} route"}
{"level":30,"time":1775154778844,"service":"flydea-api","msg":"Mapped {/compliance/cats/:id, DELETE} route"}
{"level":30,"time":1775154778844,"service":"flydea-api","msg":"Mapped {/compliance/team, POST} route"}
{"level":30,"time":1775154778844,"service":"flydea-api","msg":"Mapped {/compliance/team/:id, PATCH} route"}
{"level":30,"time":1775154778844,"service":"flydea-api","msg":"Mapped {/compliance/team/:id, DELETE} route"}
{"level":30,"time":1775154778844,"service":"flydea-api","msg":"Mapped {/compliance/checklist, PUT} route"}
{"level":30,"time":1775154778844,"service":"flydea-api","msg":"TaxIntegrationController {/tax-integration}:"}
{"level":30,"time":1775154778844,"service":"flydea-api","msg":"Mapped {/tax-integration/echo, GET} route"}
{"level":30,"time":1775154778844,"service":"flydea-api","msg":"Mapped {/tax-integration/echo, POST} route"}
{"level":30,"time":1775154778844,"service":"flydea-api","msg":"Mapped {/tax-integration/connectors, GET} route"}
{"level":30,"time":1775154778844,"service":"flydea-api","msg":"Mapped {/tax-integration/connectors, POST} route"}
{"level":30,"time":1775154778844,"service":"flydea-api","msg":"Mapped {/tax-integration/connectors/:id, PATCH} route"}
{"level":30,"time":1775154778844,"service":"flydea-api","msg":"Mapped {/tax-integration/connectors/:id/test-connection, POST} route"}
{"level":30,"time":1775154778845,"service":"flydea-api","msg":"Mapped {/tax-integration/connectors/:id/run-sync, POST} route"}
{"level":30,"time":1775154778845,"service":"flydea-api","msg":"Mapped {/tax-integration/connectors/:id/logs, GET} route"}
{"level":30,"time":1775154778845,"service":"flydea-api","msg":"NotificationsLettersController {/notifications-letters}:"}
{"level":30,"time":1775154778845,"service":"flydea-api","msg":"Mapped {/notifications-letters/templates, GET} route"}
{"level":30,"time":1775154778845,"service":"flydea-api","msg":"Mapped {/notifications-letters/templates, POST} route"}
{"level":30,"time":1775154778845,"service":"flydea-api","msg":"Mapped {/notifications-letters/templates/:id, PATCH} route"}
{"level":30,"time":1775154778845,"service":"flydea-api","msg":"Mapped {/notifications-letters/templates/preview, POST} route"}
{"level":30,"time":1775154778845,"service":"flydea-api","msg":"Mapped {/notifications-letters/batches/generate, POST} route"}
{"level":30,"time":1775154778845,"service":"flydea-api","msg":"Mapped {/notifications-letters/batches, GET} route"}
{"level":30,"time":1775154778845,"service":"flydea-api","msg":"Mapped {/notifications-letters/batches/:id, GET} route"}
{"level":30,"time":1775154778845,"service":"flydea-api","msg":"Mapped {/notifications-letters/batches/:batchId/letters/:letterId/status, PATCH} route"}
{"level":30,"time":1775154778845,"service":"flydea-api","msg":"Mapped {/notifications-letters/batches/:batchId/letters/:letterId/download, GET} route"}
{"level":30,"time":1775154778845,"service":"flydea-api","msg":"SurveysController {/surveys}:"}
{"level":30,"time":1775154778845,"service":"flydea-api","msg":"Mapped {/surveys, GET} route"}
{"level":30,"time":1775154778845,"service":"flydea-api","msg":"Mapped {/surveys/:id, GET} route"}
{"level":30,"time":1775154778845,"service":"flydea-api","msg":"Mapped {/surveys, POST} route"}
{"level":30,"time":1775154778845,"service":"flydea-api","msg":"Mapped {/surveys/:id, PATCH} route"}
{"level":30,"time":1775154778845,"service":"flydea-api","msg":"Mapped {/surveys/:id/files/presign-upload, POST} route"}
{"level":30,"time":1775154778845,"service":"flydea-api","msg":"Mapped {/surveys/:id/files/complete, POST} route"}
{"level":30,"time":1775154778845,"service":"flydea-api","msg":"Mapped {/surveys/:id/files, GET} route"}
{"level":30,"time":1775154778845,"service":"flydea-api","msg":"Mapped {/surveys/:id/files/:fileId/download, GET} route"}
{"level":30,"time":1775154778845,"service":"flydea-api","msg":"Mapped {/surveys/:id/qa, PATCH} route"}
{"level":30,"time":1775154778845,"service":"flydea-api","msg":"Mapped {/surveys/:id/publish, POST} route"}
{"level":30,"time":1775154778845,"service":"flydea-api","msg":"MobileController {/mobile}:"}
{"level":30,"time":1775154778845,"service":"flydea-api","msg":"Mapped {/mobile/ctm-sync, POST} route"}
{"level":30,"time":1775154778845,"service":"flydea-api","msg":"Mapped {/mobile/ctm-sync, GET} route"}
{"level":30,"time":1775154778845,"service":"flydea-api","msg":"Mapped {/mobile/dashboard, GET} route"}
{"level":30,"time":1775154778845,"service":"flydea-api","msg":"PocController {/poc}:"}
{"level":30,"time":1775154778845,"service":"flydea-api","msg":"Mapped {/poc/health, GET} route"}
{"level":30,"time":1775154778845,"service":"flydea-api","msg":"Mapped {/poc/score, GET} route"}
{"level":30,"time":1775154778845,"service":"flydea-api","msg":"ReurbController {/reurb}:"}
{"level":30,"time":1775154778845,"service":"flydea-api","msg":"Mapped {/reurb/tenant-config, GET} route"}
{"level":30,"time":1775154778845,"service":"flydea-api","msg":"Mapped {/reurb/tenant-config, PUT} route"}
{"level":30,"time":1775154778845,"service":"flydea-api","msg":"Mapped {/reurb/projects, POST} route"}
{"level":30,"time":1775154778845,"service":"flydea-api","msg":"Mapped {/reurb/projects, GET} route"}
{"level":30,"time":1775154778845,"service":"flydea-api","msg":"Mapped {/reurb/projects/:id, PATCH} route"}
{"level":30,"time":1775154778845,"service":"flydea-api","msg":"Mapped {/reurb/families, POST} route"}
{"level":30,"time":1775154778845,"service":"flydea-api","msg":"Mapped {/reurb/families/import.csv, POST} route"}
{"level":30,"time":1775154778845,"service":"flydea-api","msg":"Mapped {/reurb/families, GET} route"}
{"level":30,"time":1775154778845,"service":"flydea-api","msg":"Mapped {/reurb/families/:id, PATCH} route"}
{"level":30,"time":1775154778845,"service":"flydea-api","msg":"Mapped {/reurb/families/export.csv, POST} route"}
{"level":30,"time":1775154778845,"service":"flydea-api","msg":"Mapped {/reurb/families/export.xlsx, POST} route"}
{"level":30,"time":1775154778845,"service":"flydea-api","msg":"Mapped {/reurb/families/export.json, POST} route"}
{"level":30,"time":1775154778845,"service":"flydea-api","msg":"Mapped {/reurb/planilha-sintese/generate, POST} route"}
{"level":30,"time":1775154778845,"service":"flydea-api","msg":"Mapped {/reurb/pendencies, POST} route"}
{"level":30,"time":1775154778845,"service":"flydea-api","msg":"Mapped {/reurb/units, POST} route"}
{"level":30,"time":1775154778845,"service":"flydea-api","msg":"Mapped {/reurb/units, GET} route"}
{"level":30,"time":1775154778845,"service":"flydea-api","msg":"Mapped {/reurb/units/:id, PATCH} route"}
{"level":30,"time":1775154778845,"service":"flydea-api","msg":"Mapped {/reurb/pendencies, GET} route"}
{"level":30,"time":1775154778845,"service":"flydea-api","msg":"Mapped {/reurb/pendencies/:id/status, PATCH} route"}
{"level":30,"time":1775154778845,"service":"flydea-api","msg":"Mapped {/reurb/pendencies/stream, GET} route"}
{"level":30,"time":1775154778845,"service":"flydea-api","msg":"Mapped {/reurb/documents/presign-upload, POST} route"}
{"level":30,"time":1775154778845,"service":"flydea-api","msg":"Mapped {/reurb/documents/complete-upload, POST} route"}
{"level":30,"time":1775154778845,"service":"flydea-api","msg":"Mapped {/reurb/project-documents/presign-upload, POST} route"}
{"level":30,"time":1775154778845,"service":"flydea-api","msg":"Mapped {/reurb/project-documents/complete-upload, POST} route"}
{"level":30,"time":1775154778845,"service":"flydea-api","msg":"Mapped {/reurb/unit-documents/presign-upload, POST} route"}
{"level":30,"time":1775154778845,"service":"flydea-api","msg":"Mapped {/reurb/unit-documents/complete-upload, POST} route"}
{"level":30,"time":1775154778845,"service":"flydea-api","msg":"Mapped {/reurb/dossier, GET} route"}
{"level":30,"time":1775154778845,"service":"flydea-api","msg":"Mapped {/reurb/notification-templates, GET} route"}
{"level":30,"time":1775154778845,"service":"flydea-api","msg":"Mapped {/reurb/notification-templates, POST} route"}
{"level":30,"time":1775154778845,"service":"flydea-api","msg":"Mapped {/reurb/notification-templates/:id, PATCH} route"}
{"level":30,"time":1775154778845,"service":"flydea-api","msg":"Mapped {/reurb/notifications, GET} route"}
{"level":30,"time":1775154778845,"service":"flydea-api","msg":"Mapped {/reurb/notifications/send-email, POST} route"}
{"level":30,"time":1775154778845,"service":"flydea-api","msg":"Mapped {/reurb/notifications/evidence/presign-upload, POST} route"}
{"level":30,"time":1775154778845,"service":"flydea-api","msg":"Mapped {/reurb/notifications/:id/evidence, POST} route"}
{"level":30,"time":1775154778845,"service":"flydea-api","msg":"Mapped {/reurb/integrations/ping, POST} route"}
{"level":30,"time":1775154778845,"service":"flydea-api","msg":"Mapped {/reurb/cartorio/package, POST} route"}
{"level":30,"time":1775154778845,"service":"flydea-api","msg":"Mapped {/reurb/deliverables, GET} route"}
{"level":30,"time":1775154778845,"service":"flydea-api","msg":"Mapped {/reurb/deliverables/:id/download, GET} route"}
{"level":30,"time":1775154778845,"service":"flydea-api","msg":"Mapped {/reurb/audit, GET} route"}
{"level":30,"time":1775154778845,"service":"flydea-api","msg":"CertificatesController {/certificates}:"}
{"level":30,"time":1775154778845,"service":"flydea-api","msg":"Mapped {/certificates, GET} route"}
{"level":30,"time":1775154778845,"service":"flydea-api","msg":"Mapped {/certificates/validate/:code, GET} route"}
{"level":30,"time":1775154778845,"service":"flydea-api","msg":"Mapped {/certificates/validate, GET} route"}
{"level":30,"time":1775154778845,"service":"flydea-api","msg":"Mapped {/certificates/:id, GET} route"}
{"level":30,"time":1775154778845,"service":"flydea-api","msg":"Mapped {/certificates, POST} route"}
{"level":30,"time":1775154778845,"service":"flydea-api","msg":"MonitoringController {/monitoring}:"}
{"level":30,"time":1775154778845,"service":"flydea-api","msg":"Mapped {/monitoring/events, GET} route"}
{"level":30,"time":1775154778845,"service":"flydea-api","msg":"Mapped {/monitoring/events, POST} route"}
{"level":30,"time":1775154778845,"service":"flydea-api","msg":"Mapped {/monitoring/events/:id, GET} route"}
{"level":30,"time":1775154778845,"service":"flydea-api","msg":"Mapped {/monitoring/events/:id, PATCH} route"}
{"level":30,"time":1775154778845,"service":"flydea-api","msg":"Mapped {/monitoring/events/:id/triage, POST} route"}
{"level":30,"time":1775154778845,"service":"flydea-api","msg":"Mapped {/monitoring/events/:id/assign, POST} route"}
{"level":30,"time":1775154778845,"service":"flydea-api","msg":"Mapped {/monitoring/events/:id/notify, POST} route"}
{"level":30,"time":1775154778845,"service":"flydea-api","msg":"Mapped {/monitoring/events/:id/close, POST} route"}
{"level":30,"time":1775154778845,"service":"flydea-api","msg":"Mapped {/monitoring/dashboard, GET} route"}
{"level":30,"time":1775154778845,"service":"flydea-api","msg":"ObservatoryController {/observatory}:"}
{"level":30,"time":1775154778845,"service":"flydea-api","msg":"Mapped {/observatory/market, GET} route"}
{"level":30,"time":1775154778845,"service":"flydea-api","msg":"Mapped {/observatory/market/export.csv, GET} route"}
{"level":30,"time":1775154778845,"service":"flydea-api","msg":"IntegrationHubController {/integration-hub}:"}
{"level":30,"time":1775154778845,"service":"flydea-api","msg":"Mapped {/integration-hub/adapters, GET} route"}
{"level":30,"time":1775154778845,"service":"flydea-api","msg":"Mapped {/integration-hub/portal-links, GET} route"}
{"level":30,"time":1775154778845,"service":"flydea-api","msg":"Mapped {/integration-hub/portal-link, POST} route"}
{"level":30,"time":1775154778845,"service":"flydea-api","msg":"Mapped {/integration-hub/oidc-link, POST} route"}
{"level":30,"time":1775154778845,"service":"flydea-api","msg":"Nest application successfully started"}
{"level":30,"time":1775154778847,"service":"flydea-api","msg":"API started on port 4000"}
{"level":30,"time":1775154778850,"service":"flydea-api","msg":"Rate limiter using Redis backend"}
{"level":30,"time":1775154778851,"service":"flydea-api","msg":"Admin: 1000 req/min (bulk operations)"}
{"level":30,"time":1775154778851,"service":"flydea-api","msg":"Gestor: 300 req/min (project management)"}
{"level":30,"time":1775154778851,"service":"flydea-api","msg":"Operador: 120 req/min (field operations)"}
{"level":30,"time":1775154778851,"service":"flydea-api","msg":"Leitor: 60 req/min (read-only)"}
{"level":30,"time":1775154778851,"service":"flydea-api","msg":"Anonymous: 30 req/min (public endpoints)"}
[2J[3J[H[[90m3:33:00 PM[0m] File change detected. Starting incremental compilation...

[[90m3:33:00 PM[0m] Found 0 errors. Watching for file changes.

(node:66554) [MONGOOSE] Warning: `errors` is a reserved schema pathname and may break some functionality. You are allowed to use it, but use at your own risk. To disable this warning pass `suppressReservedKeysWarning` as a schema option.
(Use `node --trace-warnings ...` to show where the warning was created)
{"level":30,"time":1775154781072,"service":"flydea-api","msg":"Starting Nest application..."}
{"level":30,"time":1775154781072,"service":"flydea-api","msg":"LoggerModule dependencies initialized"}
{"level":30,"time":1775154781072,"service":"flydea-api","msg":"MongooseModule dependencies initialized"}
{"level":30,"time":1775154781072,"service":"flydea-api","msg":"JwtModule dependencies initialized"}
{"level":30,"time":1775154781072,"service":"flydea-api","msg":"ConfigHostModule dependencies initialized"}
{"level":30,"time":1775154781072,"service":"flydea-api","msg":"SharedModule dependencies initialized"}
{"level":30,"time":1775154781072,"service":"flydea-api","msg":"MetricsModule dependencies initialized"}
{"level":30,"time":1775154781072,"service":"flydea-api","msg":"PocModule dependencies initialized"}
{"level":30,"time":1775154781072,"service":"flydea-api","msg":"ConfigModule dependencies initialized"}
{"level":30,"time":1775154781072,"service":"flydea-api","msg":"AppModule dependencies initialized"}
{"level":30,"time":1775154781072,"service":"flydea-api","msg":"Rate limiter using Redis backend"}
{"level":30,"time":1775154781072,"service":"flydea-api","msg":"Admin: 1000 req/min (bulk operations)"}
{"level":30,"time":1775154781072,"service":"flydea-api","msg":"Gestor: 300 req/min (project management)"}
{"level":30,"time":1775154781072,"service":"flydea-api","msg":"Operador: 120 req/min (field operations)"}
{"level":30,"time":1775154781072,"service":"flydea-api","msg":"Leitor: 60 req/min (read-only)"}
{"level":30,"time":1775154781072,"service":"flydea-api","msg":"Anonymous: 30 req/min (public endpoints)"}
{"level":30,"time":1775154781072,"service":"flydea-api","msg":"MongooseCoreModule dependencies initialized"}
{"level":30,"time":1775154781072,"service":"flydea-api","msg":"MongooseModule dependencies initialized"}
{"level":30,"time":1775154781072,"service":"flydea-api","msg":"MongooseModule dependencies initialized"}
{"level":30,"time":1775154781072,"service":"flydea-api","msg":"MongooseModule dependencies initialized"}
{"level":30,"time":1775154781072,"service":"flydea-api","msg":"MongooseModule dependencies initialized"}
{"level":30,"time":1775154781072,"service":"flydea-api","msg":"MongooseModule dependencies initialized"}
{"level":30,"time":1775154781072,"service":"flydea-api","msg":"MongooseModule dependencies initialized"}
{"level":30,"time":1775154781072,"service":"flydea-api","msg":"MongooseModule dependencies initialized"}
{"level":30,"time":1775154781072,"service":"flydea-api","msg":"MongooseModule dependencies initialized"}
{"level":30,"time":1775154781072,"service":"flydea-api","msg":"MongooseModule dependencies initialized"}
{"level":30,"time":1775154781072,"service":"flydea-api","msg":"MongooseModule dependencies initialized"}
{"level":30,"time":1775154781072,"service":"flydea-api","msg":"MongooseModule dependencies initialized"}
{"level":30,"time":1775154781072,"service":"flydea-api","msg":"MongooseModule dependencies initialized"}
{"level":30,"time":1775154781072,"service":"flydea-api","msg":"MongooseModule dependencies initialized"}
{"level":30,"time":1775154781072,"service":"flydea-api","msg":"MongooseModule dependencies initialized"}
{"level":30,"time":1775154781072,"service":"flydea-api","msg":"MongooseModule dependencies initialized"}
{"level":30,"time":1775154781072,"service":"flydea-api","msg":"MongooseModule dependencies initialized"}
{"level":30,"time":1775154781072,"service":"flydea-api","msg":"MongooseModule dependencies initialized"}
{"level":30,"time":1775154781072,"service":"flydea-api","msg":"MongooseModule dependencies initialized"}
{"level":30,"time":1775154781072,"service":"flydea-api","msg":"MongooseModule dependencies initialized"}
{"level":30,"time":1775154781072,"service":"flydea-api","msg":"MongooseModule dependencies initialized"}
{"level":30,"time":1775154781072,"service":"flydea-api","msg":"MongooseModule dependencies initialized"}
{"level":30,"time":1775154781072,"service":"flydea-api","msg":"MongooseModule dependencies initialized"}
{"level":30,"time":1775154781072,"service":"flydea-api","msg":"MongooseModule dependencies initialized"}
{"level":30,"time":1775154781072,"service":"flydea-api","msg":"MongooseModule dependencies initialized"}
{"level":30,"time":1775154781072,"service":"flydea-api","msg":"MongooseModule dependencies initialized"}
{"level":30,"time":1775154781072,"service":"flydea-api","msg":"MongooseModule dependencies initialized"}
{"level":30,"time":1775154781072,"service":"flydea-api","msg":"MongooseModule dependencies initialized"}
{"level":30,"time":1775154781072,"service":"flydea-api","msg":"MongooseModule dependencies initialized"}
{"level":30,"time":1775154781072,"service":"flydea-api","msg":"MongooseModule dependencies initialized"}
{"level":30,"time":1775154781072,"service":"flydea-api","msg":"MongooseModule dependencies initialized"}
{"level":30,"time":1775154781072,"service":"flydea-api","msg":"HealthModule dependencies initialized"}
{"level":30,"time":1775154781072,"service":"flydea-api","msg":"UploadsModule dependencies initialized"}
{"level":30,"time":1775154781072,"service":"flydea-api","msg":"AreasModule dependencies initialized"}
{"level":30,"time":1775154781072,"service":"flydea-api","msg":"OsmModule dependencies initialized"}
{"level":30,"time":1775154781072,"service":"flydea-api","msg":"UsersModule dependencies initialized"}
{"level":30,"time":1775154781072,"service":"flydea-api","msg":"TenantsModule dependencies initialized"}
{"level":30,"time":1775154781072,"service":"flydea-api","msg":"MembershipsModule dependencies initialized"}
{"level":30,"time":1775154781072,"service":"flydea-api","msg":"ProcessesModule dependencies initialized"}
{"level":30,"time":1775154781072,"service":"flydea-api","msg":"AlertsModule dependencies initialized"}
{"level":30,"time":1775154781072,"service":"flydea-api","msg":"AssetsModule dependencies initialized"}
{"level":30,"time":1775154781072,"service":"flydea-api","msg":"ProjectsModule dependencies initialized"}
{"level":30,"time":1775154781072,"service":"flydea-api","msg":"CemeteryModule dependencies initialized"}
{"level":30,"time":1775154781072,"service":"flydea-api","msg":"LayersModule dependencies initialized"}
{"level":30,"time":1775154781072,"service":"flydea-api","msg":"CertificatesModule dependencies initialized"}
{"level":30,"time":1775154781072,"service":"flydea-api","msg":"IntegrationHubModule dependencies initialized"}
{"level":30,"time":1775154781072,"service":"flydea-api","msg":"MonitoringModule dependencies initialized"}
{"level":30,"time":1775154781072,"service":"flydea-api","msg":"PermitsBusinessModule dependencies initialized"}
{"level":30,"time":1775154781072,"service":"flydea-api","msg":"EnvironmentModule dependencies initialized"}
{"level":30,"time":1775154781072,"service":"flydea-api","msg":"PublicWorksModule dependencies initialized"}
{"level":30,"time":1775154781072,"service":"flydea-api","msg":"ComplianceModule dependencies initialized"}
{"level":30,"time":1775154781072,"service":"flydea-api","msg":"TaxIntegrationModule dependencies initialized"}
{"level":30,"time":1775154781072,"service":"flydea-api","msg":"SurveysModule dependencies initialized"}
{"level":30,"time":1775154781072,"service":"flydea-api","msg":"ReurbModule dependencies initialized"}
{"level":30,"time":1775154781072,"service":"flydea-api","msg":"PermitsWorksModule dependencies initialized"}
{"level":30,"time":1775154781072,"service":"flydea-api","msg":"NotificationsLettersModule dependencies initialized"}
{"level":30,"time":1775154781072,"service":"flydea-api","msg":"MobileModule dependencies initialized"}
{"level":30,"time":1775154781072,"service":"flydea-api","msg":"Citizen156Module dependencies initialized"}
{"level":30,"time":1775154781072,"service":"flydea-api","msg":"MapFeaturesModule dependencies initialized"}
{"level":30,"time":1775154781073,"service":"flydea-api","msg":"AuthModule dependencies initialized"}
{"level":30,"time":1775154781073,"service":"flydea-api","msg":"ObservatoryModule dependencies initialized"}
{"level":30,"time":1775154781073,"service":"flydea-api","msg":"CtmModule dependencies initialized"}
{"level":30,"time":1775154781073,"service":"flydea-api","msg":"PgvModule dependencies initialized"}
{"level":30,"time":1775154781073,"service":"flydea-api","msg":"DashboardModule dependencies initialized"}
{"level":30,"time":1775154781073,"service":"flydea-api","msg":"AuthController {/auth}:"}
{"level":30,"time":1775154781073,"service":"flydea-api","msg":"Mapped {/auth/login, POST} route"}
{"level":30,"time":1775154781073,"service":"flydea-api","msg":"Mapped {/auth/refresh, POST} route"}
{"level":30,"time":1775154781073,"service":"flydea-api","msg":"Mapped {/auth/logout, POST} route"}
{"level":30,"time":1775154781073,"service":"flydea-api","msg":"Mapped {/auth/portal/exchange, POST} route"}
{"level":30,"time":1775154781073,"service":"flydea-api","msg":"Mapped {/auth/portal/logout, POST} route"}
{"level":30,"time":1775154781073,"service":"flydea-api","msg":"Mapped {/auth/oidc/authorize, POST} route"}
{"level":30,"time":1775154781073,"service":"flydea-api","msg":"Mapped {/auth/oidc/callback, POST} route"}
{"level":30,"time":1775154781073,"service":"flydea-api","msg":"Mapped {/auth/forgot-password, POST} route"}
{"level":30,"time":1775154781073,"service":"flydea-api","msg":"Mapped {/auth/reset-password, POST} route"}
{"level":30,"time":1775154781073,"service":"flydea-api","msg":"Mapped {/auth/change-password, POST} route"}
{"level":30,"time":1775154781073,"service":"flydea-api","msg":"Mapped {/auth/session, GET} route"}
{"level":30,"time":1775154781073,"service":"flydea-api","msg":"Mapped {/auth/institutional-readiness, GET} route"}
{"level":30,"time":1775154781073,"service":"flydea-api","msg":"UsersController {/admin/users}:"}
{"level":30,"time":1775154781073,"service":"flydea-api","msg":"Mapped {/admin/users, POST} route"}
{"level":30,"time":1775154781073,"service":"flydea-api","msg":"TenantsController {/tenants}:"}
{"level":30,"time":1775154781073,"service":"flydea-api","msg":"Mapped {/tenants, POST} route"}
{"level":30,"time":1775154781073,"service":"flydea-api","msg":"Mapped {/tenants/me, GET} route"}
{"level":30,"time":1775154781073,"service":"flydea-api","msg":"MembershipsController {/admin/memberships}:"}
{"level":30,"time":1775154781073,"service":"flydea-api","msg":"Mapped {/admin/memberships, POST} route"}
{"level":30,"time":1775154781073,"service":"flydea-api","msg":"ProcessesController {/processes}:"}
{"level":30,"time":1775154781073,"service":"flydea-api","msg":"Mapped {/processes, GET} route"}
{"level":30,"time":1775154781073,"service":"flydea-api","msg":"Mapped {/processes/:id, GET} route"}
{"level":30,"time":1775154781073,"service":"flydea-api","msg":"Mapped {/processes, POST} route"}
{"level":30,"time":1775154781073,"service":"flydea-api","msg":"Mapped {/processes/:id, PATCH} route"}
{"level":30,"time":1775154781073,"service":"flydea-api","msg":"Mapped {/processes/:id/transition, POST} route"}
{"level":30,"time":1775154781073,"service":"flydea-api","msg":"Mapped {/processes/:id/events, GET} route"}
{"level":30,"time":1775154781073,"service":"flydea-api","msg":"Mapped {/processes/:id, DELETE} route"}
{"level":30,"time":1775154781073,"service":"flydea-api","msg":"AlertsController {/alerts}:"}
{"level":30,"time":1775154781073,"service":"flydea-api","msg":"Mapped {/alerts, GET} route"}
{"level":30,"time":1775154781073,"service":"flydea-api","msg":"Mapped {/alerts/:id, GET} route"}
{"level":30,"time":1775154781073,"service":"flydea-api","msg":"Mapped {/alerts, POST} route"}
{"level":30,"time":1775154781073,"service":"flydea-api","msg":"Mapped {/alerts/:id, PATCH} route"}
{"level":30,"time":1775154781073,"service":"flydea-api","msg":"Mapped {/alerts/:id/ack, POST} route"}
{"level":30,"time":1775154781073,"service":"flydea-api","msg":"Mapped {/alerts/:id/resolve, POST} route"}
{"level":30,"time":1775154781073,"service":"flydea-api","msg":"Mapped {/alerts/:id, DELETE} route"}
{"level":30,"time":1775154781073,"service":"flydea-api","msg":"Mapped {/alerts/:id/stage, POST} route"}
{"level":30,"time":1775154781073,"service":"flydea-api","msg":"AssetsController {/assets}:"}
{"level":30,"time":1775154781073,"service":"flydea-api","msg":"Mapped {/assets, GET} route"}
{"level":30,"time":1775154781073,"service":"flydea-api","msg":"Mapped {/assets/:id, GET} route"}
{"level":30,"time":1775154781073,"service":"flydea-api","msg":"Mapped {/assets, POST} route"}
{"level":30,"time":1775154781073,"service":"flydea-api","msg":"Mapped {/assets/:id, PATCH} route"}
{"level":30,"time":1775154781073,"service":"flydea-api","msg":"Mapped {/assets/:id, DELETE} route"}
{"level":30,"time":1775154781073,"service":"flydea-api","msg":"DashboardController {/dashboard}:"}
{"level":30,"time":1775154781073,"service":"flydea-api","msg":"Mapped {/dashboard/kpis, GET} route"}
{"level":30,"time":1775154781073,"service":"flydea-api","msg":"Mapped {/dashboard/executive, GET} route"}
{"level":30,"time":1775154781073,"service":"flydea-api","msg":"Mapped {/dashboard/layout, GET} route"}
{"level":30,"time":1775154781073,"service":"flydea-api","msg":"Mapped {/dashboard/layout, PATCH} route"}
{"level":30,"time":1775154781073,"service":"flydea-api","msg":"PermitsWorksController {/permits-works}:"}
{"level":30,"time":1775154781073,"service":"flydea-api","msg":"Mapped {/permits-works, GET} route"}
{"level":30,"time":1775154781073,"service":"flydea-api","msg":"Mapped {/permits-works/:id, GET} route"}
{"level":30,"time":1775154781073,"service":"flydea-api","msg":"Mapped {/permits-works, POST} route"}
{"level":30,"time":1775154781073,"service":"flydea-api","msg":"Mapped {/permits-works/:id, PATCH} route"}
{"level":30,"time":1775154781073,"service":"flydea-api","msg":"Mapped {/permits-works/:id/invoices, POST} route"}
{"level":30,"time":1775154781073,"service":"flydea-api","msg":"Mapped {/permits-works/:id/issue, POST} route"}
{"level":30,"time":1775154781073,"service":"flydea-api","msg":"ProjectsController {/projects}:"}
{"level":30,"time":1775154781073,"service":"flydea-api","msg":"Mapped {/projects, GET} route"}
{"level":30,"time":1775154781073,"service":"flydea-api","msg":"Mapped {/projects/:id, GET} route"}
{"level":30,"time":1775154781073,"service":"flydea-api","msg":"Mapped {/projects, POST} route"}
{"level":30,"time":1775154781073,"service":"flydea-api","msg":"Mapped {/projects/:id, PATCH} route"}
{"level":30,"time":1775154781073,"service":"flydea-api","msg":"PermitsBusinessController {/permits-business}:"}
{"level":30,"time":1775154781073,"service":"flydea-api","msg":"Mapped {/permits-business, GET} route"}
{"level":30,"time":1775154781073,"service":"flydea-api","msg":"Mapped {/permits-business/:id, GET} route"}
{"level":30,"time":1775154781073,"service":"flydea-api","msg":"Mapped {/permits-business, POST} route"}
{"level":30,"time":1775154781073,"service":"flydea-api","msg":"Mapped {/permits-business/:id, PATCH} route"}
{"level":30,"time":1775154781073,"service":"flydea-api","msg":"Mapped {/permits-business/:id/taxes, POST} route"}
{"level":30,"time":1775154781073,"service":"flydea-api","msg":"Mapped {/permits-business/:id/issue, POST} route"}
{"level":30,"time":1775154781073,"service":"flydea-api","msg":"Citizen156Controller {/citizen-156}:"}
{"level":30,"time":1775154781073,"service":"flydea-api","msg":"Mapped {/citizen-156/calls, GET} route"}
{"level":30,"time":1775154781073,"service":"flydea-api","msg":"Mapped {/citizen-156/summary, GET} route"}
{"level":30,"time":1775154781073,"service":"flydea-api","msg":"Mapped {/citizen-156/calls/:id, GET} route"}
{"level":30,"time":1775154781073,"service":"flydea-api","msg":"Mapped {/citizen-156/calls, POST} route"}
{"level":30,"time":1775154781073,"service":"flydea-api","msg":"Mapped {/citizen-156/calls/:id, PATCH} route"}
{"level":30,"time":1775154781073,"service":"flydea-api","msg":"EnvironmentController {/environment}:"}
{"level":30,"time":1775154781073,"service":"flydea-api","msg":"Mapped {/environment/cases, GET} route"}
{"level":30,"time":1775154781073,"service":"flydea-api","msg":"Mapped {/environment/summary, GET} route"}
{"level":30,"time":1775154781073,"service":"flydea-api","msg":"Mapped {/environment/cases/:id, GET} route"}
{"level":30,"time":1775154781073,"service":"flydea-api","msg":"Mapped {/environment/cases, POST} route"}
{"level":30,"time":1775154781073,"service":"flydea-api","msg":"Mapped {/environment/cases/:id, PATCH} route"}
{"level":30,"time":1775154781073,"service":"flydea-api","msg":"Mapped {/environment/cases/:id/report, POST} route"}
{"level":30,"time":1775154781073,"service":"flydea-api","msg":"PublicWorksController {/public-works}:"}
{"level":30,"time":1775154781073,"service":"flydea-api","msg":"Mapped {/public-works, GET} route"}
{"level":30,"time":1775154781073,"service":"flydea-api","msg":"Mapped {/public-works/summary, GET} route"}
{"level":30,"time":1775154781073,"service":"flydea-api","msg":"Mapped {/public-works/:id, GET} route"}
{"level":30,"time":1775154781073,"service":"flydea-api","msg":"Mapped {/public-works, POST} route"}
{"level":30,"time":1775154781073,"service":"flydea-api","msg":"Mapped {/public-works/:id, PATCH} route"}
{"level":30,"time":1775154781073,"service":"flydea-api","msg":"Mapped {/public-works/:id/stage, POST} route"}
{"level":30,"time":1775154781073,"service":"flydea-api","msg":"Mapped {/public-works/:id/measurements, POST} route"}
{"level":30,"time":1775154781073,"service":"flydea-api","msg":"Mapped {/public-works/:id/evidence, POST} route"}
{"level":30,"time":1775154781073,"service":"flydea-api","msg":"Mapped {/public-works/:id, DELETE} route"}
{"level":30,"time":1775154781073,"service":"flydea-api","msg":"CemeteryController {/cemetery}:"}
{"level":30,"time":1775154781073,"service":"flydea-api","msg":"Mapped {/cemetery, GET} route"}
{"level":30,"time":1775154781073,"service":"flydea-api","msg":"Mapped {/cemetery/summary, GET} route"}
{"level":30,"time":1775154781073,"service":"flydea-api","msg":"Mapped {/cemetery/:id, GET} route"}
{"level":30,"time":1775154781073,"service":"flydea-api","msg":"Mapped {/cemetery, POST} route"}
{"level":30,"time":1775154781073,"service":"flydea-api","msg":"Mapped {/cemetery/:id, PATCH} route"}
{"level":30,"time":1775154781073,"service":"flydea-api","msg":"Mapped {/cemetery/:id/documents, POST} route"}
{"level":30,"time":1775154781073,"service":"flydea-api","msg":"Mapped {/cemetery/:id, DELETE} route"}
{"level":30,"time":1775154781073,"service":"flydea-api","msg":"HealthController {/health}:"}
{"level":30,"time":1775154781073,"service":"flydea-api","msg":"Mapped {/health, GET} route"}
{"level":30,"time":1775154781073,"service":"flydea-api","msg":"LayersController {/layers}:"}
{"level":30,"time":1775154781073,"service":"flydea-api","msg":"Mapped {/layers, GET} route"}
{"level":30,"time":1775154781073,"service":"flydea-api","msg":"Mapped {/layers/:id, PATCH} route"}
{"level":30,"time":1775154781073,"service":"flydea-api","msg":"AreasController {/areas}:"}
{"level":30,"time":1775154781073,"service":"flydea-api","msg":"Mapped {/areas, GET} route"}
{"level":30,"time":1775154781073,"service":"flydea-api","msg":"ParcelsController {/ctm/parcels}:"}
{"level":30,"time":1775154781073,"service":"flydea-api","msg":"Mapped {/ctm/parcels, GET} route"}
{"level":30,"time":1775154781073,"service":"flydea-api","msg":"Mapped {/ctm/parcels/pendencias, GET} route"}
{"level":30,"time":1775154781073,"service":"flydea-api","msg":"Mapped {/ctm/parcels/geojson, GET} route"}
{"level":30,"time":1775154781073,"service":"flydea-api","msg":"Mapped {/ctm/parcels/:id, GET} route"}
{"level":30,"time":1775154781073,"service":"flydea-api","msg":"Mapped {/ctm/parcels/:id/summary, GET} route"}
{"level":30,"time":1775154781073,"service":"flydea-api","msg":"Mapped {/ctm/parcels/:id/history, GET} route"}
{"level":30,"time":1775154781073,"service":"flydea-api","msg":"Mapped {/ctm/parcels, POST} route"}
{"level":30,"time":1775154781073,"service":"flydea-api","msg":"Mapped {/ctm/parcels/:id, PATCH} route"}
{"level":30,"time":1775154781073,"service":"flydea-api","msg":"Mapped {/ctm/parcels/:id, DELETE} route"}
{"level":30,"time":1775154781073,"service":"flydea-api","msg":"Mapped {/ctm/parcels/:id/building, PUT} route"}
{"level":30,"time":1775154781073,"service":"flydea-api","msg":"Mapped {/ctm/parcels/:id/socioeconomic, PUT} route"}
{"level":30,"time":1775154781073,"service":"flydea-api","msg":"Mapped {/ctm/parcels/:id/infrastructure, PUT} route"}
{"level":30,"time":1775154781073,"service":"flydea-api","msg":"Mapped {/ctm/parcels/import, POST} route"}
{"level":30,"time":1775154781073,"service":"flydea-api","msg":"ProjectParcelsController {/api/projects/:projectId/parcels}:"}
{"level":30,"time":1775154781073,"service":"flydea-api","msg":"Mapped {/api/projects/:projectId/parcels, GET} route"}
{"level":30,"time":1775154781073,"service":"flydea-api","msg":"Mapped {/api/projects/:projectId/parcels/pendencias, GET} route"}
{"level":30,"time":1775154781073,"service":"flydea-api","msg":"Mapped {/api/projects/:projectId/parcels/geojson, GET} route"}
{"level":30,"time":1775154781073,"service":"flydea-api","msg":"Mapped {/api/projects/:projectId/parcels/:id, GET} route"}
{"level":30,"time":1775154781073,"service":"flydea-api","msg":"Mapped {/api/projects/:projectId/parcels/:id/summary, GET} route"}
{"level":30,"time":1775154781073,"service":"flydea-api","msg":"Mapped {/api/projects/:projectId/parcels/:id/history, GET} route"}
{"level":30,"time":1775154781073,"service":"flydea-api","msg":"Mapped {/api/projects/:projectId/parcels, POST} route"}
{"level":30,"time":1775154781073,"service":"flydea-api","msg":"Mapped {/api/projects/:projectId/parcels/:id, PATCH} route"}
{"level":30,"time":1775154781073,"service":"flydea-api","msg":"Mapped {/api/projects/:projectId/parcels/:id, DELETE} route"}
{"level":30,"time":1775154781073,"service":"flydea-api","msg":"Mapped {/api/projects/:projectId/parcels/:id/building, PUT} route"}
{"level":30,"time":1775154781073,"service":"flydea-api","msg":"Mapped {/api/projects/:projectId/parcels/:id/socioeconomic, PUT} route"}
{"level":30,"time":1775154781073,"service":"flydea-api","msg":"Mapped {/api/projects/:projectId/parcels/:id/infrastructure, PUT} route"}
{"level":30,"time":1775154781073,"service":"flydea-api","msg":"Mapped {/api/projects/:projectId/parcels/import, POST} route"}
{"level":30,"time":1775154781073,"service":"flydea-api","msg":"LogradourosController {/ctm/logradouros}:"}
{"level":30,"time":1775154781073,"service":"flydea-api","msg":"Mapped {/ctm/logradouros, GET} route"}
{"level":30,"time":1775154781073,"service":"flydea-api","msg":"Mapped {/ctm/logradouros/:id, GET} route"}
{"level":30,"time":1775154781073,"service":"flydea-api","msg":"Mapped {/ctm/logradouros, POST} route"}
{"level":30,"time":1775154781073,"service":"flydea-api","msg":"Mapped {/ctm/logradouros/:id, PATCH} route"}
{"level":30,"time":1775154781073,"service":"flydea-api","msg":"Mapped {/ctm/logradouros/:id, DELETE} route"}
{"level":30,"time":1775154781073,"service":"flydea-api","msg":"UrbanFurnitureController {/ctm/urban-furniture}:"}
{"level":30,"time":1775154781073,"service":"flydea-api","msg":"Mapped {/ctm/urban-furniture, GET} route"}
{"level":30,"time":1775154781073,"service":"flydea-api","msg":"Mapped {/ctm/urban-furniture/geojson, GET} route"}
{"level":30,"time":1775154781073,"service":"flydea-api","msg":"Mapped {/ctm/urban-furniture/:id, GET} route"}
{"level":30,"time":1775154781073,"service":"flydea-api","msg":"Mapped {/ctm/urban-furniture, POST} route"}
{"level":30,"time":1775154781073,"service":"flydea-api","msg":"Mapped {/ctm/urban-furniture/:id, PATCH} route"}
{"level":30,"time":1775154781073,"service":"flydea-api","msg":"Mapped {/ctm/urban-furniture/:id, DELETE} route"}
{"level":30,"time":1775154781073,"service":"flydea-api","msg":"ZonesController {/pgv/zones}:"}
{"level":30,"time":1775154781073,"service":"flydea-api","msg":"Mapped {/pgv/zones, GET} route"}
{"level":30,"time":1775154781073,"service":"flydea-api","msg":"Mapped {/pgv/zones/geojson, GET} route"}
{"level":30,"time":1775154781073,"service":"flydea-api","msg":"Mapped {/pgv/zones/:id, GET} route"}
{"level":30,"time":1775154781073,"service":"flydea-api","msg":"Mapped {/pgv/zones, POST} route"}
{"level":30,"time":1775154781073,"service":"flydea-api","msg":"Mapped {/pgv/zones/:id, PATCH} route"}
{"level":30,"time":1775154781073,"service":"flydea-api","msg":"Mapped {/pgv/zones/:id, DELETE} route"}
{"level":30,"time":1775154781073,"service":"flydea-api","msg":"Mapped {/pgv/zones/import, POST} route"}
{"level":30,"time":1775154781073,"service":"flydea-api","msg":"FacesController {/pgv/faces}:"}
{"level":30,"time":1775154781073,"service":"flydea-api","msg":"Mapped {/pgv/faces, GET} route"}
{"level":30,"time":1775154781073,"service":"flydea-api","msg":"Mapped {/pgv/faces/geojson, GET} route"}
{"level":30,"time":1775154781073,"service":"flydea-api","msg":"Mapped {/pgv/faces/:id, GET} route"}
{"level":30,"time":1775154781073,"service":"flydea-api","msg":"Mapped {/pgv/faces, POST} route"}
{"level":30,"time":1775154781073,"service":"flydea-api","msg":"Mapped {/pgv/faces/:id, PATCH} route"}
{"level":30,"time":1775154781073,"service":"flydea-api","msg":"Mapped {/pgv/faces/:id, DELETE} route"}
{"level":30,"time":1775154781073,"service":"flydea-api","msg":"Mapped {/pgv/faces/import, POST} route"}
{"level":30,"time":1775154781073,"service":"flydea-api","msg":"FactorsController {/pgv/factors}:"}
{"level":30,"time":1775154781073,"service":"flydea-api","msg":"Mapped {/pgv/factors, GET} route"}
{"level":30,"time":1775154781073,"service":"flydea-api","msg":"Mapped {/pgv/factors/:id, GET} route"}
{"level":30,"time":1775154781073,"service":"flydea-api","msg":"Mapped {/pgv/factors, POST} route"}
{"level":30,"time":1775154781073,"service":"flydea-api","msg":"Mapped {/pgv/factors/:id, PATCH} route"}
{"level":30,"time":1775154781073,"service":"flydea-api","msg":"Mapped {/pgv/factors/:id, DELETE} route"}
{"level":30,"time":1775154781073,"service":"flydea-api","msg":"FactorSetsController {/pgv/factor-sets}:"}
{"level":30,"time":1775154781073,"service":"flydea-api","msg":"Mapped {/pgv/factor-sets, GET} route"}
{"level":30,"time":1775154781073,"service":"flydea-api","msg":"Mapped {/pgv/factor-sets, PUT} route"}
{"level":30,"time":1775154781073,"service":"flydea-api","msg":"VersionsController {/pgv/versions}:"}
{"level":30,"time":1775154781073,"service":"flydea-api","msg":"Mapped {/pgv/versions, GET} route"}
{"level":30,"time":1775154781073,"service":"flydea-api","msg":"Mapped {/pgv/versions/active, GET} route"}
{"level":30,"time":1775154781073,"service":"flydea-api","msg":"Mapped {/pgv/versions/:id, GET} route"}
{"level":30,"time":1775154781073,"service":"flydea-api","msg":"Mapped {/pgv/versions, POST} route"}
{"level":30,"time":1775154781073,"service":"flydea-api","msg":"Mapped {/pgv/versions/:id, PATCH} route"}
{"level":30,"time":1775154781073,"service":"flydea-api","msg":"ValuationsController {/pgv/valuations}:"}
{"level":30,"time":1775154781073,"service":"flydea-api","msg":"Mapped {/pgv/valuations, GET} route"}
{"level":30,"time":1775154781073,"service":"flydea-api","msg":"Mapped {/pgv/valuations/parcel/:id, GET} route"}
{"level":30,"time":1775154781073,"service":"flydea-api","msg":"Mapped {/pgv/valuations/parcel/:id/trace, GET} route"}
{"level":30,"time":1775154781073,"service":"flydea-api","msg":"Mapped {/pgv/valuations/calculate, POST} route"}
{"level":30,"time":1775154781073,"service":"flydea-api","msg":"Mapped {/pgv/valuations/export/csv, GET} route"}
{"level":30,"time":1775154781073,"service":"flydea-api","msg":"Mapped {/pgv/valuations/export/geojson, GET} route"}
{"level":30,"time":1775154781073,"service":"flydea-api","msg":"Mapped {/pgv/valuations/impact-report, GET} route"}
{"level":30,"time":1775154781073,"service":"flydea-api","msg":"PgvController {/pgv}:"}
{"level":30,"time":1775154781073,"service":"flydea-api","msg":"Mapped {/pgv/calculate, POST} route"}
{"level":30,"time":1775154781073,"service":"flydea-api","msg":"Mapped {/pgv/recalculate-batch, POST} route"}
{"level":30,"time":1775154781073,"service":"flydea-api","msg":"Mapped {/pgv/report.csv, GET} route"}
{"level":30,"time":1775154781073,"service":"flydea-api","msg":"Mapped {/pgv/parcels.geojson, GET} route"}
{"level":30,"time":1775154781073,"service":"flydea-api","msg":"RoadsController {/osm/roads}:"}
{"level":30,"time":1775154781073,"service":"flydea-api","msg":"Mapped {/osm/roads, GET} route"}
{"level":30,"time":1775154781073,"service":"flydea-api","msg":"Mapped {/osm/roads/geojson, GET} route"}
{"level":30,"time":1775154781073,"service":"flydea-api","msg":"ProjectRoadsController {/api/projects/:projectId/roads}:"}
{"level":30,"time":1775154781073,"service":"flydea-api","msg":"Mapped {/api/projects/:projectId/roads, GET} route"}
{"level":30,"time":1775154781073,"service":"flydea-api","msg":"Mapped {/api/projects/:projectId/roads/geojson, GET} route"}
{"level":30,"time":1775154781073,"service":"flydea-api","msg":"BuildingsController {/osm/buildings}:"}
{"level":30,"time":1775154781073,"service":"flydea-api","msg":"Mapped {/osm/buildings, GET} route"}
{"level":30,"time":1775154781073,"service":"flydea-api","msg":"Mapped {/osm/buildings/geojson, GET} route"}
{"level":30,"time":1775154781073,"service":"flydea-api","msg":"ProjectBuildingsController {/api/projects/:projectId/buildings}:"}
{"level":30,"time":1775154781073,"service":"flydea-api","msg":"Mapped {/api/projects/:projectId/buildings, GET} route"}
{"level":30,"time":1775154781073,"service":"flydea-api","msg":"Mapped {/api/projects/:projectId/buildings/geojson, GET} route"}
{"level":30,"time":1775154781073,"service":"flydea-api","msg":"MapFeaturesController {/map-features}:"}
{"level":30,"time":1775154781073,"service":"flydea-api","msg":"Mapped {/map-features, POST} route"}
{"level":30,"time":1775154781073,"service":"flydea-api","msg":"Mapped {/map-features/:id, PATCH} route"}
{"level":30,"time":1775154781073,"service":"flydea-api","msg":"Mapped {/map-features/:id, DELETE} route"}
{"level":30,"time":1775154781073,"service":"flydea-api","msg":"Mapped {/map-features/geojson, GET} route"}
{"level":30,"time":1775154781073,"service":"flydea-api","msg":"MetricsController {/metrics}:"}
{"level":30,"time":1775154781073,"service":"flydea-api","msg":"Mapped {/metrics, GET} route"}
{"level":30,"time":1775154781073,"service":"flydea-api","msg":"ComplianceController {/compliance}:"}
{"level":30,"time":1775154781073,"service":"flydea-api","msg":"Mapped {/compliance, GET} route"}
{"level":30,"time":1775154781073,"service":"flydea-api","msg":"Mapped {/compliance/company, PUT} route"}
{"level":30,"time":1775154781073,"service":"flydea-api","msg":"Mapped {/compliance/responsibles, POST} route"}
{"level":30,"time":1775154781073,"service":"flydea-api","msg":"Mapped {/compliance/responsibles/:id, PATCH} route"}
{"level":30,"time":1775154781073,"service":"flydea-api","msg":"Mapped {/compliance/responsibles/:id, DELETE} route"}
{"level":30,"time":1775154781073,"service":"flydea-api","msg":"Mapped {/compliance/art-rrt, POST} route"}
{"level":30,"time":1775154781073,"service":"flydea-api","msg":"Mapped {/compliance/art-rrt/:id, PATCH} route"}
{"level":30,"time":1775154781073,"service":"flydea-api","msg":"Mapped {/compliance/art-rrt/:id, DELETE} route"}
{"level":30,"time":1775154781073,"service":"flydea-api","msg":"Mapped {/compliance/cats, POST} route"}
{"level":30,"time":1775154781073,"service":"flydea-api","msg":"Mapped {/compliance/cats/:id, PATCH} route"}
{"level":30,"time":1775154781073,"service":"flydea-api","msg":"Mapped {/compliance/cats/:id, DELETE} route"}
{"level":30,"time":1775154781073,"service":"flydea-api","msg":"Mapped {/compliance/team, POST} route"}
{"level":30,"time":1775154781073,"service":"flydea-api","msg":"Mapped {/compliance/team/:id, PATCH} route"}
{"level":30,"time":1775154781073,"service":"flydea-api","msg":"Mapped {/compliance/team/:id, DELETE} route"}
{"level":30,"time":1775154781073,"service":"flydea-api","msg":"Mapped {/compliance/checklist, PUT} route"}
{"level":30,"time":1775154781073,"service":"flydea-api","msg":"TaxIntegrationController {/tax-integration}:"}
{"level":30,"time":1775154781073,"service":"flydea-api","msg":"Mapped {/tax-integration/echo, GET} route"}
{"level":30,"time":1775154781073,"service":"flydea-api","msg":"Mapped {/tax-integration/echo, POST} route"}
{"level":30,"time":1775154781073,"service":"flydea-api","msg":"Mapped {/tax-integration/connectors, GET} route"}
{"level":30,"time":1775154781073,"service":"flydea-api","msg":"Mapped {/tax-integration/connectors, POST} route"}
{"level":30,"time":1775154781073,"service":"flydea-api","msg":"Mapped {/tax-integration/connectors/:id, PATCH} route"}
{"level":30,"time":1775154781073,"service":"flydea-api","msg":"Mapped {/tax-integration/connectors/:id/test-connection, POST} route"}
{"level":30,"time":1775154781073,"service":"flydea-api","msg":"Mapped {/tax-integration/connectors/:id/run-sync, POST} route"}
{"level":30,"time":1775154781073,"service":"flydea-api","msg":"Mapped {/tax-integration/connectors/:id/logs, GET} route"}
{"level":30,"time":1775154781073,"service":"flydea-api","msg":"NotificationsLettersController {/notifications-letters}:"}
{"level":30,"time":1775154781073,"service":"flydea-api","msg":"Mapped {/notifications-letters/templates, GET} route"}
{"level":30,"time":1775154781073,"service":"flydea-api","msg":"Mapped {/notifications-letters/templates, POST} route"}
{"level":30,"time":1775154781073,"service":"flydea-api","msg":"Mapped {/notifications-letters/templates/:id, PATCH} route"}
{"level":30,"time":1775154781073,"service":"flydea-api","msg":"Mapped {/notifications-letters/templates/preview, POST} route"}
{"level":30,"time":1775154781073,"service":"flydea-api","msg":"Mapped {/notifications-letters/batches/generate, POST} route"}
{"level":30,"time":1775154781073,"service":"flydea-api","msg":"Mapped {/notifications-letters/batches, GET} route"}
{"level":30,"time":1775154781073,"service":"flydea-api","msg":"Mapped {/notifications-letters/batches/:id, GET} route"}
{"level":30,"time":1775154781073,"service":"flydea-api","msg":"Mapped {/notifications-letters/batches/:batchId/letters/:letterId/status, PATCH} route"}
{"level":30,"time":1775154781073,"service":"flydea-api","msg":"Mapped {/notifications-letters/batches/:batchId/letters/:letterId/download, GET} route"}
{"level":30,"time":1775154781073,"service":"flydea-api","msg":"SurveysController {/surveys}:"}
{"level":30,"time":1775154781073,"service":"flydea-api","msg":"Mapped {/surveys, GET} route"}
{"level":30,"time":1775154781073,"service":"flydea-api","msg":"Mapped {/surveys/:id, GET} route"}
{"level":30,"time":1775154781073,"service":"flydea-api","msg":"Mapped {/surveys, POST} route"}
{"level":30,"time":1775154781073,"service":"flydea-api","msg":"Mapped {/surveys/:id, PATCH} route"}
{"level":30,"time":1775154781073,"service":"flydea-api","msg":"Mapped {/surveys/:id/files/presign-upload, POST} route"}
{"level":30,"time":1775154781073,"service":"flydea-api","msg":"Mapped {/surveys/:id/files/complete, POST} route"}
{"level":30,"time":1775154781073,"service":"flydea-api","msg":"Mapped {/surveys/:id/files, GET} route"}
{"level":30,"time":1775154781073,"service":"flydea-api","msg":"Mapped {/surveys/:id/files/:fileId/download, GET} route"}
{"level":30,"time":1775154781074,"service":"flydea-api","msg":"Mapped {/surveys/:id/qa, PATCH} route"}
{"level":30,"time":1775154781074,"service":"flydea-api","msg":"Mapped {/surveys/:id/publish, POST} route"}
{"level":30,"time":1775154781074,"service":"flydea-api","msg":"MobileController {/mobile}:"}
{"level":30,"time":1775154781074,"service":"flydea-api","msg":"Mapped {/mobile/ctm-sync, POST} route"}
{"level":30,"time":1775154781074,"service":"flydea-api","msg":"Mapped {/mobile/ctm-sync, GET} route"}
{"level":30,"time":1775154781074,"service":"flydea-api","msg":"Mapped {/mobile/dashboard, GET} route"}
{"level":30,"time":1775154781074,"service":"flydea-api","msg":"PocController {/poc}:"}
{"level":30,"time":1775154781074,"service":"flydea-api","msg":"Mapped {/poc/health, GET} route"}
{"level":30,"time":1775154781074,"service":"flydea-api","msg":"Mapped {/poc/score, GET} route"}
{"level":30,"time":1775154781074,"service":"flydea-api","msg":"ReurbController {/reurb}:"}
{"level":30,"time":1775154781074,"service":"flydea-api","msg":"Mapped {/reurb/tenant-config, GET} route"}
{"level":30,"time":1775154781074,"service":"flydea-api","msg":"Mapped {/reurb/tenant-config, PUT} route"}
{"level":30,"time":1775154781074,"service":"flydea-api","msg":"Mapped {/reurb/projects, POST} route"}
{"level":30,"time":1775154781074,"service":"flydea-api","msg":"Mapped {/reurb/projects, GET} route"}
{"level":30,"time":1775154781074,"service":"flydea-api","msg":"Mapped {/reurb/projects/:id, PATCH} route"}
{"level":30,"time":1775154781074,"service":"flydea-api","msg":"Mapped {/reurb/families, POST} route"}
{"level":30,"time":1775154781074,"service":"flydea-api","msg":"Mapped {/reurb/families/import.csv, POST} route"}
{"level":30,"time":1775154781074,"service":"flydea-api","msg":"Mapped {/reurb/families, GET} route"}
{"level":30,"time":1775154781074,"service":"flydea-api","msg":"Mapped {/reurb/families/:id, PATCH} route"}
{"level":30,"time":1775154781074,"service":"flydea-api","msg":"Mapped {/reurb/families/export.csv, POST} route"}
{"level":30,"time":1775154781074,"service":"flydea-api","msg":"Mapped {/reurb/families/export.xlsx, POST} route"}
{"level":30,"time":1775154781074,"service":"flydea-api","msg":"Mapped {/reurb/families/export.json, POST} route"}
{"level":30,"time":1775154781074,"service":"flydea-api","msg":"Mapped {/reurb/planilha-sintese/generate, POST} route"}
{"level":30,"time":1775154781074,"service":"flydea-api","msg":"Mapped {/reurb/pendencies, POST} route"}
{"level":30,"time":1775154781074,"service":"flydea-api","msg":"Mapped {/reurb/units, POST} route"}
{"level":30,"time":1775154781074,"service":"flydea-api","msg":"Mapped {/reurb/units, GET} route"}
{"level":30,"time":1775154781074,"service":"flydea-api","msg":"Mapped {/reurb/units/:id, PATCH} route"}
{"level":30,"time":1775154781074,"service":"flydea-api","msg":"Mapped {/reurb/pendencies, GET} route"}
{"level":30,"time":1775154781074,"service":"flydea-api","msg":"Mapped {/reurb/pendencies/:id/status, PATCH} route"}
{"level":30,"time":1775154781074,"service":"flydea-api","msg":"Mapped {/reurb/pendencies/stream, GET} route"}
{"level":30,"time":1775154781074,"service":"flydea-api","msg":"Mapped {/reurb/documents/presign-upload, POST} route"}
{"level":30,"time":1775154781074,"service":"flydea-api","msg":"Mapped {/reurb/documents/complete-upload, POST} route"}
{"level":30,"time":1775154781074,"service":"flydea-api","msg":"Mapped {/reurb/project-documents/presign-upload, POST} route"}
{"level":30,"time":1775154781074,"service":"flydea-api","msg":"Mapped {/reurb/project-documents/complete-upload, POST} route"}
{"level":30,"time":1775154781074,"service":"flydea-api","msg":"Mapped {/reurb/unit-documents/presign-upload, POST} route"}
{"level":30,"time":1775154781074,"service":"flydea-api","msg":"Mapped {/reurb/unit-documents/complete-upload, POST} route"}
{"level":30,"time":1775154781074,"service":"flydea-api","msg":"Mapped {/reurb/dossier, GET} route"}
{"level":30,"time":1775154781074,"service":"flydea-api","msg":"Mapped {/reurb/notification-templates, GET} route"}
{"level":30,"time":1775154781074,"service":"flydea-api","msg":"Mapped {/reurb/notification-templates, POST} route"}
{"level":30,"time":1775154781074,"service":"flydea-api","msg":"Mapped {/reurb/notification-templates/:id, PATCH} route"}
{"level":30,"time":1775154781074,"service":"flydea-api","msg":"Mapped {/reurb/notifications, GET} route"}
{"level":30,"time":1775154781074,"service":"flydea-api","msg":"Mapped {/reurb/notifications/send-email, POST} route"}
{"level":30,"time":1775154781074,"service":"flydea-api","msg":"Mapped {/reurb/notifications/evidence/presign-upload, POST} route"}
{"level":30,"time":1775154781074,"service":"flydea-api","msg":"Mapped {/reurb/notifications/:id/evidence, POST} route"}
{"level":30,"time":1775154781074,"service":"flydea-api","msg":"Mapped {/reurb/integrations/ping, POST} route"}
{"level":30,"time":1775154781074,"service":"flydea-api","msg":"Mapped {/reurb/cartorio/package, POST} route"}
{"level":30,"time":1775154781074,"service":"flydea-api","msg":"Mapped {/reurb/deliverables, GET} route"}
{"level":30,"time":1775154781074,"service":"flydea-api","msg":"Mapped {/reurb/deliverables/:id/download, GET} route"}
{"level":30,"time":1775154781074,"service":"flydea-api","msg":"Mapped {/reurb/audit, GET} route"}
{"level":30,"time":1775154781074,"service":"flydea-api","msg":"CertificatesController {/certificates}:"}
{"level":30,"time":1775154781074,"service":"flydea-api","msg":"Mapped {/certificates, GET} route"}
{"level":30,"time":1775154781074,"service":"flydea-api","msg":"Mapped {/certificates/validate/:code, GET} route"}
{"level":30,"time":1775154781074,"service":"flydea-api","msg":"Mapped {/certificates/validate, GET} route"}
{"level":30,"time":1775154781074,"service":"flydea-api","msg":"Mapped {/certificates/:id, GET} route"}
{"level":30,"time":1775154781074,"service":"flydea-api","msg":"Mapped {/certificates, POST} route"}
{"level":30,"time":1775154781074,"service":"flydea-api","msg":"MonitoringController {/monitoring}:"}
{"level":30,"time":1775154781074,"service":"flydea-api","msg":"Mapped {/monitoring/events, GET} route"}
{"level":30,"time":1775154781074,"service":"flydea-api","msg":"Mapped {/monitoring/events, POST} route"}
{"level":30,"time":1775154781074,"service":"flydea-api","msg":"Mapped {/monitoring/events/:id, GET} route"}
{"level":30,"time":1775154781074,"service":"flydea-api","msg":"Mapped {/monitoring/events/:id, PATCH} route"}
{"level":30,"time":1775154781074,"service":"flydea-api","msg":"Mapped {/monitoring/events/:id/triage, POST} route"}
{"level":30,"time":1775154781074,"service":"flydea-api","msg":"Mapped {/monitoring/events/:id/assign, POST} route"}
{"level":30,"time":1775154781074,"service":"flydea-api","msg":"Mapped {/monitoring/events/:id/notify, POST} route"}
{"level":30,"time":1775154781074,"service":"flydea-api","msg":"Mapped {/monitoring/events/:id/close, POST} route"}
{"level":30,"time":1775154781074,"service":"flydea-api","msg":"Mapped {/monitoring/dashboard, GET} route"}
{"level":30,"time":1775154781074,"service":"flydea-api","msg":"ObservatoryController {/observatory}:"}
{"level":30,"time":1775154781074,"service":"flydea-api","msg":"Mapped {/observatory/market, GET} route"}
{"level":30,"time":1775154781074,"service":"flydea-api","msg":"Mapped {/observatory/market/export.csv, GET} route"}
{"level":30,"time":1775154781074,"service":"flydea-api","msg":"IntegrationHubController {/integration-hub}:"}
{"level":30,"time":1775154781074,"service":"flydea-api","msg":"Mapped {/integration-hub/adapters, GET} route"}
{"level":30,"time":1775154781074,"service":"flydea-api","msg":"Mapped {/integration-hub/portal-links, GET} route"}
{"level":30,"time":1775154781074,"service":"flydea-api","msg":"Mapped {/integration-hub/portal-link, POST} route"}
{"level":30,"time":1775154781074,"service":"flydea-api","msg":"Mapped {/integration-hub/oidc-link, POST} route"}
{"level":30,"time":1775154781074,"service":"flydea-api","msg":"Nest application successfully started"}
{"level":30,"time":1775154781076,"service":"flydea-api","msg":"API started on port 4000"}
{"level":40,"time":1775155240776,"service":"flydea-api","status":401,"method":"GET","url":"/dashboard/kpis","correlationId":"a650b6b6-434b-413e-9e7f-3beb21515802","tenantId":null,"userId":null,"detail":"Token invalido","msg":"http_exception"}
{"level":40,"time":1775155240777,"service":"flydea-api","http":{"method":"GET","path":"/dashboard/kpis","statusCode":401,"durationMs":33,"correlationId":"a650b6b6-434b-413e-9e7f-3beb21515802","tenantId":"69cd5dc642c8e2d7bd230a8f","userId":null},"msg":"http_request"}
{"level":40,"time":1775155240777,"service":"flydea-api","status":401,"method":"GET","url":"/dashboard/executive","correlationId":"e64bcc7b-b8a1-499b-8075-a24cb1f25d0f","tenantId":null,"userId":null,"detail":"Token invalido","msg":"http_exception"}
{"level":40,"time":1775155240778,"service":"flydea-api","http":{"method":"GET","path":"/dashboard/executive","statusCode":401,"durationMs":1,"correlationId":"e64bcc7b-b8a1-499b-8075-a24cb1f25d0f","tenantId":"69cd5dc642c8e2d7bd230a8f","userId":null},"msg":"http_request"}
{"level":40,"time":1775155240778,"service":"flydea-api","status":401,"method":"GET","url":"/dashboard/layout","correlationId":"5056e8e0-9223-450c-b904-b299229e9a57","tenantId":null,"userId":null,"detail":"Token invalido","msg":"http_exception"}
{"level":40,"time":1775155240778,"service":"flydea-api","http":{"method":"GET","path":"/dashboard/layout","statusCode":401,"durationMs":0,"correlationId":"5056e8e0-9223-450c-b904-b299229e9a57","tenantId":"69cd5dc642c8e2d7bd230a8f","userId":null},"msg":"http_request"}
[2J[3J[H[[90m3:46:04 PM[0m] File change detected. Starting incremental compilation...

{"level":40,"time":1775155565014,"service":"flydea-api","status":401,"method":"GET","url":"/pgv/parcels.geojson","correlationId":"e399d711-9b1e-41d4-8786-7b00b887f459","tenantId":null,"userId":null,"detail":"Token ausente","msg":"http_exception"}
{"level":40,"time":1775155565015,"service":"flydea-api","http":{"method":"GET","path":"/pgv/parcels.geojson","statusCode":401,"durationMs":6,"correlationId":"e399d711-9b1e-41d4-8786-7b00b887f459","tenantId":null,"userId":null},"msg":"http_request"}
[[90m3:46:05 PM[0m] Found 0 errors. Watching for file changes.

(node:72684) [MONGOOSE] Warning: `errors` is a reserved schema pathname and may break some functionality. You are allowed to use it, but use at your own risk. To disable this warning pass `suppressReservedKeysWarning` as a schema option.
(Use `node --trace-warnings ...` to show where the warning was created)
{"level":30,"time":1775155568388,"service":"flydea-api","msg":"Starting Nest application..."}
{"level":30,"time":1775155568388,"service":"flydea-api","msg":"LoggerModule dependencies initialized"}
{"level":30,"time":1775155568388,"service":"flydea-api","msg":"MongooseModule dependencies initialized"}
{"level":30,"time":1775155568388,"service":"flydea-api","msg":"JwtModule dependencies initialized"}
{"level":30,"time":1775155568388,"service":"flydea-api","msg":"ConfigHostModule dependencies initialized"}
{"level":30,"time":1775155568388,"service":"flydea-api","msg":"SharedModule dependencies initialized"}
{"level":30,"time":1775155568388,"service":"flydea-api","msg":"MetricsModule dependencies initialized"}
{"level":30,"time":1775155568388,"service":"flydea-api","msg":"PocModule dependencies initialized"}
{"level":30,"time":1775155568388,"service":"flydea-api","msg":"ConfigModule dependencies initialized"}
{"level":30,"time":1775155568388,"service":"flydea-api","msg":"AppModule dependencies initialized"}
{"level":30,"time":1775155568388,"service":"flydea-api","msg":"MongooseCoreModule dependencies initialized"}
{"level":30,"time":1775155568388,"service":"flydea-api","msg":"MongooseModule dependencies initialized"}
{"level":30,"time":1775155568388,"service":"flydea-api","msg":"MongooseModule dependencies initialized"}
{"level":30,"time":1775155568388,"service":"flydea-api","msg":"MongooseModule dependencies initialized"}
{"level":30,"time":1775155568388,"service":"flydea-api","msg":"MongooseModule dependencies initialized"}
{"level":30,"time":1775155568388,"service":"flydea-api","msg":"MongooseModule dependencies initialized"}
{"level":30,"time":1775155568388,"service":"flydea-api","msg":"MongooseModule dependencies initialized"}
{"level":30,"time":1775155568388,"service":"flydea-api","msg":"MongooseModule dependencies initialized"}
{"level":30,"time":1775155568388,"service":"flydea-api","msg":"MongooseModule dependencies initialized"}
{"level":30,"time":1775155568388,"service":"flydea-api","msg":"MongooseModule dependencies initialized"}
{"level":30,"time":1775155568388,"service":"flydea-api","msg":"MongooseModule dependencies initialized"}
{"level":30,"time":1775155568388,"service":"flydea-api","msg":"MongooseModule dependencies initialized"}
{"level":30,"time":1775155568388,"service":"flydea-api","msg":"MongooseModule dependencies initialized"}
{"level":30,"time":1775155568388,"service":"flydea-api","msg":"MongooseModule dependencies initialized"}
{"level":30,"time":1775155568388,"service":"flydea-api","msg":"MongooseModule dependencies initialized"}
{"level":30,"time":1775155568388,"service":"flydea-api","msg":"MongooseModule dependencies initialized"}
{"level":30,"time":1775155568388,"service":"flydea-api","msg":"MongooseModule dependencies initialized"}
{"level":30,"time":1775155568388,"service":"flydea-api","msg":"MongooseModule dependencies initialized"}
{"level":30,"time":1775155568388,"service":"flydea-api","msg":"MongooseModule dependencies initialized"}
{"level":30,"time":1775155568388,"service":"flydea-api","msg":"MongooseModule dependencies initialized"}
{"level":30,"time":1775155568388,"service":"flydea-api","msg":"MongooseModule dependencies initialized"}
{"level":30,"time":1775155568388,"service":"flydea-api","msg":"MongooseModule dependencies initialized"}
{"level":30,"time":1775155568388,"service":"flydea-api","msg":"MongooseModule dependencies initialized"}
{"level":30,"time":1775155568388,"service":"flydea-api","msg":"MongooseModule dependencies initialized"}
{"level":30,"time":1775155568388,"service":"flydea-api","msg":"MongooseModule dependencies initialized"}
{"level":30,"time":1775155568388,"service":"flydea-api","msg":"MongooseModule dependencies initialized"}
{"level":30,"time":1775155568388,"service":"flydea-api","msg":"MongooseModule dependencies initialized"}
{"level":30,"time":1775155568388,"service":"flydea-api","msg":"MongooseModule dependencies initialized"}
{"level":30,"time":1775155568388,"service":"flydea-api","msg":"MongooseModule dependencies initialized"}
{"level":30,"time":1775155568389,"service":"flydea-api","msg":"MongooseModule dependencies initialized"}
{"level":30,"time":1775155568389,"service":"flydea-api","msg":"MongooseModule dependencies initialized"}
{"level":30,"time":1775155568389,"service":"flydea-api","msg":"HealthModule dependencies initialized"}
{"level":30,"time":1775155568389,"service":"flydea-api","msg":"UploadsModule dependencies initialized"}
{"level":30,"time":1775155568389,"service":"flydea-api","msg":"AreasModule dependencies initialized"}
{"level":30,"time":1775155568389,"service":"flydea-api","msg":"OsmModule dependencies initialized"}
{"level":30,"time":1775155568389,"service":"flydea-api","msg":"UsersModule dependencies initialized"}
{"level":30,"time":1775155568389,"service":"flydea-api","msg":"TenantsModule dependencies initialized"}
{"level":30,"time":1775155568389,"service":"flydea-api","msg":"MembershipsModule dependencies initialized"}
{"level":30,"time":1775155568389,"service":"flydea-api","msg":"ProcessesModule dependencies initialized"}
{"level":30,"time":1775155568389,"service":"flydea-api","msg":"AlertsModule dependencies initialized"}
{"level":30,"time":1775155568389,"service":"flydea-api","msg":"AssetsModule dependencies initialized"}
{"level":30,"time":1775155568389,"service":"flydea-api","msg":"ProjectsModule dependencies initialized"}
{"level":30,"time":1775155568389,"service":"flydea-api","msg":"CemeteryModule dependencies initialized"}
{"level":30,"time":1775155568389,"service":"flydea-api","msg":"LayersModule dependencies initialized"}
{"level":30,"time":1775155568389,"service":"flydea-api","msg":"CertificatesModule dependencies initialized"}
{"level":30,"time":1775155568389,"service":"flydea-api","msg":"IntegrationHubModule dependencies initialized"}
{"level":30,"time":1775155568389,"service":"flydea-api","msg":"MonitoringModule dependencies initialized"}
{"level":30,"time":1775155568389,"service":"flydea-api","msg":"PermitsBusinessModule dependencies initialized"}
{"level":30,"time":1775155568389,"service":"flydea-api","msg":"EnvironmentModule dependencies initialized"}
{"level":30,"time":1775155568389,"service":"flydea-api","msg":"PublicWorksModule dependencies initialized"}
{"level":30,"time":1775155568389,"service":"flydea-api","msg":"ComplianceModule dependencies initialized"}
{"level":30,"time":1775155568389,"service":"flydea-api","msg":"TaxIntegrationModule dependencies initialized"}
{"level":30,"time":1775155568389,"service":"flydea-api","msg":"SurveysModule dependencies initialized"}
{"level":30,"time":1775155568389,"service":"flydea-api","msg":"ReurbModule dependencies initialized"}
{"level":30,"time":1775155568389,"service":"flydea-api","msg":"PermitsWorksModule dependencies initialized"}
{"level":30,"time":1775155568389,"service":"flydea-api","msg":"NotificationsLettersModule dependencies initialized"}
{"level":30,"time":1775155568389,"service":"flydea-api","msg":"MobileModule dependencies initialized"}
{"level":30,"time":1775155568389,"service":"flydea-api","msg":"Citizen156Module dependencies initialized"}
{"level":30,"time":1775155568389,"service":"flydea-api","msg":"MapFeaturesModule dependencies initialized"}
{"level":30,"time":1775155568389,"service":"flydea-api","msg":"AuthModule dependencies initialized"}
{"level":30,"time":1775155568389,"service":"flydea-api","msg":"ObservatoryModule dependencies initialized"}
{"level":30,"time":1775155568389,"service":"flydea-api","msg":"CtmModule dependencies initialized"}
{"level":30,"time":1775155568389,"service":"flydea-api","msg":"PgvModule dependencies initialized"}
{"level":30,"time":1775155568389,"service":"flydea-api","msg":"DashboardModule dependencies initialized"}
{"level":30,"time":1775155568389,"service":"flydea-api","msg":"AuthController {/auth}:"}
{"level":30,"time":1775155568389,"service":"flydea-api","msg":"Mapped {/auth/login, POST} route"}
{"level":30,"time":1775155568389,"service":"flydea-api","msg":"Mapped {/auth/refresh, POST} route"}
{"level":30,"time":1775155568389,"service":"flydea-api","msg":"Mapped {/auth/logout, POST} route"}
{"level":30,"time":1775155568389,"service":"flydea-api","msg":"Mapped {/auth/portal/exchange, POST} route"}
{"level":30,"time":1775155568389,"service":"flydea-api","msg":"Mapped {/auth/portal/logout, POST} route"}
{"level":30,"time":1775155568389,"service":"flydea-api","msg":"Mapped {/auth/oidc/authorize, POST} route"}
{"level":30,"time":1775155568389,"service":"flydea-api","msg":"Mapped {/auth/oidc/callback, POST} route"}
{"level":30,"time":1775155568389,"service":"flydea-api","msg":"Mapped {/auth/forgot-password, POST} route"}
{"level":30,"time":1775155568389,"service":"flydea-api","msg":"Mapped {/auth/reset-password, POST} route"}
{"level":30,"time":1775155568389,"service":"flydea-api","msg":"Mapped {/auth/change-password, POST} route"}
{"level":30,"time":1775155568389,"service":"flydea-api","msg":"Mapped {/auth/session, GET} route"}
{"level":30,"time":1775155568389,"service":"flydea-api","msg":"Mapped {/auth/institutional-readiness, GET} route"}
{"level":30,"time":1775155568389,"service":"flydea-api","msg":"UsersController {/admin/users}:"}
{"level":30,"time":1775155568389,"service":"flydea-api","msg":"Mapped {/admin/users, POST} route"}
{"level":30,"time":1775155568389,"service":"flydea-api","msg":"TenantsController {/tenants}:"}
{"level":30,"time":1775155568389,"service":"flydea-api","msg":"Mapped {/tenants, POST} route"}
{"level":30,"time":1775155568389,"service":"flydea-api","msg":"Mapped {/tenants/me, GET} route"}
{"level":30,"time":1775155568389,"service":"flydea-api","msg":"MembershipsController {/admin/memberships}:"}
{"level":30,"time":1775155568389,"service":"flydea-api","msg":"Mapped {/admin/memberships, POST} route"}
{"level":30,"time":1775155568389,"service":"flydea-api","msg":"ProcessesController {/processes}:"}
{"level":30,"time":1775155568389,"service":"flydea-api","msg":"Mapped {/processes, GET} route"}
{"level":30,"time":1775155568389,"service":"flydea-api","msg":"Mapped {/processes/:id, GET} route"}
{"level":30,"time":1775155568389,"service":"flydea-api","msg":"Mapped {/processes, POST} route"}
{"level":30,"time":1775155568389,"service":"flydea-api","msg":"Mapped {/processes/:id, PATCH} route"}
{"level":30,"time":1775155568389,"service":"flydea-api","msg":"Mapped {/processes/:id/transition, POST} route"}
{"level":30,"time":1775155568389,"service":"flydea-api","msg":"Mapped {/processes/:id/events, GET} route"}
{"level":30,"time":1775155568389,"service":"flydea-api","msg":"Mapped {/processes/:id, DELETE} route"}
{"level":30,"time":1775155568389,"service":"flydea-api","msg":"AlertsController {/alerts}:"}
{"level":30,"time":1775155568389,"service":"flydea-api","msg":"Mapped {/alerts, GET} route"}
{"level":30,"time":1775155568389,"service":"flydea-api","msg":"Mapped {/alerts/:id, GET} route"}
{"level":30,"time":1775155568389,"service":"flydea-api","msg":"Mapped {/alerts, POST} route"}
{"level":30,"time":1775155568389,"service":"flydea-api","msg":"Mapped {/alerts/:id, PATCH} route"}
{"level":30,"time":1775155568389,"service":"flydea-api","msg":"Mapped {/alerts/:id/ack, POST} route"}
{"level":30,"time":1775155568389,"service":"flydea-api","msg":"Mapped {/alerts/:id/resolve, POST} route"}
{"level":30,"time":1775155568389,"service":"flydea-api","msg":"Mapped {/alerts/:id, DELETE} route"}
{"level":30,"time":1775155568389,"service":"flydea-api","msg":"Mapped {/alerts/:id/stage, POST} route"}
{"level":30,"time":1775155568389,"service":"flydea-api","msg":"AssetsController {/assets}:"}
{"level":30,"time":1775155568389,"service":"flydea-api","msg":"Mapped {/assets, GET} route"}
{"level":30,"time":1775155568389,"service":"flydea-api","msg":"Mapped {/assets/:id, GET} route"}
{"level":30,"time":1775155568389,"service":"flydea-api","msg":"Mapped {/assets, POST} route"}
{"level":30,"time":1775155568389,"service":"flydea-api","msg":"Mapped {/assets/:id, PATCH} route"}
{"level":30,"time":1775155568389,"service":"flydea-api","msg":"Mapped {/assets/:id, DELETE} route"}
{"level":30,"time":1775155568389,"service":"flydea-api","msg":"DashboardController {/dashboard}:"}
{"level":30,"time":1775155568389,"service":"flydea-api","msg":"Mapped {/dashboard/kpis, GET} route"}
{"level":30,"time":1775155568389,"service":"flydea-api","msg":"Mapped {/dashboard/executive, GET} route"}
{"level":30,"time":1775155568389,"service":"flydea-api","msg":"Mapped {/dashboard/layout, GET} route"}
{"level":30,"time":1775155568389,"service":"flydea-api","msg":"Mapped {/dashboard/layout, PATCH} route"}
{"level":30,"time":1775155568389,"service":"flydea-api","msg":"PermitsWorksController {/permits-works}:"}
{"level":30,"time":1775155568389,"service":"flydea-api","msg":"Mapped {/permits-works, GET} route"}
{"level":30,"time":1775155568389,"service":"flydea-api","msg":"Mapped {/permits-works/:id, GET} route"}
{"level":30,"time":1775155568389,"service":"flydea-api","msg":"Mapped {/permits-works, POST} route"}
{"level":30,"time":1775155568389,"service":"flydea-api","msg":"Mapped {/permits-works/:id, PATCH} route"}
{"level":30,"time":1775155568389,"service":"flydea-api","msg":"Mapped {/permits-works/:id/invoices, POST} route"}
{"level":30,"time":1775155568389,"service":"flydea-api","msg":"Mapped {/permits-works/:id/issue, POST} route"}
{"level":30,"time":1775155568389,"service":"flydea-api","msg":"ProjectsController {/projects}:"}
{"level":30,"time":1775155568389,"service":"flydea-api","msg":"Mapped {/projects, GET} route"}
{"level":30,"time":1775155568389,"service":"flydea-api","msg":"Mapped {/projects/:id, GET} route"}
{"level":30,"time":1775155568389,"service":"flydea-api","msg":"Mapped {/projects, POST} route"}
{"level":30,"time":1775155568389,"service":"flydea-api","msg":"Mapped {/projects/:id, PATCH} route"}
{"level":30,"time":1775155568389,"service":"flydea-api","msg":"PermitsBusinessController {/permits-business}:"}
{"level":30,"time":1775155568389,"service":"flydea-api","msg":"Mapped {/permits-business, GET} route"}
{"level":30,"time":1775155568389,"service":"flydea-api","msg":"Mapped {/permits-business/:id, GET} route"}
{"level":30,"time":1775155568389,"service":"flydea-api","msg":"Mapped {/permits-business, POST} route"}
{"level":30,"time":1775155568389,"service":"flydea-api","msg":"Mapped {/permits-business/:id, PATCH} route"}
{"level":30,"time":1775155568389,"service":"flydea-api","msg":"Mapped {/permits-business/:id/taxes, POST} route"}
{"level":30,"time":1775155568389,"service":"flydea-api","msg":"Mapped {/permits-business/:id/issue, POST} route"}
{"level":30,"time":1775155568389,"service":"flydea-api","msg":"Citizen156Controller {/citizen-156}:"}
{"level":30,"time":1775155568389,"service":"flydea-api","msg":"Mapped {/citizen-156/calls, GET} route"}
{"level":30,"time":1775155568389,"service":"flydea-api","msg":"Mapped {/citizen-156/summary, GET} route"}
{"level":30,"time":1775155568389,"service":"flydea-api","msg":"Mapped {/citizen-156/calls/:id, GET} route"}
{"level":30,"time":1775155568389,"service":"flydea-api","msg":"Mapped {/citizen-156/calls, POST} route"}
{"level":30,"time":1775155568389,"service":"flydea-api","msg":"Mapped {/citizen-156/calls/:id, PATCH} route"}
{"level":30,"time":1775155568389,"service":"flydea-api","msg":"EnvironmentController {/environment}:"}
{"level":30,"time":1775155568389,"service":"flydea-api","msg":"Mapped {/environment/cases, GET} route"}
{"level":30,"time":1775155568389,"service":"flydea-api","msg":"Mapped {/environment/summary, GET} route"}
{"level":30,"time":1775155568389,"service":"flydea-api","msg":"Mapped {/environment/cases/:id, GET} route"}
{"level":30,"time":1775155568389,"service":"flydea-api","msg":"Mapped {/environment/cases, POST} route"}
{"level":30,"time":1775155568389,"service":"flydea-api","msg":"Mapped {/environment/cases/:id, PATCH} route"}
{"level":30,"time":1775155568389,"service":"flydea-api","msg":"Mapped {/environment/cases/:id/report, POST} route"}
{"level":30,"time":1775155568389,"service":"flydea-api","msg":"PublicWorksController {/public-works}:"}
{"level":30,"time":1775155568389,"service":"flydea-api","msg":"Mapped {/public-works, GET} route"}
{"level":30,"time":1775155568389,"service":"flydea-api","msg":"Mapped {/public-works/summary, GET} route"}
{"level":30,"time":1775155568389,"service":"flydea-api","msg":"Mapped {/public-works/:id, GET} route"}
{"level":30,"time":1775155568389,"service":"flydea-api","msg":"Mapped {/public-works, POST} route"}
{"level":30,"time":1775155568389,"service":"flydea-api","msg":"Mapped {/public-works/:id, PATCH} route"}
{"level":30,"time":1775155568389,"service":"flydea-api","msg":"Mapped {/public-works/:id/stage, POST} route"}
{"level":30,"time":1775155568389,"service":"flydea-api","msg":"Mapped {/public-works/:id/measurements, POST} route"}
{"level":30,"time":1775155568389,"service":"flydea-api","msg":"Mapped {/public-works/:id/evidence, POST} route"}
{"level":30,"time":1775155568389,"service":"flydea-api","msg":"Mapped {/public-works/:id, DELETE} route"}
{"level":30,"time":1775155568389,"service":"flydea-api","msg":"CemeteryController {/cemetery}:"}
{"level":30,"time":1775155568389,"service":"flydea-api","msg":"Mapped {/cemetery, GET} route"}
{"level":30,"time":1775155568389,"service":"flydea-api","msg":"Mapped {/cemetery/summary, GET} route"}
{"level":30,"time":1775155568389,"service":"flydea-api","msg":"Mapped {/cemetery/:id, GET} route"}
{"level":30,"time":1775155568389,"service":"flydea-api","msg":"Mapped {/cemetery, POST} route"}
{"level":30,"time":1775155568389,"service":"flydea-api","msg":"Mapped {/cemetery/:id, PATCH} route"}
{"level":30,"time":1775155568389,"service":"flydea-api","msg":"Mapped {/cemetery/:id/documents, POST} route"}
{"level":30,"time":1775155568389,"service":"flydea-api","msg":"Mapped {/cemetery/:id, DELETE} route"}
{"level":30,"time":1775155568389,"service":"flydea-api","msg":"HealthController {/health}:"}
{"level":30,"time":1775155568389,"service":"flydea-api","msg":"Mapped {/health, GET} route"}
{"level":30,"time":1775155568389,"service":"flydea-api","msg":"LayersController {/layers}:"}
{"level":30,"time":1775155568389,"service":"flydea-api","msg":"Mapped {/layers, GET} route"}
{"level":30,"time":1775155568389,"service":"flydea-api","msg":"Mapped {/layers/:id, PATCH} route"}
{"level":30,"time":1775155568389,"service":"flydea-api","msg":"AreasController {/areas}:"}
{"level":30,"time":1775155568389,"service":"flydea-api","msg":"Mapped {/areas, GET} route"}
{"level":30,"time":1775155568389,"service":"flydea-api","msg":"ParcelsController {/ctm/parcels}:"}
{"level":30,"time":1775155568389,"service":"flydea-api","msg":"Mapped {/ctm/parcels, GET} route"}
{"level":30,"time":1775155568389,"service":"flydea-api","msg":"Mapped {/ctm/parcels/pendencias, GET} route"}
{"level":30,"time":1775155568389,"service":"flydea-api","msg":"Mapped {/ctm/parcels/geojson, GET} route"}
{"level":30,"time":1775155568389,"service":"flydea-api","msg":"Mapped {/ctm/parcels/:id, GET} route"}
{"level":30,"time":1775155568389,"service":"flydea-api","msg":"Mapped {/ctm/parcels/:id/summary, GET} route"}
{"level":30,"time":1775155568389,"service":"flydea-api","msg":"Mapped {/ctm/parcels/:id/history, GET} route"}
{"level":30,"time":1775155568389,"service":"flydea-api","msg":"Mapped {/ctm/parcels, POST} route"}
{"level":30,"time":1775155568389,"service":"flydea-api","msg":"Mapped {/ctm/parcels/:id, PATCH} route"}
{"level":30,"time":1775155568389,"service":"flydea-api","msg":"Mapped {/ctm/parcels/:id, DELETE} route"}
{"level":30,"time":1775155568389,"service":"flydea-api","msg":"Mapped {/ctm/parcels/:id/building, PUT} route"}
{"level":30,"time":1775155568389,"service":"flydea-api","msg":"Mapped {/ctm/parcels/:id/socioeconomic, PUT} route"}
{"level":30,"time":1775155568389,"service":"flydea-api","msg":"Mapped {/ctm/parcels/:id/infrastructure, PUT} route"}
{"level":30,"time":1775155568389,"service":"flydea-api","msg":"Mapped {/ctm/parcels/import, POST} route"}
{"level":30,"time":1775155568389,"service":"flydea-api","msg":"ProjectParcelsController {/api/projects/:projectId/parcels}:"}
{"level":30,"time":1775155568389,"service":"flydea-api","msg":"Mapped {/api/projects/:projectId/parcels, GET} route"}
{"level":30,"time":1775155568389,"service":"flydea-api","msg":"Mapped {/api/projects/:projectId/parcels/pendencias, GET} route"}
{"level":30,"time":1775155568389,"service":"flydea-api","msg":"Mapped {/api/projects/:projectId/parcels/geojson, GET} route"}
{"level":30,"time":1775155568389,"service":"flydea-api","msg":"Mapped {/api/projects/:projectId/parcels/:id, GET} route"}
{"level":30,"time":1775155568389,"service":"flydea-api","msg":"Mapped {/api/projects/:projectId/parcels/:id/summary, GET} route"}
{"level":30,"time":1775155568389,"service":"flydea-api","msg":"Mapped {/api/projects/:projectId/parcels/:id/history, GET} route"}
{"level":30,"time":1775155568389,"service":"flydea-api","msg":"Mapped {/api/projects/:projectId/parcels, POST} route"}
{"level":30,"time":1775155568389,"service":"flydea-api","msg":"Mapped {/api/projects/:projectId/parcels/:id, PATCH} route"}
{"level":30,"time":1775155568389,"service":"flydea-api","msg":"Mapped {/api/projects/:projectId/parcels/:id, DELETE} route"}
{"level":30,"time":1775155568389,"service":"flydea-api","msg":"Mapped {/api/projects/:projectId/parcels/:id/building, PUT} route"}
{"level":30,"time":1775155568389,"service":"flydea-api","msg":"Mapped {/api/projects/:projectId/parcels/:id/socioeconomic, PUT} route"}
{"level":30,"time":1775155568389,"service":"flydea-api","msg":"Mapped {/api/projects/:projectId/parcels/:id/infrastructure, PUT} route"}
{"level":30,"time":1775155568389,"service":"flydea-api","msg":"Mapped {/api/projects/:projectId/parcels/import, POST} route"}
{"level":30,"time":1775155568389,"service":"flydea-api","msg":"LogradourosController {/ctm/logradouros}:"}
{"level":30,"time":1775155568389,"service":"flydea-api","msg":"Mapped {/ctm/logradouros, GET} route"}
{"level":30,"time":1775155568389,"service":"flydea-api","msg":"Mapped {/ctm/logradouros/:id, GET} route"}
{"level":30,"time":1775155568389,"service":"flydea-api","msg":"Mapped {/ctm/logradouros, POST} route"}
{"level":30,"time":1775155568389,"service":"flydea-api","msg":"Mapped {/ctm/logradouros/:id, PATCH} route"}
{"level":30,"time":1775155568389,"service":"flydea-api","msg":"Mapped {/ctm/logradouros/:id, DELETE} route"}
{"level":30,"time":1775155568389,"service":"flydea-api","msg":"UrbanFurnitureController {/ctm/urban-furniture}:"}
{"level":30,"time":1775155568389,"service":"flydea-api","msg":"Mapped {/ctm/urban-furniture, GET} route"}
{"level":30,"time":1775155568389,"service":"flydea-api","msg":"Mapped {/ctm/urban-furniture/geojson, GET} route"}
{"level":30,"time":1775155568389,"service":"flydea-api","msg":"Mapped {/ctm/urban-furniture/:id, GET} route"}
{"level":30,"time":1775155568389,"service":"flydea-api","msg":"Mapped {/ctm/urban-furniture, POST} route"}
{"level":30,"time":1775155568389,"service":"flydea-api","msg":"Mapped {/ctm/urban-furniture/:id, PATCH} route"}
{"level":30,"time":1775155568389,"service":"flydea-api","msg":"Mapped {/ctm/urban-furniture/:id, DELETE} route"}
{"level":30,"time":1775155568389,"service":"flydea-api","msg":"ZonesController {/pgv/zones}:"}
{"level":30,"time":1775155568389,"service":"flydea-api","msg":"Mapped {/pgv/zones, GET} route"}
{"level":30,"time":1775155568389,"service":"flydea-api","msg":"Mapped {/pgv/zones/geojson, GET} route"}
{"level":30,"time":1775155568389,"service":"flydea-api","msg":"Mapped {/pgv/zones/:id, GET} route"}
{"level":30,"time":1775155568389,"service":"flydea-api","msg":"Mapped {/pgv/zones, POST} route"}
{"level":30,"time":1775155568389,"service":"flydea-api","msg":"Mapped {/pgv/zones/:id, PATCH} route"}
{"level":30,"time":1775155568389,"service":"flydea-api","msg":"Mapped {/pgv/zones/:id, DELETE} route"}
{"level":30,"time":1775155568389,"service":"flydea-api","msg":"Mapped {/pgv/zones/import, POST} route"}
{"level":30,"time":1775155568389,"service":"flydea-api","msg":"FacesController {/pgv/faces}:"}
{"level":30,"time":1775155568389,"service":"flydea-api","msg":"Mapped {/pgv/faces, GET} route"}
{"level":30,"time":1775155568389,"service":"flydea-api","msg":"Mapped {/pgv/faces/geojson, GET} route"}
{"level":30,"time":1775155568389,"service":"flydea-api","msg":"Mapped {/pgv/faces/:id, GET} route"}
{"level":30,"time":1775155568389,"service":"flydea-api","msg":"Mapped {/pgv/faces, POST} route"}
{"level":30,"time":1775155568389,"service":"flydea-api","msg":"Mapped {/pgv/faces/:id, PATCH} route"}
{"level":30,"time":1775155568389,"service":"flydea-api","msg":"Mapped {/pgv/faces/:id, DELETE} route"}
{"level":30,"time":1775155568389,"service":"flydea-api","msg":"Mapped {/pgv/faces/import, POST} route"}
{"level":30,"time":1775155568389,"service":"flydea-api","msg":"FactorsController {/pgv/factors}:"}
{"level":30,"time":1775155568389,"service":"flydea-api","msg":"Mapped {/pgv/factors, GET} route"}
{"level":30,"time":1775155568389,"service":"flydea-api","msg":"Mapped {/pgv/factors/:id, GET} route"}
{"level":30,"time":1775155568389,"service":"flydea-api","msg":"Mapped {/pgv/factors, POST} route"}
{"level":30,"time":1775155568389,"service":"flydea-api","msg":"Mapped {/pgv/factors/:id, PATCH} route"}
{"level":30,"time":1775155568389,"service":"flydea-api","msg":"Mapped {/pgv/factors/:id, DELETE} route"}
{"level":30,"time":1775155568389,"service":"flydea-api","msg":"FactorSetsController {/pgv/factor-sets}:"}
{"level":30,"time":1775155568389,"service":"flydea-api","msg":"Mapped {/pgv/factor-sets, GET} route"}
{"level":30,"time":1775155568389,"service":"flydea-api","msg":"Mapped {/pgv/factor-sets, PUT} route"}
{"level":30,"time":1775155568389,"service":"flydea-api","msg":"VersionsController {/pgv/versions}:"}
{"level":30,"time":1775155568389,"service":"flydea-api","msg":"Mapped {/pgv/versions, GET} route"}
{"level":30,"time":1775155568389,"service":"flydea-api","msg":"Mapped {/pgv/versions/active, GET} route"}
{"level":30,"time":1775155568389,"service":"flydea-api","msg":"Mapped {/pgv/versions/:id, GET} route"}
{"level":30,"time":1775155568389,"service":"flydea-api","msg":"Mapped {/pgv/versions, POST} route"}
{"level":30,"time":1775155568389,"service":"flydea-api","msg":"Mapped {/pgv/versions/:id, PATCH} route"}
{"level":30,"time":1775155568389,"service":"flydea-api","msg":"ValuationsController {/pgv/valuations}:"}
{"level":30,"time":1775155568389,"service":"flydea-api","msg":"Mapped {/pgv/valuations, GET} route"}
{"level":30,"time":1775155568389,"service":"flydea-api","msg":"Mapped {/pgv/valuations/parcel/:id, GET} route"}
{"level":30,"time":1775155568389,"service":"flydea-api","msg":"Mapped {/pgv/valuations/parcel/:id/trace, GET} route"}
{"level":30,"time":1775155568389,"service":"flydea-api","msg":"Mapped {/pgv/valuations/calculate, POST} route"}
{"level":30,"time":1775155568389,"service":"flydea-api","msg":"Mapped {/pgv/valuations/export/csv, GET} route"}
{"level":30,"time":1775155568389,"service":"flydea-api","msg":"Mapped {/pgv/valuations/export/geojson, GET} route"}
{"level":30,"time":1775155568389,"service":"flydea-api","msg":"Mapped {/pgv/valuations/impact-report, GET} route"}
{"level":30,"time":1775155568389,"service":"flydea-api","msg":"PgvController {/pgv}:"}
{"level":30,"time":1775155568389,"service":"flydea-api","msg":"Mapped {/pgv/calculate, POST} route"}
{"level":30,"time":1775155568389,"service":"flydea-api","msg":"Mapped {/pgv/recalculate-batch, POST} route"}
{"level":30,"time":1775155568389,"service":"flydea-api","msg":"Mapped {/pgv/report.csv, GET} route"}
{"level":30,"time":1775155568389,"service":"flydea-api","msg":"Mapped {/pgv/impact-report, GET} route"}
{"level":30,"time":1775155568389,"service":"flydea-api","msg":"Mapped {/pgv/parcels.geojson, GET} route"}
{"level":30,"time":1775155568389,"service":"flydea-api","msg":"RoadsController {/osm/roads}:"}
{"level":30,"time":1775155568389,"service":"flydea-api","msg":"Mapped {/osm/roads, GET} route"}
{"level":30,"time":1775155568389,"service":"flydea-api","msg":"Mapped {/osm/roads/geojson, GET} route"}
{"level":30,"time":1775155568389,"service":"flydea-api","msg":"ProjectRoadsController {/api/projects/:projectId/roads}:"}
{"level":30,"time":1775155568389,"service":"flydea-api","msg":"Mapped {/api/projects/:projectId/roads, GET} route"}
{"level":30,"time":1775155568389,"service":"flydea-api","msg":"Mapped {/api/projects/:projectId/roads/geojson, GET} route"}
{"level":30,"time":1775155568389,"service":"flydea-api","msg":"BuildingsController {/osm/buildings}:"}
{"level":30,"time":1775155568389,"service":"flydea-api","msg":"Mapped {/osm/buildings, GET} route"}
{"level":30,"time":1775155568389,"service":"flydea-api","msg":"Mapped {/osm/buildings/geojson, GET} route"}
{"level":30,"time":1775155568389,"service":"flydea-api","msg":"ProjectBuildingsController {/api/projects/:projectId/buildings}:"}
{"level":30,"time":1775155568389,"service":"flydea-api","msg":"Mapped {/api/projects/:projectId/buildings, GET} route"}
{"level":30,"time":1775155568389,"service":"flydea-api","msg":"Mapped {/api/projects/:projectId/buildings/geojson, GET} route"}
{"level":30,"time":1775155568389,"service":"flydea-api","msg":"MapFeaturesController {/map-features}:"}
{"level":30,"time":1775155568389,"service":"flydea-api","msg":"Mapped {/map-features, POST} route"}
{"level":30,"time":1775155568389,"service":"flydea-api","msg":"Mapped {/map-features/:id, PATCH} route"}
{"level":30,"time":1775155568389,"service":"flydea-api","msg":"Mapped {/map-features/:id, DELETE} route"}
{"level":30,"time":1775155568389,"service":"flydea-api","msg":"Mapped {/map-features/geojson, GET} route"}
{"level":30,"time":1775155568389,"service":"flydea-api","msg":"MetricsController {/metrics}:"}
{"level":30,"time":1775155568389,"service":"flydea-api","msg":"Mapped {/metrics, GET} route"}
{"level":30,"time":1775155568389,"service":"flydea-api","msg":"ComplianceController {/compliance}:"}
{"level":30,"time":1775155568389,"service":"flydea-api","msg":"Mapped {/compliance, GET} route"}
{"level":30,"time":1775155568389,"service":"flydea-api","msg":"Mapped {/compliance/company, PUT} route"}
{"level":30,"time":1775155568389,"service":"flydea-api","msg":"Mapped {/compliance/responsibles, POST} route"}
{"level":30,"time":1775155568389,"service":"flydea-api","msg":"Mapped {/compliance/responsibles/:id, PATCH} route"}
{"level":30,"time":1775155568389,"service":"flydea-api","msg":"Mapped {/compliance/responsibles/:id, DELETE} route"}
{"level":30,"time":1775155568389,"service":"flydea-api","msg":"Mapped {/compliance/art-rrt, POST} route"}
{"level":30,"time":1775155568389,"service":"flydea-api","msg":"Mapped {/compliance/art-rrt/:id, PATCH} route"}
{"level":30,"time":1775155568389,"service":"flydea-api","msg":"Mapped {/compliance/art-rrt/:id, DELETE} route"}
{"level":30,"time":1775155568389,"service":"flydea-api","msg":"Mapped {/compliance/cats, POST} route"}
{"level":30,"time":1775155568389,"service":"flydea-api","msg":"Mapped {/compliance/cats/:id, PATCH} route"}
{"level":30,"time":1775155568389,"service":"flydea-api","msg":"Mapped {/compliance/cats/:id, DELETE} route"}
{"level":30,"time":1775155568389,"service":"flydea-api","msg":"Mapped {/compliance/team, POST} route"}
{"level":30,"time":1775155568389,"service":"flydea-api","msg":"Mapped {/compliance/team/:id, PATCH} route"}
{"level":30,"time":1775155568389,"service":"flydea-api","msg":"Mapped {/compliance/team/:id, DELETE} route"}
{"level":30,"time":1775155568389,"service":"flydea-api","msg":"Mapped {/compliance/checklist, PUT} route"}
{"level":30,"time":1775155568389,"service":"flydea-api","msg":"TaxIntegrationController {/tax-integration}:"}
{"level":30,"time":1775155568389,"service":"flydea-api","msg":"Mapped {/tax-integration/echo, GET} route"}
{"level":30,"time":1775155568389,"service":"flydea-api","msg":"Mapped {/tax-integration/echo, POST} route"}
{"level":30,"time":1775155568389,"service":"flydea-api","msg":"Mapped {/tax-integration/connectors, GET} route"}
{"level":30,"time":1775155568389,"service":"flydea-api","msg":"Mapped {/tax-integration/connectors, POST} route"}
{"level":30,"time":1775155568389,"service":"flydea-api","msg":"Mapped {/tax-integration/connectors/:id, PATCH} route"}
{"level":30,"time":1775155568389,"service":"flydea-api","msg":"Mapped {/tax-integration/connectors/:id/test-connection, POST} route"}
{"level":30,"time":1775155568389,"service":"flydea-api","msg":"Mapped {/tax-integration/connectors/:id/run-sync, POST} route"}
{"level":30,"time":1775155568389,"service":"flydea-api","msg":"Mapped {/tax-integration/connectors/:id/logs, GET} route"}
{"level":30,"time":1775155568389,"service":"flydea-api","msg":"NotificationsLettersController {/notifications-letters}:"}
{"level":30,"time":1775155568389,"service":"flydea-api","msg":"Mapped {/notifications-letters/templates, GET} route"}
{"level":30,"time":1775155568389,"service":"flydea-api","msg":"Mapped {/notifications-letters/templates, POST} route"}
{"level":30,"time":1775155568389,"service":"flydea-api","msg":"Mapped {/notifications-letters/templates/:id, PATCH} route"}
{"level":30,"time":1775155568389,"service":"flydea-api","msg":"Mapped {/notifications-letters/templates/preview, POST} route"}
{"level":30,"time":1775155568389,"service":"flydea-api","msg":"Mapped {/notifications-letters/batches/generate, POST} route"}
{"level":30,"time":1775155568389,"service":"flydea-api","msg":"Mapped {/notifications-letters/batches, GET} route"}
{"level":30,"time":1775155568389,"service":"flydea-api","msg":"Mapped {/notifications-letters/batches/:id, GET} route"}
{"level":30,"time":1775155568389,"service":"flydea-api","msg":"Mapped {/notifications-letters/batches/:batchId/letters/:letterId/status, PATCH} route"}
{"level":30,"time":1775155568389,"service":"flydea-api","msg":"Mapped {/notifications-letters/batches/:batchId/letters/:letterId/download, GET} route"}
{"level":30,"time":1775155568389,"service":"flydea-api","msg":"SurveysController {/surveys}:"}
{"level":30,"time":1775155568389,"service":"flydea-api","msg":"Mapped {/surveys, GET} route"}
{"level":30,"time":1775155568389,"service":"flydea-api","msg":"Mapped {/surveys/:id, GET} route"}
{"level":30,"time":1775155568389,"service":"flydea-api","msg":"Mapped {/surveys, POST} route"}
{"level":30,"time":1775155568389,"service":"flydea-api","msg":"Mapped {/surveys/:id, PATCH} route"}
{"level":30,"time":1775155568389,"service":"flydea-api","msg":"Mapped {/surveys/:id/files/presign-upload, POST} route"}
{"level":30,"time":1775155568389,"service":"flydea-api","msg":"Mapped {/surveys/:id/files/complete, POST} route"}
{"level":30,"time":1775155568389,"service":"flydea-api","msg":"Mapped {/surveys/:id/files, GET} route"}
{"level":30,"time":1775155568389,"service":"flydea-api","msg":"Mapped {/surveys/:id/files/:fileId/download, GET} route"}
{"level":30,"time":1775155568390,"service":"flydea-api","msg":"Mapped {/surveys/:id/qa, PATCH} route"}
{"level":30,"time":1775155568390,"service":"flydea-api","msg":"Mapped {/surveys/:id/publish, POST} route"}
{"level":30,"time":1775155568390,"service":"flydea-api","msg":"MobileController {/mobile}:"}
{"level":30,"time":1775155568390,"service":"flydea-api","msg":"Mapped {/mobile/ctm-sync, POST} route"}
{"level":30,"time":1775155568390,"service":"flydea-api","msg":"Mapped {/mobile/ctm-sync, GET} route"}
{"level":30,"time":1775155568390,"service":"flydea-api","msg":"Mapped {/mobile/dashboard, GET} route"}
{"level":30,"time":1775155568390,"service":"flydea-api","msg":"PocController {/poc}:"}
{"level":30,"time":1775155568390,"service":"flydea-api","msg":"Mapped {/poc/health, GET} route"}
{"level":30,"time":1775155568390,"service":"flydea-api","msg":"Mapped {/poc/score, GET} route"}
{"level":30,"time":1775155568390,"service":"flydea-api","msg":"ReurbController {/reurb}:"}
{"level":30,"time":1775155568390,"service":"flydea-api","msg":"Mapped {/reurb/tenant-config, GET} route"}
{"level":30,"time":1775155568390,"service":"flydea-api","msg":"Mapped {/reurb/tenant-config, PUT} route"}
{"level":30,"time":1775155568390,"service":"flydea-api","msg":"Mapped {/reurb/projects, POST} route"}
{"level":30,"time":1775155568390,"service":"flydea-api","msg":"Mapped {/reurb/projects, GET} route"}
{"level":30,"time":1775155568390,"service":"flydea-api","msg":"Mapped {/reurb/projects/:id, PATCH} route"}
{"level":30,"time":1775155568390,"service":"flydea-api","msg":"Mapped {/reurb/families, POST} route"}
{"level":30,"time":1775155568390,"service":"flydea-api","msg":"Mapped {/reurb/families/import.csv, POST} route"}
{"level":30,"time":1775155568390,"service":"flydea-api","msg":"Mapped {/reurb/families, GET} route"}
{"level":30,"time":1775155568390,"service":"flydea-api","msg":"Mapped {/reurb/families/:id, PATCH} route"}
{"level":30,"time":1775155568390,"service":"flydea-api","msg":"Mapped {/reurb/families/export.csv, POST} route"}
{"level":30,"time":1775155568390,"service":"flydea-api","msg":"Mapped {/reurb/families/export.xlsx, POST} route"}
{"level":30,"time":1775155568390,"service":"flydea-api","msg":"Mapped {/reurb/families/export.json, POST} route"}
{"level":30,"time":1775155568390,"service":"flydea-api","msg":"Mapped {/reurb/planilha-sintese/generate, POST} route"}
{"level":30,"time":1775155568390,"service":"flydea-api","msg":"Mapped {/reurb/pendencies, POST} route"}
{"level":30,"time":1775155568390,"service":"flydea-api","msg":"Mapped {/reurb/units, POST} route"}
{"level":30,"time":1775155568390,"service":"flydea-api","msg":"Mapped {/reurb/units, GET} route"}
{"level":30,"time":1775155568390,"service":"flydea-api","msg":"Mapped {/reurb/units/:id, PATCH} route"}
{"level":30,"time":1775155568390,"service":"flydea-api","msg":"Mapped {/reurb/pendencies, GET} route"}
{"level":30,"time":1775155568390,"service":"flydea-api","msg":"Mapped {/reurb/pendencies/:id/status, PATCH} route"}
{"level":30,"time":1775155568390,"service":"flydea-api","msg":"Mapped {/reurb/pendencies/stream, GET} route"}
{"level":30,"time":1775155568390,"service":"flydea-api","msg":"Mapped {/reurb/documents/presign-upload, POST} route"}
{"level":30,"time":1775155568390,"service":"flydea-api","msg":"Mapped {/reurb/documents/complete-upload, POST} route"}
{"level":30,"time":1775155568390,"service":"flydea-api","msg":"Mapped {/reurb/project-documents/presign-upload, POST} route"}
{"level":30,"time":1775155568390,"service":"flydea-api","msg":"Mapped {/reurb/project-documents/complete-upload, POST} route"}
{"level":30,"time":1775155568390,"service":"flydea-api","msg":"Mapped {/reurb/unit-documents/presign-upload, POST} route"}
{"level":30,"time":1775155568390,"service":"flydea-api","msg":"Mapped {/reurb/unit-documents/complete-upload, POST} route"}
{"level":30,"time":1775155568390,"service":"flydea-api","msg":"Mapped {/reurb/dossier, GET} route"}
{"level":30,"time":1775155568390,"service":"flydea-api","msg":"Mapped {/reurb/notification-templates, GET} route"}
{"level":30,"time":1775155568390,"service":"flydea-api","msg":"Mapped {/reurb/notification-templates, POST} route"}
{"level":30,"time":1775155568390,"service":"flydea-api","msg":"Mapped {/reurb/notification-templates/:id, PATCH} route"}
{"level":30,"time":1775155568390,"service":"flydea-api","msg":"Mapped {/reurb/notifications, GET} route"}
{"level":30,"time":1775155568390,"service":"flydea-api","msg":"Mapped {/reurb/notifications/send-email, POST} route"}
{"level":30,"time":1775155568390,"service":"flydea-api","msg":"Mapped {/reurb/notifications/evidence/presign-upload, POST} route"}
{"level":30,"time":1775155568390,"service":"flydea-api","msg":"Mapped {/reurb/notifications/:id/evidence, POST} route"}
{"level":30,"time":1775155568390,"service":"flydea-api","msg":"Mapped {/reurb/integrations/ping, POST} route"}
{"level":30,"time":1775155568390,"service":"flydea-api","msg":"Mapped {/reurb/cartorio/package, POST} route"}
{"level":30,"time":1775155568390,"service":"flydea-api","msg":"Mapped {/reurb/deliverables, GET} route"}
{"level":30,"time":1775155568390,"service":"flydea-api","msg":"Mapped {/reurb/deliverables/:id/download, GET} route"}
{"level":30,"time":1775155568390,"service":"flydea-api","msg":"Mapped {/reurb/audit, GET} route"}
{"level":30,"time":1775155568390,"service":"flydea-api","msg":"CertificatesController {/certificates}:"}
{"level":30,"time":1775155568390,"service":"flydea-api","msg":"Mapped {/certificates, GET} route"}
{"level":30,"time":1775155568390,"service":"flydea-api","msg":"Mapped {/certificates/validate/:code, GET} route"}
{"level":30,"time":1775155568390,"service":"flydea-api","msg":"Mapped {/certificates/validate, GET} route"}
{"level":30,"time":1775155568390,"service":"flydea-api","msg":"Mapped {/certificates/:id, GET} route"}
{"level":30,"time":1775155568390,"service":"flydea-api","msg":"Mapped {/certificates, POST} route"}
{"level":30,"time":1775155568390,"service":"flydea-api","msg":"MonitoringController {/monitoring}:"}
{"level":30,"time":1775155568390,"service":"flydea-api","msg":"Mapped {/monitoring/events, GET} route"}
{"level":30,"time":1775155568390,"service":"flydea-api","msg":"Mapped {/monitoring/events, POST} route"}
{"level":30,"time":1775155568390,"service":"flydea-api","msg":"Mapped {/monitoring/events/:id, GET} route"}
{"level":30,"time":1775155568390,"service":"flydea-api","msg":"Mapped {/monitoring/events/:id, PATCH} route"}
{"level":30,"time":1775155568390,"service":"flydea-api","msg":"Mapped {/monitoring/events/:id/triage, POST} route"}
{"level":30,"time":1775155568390,"service":"flydea-api","msg":"Mapped {/monitoring/events/:id/assign, POST} route"}
{"level":30,"time":1775155568390,"service":"flydea-api","msg":"Mapped {/monitoring/events/:id/notify, POST} route"}
{"level":30,"time":1775155568390,"service":"flydea-api","msg":"Mapped {/monitoring/events/:id/close, POST} route"}
{"level":30,"time":1775155568390,"service":"flydea-api","msg":"Mapped {/monitoring/dashboard, GET} route"}
{"level":30,"time":1775155568390,"service":"flydea-api","msg":"ObservatoryController {/observatory}:"}
{"level":30,"time":1775155568390,"service":"flydea-api","msg":"Mapped {/observatory/market, GET} route"}
{"level":30,"time":1775155568390,"service":"flydea-api","msg":"Mapped {/observatory/market/export.csv, GET} route"}
{"level":30,"time":1775155568390,"service":"flydea-api","msg":"IntegrationHubController {/integration-hub}:"}
{"level":30,"time":1775155568390,"service":"flydea-api","msg":"Mapped {/integration-hub/adapters, GET} route"}
{"level":30,"time":1775155568390,"service":"flydea-api","msg":"Mapped {/integration-hub/portal-links, GET} route"}
{"level":30,"time":1775155568390,"service":"flydea-api","msg":"Mapped {/integration-hub/portal-link, POST} route"}
{"level":30,"time":1775155568390,"service":"flydea-api","msg":"Mapped {/integration-hub/oidc-link, POST} route"}
{"level":30,"time":1775155568390,"service":"flydea-api","msg":"Nest application successfully started"}
{"level":30,"time":1775155568392,"service":"flydea-api","msg":"API started on port 4000"}
{"level":30,"time":1775155568403,"service":"flydea-api","msg":"Rate limiter using Redis backend"}
{"level":30,"time":1775155568403,"service":"flydea-api","msg":"Admin: 1000 req/min (bulk operations)"}
{"level":30,"time":1775155568403,"service":"flydea-api","msg":"Gestor: 300 req/min (project management)"}
{"level":30,"time":1775155568403,"service":"flydea-api","msg":"Operador: 120 req/min (field operations)"}
{"level":30,"time":1775155568403,"service":"flydea-api","msg":"Leitor: 60 req/min (read-only)"}
{"level":30,"time":1775155568403,"service":"flydea-api","msg":"Anonymous: 30 req/min (public endpoints)"}
{"level":40,"time":1775155715722,"service":"flydea-api","status":403,"method":"GET","url":"/reurb/families?projectId=69cd62513a3f13d56ba53e7c&q=","correlationId":"30aeff35-1670-4a1f-94fc-3070e606935c","tenantId":"69cd5dc642c8e2d7bd230a8f","userId":"69cd5dc642c8e2d7bd230a92","detail":"Acesso recusado: x-lgpd-purpose obrigatorio","msg":"http_exception"}
{"level":40,"time":1775155715722,"service":"flydea-api","http":{"method":"GET","path":"/reurb/families?projectId=69cd62513a3f13d56ba53e7c&q=","statusCode":403,"durationMs":1,"correlationId":"30aeff35-1670-4a1f-94fc-3070e606935c","tenantId":"69cd5dc642c8e2d7bd230a8f","userId":"69cd5dc642c8e2d7bd230a92"},"msg":"http_request"}
{"level":40,"time":1775155715724,"service":"flydea-api","status":403,"method":"GET","url":"/reurb/pendencies?projectId=69cd62513a3f13d56ba53e7c","correlationId":"621f4d49-7b68-4931-8194-bb0f26c8fa75","tenantId":"69cd5dc642c8e2d7bd230a8f","userId":"69cd5dc642c8e2d7bd230a92","detail":"Acesso recusado: x-lgpd-purpose obrigatorio","msg":"http_exception"}
{"level":40,"time":1775155715725,"service":"flydea-api","http":{"method":"GET","path":"/reurb/pendencies?projectId=69cd62513a3f13d56ba53e7c","statusCode":403,"durationMs":2,"correlationId":"621f4d49-7b68-4931-8194-bb0f26c8fa75","tenantId":"69cd5dc642c8e2d7bd230a8f","userId":"69cd5dc642c8e2d7bd230a92"},"msg":"http_request"}
{"level":40,"time":1775155715726,"service":"flydea-api","status":403,"method":"GET","url":"/reurb/deliverables?projectId=69cd62513a3f13d56ba53e7c","correlationId":"6e6f2fbd-c0b5-4512-aa4e-77468416b61b","tenantId":"69cd5dc642c8e2d7bd230a8f","userId":"69cd5dc642c8e2d7bd230a92","detail":"Acesso recusado: x-lgpd-purpose obrigatorio","msg":"http_exception"}
{"level":40,"time":1775155715726,"service":"flydea-api","http":{"method":"GET","path":"/reurb/deliverables?projectId=69cd62513a3f13d56ba53e7c","statusCode":403,"durationMs":1,"correlationId":"6e6f2fbd-c0b5-4512-aa4e-77468416b61b","tenantId":"69cd5dc642c8e2d7bd230a8f","userId":"69cd5dc642c8e2d7bd230a92"},"msg":"http_request"}
{"level":40,"time":1775155716731,"service":"flydea-api","status":403,"method":"GET","url":"/reurb/families?projectId=69cd62513a3f13d56ba53e7c&q=","correlationId":"1ea29849-00eb-4045-a4a8-fd8d5096a97b","tenantId":"69cd5dc642c8e2d7bd230a8f","userId":"69cd5dc642c8e2d7bd230a92","detail":"Acesso recusado: x-lgpd-purpose obrigatorio","msg":"http_exception"}
{"level":40,"time":1775155716732,"service":"flydea-api","http":{"method":"GET","path":"/reurb/families?projectId=69cd62513a3f13d56ba53e7c&q=","statusCode":403,"durationMs":2,"correlationId":"1ea29849-00eb-4045-a4a8-fd8d5096a97b","tenantId":"69cd5dc642c8e2d7bd230a8f","userId":"69cd5dc642c8e2d7bd230a92"},"msg":"http_request"}
{"level":40,"time":1775155716733,"service":"flydea-api","status":403,"method":"GET","url":"/reurb/pendencies?projectId=69cd62513a3f13d56ba53e7c","correlationId":"6cf67f78-fe8c-49d8-bf18-c97c07903e93","tenantId":"69cd5dc642c8e2d7bd230a8f","userId":"69cd5dc642c8e2d7bd230a92","detail":"Acesso recusado: x-lgpd-purpose obrigatorio","msg":"http_exception"}
{"level":40,"time":1775155716734,"service":"flydea-api","http":{"method":"GET","path":"/reurb/pendencies?projectId=69cd62513a3f13d56ba53e7c","statusCode":403,"durationMs":2,"correlationId":"6cf67f78-fe8c-49d8-bf18-c97c07903e93","tenantId":"69cd5dc642c8e2d7bd230a8f","userId":"69cd5dc642c8e2d7bd230a92"},"msg":"http_request"}
{"level":40,"time":1775155716736,"service":"flydea-api","status":403,"method":"GET","url":"/reurb/deliverables?projectId=69cd62513a3f13d56ba53e7c","correlationId":"2a8f9352-6a66-40d0-8dc9-fbb720596bf6","tenantId":"69cd5dc642c8e2d7bd230a8f","userId":"69cd5dc642c8e2d7bd230a92","detail":"Acesso recusado: x-lgpd-purpose obrigatorio","msg":"http_exception"}
{"level":40,"time":1775155716736,"service":"flydea-api","http":{"method":"GET","path":"/reurb/deliverables?projectId=69cd62513a3f13d56ba53e7c","statusCode":403,"durationMs":1,"correlationId":"2a8f9352-6a66-40d0-8dc9-fbb720596bf6","tenantId":"69cd5dc642c8e2d7bd230a8f","userId":"69cd5dc642c8e2d7bd230a92"},"msg":"http_request"}
{"level":40,"time":1775155718742,"service":"flydea-api","status":403,"method":"GET","url":"/reurb/families?projectId=69cd62513a3f13d56ba53e7c&q=","correlationId":"e04164a8-ba1d-47b8-af14-97f105597bcb","tenantId":"69cd5dc642c8e2d7bd230a8f","userId":"69cd5dc642c8e2d7bd230a92","detail":"Acesso recusado: x-lgpd-purpose obrigatorio","msg":"http_exception"}
{"level":40,"time":1775155718743,"service":"flydea-api","http":{"method":"GET","path":"/reurb/families?projectId=69cd62513a3f13d56ba53e7c&q=","statusCode":403,"durationMs":4,"correlationId":"e04164a8-ba1d-47b8-af14-97f105597bcb","tenantId":"69cd5dc642c8e2d7bd230a8f","userId":"69cd5dc642c8e2d7bd230a92"},"msg":"http_request"}
{"level":40,"time":1775155718745,"service":"flydea-api","status":403,"method":"GET","url":"/reurb/pendencies?projectId=69cd62513a3f13d56ba53e7c","correlationId":"5ed8a838-30f2-49bc-aa5f-369000b85d9b","tenantId":"69cd5dc642c8e2d7bd230a8f","userId":"69cd5dc642c8e2d7bd230a92","detail":"Acesso recusado: x-lgpd-purpose obrigatorio","msg":"http_exception"}
{"level":40,"time":1775155718745,"service":"flydea-api","http":{"method":"GET","path":"/reurb/pendencies?projectId=69cd62513a3f13d56ba53e7c","statusCode":403,"durationMs":2,"correlationId":"5ed8a838-30f2-49bc-aa5f-369000b85d9b","tenantId":"69cd5dc642c8e2d7bd230a8f","userId":"69cd5dc642c8e2d7bd230a92"},"msg":"http_request"}
{"level":40,"time":1775155718747,"service":"flydea-api","status":403,"method":"GET","url":"/reurb/deliverables?projectId=69cd62513a3f13d56ba53e7c","correlationId":"fdb82a59-3abb-476c-b223-80523d4ddde3","tenantId":"69cd5dc642c8e2d7bd230a8f","userId":"69cd5dc642c8e2d7bd230a92","detail":"Acesso recusado: x-lgpd-purpose obrigatorio","msg":"http_exception"}
{"level":40,"time":1775155718748,"service":"flydea-api","http":{"method":"GET","path":"/reurb/deliverables?projectId=69cd62513a3f13d56ba53e7c","statusCode":403,"durationMs":2,"correlationId":"fdb82a59-3abb-476c-b223-80523d4ddde3","tenantId":"69cd5dc642c8e2d7bd230a8f","userId":"69cd5dc642c8e2d7bd230a92"},"msg":"http_request"}
{"level":40,"time":1775155722752,"service":"flydea-api","status":403,"method":"GET","url":"/reurb/families?projectId=69cd62513a3f13d56ba53e7c&q=","correlationId":"ed7a0c14-b1f5-4a3b-a114-f766fb21f5b1","tenantId":"69cd5dc642c8e2d7bd230a8f","userId":"69cd5dc642c8e2d7bd230a92","detail":"Acesso recusado: x-lgpd-purpose obrigatorio","msg":"http_exception"}
{"level":40,"time":1775155722753,"service":"flydea-api","http":{"method":"GET","path":"/reurb/families?projectId=69cd62513a3f13d56ba53e7c&q=","statusCode":403,"durationMs":4,"correlationId":"ed7a0c14-b1f5-4a3b-a114-f766fb21f5b1","tenantId":"69cd5dc642c8e2d7bd230a8f","userId":"69cd5dc642c8e2d7bd230a92"},"msg":"http_request"}
{"level":40,"time":1775155722755,"service":"flydea-api","status":403,"method":"GET","url":"/reurb/pendencies?projectId=69cd62513a3f13d56ba53e7c","correlationId":"365ba7ef-8ab2-46dd-b208-a8a2f6e6f6b8","tenantId":"69cd5dc642c8e2d7bd230a8f","userId":"69cd5dc642c8e2d7bd230a92","detail":"Acesso recusado: x-lgpd-purpose obrigatorio","msg":"http_exception"}
{"level":40,"time":1775155722755,"service":"flydea-api","http":{"method":"GET","path":"/reurb/pendencies?projectId=69cd62513a3f13d56ba53e7c","statusCode":403,"durationMs":1,"correlationId":"365ba7ef-8ab2-46dd-b208-a8a2f6e6f6b8","tenantId":"69cd5dc642c8e2d7bd230a8f","userId":"69cd5dc642c8e2d7bd230a92"},"msg":"http_request"}
{"level":40,"time":1775155722756,"service":"flydea-api","status":403,"method":"GET","url":"/reurb/deliverables?projectId=69cd62513a3f13d56ba53e7c","correlationId":"cc769ea0-9196-4e9a-bba8-244e9ff70f87","tenantId":"69cd5dc642c8e2d7bd230a8f","userId":"69cd5dc642c8e2d7bd230a92","detail":"Acesso recusado: x-lgpd-purpose obrigatorio","msg":"http_exception"}
{"level":40,"time":1775155722756,"service":"flydea-api","http":{"method":"GET","path":"/reurb/deliverables?projectId=69cd62513a3f13d56ba53e7c","statusCode":403,"durationMs":1,"correlationId":"cc769ea0-9196-4e9a-bba8-244e9ff70f87","tenantId":"69cd5dc642c8e2d7bd230a8f","userId":"69cd5dc642c8e2d7bd230a92"},"msg":"http_request"}
[2J[3J[H[[90m3:53:40 PM[0m] File change detected. Starting incremental compilation...

[96msrc/modules/pgv/simulations/pgv-simulations.service.ts[0m:[93m122[0m:[93m9[0m - [91merror[0m[90m TS2322: [0mType '{ parcelId: any; sqlu: string; inscrição: string | null; bairro: string | null; logradouro: string | null; zoneCode: string | null; faceCode: string | null; usage: string | null; pattern: string | null; currentValue: number; proposedValue: number; delta: number; deltaPct: number; }[]' is not assignable to type '{ parcelId: string; sqlu?: string | undefined; inscrição?: string | undefined; bairro?: string | null | undefined; logradouro?: string | null | undefined; zoneCode?: string | null | undefined; ... 4 more ...; deltaPct: number; }[]'.
  Type '{ parcelId: any; sqlu: string; inscrição: string | null; bairro: string | null; logradouro: string | null; zoneCode: string | null; faceCode: string | null; usage: string | null; pattern: string | null; currentValue: number; proposedValue: number; delta: number; deltaPct: number; }' is not assignable to type '{ parcelId: string; sqlu?: string | undefined; inscrição?: string | undefined; bairro?: string | null | undefined; logradouro?: string | null | undefined; zoneCode?: string | null | undefined; ... 4 more ...; deltaPct: number; }'.
    Types of property 'inscrição' are incompatible.
      Type 'string | null' is not assignable to type 'string | undefined'.
        Type 'null' is not assignable to type 'string | undefined'.

[7m122[0m         impactedParcels,
[7m   [0m [91m        ~~~~~~~~~~~~~~~[0m

  [96msrc/modules/pgv/simulations/pgv-scenario.schema.ts[0m:[93m31[0m:[93m3[0m
    [7m31[0m   impactedParcels!: Array<{
    [7m  [0m [96m  ~~~~~~~~~~~~~~~[0m
    The expected type comes from property 'impactedParcels' which is declared here on type 'Partial<PgvScenario>'

[[90m3:53:41 PM[0m] Found 1 error. Watching for file changes.

[2J[3J[H[[90m3:53:48 PM[0m] File change detected. Starting incremental compilation...

[96msrc/modules/pgv/pgv.module.ts[0m:[93m35[0m:[93m42[0m - [91merror[0m[90m TS2307: [0mCannot find module './simulations/pgv-simulations.controller' or its corresponding type declarations.

[7m35[0m import { PgvSimulationsController } from './simulations/pgv-simulations.controller';
[7m  [0m [91m                                         ~~~~~~~~~~~~~~~~~~~~~~~~~~~~~~~~~~~~~~~~~~[0m

[96msrc/modules/pgv/simulations/pgv-simulations.service.ts[0m:[93m122[0m:[93m9[0m - [91merror[0m[90m TS2322: [0mType '{ parcelId: any; sqlu: string; inscrição: string | null; bairro: string | null; logradouro: string | null; zoneCode: string | null; faceCode: string | null; usage: string | null; pattern: string | null; currentValue: number; proposedValue: number; delta: number; deltaPct: number; }[]' is not assignable to type '{ parcelId: string; sqlu?: string | undefined; inscrição?: string | undefined; bairro?: string | null | undefined; logradouro?: string | null | undefined; zoneCode?: string | null | undefined; ... 4 more ...; deltaPct: number; }[]'.
  Type '{ parcelId: any; sqlu: string; inscrição: string | null; bairro: string | null; logradouro: string | null; zoneCode: string | null; faceCode: string | null; usage: string | null; pattern: string | null; currentValue: number; proposedValue: number; delta: number; deltaPct: number; }' is not assignable to type '{ parcelId: string; sqlu?: string | undefined; inscrição?: string | undefined; bairro?: string | null | undefined; logradouro?: string | null | undefined; zoneCode?: string | null | undefined; ... 4 more ...; deltaPct: number; }'.
    Types of property 'inscrição' are incompatible.
      Type 'string | null' is not assignable to type 'string | undefined'.
        Type 'null' is not assignable to type 'string | undefined'.

[7m122[0m         impactedParcels,
[7m   [0m [91m        ~~~~~~~~~~~~~~~[0m

  [96msrc/modules/pgv/simulations/pgv-scenario.schema.ts[0m:[93m31[0m:[93m3[0m
    [7m31[0m   impactedParcels!: Array<{
    [7m  [0m [96m  ~~~~~~~~~~~~~~~[0m
    The expected type comes from property 'impactedParcels' which is declared here on type 'Partial<PgvScenario>'

[[90m3:53:49 PM[0m] Found 2 errors. Watching for file changes.

[2J[3J[H[[90m3:53:54 PM[0m] File change detected. Starting incremental compilation...

[96msrc/modules/pgv/simulations/pgv-simulations.service.ts[0m:[93m122[0m:[93m9[0m - [91merror[0m[90m TS2322: [0mType '{ parcelId: any; sqlu: string; inscrição: string | null; bairro: string | null; logradouro: string | null; zoneCode: string | null; faceCode: string | null; usage: string | null; pattern: string | null; currentValue: number; proposedValue: number; delta: number; deltaPct: number; }[]' is not assignable to type '{ parcelId: string; sqlu?: string | undefined; inscrição?: string | undefined; bairro?: string | null | undefined; logradouro?: string | null | undefined; zoneCode?: string | null | undefined; ... 4 more ...; deltaPct: number; }[]'.
  Type '{ parcelId: any; sqlu: string; inscrição: string | null; bairro: string | null; logradouro: string | null; zoneCode: string | null; faceCode: string | null; usage: string | null; pattern: string | null; currentValue: number; proposedValue: number; delta: number; deltaPct: number; }' is not assignable to type '{ parcelId: string; sqlu?: string | undefined; inscrição?: string | undefined; bairro?: string | null | undefined; logradouro?: string | null | undefined; zoneCode?: string | null | undefined; ... 4 more ...; deltaPct: number; }'.
    Types of property 'inscrição' are incompatible.
      Type 'string | null' is not assignable to type 'string | undefined'.
        Type 'null' is not assignable to type 'string | undefined'.

[7m122[0m         impactedParcels,
[7m   [0m [91m        ~~~~~~~~~~~~~~~[0m

  [96msrc/modules/pgv/simulations/pgv-scenario.schema.ts[0m:[93m31[0m:[93m3[0m
    [7m31[0m   impactedParcels!: Array<{
    [7m  [0m [96m  ~~~~~~~~~~~~~~~[0m
    The expected type comes from property 'impactedParcels' which is declared here on type 'Partial<PgvScenario>'

[[90m3:53:54 PM[0m] Found 1 error. Watching for file changes.

[2J[3J[H[[90m3:54:03 PM[0m] File change detected. Starting incremental compilation...

[96msrc/modules/permits-works/permit-work.schema.ts[0m:[93m67[0m:[93m5[0m - [91merror[0m[90m TS2300: [0mDuplicate identifier 'notes'.

[7m67[0m     notes?: string;
[7m  [0m [91m    ~~~~~[0m

[96msrc/modules/permits-works/permit-work.schema.ts[0m:[93m70[0m:[93m5[0m - [91merror[0m[90m TS2300: [0mDuplicate identifier 'notes'.

[7m70[0m     notes?: string;
[7m  [0m [91m    ~~~~~[0m

[96msrc/modules/pgv/simulations/pgv-simulations.service.ts[0m:[93m122[0m:[93m9[0m - [91merror[0m[90m TS2322: [0mType '{ parcelId: any; sqlu: string; inscrição: string | null; bairro: string | null; logradouro: string | null; zoneCode: string | null; faceCode: string | null; usage: string | null; pattern: string | null; currentValue: number; proposedValue: number; delta: number; deltaPct: number; }[]' is not assignable to type '{ parcelId: string; sqlu?: string | undefined; inscrição?: string | undefined; bairro?: string | null | undefined; logradouro?: string | null | undefined; zoneCode?: string | null | undefined; ... 4 more ...; deltaPct: number; }[]'.
  Type '{ parcelId: any; sqlu: string; inscrição: string | null; bairro: string | null; logradouro: string | null; zoneCode: string | null; faceCode: string | null; usage: string | null; pattern: string | null; currentValue: number; proposedValue: number; delta: number; deltaPct: number; }' is not assignable to type '{ parcelId: string; sqlu?: string | undefined; inscrição?: string | undefined; bairro?: string | null | undefined; logradouro?: string | null | undefined; zoneCode?: string | null | undefined; ... 4 more ...; deltaPct: number; }'.
    Types of property 'inscrição' are incompatible.
      Type 'string | null' is not assignable to type 'string | undefined'.
        Type 'null' is not assignable to type 'string | undefined'.

[7m122[0m         impactedParcels,
[7m   [0m [91m        ~~~~~~~~~~~~~~~[0m

  [96msrc/modules/pgv/simulations/pgv-scenario.schema.ts[0m:[93m31[0m:[93m3[0m
    [7m31[0m   impactedParcels!: Array<{
    [7m  [0m [96m  ~~~~~~~~~~~~~~~[0m
    The expected type comes from property 'impactedParcels' which is declared here on type 'Partial<PgvScenario>'

[[90m3:54:04 PM[0m] Found 3 errors. Watching for file changes.

[2J[3J[H[[90m3:55:03 PM[0m] File change detected. Starting incremental compilation...

[96msrc/modules/pgv/simulations/pgv-simulations.service.ts[0m:[93m122[0m:[93m9[0m - [91merror[0m[90m TS2322: [0mType '{ parcelId: any; sqlu: string; inscrição: string | null; bairro: string | null; logradouro: string | null; zoneCode: string | null; faceCode: string | null; usage: string | null; pattern: string | null; currentValue: number; proposedValue: number; delta: number; deltaPct: number; }[]' is not assignable to type '{ parcelId: string; sqlu?: string | undefined; inscrição?: string | undefined; bairro?: string | null | undefined; logradouro?: string | null | undefined; zoneCode?: string | null | undefined; ... 4 more ...; deltaPct: number; }[]'.
  Type '{ parcelId: any; sqlu: string; inscrição: string | null; bairro: string | null; logradouro: string | null; zoneCode: string | null; faceCode: string | null; usage: string | null; pattern: string | null; currentValue: number; proposedValue: number; delta: number; deltaPct: number; }' is not assignable to type '{ parcelId: string; sqlu?: string | undefined; inscrição?: string | undefined; bairro?: string | null | undefined; logradouro?: string | null | undefined; zoneCode?: string | null | undefined; ... 4 more ...; deltaPct: number; }'.
    Types of property 'inscrição' are incompatible.
      Type 'string | null' is not assignable to type 'string | undefined'.
        Type 'null' is not assignable to type 'string | undefined'.

[7m122[0m         impactedParcels,
[7m   [0m [91m        ~~~~~~~~~~~~~~~[0m

  [96msrc/modules/pgv/simulations/pgv-scenario.schema.ts[0m:[93m31[0m:[93m3[0m
    [7m31[0m   impactedParcels!: Array<{
    [7m  [0m [96m  ~~~~~~~~~~~~~~~[0m
    The expected type comes from property 'impactedParcels' which is declared here on type 'Partial<PgvScenario>'

[[90m3:55:04 PM[0m] Found 1 error. Watching for file changes.

[2J[3J[H[[90m3:55:07 PM[0m] File change detected. Starting incremental compilation...

[96msrc/modules/pgv/simulations/pgv-simulations.service.ts[0m:[93m122[0m:[93m9[0m - [91merror[0m[90m TS2322: [0mType '{ parcelId: any; sqlu: string; inscrição: string | null; bairro: string | null; logradouro: string | null; zoneCode: string | null; faceCode: string | null; usage: string | null; pattern: string | null; currentValue: number; proposedValue: number; delta: number; deltaPct: number; }[]' is not assignable to type '{ parcelId: string; sqlu?: string | undefined; inscrição?: string | undefined; bairro?: string | null | undefined; logradouro?: string | null | undefined; zoneCode?: string | null | undefined; ... 4 more ...; deltaPct: number; }[]'.
  Type '{ parcelId: any; sqlu: string; inscrição: string | null; bairro: string | null; logradouro: string | null; zoneCode: string | null; faceCode: string | null; usage: string | null; pattern: string | null; currentValue: number; proposedValue: number; delta: number; deltaPct: number; }' is not assignable to type '{ parcelId: string; sqlu?: string | undefined; inscrição?: string | undefined; bairro?: string | null | undefined; logradouro?: string | null | undefined; zoneCode?: string | null | undefined; ... 4 more ...; deltaPct: number; }'.
    Types of property 'inscrição' are incompatible.
      Type 'string | null' is not assignable to type 'string | undefined'.
        Type 'null' is not assignable to type 'string | undefined'.

[7m122[0m         impactedParcels,
[7m   [0m [91m        ~~~~~~~~~~~~~~~[0m

  [96msrc/modules/pgv/simulations/pgv-scenario.schema.ts[0m:[93m31[0m:[93m3[0m
    [7m31[0m   impactedParcels!: Array<{
    [7m  [0m [96m  ~~~~~~~~~~~~~~~[0m
    The expected type comes from property 'impactedParcels' which is declared here on type 'Partial<PgvScenario>'

[[90m3:55:08 PM[0m] Found 1 error. Watching for file changes.

[2J[3J[H[[90m3:55:10 PM[0m] File change detected. Starting incremental compilation...

[96msrc/modules/pgv/simulations/pgv-simulations.service.ts[0m:[93m122[0m:[93m9[0m - [91merror[0m[90m TS2322: [0mType '{ parcelId: any; sqlu: string; inscrição: string | null; bairro: string | null; logradouro: string | null; zoneCode: string | null; faceCode: string | null; usage: string | null; pattern: string | null; currentValue: number; proposedValue: number; delta: number; deltaPct: number; }[]' is not assignable to type '{ parcelId: string; sqlu?: string | undefined; inscrição?: string | undefined; bairro?: string | null | undefined; logradouro?: string | null | undefined; zoneCode?: string | null | undefined; ... 4 more ...; deltaPct: number; }[]'.
  Type '{ parcelId: any; sqlu: string; inscrição: string | null; bairro: string | null; logradouro: string | null; zoneCode: string | null; faceCode: string | null; usage: string | null; pattern: string | null; currentValue: number; proposedValue: number; delta: number; deltaPct: number; }' is not assignable to type '{ parcelId: string; sqlu?: string | undefined; inscrição?: string | undefined; bairro?: string | null | undefined; logradouro?: string | null | undefined; zoneCode?: string | null | undefined; ... 4 more ...; deltaPct: number; }'.
    Types of property 'inscrição' are incompatible.
      Type 'string | null' is not assignable to type 'string | undefined'.
        Type 'null' is not assignable to type 'string | undefined'.

[7m122[0m         impactedParcels,
[7m   [0m [91m        ~~~~~~~~~~~~~~~[0m

  [96msrc/modules/pgv/simulations/pgv-scenario.schema.ts[0m:[93m31[0m:[93m3[0m
    [7m31[0m   impactedParcels!: Array<{
    [7m  [0m [96m  ~~~~~~~~~~~~~~~[0m
    The expected type comes from property 'impactedParcels' which is declared here on type 'Partial<PgvScenario>'

[[90m3:55:11 PM[0m] Found 1 error. Watching for file changes.

[2J[3J[H[[90m3:55:28 PM[0m] File change detected. Starting incremental compilation...

[96msrc/modules/pgv/simulations/pgv-simulations.service.ts[0m:[93m122[0m:[93m9[0m - [91merror[0m[90m TS2322: [0mType '{ parcelId: any; sqlu: string; inscrição: string | null; bairro: string | null; logradouro: string | null; zoneCode: string | null; faceCode: string | null; usage: string | null; pattern: string | null; currentValue: number; proposedValue: number; delta: number; deltaPct: number; }[]' is not assignable to type '{ parcelId: string; sqlu?: string | undefined; inscrição?: string | undefined; bairro?: string | null | undefined; logradouro?: string | null | undefined; zoneCode?: string | null | undefined; ... 4 more ...; deltaPct: number; }[]'.
  Type '{ parcelId: any; sqlu: string; inscrição: string | null; bairro: string | null; logradouro: string | null; zoneCode: string | null; faceCode: string | null; usage: string | null; pattern: string | null; currentValue: number; proposedValue: number; delta: number; deltaPct: number; }' is not assignable to type '{ parcelId: string; sqlu?: string | undefined; inscrição?: string | undefined; bairro?: string | null | undefined; logradouro?: string | null | undefined; zoneCode?: string | null | undefined; ... 4 more ...; deltaPct: number; }'.
    Types of property 'inscrição' are incompatible.
      Type 'string | null' is not assignable to type 'string | undefined'.
        Type 'null' is not assignable to type 'string | undefined'.

[7m122[0m         impactedParcels,
[7m   [0m [91m        ~~~~~~~~~~~~~~~[0m

  [96msrc/modules/pgv/simulations/pgv-scenario.schema.ts[0m:[93m31[0m:[93m3[0m
    [7m31[0m   impactedParcels!: Array<{
    [7m  [0m [96m  ~~~~~~~~~~~~~~~[0m
    The expected type comes from property 'impactedParcels' which is declared here on type 'Partial<PgvScenario>'

[[90m3:55:29 PM[0m] Found 1 error. Watching for file changes.

[2J[3J[H[[90m3:55:43 PM[0m] File change detected. Starting incremental compilation...

[96msrc/modules/permits-business/permits-business.service.ts[0m:[93m246[0m:[93m61[0m - [91merror[0m[90m TS2345: [0mArgument of type '"INDEFERIDO" | "ABERTURA" | "ANALISE_TECNICA" | "EXIGENCIAS" | "PARECER" | "TAXAS" | "ASSINATURA" | "EMISSAO" | "ENCERRAMENTO"' is not assignable to parameter of type 'never'.
  Type '"INDEFERIDO"' is not assignable to type 'never'.

[7m246[0m     if (request.currentStage !== stage && !allowed.includes(stage)) {
[7m   [0m [91m                                                            ~~~~~[0m

[96msrc/modules/pgv/simulations/pgv-simulations.service.ts[0m:[93m122[0m:[93m9[0m - [91merror[0m[90m TS2322: [0mType '{ parcelId: any; sqlu: string; inscrição: string | null; bairro: string | null; logradouro: string | null; zoneCode: string | null; faceCode: string | null; usage: string | null; pattern: string | null; currentValue: number; proposedValue: number; delta: number; deltaPct: number; }[]' is not assignable to type '{ parcelId: string; sqlu?: string | undefined; inscrição?: string | undefined; bairro?: string | null | undefined; logradouro?: string | null | undefined; zoneCode?: string | null | undefined; ... 4 more ...; deltaPct: number; }[]'.
  Type '{ parcelId: any; sqlu: string; inscrição: string | null; bairro: string | null; logradouro: string | null; zoneCode: string | null; faceCode: string | null; usage: string | null; pattern: string | null; currentValue: number; proposedValue: number; delta: number; deltaPct: number; }' is not assignable to type '{ parcelId: string; sqlu?: string | undefined; inscrição?: string | undefined; bairro?: string | null | undefined; logradouro?: string | null | undefined; zoneCode?: string | null | undefined; ... 4 more ...; deltaPct: number; }'.
    Types of property 'inscrição' are incompatible.
      Type 'string | null' is not assignable to type 'string | undefined'.
        Type 'null' is not assignable to type 'string | undefined'.

[7m122[0m         impactedParcels,
[7m   [0m [91m        ~~~~~~~~~~~~~~~[0m

  [96msrc/modules/pgv/simulations/pgv-scenario.schema.ts[0m:[93m31[0m:[93m3[0m
    [7m31[0m   impactedParcels!: Array<{
    [7m  [0m [96m  ~~~~~~~~~~~~~~~[0m
    The expected type comes from property 'impactedParcels' which is declared here on type 'Partial<PgvScenario>'

[[90m3:55:44 PM[0m] Found 2 errors. Watching for file changes.

[2J[3J[H[[90m3:55:49 PM[0m] File change detected. Starting incremental compilation...

[96msrc/modules/permits-business/permits-business.service.ts[0m:[93m246[0m:[93m61[0m - [91merror[0m[90m TS2345: [0mArgument of type '"INDEFERIDO" | "ABERTURA" | "ANALISE_TECNICA" | "EXIGENCIAS" | "PARECER" | "TAXAS" | "ASSINATURA" | "EMISSAO" | "ENCERRAMENTO"' is not assignable to parameter of type 'never'.
  Type '"INDEFERIDO"' is not assignable to type 'never'.

[7m246[0m     if (request.currentStage !== stage && !allowed.includes(stage)) {
[7m   [0m [91m                                                            ~~~~~[0m

[96msrc/modules/pgv/simulations/pgv-simulations.service.ts[0m:[93m122[0m:[93m9[0m - [91merror[0m[90m TS2322: [0mType '{ parcelId: any; sqlu: string; inscrição: string | null; bairro: string | null; logradouro: string | null; zoneCode: string | null; faceCode: string | null; usage: string | null; pattern: string | null; currentValue: number; proposedValue: number; delta: number; deltaPct: number; }[]' is not assignable to type '{ parcelId: string; sqlu?: string | undefined; inscrição?: string | undefined; bairro?: string | null | undefined; logradouro?: string | null | undefined; zoneCode?: string | null | undefined; ... 4 more ...; deltaPct: number; }[]'.
  Type '{ parcelId: any; sqlu: string; inscrição: string | null; bairro: string | null; logradouro: string | null; zoneCode: string | null; faceCode: string | null; usage: string | null; pattern: string | null; currentValue: number; proposedValue: number; delta: number; deltaPct: number; }' is not assignable to type '{ parcelId: string; sqlu?: string | undefined; inscrição?: string | undefined; bairro?: string | null | undefined; logradouro?: string | null | undefined; zoneCode?: string | null | undefined; ... 4 more ...; deltaPct: number; }'.
    Types of property 'inscrição' are incompatible.
      Type 'string | null' is not assignable to type 'string | undefined'.
        Type 'null' is not assignable to type 'string | undefined'.

[7m122[0m         impactedParcels,
[7m   [0m [91m        ~~~~~~~~~~~~~~~[0m

  [96msrc/modules/pgv/simulations/pgv-scenario.schema.ts[0m:[93m31[0m:[93m3[0m
    [7m31[0m   impactedParcels!: Array<{
    [7m  [0m [96m  ~~~~~~~~~~~~~~~[0m
    The expected type comes from property 'impactedParcels' which is declared here on type 'Partial<PgvScenario>'

[[90m3:55:50 PM[0m] Found 2 errors. Watching for file changes.

[2J[3J[H[[90m3:55:55 PM[0m] File change detected. Starting incremental compilation...

[96msrc/modules/permits-business/permits-business.service.ts[0m:[93m246[0m:[93m61[0m - [91merror[0m[90m TS2345: [0mArgument of type '"INDEFERIDO" | "ABERTURA" | "ANALISE_TECNICA" | "EXIGENCIAS" | "PARECER" | "TAXAS" | "ASSINATURA" | "EMISSAO" | "ENCERRAMENTO"' is not assignable to parameter of type 'never'.
  Type '"INDEFERIDO"' is not assignable to type 'never'.

[7m246[0m     if (request.currentStage !== stage && !allowed.includes(stage)) {
[7m   [0m [91m                                                            ~~~~~[0m

[96msrc/modules/pgv/simulations/pgv-simulations.service.ts[0m:[93m122[0m:[93m9[0m - [91merror[0m[90m TS2322: [0mType '{ parcelId: any; sqlu: string; inscrição: string | null; bairro: string | null; logradouro: string | null; zoneCode: string | null; faceCode: string | null; usage: string | null; pattern: string | null; currentValue: number; proposedValue: number; delta: number; deltaPct: number; }[]' is not assignable to type '{ parcelId: string; sqlu?: string | undefined; inscrição?: string | undefined; bairro?: string | null | undefined; logradouro?: string | null | undefined; zoneCode?: string | null | undefined; ... 4 more ...; deltaPct: number; }[]'.
  Type '{ parcelId: any; sqlu: string; inscrição: string | null; bairro: string | null; logradouro: string | null; zoneCode: string | null; faceCode: string | null; usage: string | null; pattern: string | null; currentValue: number; proposedValue: number; delta: number; deltaPct: number; }' is not assignable to type '{ parcelId: string; sqlu?: string | undefined; inscrição?: string | undefined; bairro?: string | null | undefined; logradouro?: string | null | undefined; zoneCode?: string | null | undefined; ... 4 more ...; deltaPct: number; }'.
    Types of property 'inscrição' are incompatible.
      Type 'string | null' is not assignable to type 'string | undefined'.
        Type 'null' is not assignable to type 'string | undefined'.

[7m122[0m         impactedParcels,
[7m   [0m [91m        ~~~~~~~~~~~~~~~[0m

  [96msrc/modules/pgv/simulations/pgv-scenario.schema.ts[0m:[93m31[0m:[93m3[0m
    [7m31[0m   impactedParcels!: Array<{
    [7m  [0m [96m  ~~~~~~~~~~~~~~~[0m
    The expected type comes from property 'impactedParcels' which is declared here on type 'Partial<PgvScenario>'

[[90m3:55:56 PM[0m] Found 2 errors. Watching for file changes.

[2J[3J[H[[90m3:57:50 PM[0m] File change detected. Starting incremental compilation...

[96msrc/modules/permits-business/permits-business.service.ts[0m:[93m246[0m:[93m61[0m - [91merror[0m[90m TS2345: [0mArgument of type '"INDEFERIDO" | "ABERTURA" | "ANALISE_TECNICA" | "EXIGENCIAS" | "PARECER" | "TAXAS" | "ASSINATURA" | "EMISSAO" | "ENCERRAMENTO"' is not assignable to parameter of type 'never'.
  Type '"INDEFERIDO"' is not assignable to type 'never'.

[7m246[0m     if (request.currentStage !== stage && !allowed.includes(stage)) {
[7m   [0m [91m                                                            ~~~~~[0m

[96msrc/modules/pgv/simulations/pgv-simulations.service.ts[0m:[93m122[0m:[93m9[0m - [91merror[0m[90m TS2322: [0mType '{ parcelId: any; sqlu: string; inscrição: string | null; bairro: string | null; logradouro: string | null; zoneCode: string | null; faceCode: string | null; usage: string | null; pattern: string | null; currentValue: number; proposedValue: number; delta: number; deltaPct: number; }[]' is not assignable to type '{ parcelId: string; sqlu?: string | undefined; inscrição?: string | undefined; bairro?: string | null | undefined; logradouro?: string | null | undefined; zoneCode?: string | null | undefined; ... 4 more ...; deltaPct: number; }[]'.
  Type '{ parcelId: any; sqlu: string; inscrição: string | null; bairro: string | null; logradouro: string | null; zoneCode: string | null; faceCode: string | null; usage: string | null; pattern: string | null; currentValue: number; proposedValue: number; delta: number; deltaPct: number; }' is not assignable to type '{ parcelId: string; sqlu?: string | undefined; inscrição?: string | undefined; bairro?: string | null | undefined; logradouro?: string | null | undefined; zoneCode?: string | null | undefined; ... 4 more ...; deltaPct: number; }'.
    Types of property 'inscrição' are incompatible.
      Type 'string | null' is not assignable to type 'string | undefined'.
        Type 'null' is not assignable to type 'string | undefined'.

[7m122[0m         impactedParcels,
[7m   [0m [91m        ~~~~~~~~~~~~~~~[0m

  [96msrc/modules/pgv/simulations/pgv-scenario.schema.ts[0m:[93m31[0m:[93m3[0m
    [7m31[0m   impactedParcels!: Array<{
    [7m  [0m [96m  ~~~~~~~~~~~~~~~[0m
    The expected type comes from property 'impactedParcels' which is declared here on type 'Partial<PgvScenario>'

[[90m3:57:51 PM[0m] Found 2 errors. Watching for file changes.

[2J[3J[H[[90m3:57:58 PM[0m] File change detected. Starting incremental compilation...

[96msrc/modules/permits-business/permits-business.service.ts[0m:[93m246[0m:[93m71[0m - [91merror[0m[90m TS2345: [0mArgument of type '"INDEFERIDO" | "ABERTURA" | "ANALISE_TECNICA" | "EXIGENCIAS" | "PARECER" | "TAXAS" | "ASSINATURA" | "EMISSAO" | "ENCERRAMENTO"' is not assignable to parameter of type 'never'.
  Type '"INDEFERIDO"' is not assignable to type 'never'.

[7m246[0m     if (!force && request.currentStage !== stage && !allowed.includes(stage)) {
[7m   [0m [91m                                                                      ~~~~~[0m

[96msrc/modules/pgv/simulations/pgv-simulations.service.ts[0m:[93m122[0m:[93m9[0m - [91merror[0m[90m TS2322: [0mType '{ parcelId: any; sqlu: string; inscrição: string | null; bairro: string | null; logradouro: string | null; zoneCode: string | null; faceCode: string | null; usage: string | null; pattern: string | null; currentValue: number; proposedValue: number; delta: number; deltaPct: number; }[]' is not assignable to type '{ parcelId: string; sqlu?: string | undefined; inscrição?: string | undefined; bairro?: string | null | undefined; logradouro?: string | null | undefined; zoneCode?: string | null | undefined; ... 4 more ...; deltaPct: number; }[]'.
  Type '{ parcelId: any; sqlu: string; inscrição: string | null; bairro: string | null; logradouro: string | null; zoneCode: string | null; faceCode: string | null; usage: string | null; pattern: string | null; currentValue: number; proposedValue: number; delta: number; deltaPct: number; }' is not assignable to type '{ parcelId: string; sqlu?: string | undefined; inscrição?: string | undefined; bairro?: string | null | undefined; logradouro?: string | null | undefined; zoneCode?: string | null | undefined; ... 4 more ...; deltaPct: number; }'.
    Types of property 'inscrição' are incompatible.
      Type 'string | null' is not assignable to type 'string | undefined'.
        Type 'null' is not assignable to type 'string | undefined'.

[7m122[0m         impactedParcels,
[7m   [0m [91m        ~~~~~~~~~~~~~~~[0m

  [96msrc/modules/pgv/simulations/pgv-scenario.schema.ts[0m:[93m31[0m:[93m3[0m
    [7m31[0m   impactedParcels!: Array<{
    [7m  [0m [96m  ~~~~~~~~~~~~~~~[0m
    The expected type comes from property 'impactedParcels' which is declared here on type 'Partial<PgvScenario>'

[[90m3:57:59 PM[0m] Found 2 errors. Watching for file changes.

[2J[3J[H[[90m3:59:01 PM[0m] File change detected. Starting incremental compilation...

[96msrc/modules/permits-business/permits-business.service.ts[0m:[93m246[0m:[93m71[0m - [91merror[0m[90m TS2345: [0mArgument of type '"INDEFERIDO" | "ABERTURA" | "ANALISE_TECNICA" | "EXIGENCIAS" | "PARECER" | "TAXAS" | "ASSINATURA" | "EMISSAO" | "ENCERRAMENTO"' is not assignable to parameter of type 'never'.
  Type '"INDEFERIDO"' is not assignable to type 'never'.

[7m246[0m     if (!force && request.currentStage !== stage && !allowed.includes(stage)) {
[7m   [0m [91m                                                                      ~~~~~[0m

[96msrc/modules/pgv/simulations/pgv-simulations.service.ts[0m:[93m122[0m:[93m9[0m - [91merror[0m[90m TS2322: [0mType '{ parcelId: any; sqlu: string; inscrição: string | null; bairro: string | null; logradouro: string | null; zoneCode: string | null; faceCode: string | null; usage: string | null; pattern: string | null; currentValue: number; proposedValue: number; delta: number; deltaPct: number; }[]' is not assignable to type '{ parcelId: string; sqlu?: string | undefined; inscrição?: string | undefined; bairro?: string | null | undefined; logradouro?: string | null | undefined; zoneCode?: string | null | undefined; ... 4 more ...; deltaPct: number; }[]'.
  Type '{ parcelId: any; sqlu: string; inscrição: string | null; bairro: string | null; logradouro: string | null; zoneCode: string | null; faceCode: string | null; usage: string | null; pattern: string | null; currentValue: number; proposedValue: number; delta: number; deltaPct: number; }' is not assignable to type '{ parcelId: string; sqlu?: string | undefined; inscrição?: string | undefined; bairro?: string | null | undefined; logradouro?: string | null | undefined; zoneCode?: string | null | undefined; ... 4 more ...; deltaPct: number; }'.
    Types of property 'inscrição' are incompatible.
      Type 'string | null' is not assignable to type 'string | undefined'.
        Type 'null' is not assignable to type 'string | undefined'.

[7m122[0m         impactedParcels,
[7m   [0m [91m        ~~~~~~~~~~~~~~~[0m

  [96msrc/modules/pgv/simulations/pgv-scenario.schema.ts[0m:[93m31[0m:[93m3[0m
    [7m31[0m   impactedParcels!: Array<{
    [7m  [0m [96m  ~~~~~~~~~~~~~~~[0m
    The expected type comes from property 'impactedParcels' which is declared here on type 'Partial<PgvScenario>'

[[90m3:59:07 PM[0m] Found 2 errors. Watching for file changes.

[2J[3J[H[[90m3:59:26 PM[0m] File change detected. Starting incremental compilation...

[96msrc/modules/permits-business/permits-business.service.ts[0m:[93m246[0m:[93m71[0m - [91merror[0m[90m TS2345: [0mArgument of type '"INDEFERIDO" | "ABERTURA" | "ANALISE_TECNICA" | "EXIGENCIAS" | "PARECER" | "TAXAS" | "ASSINATURA" | "EMISSAO" | "ENCERRAMENTO"' is not assignable to parameter of type 'never'.
  Type '"INDEFERIDO"' is not assignable to type 'never'.

[7m246[0m     if (!force && request.currentStage !== stage && !allowed.includes(stage)) {
[7m   [0m [91m                                                                      ~~~~~[0m

[[90m3:59:28 PM[0m] Found 1 error. Watching for file changes.

[2J[3J[H[[90m3:59:53 PM[0m] File change detected. Starting incremental compilation...

[96msrc/modules/permits-business/permits-business.service.ts[0m:[93m246[0m:[93m71[0m - [91merror[0m[90m TS2345: [0mArgument of type '"INDEFERIDO" | "ABERTURA" | "ANALISE_TECNICA" | "EXIGENCIAS" | "PARECER" | "TAXAS" | "ASSINATURA" | "EMISSAO" | "ENCERRAMENTO"' is not assignable to parameter of type 'never'.
  Type '"INDEFERIDO"' is not assignable to type 'never'.

[7m246[0m     if (!force && request.currentStage !== stage && !allowed.includes(stage)) {
[7m   [0m [91m                                                                      ~~~~~[0m

[[90m3:59:53 PM[0m] Found 1 error. Watching for file changes.

[2J[3J[H[[90m3:59:56 PM[0m] File change detected. Starting incremental compilation...

[[90m3:59:57 PM[0m] Found 0 errors. Watching for file changes.

(node:98718) [MONGOOSE] Warning: `errors` is a reserved schema pathname and may break some functionality. You are allowed to use it, but use at your own risk. To disable this warning pass `suppressReservedKeysWarning` as a schema option.
(Use `node --trace-warnings ...` to show where the warning was created)
{"level":30,"time":1775156399431,"service":"flydea-api","msg":"Starting Nest application..."}
{"level":30,"time":1775156399431,"service":"flydea-api","msg":"LoggerModule dependencies initialized"}
{"level":30,"time":1775156399431,"service":"flydea-api","msg":"MongooseModule dependencies initialized"}
{"level":30,"time":1775156399431,"service":"flydea-api","msg":"JwtModule dependencies initialized"}
{"level":30,"time":1775156399431,"service":"flydea-api","msg":"ConfigHostModule dependencies initialized"}
{"level":30,"time":1775156399431,"service":"flydea-api","msg":"SharedModule dependencies initialized"}
{"level":30,"time":1775156399431,"service":"flydea-api","msg":"MetricsModule dependencies initialized"}
{"level":30,"time":1775156399431,"service":"flydea-api","msg":"PocModule dependencies initialized"}
{"level":30,"time":1775156399431,"service":"flydea-api","msg":"ConfigModule dependencies initialized"}
{"level":30,"time":1775156399431,"service":"flydea-api","msg":"AppModule dependencies initialized"}
{"level":30,"time":1775156399431,"service":"flydea-api","msg":"Rate limiter using Redis backend"}
{"level":30,"time":1775156399431,"service":"flydea-api","msg":"Admin: 1000 req/min (bulk operations)"}
{"level":30,"time":1775156399431,"service":"flydea-api","msg":"Gestor: 300 req/min (project management)"}
{"level":30,"time":1775156399431,"service":"flydea-api","msg":"Operador: 120 req/min (field operations)"}
{"level":30,"time":1775156399431,"service":"flydea-api","msg":"Leitor: 60 req/min (read-only)"}
{"level":30,"time":1775156399431,"service":"flydea-api","msg":"Anonymous: 30 req/min (public endpoints)"}
{"level":30,"time":1775156399431,"service":"flydea-api","msg":"MongooseCoreModule dependencies initialized"}
{"level":30,"time":1775156399431,"service":"flydea-api","msg":"MongooseModule dependencies initialized"}
{"level":30,"time":1775156399431,"service":"flydea-api","msg":"MongooseModule dependencies initialized"}
{"level":30,"time":1775156399431,"service":"flydea-api","msg":"MongooseModule dependencies initialized"}
{"level":30,"time":1775156399431,"service":"flydea-api","msg":"MongooseModule dependencies initialized"}
{"level":30,"time":1775156399431,"service":"flydea-api","msg":"MongooseModule dependencies initialized"}
{"level":30,"time":1775156399431,"service":"flydea-api","msg":"MongooseModule dependencies initialized"}
{"level":30,"time":1775156399431,"service":"flydea-api","msg":"MongooseModule dependencies initialized"}
{"level":30,"time":1775156399431,"service":"flydea-api","msg":"MongooseModule dependencies initialized"}
{"level":30,"time":1775156399431,"service":"flydea-api","msg":"MongooseModule dependencies initialized"}
{"level":30,"time":1775156399431,"service":"flydea-api","msg":"MongooseModule dependencies initialized"}
{"level":30,"time":1775156399431,"service":"flydea-api","msg":"MongooseModule dependencies initialized"}
{"level":30,"time":1775156399431,"service":"flydea-api","msg":"MongooseModule dependencies initialized"}
{"level":30,"time":1775156399431,"service":"flydea-api","msg":"MongooseModule dependencies initialized"}
{"level":30,"time":1775156399431,"service":"flydea-api","msg":"MongooseModule dependencies initialized"}
{"level":30,"time":1775156399431,"service":"flydea-api","msg":"MongooseModule dependencies initialized"}
{"level":30,"time":1775156399431,"service":"flydea-api","msg":"MongooseModule dependencies initialized"}
{"level":30,"time":1775156399431,"service":"flydea-api","msg":"MongooseModule dependencies initialized"}
{"level":30,"time":1775156399431,"service":"flydea-api","msg":"MongooseModule dependencies initialized"}
{"level":30,"time":1775156399431,"service":"flydea-api","msg":"MongooseModule dependencies initialized"}
{"level":30,"time":1775156399431,"service":"flydea-api","msg":"MongooseModule dependencies initialized"}
{"level":30,"time":1775156399431,"service":"flydea-api","msg":"MongooseModule dependencies initialized"}
{"level":30,"time":1775156399431,"service":"flydea-api","msg":"MongooseModule dependencies initialized"}
{"level":30,"time":1775156399431,"service":"flydea-api","msg":"MongooseModule dependencies initialized"}
{"level":30,"time":1775156399431,"service":"flydea-api","msg":"MongooseModule dependencies initialized"}
{"level":30,"time":1775156399431,"service":"flydea-api","msg":"MongooseModule dependencies initialized"}
{"level":30,"time":1775156399431,"service":"flydea-api","msg":"MongooseModule dependencies initialized"}
{"level":30,"time":1775156399431,"service":"flydea-api","msg":"MongooseModule dependencies initialized"}
{"level":30,"time":1775156399431,"service":"flydea-api","msg":"MongooseModule dependencies initialized"}
{"level":30,"time":1775156399431,"service":"flydea-api","msg":"MongooseModule dependencies initialized"}
{"level":30,"time":1775156399431,"service":"flydea-api","msg":"MongooseModule dependencies initialized"}
{"level":30,"time":1775156399431,"service":"flydea-api","msg":"HealthModule dependencies initialized"}
{"level":30,"time":1775156399431,"service":"flydea-api","msg":"UploadsModule dependencies initialized"}
{"level":30,"time":1775156399431,"service":"flydea-api","msg":"AreasModule dependencies initialized"}
{"level":30,"time":1775156399431,"service":"flydea-api","msg":"OsmModule dependencies initialized"}
{"level":30,"time":1775156399431,"service":"flydea-api","msg":"UsersModule dependencies initialized"}
{"level":30,"time":1775156399431,"service":"flydea-api","msg":"TenantsModule dependencies initialized"}
{"level":30,"time":1775156399431,"service":"flydea-api","msg":"MembershipsModule dependencies initialized"}
{"level":30,"time":1775156399431,"service":"flydea-api","msg":"ProcessesModule dependencies initialized"}
{"level":30,"time":1775156399431,"service":"flydea-api","msg":"AlertsModule dependencies initialized"}
{"level":30,"time":1775156399431,"service":"flydea-api","msg":"AssetsModule dependencies initialized"}
{"level":30,"time":1775156399431,"service":"flydea-api","msg":"ProjectsModule dependencies initialized"}
{"level":30,"time":1775156399431,"service":"flydea-api","msg":"CemeteryModule dependencies initialized"}
{"level":30,"time":1775156399431,"service":"flydea-api","msg":"LayersModule dependencies initialized"}
{"level":30,"time":1775156399431,"service":"flydea-api","msg":"CertificatesModule dependencies initialized"}
{"level":30,"time":1775156399431,"service":"flydea-api","msg":"IntegrationHubModule dependencies initialized"}
{"level":30,"time":1775156399431,"service":"flydea-api","msg":"MonitoringModule dependencies initialized"}
{"level":30,"time":1775156399431,"service":"flydea-api","msg":"PermitsBusinessModule dependencies initialized"}
{"level":30,"time":1775156399431,"service":"flydea-api","msg":"EnvironmentModule dependencies initialized"}
{"level":30,"time":1775156399431,"service":"flydea-api","msg":"PublicWorksModule dependencies initialized"}
{"level":30,"time":1775156399431,"service":"flydea-api","msg":"ComplianceModule dependencies initialized"}
{"level":30,"time":1775156399431,"service":"flydea-api","msg":"TaxIntegrationModule dependencies initialized"}
{"level":30,"time":1775156399431,"service":"flydea-api","msg":"SurveysModule dependencies initialized"}
{"level":30,"time":1775156399431,"service":"flydea-api","msg":"ReurbModule dependencies initialized"}
{"level":30,"time":1775156399431,"service":"flydea-api","msg":"PermitsWorksModule dependencies initialized"}
{"level":30,"time":1775156399431,"service":"flydea-api","msg":"NotificationsLettersModule dependencies initialized"}
{"level":30,"time":1775156399431,"service":"flydea-api","msg":"MobileModule dependencies initialized"}
{"level":30,"time":1775156399431,"service":"flydea-api","msg":"Citizen156Module dependencies initialized"}
{"level":30,"time":1775156399431,"service":"flydea-api","msg":"MapFeaturesModule dependencies initialized"}
{"level":30,"time":1775156399431,"service":"flydea-api","msg":"AuthModule dependencies initialized"}
{"level":30,"time":1775156399431,"service":"flydea-api","msg":"ObservatoryModule dependencies initialized"}
{"level":30,"time":1775156399431,"service":"flydea-api","msg":"CtmModule dependencies initialized"}
{"level":30,"time":1775156399431,"service":"flydea-api","msg":"DashboardModule dependencies initialized"}
{"level":30,"time":1775156399431,"service":"flydea-api","msg":"PgvModule dependencies initialized"}
{"level":30,"time":1775156399431,"service":"flydea-api","msg":"AuthController {/auth}:"}
{"level":30,"time":1775156399431,"service":"flydea-api","msg":"Mapped {/auth/login, POST} route"}
{"level":30,"time":1775156399431,"service":"flydea-api","msg":"Mapped {/auth/refresh, POST} route"}
{"level":30,"time":1775156399431,"service":"flydea-api","msg":"Mapped {/auth/logout, POST} route"}
{"level":30,"time":1775156399431,"service":"flydea-api","msg":"Mapped {/auth/portal/exchange, POST} route"}
{"level":30,"time":1775156399431,"service":"flydea-api","msg":"Mapped {/auth/portal/logout, POST} route"}
{"level":30,"time":1775156399431,"service":"flydea-api","msg":"Mapped {/auth/oidc/authorize, POST} route"}
{"level":30,"time":1775156399431,"service":"flydea-api","msg":"Mapped {/auth/oidc/callback, POST} route"}
{"level":30,"time":1775156399431,"service":"flydea-api","msg":"Mapped {/auth/forgot-password, POST} route"}
{"level":30,"time":1775156399431,"service":"flydea-api","msg":"Mapped {/auth/reset-password, POST} route"}
{"level":30,"time":1775156399431,"service":"flydea-api","msg":"Mapped {/auth/change-password, POST} route"}
{"level":30,"time":1775156399431,"service":"flydea-api","msg":"Mapped {/auth/session, GET} route"}
{"level":30,"time":1775156399431,"service":"flydea-api","msg":"Mapped {/auth/institutional-readiness, GET} route"}
{"level":30,"time":1775156399431,"service":"flydea-api","msg":"UsersController {/admin/users}:"}
{"level":30,"time":1775156399431,"service":"flydea-api","msg":"Mapped {/admin/users, POST} route"}
{"level":30,"time":1775156399431,"service":"flydea-api","msg":"TenantsController {/tenants}:"}
{"level":30,"time":1775156399431,"service":"flydea-api","msg":"Mapped {/tenants, POST} route"}
{"level":30,"time":1775156399431,"service":"flydea-api","msg":"Mapped {/tenants/me, GET} route"}
{"level":30,"time":1775156399431,"service":"flydea-api","msg":"MembershipsController {/admin/memberships}:"}
{"level":30,"time":1775156399431,"service":"flydea-api","msg":"Mapped {/admin/memberships, POST} route"}
{"level":30,"time":1775156399431,"service":"flydea-api","msg":"ProcessesController {/processes}:"}
{"level":30,"time":1775156399431,"service":"flydea-api","msg":"Mapped {/processes, GET} route"}
{"level":30,"time":1775156399431,"service":"flydea-api","msg":"Mapped {/processes/:id, GET} route"}
{"level":30,"time":1775156399431,"service":"flydea-api","msg":"Mapped {/processes, POST} route"}
{"level":30,"time":1775156399431,"service":"flydea-api","msg":"Mapped {/processes/:id, PATCH} route"}
{"level":30,"time":1775156399431,"service":"flydea-api","msg":"Mapped {/processes/:id/transition, POST} route"}
{"level":30,"time":1775156399431,"service":"flydea-api","msg":"Mapped {/processes/:id/events, GET} route"}
{"level":30,"time":1775156399431,"service":"flydea-api","msg":"Mapped {/processes/:id, DELETE} route"}
{"level":30,"time":1775156399431,"service":"flydea-api","msg":"AlertsController {/alerts}:"}
{"level":30,"time":1775156399431,"service":"flydea-api","msg":"Mapped {/alerts, GET} route"}
{"level":30,"time":1775156399431,"service":"flydea-api","msg":"Mapped {/alerts/:id, GET} route"}
{"level":30,"time":1775156399431,"service":"flydea-api","msg":"Mapped {/alerts, POST} route"}
{"level":30,"time":1775156399431,"service":"flydea-api","msg":"Mapped {/alerts/:id, PATCH} route"}
{"level":30,"time":1775156399431,"service":"flydea-api","msg":"Mapped {/alerts/:id/ack, POST} route"}
{"level":30,"time":1775156399431,"service":"flydea-api","msg":"Mapped {/alerts/:id/resolve, POST} route"}
{"level":30,"time":1775156399431,"service":"flydea-api","msg":"Mapped {/alerts/:id, DELETE} route"}
{"level":30,"time":1775156399431,"service":"flydea-api","msg":"Mapped {/alerts/:id/stage, POST} route"}
{"level":30,"time":1775156399431,"service":"flydea-api","msg":"AssetsController {/assets}:"}
{"level":30,"time":1775156399431,"service":"flydea-api","msg":"Mapped {/assets, GET} route"}
{"level":30,"time":1775156399431,"service":"flydea-api","msg":"Mapped {/assets/:id, GET} route"}
{"level":30,"time":1775156399431,"service":"flydea-api","msg":"Mapped {/assets, POST} route"}
{"level":30,"time":1775156399431,"service":"flydea-api","msg":"Mapped {/assets/:id, PATCH} route"}
{"level":30,"time":1775156399431,"service":"flydea-api","msg":"Mapped {/assets/:id, DELETE} route"}
{"level":30,"time":1775156399431,"service":"flydea-api","msg":"DashboardController {/dashboard}:"}
{"level":30,"time":1775156399431,"service":"flydea-api","msg":"Mapped {/dashboard/kpis, GET} route"}
{"level":30,"time":1775156399431,"service":"flydea-api","msg":"Mapped {/dashboard/executive, GET} route"}
{"level":30,"time":1775156399431,"service":"flydea-api","msg":"Mapped {/dashboard/layout, GET} route"}
{"level":30,"time":1775156399431,"service":"flydea-api","msg":"Mapped {/dashboard/layout, PATCH} route"}
{"level":30,"time":1775156399431,"service":"flydea-api","msg":"PermitsWorksController {/permits-works}:"}
{"level":30,"time":1775156399431,"service":"flydea-api","msg":"Mapped {/permits-works, GET} route"}
{"level":30,"time":1775156399431,"service":"flydea-api","msg":"Mapped {/permits-works/:id, GET} route"}
{"level":30,"time":1775156399431,"service":"flydea-api","msg":"Mapped {/permits-works, POST} route"}
{"level":30,"time":1775156399431,"service":"flydea-api","msg":"Mapped {/permits-works/:id, PATCH} route"}
{"level":30,"time":1775156399431,"service":"flydea-api","msg":"Mapped {/permits-works/:id/evidences, POST} route"}
{"level":30,"time":1775156399431,"service":"flydea-api","msg":"Mapped {/permits-works/:id/requirements/:requirementId/response, POST} route"}
{"level":30,"time":1775156399431,"service":"flydea-api","msg":"Mapped {/permits-works/:id/decision, POST} route"}
{"level":30,"time":1775156399431,"service":"flydea-api","msg":"Mapped {/permits-works/:id/invoices, POST} route"}
{"level":30,"time":1775156399431,"service":"flydea-api","msg":"Mapped {/permits-works/:id/issue, POST} route"}
{"level":30,"time":1775156399431,"service":"flydea-api","msg":"ProjectsController {/projects}:"}
{"level":30,"time":1775156399431,"service":"flydea-api","msg":"Mapped {/projects, GET} route"}
{"level":30,"time":1775156399431,"service":"flydea-api","msg":"Mapped {/projects/:id, GET} route"}
{"level":30,"time":1775156399431,"service":"flydea-api","msg":"Mapped {/projects, POST} route"}
{"level":30,"time":1775156399431,"service":"flydea-api","msg":"Mapped {/projects/:id, PATCH} route"}
{"level":30,"time":1775156399431,"service":"flydea-api","msg":"PermitsBusinessController {/permits-business}:"}
{"level":30,"time":1775156399431,"service":"flydea-api","msg":"Mapped {/permits-business, GET} route"}
{"level":30,"time":1775156399431,"service":"flydea-api","msg":"Mapped {/permits-business/:id, GET} route"}
{"level":30,"time":1775156399431,"service":"flydea-api","msg":"Mapped {/permits-business, POST} route"}
{"level":30,"time":1775156399431,"service":"flydea-api","msg":"Mapped {/permits-business/:id, PATCH} route"}
{"level":30,"time":1775156399431,"service":"flydea-api","msg":"Mapped {/permits-business/:id/evidences, POST} route"}
{"level":30,"time":1775156399431,"service":"flydea-api","msg":"Mapped {/permits-business/:id/requirements/response, POST} route"}
{"level":30,"time":1775156399431,"service":"flydea-api","msg":"Mapped {/permits-business/:id/decision, POST} route"}
{"level":30,"time":1775156399431,"service":"flydea-api","msg":"Mapped {/permits-business/:id/taxes, POST} route"}
{"level":30,"time":1775156399431,"service":"flydea-api","msg":"Mapped {/permits-business/:id/issue, POST} route"}
{"level":30,"time":1775156399431,"service":"flydea-api","msg":"Citizen156Controller {/citizen-156}:"}
{"level":30,"time":1775156399431,"service":"flydea-api","msg":"Mapped {/citizen-156/calls, GET} route"}
{"level":30,"time":1775156399431,"service":"flydea-api","msg":"Mapped {/citizen-156/summary, GET} route"}
{"level":30,"time":1775156399431,"service":"flydea-api","msg":"Mapped {/citizen-156/calls/:id, GET} route"}
{"level":30,"time":1775156399431,"service":"flydea-api","msg":"Mapped {/citizen-156/calls, POST} route"}
{"level":30,"time":1775156399431,"service":"flydea-api","msg":"Mapped {/citizen-156/calls/:id, PATCH} route"}
{"level":30,"time":1775156399431,"service":"flydea-api","msg":"EnvironmentController {/environment}:"}
{"level":30,"time":1775156399431,"service":"flydea-api","msg":"Mapped {/environment/cases, GET} route"}
{"level":30,"time":1775156399431,"service":"flydea-api","msg":"Mapped {/environment/summary, GET} route"}
{"level":30,"time":1775156399431,"service":"flydea-api","msg":"Mapped {/environment/cases/:id, GET} route"}
{"level":30,"time":1775156399431,"service":"flydea-api","msg":"Mapped {/environment/cases, POST} route"}
{"level":30,"time":1775156399431,"service":"flydea-api","msg":"Mapped {/environment/cases/:id, PATCH} route"}
{"level":30,"time":1775156399431,"service":"flydea-api","msg":"Mapped {/environment/cases/:id/report, POST} route"}
{"level":30,"time":1775156399431,"service":"flydea-api","msg":"PublicWorksController {/public-works}:"}
{"level":30,"time":1775156399431,"service":"flydea-api","msg":"Mapped {/public-works, GET} route"}
{"level":30,"time":1775156399431,"service":"flydea-api","msg":"Mapped {/public-works/summary, GET} route"}
{"level":30,"time":1775156399432,"service":"flydea-api","msg":"Mapped {/public-works/:id, GET} route"}
{"level":30,"time":1775156399432,"service":"flydea-api","msg":"Mapped {/public-works, POST} route"}
{"level":30,"time":1775156399432,"service":"flydea-api","msg":"Mapped {/public-works/:id, PATCH} route"}
{"level":30,"time":1775156399432,"service":"flydea-api","msg":"Mapped {/public-works/:id/stage, POST} route"}
{"level":30,"time":1775156399432,"service":"flydea-api","msg":"Mapped {/public-works/:id/measurements, POST} route"}
{"level":30,"time":1775156399432,"service":"flydea-api","msg":"Mapped {/public-works/:id/evidence, POST} route"}
{"level":30,"time":1775156399432,"service":"flydea-api","msg":"Mapped {/public-works/:id, DELETE} route"}
{"level":30,"time":1775156399432,"service":"flydea-api","msg":"CemeteryController {/cemetery}:"}
{"level":30,"time":1775156399432,"service":"flydea-api","msg":"Mapped {/cemetery, GET} route"}
{"level":30,"time":1775156399432,"service":"flydea-api","msg":"Mapped {/cemetery/summary, GET} route"}
{"level":30,"time":1775156399432,"service":"flydea-api","msg":"Mapped {/cemetery/:id, GET} route"}
{"level":30,"time":1775156399432,"service":"flydea-api","msg":"Mapped {/cemetery, POST} route"}
{"level":30,"time":1775156399432,"service":"flydea-api","msg":"Mapped {/cemetery/:id, PATCH} route"}
{"level":30,"time":1775156399432,"service":"flydea-api","msg":"Mapped {/cemetery/:id/documents, POST} route"}
{"level":30,"time":1775156399432,"service":"flydea-api","msg":"Mapped {/cemetery/:id, DELETE} route"}
{"level":30,"time":1775156399432,"service":"flydea-api","msg":"HealthController {/health}:"}
{"level":30,"time":1775156399432,"service":"flydea-api","msg":"Mapped {/health, GET} route"}
{"level":30,"time":1775156399432,"service":"flydea-api","msg":"LayersController {/layers}:"}
{"level":30,"time":1775156399432,"service":"flydea-api","msg":"Mapped {/layers, GET} route"}
{"level":30,"time":1775156399432,"service":"flydea-api","msg":"Mapped {/layers/:id, PATCH} route"}
{"level":30,"time":1775156399432,"service":"flydea-api","msg":"AreasController {/areas}:"}
{"level":30,"time":1775156399432,"service":"flydea-api","msg":"Mapped {/areas, GET} route"}
{"level":30,"time":1775156399432,"service":"flydea-api","msg":"ParcelsController {/ctm/parcels}:"}
{"level":30,"time":1775156399432,"service":"flydea-api","msg":"Mapped {/ctm/parcels, GET} route"}
{"level":30,"time":1775156399432,"service":"flydea-api","msg":"Mapped {/ctm/parcels/pendencias, GET} route"}
{"level":30,"time":1775156399432,"service":"flydea-api","msg":"Mapped {/ctm/parcels/geojson, GET} route"}
{"level":30,"time":1775156399432,"service":"flydea-api","msg":"Mapped {/ctm/parcels/:id, GET} route"}
{"level":30,"time":1775156399432,"service":"flydea-api","msg":"Mapped {/ctm/parcels/:id/summary, GET} route"}
{"level":30,"time":1775156399432,"service":"flydea-api","msg":"Mapped {/ctm/parcels/:id/history, GET} route"}
{"level":30,"time":1775156399432,"service":"flydea-api","msg":"Mapped {/ctm/parcels, POST} route"}
{"level":30,"time":1775156399432,"service":"flydea-api","msg":"Mapped {/ctm/parcels/:id, PATCH} route"}
{"level":30,"time":1775156399432,"service":"flydea-api","msg":"Mapped {/ctm/parcels/:id, DELETE} route"}
{"level":30,"time":1775156399432,"service":"flydea-api","msg":"Mapped {/ctm/parcels/:id/building, PUT} route"}
{"level":30,"time":1775156399432,"service":"flydea-api","msg":"Mapped {/ctm/parcels/:id/socioeconomic, PUT} route"}
{"level":30,"time":1775156399432,"service":"flydea-api","msg":"Mapped {/ctm/parcels/:id/infrastructure, PUT} route"}
{"level":30,"time":1775156399432,"service":"flydea-api","msg":"Mapped {/ctm/parcels/import, POST} route"}
{"level":30,"time":1775156399432,"service":"flydea-api","msg":"ProjectParcelsController {/api/projects/:projectId/parcels}:"}
{"level":30,"time":1775156399432,"service":"flydea-api","msg":"Mapped {/api/projects/:projectId/parcels, GET} route"}
{"level":30,"time":1775156399432,"service":"flydea-api","msg":"Mapped {/api/projects/:projectId/parcels/pendencias, GET} route"}
{"level":30,"time":1775156399432,"service":"flydea-api","msg":"Mapped {/api/projects/:projectId/parcels/geojson, GET} route"}
{"level":30,"time":1775156399432,"service":"flydea-api","msg":"Mapped {/api/projects/:projectId/parcels/:id, GET} route"}
{"level":30,"time":1775156399432,"service":"flydea-api","msg":"Mapped {/api/projects/:projectId/parcels/:id/summary, GET} route"}
{"level":30,"time":1775156399432,"service":"flydea-api","msg":"Mapped {/api/projects/:projectId/parcels/:id/history, GET} route"}
{"level":30,"time":1775156399432,"service":"flydea-api","msg":"Mapped {/api/projects/:projectId/parcels, POST} route"}
{"level":30,"time":1775156399432,"service":"flydea-api","msg":"Mapped {/api/projects/:projectId/parcels/:id, PATCH} route"}
{"level":30,"time":1775156399432,"service":"flydea-api","msg":"Mapped {/api/projects/:projectId/parcels/:id, DELETE} route"}
{"level":30,"time":1775156399432,"service":"flydea-api","msg":"Mapped {/api/projects/:projectId/parcels/:id/building, PUT} route"}
{"level":30,"time":1775156399432,"service":"flydea-api","msg":"Mapped {/api/projects/:projectId/parcels/:id/socioeconomic, PUT} route"}
{"level":30,"time":1775156399432,"service":"flydea-api","msg":"Mapped {/api/projects/:projectId/parcels/:id/infrastructure, PUT} route"}
{"level":30,"time":1775156399432,"service":"flydea-api","msg":"Mapped {/api/projects/:projectId/parcels/import, POST} route"}
{"level":30,"time":1775156399432,"service":"flydea-api","msg":"LogradourosController {/ctm/logradouros}:"}
{"level":30,"time":1775156399432,"service":"flydea-api","msg":"Mapped {/ctm/logradouros, GET} route"}
{"level":30,"time":1775156399432,"service":"flydea-api","msg":"Mapped {/ctm/logradouros/:id, GET} route"}
{"level":30,"time":1775156399432,"service":"flydea-api","msg":"Mapped {/ctm/logradouros, POST} route"}
{"level":30,"time":1775156399432,"service":"flydea-api","msg":"Mapped {/ctm/logradouros/:id, PATCH} route"}
{"level":30,"time":1775156399432,"service":"flydea-api","msg":"Mapped {/ctm/logradouros/:id, DELETE} route"}
{"level":30,"time":1775156399432,"service":"flydea-api","msg":"UrbanFurnitureController {/ctm/urban-furniture}:"}
{"level":30,"time":1775156399432,"service":"flydea-api","msg":"Mapped {/ctm/urban-furniture, GET} route"}
{"level":30,"time":1775156399432,"service":"flydea-api","msg":"Mapped {/ctm/urban-furniture/geojson, GET} route"}
{"level":30,"time":1775156399432,"service":"flydea-api","msg":"Mapped {/ctm/urban-furniture/:id, GET} route"}
{"level":30,"time":1775156399432,"service":"flydea-api","msg":"Mapped {/ctm/urban-furniture, POST} route"}
{"level":30,"time":1775156399432,"service":"flydea-api","msg":"Mapped {/ctm/urban-furniture/:id, PATCH} route"}
{"level":30,"time":1775156399432,"service":"flydea-api","msg":"Mapped {/ctm/urban-furniture/:id, DELETE} route"}
{"level":30,"time":1775156399432,"service":"flydea-api","msg":"ZonesController {/pgv/zones}:"}
{"level":30,"time":1775156399432,"service":"flydea-api","msg":"Mapped {/pgv/zones, GET} route"}
{"level":30,"time":1775156399432,"service":"flydea-api","msg":"Mapped {/pgv/zones/geojson, GET} route"}
{"level":30,"time":1775156399432,"service":"flydea-api","msg":"Mapped {/pgv/zones/:id, GET} route"}
{"level":30,"time":1775156399432,"service":"flydea-api","msg":"Mapped {/pgv/zones, POST} route"}
{"level":30,"time":1775156399432,"service":"flydea-api","msg":"Mapped {/pgv/zones/:id, PATCH} route"}
{"level":30,"time":1775156399432,"service":"flydea-api","msg":"Mapped {/pgv/zones/:id, DELETE} route"}
{"level":30,"time":1775156399432,"service":"flydea-api","msg":"Mapped {/pgv/zones/import, POST} route"}
{"level":30,"time":1775156399432,"service":"flydea-api","msg":"FacesController {/pgv/faces}:"}
{"level":30,"time":1775156399432,"service":"flydea-api","msg":"Mapped {/pgv/faces, GET} route"}
{"level":30,"time":1775156399432,"service":"flydea-api","msg":"Mapped {/pgv/faces/geojson, GET} route"}
{"level":30,"time":1775156399432,"service":"flydea-api","msg":"Mapped {/pgv/faces/:id, GET} route"}
{"level":30,"time":1775156399432,"service":"flydea-api","msg":"Mapped {/pgv/faces, POST} route"}
{"level":30,"time":1775156399432,"service":"flydea-api","msg":"Mapped {/pgv/faces/:id, PATCH} route"}
{"level":30,"time":1775156399432,"service":"flydea-api","msg":"Mapped {/pgv/faces/:id, DELETE} route"}
{"level":30,"time":1775156399432,"service":"flydea-api","msg":"Mapped {/pgv/faces/import, POST} route"}
{"level":30,"time":1775156399432,"service":"flydea-api","msg":"FactorsController {/pgv/factors}:"}
{"level":30,"time":1775156399432,"service":"flydea-api","msg":"Mapped {/pgv/factors, GET} route"}
{"level":30,"time":1775156399432,"service":"flydea-api","msg":"Mapped {/pgv/factors/:id, GET} route"}
{"level":30,"time":1775156399432,"service":"flydea-api","msg":"Mapped {/pgv/factors, POST} route"}
{"level":30,"time":1775156399432,"service":"flydea-api","msg":"Mapped {/pgv/factors/:id, PATCH} route"}
{"level":30,"time":1775156399432,"service":"flydea-api","msg":"Mapped {/pgv/factors/:id, DELETE} route"}
{"level":30,"time":1775156399432,"service":"flydea-api","msg":"FactorSetsController {/pgv/factor-sets}:"}
{"level":30,"time":1775156399432,"service":"flydea-api","msg":"Mapped {/pgv/factor-sets, GET} route"}
{"level":30,"time":1775156399432,"service":"flydea-api","msg":"Mapped {/pgv/factor-sets, PUT} route"}
{"level":30,"time":1775156399432,"service":"flydea-api","msg":"VersionsController {/pgv/versions}:"}
{"level":30,"time":1775156399432,"service":"flydea-api","msg":"Mapped {/pgv/versions, GET} route"}
{"level":30,"time":1775156399432,"service":"flydea-api","msg":"Mapped {/pgv/versions/active, GET} route"}
{"level":30,"time":1775156399432,"service":"flydea-api","msg":"Mapped {/pgv/versions/:id, GET} route"}
{"level":30,"time":1775156399432,"service":"flydea-api","msg":"Mapped {/pgv/versions, POST} route"}
{"level":30,"time":1775156399432,"service":"flydea-api","msg":"Mapped {/pgv/versions/:id, PATCH} route"}
{"level":30,"time":1775156399432,"service":"flydea-api","msg":"ValuationsController {/pgv/valuations}:"}
{"level":30,"time":1775156399432,"service":"flydea-api","msg":"Mapped {/pgv/valuations, GET} route"}
{"level":30,"time":1775156399432,"service":"flydea-api","msg":"Mapped {/pgv/valuations/parcel/:id, GET} route"}
{"level":30,"time":1775156399432,"service":"flydea-api","msg":"Mapped {/pgv/valuations/parcel/:id/trace, GET} route"}
{"level":30,"time":1775156399432,"service":"flydea-api","msg":"Mapped {/pgv/valuations/calculate, POST} route"}
{"level":30,"time":1775156399432,"service":"flydea-api","msg":"Mapped {/pgv/valuations/export/csv, GET} route"}
{"level":30,"time":1775156399432,"service":"flydea-api","msg":"Mapped {/pgv/valuations/export/geojson, GET} route"}
{"level":30,"time":1775156399432,"service":"flydea-api","msg":"Mapped {/pgv/valuations/impact-report, GET} route"}
{"level":30,"time":1775156399432,"service":"flydea-api","msg":"PgvController {/pgv}:"}
{"level":30,"time":1775156399432,"service":"flydea-api","msg":"Mapped {/pgv/calculate, POST} route"}
{"level":30,"time":1775156399432,"service":"flydea-api","msg":"Mapped {/pgv/recalculate-batch, POST} route"}
{"level":30,"time":1775156399432,"service":"flydea-api","msg":"Mapped {/pgv/report.csv, GET} route"}
{"level":30,"time":1775156399432,"service":"flydea-api","msg":"Mapped {/pgv/impact-report, GET} route"}
{"level":30,"time":1775156399432,"service":"flydea-api","msg":"Mapped {/pgv/parcels.geojson, GET} route"}
{"level":30,"time":1775156399432,"service":"flydea-api","msg":"PgvSimulationsController {/pgv/simulations}:"}
{"level":30,"time":1775156399432,"service":"flydea-api","msg":"Mapped {/pgv/simulations, POST} route"}
{"level":30,"time":1775156399432,"service":"flydea-api","msg":"Mapped {/pgv/simulations, GET} route"}
{"level":30,"time":1775156399432,"service":"flydea-api","msg":"RoadsController {/osm/roads}:"}
{"level":30,"time":1775156399432,"service":"flydea-api","msg":"Mapped {/osm/roads, GET} route"}
{"level":30,"time":1775156399432,"service":"flydea-api","msg":"Mapped {/osm/roads/geojson, GET} route"}
{"level":30,"time":1775156399432,"service":"flydea-api","msg":"ProjectRoadsController {/api/projects/:projectId/roads}:"}
{"level":30,"time":1775156399432,"service":"flydea-api","msg":"Mapped {/api/projects/:projectId/roads, GET} route"}
{"level":30,"time":1775156399432,"service":"flydea-api","msg":"Mapped {/api/projects/:projectId/roads/geojson, GET} route"}
{"level":30,"time":1775156399432,"service":"flydea-api","msg":"BuildingsController {/osm/buildings}:"}
{"level":30,"time":1775156399432,"service":"flydea-api","msg":"Mapped {/osm/buildings, GET} route"}
{"level":30,"time":1775156399432,"service":"flydea-api","msg":"Mapped {/osm/buildings/geojson, GET} route"}
{"level":30,"time":1775156399432,"service":"flydea-api","msg":"ProjectBuildingsController {/api/projects/:projectId/buildings}:"}
{"level":30,"time":1775156399432,"service":"flydea-api","msg":"Mapped {/api/projects/:projectId/buildings, GET} route"}
{"level":30,"time":1775156399432,"service":"flydea-api","msg":"Mapped {/api/projects/:projectId/buildings/geojson, GET} route"}
{"level":30,"time":1775156399432,"service":"flydea-api","msg":"MapFeaturesController {/map-features}:"}
{"level":30,"time":1775156399432,"service":"flydea-api","msg":"Mapped {/map-features, POST} route"}
{"level":30,"time":1775156399432,"service":"flydea-api","msg":"Mapped {/map-features/:id, PATCH} route"}
{"level":30,"time":1775156399432,"service":"flydea-api","msg":"Mapped {/map-features/:id, DELETE} route"}
{"level":30,"time":1775156399432,"service":"flydea-api","msg":"Mapped {/map-features/geojson, GET} route"}
{"level":30,"time":1775156399432,"service":"flydea-api","msg":"MetricsController {/metrics}:"}
{"level":30,"time":1775156399432,"service":"flydea-api","msg":"Mapped {/metrics, GET} route"}
{"level":30,"time":1775156399432,"service":"flydea-api","msg":"ComplianceController {/compliance}:"}
{"level":30,"time":1775156399432,"service":"flydea-api","msg":"Mapped {/compliance, GET} route"}
{"level":30,"time":1775156399432,"service":"flydea-api","msg":"Mapped {/compliance/company, PUT} route"}
{"level":30,"time":1775156399432,"service":"flydea-api","msg":"Mapped {/compliance/responsibles, POST} route"}
{"level":30,"time":1775156399432,"service":"flydea-api","msg":"Mapped {/compliance/responsibles/:id, PATCH} route"}
{"level":30,"time":1775156399432,"service":"flydea-api","msg":"Mapped {/compliance/responsibles/:id, DELETE} route"}
{"level":30,"time":1775156399432,"service":"flydea-api","msg":"Mapped {/compliance/art-rrt, POST} route"}
{"level":30,"time":1775156399432,"service":"flydea-api","msg":"Mapped {/compliance/art-rrt/:id, PATCH} route"}
{"level":30,"time":1775156399432,"service":"flydea-api","msg":"Mapped {/compliance/art-rrt/:id, DELETE} route"}
{"level":30,"time":1775156399432,"service":"flydea-api","msg":"Mapped {/compliance/cats, POST} route"}
{"level":30,"time":1775156399432,"service":"flydea-api","msg":"Mapped {/compliance/cats/:id, PATCH} route"}
{"level":30,"time":1775156399432,"service":"flydea-api","msg":"Mapped {/compliance/cats/:id, DELETE} route"}
{"level":30,"time":1775156399432,"service":"flydea-api","msg":"Mapped {/compliance/team, POST} route"}
{"level":30,"time":1775156399432,"service":"flydea-api","msg":"Mapped {/compliance/team/:id, PATCH} route"}
{"level":30,"time":1775156399432,"service":"flydea-api","msg":"Mapped {/compliance/team/:id, DELETE} route"}
{"level":30,"time":1775156399432,"service":"flydea-api","msg":"Mapped {/compliance/checklist, PUT} route"}
{"level":30,"time":1775156399432,"service":"flydea-api","msg":"TaxIntegrationController {/tax-integration}:"}
{"level":30,"time":1775156399432,"service":"flydea-api","msg":"Mapped {/tax-integration/echo, GET} route"}
{"level":30,"time":1775156399432,"service":"flydea-api","msg":"Mapped {/tax-integration/echo, POST} route"}
{"level":30,"time":1775156399432,"service":"flydea-api","msg":"Mapped {/tax-integration/connectors, GET} route"}
{"level":30,"time":1775156399432,"service":"flydea-api","msg":"Mapped {/tax-integration/connectors, POST} route"}
{"level":30,"time":1775156399432,"service":"flydea-api","msg":"Mapped {/tax-integration/connectors/:id, PATCH} route"}
{"level":30,"time":1775156399432,"service":"flydea-api","msg":"Mapped {/tax-integration/connectors/:id/test-connection, POST} route"}
{"level":30,"time":1775156399432,"service":"flydea-api","msg":"Mapped {/tax-integration/connectors/:id/run-sync, POST} route"}
{"level":30,"time":1775156399432,"service":"flydea-api","msg":"Mapped {/tax-integration/connectors/:id/logs, GET} route"}
{"level":30,"time":1775156399432,"service":"flydea-api","msg":"NotificationsLettersController {/notifications-letters}:"}
{"level":30,"time":1775156399432,"service":"flydea-api","msg":"Mapped {/notifications-letters/templates, GET} route"}
{"level":30,"time":1775156399432,"service":"flydea-api","msg":"Mapped {/notifications-letters/templates, POST} route"}
{"level":30,"time":1775156399432,"service":"flydea-api","msg":"Mapped {/notifications-letters/templates/:id, PATCH} route"}
{"level":30,"time":1775156399432,"service":"flydea-api","msg":"Mapped {/notifications-letters/templates/preview, POST} route"}
{"level":30,"time":1775156399432,"service":"flydea-api","msg":"Mapped {/notifications-letters/batches/generate, POST} route"}
{"level":30,"time":1775156399432,"service":"flydea-api","msg":"Mapped {/notifications-letters/batches, GET} route"}
{"level":30,"time":1775156399432,"service":"flydea-api","msg":"Mapped {/notifications-letters/batches/:id, GET} route"}
{"level":30,"time":1775156399432,"service":"flydea-api","msg":"Mapped {/notifications-letters/batches/:batchId/letters/:letterId/status, PATCH} route"}
{"level":30,"time":1775156399432,"service":"flydea-api","msg":"Mapped {/notifications-letters/batches/:batchId/letters/:letterId/download, GET} route"}
{"level":30,"time":1775156399432,"service":"flydea-api","msg":"SurveysController {/surveys}:"}
{"level":30,"time":1775156399432,"service":"flydea-api","msg":"Mapped {/surveys, GET} route"}
{"level":30,"time":1775156399432,"service":"flydea-api","msg":"Mapped {/surveys/:id, GET} route"}
{"level":30,"time":1775156399432,"service":"flydea-api","msg":"Mapped {/surveys, POST} route"}
{"level":30,"time":1775156399432,"service":"flydea-api","msg":"Mapped {/surveys/:id, PATCH} route"}
{"level":30,"time":1775156399432,"service":"flydea-api","msg":"Mapped {/surveys/:id/files/presign-upload, POST} route"}
{"level":30,"time":1775156399432,"service":"flydea-api","msg":"Mapped {/surveys/:id/files/complete, POST} route"}
{"level":30,"time":1775156399432,"service":"flydea-api","msg":"Mapped {/surveys/:id/files, GET} route"}
{"level":30,"time":1775156399432,"service":"flydea-api","msg":"Mapped {/surveys/:id/files/:fileId/download, GET} route"}
{"level":30,"time":1775156399432,"service":"flydea-api","msg":"Mapped {/surveys/:id/qa, PATCH} route"}
{"level":30,"time":1775156399432,"service":"flydea-api","msg":"Mapped {/surveys/:id/publish, POST} route"}
{"level":30,"time":1775156399432,"service":"flydea-api","msg":"MobileController {/mobile}:"}
{"level":30,"time":1775156399432,"service":"flydea-api","msg":"Mapped {/mobile/ctm-sync, POST} route"}
{"level":30,"time":1775156399432,"service":"flydea-api","msg":"Mapped {/mobile/ctm-sync, GET} route"}
{"level":30,"time":1775156399432,"service":"flydea-api","msg":"Mapped {/mobile/dashboard, GET} route"}
{"level":30,"time":1775156399432,"service":"flydea-api","msg":"PocController {/poc}:"}
{"level":30,"time":1775156399432,"service":"flydea-api","msg":"Mapped {/poc/health, GET} route"}
{"level":30,"time":1775156399432,"service":"flydea-api","msg":"Mapped {/poc/score, GET} route"}
{"level":30,"time":1775156399432,"service":"flydea-api","msg":"ReurbController {/reurb}:"}
{"level":30,"time":1775156399432,"service":"flydea-api","msg":"Mapped {/reurb/tenant-config, GET} route"}
{"level":30,"time":1775156399432,"service":"flydea-api","msg":"Mapped {/reurb/tenant-config, PUT} route"}
{"level":30,"time":1775156399432,"service":"flydea-api","msg":"Mapped {/reurb/projects, POST} route"}
{"level":30,"time":1775156399432,"service":"flydea-api","msg":"Mapped {/reurb/projects, GET} route"}
{"level":30,"time":1775156399432,"service":"flydea-api","msg":"Mapped {/reurb/projects/:id, PATCH} route"}
{"level":30,"time":1775156399432,"service":"flydea-api","msg":"Mapped {/reurb/families, POST} route"}
{"level":30,"time":1775156399432,"service":"flydea-api","msg":"Mapped {/reurb/families/import.csv, POST} route"}
{"level":30,"time":1775156399432,"service":"flydea-api","msg":"Mapped {/reurb/families, GET} route"}
{"level":30,"time":1775156399432,"service":"flydea-api","msg":"Mapped {/reurb/families/:id, PATCH} route"}
{"level":30,"time":1775156399432,"service":"flydea-api","msg":"Mapped {/reurb/families/export.csv, POST} route"}
{"level":30,"time":1775156399432,"service":"flydea-api","msg":"Mapped {/reurb/families/export.xlsx, POST} route"}
{"level":30,"time":1775156399432,"service":"flydea-api","msg":"Mapped {/reurb/families/export.json, POST} route"}
{"level":30,"time":1775156399432,"service":"flydea-api","msg":"Mapped {/reurb/planilha-sintese/generate, POST} route"}
{"level":30,"time":1775156399432,"service":"flydea-api","msg":"Mapped {/reurb/pendencies, POST} route"}
{"level":30,"time":1775156399432,"service":"flydea-api","msg":"Mapped {/reurb/units, POST} route"}
{"level":30,"time":1775156399432,"service":"flydea-api","msg":"Mapped {/reurb/units, GET} route"}
{"level":30,"time":1775156399432,"service":"flydea-api","msg":"Mapped {/reurb/units/:id, PATCH} route"}
{"level":30,"time":1775156399432,"service":"flydea-api","msg":"Mapped {/reurb/pendencies, GET} route"}
{"level":30,"time":1775156399432,"service":"flydea-api","msg":"Mapped {/reurb/pendencies/:id/status, PATCH} route"}
{"level":30,"time":1775156399432,"service":"flydea-api","msg":"Mapped {/reurb/pendencies/stream, GET} route"}
{"level":30,"time":1775156399432,"service":"flydea-api","msg":"Mapped {/reurb/documents/presign-upload, POST} route"}
{"level":30,"time":1775156399432,"service":"flydea-api","msg":"Mapped {/reurb/documents/complete-upload, POST} route"}
{"level":30,"time":1775156399432,"service":"flydea-api","msg":"Mapped {/reurb/project-documents/presign-upload, POST} route"}
{"level":30,"time":1775156399432,"service":"flydea-api","msg":"Mapped {/reurb/project-documents/complete-upload, POST} route"}
{"level":30,"time":1775156399432,"service":"flydea-api","msg":"Mapped {/reurb/unit-documents/presign-upload, POST} route"}
{"level":30,"time":1775156399432,"service":"flydea-api","msg":"Mapped {/reurb/unit-documents/complete-upload, POST} route"}
{"level":30,"time":1775156399432,"service":"flydea-api","msg":"Mapped {/reurb/dossier, GET} route"}
{"level":30,"time":1775156399432,"service":"flydea-api","msg":"Mapped {/reurb/notification-templates, GET} route"}
{"level":30,"time":1775156399432,"service":"flydea-api","msg":"Mapped {/reurb/notification-templates, POST} route"}
{"level":30,"time":1775156399432,"service":"flydea-api","msg":"Mapped {/reurb/notification-templates/:id, PATCH} route"}
{"level":30,"time":1775156399432,"service":"flydea-api","msg":"Mapped {/reurb/notifications, GET} route"}
{"level":30,"time":1775156399432,"service":"flydea-api","msg":"Mapped {/reurb/notifications/send-email, POST} route"}
{"level":30,"time":1775156399432,"service":"flydea-api","msg":"Mapped {/reurb/notifications/evidence/presign-upload, POST} route"}
{"level":30,"time":1775156399432,"service":"flydea-api","msg":"Mapped {/reurb/notifications/:id/evidence, POST} route"}
{"level":30,"time":1775156399432,"service":"flydea-api","msg":"Mapped {/reurb/integrations/ping, POST} route"}
{"level":30,"time":1775156399432,"service":"flydea-api","msg":"Mapped {/reurb/cartorio/package, POST} route"}
{"level":30,"time":1775156399432,"service":"flydea-api","msg":"Mapped {/reurb/deliverables, GET} route"}
{"level":30,"time":1775156399432,"service":"flydea-api","msg":"Mapped {/reurb/deliverables/:id/download, GET} route"}
{"level":30,"time":1775156399432,"service":"flydea-api","msg":"Mapped {/reurb/audit, GET} route"}
{"level":30,"time":1775156399432,"service":"flydea-api","msg":"CertificatesController {/certificates}:"}
{"level":30,"time":1775156399432,"service":"flydea-api","msg":"Mapped {/certificates, GET} route"}
{"level":30,"time":1775156399432,"service":"flydea-api","msg":"Mapped {/certificates/validate/:code, GET} route"}
{"level":30,"time":1775156399432,"service":"flydea-api","msg":"Mapped {/certificates/validate, GET} route"}
{"level":30,"time":1775156399432,"service":"flydea-api","msg":"Mapped {/certificates/:id, GET} route"}
{"level":30,"time":1775156399432,"service":"flydea-api","msg":"Mapped {/certificates, POST} route"}
{"level":30,"time":1775156399432,"service":"flydea-api","msg":"MonitoringController {/monitoring}:"}
{"level":30,"time":1775156399432,"service":"flydea-api","msg":"Mapped {/monitoring/events, GET} route"}
{"level":30,"time":1775156399432,"service":"flydea-api","msg":"Mapped {/monitoring/events, POST} route"}
{"level":30,"time":1775156399432,"service":"flydea-api","msg":"Mapped {/monitoring/events/:id, GET} route"}
{"level":30,"time":1775156399432,"service":"flydea-api","msg":"Mapped {/monitoring/events/:id, PATCH} route"}
{"level":30,"time":1775156399432,"service":"flydea-api","msg":"Mapped {/monitoring/events/:id/triage, POST} route"}
{"level":30,"time":1775156399432,"service":"flydea-api","msg":"Mapped {/monitoring/events/:id/assign, POST} route"}
{"level":30,"time":1775156399432,"service":"flydea-api","msg":"Mapped {/monitoring/events/:id/notify, POST} route"}
{"level":30,"time":1775156399432,"service":"flydea-api","msg":"Mapped {/monitoring/events/:id/close, POST} route"}
{"level":30,"time":1775156399432,"service":"flydea-api","msg":"Mapped {/monitoring/dashboard, GET} route"}
{"level":30,"time":1775156399432,"service":"flydea-api","msg":"ObservatoryController {/observatory}:"}
{"level":30,"time":1775156399432,"service":"flydea-api","msg":"Mapped {/observatory/market, GET} route"}
{"level":30,"time":1775156399432,"service":"flydea-api","msg":"Mapped {/observatory/market/export.csv, GET} route"}
{"level":30,"time":1775156399432,"service":"flydea-api","msg":"IntegrationHubController {/integration-hub}:"}
{"level":30,"time":1775156399432,"service":"flydea-api","msg":"Mapped {/integration-hub/adapters, GET} route"}
{"level":30,"time":1775156399432,"service":"flydea-api","msg":"Mapped {/integration-hub/portal-links, GET} route"}
{"level":30,"time":1775156399432,"service":"flydea-api","msg":"Mapped {/integration-hub/portal-link, POST} route"}
{"level":30,"time":1775156399432,"service":"flydea-api","msg":"Mapped {/integration-hub/oidc-link, POST} route"}
{"level":30,"time":1775156399432,"service":"flydea-api","msg":"Nest application successfully started"}
{"level":30,"time":1775156399435,"service":"flydea-api","msg":"API started on port 4000"}
{"level":40,"time":1775156618240,"service":"flydea-api","status":401,"method":"GET","url":"/dashboard/kpis","correlationId":"348eaf0b-6b42-4db2-9ccc-b6bbee848a1a","tenantId":null,"userId":null,"detail":"Token invalido","msg":"http_exception"}
{"level":40,"time":1775156618242,"service":"flydea-api","http":{"method":"GET","path":"/dashboard/kpis","statusCode":401,"durationMs":9,"correlationId":"348eaf0b-6b42-4db2-9ccc-b6bbee848a1a","tenantId":"69cd5dc642c8e2d7bd230a8f","userId":null},"msg":"http_request"}
{"level":40,"time":1775156618249,"service":"flydea-api","status":401,"method":"GET","url":"/dashboard/executive","correlationId":"c510f4e3-540d-4cbf-b798-7596e51158d6","tenantId":null,"userId":null,"detail":"Token invalido","msg":"http_exception"}
{"level":40,"time":1775156618250,"service":"flydea-api","http":{"method":"GET","path":"/dashboard/executive","statusCode":401,"durationMs":4,"correlationId":"c510f4e3-540d-4cbf-b798-7596e51158d6","tenantId":"69cd5dc642c8e2d7bd230a8f","userId":null},"msg":"http_request"}
{"level":40,"time":1775156618252,"service":"flydea-api","status":401,"method":"GET","url":"/dashboard/layout","correlationId":"c501f670-a2d0-4bac-ab43-a9daeb053f4d","tenantId":null,"userId":null,"detail":"Token invalido","msg":"http_exception"}
{"level":40,"time":1775156618253,"service":"flydea-api","http":{"method":"GET","path":"/dashboard/layout","statusCode":401,"durationMs":3,"correlationId":"c501f670-a2d0-4bac-ab43-a9daeb053f4d","tenantId":"69cd5dc642c8e2d7bd230a8f","userId":null},"msg":"http_request"}
{"level":40,"time":1775168649213,"service":"flydea-api","status":401,"method":"GET","url":"/ctm/parcels?q=PARC1","correlationId":"6b1e8856-9338-4a7e-b8a7-fa47755d5fe7","tenantId":null,"userId":null,"detail":"Token invalido","msg":"http_exception"}
{"level":40,"time":1775168649221,"service":"flydea-api","http":{"method":"GET","path":"/ctm/parcels?q=PARC1","statusCode":401,"durationMs":49,"correlationId":"6b1e8856-9338-4a7e-b8a7-fa47755d5fe7","tenantId":"69cd5dc642c8e2d7bd230a8f","userId":null},"msg":"http_request"}
{"level":40,"time":1775168931779,"service":"flydea-api","status":403,"method":"GET","url":"/reurb/families?projectId=69ceeda27a1af68fe52844c6&q=","correlationId":"0341cf4b-ebe3-491a-93bb-8b53423a74cd","tenantId":"69cd5dc642c8e2d7bd230a8f","userId":"69cd5dc642c8e2d7bd230a92","detail":"Acesso recusado: x-lgpd-purpose obrigatorio","msg":"http_exception"}
{"level":40,"time":1775168931780,"service":"flydea-api","http":{"method":"GET","path":"/reurb/families?projectId=69ceeda27a1af68fe52844c6&q=","statusCode":403,"durationMs":2,"correlationId":"0341cf4b-ebe3-491a-93bb-8b53423a74cd","tenantId":"69cd5dc642c8e2d7bd230a8f","userId":"69cd5dc642c8e2d7bd230a92"},"msg":"http_request"}
{"level":40,"time":1775168931782,"service":"flydea-api","status":403,"method":"GET","url":"/reurb/pendencies?projectId=69ceeda27a1af68fe52844c6","correlationId":"203bccac-51ac-446f-b7f3-0773fff36bc0","tenantId":"69cd5dc642c8e2d7bd230a8f","userId":"69cd5dc642c8e2d7bd230a92","detail":"Acesso recusado: x-lgpd-purpose obrigatorio","msg":"http_exception"}
{"level":40,"time":1775168931783,"service":"flydea-api","http":{"method":"GET","path":"/reurb/pendencies?projectId=69ceeda27a1af68fe52844c6","statusCode":403,"durationMs":3,"correlationId":"203bccac-51ac-446f-b7f3-0773fff36bc0","tenantId":"69cd5dc642c8e2d7bd230a8f","userId":"69cd5dc642c8e2d7bd230a92"},"msg":"http_request"}
{"level":40,"time":1775168931789,"service":"flydea-api","status":403,"method":"GET","url":"/reurb/deliverables?projectId=69ceeda27a1af68fe52844c6","correlationId":"8d7fdaf5-430d-4a74-9cf5-cadbf4ff2cfd","tenantId":"69cd5dc642c8e2d7bd230a8f","userId":"69cd5dc642c8e2d7bd230a92","detail":"Acesso recusado: x-lgpd-purpose obrigatorio","msg":"http_exception"}
{"level":40,"time":1775168931789,"service":"flydea-api","http":{"method":"GET","path":"/reurb/deliverables?projectId=69ceeda27a1af68fe52844c6","statusCode":403,"durationMs":1,"correlationId":"8d7fdaf5-430d-4a74-9cf5-cadbf4ff2cfd","tenantId":"69cd5dc642c8e2d7bd230a8f","userId":"69cd5dc642c8e2d7bd230a92"},"msg":"http_request"}
{"level":40,"time":1775168932095,"service":"flydea-api","status":403,"method":"GET","url":"/reurb/families?projectId=69ceeda37a1af68fe528455d&q=","correlationId":"9575e0bc-fcb5-40fb-8a1e-b38988daf438","tenantId":"69cd5dc642c8e2d7bd230a8f","userId":"69cd5dc642c8e2d7bd230a92","detail":"Acesso recusado: x-lgpd-purpose obrigatorio","msg":"http_exception"}
{"level":40,"time":1775168932096,"service":"flydea-api","http":{"method":"GET","path":"/reurb/families?projectId=69ceeda37a1af68fe528455d&q=","statusCode":403,"durationMs":2,"correlationId":"9575e0bc-fcb5-40fb-8a1e-b38988daf438","tenantId":"69cd5dc642c8e2d7bd230a8f","userId":"69cd5dc642c8e2d7bd230a92"},"msg":"http_request"}
{"level":40,"time":1775168932097,"service":"flydea-api","status":403,"method":"GET","url":"/reurb/pendencies?projectId=69ceeda37a1af68fe528455d","correlationId":"b6bda556-df42-4cbc-930c-fad3e05e6bde","tenantId":"69cd5dc642c8e2d7bd230a8f","userId":"69cd5dc642c8e2d7bd230a92","detail":"Acesso recusado: x-lgpd-purpose obrigatorio","msg":"http_exception"}
{"level":40,"time":1775168932098,"service":"flydea-api","http":{"method":"GET","path":"/reurb/pendencies?projectId=69ceeda37a1af68fe528455d","statusCode":403,"durationMs":2,"correlationId":"b6bda556-df42-4cbc-930c-fad3e05e6bde","tenantId":"69cd5dc642c8e2d7bd230a8f","userId":"69cd5dc642c8e2d7bd230a92"},"msg":"http_request"}
{"level":40,"time":1775168932101,"service":"flydea-api","status":403,"method":"GET","url":"/reurb/deliverables?projectId=69ceeda37a1af68fe528455d","correlationId":"1d313c9b-eaa3-4988-9814-45c08fe2734c","tenantId":"69cd5dc642c8e2d7bd230a8f","userId":"69cd5dc642c8e2d7bd230a92","detail":"Acesso recusado: x-lgpd-purpose obrigatorio","msg":"http_exception"}
{"level":40,"time":1775168932101,"service":"flydea-api","http":{"method":"GET","path":"/reurb/deliverables?projectId=69ceeda37a1af68fe528455d","statusCode":403,"durationMs":2,"correlationId":"1d313c9b-eaa3-4988-9814-45c08fe2734c","tenantId":"69cd5dc642c8e2d7bd230a8f","userId":"69cd5dc642c8e2d7bd230a92"},"msg":"http_request"}
{"level":40,"time":1775168933105,"service":"flydea-api","status":403,"method":"GET","url":"/reurb/families?projectId=69ceeda37a1af68fe528455d&q=","correlationId":"7d0a79d3-d0bd-4ce6-bb55-ee41b1327e95","tenantId":"69cd5dc642c8e2d7bd230a8f","userId":"69cd5dc642c8e2d7bd230a92","detail":"Acesso recusado: x-lgpd-purpose obrigatorio","msg":"http_exception"}
{"level":40,"time":1775168933106,"service":"flydea-api","http":{"method":"GET","path":"/reurb/families?projectId=69ceeda37a1af68fe528455d&q=","statusCode":403,"durationMs":2,"correlationId":"7d0a79d3-d0bd-4ce6-bb55-ee41b1327e95","tenantId":"69cd5dc642c8e2d7bd230a8f","userId":"69cd5dc642c8e2d7bd230a92"},"msg":"http_request"}
{"level":40,"time":1775168933108,"service":"flydea-api","status":403,"method":"GET","url":"/reurb/pendencies?projectId=69ceeda37a1af68fe528455d","correlationId":"ddf2979c-8648-4853-9e5e-4df007ceeb4a","tenantId":"69cd5dc642c8e2d7bd230a8f","userId":"69cd5dc642c8e2d7bd230a92","detail":"Acesso recusado: x-lgpd-purpose obrigatorio","msg":"http_exception"}
{"level":40,"time":1775168933108,"service":"flydea-api","http":{"method":"GET","path":"/reurb/pendencies?projectId=69ceeda37a1af68fe528455d","statusCode":403,"durationMs":1,"correlationId":"ddf2979c-8648-4853-9e5e-4df007ceeb4a","tenantId":"69cd5dc642c8e2d7bd230a8f","userId":"69cd5dc642c8e2d7bd230a92"},"msg":"http_request"}
{"level":40,"time":1775168933109,"service":"flydea-api","status":403,"method":"GET","url":"/reurb/deliverables?projectId=69ceeda37a1af68fe528455d","correlationId":"52c730ef-4d74-4897-89d1-62212f035448","tenantId":"69cd5dc642c8e2d7bd230a8f","userId":"69cd5dc642c8e2d7bd230a92","detail":"Acesso recusado: x-lgpd-purpose obrigatorio","msg":"http_exception"}
{"level":40,"time":1775168933109,"service":"flydea-api","http":{"method":"GET","path":"/reurb/deliverables?projectId=69ceeda37a1af68fe528455d","statusCode":403,"durationMs":0,"correlationId":"52c730ef-4d74-4897-89d1-62212f035448","tenantId":"69cd5dc642c8e2d7bd230a8f","userId":"69cd5dc642c8e2d7bd230a92"},"msg":"http_request"}
{"level":40,"time":1775168935112,"service":"flydea-api","status":403,"method":"GET","url":"/reurb/families?projectId=69ceeda37a1af68fe528455d&q=","correlationId":"cb2e3451-4940-4906-9d94-799b47849782","tenantId":"69cd5dc642c8e2d7bd230a8f","userId":"69cd5dc642c8e2d7bd230a92","detail":"Acesso recusado: x-lgpd-purpose obrigatorio","msg":"http_exception"}
{"level":40,"time":1775168935112,"service":"flydea-api","http":{"method":"GET","path":"/reurb/families?projectId=69ceeda37a1af68fe528455d&q=","statusCode":403,"durationMs":2,"correlationId":"cb2e3451-4940-4906-9d94-799b47849782","tenantId":"69cd5dc642c8e2d7bd230a8f","userId":"69cd5dc642c8e2d7bd230a92"},"msg":"http_request"}
{"level":40,"time":1775168935114,"service":"flydea-api","status":403,"method":"GET","url":"/reurb/pendencies?projectId=69ceeda37a1af68fe528455d","correlationId":"9ec475a3-07f4-4397-87ea-31d9e31c87b6","tenantId":"69cd5dc642c8e2d7bd230a8f","userId":"69cd5dc642c8e2d7bd230a92","detail":"Acesso recusado: x-lgpd-purpose obrigatorio","msg":"http_exception"}
{"level":40,"time":1775168935114,"service":"flydea-api","http":{"method":"GET","path":"/reurb/pendencies?projectId=69ceeda37a1af68fe528455d","statusCode":403,"durationMs":1,"correlationId":"9ec475a3-07f4-4397-87ea-31d9e31c87b6","tenantId":"69cd5dc642c8e2d7bd230a8f","userId":"69cd5dc642c8e2d7bd230a92"},"msg":"http_request"}
{"level":40,"time":1775168935116,"service":"flydea-api","status":403,"method":"GET","url":"/reurb/deliverables?projectId=69ceeda37a1af68fe528455d","correlationId":"bda15bab-12cb-465a-919f-9c7ef8bb7548","tenantId":"69cd5dc642c8e2d7bd230a8f","userId":"69cd5dc642c8e2d7bd230a92","detail":"Acesso recusado: x-lgpd-purpose obrigatorio","msg":"http_exception"}
{"level":40,"time":1775168935117,"service":"flydea-api","http":{"method":"GET","path":"/reurb/deliverables?projectId=69ceeda37a1af68fe528455d","statusCode":403,"durationMs":2,"correlationId":"bda15bab-12cb-465a-919f-9c7ef8bb7548","tenantId":"69cd5dc642c8e2d7bd230a8f","userId":"69cd5dc642c8e2d7bd230a92"},"msg":"http_request"}
{"level":40,"time":1775168939118,"service":"flydea-api","status":403,"method":"GET","url":"/reurb/families?projectId=69ceeda37a1af68fe528455d&q=","correlationId":"b7fd4c54-1f82-476a-80d4-e57989a18bc4","tenantId":"69cd5dc642c8e2d7bd230a8f","userId":"69cd5dc642c8e2d7bd230a92","detail":"Acesso recusado: x-lgpd-purpose obrigatorio","msg":"http_exception"}
{"level":40,"time":1775168939119,"service":"flydea-api","http":{"method":"GET","path":"/reurb/families?projectId=69ceeda37a1af68fe528455d&q=","statusCode":403,"durationMs":2,"correlationId":"b7fd4c54-1f82-476a-80d4-e57989a18bc4","tenantId":"69cd5dc642c8e2d7bd230a8f","userId":"69cd5dc642c8e2d7bd230a92"},"msg":"http_request"}
{"level":40,"time":1775168939120,"service":"flydea-api","status":403,"method":"GET","url":"/reurb/pendencies?projectId=69ceeda37a1af68fe528455d","correlationId":"241c9f11-ba7b-489d-9a74-5919f1f07e9a","tenantId":"69cd5dc642c8e2d7bd230a8f","userId":"69cd5dc642c8e2d7bd230a92","detail":"Acesso recusado: x-lgpd-purpose obrigatorio","msg":"http_exception"}
{"level":40,"time":1775168939121,"service":"flydea-api","http":{"method":"GET","path":"/reurb/pendencies?projectId=69ceeda37a1af68fe528455d","statusCode":403,"durationMs":2,"correlationId":"241c9f11-ba7b-489d-9a74-5919f1f07e9a","tenantId":"69cd5dc642c8e2d7bd230a8f","userId":"69cd5dc642c8e2d7bd230a92"},"msg":"http_request"}
{"level":40,"time":1775168939123,"service":"flydea-api","status":403,"method":"GET","url":"/reurb/deliverables?projectId=69ceeda37a1af68fe528455d","correlationId":"f05da48a-0997-4e8c-b73f-50d00caf1931","tenantId":"69cd5dc642c8e2d7bd230a8f","userId":"69cd5dc642c8e2d7bd230a92","detail":"Acesso recusado: x-lgpd-purpose obrigatorio","msg":"http_exception"}
{"level":40,"time":1775168939123,"service":"flydea-api","http":{"method":"GET","path":"/reurb/deliverables?projectId=69ceeda37a1af68fe528455d","statusCode":403,"durationMs":2,"correlationId":"f05da48a-0997-4e8c-b73f-50d00caf1931","tenantId":"69cd5dc642c8e2d7bd230a8f","userId":"69cd5dc642c8e2d7bd230a92"},"msg":"http_request"}
{"level":40,"time":1775168956851,"service":"flydea-api","status":403,"method":"GET","url":"/reurb/families?projectId=69ceeda37a1af68fe528455d&q=","correlationId":"c59b484f-9977-47de-bc56-cd9e4c79d74e","tenantId":"69cd5dc642c8e2d7bd230a8f","userId":"69ceed667a1af68fe5284447","detail":"Acesso recusado: x-lgpd-purpose obrigatorio","msg":"http_exception"}
{"level":40,"time":1775168956851,"service":"flydea-api","http":{"method":"GET","path":"/reurb/families?projectId=69ceeda37a1af68fe528455d&q=","statusCode":403,"durationMs":1,"correlationId":"c59b484f-9977-47de-bc56-cd9e4c79d74e","tenantId":"69cd5dc642c8e2d7bd230a8f","userId":"69ceed667a1af68fe5284447"},"msg":"http_request"}
{"level":40,"time":1775168956853,"service":"flydea-api","status":403,"method":"GET","url":"/reurb/deliverables?projectId=69ceeda37a1af68fe528455d","correlationId":"78391b03-a955-4ea1-92ac-ca149de78812","tenantId":"69cd5dc642c8e2d7bd230a8f","userId":"69ceed667a1af68fe5284447","detail":"Acesso recusado: x-lgpd-purpose obrigatorio","msg":"http_exception"}
{"level":40,"time":1775168956853,"service":"flydea-api","http":{"method":"GET","path":"/reurb/deliverables?projectId=69ceeda37a1af68fe528455d","statusCode":403,"durationMs":1,"correlationId":"78391b03-a955-4ea1-92ac-ca149de78812","tenantId":"69cd5dc642c8e2d7bd230a8f","userId":"69ceed667a1af68fe5284447"},"msg":"http_request"}
{"level":40,"time":1775168956856,"service":"flydea-api","status":403,"method":"GET","url":"/reurb/pendencies?projectId=69ceeda37a1af68fe528455d","correlationId":"8d1a6840-0a10-4214-9ede-aac7d24deb3e","tenantId":"69cd5dc642c8e2d7bd230a8f","userId":"69ceed667a1af68fe5284447","detail":"Acesso recusado: x-lgpd-purpose obrigatorio","msg":"http_exception"}
{"level":40,"time":1775168956857,"service":"flydea-api","http":{"method":"GET","path":"/reurb/pendencies?projectId=69ceeda37a1af68fe528455d","statusCode":403,"durationMs":1,"correlationId":"8d1a6840-0a10-4214-9ede-aac7d24deb3e","tenantId":"69cd5dc642c8e2d7bd230a8f","userId":"69ceed667a1af68fe5284447"},"msg":"http_request"}
{"level":40,"time":1775168957871,"service":"flydea-api","status":403,"method":"GET","url":"/reurb/families?projectId=69ceeda37a1af68fe528455d&q=","correlationId":"e10ca274-f2b4-4b51-9607-228290eb6c3c","tenantId":"69cd5dc642c8e2d7bd230a8f","userId":"69ceed667a1af68fe5284447","detail":"Acesso recusado: x-lgpd-purpose obrigatorio","msg":"http_exception"}
{"level":40,"time":1775168957871,"service":"flydea-api","http":{"method":"GET","path":"/reurb/families?projectId=69ceeda37a1af68fe528455d&q=","statusCode":403,"durationMs":1,"correlationId":"e10ca274-f2b4-4b51-9607-228290eb6c3c","tenantId":"69cd5dc642c8e2d7bd230a8f","userId":"69ceed667a1af68fe5284447"},"msg":"http_request"}
{"level":40,"time":1775168957873,"service":"flydea-api","status":403,"method":"GET","url":"/reurb/deliverables?projectId=69ceeda37a1af68fe528455d","correlationId":"ab2fea77-1a34-484e-be42-15e2c6d52cce","tenantId":"69cd5dc642c8e2d7bd230a8f","userId":"69ceed667a1af68fe5284447","detail":"Acesso recusado: x-lgpd-purpose obrigatorio","msg":"http_exception"}
{"level":40,"time":1775168957873,"service":"flydea-api","http":{"method":"GET","path":"/reurb/deliverables?projectId=69ceeda37a1af68fe528455d","statusCode":403,"durationMs":1,"correlationId":"ab2fea77-1a34-484e-be42-15e2c6d52cce","tenantId":"69cd5dc642c8e2d7bd230a8f","userId":"69ceed667a1af68fe5284447"},"msg":"http_request"}
{"level":40,"time":1775168957875,"service":"flydea-api","status":403,"method":"GET","url":"/reurb/pendencies?projectId=69ceeda37a1af68fe528455d","correlationId":"ef6e07c9-5c7f-4df9-b0d3-a06d81a1d8d0","tenantId":"69cd5dc642c8e2d7bd230a8f","userId":"69ceed667a1af68fe5284447","detail":"Acesso recusado: x-lgpd-purpose obrigatorio","msg":"http_exception"}
{"level":40,"time":1775168957875,"service":"flydea-api","http":{"method":"GET","path":"/reurb/pendencies?projectId=69ceeda37a1af68fe528455d","statusCode":403,"durationMs":1,"correlationId":"ef6e07c9-5c7f-4df9-b0d3-a06d81a1d8d0","tenantId":"69cd5dc642c8e2d7bd230a8f","userId":"69ceed667a1af68fe5284447"},"msg":"http_request"}
{"level":40,"time":1775168959235,"service":"flydea-api","status":403,"method":"GET","url":"/reurb/families?projectId=69ceeda37a1af68fe528455d&q=","correlationId":"85a34875-c581-432f-8dff-4cda08238374","tenantId":"69cd5dc642c8e2d7bd230a8f","userId":"69cd5dc642c8e2d7bd230a92","detail":"Acesso recusado: x-lgpd-purpose obrigatorio","msg":"http_exception"}
{"level":40,"time":1775168959236,"service":"flydea-api","http":{"method":"GET","path":"/reurb/families?projectId=69ceeda37a1af68fe528455d&q=","statusCode":403,"durationMs":1,"correlationId":"85a34875-c581-432f-8dff-4cda08238374","tenantId":"69cd5dc642c8e2d7bd230a8f","userId":"69cd5dc642c8e2d7bd230a92"},"msg":"http_request"}
{"level":40,"time":1775168959244,"service":"flydea-api","status":403,"method":"GET","url":"/reurb/pendencies?projectId=69ceeda37a1af68fe528455d","correlationId":"95c94b55-d711-48d3-a334-35ddfb98be72","tenantId":"69cd5dc642c8e2d7bd230a8f","userId":"69cd5dc642c8e2d7bd230a92","detail":"Acesso recusado: x-lgpd-purpose obrigatorio","msg":"http_exception"}
{"level":40,"time":1775168959244,"service":"flydea-api","http":{"method":"GET","path":"/reurb/pendencies?projectId=69ceeda37a1af68fe528455d","statusCode":403,"durationMs":1,"correlationId":"95c94b55-d711-48d3-a334-35ddfb98be72","tenantId":"69cd5dc642c8e2d7bd230a8f","userId":"69cd5dc642c8e2d7bd230a92"},"msg":"http_request"}
{"level":40,"time":1775168959251,"service":"flydea-api","status":403,"method":"GET","url":"/reurb/deliverables?projectId=69ceeda37a1af68fe528455d","correlationId":"36e4c2a4-aef1-4da9-aac7-83f5d6acda1e","tenantId":"69cd5dc642c8e2d7bd230a8f","userId":"69cd5dc642c8e2d7bd230a92","detail":"Acesso recusado: x-lgpd-purpose obrigatorio","msg":"http_exception"}
{"level":40,"time":1775168959252,"service":"flydea-api","http":{"method":"GET","path":"/reurb/deliverables?projectId=69ceeda37a1af68fe528455d","statusCode":403,"durationMs":3,"correlationId":"36e4c2a4-aef1-4da9-aac7-83f5d6acda1e","tenantId":"69cd5dc642c8e2d7bd230a8f","userId":"69cd5dc642c8e2d7bd230a92"},"msg":"http_request"}
{"level":40,"time":1775168959627,"service":"flydea-api","status":403,"method":"GET","url":"/reurb/families?projectId=69ceedbf7a1af68fe5284697&q=","correlationId":"7e4e8af1-4bd1-4978-9c9a-1734f9fdc3bc","tenantId":"69cd5dc642c8e2d7bd230a8f","userId":"69cd5dc642c8e2d7bd230a92","detail":"Acesso recusado: x-lgpd-purpose obrigatorio","msg":"http_exception"}
{"level":40,"time":1775168959627,"service":"flydea-api","http":{"method":"GET","path":"/reurb/families?projectId=69ceedbf7a1af68fe5284697&q=","statusCode":403,"durationMs":1,"correlationId":"7e4e8af1-4bd1-4978-9c9a-1734f9fdc3bc","tenantId":"69cd5dc642c8e2d7bd230a8f","userId":"69cd5dc642c8e2d7bd230a92"},"msg":"http_request"}
{"level":40,"time":1775168959628,"service":"flydea-api","status":403,"method":"GET","url":"/reurb/pendencies?projectId=69ceedbf7a1af68fe5284697","correlationId":"e4476a7a-b59f-410c-a424-48e984a5285f","tenantId":"69cd5dc642c8e2d7bd230a8f","userId":"69cd5dc642c8e2d7bd230a92","detail":"Acesso recusado: x-lgpd-purpose obrigatorio","msg":"http_exception"}
{"level":40,"time":1775168959628,"service":"flydea-api","http":{"method":"GET","path":"/reurb/pendencies?projectId=69ceedbf7a1af68fe5284697","statusCode":403,"durationMs":1,"correlationId":"e4476a7a-b59f-410c-a424-48e984a5285f","tenantId":"69cd5dc642c8e2d7bd230a8f","userId":"69cd5dc642c8e2d7bd230a92"},"msg":"http_request"}
{"level":40,"time":1775168959628,"service":"flydea-api","status":403,"method":"GET","url":"/reurb/deliverables?projectId=69ceedbf7a1af68fe5284697","correlationId":"1a066bf2-e820-4e1f-aa04-90019c617e98","tenantId":"69cd5dc642c8e2d7bd230a8f","userId":"69cd5dc642c8e2d7bd230a92","detail":"Acesso recusado: x-lgpd-purpose obrigatorio","msg":"http_exception"}
{"level":40,"time":1775168959628,"service":"flydea-api","http":{"method":"GET","path":"/reurb/deliverables?projectId=69ceedbf7a1af68fe5284697","statusCode":403,"durationMs":0,"correlationId":"1a066bf2-e820-4e1f-aa04-90019c617e98","tenantId":"69cd5dc642c8e2d7bd230a8f","userId":"69cd5dc642c8e2d7bd230a92"},"msg":"http_request"}
{"level":40,"time":1775168960638,"service":"flydea-api","status":403,"method":"GET","url":"/reurb/families?projectId=69ceedbf7a1af68fe5284697&q=","correlationId":"f8abf8db-2ef6-448a-9ac7-b81de7504294","tenantId":"69cd5dc642c8e2d7bd230a8f","userId":"69cd5dc642c8e2d7bd230a92","detail":"Acesso recusado: x-lgpd-purpose obrigatorio","msg":"http_exception"}
{"level":40,"time":1775168960638,"service":"flydea-api","http":{"method":"GET","path":"/reurb/families?projectId=69ceedbf7a1af68fe5284697&q=","statusCode":403,"durationMs":2,"correlationId":"f8abf8db-2ef6-448a-9ac7-b81de7504294","tenantId":"69cd5dc642c8e2d7bd230a8f","userId":"69cd5dc642c8e2d7bd230a92"},"msg":"http_request"}
{"level":40,"time":1775168960640,"service":"flydea-api","status":403,"method":"GET","url":"/reurb/pendencies?projectId=69ceedbf7a1af68fe5284697","correlationId":"86d50a7a-f51b-45fd-92b1-84656658b3ea","tenantId":"69cd5dc642c8e2d7bd230a8f","userId":"69cd5dc642c8e2d7bd230a92","detail":"Acesso recusado: x-lgpd-purpose obrigatorio","msg":"http_exception"}
{"level":40,"time":1775168960640,"service":"flydea-api","http":{"method":"GET","path":"/reurb/pendencies?projectId=69ceedbf7a1af68fe5284697","statusCode":403,"durationMs":1,"correlationId":"86d50a7a-f51b-45fd-92b1-84656658b3ea","tenantId":"69cd5dc642c8e2d7bd230a8f","userId":"69cd5dc642c8e2d7bd230a92"},"msg":"http_request"}
{"level":40,"time":1775168960642,"service":"flydea-api","status":403,"method":"GET","url":"/reurb/deliverables?projectId=69ceedbf7a1af68fe5284697","correlationId":"ec4dacc6-8166-416e-bcd0-fdee266a9eb9","tenantId":"69cd5dc642c8e2d7bd230a8f","userId":"69cd5dc642c8e2d7bd230a92","detail":"Acesso recusado: x-lgpd-purpose obrigatorio","msg":"http_exception"}
{"level":40,"time":1775168960642,"service":"flydea-api","http":{"method":"GET","path":"/reurb/deliverables?projectId=69ceedbf7a1af68fe5284697","statusCode":403,"durationMs":1,"correlationId":"ec4dacc6-8166-416e-bcd0-fdee266a9eb9","tenantId":"69cd5dc642c8e2d7bd230a8f","userId":"69cd5dc642c8e2d7bd230a92"},"msg":"http_request"}
{"level":40,"time":1775168962642,"service":"flydea-api","status":403,"method":"GET","url":"/reurb/families?projectId=69ceedbf7a1af68fe5284697&q=","correlationId":"869c6e7d-7324-48c6-b7a2-f07c2c5a186b","tenantId":"69cd5dc642c8e2d7bd230a8f","userId":"69cd5dc642c8e2d7bd230a92","detail":"Acesso recusado: x-lgpd-purpose obrigatorio","msg":"http_exception"}
{"level":40,"time":1775168962643,"service":"flydea-api","http":{"method":"GET","path":"/reurb/families?projectId=69ceedbf7a1af68fe5284697&q=","statusCode":403,"durationMs":1,"correlationId":"869c6e7d-7324-48c6-b7a2-f07c2c5a186b","tenantId":"69cd5dc642c8e2d7bd230a8f","userId":"69cd5dc642c8e2d7bd230a92"},"msg":"http_request"}
{"level":40,"time":1775168962646,"service":"flydea-api","status":403,"method":"GET","url":"/reurb/pendencies?projectId=69ceedbf7a1af68fe5284697","correlationId":"ef8d2ad2-3f04-4d37-aeef-c362fe5ceaab","tenantId":"69cd5dc642c8e2d7bd230a8f","userId":"69cd5dc642c8e2d7bd230a92","detail":"Acesso recusado: x-lgpd-purpose obrigatorio","msg":"http_exception"}
{"level":40,"time":1775168962647,"service":"flydea-api","http":{"method":"GET","path":"/reurb/pendencies?projectId=69ceedbf7a1af68fe5284697","statusCode":403,"durationMs":2,"correlationId":"ef8d2ad2-3f04-4d37-aeef-c362fe5ceaab","tenantId":"69cd5dc642c8e2d7bd230a8f","userId":"69cd5dc642c8e2d7bd230a92"},"msg":"http_request"}
{"level":40,"time":1775168962648,"service":"flydea-api","status":403,"method":"GET","url":"/reurb/deliverables?projectId=69ceedbf7a1af68fe5284697","correlationId":"43bce64c-aa9d-48ec-bdfa-c244a1d8e856","tenantId":"69cd5dc642c8e2d7bd230a8f","userId":"69cd5dc642c8e2d7bd230a92","detail":"Acesso recusado: x-lgpd-purpose obrigatorio","msg":"http_exception"}
{"level":40,"time":1775168962648,"service":"flydea-api","http":{"method":"GET","path":"/reurb/deliverables?projectId=69ceedbf7a1af68fe5284697","statusCode":403,"durationMs":1,"correlationId":"43bce64c-aa9d-48ec-bdfa-c244a1d8e856","tenantId":"69cd5dc642c8e2d7bd230a8f","userId":"69cd5dc642c8e2d7bd230a92"},"msg":"http_request"}
{"level":40,"time":1775168966649,"service":"flydea-api","status":403,"method":"GET","url":"/reurb/families?projectId=69ceedbf7a1af68fe5284697&q=","correlationId":"da127bee-8e94-4cc0-82dd-f1295d177565","tenantId":"69cd5dc642c8e2d7bd230a8f","userId":"69cd5dc642c8e2d7bd230a92","detail":"Acesso recusado: x-lgpd-purpose obrigatorio","msg":"http_exception"}
{"level":40,"time":1775168966650,"service":"flydea-api","http":{"method":"GET","path":"/reurb/families?projectId=69ceedbf7a1af68fe5284697&q=","statusCode":403,"durationMs":2,"correlationId":"da127bee-8e94-4cc0-82dd-f1295d177565","tenantId":"69cd5dc642c8e2d7bd230a8f","userId":"69cd5dc642c8e2d7bd230a92"},"msg":"http_request"}
{"level":40,"time":1775168966652,"service":"flydea-api","status":403,"method":"GET","url":"/reurb/pendencies?projectId=69ceedbf7a1af68fe5284697","correlationId":"01322a78-048c-499b-93dc-dad75dc058db","tenantId":"69cd5dc642c8e2d7bd230a8f","userId":"69cd5dc642c8e2d7bd230a92","detail":"Acesso recusado: x-lgpd-purpose obrigatorio","msg":"http_exception"}
{"level":40,"time":1775168966652,"service":"flydea-api","http":{"method":"GET","path":"/reurb/pendencies?projectId=69ceedbf7a1af68fe5284697","statusCode":403,"durationMs":2,"correlationId":"01322a78-048c-499b-93dc-dad75dc058db","tenantId":"69cd5dc642c8e2d7bd230a8f","userId":"69cd5dc642c8e2d7bd230a92"},"msg":"http_request"}
{"level":40,"time":1775168966653,"service":"flydea-api","status":403,"method":"GET","url":"/reurb/deliverables?projectId=69ceedbf7a1af68fe5284697","correlationId":"06e7c410-9a56-48c5-83ae-bbabb7a5343e","tenantId":"69cd5dc642c8e2d7bd230a8f","userId":"69cd5dc642c8e2d7bd230a92","detail":"Acesso recusado: x-lgpd-purpose obrigatorio","msg":"http_exception"}
{"level":40,"time":1775168966654,"service":"flydea-api","http":{"method":"GET","path":"/reurb/deliverables?projectId=69ceedbf7a1af68fe5284697","statusCode":403,"durationMs":2,"correlationId":"06e7c410-9a56-48c5-83ae-bbabb7a5343e","tenantId":"69cd5dc642c8e2d7bd230a8f","userId":"69cd5dc642c8e2d7bd230a92"},"msg":"http_request"}
{"level":40,"time":1775168982108,"service":"flydea-api","status":403,"method":"POST","url":"/reurb/families/export.csv","correlationId":"7f3a6d45-8cd3-4753-802f-5a9a7d957a57","tenantId":"69cd5dc642c8e2d7bd230a8f","userId":"69cd5dc642c8e2d7bd230a92","detail":"Acesso recusado: x-lgpd-purpose obrigatorio","msg":"http_exception"}
{"level":40,"time":1775168982109,"service":"flydea-api","http":{"method":"POST","path":"/reurb/families/export.csv","statusCode":403,"durationMs":2,"correlationId":"7f3a6d45-8cd3-4753-802f-5a9a7d957a57","tenantId":"69cd5dc642c8e2d7bd230a8f","userId":"69cd5dc642c8e2d7bd230a92"},"msg":"http_request"}
{"level":40,"time":1775168982904,"service":"flydea-api","status":403,"method":"POST","url":"/reurb/cartorio/package","correlationId":"011efb61-24bf-49a7-983f-fe2ea8858396","tenantId":"69cd5dc642c8e2d7bd230a8f","userId":"69ceed667a1af68fe5284447","detail":"Perfil nao autorizado","msg":"http_exception"}
{"level":40,"time":1775168982904,"service":"flydea-api","http":{"method":"POST","path":"/reurb/cartorio/package","statusCode":403,"durationMs":1,"correlationId":"011efb61-24bf-49a7-983f-fe2ea8858396","tenantId":"69cd5dc642c8e2d7bd230a8f","userId":"69ceed667a1af68fe5284447"},"msg":"http_request"}
{"level":40,"time":1775168982973,"service":"flydea-api","status":403,"method":"POST","url":"/reurb/families","correlationId":"b0975673-98e4-441b-b267-cbb06fe9812b","tenantId":"69cd5dc642c8e2d7bd230a8f","userId":"69ceed677a1af68fe528444b","detail":"Perfil nao autorizado","msg":"http_exception"}
{"level":40,"time":1775168982973,"service":"flydea-api","http":{"method":"POST","path":"/reurb/families","statusCode":403,"durationMs":1,"correlationId":"b0975673-98e4-441b-b267-cbb06fe9812b","tenantId":"69cd5dc642c8e2d7bd230a8f","userId":"69ceed677a1af68fe528444b"},"msg":"http_request"}
{"level":40,"time":1775168984102,"service":"flydea-api","status":403,"method":"POST","url":"/reurb/integrations/ping","correlationId":"e8911e87-a9c9-479e-8d97-f84de93922cf","tenantId":"69cd5dc642c8e2d7bd230a8f","userId":"69ceed667a1af68fe5284447","detail":"Perfil nao autorizado","msg":"http_exception"}
{"level":40,"time":1775168984103,"service":"flydea-api","http":{"method":"POST","path":"/reurb/integrations/ping","statusCode":403,"durationMs":1,"correlationId":"e8911e87-a9c9-479e-8d97-f84de93922cf","tenantId":"69cd5dc642c8e2d7bd230a8f","userId":"69ceed667a1af68fe5284447"},"msg":"http_request"}
{"level":40,"time":1775169087149,"service":"flydea-api","status":401,"method":"GET","url":"/tax-integration/echo","correlationId":"cc1040f8-4aff-4841-9808-f8af23fc8ac6","tenantId":null,"userId":null,"detail":"Token ausente","msg":"http_exception"}
{"level":40,"time":1775169087150,"service":"flydea-api","http":{"method":"GET","path":"/tax-integration/echo","statusCode":401,"durationMs":1,"correlationId":"cc1040f8-4aff-4841-9808-f8af23fc8ac6","tenantId":null,"userId":null},"msg":"http_request"}
{"level":40,"time":1775169087234,"service":"flydea-api","status":401,"method":"GET","url":"/tax-integration/echo","correlationId":"b3e7e567-0145-4550-a2e8-341a0c4cb32e","tenantId":null,"userId":null,"detail":"Token ausente","msg":"http_exception"}
{"level":40,"time":1775169087235,"service":"flydea-api","http":{"method":"GET","path":"/tax-integration/echo","statusCode":401,"durationMs":1,"correlationId":"b3e7e567-0145-4550-a2e8-341a0c4cb32e","tenantId":null,"userId":null},"msg":"http_request"}
{"level":40,"time":1775169145923,"service":"flydea-api","status":422,"method":"POST","url":"/reurb/cartorio/package","correlationId":"75b4573f-52ec-47a2-9687-1d3c04b16e15","tenantId":"69cd5dc642c8e2d7bd230a8f","userId":"69cd5dc642c8e2d7bd230a92","detail":"Unprocessable Entity Exception","msg":"http_exception"}
{"level":40,"time":1775169145923,"service":"flydea-api","http":{"method":"POST","path":"/reurb/cartorio/package","statusCode":422,"durationMs":6,"correlationId":"75b4573f-52ec-47a2-9687-1d3c04b16e15","tenantId":"69cd5dc642c8e2d7bd230a8f","userId":"69cd5dc642c8e2d7bd230a92"},"msg":"http_request"}
{"level":40,"time":1775169146108,"service":"flydea-api","status":422,"method":"POST","url":"/reurb/cartorio/package","correlationId":"4f5f14a1-4b49-4213-a39a-ad55b5893fdf","tenantId":"69cd5dc642c8e2d7bd230a8f","userId":"69ceed667a1af68fe5284443","detail":"Unprocessable Entity Exception","msg":"http_exception"}
{"level":40,"time":1775169146108,"service":"flydea-api","http":{"method":"POST","path":"/reurb/cartorio/package","statusCode":422,"durationMs":5,"correlationId":"4f5f14a1-4b49-4213-a39a-ad55b5893fdf","tenantId":"69cd5dc642c8e2d7bd230a8f","userId":"69ceed667a1af68fe5284443"},"msg":"http_request"}
{"level":40,"time":1775169146219,"service":"flydea-api","status":403,"method":"POST","url":"/reurb/cartorio/package","correlationId":"af4b18cb-866b-4b55-8df1-123828341f0e","tenantId":"69cd5dc642c8e2d7bd230a8f","userId":"69ceed667a1af68fe5284447","detail":"Perfil nao autorizado","msg":"http_exception"}
{"level":40,"time":1775169146220,"service":"flydea-api","http":{"method":"POST","path":"/reurb/cartorio/package","statusCode":403,"durationMs":1,"correlationId":"af4b18cb-866b-4b55-8df1-123828341f0e","tenantId":"69cd5dc642c8e2d7bd230a8f","userId":"69ceed667a1af68fe5284447"},"msg":"http_request"}
{"level":40,"time":1775169146288,"service":"flydea-api","status":403,"method":"POST","url":"/reurb/families","correlationId":"198bb8bf-15c8-4983-94e7-897052da411c","tenantId":"69cd5dc642c8e2d7bd230a8f","userId":"69ceed677a1af68fe528444b","detail":"Perfil nao autorizado","msg":"http_exception"}
{"level":40,"time":1775169146288,"service":"flydea-api","http":{"method":"POST","path":"/reurb/families","statusCode":403,"durationMs":1,"correlationId":"198bb8bf-15c8-4983-94e7-897052da411c","tenantId":"69cd5dc642c8e2d7bd230a8f","userId":"69ceed677a1af68fe528444b"},"msg":"http_request"}
{"level":40,"time":1775169147182,"service":"flydea-api","status":403,"method":"POST","url":"/reurb/integrations/ping","correlationId":"a8d10cc8-a586-4f71-80d4-8331a66f6994","tenantId":"69cd5dc642c8e2d7bd230a8f","userId":"69ceed667a1af68fe5284447","detail":"Perfil nao autorizado","msg":"http_exception"}
{"level":40,"time":1775169147182,"service":"flydea-api","http":{"method":"POST","path":"/reurb/integrations/ping","statusCode":403,"durationMs":1,"correlationId":"a8d10cc8-a586-4f71-80d4-8331a66f6994","tenantId":"69cd5dc642c8e2d7bd230a8f","userId":"69ceed667a1af68fe5284447"},"msg":"http_request"}
{"level":40,"time":1775169376631,"service":"flydea-api","status":403,"method":"GET","url":"/reurb/pendencies?projectId=69ceedbf7a1af68fe5284697","correlationId":"7eec99b6-1fdc-4ebb-8458-4d0339604e8c","tenantId":"69cd5dc642c8e2d7bd230a8f","userId":"69cd5dc642c8e2d7bd230a92","detail":"Acesso recusado: x-lgpd-purpose obrigatorio","msg":"http_exception"}
{"level":40,"time":1775169376631,"service":"flydea-api","http":{"method":"GET","path":"/reurb/pendencies?projectId=69ceedbf7a1af68fe5284697","statusCode":403,"durationMs":1,"correlationId":"7eec99b6-1fdc-4ebb-8458-4d0339604e8c","tenantId":"69cd5dc642c8e2d7bd230a8f","userId":"69cd5dc642c8e2d7bd230a92"},"msg":"http_request"}
{"level":40,"time":1775169376638,"service":"flydea-api","status":403,"method":"GET","url":"/reurb/deliverables?projectId=69ceedbf7a1af68fe5284697","correlationId":"64d828ab-5baf-40ed-831a-1574ebcbe29a","tenantId":"69cd5dc642c8e2d7bd230a8f","userId":"69cd5dc642c8e2d7bd230a92","detail":"Acesso recusado: x-lgpd-purpose obrigatorio","msg":"http_exception"}
{"level":40,"time":1775169376638,"service":"flydea-api","http":{"method":"GET","path":"/reurb/deliverables?projectId=69ceedbf7a1af68fe5284697","statusCode":403,"durationMs":1,"correlationId":"64d828ab-5baf-40ed-831a-1574ebcbe29a","tenantId":"69cd5dc642c8e2d7bd230a8f","userId":"69cd5dc642c8e2d7bd230a92"},"msg":"http_request"}
{"level":40,"time":1775169378767,"service":"flydea-api","status":403,"method":"GET","url":"/reurb/pendencies?projectId=69ceedbf7a1af68fe5284697","correlationId":"490c57a8-fb7f-4441-bd44-1179ce6f7837","tenantId":"69cd5dc642c8e2d7bd230a8f","userId":"69ceed667a1af68fe5284447","detail":"Acesso recusado: x-lgpd-purpose obrigatorio","msg":"http_exception"}
{"level":40,"time":1775169378768,"service":"flydea-api","http":{"method":"GET","path":"/reurb/pendencies?projectId=69ceedbf7a1af68fe5284697","statusCode":403,"durationMs":3,"correlationId":"490c57a8-fb7f-4441-bd44-1179ce6f7837","tenantId":"69cd5dc642c8e2d7bd230a8f","userId":"69ceed667a1af68fe5284447"},"msg":"http_request"}
{"level":40,"time":1775169378789,"service":"flydea-api","status":403,"method":"GET","url":"/reurb/deliverables?projectId=69ceedbf7a1af68fe5284697","correlationId":"cdd86a8e-0a35-4061-9cc1-6a0a9792e5e2","tenantId":"69cd5dc642c8e2d7bd230a8f","userId":"69ceed667a1af68fe5284447","detail":"Acesso recusado: x-lgpd-purpose obrigatorio","msg":"http_exception"}
{"level":40,"time":1775169378790,"service":"flydea-api","http":{"method":"GET","path":"/reurb/deliverables?projectId=69ceedbf7a1af68fe5284697","statusCode":403,"durationMs":2,"correlationId":"cdd86a8e-0a35-4061-9cc1-6a0a9792e5e2","tenantId":"69cd5dc642c8e2d7bd230a8f","userId":"69ceed667a1af68fe5284447"},"msg":"http_request"}
{"level":40,"time":1775169393246,"service":"flydea-api","status":403,"method":"GET","url":"/reurb/pendencies?projectId=69ceedbf7a1af68fe5284697","correlationId":"abade279-2318-4bd3-a67c-b05bed0daff3","tenantId":"69cd5dc642c8e2d7bd230a8f","userId":"69cd5dc642c8e2d7bd230a92","detail":"Acesso recusado: x-lgpd-purpose obrigatorio","msg":"http_exception"}
{"level":40,"time":1775169393252,"service":"flydea-api","http":{"method":"GET","path":"/reurb/pendencies?projectId=69ceedbf7a1af68fe5284697","statusCode":403,"durationMs":7,"correlationId":"abade279-2318-4bd3-a67c-b05bed0daff3","tenantId":"69cd5dc642c8e2d7bd230a8f","userId":"69cd5dc642c8e2d7bd230a92"},"msg":"http_request"}
{"level":40,"time":1775169393260,"service":"flydea-api","status":403,"method":"GET","url":"/reurb/deliverables?projectId=69ceedbf7a1af68fe5284697","correlationId":"ee7645ad-36d9-4e98-9107-3ead5afd8f17","tenantId":"69cd5dc642c8e2d7bd230a8f","userId":"69cd5dc642c8e2d7bd230a92","detail":"Acesso recusado: x-lgpd-purpose obrigatorio","msg":"http_exception"}
{"level":40,"time":1775169393261,"service":"flydea-api","http":{"method":"GET","path":"/reurb/deliverables?projectId=69ceedbf7a1af68fe5284697","statusCode":403,"durationMs":3,"correlationId":"ee7645ad-36d9-4e98-9107-3ead5afd8f17","tenantId":"69cd5dc642c8e2d7bd230a8f","userId":"69cd5dc642c8e2d7bd230a92"},"msg":"http_request"}
{"level":40,"time":1775169394266,"service":"flydea-api","status":403,"method":"GET","url":"/reurb/pendencies?projectId=69ceedbf7a1af68fe5284697","correlationId":"ec985d62-8921-465d-bfd5-daf36494b563","tenantId":"69cd5dc642c8e2d7bd230a8f","userId":"69cd5dc642c8e2d7bd230a92","detail":"Acesso recusado: x-lgpd-purpose obrigatorio","msg":"http_exception"}
{"level":40,"time":1775169394267,"service":"flydea-api","http":{"method":"GET","path":"/reurb/pendencies?projectId=69ceedbf7a1af68fe5284697","statusCode":403,"durationMs":4,"correlationId":"ec985d62-8921-465d-bfd5-daf36494b563","tenantId":"69cd5dc642c8e2d7bd230a8f","userId":"69cd5dc642c8e2d7bd230a92"},"msg":"http_request"}
{"level":40,"time":1775169394269,"service":"flydea-api","status":403,"method":"GET","url":"/reurb/deliverables?projectId=69ceedbf7a1af68fe5284697","correlationId":"0139147f-4bb2-4e2b-a407-060f0956c8db","tenantId":"69cd5dc642c8e2d7bd230a8f","userId":"69cd5dc642c8e2d7bd230a92","detail":"Acesso recusado: x-lgpd-purpose obrigatorio","msg":"http_exception"}
{"level":40,"time":1775169394270,"service":"flydea-api","http":{"method":"GET","path":"/reurb/deliverables?projectId=69ceedbf7a1af68fe5284697","statusCode":403,"durationMs":1,"correlationId":"0139147f-4bb2-4e2b-a407-060f0956c8db","tenantId":"69cd5dc642c8e2d7bd230a8f","userId":"69cd5dc642c8e2d7bd230a92"},"msg":"http_request"}
{"level":40,"time":1775169396274,"service":"flydea-api","status":403,"method":"GET","url":"/reurb/pendencies?projectId=69ceedbf7a1af68fe5284697","correlationId":"caabf7a3-2003-4e6b-bb25-4622e9c03238","tenantId":"69cd5dc642c8e2d7bd230a8f","userId":"69cd5dc642c8e2d7bd230a92","detail":"Acesso recusado: x-lgpd-purpose obrigatorio","msg":"http_exception"}
{"level":40,"time":1775169396274,"service":"flydea-api","http":{"method":"GET","path":"/reurb/pendencies?projectId=69ceedbf7a1af68fe5284697","statusCode":403,"durationMs":1,"correlationId":"caabf7a3-2003-4e6b-bb25-4622e9c03238","tenantId":"69cd5dc642c8e2d7bd230a8f","userId":"69cd5dc642c8e2d7bd230a92"},"msg":"http_request"}
{"level":40,"time":1775169396276,"service":"flydea-api","status":403,"method":"GET","url":"/reurb/deliverables?projectId=69ceedbf7a1af68fe5284697","correlationId":"5b9921f0-427d-4890-9143-25ab624a1a41","tenantId":"69cd5dc642c8e2d7bd230a8f","userId":"69cd5dc642c8e2d7bd230a92","detail":"Acesso recusado: x-lgpd-purpose obrigatorio","msg":"http_exception"}
{"level":40,"time":1775169396276,"service":"flydea-api","http":{"method":"GET","path":"/reurb/deliverables?projectId=69ceedbf7a1af68fe5284697","statusCode":403,"durationMs":2,"correlationId":"5b9921f0-427d-4890-9143-25ab624a1a41","tenantId":"69cd5dc642c8e2d7bd230a8f","userId":"69cd5dc642c8e2d7bd230a92"},"msg":"http_request"}
{"level":40,"time":1775169400281,"service":"flydea-api","status":403,"method":"GET","url":"/reurb/pendencies?projectId=69ceedbf7a1af68fe5284697","correlationId":"6f6e9210-8c13-45e9-b1ea-8a38dce1e08a","tenantId":"69cd5dc642c8e2d7bd230a8f","userId":"69cd5dc642c8e2d7bd230a92","detail":"Acesso recusado: x-lgpd-purpose obrigatorio","msg":"http_exception"}
{"level":40,"time":1775169400281,"service":"flydea-api","http":{"method":"GET","path":"/reurb/pendencies?projectId=69ceedbf7a1af68fe5284697","statusCode":403,"durationMs":2,"correlationId":"6f6e9210-8c13-45e9-b1ea-8a38dce1e08a","tenantId":"69cd5dc642c8e2d7bd230a8f","userId":"69cd5dc642c8e2d7bd230a92"},"msg":"http_request"}
{"level":40,"time":1775169400283,"service":"flydea-api","status":403,"method":"GET","url":"/reurb/deliverables?projectId=69ceedbf7a1af68fe5284697","correlationId":"7bc95de1-de71-4208-9d99-0a63578ff14d","tenantId":"69cd5dc642c8e2d7bd230a8f","userId":"69cd5dc642c8e2d7bd230a92","detail":"Acesso recusado: x-lgpd-purpose obrigatorio","msg":"http_exception"}
{"level":40,"time":1775169400284,"service":"flydea-api","http":{"method":"GET","path":"/reurb/deliverables?projectId=69ceedbf7a1af68fe5284697","statusCode":403,"durationMs":2,"correlationId":"7bc95de1-de71-4208-9d99-0a63578ff14d","tenantId":"69cd5dc642c8e2d7bd230a8f","userId":"69cd5dc642c8e2d7bd230a92"},"msg":"http_request"}
{"level":40,"time":1775169415756,"service":"flydea-api","status":403,"method":"GET","url":"/reurb/pendencies?projectId=69ceedbf7a1af68fe5284697","correlationId":"d2aab7a1-a027-4dad-a4bb-47e451205be5","tenantId":"69cd5dc642c8e2d7bd230a8f","userId":"69ceed667a1af68fe5284447","detail":"Acesso recusado: x-lgpd-purpose obrigatorio","msg":"http_exception"}
{"level":40,"time":1775169415756,"service":"flydea-api","http":{"method":"GET","path":"/reurb/pendencies?projectId=69ceedbf7a1af68fe5284697","statusCode":403,"durationMs":3,"correlationId":"d2aab7a1-a027-4dad-a4bb-47e451205be5","tenantId":"69cd5dc642c8e2d7bd230a8f","userId":"69ceed667a1af68fe5284447"},"msg":"http_request"}
{"level":40,"time":1775169415760,"service":"flydea-api","status":403,"method":"GET","url":"/reurb/deliverables?projectId=69ceedbf7a1af68fe5284697","correlationId":"41a90fb9-c317-44f4-adbf-f33a3ab5f75b","tenantId":"69cd5dc642c8e2d7bd230a8f","userId":"69ceed667a1af68fe5284447","detail":"Acesso recusado: x-lgpd-purpose obrigatorio","msg":"http_exception"}
{"level":40,"time":1775169415760,"service":"flydea-api","http":{"method":"GET","path":"/reurb/deliverables?projectId=69ceedbf7a1af68fe5284697","statusCode":403,"durationMs":1,"correlationId":"41a90fb9-c317-44f4-adbf-f33a3ab5f75b","tenantId":"69cd5dc642c8e2d7bd230a8f","userId":"69ceed667a1af68fe5284447"},"msg":"http_request"}
{"level":40,"time":1775169416763,"service":"flydea-api","status":403,"method":"GET","url":"/reurb/pendencies?projectId=69ceedbf7a1af68fe5284697","correlationId":"563fb8da-5439-4037-8e30-18fafc274574","tenantId":"69cd5dc642c8e2d7bd230a8f","userId":"69ceed667a1af68fe5284447","detail":"Acesso recusado: x-lgpd-purpose obrigatorio","msg":"http_exception"}
{"level":40,"time":1775169416764,"service":"flydea-api","http":{"method":"GET","path":"/reurb/pendencies?projectId=69ceedbf7a1af68fe5284697","statusCode":403,"durationMs":3,"correlationId":"563fb8da-5439-4037-8e30-18fafc274574","tenantId":"69cd5dc642c8e2d7bd230a8f","userId":"69ceed667a1af68fe5284447"},"msg":"http_request"}
{"level":40,"time":1775169416765,"service":"flydea-api","status":403,"method":"GET","url":"/reurb/deliverables?projectId=69ceedbf7a1af68fe5284697","correlationId":"eb76427f-7a2c-47af-8c40-2aad29741820","tenantId":"69cd5dc642c8e2d7bd230a8f","userId":"69ceed667a1af68fe5284447","detail":"Acesso recusado: x-lgpd-purpose obrigatorio","msg":"http_exception"}
{"level":40,"time":1775169416765,"service":"flydea-api","http":{"method":"GET","path":"/reurb/deliverables?projectId=69ceedbf7a1af68fe5284697","statusCode":403,"durationMs":1,"correlationId":"eb76427f-7a2c-47af-8c40-2aad29741820","tenantId":"69cd5dc642c8e2d7bd230a8f","userId":"69ceed667a1af68fe5284447"},"msg":"http_request"}
{"level":40,"time":1775169476633,"service":"flydea-api","status":403,"method":"GET","url":"/reurb/pendencies?projectId=69ceedbf7a1af68fe5284697","correlationId":"19fb269c-6acd-4434-87ce-c7978e2f5ae2","tenantId":"69cd5dc642c8e2d7bd230a8f","userId":"69cd5dc642c8e2d7bd230a92","detail":"Acesso recusado: x-lgpd-purpose obrigatorio","msg":"http_exception"}
{"level":40,"time":1775169476634,"service":"flydea-api","http":{"method":"GET","path":"/reurb/pendencies?projectId=69ceedbf7a1af68fe5284697","statusCode":403,"durationMs":5,"correlationId":"19fb269c-6acd-4434-87ce-c7978e2f5ae2","tenantId":"69cd5dc642c8e2d7bd230a8f","userId":"69cd5dc642c8e2d7bd230a92"},"msg":"http_request"}
{"level":40,"time":1775169476649,"service":"flydea-api","status":403,"method":"GET","url":"/reurb/deliverables?projectId=69ceedbf7a1af68fe5284697","correlationId":"061803a2-28d3-4e80-bc1d-c3248873829d","tenantId":"69cd5dc642c8e2d7bd230a8f","userId":"69cd5dc642c8e2d7bd230a92","detail":"Acesso recusado: x-lgpd-purpose obrigatorio","msg":"http_exception"}
{"level":40,"time":1775169476650,"service":"flydea-api","http":{"method":"GET","path":"/reurb/deliverables?projectId=69ceedbf7a1af68fe5284697","statusCode":403,"durationMs":2,"correlationId":"061803a2-28d3-4e80-bc1d-c3248873829d","tenantId":"69cd5dc642c8e2d7bd230a8f","userId":"69cd5dc642c8e2d7bd230a92"},"msg":"http_request"}
{"level":40,"time":1775169477647,"service":"flydea-api","status":403,"method":"GET","url":"/reurb/pendencies?projectId=69ceedbf7a1af68fe5284697","correlationId":"a04caa96-a0ce-48c5-9f2a-2d8ae6f4913a","tenantId":"69cd5dc642c8e2d7bd230a8f","userId":"69cd5dc642c8e2d7bd230a92","detail":"Acesso recusado: x-lgpd-purpose obrigatorio","msg":"http_exception"}
{"level":40,"time":1775169477647,"service":"flydea-api","http":{"method":"GET","path":"/reurb/pendencies?projectId=69ceedbf7a1af68fe5284697","statusCode":403,"durationMs":1,"correlationId":"a04caa96-a0ce-48c5-9f2a-2d8ae6f4913a","tenantId":"69cd5dc642c8e2d7bd230a8f","userId":"69cd5dc642c8e2d7bd230a92"},"msg":"http_request"}
{"level":40,"time":1775169477664,"service":"flydea-api","status":403,"method":"GET","url":"/reurb/pendencies?projectId=69ceefc57a1af68fe5284a8d","correlationId":"72db76e4-0481-4214-8b9f-c4c5c0eaf2c5","tenantId":"69cd5dc642c8e2d7bd230a8f","userId":"69cd5dc642c8e2d7bd230a92","detail":"Acesso recusado: x-lgpd-purpose obrigatorio","msg":"http_exception"}
{"level":40,"time":1775169477665,"service":"flydea-api","http":{"method":"GET","path":"/reurb/pendencies?projectId=69ceefc57a1af68fe5284a8d","statusCode":403,"durationMs":2,"correlationId":"72db76e4-0481-4214-8b9f-c4c5c0eaf2c5","tenantId":"69cd5dc642c8e2d7bd230a8f","userId":"69cd5dc642c8e2d7bd230a92"},"msg":"http_request"}
{"level":40,"time":1775169477667,"service":"flydea-api","status":403,"method":"GET","url":"/reurb/deliverables?projectId=69ceefc57a1af68fe5284a8d","correlationId":"16fa38d0-7ba3-4f8d-96ac-f46205bfb26a","tenantId":"69cd5dc642c8e2d7bd230a8f","userId":"69cd5dc642c8e2d7bd230a92","detail":"Acesso recusado: x-lgpd-purpose obrigatorio","msg":"http_exception"}
{"level":40,"time":1775169477667,"service":"flydea-api","http":{"method":"GET","path":"/reurb/deliverables?projectId=69ceefc57a1af68fe5284a8d","statusCode":403,"durationMs":2,"correlationId":"16fa38d0-7ba3-4f8d-96ac-f46205bfb26a","tenantId":"69cd5dc642c8e2d7bd230a8f","userId":"69cd5dc642c8e2d7bd230a92"},"msg":"http_request"}
{"level":40,"time":1775169478683,"service":"flydea-api","status":403,"method":"GET","url":"/reurb/pendencies?projectId=69ceefc57a1af68fe5284a8d","correlationId":"0d85a11c-afe0-4426-9439-4a7da7eadd36","tenantId":"69cd5dc642c8e2d7bd230a8f","userId":"69cd5dc642c8e2d7bd230a92","detail":"Acesso recusado: x-lgpd-purpose obrigatorio","msg":"http_exception"}
{"level":40,"time":1775169478684,"service":"flydea-api","http":{"method":"GET","path":"/reurb/pendencies?projectId=69ceefc57a1af68fe5284a8d","statusCode":403,"durationMs":1,"correlationId":"0d85a11c-afe0-4426-9439-4a7da7eadd36","tenantId":"69cd5dc642c8e2d7bd230a8f","userId":"69cd5dc642c8e2d7bd230a92"},"msg":"http_request"}
{"level":40,"time":1775169478685,"service":"flydea-api","status":403,"method":"GET","url":"/reurb/deliverables?projectId=69ceefc57a1af68fe5284a8d","correlationId":"b2c4ba65-b1cb-49c4-bafd-6c3a42652c3f","tenantId":"69cd5dc642c8e2d7bd230a8f","userId":"69cd5dc642c8e2d7bd230a92","detail":"Acesso recusado: x-lgpd-purpose obrigatorio","msg":"http_exception"}
{"level":40,"time":1775169478685,"service":"flydea-api","http":{"method":"GET","path":"/reurb/deliverables?projectId=69ceefc57a1af68fe5284a8d","statusCode":403,"durationMs":1,"correlationId":"b2c4ba65-b1cb-49c4-bafd-6c3a42652c3f","tenantId":"69cd5dc642c8e2d7bd230a8f","userId":"69cd5dc642c8e2d7bd230a92"},"msg":"http_request"}
{"level":50,"time":1775169479684,"service":"flydea-api","status":500,"method":"POST","url":"/reurb/cartorio/package","correlationId":"f54e32a9-5068-4d66-8550-90b074a185dc","tenantId":"69cd5dc642c8e2d7bd230a8f","userId":"69cd5dc642c8e2d7bd230a92","detail":"Erro interno","trace":"TypeError: Cannot read properties of undefined (reading 'resolve')\n    at ReurbService.generateCartorioPackage (/Users/paulo/Documents/ubatuba-saas/apps/api/src/modules/reurb/reurb.service.ts:1297:12)","msg":"http_exception"}
{"level":50,"time":1775169479684,"service":"flydea-api","http":{"method":"POST","path":"/reurb/cartorio/package","statusCode":500,"durationMs":17,"correlationId":"f54e32a9-5068-4d66-8550-90b074a185dc","tenantId":"69cd5dc642c8e2d7bd230a8f","userId":"69cd5dc642c8e2d7bd230a92"},"msg":"http_request"}
{"level":40,"time":1775169480721,"service":"flydea-api","status":403,"method":"GET","url":"/reurb/pendencies?projectId=69ceefc57a1af68fe5284a8d","correlationId":"c6d1e29c-e07d-4d85-bc7f-f7b67e7b458a","tenantId":"69cd5dc642c8e2d7bd230a8f","userId":"69ceed667a1af68fe5284447","detail":"Acesso recusado: x-lgpd-purpose obrigatorio","msg":"http_exception"}
{"level":40,"time":1775169480721,"service":"flydea-api","http":{"method":"GET","path":"/reurb/pendencies?projectId=69ceefc57a1af68fe5284a8d","statusCode":403,"durationMs":1,"correlationId":"c6d1e29c-e07d-4d85-bc7f-f7b67e7b458a","tenantId":"69cd5dc642c8e2d7bd230a8f","userId":"69ceed667a1af68fe5284447"},"msg":"http_request"}
{"level":40,"time":1775169480724,"service":"flydea-api","status":403,"method":"GET","url":"/reurb/deliverables?projectId=69ceefc57a1af68fe5284a8d","correlationId":"777d8ee8-9a49-4d52-972a-d6ea53ce5557","tenantId":"69cd5dc642c8e2d7bd230a8f","userId":"69ceed667a1af68fe5284447","detail":"Acesso recusado: x-lgpd-purpose obrigatorio","msg":"http_exception"}
{"level":40,"time":1775169480725,"service":"flydea-api","http":{"method":"GET","path":"/reurb/deliverables?projectId=69ceefc57a1af68fe5284a8d","statusCode":403,"durationMs":3,"correlationId":"777d8ee8-9a49-4d52-972a-d6ea53ce5557","tenantId":"69cd5dc642c8e2d7bd230a8f","userId":"69ceed667a1af68fe5284447"},"msg":"http_request"}
{"level":40,"time":1775169481728,"service":"flydea-api","status":403,"method":"GET","url":"/reurb/pendencies?projectId=69ceefc57a1af68fe5284a8d","correlationId":"ee01aa90-980e-4d39-83d2-c0bbb4546120","tenantId":"69cd5dc642c8e2d7bd230a8f","userId":"69ceed667a1af68fe5284447","detail":"Acesso recusado: x-lgpd-purpose obrigatorio","msg":"http_exception"}
{"level":40,"time":1775169481729,"service":"flydea-api","http":{"method":"GET","path":"/reurb/pendencies?projectId=69ceefc57a1af68fe5284a8d","statusCode":403,"durationMs":2,"correlationId":"ee01aa90-980e-4d39-83d2-c0bbb4546120","tenantId":"69cd5dc642c8e2d7bd230a8f","userId":"69ceed667a1af68fe5284447"},"msg":"http_request"}
{"level":40,"time":1775169481731,"service":"flydea-api","status":403,"method":"GET","url":"/reurb/deliverables?projectId=69ceefc57a1af68fe5284a8d","correlationId":"15e9622c-007e-4f3b-b6f1-33008e5063ce","tenantId":"69cd5dc642c8e2d7bd230a8f","userId":"69ceed667a1af68fe5284447","detail":"Acesso recusado: x-lgpd-purpose obrigatorio","msg":"http_exception"}
{"level":40,"time":1775169481732,"service":"flydea-api","http":{"method":"GET","path":"/reurb/deliverables?projectId=69ceefc57a1af68fe5284a8d","statusCode":403,"durationMs":2,"correlationId":"15e9622c-007e-4f3b-b6f1-33008e5063ce","tenantId":"69cd5dc642c8e2d7bd230a8f","userId":"69ceed667a1af68fe5284447"},"msg":"http_request"}
{"level":40,"time":1775169483734,"service":"flydea-api","status":403,"method":"GET","url":"/reurb/pendencies?projectId=69ceefc57a1af68fe5284a8d","correlationId":"3902cae5-126b-4576-9f48-e215a26aa092","tenantId":"69cd5dc642c8e2d7bd230a8f","userId":"69ceed667a1af68fe5284447","detail":"Acesso recusado: x-lgpd-purpose obrigatorio","msg":"http_exception"}
{"level":40,"time":1775169483734,"service":"flydea-api","http":{"method":"GET","path":"/reurb/pendencies?projectId=69ceefc57a1af68fe5284a8d","statusCode":403,"durationMs":1,"correlationId":"3902cae5-126b-4576-9f48-e215a26aa092","tenantId":"69cd5dc642c8e2d7bd230a8f","userId":"69ceed667a1af68fe5284447"},"msg":"http_request"}
{"level":40,"time":1775169483736,"service":"flydea-api","status":403,"method":"GET","url":"/reurb/deliverables?projectId=69ceefc57a1af68fe5284a8d","correlationId":"efa317be-041d-44bb-9056-b2077a9055a6","tenantId":"69cd5dc642c8e2d7bd230a8f","userId":"69ceed667a1af68fe5284447","detail":"Acesso recusado: x-lgpd-purpose obrigatorio","msg":"http_exception"}
{"level":40,"time":1775169483736,"service":"flydea-api","http":{"method":"GET","path":"/reurb/deliverables?projectId=69ceefc57a1af68fe5284a8d","statusCode":403,"durationMs":1,"correlationId":"efa317be-041d-44bb-9056-b2077a9055a6","tenantId":"69cd5dc642c8e2d7bd230a8f","userId":"69ceed667a1af68fe5284447"},"msg":"http_request"}
{"level":40,"time":1775169487740,"service":"flydea-api","status":403,"method":"GET","url":"/reurb/pendencies?projectId=69ceefc57a1af68fe5284a8d","correlationId":"074b6e1d-385e-474e-8136-407cc68261c4","tenantId":"69cd5dc642c8e2d7bd230a8f","userId":"69ceed667a1af68fe5284447","detail":"Acesso recusado: x-lgpd-purpose obrigatorio","msg":"http_exception"}
{"level":40,"time":1775169487741,"service":"flydea-api","http":{"method":"GET","path":"/reurb/pendencies?projectId=69ceefc57a1af68fe5284a8d","statusCode":403,"durationMs":2,"correlationId":"074b6e1d-385e-474e-8136-407cc68261c4","tenantId":"69cd5dc642c8e2d7bd230a8f","userId":"69ceed667a1af68fe5284447"},"msg":"http_request"}
{"level":40,"time":1775169487743,"service":"flydea-api","status":403,"method":"GET","url":"/reurb/deliverables?projectId=69ceefc57a1af68fe5284a8d","correlationId":"a3ab6d89-f5a6-44c7-9135-fe4f491ec8e3","tenantId":"69cd5dc642c8e2d7bd230a8f","userId":"69ceed667a1af68fe5284447","detail":"Acesso recusado: x-lgpd-purpose obrigatorio","msg":"http_exception"}
{"level":40,"time":1775169487743,"service":"flydea-api","http":{"method":"GET","path":"/reurb/deliverables?projectId=69ceefc57a1af68fe5284a8d","statusCode":403,"durationMs":2,"correlationId":"a3ab6d89-f5a6-44c7-9135-fe4f491ec8e3","tenantId":"69cd5dc642c8e2d7bd230a8f","userId":"69ceed667a1af68fe5284447"},"msg":"http_request"}
{"level":40,"time":1775169492999,"service":"flydea-api","status":403,"method":"GET","url":"/reurb/pendencies?projectId=69ceefc57a1af68fe5284a8d","correlationId":"6a256451-63aa-45e8-a0f9-157d498e68d4","tenantId":"69cd5dc642c8e2d7bd230a8f","userId":"69cd5dc642c8e2d7bd230a92","detail":"Acesso recusado: x-lgpd-purpose obrigatorio","msg":"http_exception"}
{"level":40,"time":1775169493000,"service":"flydea-api","http":{"method":"GET","path":"/reurb/pendencies?projectId=69ceefc57a1af68fe5284a8d","statusCode":403,"durationMs":2,"correlationId":"6a256451-63aa-45e8-a0f9-157d498e68d4","tenantId":"69cd5dc642c8e2d7bd230a8f","userId":"69cd5dc642c8e2d7bd230a92"},"msg":"http_request"}
{"level":40,"time":1775169493011,"service":"flydea-api","status":403,"method":"GET","url":"/reurb/deliverables?projectId=69ceefc57a1af68fe5284a8d","correlationId":"d78fc313-ffc1-4ebb-8cd5-deafbcb01462","tenantId":"69cd5dc642c8e2d7bd230a8f","userId":"69cd5dc642c8e2d7bd230a92","detail":"Acesso recusado: x-lgpd-purpose obrigatorio","msg":"http_exception"}
{"level":40,"time":1775169493011,"service":"flydea-api","http":{"method":"GET","path":"/reurb/deliverables?projectId=69ceefc57a1af68fe5284a8d","statusCode":403,"durationMs":1,"correlationId":"d78fc313-ffc1-4ebb-8cd5-deafbcb01462","tenantId":"69cd5dc642c8e2d7bd230a8f","userId":"69cd5dc642c8e2d7bd230a92"},"msg":"http_request"}
{"level":40,"time":1775169494005,"service":"flydea-api","status":403,"method":"GET","url":"/reurb/pendencies?projectId=69ceefc57a1af68fe5284a8d","correlationId":"223d638b-e4c6-4f03-be4c-ce42bb9d3f1f","tenantId":"69cd5dc642c8e2d7bd230a8f","userId":"69cd5dc642c8e2d7bd230a92","detail":"Acesso recusado: x-lgpd-purpose obrigatorio","msg":"http_exception"}
{"level":40,"time":1775169494005,"service":"flydea-api","http":{"method":"GET","path":"/reurb/pendencies?projectId=69ceefc57a1af68fe5284a8d","statusCode":403,"durationMs":1,"correlationId":"223d638b-e4c6-4f03-be4c-ce42bb9d3f1f","tenantId":"69cd5dc642c8e2d7bd230a8f","userId":"69cd5dc642c8e2d7bd230a92"},"msg":"http_request"}
{"level":40,"time":1775169494017,"service":"flydea-api","status":403,"method":"GET","url":"/reurb/deliverables?projectId=69ceefc57a1af68fe5284a8d","correlationId":"b4c42aee-9aa3-4e39-a5d9-646616776032","tenantId":"69cd5dc642c8e2d7bd230a8f","userId":"69cd5dc642c8e2d7bd230a92","detail":"Acesso recusado: x-lgpd-purpose obrigatorio","msg":"http_exception"}
{"level":40,"time":1775169494017,"service":"flydea-api","http":{"method":"GET","path":"/reurb/deliverables?projectId=69ceefc57a1af68fe5284a8d","statusCode":403,"durationMs":1,"correlationId":"b4c42aee-9aa3-4e39-a5d9-646616776032","tenantId":"69cd5dc642c8e2d7bd230a8f","userId":"69cd5dc642c8e2d7bd230a92"},"msg":"http_request"}
{"level":40,"time":1775169496012,"service":"flydea-api","status":403,"method":"GET","url":"/reurb/pendencies?projectId=69ceefc57a1af68fe5284a8d","correlationId":"549033d4-e89d-4579-8b58-8442ed07b589","tenantId":"69cd5dc642c8e2d7bd230a8f","userId":"69cd5dc642c8e2d7bd230a92","detail":"Acesso recusado: x-lgpd-purpose obrigatorio","msg":"http_exception"}
{"level":40,"time":1775169496012,"service":"flydea-api","http":{"method":"GET","path":"/reurb/pendencies?projectId=69ceefc57a1af68fe5284a8d","statusCode":403,"durationMs":1,"correlationId":"549033d4-e89d-4579-8b58-8442ed07b589","tenantId":"69cd5dc642c8e2d7bd230a8f","userId":"69cd5dc642c8e2d7bd230a92"},"msg":"http_request"}
{"level":40,"time":1775169496023,"service":"flydea-api","status":403,"method":"GET","url":"/reurb/deliverables?projectId=69ceefc57a1af68fe5284a8d","correlationId":"99fb29ed-b5bd-40e7-96f1-54722a46e636","tenantId":"69cd5dc642c8e2d7bd230a8f","userId":"69cd5dc642c8e2d7bd230a92","detail":"Acesso recusado: x-lgpd-purpose obrigatorio","msg":"http_exception"}
{"level":40,"time":1775169496024,"service":"flydea-api","http":{"method":"GET","path":"/reurb/deliverables?projectId=69ceefc57a1af68fe5284a8d","statusCode":403,"durationMs":2,"correlationId":"99fb29ed-b5bd-40e7-96f1-54722a46e636","tenantId":"69cd5dc642c8e2d7bd230a8f","userId":"69cd5dc642c8e2d7bd230a92"},"msg":"http_request"}
{"level":40,"time":1775169500043,"service":"flydea-api","status":403,"method":"GET","url":"/reurb/pendencies?projectId=69ceefc57a1af68fe5284a8d","correlationId":"25fbaadb-3833-4190-b554-f83eca515309","tenantId":"69cd5dc642c8e2d7bd230a8f","userId":"69cd5dc642c8e2d7bd230a92","detail":"Acesso recusado: x-lgpd-purpose obrigatorio","msg":"http_exception"}
{"level":40,"time":1775169500056,"service":"flydea-api","http":{"method":"GET","path":"/reurb/pendencies?projectId=69ceefc57a1af68fe5284a8d","statusCode":403,"durationMs":18,"correlationId":"25fbaadb-3833-4190-b554-f83eca515309","tenantId":"69cd5dc642c8e2d7bd230a8f","userId":"69cd5dc642c8e2d7bd230a92"},"msg":"http_request"}
{"level":40,"time":1775169500058,"service":"flydea-api","status":403,"method":"GET","url":"/reurb/deliverables?projectId=69ceefc57a1af68fe5284a8d","correlationId":"12e25194-d4d9-4d56-8770-2920cbcd8b7d","tenantId":"69cd5dc642c8e2d7bd230a8f","userId":"69cd5dc642c8e2d7bd230a92","detail":"Acesso recusado: x-lgpd-purpose obrigatorio","msg":"http_exception"}
{"level":40,"time":1775169500058,"service":"flydea-api","http":{"method":"GET","path":"/reurb/deliverables?projectId=69ceefc57a1af68fe5284a8d","statusCode":403,"durationMs":1,"correlationId":"12e25194-d4d9-4d56-8770-2920cbcd8b7d","tenantId":"69cd5dc642c8e2d7bd230a8f","userId":"69cd5dc642c8e2d7bd230a92"},"msg":"http_request"}
{"level":40,"time":1775169527993,"service":"flydea-api","status":403,"method":"GET","url":"/reurb/pendencies?projectId=69ceefc57a1af68fe5284a8d","correlationId":"4bd2dd71-d1ce-4de1-bfcc-6e51241e1039","tenantId":"69cd5dc642c8e2d7bd230a8f","userId":"69cd5dc642c8e2d7bd230a92","detail":"Acesso recusado: x-lgpd-purpose obrigatorio","msg":"http_exception"}
{"level":40,"time":1775169527993,"service":"flydea-api","http":{"method":"GET","path":"/reurb/pendencies?projectId=69ceefc57a1af68fe5284a8d","statusCode":403,"durationMs":1,"correlationId":"4bd2dd71-d1ce-4de1-bfcc-6e51241e1039","tenantId":"69cd5dc642c8e2d7bd230a8f","userId":"69cd5dc642c8e2d7bd230a92"},"msg":"http_request"}
{"level":40,"time":1775169527998,"service":"flydea-api","status":403,"method":"GET","url":"/reurb/deliverables?projectId=69ceefc57a1af68fe5284a8d","correlationId":"a58fab1c-afa8-4c1f-b8fb-cd0483c5c2f5","tenantId":"69cd5dc642c8e2d7bd230a8f","userId":"69cd5dc642c8e2d7bd230a92","detail":"Acesso recusado: x-lgpd-purpose obrigatorio","msg":"http_exception"}
{"level":40,"time":1775169527998,"service":"flydea-api","http":{"method":"GET","path":"/reurb/deliverables?projectId=69ceefc57a1af68fe5284a8d","statusCode":403,"durationMs":2,"correlationId":"a58fab1c-afa8-4c1f-b8fb-cd0483c5c2f5","tenantId":"69cd5dc642c8e2d7bd230a8f","userId":"69cd5dc642c8e2d7bd230a92"},"msg":"http_request"}
{"level":40,"time":1775169529004,"service":"flydea-api","status":403,"method":"GET","url":"/reurb/pendencies?projectId=69ceefc57a1af68fe5284a8d","correlationId":"45b46572-7e87-4005-939c-6a32c4ca9fc1","tenantId":"69cd5dc642c8e2d7bd230a8f","userId":"69cd5dc642c8e2d7bd230a92","detail":"Acesso recusado: x-lgpd-purpose obrigatorio","msg":"http_exception"}
{"level":40,"time":1775169529005,"service":"flydea-api","http":{"method":"GET","path":"/reurb/pendencies?projectId=69ceefc57a1af68fe5284a8d","statusCode":403,"durationMs":2,"correlationId":"45b46572-7e87-4005-939c-6a32c4ca9fc1","tenantId":"69cd5dc642c8e2d7bd230a8f","userId":"69cd5dc642c8e2d7bd230a92"},"msg":"http_request"}
{"level":40,"time":1775169529006,"service":"flydea-api","status":403,"method":"GET","url":"/reurb/deliverables?projectId=69ceefc57a1af68fe5284a8d","correlationId":"92c9a17b-6a7c-4ef2-b536-e29cb5bfb74d","tenantId":"69cd5dc642c8e2d7bd230a8f","userId":"69cd5dc642c8e2d7bd230a92","detail":"Acesso recusado: x-lgpd-purpose obrigatorio","msg":"http_exception"}
{"level":40,"time":1775169529007,"service":"flydea-api","http":{"method":"GET","path":"/reurb/deliverables?projectId=69ceefc57a1af68fe5284a8d","statusCode":403,"durationMs":2,"correlationId":"92c9a17b-6a7c-4ef2-b536-e29cb5bfb74d","tenantId":"69cd5dc642c8e2d7bd230a8f","userId":"69cd5dc642c8e2d7bd230a92"},"msg":"http_request"}
{"level":40,"time":1775169529024,"service":"flydea-api","status":403,"method":"GET","url":"/reurb/pendencies?projectId=69ceeff87a1af68fe5284ecf","correlationId":"85072c28-8445-4d7a-8d0c-a82d6344f03b","tenantId":"69cd5dc642c8e2d7bd230a8f","userId":"69cd5dc642c8e2d7bd230a92","detail":"Acesso recusado: x-lgpd-purpose obrigatorio","msg":"http_exception"}
{"level":40,"time":1775169529025,"service":"flydea-api","http":{"method":"GET","path":"/reurb/pendencies?projectId=69ceeff87a1af68fe5284ecf","statusCode":403,"durationMs":2,"correlationId":"85072c28-8445-4d7a-8d0c-a82d6344f03b","tenantId":"69cd5dc642c8e2d7bd230a8f","userId":"69cd5dc642c8e2d7bd230a92"},"msg":"http_request"}
{"level":40,"time":1775169529027,"service":"flydea-api","status":403,"method":"GET","url":"/reurb/deliverables?projectId=69ceeff87a1af68fe5284ecf","correlationId":"fb96a361-ea8d-47a4-a00c-7f37b325568e","tenantId":"69cd5dc642c8e2d7bd230a8f","userId":"69cd5dc642c8e2d7bd230a92","detail":"Acesso recusado: x-lgpd-purpose obrigatorio","msg":"http_exception"}
{"level":40,"time":1775169529027,"service":"flydea-api","http":{"method":"GET","path":"/reurb/deliverables?projectId=69ceeff87a1af68fe5284ecf","statusCode":403,"durationMs":2,"correlationId":"fb96a361-ea8d-47a4-a00c-7f37b325568e","tenantId":"69cd5dc642c8e2d7bd230a8f","userId":"69cd5dc642c8e2d7bd230a92"},"msg":"http_request"}
{"level":40,"time":1775169530035,"service":"flydea-api","status":403,"method":"GET","url":"/reurb/pendencies?projectId=69ceeff87a1af68fe5284ecf","correlationId":"eb434333-1777-40e6-9469-ee831205d3d8","tenantId":"69cd5dc642c8e2d7bd230a8f","userId":"69cd5dc642c8e2d7bd230a92","detail":"Acesso recusado: x-lgpd-purpose obrigatorio","msg":"http_exception"}
{"level":40,"time":1775169530035,"service":"flydea-api","http":{"method":"GET","path":"/reurb/pendencies?projectId=69ceeff87a1af68fe5284ecf","statusCode":403,"durationMs":1,"correlationId":"eb434333-1777-40e6-9469-ee831205d3d8","tenantId":"69cd5dc642c8e2d7bd230a8f","userId":"69cd5dc642c8e2d7bd230a92"},"msg":"http_request"}
{"level":40,"time":1775169530037,"service":"flydea-api","status":403,"method":"GET","url":"/reurb/deliverables?projectId=69ceeff87a1af68fe5284ecf","correlationId":"ede8b4c6-c76c-4553-8e4e-2adfb071a2d2","tenantId":"69cd5dc642c8e2d7bd230a8f","userId":"69cd5dc642c8e2d7bd230a92","detail":"Acesso recusado: x-lgpd-purpose obrigatorio","msg":"http_exception"}
{"level":40,"time":1775169530037,"service":"flydea-api","http":{"method":"GET","path":"/reurb/deliverables?projectId=69ceeff87a1af68fe5284ecf","statusCode":403,"durationMs":2,"correlationId":"ede8b4c6-c76c-4553-8e4e-2adfb071a2d2","tenantId":"69cd5dc642c8e2d7bd230a8f","userId":"69cd5dc642c8e2d7bd230a92"},"msg":"http_request"}
{"level":50,"time":1775169530874,"service":"flydea-api","status":500,"method":"POST","url":"/reurb/cartorio/package","correlationId":"6e61d77a-c9b3-4483-ad01-39a011470c4f","tenantId":"69cd5dc642c8e2d7bd230a8f","userId":"69cd5dc642c8e2d7bd230a92","detail":"Erro interno","trace":"TypeError: Cannot read properties of undefined (reading 'resolve')\n    at ReurbService.generateCartorioPackage (/Users/paulo/Documents/ubatuba-saas/apps/api/src/modules/reurb/reurb.service.ts:1297:12)","msg":"http_exception"}
{"level":50,"time":1775169530874,"service":"flydea-api","http":{"method":"POST","path":"/reurb/cartorio/package","statusCode":500,"durationMs":11,"correlationId":"6e61d77a-c9b3-4483-ad01-39a011470c4f","tenantId":"69cd5dc642c8e2d7bd230a8f","userId":"69cd5dc642c8e2d7bd230a92"},"msg":"http_request"}
{"level":40,"time":1775169531803,"service":"flydea-api","status":403,"method":"GET","url":"/reurb/pendencies?projectId=69ceeff87a1af68fe5284ecf","correlationId":"0662a6ec-45a9-4e19-985e-38b39cfc788d","tenantId":"69cd5dc642c8e2d7bd230a8f","userId":"69ceed667a1af68fe5284447","detail":"Acesso recusado: x-lgpd-purpose obrigatorio","msg":"http_exception"}
{"level":40,"time":1775169531803,"service":"flydea-api","http":{"method":"GET","path":"/reurb/pendencies?projectId=69ceeff87a1af68fe5284ecf","statusCode":403,"durationMs":2,"correlationId":"0662a6ec-45a9-4e19-985e-38b39cfc788d","tenantId":"69cd5dc642c8e2d7bd230a8f","userId":"69ceed667a1af68fe5284447"},"msg":"http_request"}
{"level":40,"time":1775169531809,"service":"flydea-api","status":403,"method":"GET","url":"/reurb/deliverables?projectId=69ceeff87a1af68fe5284ecf","correlationId":"20694f7c-d94f-49f8-ab65-61a31b20c182","tenantId":"69cd5dc642c8e2d7bd230a8f","userId":"69ceed667a1af68fe5284447","detail":"Acesso recusado: x-lgpd-purpose obrigatorio","msg":"http_exception"}
{"level":40,"time":1775169531809,"service":"flydea-api","http":{"method":"GET","path":"/reurb/deliverables?projectId=69ceeff87a1af68fe5284ecf","statusCode":403,"durationMs":2,"correlationId":"20694f7c-d94f-49f8-ab65-61a31b20c182","tenantId":"69cd5dc642c8e2d7bd230a8f","userId":"69ceed667a1af68fe5284447"},"msg":"http_request"}
{"level":40,"time":1775169531879,"service":"flydea-api","status":403,"method":"POST","url":"/reurb/cartorio/package","correlationId":"94d87ea2-f8f4-4532-b19b-f975b4b3adb2","tenantId":"69cd5dc642c8e2d7bd230a8f","userId":"69ceed667a1af68fe5284447","detail":"Perfil nao autorizado","msg":"http_exception"}
{"level":40,"time":1775169531880,"service":"flydea-api","http":{"method":"POST","path":"/reurb/cartorio/package","statusCode":403,"durationMs":1,"correlationId":"94d87ea2-f8f4-4532-b19b-f975b4b3adb2","tenantId":"69cd5dc642c8e2d7bd230a8f","userId":"69ceed667a1af68fe5284447"},"msg":"http_request"}
{"level":40,"time":1775169532824,"service":"flydea-api","status":403,"method":"GET","url":"/reurb/pendencies?projectId=69ceeff87a1af68fe5284ecf","correlationId":"1bc2fc6e-b9df-4ade-8a16-432d4368c8f8","tenantId":"69cd5dc642c8e2d7bd230a8f","userId":"69cd5dc642c8e2d7bd230a92","detail":"Acesso recusado: x-lgpd-purpose obrigatorio","msg":"http_exception"}
{"level":40,"time":1775169532824,"service":"flydea-api","http":{"method":"GET","path":"/reurb/pendencies?projectId=69ceeff87a1af68fe5284ecf","statusCode":403,"durationMs":2,"correlationId":"1bc2fc6e-b9df-4ade-8a16-432d4368c8f8","tenantId":"69cd5dc642c8e2d7bd230a8f","userId":"69cd5dc642c8e2d7bd230a92"},"msg":"http_request"}
{"level":40,"time":1775169532830,"service":"flydea-api","status":403,"method":"GET","url":"/reurb/deliverables?projectId=69ceeff87a1af68fe5284ecf","correlationId":"47db2369-11bb-4356-af4d-0c19543f04a5","tenantId":"69cd5dc642c8e2d7bd230a8f","userId":"69cd5dc642c8e2d7bd230a92","detail":"Acesso recusado: x-lgpd-purpose obrigatorio","msg":"http_exception"}
{"level":40,"time":1775169532831,"service":"flydea-api","http":{"method":"GET","path":"/reurb/deliverables?projectId=69ceeff87a1af68fe5284ecf","statusCode":403,"durationMs":1,"correlationId":"47db2369-11bb-4356-af4d-0c19543f04a5","tenantId":"69cd5dc642c8e2d7bd230a8f","userId":"69cd5dc642c8e2d7bd230a92"},"msg":"http_request"}
{"level":40,"time":1775169533885,"service":"flydea-api","status":403,"method":"GET","url":"/reurb/pendencies?projectId=69ceeff87a1af68fe5284ecf","correlationId":"c1901032-9d60-482d-847b-8b06c69894b4","tenantId":"69cd5dc642c8e2d7bd230a8f","userId":"69cd5dc642c8e2d7bd230a92","detail":"Acesso recusado: x-lgpd-purpose obrigatorio","msg":"http_exception"}
{"level":40,"time":1775169533885,"service":"flydea-api","http":{"method":"GET","path":"/reurb/pendencies?projectId=69ceeff87a1af68fe5284ecf","statusCode":403,"durationMs":1,"correlationId":"c1901032-9d60-482d-847b-8b06c69894b4","tenantId":"69cd5dc642c8e2d7bd230a8f","userId":"69cd5dc642c8e2d7bd230a92"},"msg":"http_request"}
{"level":40,"time":1775169533886,"service":"flydea-api","status":403,"method":"GET","url":"/reurb/deliverables?projectId=69ceeff87a1af68fe5284ecf","correlationId":"4090b238-df52-4504-b1b5-02f4b0002df3","tenantId":"69cd5dc642c8e2d7bd230a8f","userId":"69cd5dc642c8e2d7bd230a92","detail":"Acesso recusado: x-lgpd-purpose obrigatorio","msg":"http_exception"}
{"level":40,"time":1775169533886,"service":"flydea-api","http":{"method":"GET","path":"/reurb/deliverables?projectId=69ceeff87a1af68fe5284ecf","statusCode":403,"durationMs":1,"correlationId":"4090b238-df52-4504-b1b5-02f4b0002df3","tenantId":"69cd5dc642c8e2d7bd230a8f","userId":"69cd5dc642c8e2d7bd230a92"},"msg":"http_request"}
{"level":40,"time":1775169534895,"service":"flydea-api","status":403,"method":"GET","url":"/reurb/pendencies?projectId=69ceeff87a1af68fe5284ecf","correlationId":"4e11ddef-7883-4811-a9ac-48543b6699c1","tenantId":"69cd5dc642c8e2d7bd230a8f","userId":"69cd5dc642c8e2d7bd230a92","detail":"Acesso recusado: x-lgpd-purpose obrigatorio","msg":"http_exception"}
{"level":40,"time":1775169534896,"service":"flydea-api","http":{"method":"GET","path":"/reurb/pendencies?projectId=69ceeff87a1af68fe5284ecf","statusCode":403,"durationMs":2,"correlationId":"4e11ddef-7883-4811-a9ac-48543b6699c1","tenantId":"69cd5dc642c8e2d7bd230a8f","userId":"69cd5dc642c8e2d7bd230a92"},"msg":"http_request"}
{"level":40,"time":1775169534897,"service":"flydea-api","status":403,"method":"GET","url":"/reurb/deliverables?projectId=69ceeff87a1af68fe5284ecf","correlationId":"ce0d1b92-bf34-4451-8753-abd21dbef30c","tenantId":"69cd5dc642c8e2d7bd230a8f","userId":"69cd5dc642c8e2d7bd230a92","detail":"Acesso recusado: x-lgpd-purpose obrigatorio","msg":"http_exception"}
{"level":40,"time":1775169534897,"service":"flydea-api","http":{"method":"GET","path":"/reurb/deliverables?projectId=69ceeff87a1af68fe5284ecf","statusCode":403,"durationMs":1,"correlationId":"ce0d1b92-bf34-4451-8753-abd21dbef30c","tenantId":"69cd5dc642c8e2d7bd230a8f","userId":"69cd5dc642c8e2d7bd230a92"},"msg":"http_request"}
{"level":40,"time":1775169536903,"service":"flydea-api","status":403,"method":"GET","url":"/reurb/pendencies?projectId=69ceeff87a1af68fe5284ecf","correlationId":"4d1f1224-53cb-4657-ae1d-c6b77c140e56","tenantId":"69cd5dc642c8e2d7bd230a8f","userId":"69cd5dc642c8e2d7bd230a92","detail":"Acesso recusado: x-lgpd-purpose obrigatorio","msg":"http_exception"}
{"level":40,"time":1775169536904,"service":"flydea-api","http":{"method":"GET","path":"/reurb/pendencies?projectId=69ceeff87a1af68fe5284ecf","statusCode":403,"durationMs":2,"correlationId":"4d1f1224-53cb-4657-ae1d-c6b77c140e56","tenantId":"69cd5dc642c8e2d7bd230a8f","userId":"69cd5dc642c8e2d7bd230a92"},"msg":"http_request"}
{"level":40,"time":1775169536905,"service":"flydea-api","status":403,"method":"GET","url":"/reurb/deliverables?projectId=69ceeff87a1af68fe5284ecf","correlationId":"1cf9ea75-82e6-458b-b67f-f9036d8e862a","tenantId":"69cd5dc642c8e2d7bd230a8f","userId":"69cd5dc642c8e2d7bd230a92","detail":"Acesso recusado: x-lgpd-purpose obrigatorio","msg":"http_exception"}
{"level":40,"time":1775169536906,"service":"flydea-api","http":{"method":"GET","path":"/reurb/deliverables?projectId=69ceeff87a1af68fe5284ecf","statusCode":403,"durationMs":2,"correlationId":"1cf9ea75-82e6-458b-b67f-f9036d8e862a","tenantId":"69cd5dc642c8e2d7bd230a8f","userId":"69cd5dc642c8e2d7bd230a92"},"msg":"http_request"}
{"level":40,"time":1775169540913,"service":"flydea-api","status":403,"method":"GET","url":"/reurb/pendencies?projectId=69ceeff87a1af68fe5284ecf","correlationId":"42fd0507-70ef-4fc1-b28f-d501e3988adc","tenantId":"69cd5dc642c8e2d7bd230a8f","userId":"69cd5dc642c8e2d7bd230a92","detail":"Acesso recusado: x-lgpd-purpose obrigatorio","msg":"http_exception"}
{"level":40,"time":1775169540913,"service":"flydea-api","http":{"method":"GET","path":"/reurb/pendencies?projectId=69ceeff87a1af68fe5284ecf","statusCode":403,"durationMs":1,"correlationId":"42fd0507-70ef-4fc1-b28f-d501e3988adc","tenantId":"69cd5dc642c8e2d7bd230a8f","userId":"69cd5dc642c8e2d7bd230a92"},"msg":"http_request"}
{"level":40,"time":1775169540914,"service":"flydea-api","status":403,"method":"GET","url":"/reurb/deliverables?projectId=69ceeff87a1af68fe5284ecf","correlationId":"8005ee6e-2385-40a6-a333-f93d701d1367","tenantId":"69cd5dc642c8e2d7bd230a8f","userId":"69cd5dc642c8e2d7bd230a92","detail":"Acesso recusado: x-lgpd-purpose obrigatorio","msg":"http_exception"}
{"level":40,"time":1775169540915,"service":"flydea-api","http":{"method":"GET","path":"/reurb/deliverables?projectId=69ceeff87a1af68fe5284ecf","statusCode":403,"durationMs":1,"correlationId":"8005ee6e-2385-40a6-a333-f93d701d1367","tenantId":"69cd5dc642c8e2d7bd230a8f","userId":"69cd5dc642c8e2d7bd230a92"},"msg":"http_request"}
{"level":40,"time":1775169566259,"service":"flydea-api","status":403,"method":"GET","url":"/reurb/pendencies?projectId=69ceeff87a1af68fe5284ecf","correlationId":"7c694a58-db38-45e1-8f0b-e0ad1e2521a2","tenantId":"69cd5dc642c8e2d7bd230a8f","userId":"69cd5dc642c8e2d7bd230a92","detail":"Acesso recusado: x-lgpd-purpose obrigatorio","msg":"http_exception"}
{"level":40,"time":1775169566260,"service":"flydea-api","http":{"method":"GET","path":"/reurb/pendencies?projectId=69ceeff87a1af68fe5284ecf","statusCode":403,"durationMs":9,"correlationId":"7c694a58-db38-45e1-8f0b-e0ad1e2521a2","tenantId":"69cd5dc642c8e2d7bd230a8f","userId":"69cd5dc642c8e2d7bd230a92"},"msg":"http_request"}
{"level":40,"time":1775169566265,"service":"flydea-api","status":403,"method":"GET","url":"/reurb/deliverables?projectId=69ceeff87a1af68fe5284ecf","correlationId":"d46282d4-1999-4bc5-a546-228742158739","tenantId":"69cd5dc642c8e2d7bd230a8f","userId":"69cd5dc642c8e2d7bd230a92","detail":"Acesso recusado: x-lgpd-purpose obrigatorio","msg":"http_exception"}
{"level":40,"time":1775169566266,"service":"flydea-api","http":{"method":"GET","path":"/reurb/deliverables?projectId=69ceeff87a1af68fe5284ecf","statusCode":403,"durationMs":2,"correlationId":"d46282d4-1999-4bc5-a546-228742158739","tenantId":"69cd5dc642c8e2d7bd230a8f","userId":"69cd5dc642c8e2d7bd230a92"},"msg":"http_request"}
{"level":40,"time":1775169567188,"service":"flydea-api","status":403,"method":"GET","url":"/reurb/pendencies?projectId=69cef01e7a1af68fe528536c","correlationId":"689bc551-98c4-4ce9-a252-83ddea12afed","tenantId":"69cd5dc642c8e2d7bd230a8f","userId":"69cd5dc642c8e2d7bd230a92","detail":"Acesso recusado: x-lgpd-purpose obrigatorio","msg":"http_exception"}
{"level":40,"time":1775169567188,"service":"flydea-api","http":{"method":"GET","path":"/reurb/pendencies?projectId=69cef01e7a1af68fe528536c","statusCode":403,"durationMs":2,"correlationId":"689bc551-98c4-4ce9-a252-83ddea12afed","tenantId":"69cd5dc642c8e2d7bd230a8f","userId":"69cd5dc642c8e2d7bd230a92"},"msg":"http_request"}
{"level":40,"time":1775169567190,"service":"flydea-api","status":403,"method":"GET","url":"/reurb/deliverables?projectId=69cef01e7a1af68fe528536c","correlationId":"b188e346-f572-4ff4-a5b1-ac09418d3a67","tenantId":"69cd5dc642c8e2d7bd230a8f","userId":"69cd5dc642c8e2d7bd230a92","detail":"Acesso recusado: x-lgpd-purpose obrigatorio","msg":"http_exception"}
{"level":40,"time":1775169567190,"service":"flydea-api","http":{"method":"GET","path":"/reurb/deliverables?projectId=69cef01e7a1af68fe528536c","statusCode":403,"durationMs":2,"correlationId":"b188e346-f572-4ff4-a5b1-ac09418d3a67","tenantId":"69cd5dc642c8e2d7bd230a8f","userId":"69cd5dc642c8e2d7bd230a92"},"msg":"http_request"}
{"level":40,"time":1775169568197,"service":"flydea-api","status":403,"method":"GET","url":"/reurb/pendencies?projectId=69cef01e7a1af68fe528536c","correlationId":"a38c65bf-7f2a-41c7-bfae-046b1250d48f","tenantId":"69cd5dc642c8e2d7bd230a8f","userId":"69cd5dc642c8e2d7bd230a92","detail":"Acesso recusado: x-lgpd-purpose obrigatorio","msg":"http_exception"}
{"level":40,"time":1775169568197,"service":"flydea-api","http":{"method":"GET","path":"/reurb/pendencies?projectId=69cef01e7a1af68fe528536c","statusCode":403,"durationMs":1,"correlationId":"a38c65bf-7f2a-41c7-bfae-046b1250d48f","tenantId":"69cd5dc642c8e2d7bd230a8f","userId":"69cd5dc642c8e2d7bd230a92"},"msg":"http_request"}
{"level":40,"time":1775169568199,"service":"flydea-api","status":403,"method":"GET","url":"/reurb/deliverables?projectId=69cef01e7a1af68fe528536c","correlationId":"1de652f6-e703-4295-8ec6-b17325ba666c","tenantId":"69cd5dc642c8e2d7bd230a8f","userId":"69cd5dc642c8e2d7bd230a92","detail":"Acesso recusado: x-lgpd-purpose obrigatorio","msg":"http_exception"}
{"level":40,"time":1775169568199,"service":"flydea-api","http":{"method":"GET","path":"/reurb/deliverables?projectId=69cef01e7a1af68fe528536c","statusCode":403,"durationMs":1,"correlationId":"1de652f6-e703-4295-8ec6-b17325ba666c","tenantId":"69cd5dc642c8e2d7bd230a8f","userId":"69cd5dc642c8e2d7bd230a92"},"msg":"http_request"}
{"level":50,"time":1775169569185,"service":"flydea-api","status":500,"method":"POST","url":"/reurb/cartorio/package","correlationId":"4348b4cb-8b6f-40eb-a4fc-5fa227937377","tenantId":"69cd5dc642c8e2d7bd230a8f","userId":"69cd5dc642c8e2d7bd230a92","detail":"Erro interno","trace":"TypeError: Cannot read properties of undefined (reading 'resolve')\n    at ReurbService.generateCartorioPackage (/Users/paulo/Documents/ubatuba-saas/apps/api/src/modules/reurb/reurb.service.ts:1297:12)","msg":"http_exception"}
{"level":50,"time":1775169569186,"service":"flydea-api","http":{"method":"POST","path":"/reurb/cartorio/package","statusCode":500,"durationMs":10,"correlationId":"4348b4cb-8b6f-40eb-a4fc-5fa227937377","tenantId":"69cd5dc642c8e2d7bd230a8f","userId":"69cd5dc642c8e2d7bd230a92"},"msg":"http_request"}
{"level":40,"time":1775169575384,"service":"flydea-api","status":403,"method":"GET","url":"/reurb/pendencies?projectId=69cef01e7a1af68fe528536c","correlationId":"0b6770ae-d4fe-47d3-9e93-94dbacf869d3","tenantId":"69cd5dc642c8e2d7bd230a8f","userId":"69cd5dc642c8e2d7bd230a92","detail":"Acesso recusado: x-lgpd-purpose obrigatorio","msg":"http_exception"}
{"level":40,"time":1775169575384,"service":"flydea-api","http":{"method":"GET","path":"/reurb/pendencies?projectId=69cef01e7a1af68fe528536c","statusCode":403,"durationMs":6,"correlationId":"0b6770ae-d4fe-47d3-9e93-94dbacf869d3","tenantId":"69cd5dc642c8e2d7bd230a8f","userId":"69cd5dc642c8e2d7bd230a92"},"msg":"http_request"}
{"level":40,"time":1775169575397,"service":"flydea-api","status":403,"method":"GET","url":"/reurb/deliverables?projectId=69cef01e7a1af68fe528536c","correlationId":"8df91ae5-dcf3-4a51-a336-5da8bee6261c","tenantId":"69cd5dc642c8e2d7bd230a8f","userId":"69cd5dc642c8e2d7bd230a92","detail":"Acesso recusado: x-lgpd-purpose obrigatorio","msg":"http_exception"}
{"level":40,"time":1775169575397,"service":"flydea-api","http":{"method":"GET","path":"/reurb/deliverables?projectId=69cef01e7a1af68fe528536c","statusCode":403,"durationMs":1,"correlationId":"8df91ae5-dcf3-4a51-a336-5da8bee6261c","tenantId":"69cd5dc642c8e2d7bd230a8f","userId":"69cd5dc642c8e2d7bd230a92"},"msg":"http_request"}
{"level":40,"time":1775169576396,"service":"flydea-api","status":403,"method":"GET","url":"/reurb/pendencies?projectId=69cef01e7a1af68fe528536c","correlationId":"65fc511b-8eb3-4e9f-abd3-c81381d10bc8","tenantId":"69cd5dc642c8e2d7bd230a8f","userId":"69cd5dc642c8e2d7bd230a92","detail":"Acesso recusado: x-lgpd-purpose obrigatorio","msg":"http_exception"}
{"level":40,"time":1775169576397,"service":"flydea-api","http":{"method":"GET","path":"/reurb/pendencies?projectId=69cef01e7a1af68fe528536c","statusCode":403,"durationMs":2,"correlationId":"65fc511b-8eb3-4e9f-abd3-c81381d10bc8","tenantId":"69cd5dc642c8e2d7bd230a8f","userId":"69cd5dc642c8e2d7bd230a92"},"msg":"http_request"}
{"level":40,"time":1775169576403,"service":"flydea-api","status":403,"method":"GET","url":"/reurb/deliverables?projectId=69cef01e7a1af68fe528536c","correlationId":"c0cda8e2-d788-4396-bb6d-f9d92c98702a","tenantId":"69cd5dc642c8e2d7bd230a8f","userId":"69cd5dc642c8e2d7bd230a92","detail":"Acesso recusado: x-lgpd-purpose obrigatorio","msg":"http_exception"}
{"level":40,"time":1775169576403,"service":"flydea-api","http":{"method":"GET","path":"/reurb/deliverables?projectId=69cef01e7a1af68fe528536c","statusCode":403,"durationMs":1,"correlationId":"c0cda8e2-d788-4396-bb6d-f9d92c98702a","tenantId":"69cd5dc642c8e2d7bd230a8f","userId":"69cd5dc642c8e2d7bd230a92"},"msg":"http_request"}
{"level":40,"time":1775169578404,"service":"flydea-api","status":403,"method":"GET","url":"/reurb/pendencies?projectId=69cef01e7a1af68fe528536c","correlationId":"458d6d4f-7d91-401c-a64e-0cfcf4cc2ea5","tenantId":"69cd5dc642c8e2d7bd230a8f","userId":"69cd5dc642c8e2d7bd230a92","detail":"Acesso recusado: x-lgpd-purpose obrigatorio","msg":"http_exception"}
{"level":40,"time":1775169578404,"service":"flydea-api","http":{"method":"GET","path":"/reurb/pendencies?projectId=69cef01e7a1af68fe528536c","statusCode":403,"durationMs":2,"correlationId":"458d6d4f-7d91-401c-a64e-0cfcf4cc2ea5","tenantId":"69cd5dc642c8e2d7bd230a8f","userId":"69cd5dc642c8e2d7bd230a92"},"msg":"http_request"}
{"level":40,"time":1775169578408,"service":"flydea-api","status":403,"method":"GET","url":"/reurb/deliverables?projectId=69cef01e7a1af68fe528536c","correlationId":"a5e0868e-4e69-451d-8d36-2a96e587ce6d","tenantId":"69cd5dc642c8e2d7bd230a8f","userId":"69cd5dc642c8e2d7bd230a92","detail":"Acesso recusado: x-lgpd-purpose obrigatorio","msg":"http_exception"}
{"level":40,"time":1775169578408,"service":"flydea-api","http":{"method":"GET","path":"/reurb/deliverables?projectId=69cef01e7a1af68fe528536c","statusCode":403,"durationMs":1,"correlationId":"a5e0868e-4e69-451d-8d36-2a96e587ce6d","tenantId":"69cd5dc642c8e2d7bd230a8f","userId":"69cd5dc642c8e2d7bd230a92"},"msg":"http_request"}
{"level":40,"time":1775169582411,"service":"flydea-api","status":403,"method":"GET","url":"/reurb/pendencies?projectId=69cef01e7a1af68fe528536c","correlationId":"f8c73eeb-bd87-4bad-820d-65a0bcbe6e93","tenantId":"69cd5dc642c8e2d7bd230a8f","userId":"69cd5dc642c8e2d7bd230a92","detail":"Acesso recusado: x-lgpd-purpose obrigatorio","msg":"http_exception"}
{"level":40,"time":1775169582411,"service":"flydea-api","http":{"method":"GET","path":"/reurb/pendencies?projectId=69cef01e7a1af68fe528536c","statusCode":403,"durationMs":1,"correlationId":"f8c73eeb-bd87-4bad-820d-65a0bcbe6e93","tenantId":"69cd5dc642c8e2d7bd230a8f","userId":"69cd5dc642c8e2d7bd230a92"},"msg":"http_request"}
{"level":40,"time":1775169582413,"service":"flydea-api","status":403,"method":"GET","url":"/reurb/deliverables?projectId=69cef01e7a1af68fe528536c","correlationId":"36568eed-f1bc-4f58-9040-a621409a53b1","tenantId":"69cd5dc642c8e2d7bd230a8f","userId":"69cd5dc642c8e2d7bd230a92","detail":"Acesso recusado: x-lgpd-purpose obrigatorio","msg":"http_exception"}
{"level":40,"time":1775169582414,"service":"flydea-api","http":{"method":"GET","path":"/reurb/deliverables?projectId=69cef01e7a1af68fe528536c","statusCode":403,"durationMs":2,"correlationId":"36568eed-f1bc-4f58-9040-a621409a53b1","tenantId":"69cd5dc642c8e2d7bd230a8f","userId":"69cd5dc642c8e2d7bd230a92"},"msg":"http_request"}
{"level":40,"time":1775169593385,"service":"flydea-api","status":403,"method":"GET","url":"/reurb/deliverables?projectId=69cef01e7a1af68fe528536c","correlationId":"8fe5226b-0e82-4725-8d02-2c13ff006ef4","tenantId":"69cd5dc642c8e2d7bd230a8f","userId":"69ceed667a1af68fe5284447","detail":"Acesso recusado: x-lgpd-purpose obrigatorio","msg":"http_exception"}
{"level":40,"time":1775169593385,"service":"flydea-api","http":{"method":"GET","path":"/reurb/deliverables?projectId=69cef01e7a1af68fe528536c","statusCode":403,"durationMs":2,"correlationId":"8fe5226b-0e82-4725-8d02-2c13ff006ef4","tenantId":"69cd5dc642c8e2d7bd230a8f","userId":"69ceed667a1af68fe5284447"},"msg":"http_request"}
{"level":40,"time":1775169593408,"service":"flydea-api","status":403,"method":"GET","url":"/reurb/pendencies?projectId=69cef01e7a1af68fe528536c","correlationId":"8adc3794-3592-4380-aea1-7c7496c38cd6","tenantId":"69cd5dc642c8e2d7bd230a8f","userId":"69ceed667a1af68fe5284447","detail":"Acesso recusado: x-lgpd-purpose obrigatorio","msg":"http_exception"}
{"level":40,"time":1775169593408,"service":"flydea-api","http":{"method":"GET","path":"/reurb/pendencies?projectId=69cef01e7a1af68fe528536c","statusCode":403,"durationMs":1,"correlationId":"8adc3794-3592-4380-aea1-7c7496c38cd6","tenantId":"69cd5dc642c8e2d7bd230a8f","userId":"69ceed667a1af68fe5284447"},"msg":"http_request"}
{"level":40,"time":1775169594393,"service":"flydea-api","status":403,"method":"GET","url":"/reurb/deliverables?projectId=69cef01e7a1af68fe528536c","correlationId":"337de7f0-13c1-46e4-98e3-5ad7b97822df","tenantId":"69cd5dc642c8e2d7bd230a8f","userId":"69ceed667a1af68fe5284447","detail":"Acesso recusado: x-lgpd-purpose obrigatorio","msg":"http_exception"}
{"level":40,"time":1775169594393,"service":"flydea-api","http":{"method":"GET","path":"/reurb/deliverables?projectId=69cef01e7a1af68fe528536c","statusCode":403,"durationMs":1,"correlationId":"337de7f0-13c1-46e4-98e3-5ad7b97822df","tenantId":"69cd5dc642c8e2d7bd230a8f","userId":"69ceed667a1af68fe5284447"},"msg":"http_request"}
{"level":40,"time":1775169594422,"service":"flydea-api","status":403,"method":"GET","url":"/reurb/pendencies?projectId=69cef01e7a1af68fe528536c","correlationId":"61a73d7d-07ae-4ace-b33b-601694606e5c","tenantId":"69cd5dc642c8e2d7bd230a8f","userId":"69ceed667a1af68fe5284447","detail":"Acesso recusado: x-lgpd-purpose obrigatorio","msg":"http_exception"}
{"level":40,"time":1775169594422,"service":"flydea-api","http":{"method":"GET","path":"/reurb/pendencies?projectId=69cef01e7a1af68fe528536c","statusCode":403,"durationMs":1,"correlationId":"61a73d7d-07ae-4ace-b33b-601694606e5c","tenantId":"69cd5dc642c8e2d7bd230a8f","userId":"69ceed667a1af68fe5284447"},"msg":"http_request"}
{"level":40,"time":1775169596400,"service":"flydea-api","status":403,"method":"GET","url":"/reurb/deliverables?projectId=69cef01e7a1af68fe528536c","correlationId":"419ccea1-2799-4e15-98fd-6c462d71d1d1","tenantId":"69cd5dc642c8e2d7bd230a8f","userId":"69ceed667a1af68fe5284447","detail":"Acesso recusado: x-lgpd-purpose obrigatorio","msg":"http_exception"}
{"level":40,"time":1775169596401,"service":"flydea-api","http":{"method":"GET","path":"/reurb/deliverables?projectId=69cef01e7a1af68fe528536c","statusCode":403,"durationMs":2,"correlationId":"419ccea1-2799-4e15-98fd-6c462d71d1d1","tenantId":"69cd5dc642c8e2d7bd230a8f","userId":"69ceed667a1af68fe5284447"},"msg":"http_request"}
{"level":40,"time":1775169596428,"service":"flydea-api","status":403,"method":"GET","url":"/reurb/pendencies?projectId=69cef01e7a1af68fe528536c","correlationId":"96d9ad2d-72fc-4b09-9dec-f8c325b34e8e","tenantId":"69cd5dc642c8e2d7bd230a8f","userId":"69ceed667a1af68fe5284447","detail":"Acesso recusado: x-lgpd-purpose obrigatorio","msg":"http_exception"}
{"level":40,"time":1775169596429,"service":"flydea-api","http":{"method":"GET","path":"/reurb/pendencies?projectId=69cef01e7a1af68fe528536c","statusCode":403,"durationMs":2,"correlationId":"96d9ad2d-72fc-4b09-9dec-f8c325b34e8e","tenantId":"69cd5dc642c8e2d7bd230a8f","userId":"69ceed667a1af68fe5284447"},"msg":"http_request"}
{"level":40,"time":1775169600408,"service":"flydea-api","status":403,"method":"GET","url":"/reurb/deliverables?projectId=69cef01e7a1af68fe528536c","correlationId":"d3652553-4e87-4c2e-a7ed-8f51d26866c4","tenantId":"69cd5dc642c8e2d7bd230a8f","userId":"69ceed667a1af68fe5284447","detail":"Acesso recusado: x-lgpd-purpose obrigatorio","msg":"http_exception"}
{"level":40,"time":1775169600409,"service":"flydea-api","http":{"method":"GET","path":"/reurb/deliverables?projectId=69cef01e7a1af68fe528536c","statusCode":403,"durationMs":2,"correlationId":"d3652553-4e87-4c2e-a7ed-8f51d26866c4","tenantId":"69cd5dc642c8e2d7bd230a8f","userId":"69ceed667a1af68fe5284447"},"msg":"http_request"}
{"level":40,"time":1775169600440,"service":"flydea-api","status":403,"method":"GET","url":"/reurb/pendencies?projectId=69cef01e7a1af68fe528536c","correlationId":"b30bf6d6-276f-4bc2-adb9-e95a17f8d901","tenantId":"69cd5dc642c8e2d7bd230a8f","userId":"69ceed667a1af68fe5284447","detail":"Acesso recusado: x-lgpd-purpose obrigatorio","msg":"http_exception"}
{"level":40,"time":1775169600440,"service":"flydea-api","http":{"method":"GET","path":"/reurb/pendencies?projectId=69cef01e7a1af68fe528536c","statusCode":403,"durationMs":1,"correlationId":"b30bf6d6-276f-4bc2-adb9-e95a17f8d901","tenantId":"69cd5dc642c8e2d7bd230a8f","userId":"69ceed667a1af68fe5284447"},"msg":"http_request"}
{"level":40,"time":1775169616186,"service":"flydea-api","status":403,"method":"GET","url":"/reurb/pendencies?projectId=69cef01e7a1af68fe528536c","correlationId":"bff87966-e06e-4212-80d8-babe16717fea","tenantId":"69cd5dc642c8e2d7bd230a8f","userId":"69cd5dc642c8e2d7bd230a92","detail":"Acesso recusado: x-lgpd-purpose obrigatorio","msg":"http_exception"}
{"level":40,"time":1775169616187,"service":"flydea-api","http":{"method":"GET","path":"/reurb/pendencies?projectId=69cef01e7a1af68fe528536c","statusCode":403,"durationMs":3,"correlationId":"bff87966-e06e-4212-80d8-babe16717fea","tenantId":"69cd5dc642c8e2d7bd230a8f","userId":"69cd5dc642c8e2d7bd230a92"},"msg":"http_request"}
{"level":40,"time":1775169616194,"service":"flydea-api","status":403,"method":"GET","url":"/reurb/deliverables?projectId=69cef01e7a1af68fe528536c","correlationId":"3de9892a-9405-448c-ba88-7c83b30283a1","tenantId":"69cd5dc642c8e2d7bd230a8f","userId":"69cd5dc642c8e2d7bd230a92","detail":"Acesso recusado: x-lgpd-purpose obrigatorio","msg":"http_exception"}
{"level":40,"time":1775169616194,"service":"flydea-api","http":{"method":"GET","path":"/reurb/deliverables?projectId=69cef01e7a1af68fe528536c","statusCode":403,"durationMs":1,"correlationId":"3de9892a-9405-448c-ba88-7c83b30283a1","tenantId":"69cd5dc642c8e2d7bd230a8f","userId":"69cd5dc642c8e2d7bd230a92"},"msg":"http_request"}
{"level":40,"time":1775169617195,"service":"flydea-api","status":403,"method":"GET","url":"/reurb/pendencies?projectId=69cef01e7a1af68fe528536c","correlationId":"10e0536e-9c87-4d66-bf6f-2b71ac943eae","tenantId":"69cd5dc642c8e2d7bd230a8f","userId":"69cd5dc642c8e2d7bd230a92","detail":"Acesso recusado: x-lgpd-purpose obrigatorio","msg":"http_exception"}
{"level":40,"time":1775169617196,"service":"flydea-api","http":{"method":"GET","path":"/reurb/pendencies?projectId=69cef01e7a1af68fe528536c","statusCode":403,"durationMs":2,"correlationId":"10e0536e-9c87-4d66-bf6f-2b71ac943eae","tenantId":"69cd5dc642c8e2d7bd230a8f","userId":"69cd5dc642c8e2d7bd230a92"},"msg":"http_request"}
{"level":40,"time":1775169617204,"service":"flydea-api","status":403,"method":"GET","url":"/reurb/deliverables?projectId=69cef01e7a1af68fe528536c","correlationId":"bfb3da40-bde9-4d0d-be87-aa8959e7beff","tenantId":"69cd5dc642c8e2d7bd230a8f","userId":"69cd5dc642c8e2d7bd230a92","detail":"Acesso recusado: x-lgpd-purpose obrigatorio","msg":"http_exception"}
{"level":40,"time":1775169617205,"service":"flydea-api","http":{"method":"GET","path":"/reurb/deliverables?projectId=69cef01e7a1af68fe528536c","statusCode":403,"durationMs":2,"correlationId":"bfb3da40-bde9-4d0d-be87-aa8959e7beff","tenantId":"69cd5dc642c8e2d7bd230a8f","userId":"69cd5dc642c8e2d7bd230a92"},"msg":"http_request"}
{"level":40,"time":1775169617265,"service":"flydea-api","status":403,"method":"GET","url":"/reurb/pendencies?projectId=69cef0507a1af68fe52857fa","correlationId":"25034885-2425-41ea-99ef-7389645ac42a","tenantId":"69cd5dc642c8e2d7bd230a8f","userId":"69cd5dc642c8e2d7bd230a92","detail":"Acesso recusado: x-lgpd-purpose obrigatorio","msg":"http_exception"}
{"level":40,"time":1775169617265,"service":"flydea-api","http":{"method":"GET","path":"/reurb/pendencies?projectId=69cef0507a1af68fe52857fa","statusCode":403,"durationMs":1,"correlationId":"25034885-2425-41ea-99ef-7389645ac42a","tenantId":"69cd5dc642c8e2d7bd230a8f","userId":"69cd5dc642c8e2d7bd230a92"},"msg":"http_request"}
{"level":40,"time":1775169617267,"service":"flydea-api","status":403,"method":"GET","url":"/reurb/deliverables?projectId=69cef0507a1af68fe52857fa","correlationId":"e32b024e-8591-4e37-8095-c89311b96414","tenantId":"69cd5dc642c8e2d7bd230a8f","userId":"69cd5dc642c8e2d7bd230a92","detail":"Acesso recusado: x-lgpd-purpose obrigatorio","msg":"http_exception"}
{"level":40,"time":1775169617268,"service":"flydea-api","http":{"method":"GET","path":"/reurb/deliverables?projectId=69cef0507a1af68fe52857fa","statusCode":403,"durationMs":2,"correlationId":"e32b024e-8591-4e37-8095-c89311b96414","tenantId":"69cd5dc642c8e2d7bd230a8f","userId":"69cd5dc642c8e2d7bd230a92"},"msg":"http_request"}
{"level":40,"time":1775169618295,"service":"flydea-api","status":403,"method":"GET","url":"/reurb/pendencies?projectId=69cef0507a1af68fe52857fa","correlationId":"bf32ebc6-3145-4e3c-a9c5-b0da48be1a2f","tenantId":"69cd5dc642c8e2d7bd230a8f","userId":"69cd5dc642c8e2d7bd230a92","detail":"Acesso recusado: x-lgpd-purpose obrigatorio","msg":"http_exception"}
{"level":40,"time":1775169618295,"service":"flydea-api","http":{"method":"GET","path":"/reurb/pendencies?projectId=69cef0507a1af68fe52857fa","statusCode":403,"durationMs":1,"correlationId":"bf32ebc6-3145-4e3c-a9c5-b0da48be1a2f","tenantId":"69cd5dc642c8e2d7bd230a8f","userId":"69cd5dc642c8e2d7bd230a92"},"msg":"http_request"}
{"level":40,"time":1775169618296,"service":"flydea-api","status":403,"method":"GET","url":"/reurb/deliverables?projectId=69cef0507a1af68fe52857fa","correlationId":"10e2a5b0-9850-4baf-9a98-a59d83715ba6","tenantId":"69cd5dc642c8e2d7bd230a8f","userId":"69cd5dc642c8e2d7bd230a92","detail":"Acesso recusado: x-lgpd-purpose obrigatorio","msg":"http_exception"}
{"level":40,"time":1775169618297,"service":"flydea-api","http":{"method":"GET","path":"/reurb/deliverables?projectId=69cef0507a1af68fe52857fa","statusCode":403,"durationMs":1,"correlationId":"10e2a5b0-9850-4baf-9a98-a59d83715ba6","tenantId":"69cd5dc642c8e2d7bd230a8f","userId":"69cd5dc642c8e2d7bd230a92"},"msg":"http_request"}
{"level":50,"time":1775169619162,"service":"flydea-api","status":500,"method":"POST","url":"/reurb/cartorio/package","correlationId":"30dafa16-9348-45f8-b457-f87a2fb1cd7b","tenantId":"69cd5dc642c8e2d7bd230a8f","userId":"69cd5dc642c8e2d7bd230a92","detail":"Erro interno","trace":"TypeError: Cannot read properties of undefined (reading 'resolve')\n    at ReurbService.generateCartorioPackage (/Users/paulo/Documents/ubatuba-saas/apps/api/src/modules/reurb/reurb.service.ts:1297:12)","msg":"http_exception"}
{"level":50,"time":1775169619162,"service":"flydea-api","http":{"method":"POST","path":"/reurb/cartorio/package","statusCode":500,"durationMs":10,"correlationId":"30dafa16-9348-45f8-b457-f87a2fb1cd7b","tenantId":"69cd5dc642c8e2d7bd230a8f","userId":"69cd5dc642c8e2d7bd230a92"},"msg":"http_request"}
{"level":40,"time":1775169633356,"service":"flydea-api","status":403,"method":"GET","url":"/reurb/pendencies?projectId=69cef0507a1af68fe52857fa","correlationId":"4a51bc3e-9afd-49f4-a7f5-622a8c09dc7d","tenantId":"69cd5dc642c8e2d7bd230a8f","userId":"69cd5dc642c8e2d7bd230a92","detail":"Acesso recusado: x-lgpd-purpose obrigatorio","msg":"http_exception"}
{"level":40,"time":1775169633356,"service":"flydea-api","http":{"method":"GET","path":"/reurb/pendencies?projectId=69cef0507a1af68fe52857fa","statusCode":403,"durationMs":1,"correlationId":"4a51bc3e-9afd-49f4-a7f5-622a8c09dc7d","tenantId":"69cd5dc642c8e2d7bd230a8f","userId":"69cd5dc642c8e2d7bd230a92"},"msg":"http_request"}
{"level":40,"time":1775169633361,"service":"flydea-api","status":403,"method":"GET","url":"/reurb/deliverables?projectId=69cef0507a1af68fe52857fa","correlationId":"b40d22f0-e3a3-4151-a9d2-a30f5569d482","tenantId":"69cd5dc642c8e2d7bd230a8f","userId":"69cd5dc642c8e2d7bd230a92","detail":"Acesso recusado: x-lgpd-purpose obrigatorio","msg":"http_exception"}
{"level":40,"time":1775169633361,"service":"flydea-api","http":{"method":"GET","path":"/reurb/deliverables?projectId=69cef0507a1af68fe52857fa","statusCode":403,"durationMs":1,"correlationId":"b40d22f0-e3a3-4151-a9d2-a30f5569d482","tenantId":"69cd5dc642c8e2d7bd230a8f","userId":"69cd5dc642c8e2d7bd230a92"},"msg":"http_request"}
{"level":40,"time":1775169634368,"service":"flydea-api","status":403,"method":"GET","url":"/reurb/pendencies?projectId=69cef0507a1af68fe52857fa","correlationId":"2f73c0ec-c2fc-4705-a13a-894131ec078b","tenantId":"69cd5dc642c8e2d7bd230a8f","userId":"69cd5dc642c8e2d7bd230a92","detail":"Acesso recusado: x-lgpd-purpose obrigatorio","msg":"http_exception"}
{"level":40,"time":1775169634368,"service":"flydea-api","http":{"method":"GET","path":"/reurb/pendencies?projectId=69cef0507a1af68fe52857fa","statusCode":403,"durationMs":1,"correlationId":"2f73c0ec-c2fc-4705-a13a-894131ec078b","tenantId":"69cd5dc642c8e2d7bd230a8f","userId":"69cd5dc642c8e2d7bd230a92"},"msg":"http_request"}
{"level":40,"time":1775169634370,"service":"flydea-api","status":403,"method":"GET","url":"/reurb/deliverables?projectId=69cef0507a1af68fe52857fa","correlationId":"c4706357-66f8-4a01-9cda-19fa6449f3d0","tenantId":"69cd5dc642c8e2d7bd230a8f","userId":"69cd5dc642c8e2d7bd230a92","detail":"Acesso recusado: x-lgpd-purpose obrigatorio","msg":"http_exception"}
{"level":40,"time":1775169634370,"service":"flydea-api","http":{"method":"GET","path":"/reurb/deliverables?projectId=69cef0507a1af68fe52857fa","statusCode":403,"durationMs":1,"correlationId":"c4706357-66f8-4a01-9cda-19fa6449f3d0","tenantId":"69cd5dc642c8e2d7bd230a8f","userId":"69cd5dc642c8e2d7bd230a92"},"msg":"http_request"}
{"level":40,"time":1775169636375,"service":"flydea-api","status":403,"method":"GET","url":"/reurb/pendencies?projectId=69cef0507a1af68fe52857fa","correlationId":"2f424de0-4493-4a93-b6a2-c8051c9fcc28","tenantId":"69cd5dc642c8e2d7bd230a8f","userId":"69cd5dc642c8e2d7bd230a92","detail":"Acesso recusado: x-lgpd-purpose obrigatorio","msg":"http_exception"}
{"level":40,"time":1775169636375,"service":"flydea-api","http":{"method":"GET","path":"/reurb/pendencies?projectId=69cef0507a1af68fe52857fa","statusCode":403,"durationMs":1,"correlationId":"2f424de0-4493-4a93-b6a2-c8051c9fcc28","tenantId":"69cd5dc642c8e2d7bd230a8f","userId":"69cd5dc642c8e2d7bd230a92"},"msg":"http_request"}
{"level":40,"time":1775169636376,"service":"flydea-api","status":403,"method":"GET","url":"/reurb/deliverables?projectId=69cef0507a1af68fe52857fa","correlationId":"eab1da3a-d72e-4c5d-ae6d-b0b47c83804f","tenantId":"69cd5dc642c8e2d7bd230a8f","userId":"69cd5dc642c8e2d7bd230a92","detail":"Acesso recusado: x-lgpd-purpose obrigatorio","msg":"http_exception"}
{"level":40,"time":1775169636377,"service":"flydea-api","http":{"method":"GET","path":"/reurb/deliverables?projectId=69cef0507a1af68fe52857fa","statusCode":403,"durationMs":2,"correlationId":"eab1da3a-d72e-4c5d-ae6d-b0b47c83804f","tenantId":"69cd5dc642c8e2d7bd230a8f","userId":"69cd5dc642c8e2d7bd230a92"},"msg":"http_request"}
{"level":40,"time":1775169640383,"service":"flydea-api","status":403,"method":"GET","url":"/reurb/pendencies?projectId=69cef0507a1af68fe52857fa","correlationId":"292d3b9c-621d-4acc-ad38-e00f92d64f51","tenantId":"69cd5dc642c8e2d7bd230a8f","userId":"69cd5dc642c8e2d7bd230a92","detail":"Acesso recusado: x-lgpd-purpose obrigatorio","msg":"http_exception"}
{"level":40,"time":1775169640383,"service":"flydea-api","http":{"method":"GET","path":"/reurb/pendencies?projectId=69cef0507a1af68fe52857fa","statusCode":403,"durationMs":1,"correlationId":"292d3b9c-621d-4acc-ad38-e00f92d64f51","tenantId":"69cd5dc642c8e2d7bd230a8f","userId":"69cd5dc642c8e2d7bd230a92"},"msg":"http_request"}
{"level":40,"time":1775169640384,"service":"flydea-api","status":403,"method":"GET","url":"/reurb/deliverables?projectId=69cef0507a1af68fe52857fa","correlationId":"da181bbe-01b6-41df-b5de-c0f82084a44e","tenantId":"69cd5dc642c8e2d7bd230a8f","userId":"69cd5dc642c8e2d7bd230a92","detail":"Acesso recusado: x-lgpd-purpose obrigatorio","msg":"http_exception"}
{"level":40,"time":1775169640385,"service":"flydea-api","http":{"method":"GET","path":"/reurb/deliverables?projectId=69cef0507a1af68fe52857fa","statusCode":403,"durationMs":1,"correlationId":"da181bbe-01b6-41df-b5de-c0f82084a44e","tenantId":"69cd5dc642c8e2d7bd230a8f","userId":"69cd5dc642c8e2d7bd230a92"},"msg":"http_request"}
{"level":40,"time":1775169656578,"service":"flydea-api","status":403,"method":"GET","url":"/reurb/pendencies?projectId=69cef0507a1af68fe52857fa","correlationId":"a4e42496-fc55-4123-b66d-1835565bc2ff","tenantId":"69cd5dc642c8e2d7bd230a8f","userId":"69ceed667a1af68fe5284447","detail":"Acesso recusado: x-lgpd-purpose obrigatorio","msg":"http_exception"}
{"level":40,"time":1775169656578,"service":"flydea-api","http":{"method":"GET","path":"/reurb/pendencies?projectId=69cef0507a1af68fe52857fa","statusCode":403,"durationMs":2,"correlationId":"a4e42496-fc55-4123-b66d-1835565bc2ff","tenantId":"69cd5dc642c8e2d7bd230a8f","userId":"69ceed667a1af68fe5284447"},"msg":"http_request"}
{"level":40,"time":1775169656583,"service":"flydea-api","status":403,"method":"GET","url":"/reurb/deliverables?projectId=69cef0507a1af68fe52857fa","correlationId":"a5f4f607-f314-4d2d-b737-85817b6c2acd","tenantId":"69cd5dc642c8e2d7bd230a8f","userId":"69ceed667a1af68fe5284447","detail":"Acesso recusado: x-lgpd-purpose obrigatorio","msg":"http_exception"}
{"level":40,"time":1775169656583,"service":"flydea-api","http":{"method":"GET","path":"/reurb/deliverables?projectId=69cef0507a1af68fe52857fa","statusCode":403,"durationMs":1,"correlationId":"a5f4f607-f314-4d2d-b737-85817b6c2acd","tenantId":"69cd5dc642c8e2d7bd230a8f","userId":"69ceed667a1af68fe5284447"},"msg":"http_request"}
{"level":40,"time":1775169657464,"service":"flydea-api","status":403,"method":"GET","url":"/reurb/pendencies?projectId=69cef0507a1af68fe52857fa","correlationId":"d5ab4422-45bd-46e9-af8a-7f00b207fac5","tenantId":"69cd5dc642c8e2d7bd230a8f","userId":"69cd5dc642c8e2d7bd230a92","detail":"Acesso recusado: x-lgpd-purpose obrigatorio","msg":"http_exception"}
{"level":40,"time":1775169657465,"service":"flydea-api","http":{"method":"GET","path":"/reurb/pendencies?projectId=69cef0507a1af68fe52857fa","statusCode":403,"durationMs":2,"correlationId":"d5ab4422-45bd-46e9-af8a-7f00b207fac5","tenantId":"69cd5dc642c8e2d7bd230a8f","userId":"69cd5dc642c8e2d7bd230a92"},"msg":"http_request"}
{"level":40,"time":1775169657468,"service":"flydea-api","status":403,"method":"GET","url":"/reurb/deliverables?projectId=69cef0507a1af68fe52857fa","correlationId":"72abc7db-453f-4706-af43-8c6bf02a365f","tenantId":"69cd5dc642c8e2d7bd230a8f","userId":"69cd5dc642c8e2d7bd230a92","detail":"Acesso recusado: x-lgpd-purpose obrigatorio","msg":"http_exception"}
{"level":40,"time":1775169657468,"service":"flydea-api","http":{"method":"GET","path":"/reurb/deliverables?projectId=69cef0507a1af68fe52857fa","statusCode":403,"durationMs":2,"correlationId":"72abc7db-453f-4706-af43-8c6bf02a365f","tenantId":"69cd5dc642c8e2d7bd230a8f","userId":"69cd5dc642c8e2d7bd230a92"},"msg":"http_request"}
{"level":40,"time":1775169658473,"service":"flydea-api","status":403,"method":"GET","url":"/reurb/pendencies?projectId=69cef0507a1af68fe52857fa","correlationId":"3aa8e3df-17a1-48fb-9352-f640f4526b7d","tenantId":"69cd5dc642c8e2d7bd230a8f","userId":"69cd5dc642c8e2d7bd230a92","detail":"Acesso recusado: x-lgpd-purpose obrigatorio","msg":"http_exception"}
{"level":40,"time":1775169658473,"service":"flydea-api","http":{"method":"GET","path":"/reurb/pendencies?projectId=69cef0507a1af68fe52857fa","statusCode":403,"durationMs":1,"correlationId":"3aa8e3df-17a1-48fb-9352-f640f4526b7d","tenantId":"69cd5dc642c8e2d7bd230a8f","userId":"69cd5dc642c8e2d7bd230a92"},"msg":"http_request"}
{"level":40,"time":1775169658474,"service":"flydea-api","status":403,"method":"GET","url":"/reurb/deliverables?projectId=69cef0507a1af68fe52857fa","correlationId":"652b0f4b-8cb1-4d0d-8cb3-bbcd1165cb62","tenantId":"69cd5dc642c8e2d7bd230a8f","userId":"69cd5dc642c8e2d7bd230a92","detail":"Acesso recusado: x-lgpd-purpose obrigatorio","msg":"http_exception"}
{"level":40,"time":1775169658475,"service":"flydea-api","http":{"method":"GET","path":"/reurb/deliverables?projectId=69cef0507a1af68fe52857fa","statusCode":403,"durationMs":2,"correlationId":"652b0f4b-8cb1-4d0d-8cb3-bbcd1165cb62","tenantId":"69cd5dc642c8e2d7bd230a8f","userId":"69cd5dc642c8e2d7bd230a92"},"msg":"http_request"}
{"level":40,"time":1775169658493,"service":"flydea-api","status":403,"method":"GET","url":"/reurb/pendencies?projectId=69cef07a7a1af68fe5285cac","correlationId":"9570db4b-4c3a-48b0-bbf7-37a5c415cd30","tenantId":"69cd5dc642c8e2d7bd230a8f","userId":"69cd5dc642c8e2d7bd230a92","detail":"Acesso recusado: x-lgpd-purpose obrigatorio","msg":"http_exception"}
{"level":40,"time":1775169658493,"service":"flydea-api","http":{"method":"GET","path":"/reurb/pendencies?projectId=69cef07a7a1af68fe5285cac","statusCode":403,"durationMs":1,"correlationId":"9570db4b-4c3a-48b0-bbf7-37a5c415cd30","tenantId":"69cd5dc642c8e2d7bd230a8f","userId":"69cd5dc642c8e2d7bd230a92"},"msg":"http_request"}
{"level":40,"time":1775169658495,"service":"flydea-api","status":403,"method":"GET","url":"/reurb/deliverables?projectId=69cef07a7a1af68fe5285cac","correlationId":"a0933d0d-b537-4300-a687-2092f4405833","tenantId":"69cd5dc642c8e2d7bd230a8f","userId":"69cd5dc642c8e2d7bd230a92","detail":"Acesso recusado: x-lgpd-purpose obrigatorio","msg":"http_exception"}
{"level":40,"time":1775169658495,"service":"flydea-api","http":{"method":"GET","path":"/reurb/deliverables?projectId=69cef07a7a1af68fe5285cac","statusCode":403,"durationMs":1,"correlationId":"a0933d0d-b537-4300-a687-2092f4405833","tenantId":"69cd5dc642c8e2d7bd230a8f","userId":"69cd5dc642c8e2d7bd230a92"},"msg":"http_request"}
{"level":40,"time":1775169659521,"service":"flydea-api","status":403,"method":"GET","url":"/reurb/pendencies?projectId=69cef07a7a1af68fe5285cac","correlationId":"c3f358fc-5c34-4b48-8cf0-1f19e45708f9","tenantId":"69cd5dc642c8e2d7bd230a8f","userId":"69cd5dc642c8e2d7bd230a92","detail":"Acesso recusado: x-lgpd-purpose obrigatorio","msg":"http_exception"}
{"level":40,"time":1775169659522,"service":"flydea-api","http":{"method":"GET","path":"/reurb/pendencies?projectId=69cef07a7a1af68fe5285cac","statusCode":403,"durationMs":2,"correlationId":"c3f358fc-5c34-4b48-8cf0-1f19e45708f9","tenantId":"69cd5dc642c8e2d7bd230a8f","userId":"69cd5dc642c8e2d7bd230a92"},"msg":"http_request"}
{"level":40,"time":1775169659523,"service":"flydea-api","status":403,"method":"GET","url":"/reurb/deliverables?projectId=69cef07a7a1af68fe5285cac","correlationId":"acc62784-f4a9-4f05-9d65-fe669e25353d","tenantId":"69cd5dc642c8e2d7bd230a8f","userId":"69cd5dc642c8e2d7bd230a92","detail":"Acesso recusado: x-lgpd-purpose obrigatorio","msg":"http_exception"}
{"level":40,"time":1775169659523,"service":"flydea-api","http":{"method":"GET","path":"/reurb/deliverables?projectId=69cef07a7a1af68fe5285cac","statusCode":403,"durationMs":1,"correlationId":"acc62784-f4a9-4f05-9d65-fe669e25353d","tenantId":"69cd5dc642c8e2d7bd230a8f","userId":"69cd5dc642c8e2d7bd230a92"},"msg":"http_request"}
{"level":50,"time":1775169660392,"service":"flydea-api","status":500,"method":"POST","url":"/reurb/cartorio/package","correlationId":"a5c52121-7dfa-4faf-910f-ef50826295f2","tenantId":"69cd5dc642c8e2d7bd230a8f","userId":"69cd5dc642c8e2d7bd230a92","detail":"Erro interno","trace":"TypeError: Cannot read properties of undefined (reading 'resolve')\n    at ReurbService.generateCartorioPackage (/Users/paulo/Documents/ubatuba-saas/apps/api/src/modules/reurb/reurb.service.ts:1297:12)","msg":"http_exception"}
{"level":50,"time":1775169660392,"service":"flydea-api","http":{"method":"POST","path":"/reurb/cartorio/package","statusCode":500,"durationMs":8,"correlationId":"a5c52121-7dfa-4faf-910f-ef50826295f2","tenantId":"69cd5dc642c8e2d7bd230a8f","userId":"69cd5dc642c8e2d7bd230a92"},"msg":"http_request"}
{"level":40,"time":1775169687659,"service":"flydea-api","status":403,"method":"GET","url":"/reurb/pendencies?projectId=69cef07a7a1af68fe5285cac","correlationId":"1d3567fd-b98c-4804-a60d-d0650388a6f5","tenantId":"69cd5dc642c8e2d7bd230a8f","userId":"69cd5dc642c8e2d7bd230a92","detail":"Acesso recusado: x-lgpd-purpose obrigatorio","msg":"http_exception"}
{"level":40,"time":1775169687660,"service":"flydea-api","http":{"method":"GET","path":"/reurb/pendencies?projectId=69cef07a7a1af68fe5285cac","statusCode":403,"durationMs":2,"correlationId":"1d3567fd-b98c-4804-a60d-d0650388a6f5","tenantId":"69cd5dc642c8e2d7bd230a8f","userId":"69cd5dc642c8e2d7bd230a92"},"msg":"http_request"}
{"level":40,"time":1775169687664,"service":"flydea-api","status":403,"method":"GET","url":"/reurb/deliverables?projectId=69cef07a7a1af68fe5285cac","correlationId":"2e61aa93-0d50-47dd-80a2-b59a7276bbe1","tenantId":"69cd5dc642c8e2d7bd230a8f","userId":"69cd5dc642c8e2d7bd230a92","detail":"Acesso recusado: x-lgpd-purpose obrigatorio","msg":"http_exception"}
{"level":40,"time":1775169687664,"service":"flydea-api","http":{"method":"GET","path":"/reurb/deliverables?projectId=69cef07a7a1af68fe5285cac","statusCode":403,"durationMs":0,"correlationId":"2e61aa93-0d50-47dd-80a2-b59a7276bbe1","tenantId":"69cd5dc642c8e2d7bd230a8f","userId":"69cd5dc642c8e2d7bd230a92"},"msg":"http_request"}
{"level":40,"time":1775169688011,"service":"flydea-api","status":403,"method":"GET","url":"/reurb/pendencies?projectId=69cef0977a1af68fe528606e","correlationId":"1df0aac6-621e-4915-8068-8ad6f1369a2b","tenantId":"69cd5dc642c8e2d7bd230a8f","userId":"69cd5dc642c8e2d7bd230a92","detail":"Acesso recusado: x-lgpd-purpose obrigatorio","msg":"http_exception"}
{"level":40,"time":1775169688011,"service":"flydea-api","http":{"method":"GET","path":"/reurb/pendencies?projectId=69cef0977a1af68fe528606e","statusCode":403,"durationMs":2,"correlationId":"1df0aac6-621e-4915-8068-8ad6f1369a2b","tenantId":"69cd5dc642c8e2d7bd230a8f","userId":"69cd5dc642c8e2d7bd230a92"},"msg":"http_request"}
{"level":40,"time":1775169688013,"service":"flydea-api","status":403,"method":"GET","url":"/reurb/deliverables?projectId=69cef0977a1af68fe528606e","correlationId":"e3dc31af-d747-4905-a7c0-32e34a6f9157","tenantId":"69cd5dc642c8e2d7bd230a8f","userId":"69cd5dc642c8e2d7bd230a92","detail":"Acesso recusado: x-lgpd-purpose obrigatorio","msg":"http_exception"}
{"level":40,"time":1775169688014,"service":"flydea-api","http":{"method":"GET","path":"/reurb/deliverables?projectId=69cef0977a1af68fe528606e","statusCode":403,"durationMs":2,"correlationId":"e3dc31af-d747-4905-a7c0-32e34a6f9157","tenantId":"69cd5dc642c8e2d7bd230a8f","userId":"69cd5dc642c8e2d7bd230a92"},"msg":"http_request"}
{"level":40,"time":1775169689016,"service":"flydea-api","status":403,"method":"GET","url":"/reurb/pendencies?projectId=69cef0977a1af68fe528606e","correlationId":"8c5db19b-9752-40a0-bfab-91c7324a16fb","tenantId":"69cd5dc642c8e2d7bd230a8f","userId":"69cd5dc642c8e2d7bd230a92","detail":"Acesso recusado: x-lgpd-purpose obrigatorio","msg":"http_exception"}
{"level":40,"time":1775169689017,"service":"flydea-api","http":{"method":"GET","path":"/reurb/pendencies?projectId=69cef0977a1af68fe528606e","statusCode":403,"durationMs":2,"correlationId":"8c5db19b-9752-40a0-bfab-91c7324a16fb","tenantId":"69cd5dc642c8e2d7bd230a8f","userId":"69cd5dc642c8e2d7bd230a92"},"msg":"http_request"}
{"level":40,"time":1775169689028,"service":"flydea-api","status":403,"method":"GET","url":"/reurb/deliverables?projectId=69cef0977a1af68fe528606e","correlationId":"dd856c4e-2471-416e-84f0-1819293dd2ed","tenantId":"69cd5dc642c8e2d7bd230a8f","userId":"69cd5dc642c8e2d7bd230a92","detail":"Acesso recusado: x-lgpd-purpose obrigatorio","msg":"http_exception"}
{"level":40,"time":1775169689028,"service":"flydea-api","http":{"method":"GET","path":"/reurb/deliverables?projectId=69cef0977a1af68fe528606e","statusCode":403,"durationMs":1,"correlationId":"dd856c4e-2471-416e-84f0-1819293dd2ed","tenantId":"69cd5dc642c8e2d7bd230a8f","userId":"69cd5dc642c8e2d7bd230a92"},"msg":"http_request"}
{"level":50,"time":1775169689874,"service":"flydea-api","status":500,"method":"POST","url":"/reurb/cartorio/package","correlationId":"7aaceb6f-af69-49e9-9648-292f04294439","tenantId":"69cd5dc642c8e2d7bd230a8f","userId":"69cd5dc642c8e2d7bd230a92","detail":"Erro interno","trace":"TypeError: Cannot read properties of undefined (reading 'resolve')\n    at ReurbService.generateCartorioPackage (/Users/paulo/Documents/ubatuba-saas/apps/api/src/modules/reurb/reurb.service.ts:1297:12)","msg":"http_exception"}
{"level":50,"time":1775169689874,"service":"flydea-api","http":{"method":"POST","path":"/reurb/cartorio/package","statusCode":500,"durationMs":9,"correlationId":"7aaceb6f-af69-49e9-9648-292f04294439","tenantId":"69cd5dc642c8e2d7bd230a8f","userId":"69cd5dc642c8e2d7bd230a92"},"msg":"http_request"}
{"level":40,"time":1775169690831,"service":"flydea-api","status":403,"method":"GET","url":"/reurb/pendencies?projectId=69cef0977a1af68fe528606e","correlationId":"e0e8b42d-f894-49ab-a0a1-6fa43ad678e6","tenantId":"69cd5dc642c8e2d7bd230a8f","userId":"69ceed667a1af68fe5284447","detail":"Acesso recusado: x-lgpd-purpose obrigatorio","msg":"http_exception"}
{"level":40,"time":1775169690832,"service":"flydea-api","http":{"method":"GET","path":"/reurb/pendencies?projectId=69cef0977a1af68fe528606e","statusCode":403,"durationMs":1,"correlationId":"e0e8b42d-f894-49ab-a0a1-6fa43ad678e6","tenantId":"69cd5dc642c8e2d7bd230a8f","userId":"69ceed667a1af68fe5284447"},"msg":"http_request"}
{"level":40,"time":1775169690833,"service":"flydea-api","status":403,"method":"GET","url":"/reurb/deliverables?projectId=69cef0977a1af68fe528606e","correlationId":"5c2cc13a-d057-46b4-b086-58843b0b3742","tenantId":"69cd5dc642c8e2d7bd230a8f","userId":"69ceed667a1af68fe5284447","detail":"Acesso recusado: x-lgpd-purpose obrigatorio","msg":"http_exception"}
{"level":40,"time":1775169690833,"service":"flydea-api","http":{"method":"GET","path":"/reurb/deliverables?projectId=69cef0977a1af68fe528606e","statusCode":403,"durationMs":1,"correlationId":"5c2cc13a-d057-46b4-b086-58843b0b3742","tenantId":"69cd5dc642c8e2d7bd230a8f","userId":"69ceed667a1af68fe5284447"},"msg":"http_request"}
{"level":40,"time":1775169691838,"service":"flydea-api","status":403,"method":"GET","url":"/reurb/pendencies?projectId=69cef0977a1af68fe528606e","correlationId":"6732498f-82c5-4da4-80ed-c4782b47feaa","tenantId":"69cd5dc642c8e2d7bd230a8f","userId":"69ceed667a1af68fe5284447","detail":"Acesso recusado: x-lgpd-purpose obrigatorio","msg":"http_exception"}
{"level":40,"time":1775169691838,"service":"flydea-api","http":{"method":"GET","path":"/reurb/pendencies?projectId=69cef0977a1af68fe528606e","statusCode":403,"durationMs":2,"correlationId":"6732498f-82c5-4da4-80ed-c4782b47feaa","tenantId":"69cd5dc642c8e2d7bd230a8f","userId":"69ceed667a1af68fe5284447"},"msg":"http_request"}
{"level":40,"time":1775169691839,"service":"flydea-api","status":403,"method":"GET","url":"/reurb/deliverables?projectId=69cef0977a1af68fe528606e","correlationId":"4aa63aa1-d39b-4a38-b401-d592bd0f2ad6","tenantId":"69cd5dc642c8e2d7bd230a8f","userId":"69ceed667a1af68fe5284447","detail":"Acesso recusado: x-lgpd-purpose obrigatorio","msg":"http_exception"}
{"level":40,"time":1775169691840,"service":"flydea-api","http":{"method":"GET","path":"/reurb/deliverables?projectId=69cef0977a1af68fe528606e","statusCode":403,"durationMs":2,"correlationId":"4aa63aa1-d39b-4a38-b401-d592bd0f2ad6","tenantId":"69cd5dc642c8e2d7bd230a8f","userId":"69ceed667a1af68fe5284447"},"msg":"http_request"}
{"level":40,"time":1775169693845,"service":"flydea-api","status":403,"method":"GET","url":"/reurb/pendencies?projectId=69cef0977a1af68fe528606e","correlationId":"96b9aa17-40c8-4655-afe7-b0c40eb24d41","tenantId":"69cd5dc642c8e2d7bd230a8f","userId":"69ceed667a1af68fe5284447","detail":"Acesso recusado: x-lgpd-purpose obrigatorio","msg":"http_exception"}
{"level":40,"time":1775169693846,"service":"flydea-api","http":{"method":"GET","path":"/reurb/pendencies?projectId=69cef0977a1af68fe528606e","statusCode":403,"durationMs":2,"correlationId":"96b9aa17-40c8-4655-afe7-b0c40eb24d41","tenantId":"69cd5dc642c8e2d7bd230a8f","userId":"69ceed667a1af68fe5284447"},"msg":"http_request"}
{"level":40,"time":1775169693847,"service":"flydea-api","status":403,"method":"GET","url":"/reurb/deliverables?projectId=69cef0977a1af68fe528606e","correlationId":"4c31ed13-c2c9-4476-af13-c1a0083e4c56","tenantId":"69cd5dc642c8e2d7bd230a8f","userId":"69ceed667a1af68fe5284447","detail":"Acesso recusado: x-lgpd-purpose obrigatorio","msg":"http_exception"}
{"level":40,"time":1775169693847,"service":"flydea-api","http":{"method":"GET","path":"/reurb/deliverables?projectId=69cef0977a1af68fe528606e","statusCode":403,"durationMs":1,"correlationId":"4c31ed13-c2c9-4476-af13-c1a0083e4c56","tenantId":"69cd5dc642c8e2d7bd230a8f","userId":"69ceed667a1af68fe5284447"},"msg":"http_request"}
{"level":40,"time":1775169697853,"service":"flydea-api","status":403,"method":"GET","url":"/reurb/pendencies?projectId=69cef0977a1af68fe528606e","correlationId":"08cf57d9-bd7a-4d76-9fe2-fc660195a05c","tenantId":"69cd5dc642c8e2d7bd230a8f","userId":"69ceed667a1af68fe5284447","detail":"Acesso recusado: x-lgpd-purpose obrigatorio","msg":"http_exception"}
{"level":40,"time":1775169697854,"service":"flydea-api","http":{"method":"GET","path":"/reurb/pendencies?projectId=69cef0977a1af68fe528606e","statusCode":403,"durationMs":2,"correlationId":"08cf57d9-bd7a-4d76-9fe2-fc660195a05c","tenantId":"69cd5dc642c8e2d7bd230a8f","userId":"69ceed667a1af68fe5284447"},"msg":"http_request"}
{"level":40,"time":1775169697855,"service":"flydea-api","status":403,"method":"GET","url":"/reurb/deliverables?projectId=69cef0977a1af68fe528606e","correlationId":"6df95e16-774a-4f7e-852e-e1d3fb072365","tenantId":"69cd5dc642c8e2d7bd230a8f","userId":"69ceed667a1af68fe5284447","detail":"Acesso recusado: x-lgpd-purpose obrigatorio","msg":"http_exception"}
{"level":40,"time":1775169697856,"service":"flydea-api","http":{"method":"GET","path":"/reurb/deliverables?projectId=69cef0977a1af68fe528606e","statusCode":403,"durationMs":2,"correlationId":"6df95e16-774a-4f7e-852e-e1d3fb072365","tenantId":"69cd5dc642c8e2d7bd230a8f","userId":"69ceed667a1af68fe5284447"},"msg":"http_request"}
{"level":40,"time":1775169703021,"service":"flydea-api","status":403,"method":"GET","url":"/reurb/pendencies?projectId=69cef0977a1af68fe528606e","correlationId":"6c6ea960-fe98-4618-a2ce-c89d6cd9f7c3","tenantId":"69cd5dc642c8e2d7bd230a8f","userId":"69cd5dc642c8e2d7bd230a92","detail":"Acesso recusado: x-lgpd-purpose obrigatorio","msg":"http_exception"}
{"level":40,"time":1775169703027,"service":"flydea-api","http":{"method":"GET","path":"/reurb/pendencies?projectId=69cef0977a1af68fe528606e","statusCode":403,"durationMs":7,"correlationId":"6c6ea960-fe98-4618-a2ce-c89d6cd9f7c3","tenantId":"69cd5dc642c8e2d7bd230a8f","userId":"69cd5dc642c8e2d7bd230a92"},"msg":"http_request"}
{"level":40,"time":1775169703033,"service":"flydea-api","status":403,"method":"GET","url":"/reurb/deliverables?projectId=69cef0977a1af68fe528606e","correlationId":"5d2d8a95-4440-4095-be53-b724026bc799","tenantId":"69cd5dc642c8e2d7bd230a8f","userId":"69cd5dc642c8e2d7bd230a92","detail":"Acesso recusado: x-lgpd-purpose obrigatorio","msg":"http_exception"}
{"level":40,"time":1775169703033,"service":"flydea-api","http":{"method":"GET","path":"/reurb/deliverables?projectId=69cef0977a1af68fe528606e","statusCode":403,"durationMs":1,"correlationId":"5d2d8a95-4440-4095-be53-b724026bc799","tenantId":"69cd5dc642c8e2d7bd230a8f","userId":"69cd5dc642c8e2d7bd230a92"},"msg":"http_request"}
{"level":40,"time":1775169704035,"service":"flydea-api","status":403,"method":"GET","url":"/reurb/pendencies?projectId=69cef0977a1af68fe528606e","correlationId":"ae0c766f-e7e8-4d1d-9d81-28b044bacb0c","tenantId":"69cd5dc642c8e2d7bd230a8f","userId":"69cd5dc642c8e2d7bd230a92","detail":"Acesso recusado: x-lgpd-purpose obrigatorio","msg":"http_exception"}
{"level":40,"time":1775169704035,"service":"flydea-api","http":{"method":"GET","path":"/reurb/pendencies?projectId=69cef0977a1af68fe528606e","statusCode":403,"durationMs":1,"correlationId":"ae0c766f-e7e8-4d1d-9d81-28b044bacb0c","tenantId":"69cd5dc642c8e2d7bd230a8f","userId":"69cd5dc642c8e2d7bd230a92"},"msg":"http_request"}
{"level":40,"time":1775169704039,"service":"flydea-api","status":403,"method":"GET","url":"/reurb/deliverables?projectId=69cef0977a1af68fe528606e","correlationId":"9c7d950a-6630-4835-954f-3a4e47c6c1a5","tenantId":"69cd5dc642c8e2d7bd230a8f","userId":"69cd5dc642c8e2d7bd230a92","detail":"Acesso recusado: x-lgpd-purpose obrigatorio","msg":"http_exception"}
{"level":40,"time":1775169704039,"service":"flydea-api","http":{"method":"GET","path":"/reurb/deliverables?projectId=69cef0977a1af68fe528606e","statusCode":403,"durationMs":1,"correlationId":"9c7d950a-6630-4835-954f-3a4e47c6c1a5","tenantId":"69cd5dc642c8e2d7bd230a8f","userId":"69cd5dc642c8e2d7bd230a92"},"msg":"http_request"}
{"level":40,"time":1775169706043,"service":"flydea-api","status":403,"method":"GET","url":"/reurb/pendencies?projectId=69cef0977a1af68fe528606e","correlationId":"7abe14bc-ddb4-49e9-8544-1c63e77f12d7","tenantId":"69cd5dc642c8e2d7bd230a8f","userId":"69cd5dc642c8e2d7bd230a92","detail":"Acesso recusado: x-lgpd-purpose obrigatorio","msg":"http_exception"}
{"level":40,"time":1775169706044,"service":"flydea-api","http":{"method":"GET","path":"/reurb/pendencies?projectId=69cef0977a1af68fe528606e","statusCode":403,"durationMs":3,"correlationId":"7abe14bc-ddb4-49e9-8544-1c63e77f12d7","tenantId":"69cd5dc642c8e2d7bd230a8f","userId":"69cd5dc642c8e2d7bd230a92"},"msg":"http_request"}
{"level":40,"time":1775169706045,"service":"flydea-api","status":403,"method":"GET","url":"/reurb/deliverables?projectId=69cef0977a1af68fe528606e","correlationId":"5d67f545-17c1-4c60-88c9-e90593c38624","tenantId":"69cd5dc642c8e2d7bd230a8f","userId":"69cd5dc642c8e2d7bd230a92","detail":"Acesso recusado: x-lgpd-purpose obrigatorio","msg":"http_exception"}
{"level":40,"time":1775169706045,"service":"flydea-api","http":{"method":"GET","path":"/reurb/deliverables?projectId=69cef0977a1af68fe528606e","statusCode":403,"durationMs":1,"correlationId":"5d67f545-17c1-4c60-88c9-e90593c38624","tenantId":"69cd5dc642c8e2d7bd230a8f","userId":"69cd5dc642c8e2d7bd230a92"},"msg":"http_request"}
{"level":40,"time":1775169710050,"service":"flydea-api","status":403,"method":"GET","url":"/reurb/pendencies?projectId=69cef0977a1af68fe528606e","correlationId":"029cd597-0ed4-4dbf-9e8e-b88bc1f038a3","tenantId":"69cd5dc642c8e2d7bd230a8f","userId":"69cd5dc642c8e2d7bd230a92","detail":"Acesso recusado: x-lgpd-purpose obrigatorio","msg":"http_exception"}
{"level":40,"time":1775169710050,"service":"flydea-api","http":{"method":"GET","path":"/reurb/pendencies?projectId=69cef0977a1af68fe528606e","statusCode":403,"durationMs":1,"correlationId":"029cd597-0ed4-4dbf-9e8e-b88bc1f038a3","tenantId":"69cd5dc642c8e2d7bd230a8f","userId":"69cd5dc642c8e2d7bd230a92"},"msg":"http_request"}
{"level":40,"time":1775169710052,"service":"flydea-api","status":403,"method":"GET","url":"/reurb/deliverables?projectId=69cef0977a1af68fe528606e","correlationId":"02084a71-f338-4838-ab6f-14b7ef77d1c8","tenantId":"69cd5dc642c8e2d7bd230a8f","userId":"69cd5dc642c8e2d7bd230a92","detail":"Acesso recusado: x-lgpd-purpose obrigatorio","msg":"http_exception"}
{"level":40,"time":1775169710052,"service":"flydea-api","http":{"method":"GET","path":"/reurb/deliverables?projectId=69cef0977a1af68fe528606e","statusCode":403,"durationMs":1,"correlationId":"02084a71-f338-4838-ab6f-14b7ef77d1c8","tenantId":"69cd5dc642c8e2d7bd230a8f","userId":"69cd5dc642c8e2d7bd230a92"},"msg":"http_request"}
{"level":40,"time":1775169759229,"service":"flydea-api","status":403,"method":"GET","url":"/reurb/pendencies?projectId=69cef0977a1af68fe528606e","correlationId":"4576c53f-9648-420f-bcac-e408037ce502","tenantId":"69cd5dc642c8e2d7bd230a8f","userId":"69cd5dc642c8e2d7bd230a92","detail":"Acesso recusado: x-lgpd-purpose obrigatorio","msg":"http_exception"}
{"level":40,"time":1775169759232,"service":"flydea-api","http":{"method":"GET","path":"/reurb/pendencies?projectId=69cef0977a1af68fe528606e","statusCode":403,"durationMs":5,"correlationId":"4576c53f-9648-420f-bcac-e408037ce502","tenantId":"69cd5dc642c8e2d7bd230a8f","userId":"69cd5dc642c8e2d7bd230a92"},"msg":"http_request"}
{"level":40,"time":1775169759243,"service":"flydea-api","status":403,"method":"GET","url":"/reurb/deliverables?projectId=69cef0977a1af68fe528606e","correlationId":"3765d71e-1186-4e18-860a-c2a201360ebf","tenantId":"69cd5dc642c8e2d7bd230a8f","userId":"69cd5dc642c8e2d7bd230a92","detail":"Acesso recusado: x-lgpd-purpose obrigatorio","msg":"http_exception"}
{"level":40,"time":1775169759243,"service":"flydea-api","http":{"method":"GET","path":"/reurb/deliverables?projectId=69cef0977a1af68fe528606e","statusCode":403,"durationMs":1,"correlationId":"3765d71e-1186-4e18-860a-c2a201360ebf","tenantId":"69cd5dc642c8e2d7bd230a8f","userId":"69cd5dc642c8e2d7bd230a92"},"msg":"http_request"}
{"level":40,"time":1775169759570,"service":"flydea-api","status":403,"method":"GET","url":"/reurb/pendencies?projectId=69cef0df7a1af68fe528652d","correlationId":"120465fd-1f48-465b-8f3e-71f315abda24","tenantId":"69cd5dc642c8e2d7bd230a8f","userId":"69cd5dc642c8e2d7bd230a92","detail":"Acesso recusado: x-lgpd-purpose obrigatorio","msg":"http_exception"}
{"level":40,"time":1775169759570,"service":"flydea-api","http":{"method":"GET","path":"/reurb/pendencies?projectId=69cef0df7a1af68fe528652d","statusCode":403,"durationMs":1,"correlationId":"120465fd-1f48-465b-8f3e-71f315abda24","tenantId":"69cd5dc642c8e2d7bd230a8f","userId":"69cd5dc642c8e2d7bd230a92"},"msg":"http_request"}
{"level":40,"time":1775169759573,"service":"flydea-api","status":403,"method":"GET","url":"/reurb/deliverables?projectId=69cef0df7a1af68fe528652d","correlationId":"5c2b89d5-345b-43f5-b397-eddec571db13","tenantId":"69cd5dc642c8e2d7bd230a8f","userId":"69cd5dc642c8e2d7bd230a92","detail":"Acesso recusado: x-lgpd-purpose obrigatorio","msg":"http_exception"}
{"level":40,"time":1775169759574,"service":"flydea-api","http":{"method":"GET","path":"/reurb/deliverables?projectId=69cef0df7a1af68fe528652d","statusCode":403,"durationMs":3,"correlationId":"5c2b89d5-345b-43f5-b397-eddec571db13","tenantId":"69cd5dc642c8e2d7bd230a8f","userId":"69cd5dc642c8e2d7bd230a92"},"msg":"http_request"}
{"level":40,"time":1775169760581,"service":"flydea-api","status":403,"method":"GET","url":"/reurb/pendencies?projectId=69cef0df7a1af68fe528652d","correlationId":"c3c75b3a-e967-45ed-9320-01e81b8dfbcf","tenantId":"69cd5dc642c8e2d7bd230a8f","userId":"69cd5dc642c8e2d7bd230a92","detail":"Acesso recusado: x-lgpd-purpose obrigatorio","msg":"http_exception"}
{"level":40,"time":1775169760581,"service":"flydea-api","http":{"method":"GET","path":"/reurb/pendencies?projectId=69cef0df7a1af68fe528652d","statusCode":403,"durationMs":1,"correlationId":"c3c75b3a-e967-45ed-9320-01e81b8dfbcf","tenantId":"69cd5dc642c8e2d7bd230a8f","userId":"69cd5dc642c8e2d7bd230a92"},"msg":"http_request"}
{"level":40,"time":1775169760604,"service":"flydea-api","status":403,"method":"GET","url":"/reurb/deliverables?projectId=69cef0df7a1af68fe528652d","correlationId":"4f41ee43-35d4-4763-846c-6165fe520ba9","tenantId":"69cd5dc642c8e2d7bd230a8f","userId":"69cd5dc642c8e2d7bd230a92","detail":"Acesso recusado: x-lgpd-purpose obrigatorio","msg":"http_exception"}
{"level":40,"time":1775169760604,"service":"flydea-api","http":{"method":"GET","path":"/reurb/deliverables?projectId=69cef0df7a1af68fe528652d","statusCode":403,"durationMs":1,"correlationId":"4f41ee43-35d4-4763-846c-6165fe520ba9","tenantId":"69cd5dc642c8e2d7bd230a8f","userId":"69cd5dc642c8e2d7bd230a92"},"msg":"http_request"}
{"level":50,"time":1775169761474,"service":"flydea-api","status":500,"method":"POST","url":"/reurb/cartorio/package","correlationId":"d3d833af-1f03-40f9-90f5-23617c2a6b34","tenantId":"69cd5dc642c8e2d7bd230a8f","userId":"69cd5dc642c8e2d7bd230a92","detail":"Erro interno","trace":"TypeError: Cannot read properties of undefined (reading 'resolve')\n    at ReurbService.generateCartorioPackage (/Users/paulo/Documents/ubatuba-saas/apps/api/src/modules/reurb/reurb.service.ts:1297:12)","msg":"http_exception"}
{"level":50,"time":1775169761474,"service":"flydea-api","http":{"method":"POST","path":"/reurb/cartorio/package","statusCode":500,"durationMs":11,"correlationId":"d3d833af-1f03-40f9-90f5-23617c2a6b34","tenantId":"69cd5dc642c8e2d7bd230a8f","userId":"69cd5dc642c8e2d7bd230a92"},"msg":"http_request"}
{"level":40,"time":1775169762508,"service":"flydea-api","status":403,"method":"GET","url":"/reurb/pendencies?projectId=69cef0df7a1af68fe528652d","correlationId":"e129b480-ebe2-4a63-bafe-f238c963e936","tenantId":"69cd5dc642c8e2d7bd230a8f","userId":"69ceed667a1af68fe5284447","detail":"Acesso recusado: x-lgpd-purpose obrigatorio","msg":"http_exception"}
{"level":40,"time":1775169762508,"service":"flydea-api","http":{"method":"GET","path":"/reurb/pendencies?projectId=69cef0df7a1af68fe528652d","statusCode":403,"durationMs":2,"correlationId":"e129b480-ebe2-4a63-bafe-f238c963e936","tenantId":"69cd5dc642c8e2d7bd230a8f","userId":"69ceed667a1af68fe5284447"},"msg":"http_request"}
{"level":40,"time":1775169762515,"service":"flydea-api","status":403,"method":"GET","url":"/reurb/deliverables?projectId=69cef0df7a1af68fe528652d","correlationId":"6ff76d07-58bc-45ff-b26b-68d6947ab58a","tenantId":"69cd5dc642c8e2d7bd230a8f","userId":"69ceed667a1af68fe5284447","detail":"Acesso recusado: x-lgpd-purpose obrigatorio","msg":"http_exception"}
{"level":40,"time":1775169762516,"service":"flydea-api","http":{"method":"GET","path":"/reurb/deliverables?projectId=69cef0df7a1af68fe528652d","statusCode":403,"durationMs":7,"correlationId":"6ff76d07-58bc-45ff-b26b-68d6947ab58a","tenantId":"69cd5dc642c8e2d7bd230a8f","userId":"69ceed667a1af68fe5284447"},"msg":"http_request"}
{"level":40,"time":1775169763804,"service":"flydea-api","status":403,"method":"GET","url":"/reurb/deliverables?projectId=69cef0df7a1af68fe528652d","correlationId":"819aefad-c199-4010-838d-38b2e5b8156e","tenantId":"69cd5dc642c8e2d7bd230a8f","userId":"69cd5dc642c8e2d7bd230a92","detail":"Acesso recusado: x-lgpd-purpose obrigatorio","msg":"http_exception"}
{"level":40,"time":1775169763804,"service":"flydea-api","http":{"method":"GET","path":"/reurb/deliverables?projectId=69cef0df7a1af68fe528652d","statusCode":403,"durationMs":1,"correlationId":"819aefad-c199-4010-838d-38b2e5b8156e","tenantId":"69cd5dc642c8e2d7bd230a8f","userId":"69cd5dc642c8e2d7bd230a92"},"msg":"http_request"}
{"level":40,"time":1775169763805,"service":"flydea-api","status":403,"method":"GET","url":"/reurb/pendencies?projectId=69cef0df7a1af68fe528652d","correlationId":"553fb5be-7f7b-4e9e-8747-dfd69888212b","tenantId":"69cd5dc642c8e2d7bd230a8f","userId":"69cd5dc642c8e2d7bd230a92","detail":"Acesso recusado: x-lgpd-purpose obrigatorio","msg":"http_exception"}
{"level":40,"time":1775169763806,"service":"flydea-api","http":{"method":"GET","path":"/reurb/pendencies?projectId=69cef0df7a1af68fe528652d","statusCode":403,"durationMs":2,"correlationId":"553fb5be-7f7b-4e9e-8747-dfd69888212b","tenantId":"69cd5dc642c8e2d7bd230a8f","userId":"69cd5dc642c8e2d7bd230a92"},"msg":"http_request"}
{"level":40,"time":1775169764272,"service":"flydea-api","status":403,"method":"GET","url":"/reurb/pendencies?projectId=69cef0e37a1af68fe5286969","correlationId":"4c99be09-3f1f-4957-a14e-51faaaea8b62","tenantId":"69cd5dc642c8e2d7bd230a8f","userId":"69cd5dc642c8e2d7bd230a92","detail":"Acesso recusado: x-lgpd-purpose obrigatorio","msg":"http_exception"}
{"level":40,"time":1775169764273,"service":"flydea-api","http":{"method":"GET","path":"/reurb/pendencies?projectId=69cef0e37a1af68fe5286969","statusCode":403,"durationMs":2,"correlationId":"4c99be09-3f1f-4957-a14e-51faaaea8b62","tenantId":"69cd5dc642c8e2d7bd230a8f","userId":"69cd5dc642c8e2d7bd230a92"},"msg":"http_request"}
{"level":40,"time":1775169764275,"service":"flydea-api","status":403,"method":"GET","url":"/reurb/deliverables?projectId=69cef0e37a1af68fe5286969","correlationId":"fbd96f92-15d1-4dde-b903-c346fdcfa8ab","tenantId":"69cd5dc642c8e2d7bd230a8f","userId":"69cd5dc642c8e2d7bd230a92","detail":"Acesso recusado: x-lgpd-purpose obrigatorio","msg":"http_exception"}
{"level":40,"time":1775169764275,"service":"flydea-api","http":{"method":"GET","path":"/reurb/deliverables?projectId=69cef0e37a1af68fe5286969","statusCode":403,"durationMs":2,"correlationId":"fbd96f92-15d1-4dde-b903-c346fdcfa8ab","tenantId":"69cd5dc642c8e2d7bd230a8f","userId":"69cd5dc642c8e2d7bd230a92"},"msg":"http_request"}
{"level":40,"time":1775169765278,"service":"flydea-api","status":403,"method":"GET","url":"/reurb/pendencies?projectId=69cef0e37a1af68fe5286969","correlationId":"f8f17bd3-2656-4797-a298-0e9d886cbfb0","tenantId":"69cd5dc642c8e2d7bd230a8f","userId":"69cd5dc642c8e2d7bd230a92","detail":"Acesso recusado: x-lgpd-purpose obrigatorio","msg":"http_exception"}
{"level":40,"time":1775169765279,"service":"flydea-api","http":{"method":"GET","path":"/reurb/pendencies?projectId=69cef0e37a1af68fe5286969","statusCode":403,"durationMs":1,"correlationId":"f8f17bd3-2656-4797-a298-0e9d886cbfb0","tenantId":"69cd5dc642c8e2d7bd230a8f","userId":"69cd5dc642c8e2d7bd230a92"},"msg":"http_request"}
{"level":40,"time":1775169765280,"service":"flydea-api","status":403,"method":"GET","url":"/reurb/deliverables?projectId=69cef0e37a1af68fe5286969","correlationId":"d7d9349f-cb8d-4f14-bfcd-c535f4d4a98f","tenantId":"69cd5dc642c8e2d7bd230a8f","userId":"69cd5dc642c8e2d7bd230a92","detail":"Acesso recusado: x-lgpd-purpose obrigatorio","msg":"http_exception"}
{"level":40,"time":1775169765281,"service":"flydea-api","http":{"method":"GET","path":"/reurb/deliverables?projectId=69cef0e37a1af68fe5286969","statusCode":403,"durationMs":2,"correlationId":"d7d9349f-cb8d-4f14-bfcd-c535f4d4a98f","tenantId":"69cd5dc642c8e2d7bd230a8f","userId":"69cd5dc642c8e2d7bd230a92"},"msg":"http_request"}
{"level":50,"time":1775169766637,"service":"flydea-api","status":500,"method":"POST","url":"/reurb/cartorio/package","correlationId":"59540986-a97f-4aec-a8da-fa8f9b812b5b","tenantId":"69cd5dc642c8e2d7bd230a8f","userId":"69cd5dc642c8e2d7bd230a92","detail":"Erro interno","trace":"TypeError: Cannot read properties of undefined (reading 'resolve')\n    at ReurbService.generateCartorioPackage (/Users/paulo/Documents/ubatuba-saas/apps/api/src/modules/reurb/reurb.service.ts:1297:12)","msg":"http_exception"}
{"level":50,"time":1775169766637,"service":"flydea-api","http":{"method":"POST","path":"/reurb/cartorio/package","statusCode":500,"durationMs":10,"correlationId":"59540986-a97f-4aec-a8da-fa8f9b812b5b","tenantId":"69cd5dc642c8e2d7bd230a8f","userId":"69cd5dc642c8e2d7bd230a92"},"msg":"http_request"}
{"level":40,"time":1775182804557,"service":"flydea-api","status":401,"method":"GET","url":"/dashboard/kpis","correlationId":"5afcb000-699c-464c-a1e3-b43e59ee7c25","tenantId":null,"userId":null,"detail":"Token invalido","msg":"http_exception"}
{"level":40,"time":1775182804562,"service":"flydea-api","http":{"method":"GET","path":"/dashboard/kpis","statusCode":401,"durationMs":33,"correlationId":"5afcb000-699c-464c-a1e3-b43e59ee7c25","tenantId":"69cd5dc642c8e2d7bd230a8f","userId":null},"msg":"http_request"}
{"level":40,"time":1775182804567,"service":"flydea-api","status":401,"method":"GET","url":"/dashboard/executive","correlationId":"4f87734e-04e8-42b2-b50b-b8584a6c4c80","tenantId":null,"userId":null,"detail":"Token invalido","msg":"http_exception"}
{"level":40,"time":1775182804570,"service":"flydea-api","http":{"method":"GET","path":"/dashboard/executive","statusCode":401,"durationMs":4,"correlationId":"4f87734e-04e8-42b2-b50b-b8584a6c4c80","tenantId":"69cd5dc642c8e2d7bd230a8f","userId":null},"msg":"http_request"}
{"level":40,"time":1775182804584,"service":"flydea-api","status":401,"method":"GET","url":"/dashboard/layout","correlationId":"677ae156-b233-43be-b1cb-28f567b0a209","tenantId":null,"userId":null,"detail":"Token invalido","msg":"http_exception"}
{"level":40,"time":1775182804585,"service":"flydea-api","http":{"method":"GET","path":"/dashboard/layout","statusCode":401,"durationMs":3,"correlationId":"677ae156-b233-43be-b1cb-28f567b0a209","tenantId":"69cd5dc642c8e2d7bd230a8f","userId":null},"msg":"http_request"}
{"level":40,"time":1775182858544,"service":"flydea-api","status":401,"method":"GET","url":"/mobile/dashboard","correlationId":"0b9b331a-92b0-4317-a2a3-4b28d7cb98be","tenantId":null,"userId":null,"detail":"Token invalido","msg":"http_exception"}
{"level":40,"time":1775182858545,"service":"flydea-api","http":{"method":"GET","path":"/mobile/dashboard","statusCode":401,"durationMs":10,"correlationId":"0b9b331a-92b0-4317-a2a3-4b28d7cb98be","tenantId":"69cd5dc642c8e2d7bd230a8f","userId":null},"msg":"http_request"}
{"level":40,"time":1775182858547,"service":"flydea-api","status":401,"method":"GET","url":"/mobile/ctm-sync","correlationId":"44a9d5bb-6119-41f5-bd3a-40438bf4de27","tenantId":null,"userId":null,"detail":"Token invalido","msg":"http_exception"}
{"level":40,"time":1775182858548,"service":"flydea-api","http":{"method":"GET","path":"/mobile/ctm-sync","statusCode":401,"durationMs":2,"correlationId":"44a9d5bb-6119-41f5-bd3a-40438bf4de27","tenantId":"69cd5dc642c8e2d7bd230a8f","userId":null},"msg":"http_request"}
{"level":40,"time":1775182858552,"service":"flydea-api","status":401,"method":"GET","url":"/mobile/ctm-sync","correlationId":"47bd5c22-d8d6-45f0-9ceb-16f7b3a56931","tenantId":null,"userId":null,"detail":"Token invalido","msg":"http_exception"}
{"level":40,"time":1775182858553,"service":"flydea-api","http":{"method":"GET","path":"/mobile/ctm-sync","statusCode":401,"durationMs":2,"correlationId":"47bd5c22-d8d6-45f0-9ceb-16f7b3a56931","tenantId":"69cd5dc642c8e2d7bd230a8f","userId":null},"msg":"http_request"}
{"level":40,"time":1775182858555,"service":"flydea-api","status":401,"method":"GET","url":"/mobile/dashboard","correlationId":"f541c511-9433-4e9a-af3d-051c66c563bc","tenantId":null,"userId":null,"detail":"Token invalido","msg":"http_exception"}
{"level":40,"time":1775182858555,"service":"flydea-api","http":{"method":"GET","path":"/mobile/dashboard","statusCode":401,"durationMs":2,"correlationId":"f541c511-9433-4e9a-af3d-051c66c563bc","tenantId":"69cd5dc642c8e2d7bd230a8f","userId":null},"msg":"http_request"}
{"level":40,"time":1775182871285,"service":"flydea-api","status":401,"method":"GET","url":"/mobile/ctm-sync","correlationId":"a179e2e2-2aa5-401d-ae63-9bd976fe8385","tenantId":null,"userId":null,"detail":"Token invalido","msg":"http_exception"}
{"level":40,"time":1775182871286,"service":"flydea-api","http":{"method":"GET","path":"/mobile/ctm-sync","statusCode":401,"durationMs":10,"correlationId":"a179e2e2-2aa5-401d-ae63-9bd976fe8385","tenantId":"69cd5dc642c8e2d7bd230a8f","userId":null},"msg":"http_request"}
{"level":40,"time":1775182871297,"service":"flydea-api","status":401,"method":"GET","url":"/mobile/dashboard","correlationId":"d14348ea-ab9c-4da8-bfcf-a424a3a51d10","tenantId":null,"userId":null,"detail":"Token invalido","msg":"http_exception"}
{"level":40,"time":1775182871297,"service":"flydea-api","http":{"method":"GET","path":"/mobile/dashboard","statusCode":401,"durationMs":1,"correlationId":"d14348ea-ab9c-4da8-bfcf-a424a3a51d10","tenantId":"69cd5dc642c8e2d7bd230a8f","userId":null},"msg":"http_request"}
{"level":40,"time":1775182871301,"service":"flydea-api","status":401,"method":"GET","url":"/mobile/ctm-sync","correlationId":"a43e26ac-a868-4aff-a046-945ec3d8bef6","tenantId":null,"userId":null,"detail":"Token invalido","msg":"http_exception"}
{"level":40,"time":1775182871302,"service":"flydea-api","http":{"method":"GET","path":"/mobile/ctm-sync","statusCode":401,"durationMs":3,"correlationId":"a43e26ac-a868-4aff-a046-945ec3d8bef6","tenantId":"69cd5dc642c8e2d7bd230a8f","userId":null},"msg":"http_request"}
{"level":40,"time":1775182871326,"service":"flydea-api","status":401,"method":"GET","url":"/mobile/dashboard","correlationId":"9053d791-7390-4a18-a263-a6277624e85c","tenantId":null,"userId":null,"detail":"Token invalido","msg":"http_exception"}
{"level":40,"time":1775182871327,"service":"flydea-api","http":{"method":"GET","path":"/mobile/dashboard","statusCode":401,"durationMs":2,"correlationId":"9053d791-7390-4a18-a263-a6277624e85c","tenantId":"69cd5dc642c8e2d7bd230a8f","userId":null},"msg":"http_request"}
{"level":40,"time":1775182871349,"service":"flydea-api","status":401,"method":"POST","url":"/auth/refresh","correlationId":"3517ca25-18f1-4d3b-952c-76a768e2b1b3","tenantId":null,"userId":null,"detail":"Refresh invalido","msg":"http_exception"}
{"level":40,"time":1775182871350,"service":"flydea-api","http":{"method":"POST","path":"/auth/refresh","statusCode":401,"durationMs":12,"correlationId":"3517ca25-18f1-4d3b-952c-76a768e2b1b3","tenantId":null,"userId":null},"msg":"http_request"}
{"level":40,"time":1775182882333,"service":"flydea-api","status":401,"method":"GET","url":"/mobile/ctm-sync","correlationId":"8adac7b7-ba58-4468-845e-50377c1c0992","tenantId":null,"userId":null,"detail":"Token invalido","msg":"http_exception"}
{"level":40,"time":1775182882336,"service":"flydea-api","http":{"method":"GET","path":"/mobile/ctm-sync","statusCode":401,"durationMs":11,"correlationId":"8adac7b7-ba58-4468-845e-50377c1c0992","tenantId":"69cd5dc642c8e2d7bd230a8f","userId":null},"msg":"http_request"}
{"level":40,"time":1775182882341,"service":"flydea-api","status":401,"method":"GET","url":"/mobile/dashboard","correlationId":"0ec8d4dc-5f51-4791-a962-3318b5c63a78","tenantId":null,"userId":null,"detail":"Token invalido","msg":"http_exception"}
{"level":40,"time":1775182882341,"service":"flydea-api","http":{"method":"GET","path":"/mobile/dashboard","statusCode":401,"durationMs":2,"correlationId":"0ec8d4dc-5f51-4791-a962-3318b5c63a78","tenantId":"69cd5dc642c8e2d7bd230a8f","userId":null},"msg":"http_request"}
{"level":40,"time":1775182882344,"service":"flydea-api","status":401,"method":"GET","url":"/mobile/ctm-sync","correlationId":"d57a93be-bf12-43ed-9f30-0902983ea890","tenantId":null,"userId":null,"detail":"Token invalido","msg":"http_exception"}
{"level":40,"time":1775182882345,"service":"flydea-api","http":{"method":"GET","path":"/mobile/ctm-sync","statusCode":401,"durationMs":2,"correlationId":"d57a93be-bf12-43ed-9f30-0902983ea890","tenantId":"69cd5dc642c8e2d7bd230a8f","userId":null},"msg":"http_request"}
{"level":40,"time":1775182882347,"service":"flydea-api","status":401,"method":"GET","url":"/mobile/dashboard","correlationId":"be6d9fa3-b539-44f7-a24d-3dbc728b9c58","tenantId":null,"userId":null,"detail":"Token invalido","msg":"http_exception"}
{"level":40,"time":1775182882348,"service":"flydea-api","http":{"method":"GET","path":"/mobile/dashboard","statusCode":401,"durationMs":3,"correlationId":"be6d9fa3-b539-44f7-a24d-3dbc728b9c58","tenantId":"69cd5dc642c8e2d7bd230a8f","userId":null},"msg":"http_request"}
{"level":40,"time":1775182885651,"service":"flydea-api","status":401,"method":"GET","url":"/tax-integration/echo","correlationId":"e11009fb-e747-45d4-92f2-9af2dd89f106","tenantId":null,"userId":null,"detail":"Token ausente","msg":"http_exception"}
{"level":40,"time":1775182885652,"service":"flydea-api","http":{"method":"GET","path":"/tax-integration/echo","statusCode":401,"durationMs":1,"correlationId":"e11009fb-e747-45d4-92f2-9af2dd89f106","tenantId":null,"userId":null},"msg":"http_request"}
{"level":40,"time":1775182885684,"service":"flydea-api","status":401,"method":"GET","url":"/tax-integration/echo","correlationId":"d8524cb5-4226-4b54-8d77-959c744306d6","tenantId":null,"userId":null,"detail":"Token ausente","msg":"http_exception"}
{"level":40,"time":1775182885685,"service":"flydea-api","http":{"method":"GET","path":"/tax-integration/echo","statusCode":401,"durationMs":1,"correlationId":"d8524cb5-4226-4b54-8d77-959c744306d6","tenantId":null,"userId":null},"msg":"http_request"}
{"level":40,"time":1775182894276,"service":"flydea-api","status":403,"method":"GET","url":"/reurb/pendencies?projectId=69cf242c7a1af68fe5286e6b","correlationId":"001c859e-0832-4bd5-8239-971bc6daa17f","tenantId":"69cd5dc642c8e2d7bd230a8f","userId":"69cd5dc642c8e2d7bd230a92","detail":"Acesso recusado: x-lgpd-purpose obrigatorio","msg":"http_exception"}
{"level":40,"time":1775182894277,"service":"flydea-api","http":{"method":"GET","path":"/reurb/pendencies?projectId=69cf242c7a1af68fe5286e6b","statusCode":403,"durationMs":3,"correlationId":"001c859e-0832-4bd5-8239-971bc6daa17f","tenantId":"69cd5dc642c8e2d7bd230a8f","userId":"69cd5dc642c8e2d7bd230a92"},"msg":"http_request"}
{"level":40,"time":1775182894288,"service":"flydea-api","status":403,"method":"GET","url":"/reurb/deliverables?projectId=69cf242c7a1af68fe5286e6b","correlationId":"e0e73846-13b9-4b6c-b6f0-4f3967be7e05","tenantId":"69cd5dc642c8e2d7bd230a8f","userId":"69cd5dc642c8e2d7bd230a92","detail":"Acesso recusado: x-lgpd-purpose obrigatorio","msg":"http_exception"}
{"level":40,"time":1775182894288,"service":"flydea-api","http":{"method":"GET","path":"/reurb/deliverables?projectId=69cf242c7a1af68fe5286e6b","statusCode":403,"durationMs":5,"correlationId":"e0e73846-13b9-4b6c-b6f0-4f3967be7e05","tenantId":"69cd5dc642c8e2d7bd230a8f","userId":"69cd5dc642c8e2d7bd230a92"},"msg":"http_request"}
{"level":40,"time":1775182894799,"service":"flydea-api","status":403,"method":"GET","url":"/reurb/pendencies?projectId=69cf242e7a1af68fe5286f42","correlationId":"56d21a56-25b5-436f-b1d1-7c1e2822a211","tenantId":"69cd5dc642c8e2d7bd230a8f","userId":"69cd5dc642c8e2d7bd230a92","detail":"Acesso recusado: x-lgpd-purpose obrigatorio","msg":"http_exception"}
{"level":40,"time":1775182894800,"service":"flydea-api","http":{"method":"GET","path":"/reurb/pendencies?projectId=69cf242e7a1af68fe5286f42","statusCode":403,"durationMs":2,"correlationId":"56d21a56-25b5-436f-b1d1-7c1e2822a211","tenantId":"69cd5dc642c8e2d7bd230a8f","userId":"69cd5dc642c8e2d7bd230a92"},"msg":"http_request"}
{"level":40,"time":1775182894803,"service":"flydea-api","status":403,"method":"GET","url":"/reurb/deliverables?projectId=69cf242e7a1af68fe5286f42","correlationId":"a971be98-1907-4a4d-bd14-cfcb3160a6ef","tenantId":"69cd5dc642c8e2d7bd230a8f","userId":"69cd5dc642c8e2d7bd230a92","detail":"Acesso recusado: x-lgpd-purpose obrigatorio","msg":"http_exception"}
{"level":40,"time":1775182894803,"service":"flydea-api","http":{"method":"GET","path":"/reurb/deliverables?projectId=69cf242e7a1af68fe5286f42","statusCode":403,"durationMs":2,"correlationId":"a971be98-1907-4a4d-bd14-cfcb3160a6ef","tenantId":"69cd5dc642c8e2d7bd230a8f","userId":"69cd5dc642c8e2d7bd230a92"},"msg":"http_request"}
{"level":40,"time":1775182895811,"service":"flydea-api","status":403,"method":"GET","url":"/reurb/pendencies?projectId=69cf242e7a1af68fe5286f42","correlationId":"0a48dcbf-355b-4929-ae3a-e4ef408dc4e0","tenantId":"69cd5dc642c8e2d7bd230a8f","userId":"69cd5dc642c8e2d7bd230a92","detail":"Acesso recusado: x-lgpd-purpose obrigatorio","msg":"http_exception"}
{"level":40,"time":1775182895812,"service":"flydea-api","http":{"method":"GET","path":"/reurb/pendencies?projectId=69cf242e7a1af68fe5286f42","statusCode":403,"durationMs":3,"correlationId":"0a48dcbf-355b-4929-ae3a-e4ef408dc4e0","tenantId":"69cd5dc642c8e2d7bd230a8f","userId":"69cd5dc642c8e2d7bd230a92"},"msg":"http_request"}
{"level":40,"time":1775182895820,"service":"flydea-api","status":403,"method":"GET","url":"/reurb/deliverables?projectId=69cf242e7a1af68fe5286f42","correlationId":"2e931813-b741-4a81-a4f4-e84b42b2aacf","tenantId":"69cd5dc642c8e2d7bd230a8f","userId":"69cd5dc642c8e2d7bd230a92","detail":"Acesso recusado: x-lgpd-purpose obrigatorio","msg":"http_exception"}
{"level":40,"time":1775182895821,"service":"flydea-api","http":{"method":"GET","path":"/reurb/deliverables?projectId=69cf242e7a1af68fe5286f42","statusCode":403,"durationMs":3,"correlationId":"2e931813-b741-4a81-a4f4-e84b42b2aacf","tenantId":"69cd5dc642c8e2d7bd230a8f","userId":"69cd5dc642c8e2d7bd230a92"},"msg":"http_request"}
{"level":40,"time":1775182897865,"service":"flydea-api","status":403,"method":"GET","url":"/reurb/pendencies?projectId=69cf242e7a1af68fe5286f42","correlationId":"818efc92-c63f-4a2a-bc7e-80e6719170e1","tenantId":"69cd5dc642c8e2d7bd230a8f","userId":"69cd5dc642c8e2d7bd230a92","detail":"Acesso recusado: x-lgpd-purpose obrigatorio","msg":"http_exception"}
{"level":40,"time":1775182897866,"service":"flydea-api","http":{"method":"GET","path":"/reurb/pendencies?projectId=69cf242e7a1af68fe5286f42","statusCode":403,"durationMs":3,"correlationId":"818efc92-c63f-4a2a-bc7e-80e6719170e1","tenantId":"69cd5dc642c8e2d7bd230a8f","userId":"69cd5dc642c8e2d7bd230a92"},"msg":"http_request"}
{"level":40,"time":1775182897871,"service":"flydea-api","status":403,"method":"GET","url":"/reurb/deliverables?projectId=69cf242e7a1af68fe5286f42","correlationId":"c91f54ff-27b0-4774-a8d6-8188fcee2100","tenantId":"69cd5dc642c8e2d7bd230a8f","userId":"69cd5dc642c8e2d7bd230a92","detail":"Acesso recusado: x-lgpd-purpose obrigatorio","msg":"http_exception"}
{"level":40,"time":1775182897871,"service":"flydea-api","http":{"method":"GET","path":"/reurb/deliverables?projectId=69cf242e7a1af68fe5286f42","statusCode":403,"durationMs":1,"correlationId":"c91f54ff-27b0-4774-a8d6-8188fcee2100","tenantId":"69cd5dc642c8e2d7bd230a8f","userId":"69cd5dc642c8e2d7bd230a92"},"msg":"http_request"}
{"level":50,"time":1775182898737,"service":"flydea-api","status":500,"method":"POST","url":"/reurb/cartorio/package","correlationId":"824f8b3c-9b2d-4e1f-a27f-45c79b4f273b","tenantId":"69cd5dc642c8e2d7bd230a8f","userId":"69cd5dc642c8e2d7bd230a92","detail":"Erro interno","trace":"TypeError: Cannot read properties of undefined (reading 'resolve')\n    at ReurbService.generateCartorioPackage (/Users/paulo/Documents/ubatuba-saas/apps/api/src/modules/reurb/reurb.service.ts:1297:12)","msg":"http_exception"}
{"level":50,"time":1775182898738,"service":"flydea-api","http":{"method":"POST","path":"/reurb/cartorio/package","statusCode":500,"durationMs":22,"correlationId":"824f8b3c-9b2d-4e1f-a27f-45c79b4f273b","tenantId":"69cd5dc642c8e2d7bd230a8f","userId":"69cd5dc642c8e2d7bd230a92"},"msg":"http_request"}
{"level":40,"time":1775182901347,"service":"flydea-api","status":403,"method":"GET","url":"/reurb/pendencies?projectId=69cf242e7a1af68fe5286f42","correlationId":"f1d1aeac-a29b-4ce4-b292-43ff55ff80ab","tenantId":"69cd5dc642c8e2d7bd230a8f","userId":"69ceed667a1af68fe5284447","detail":"Acesso recusado: x-lgpd-purpose obrigatorio","msg":"http_exception"}
{"level":40,"time":1775182901348,"service":"flydea-api","http":{"method":"GET","path":"/reurb/pendencies?projectId=69cf242e7a1af68fe5286f42","statusCode":403,"durationMs":2,"correlationId":"f1d1aeac-a29b-4ce4-b292-43ff55ff80ab","tenantId":"69cd5dc642c8e2d7bd230a8f","userId":"69ceed667a1af68fe5284447"},"msg":"http_request"}
{"level":40,"time":1775182901377,"service":"flydea-api","status":403,"method":"GET","url":"/reurb/deliverables?projectId=69cf242e7a1af68fe5286f42","correlationId":"c0472299-0dcf-4aaa-93ae-af3bf2b000db","tenantId":"69cd5dc642c8e2d7bd230a8f","userId":"69ceed667a1af68fe5284447","detail":"Acesso recusado: x-lgpd-purpose obrigatorio","msg":"http_exception"}
{"level":40,"time":1775182901379,"service":"flydea-api","http":{"method":"GET","path":"/reurb/deliverables?projectId=69cf242e7a1af68fe5286f42","statusCode":403,"durationMs":3,"correlationId":"c0472299-0dcf-4aaa-93ae-af3bf2b000db","tenantId":"69cd5dc642c8e2d7bd230a8f","userId":"69ceed667a1af68fe5284447"},"msg":"http_request"}
{"level":40,"time":1775182904364,"service":"flydea-api","status":403,"method":"GET","url":"/reurb/pendencies?projectId=69cf242e7a1af68fe5286f42","correlationId":"a2fe588d-61ed-47a5-af7f-82a758c31968","tenantId":"69cd5dc642c8e2d7bd230a8f","userId":"69cd5dc642c8e2d7bd230a92","detail":"Acesso recusado: x-lgpd-purpose obrigatorio","msg":"http_exception"}
{"level":40,"time":1775182904365,"service":"flydea-api","http":{"method":"GET","path":"/reurb/pendencies?projectId=69cf242e7a1af68fe5286f42","statusCode":403,"durationMs":2,"correlationId":"a2fe588d-61ed-47a5-af7f-82a758c31968","tenantId":"69cd5dc642c8e2d7bd230a8f","userId":"69cd5dc642c8e2d7bd230a92"},"msg":"http_request"}
{"level":40,"time":1775182904368,"service":"flydea-api","status":403,"method":"GET","url":"/reurb/deliverables?projectId=69cf242e7a1af68fe5286f42","correlationId":"b0774e2d-777f-4587-885a-dca52c11d720","tenantId":"69cd5dc642c8e2d7bd230a8f","userId":"69cd5dc642c8e2d7bd230a92","detail":"Acesso recusado: x-lgpd-purpose obrigatorio","msg":"http_exception"}
{"level":40,"time":1775182904370,"service":"flydea-api","http":{"method":"GET","path":"/reurb/deliverables?projectId=69cf242e7a1af68fe5286f42","statusCode":403,"durationMs":3,"correlationId":"b0774e2d-777f-4587-885a-dca52c11d720","tenantId":"69cd5dc642c8e2d7bd230a8f","userId":"69cd5dc642c8e2d7bd230a92"},"msg":"http_request"}
{"level":40,"time":1775182905690,"service":"flydea-api","status":403,"method":"GET","url":"/reurb/pendencies?projectId=69cf24387a1af68fe52873d8","correlationId":"2131c80b-c780-4cc0-9dc6-1c5b69a9a0bd","tenantId":"69cd5dc642c8e2d7bd230a8f","userId":"69cd5dc642c8e2d7bd230a92","detail":"Acesso recusado: x-lgpd-purpose obrigatorio","msg":"http_exception"}
{"level":40,"time":1775182905691,"service":"flydea-api","http":{"method":"GET","path":"/reurb/pendencies?projectId=69cf24387a1af68fe52873d8","statusCode":403,"durationMs":2,"correlationId":"2131c80b-c780-4cc0-9dc6-1c5b69a9a0bd","tenantId":"69cd5dc642c8e2d7bd230a8f","userId":"69cd5dc642c8e2d7bd230a92"},"msg":"http_request"}
{"level":40,"time":1775182905693,"service":"flydea-api","status":403,"method":"GET","url":"/reurb/deliverables?projectId=69cf24387a1af68fe52873d8","correlationId":"bff41d24-48fd-437f-b8c1-b1ea2670c3aa","tenantId":"69cd5dc642c8e2d7bd230a8f","userId":"69cd5dc642c8e2d7bd230a92","detail":"Acesso recusado: x-lgpd-purpose obrigatorio","msg":"http_exception"}
{"level":40,"time":1775182905693,"service":"flydea-api","http":{"method":"GET","path":"/reurb/deliverables?projectId=69cf24387a1af68fe52873d8","statusCode":403,"durationMs":2,"correlationId":"bff41d24-48fd-437f-b8c1-b1ea2670c3aa","tenantId":"69cd5dc642c8e2d7bd230a8f","userId":"69cd5dc642c8e2d7bd230a92"},"msg":"http_request"}
{"level":40,"time":1775182906754,"service":"flydea-api","status":403,"method":"GET","url":"/reurb/pendencies?projectId=69cf24387a1af68fe52873d8","correlationId":"401bb530-de0b-4a3e-a90d-d7c7c59572ec","tenantId":"69cd5dc642c8e2d7bd230a8f","userId":"69cd5dc642c8e2d7bd230a92","detail":"Acesso recusado: x-lgpd-purpose obrigatorio","msg":"http_exception"}
{"level":40,"time":1775182906755,"service":"flydea-api","http":{"method":"GET","path":"/reurb/pendencies?projectId=69cf24387a1af68fe52873d8","statusCode":403,"durationMs":2,"correlationId":"401bb530-de0b-4a3e-a90d-d7c7c59572ec","tenantId":"69cd5dc642c8e2d7bd230a8f","userId":"69cd5dc642c8e2d7bd230a92"},"msg":"http_request"}
{"level":40,"time":1775182906758,"service":"flydea-api","status":403,"method":"GET","url":"/reurb/deliverables?projectId=69cf24387a1af68fe52873d8","correlationId":"cfacf381-8e8f-4bb7-8b9b-0cb8d5e71899","tenantId":"69cd5dc642c8e2d7bd230a8f","userId":"69cd5dc642c8e2d7bd230a92","detail":"Acesso recusado: x-lgpd-purpose obrigatorio","msg":"http_exception"}
{"level":40,"time":1775182906758,"service":"flydea-api","http":{"method":"GET","path":"/reurb/deliverables?projectId=69cf24387a1af68fe52873d8","statusCode":403,"durationMs":1,"correlationId":"cfacf381-8e8f-4bb7-8b9b-0cb8d5e71899","tenantId":"69cd5dc642c8e2d7bd230a8f","userId":"69cd5dc642c8e2d7bd230a92"},"msg":"http_request"}
{"level":40,"time":1775182908837,"service":"flydea-api","status":403,"method":"GET","url":"/reurb/pendencies?projectId=69cf24387a1af68fe52873d8","correlationId":"4b87cbd8-267b-4429-bc64-15321642aa80","tenantId":"69cd5dc642c8e2d7bd230a8f","userId":"69cd5dc642c8e2d7bd230a92","detail":"Acesso recusado: x-lgpd-purpose obrigatorio","msg":"http_exception"}
{"level":40,"time":1775182908837,"service":"flydea-api","http":{"method":"GET","path":"/reurb/pendencies?projectId=69cf24387a1af68fe52873d8","statusCode":403,"durationMs":2,"correlationId":"4b87cbd8-267b-4429-bc64-15321642aa80","tenantId":"69cd5dc642c8e2d7bd230a8f","userId":"69cd5dc642c8e2d7bd230a92"},"msg":"http_request"}
{"level":40,"time":1775182908839,"service":"flydea-api","status":403,"method":"GET","url":"/reurb/deliverables?projectId=69cf24387a1af68fe52873d8","correlationId":"f3bc11d5-897b-45ef-82e7-ea317a06eda5","tenantId":"69cd5dc642c8e2d7bd230a8f","userId":"69cd5dc642c8e2d7bd230a92","detail":"Acesso recusado: x-lgpd-purpose obrigatorio","msg":"http_exception"}
{"level":40,"time":1775182908840,"service":"flydea-api","http":{"method":"GET","path":"/reurb/deliverables?projectId=69cf24387a1af68fe52873d8","statusCode":403,"durationMs":2,"correlationId":"f3bc11d5-897b-45ef-82e7-ea317a06eda5","tenantId":"69cd5dc642c8e2d7bd230a8f","userId":"69cd5dc642c8e2d7bd230a92"},"msg":"http_request"}
{"level":50,"time":1775182909530,"service":"flydea-api","status":500,"method":"POST","url":"/reurb/cartorio/package","correlationId":"a4a95b0f-1577-4467-88f9-8e8a37128eb8","tenantId":"69cd5dc642c8e2d7bd230a8f","userId":"69cd5dc642c8e2d7bd230a92","detail":"Erro interno","trace":"TypeError: Cannot read properties of undefined (reading 'resolve')\n    at ReurbService.generateCartorioPackage (/Users/paulo/Documents/ubatuba-saas/apps/api/src/modules/reurb/reurb.service.ts:1297:12)","msg":"http_exception"}
{"level":50,"time":1775182909531,"service":"flydea-api","http":{"method":"POST","path":"/reurb/cartorio/package","statusCode":500,"durationMs":42,"correlationId":"a4a95b0f-1577-4467-88f9-8e8a37128eb8","tenantId":"69cd5dc642c8e2d7bd230a8f","userId":"69cd5dc642c8e2d7bd230a92"},"msg":"http_request"}
{"level":40,"time":1775182910606,"service":"flydea-api","status":422,"method":"POST","url":"/reurb/cartorio/package","correlationId":"bc23fbc9-dd3e-4c43-b4cb-a10dab36d096","tenantId":"69cd5dc642c8e2d7bd230a8f","userId":"69cd5dc642c8e2d7bd230a92","detail":"Unprocessable Entity Exception","msg":"http_exception"}
{"level":40,"time":1775182910607,"service":"flydea-api","http":{"method":"POST","path":"/reurb/cartorio/package","statusCode":422,"durationMs":9,"correlationId":"bc23fbc9-dd3e-4c43-b4cb-a10dab36d096","tenantId":"69cd5dc642c8e2d7bd230a8f","userId":"69cd5dc642c8e2d7bd230a92"},"msg":"http_request"}
{"level":40,"time":1775182910937,"service":"flydea-api","status":422,"method":"POST","url":"/reurb/cartorio/package","correlationId":"dca85148-cf45-4a4b-ae9e-8db2674ecd0e","tenantId":"69cd5dc642c8e2d7bd230a8f","userId":"69ceed667a1af68fe5284443","detail":"Unprocessable Entity Exception","msg":"http_exception"}
{"level":40,"time":1775182910937,"service":"flydea-api","http":{"method":"POST","path":"/reurb/cartorio/package","statusCode":422,"durationMs":10,"correlationId":"dca85148-cf45-4a4b-ae9e-8db2674ecd0e","tenantId":"69cd5dc642c8e2d7bd230a8f","userId":"69ceed667a1af68fe5284443"},"msg":"http_request"}
{"level":40,"time":1775182911125,"service":"flydea-api","status":403,"method":"POST","url":"/reurb/cartorio/package","correlationId":"64b30c74-f768-47ff-9baf-73f0f466df3d","tenantId":"69cd5dc642c8e2d7bd230a8f","userId":"69ceed667a1af68fe5284447","detail":"Perfil nao autorizado","msg":"http_exception"}
{"level":40,"time":1775182911125,"service":"flydea-api","http":{"method":"POST","path":"/reurb/cartorio/package","statusCode":403,"durationMs":1,"correlationId":"64b30c74-f768-47ff-9baf-73f0f466df3d","tenantId":"69cd5dc642c8e2d7bd230a8f","userId":"69ceed667a1af68fe5284447"},"msg":"http_request"}
{"level":40,"time":1775182911279,"service":"flydea-api","status":403,"method":"POST","url":"/reurb/families","correlationId":"4c8c2e56-e6e4-41dd-930e-4fc7b850f4a0","tenantId":"69cd5dc642c8e2d7bd230a8f","userId":"69ceed677a1af68fe528444b","detail":"Perfil nao autorizado","msg":"http_exception"}
{"level":40,"time":1775182911279,"service":"flydea-api","http":{"method":"POST","path":"/reurb/families","statusCode":403,"durationMs":0,"correlationId":"4c8c2e56-e6e4-41dd-930e-4fc7b850f4a0","tenantId":"69cd5dc642c8e2d7bd230a8f","userId":"69ceed677a1af68fe528444b"},"msg":"http_request"}
{"level":40,"time":1775182912436,"service":"flydea-api","status":403,"method":"POST","url":"/reurb/integrations/ping","correlationId":"590fa3dd-b068-4418-9b00-47db968cc8fc","tenantId":"69cd5dc642c8e2d7bd230a8f","userId":"69ceed667a1af68fe5284447","detail":"Perfil nao autorizado","msg":"http_exception"}
{"level":40,"time":1775182912437,"service":"flydea-api","http":{"method":"POST","path":"/reurb/integrations/ping","statusCode":403,"durationMs":1,"correlationId":"590fa3dd-b068-4418-9b00-47db968cc8fc","tenantId":"69cd5dc642c8e2d7bd230a8f","userId":"69ceed667a1af68fe5284447"},"msg":"http_request"}
