{"type":"FeatureCollection","features":[{"type":"Feature","geometry":{"type":"Polygon","coordinates":[[[-46.616947,-23.407229],[-46.616943,-23.407184],[-46.616938,-23.407139],[-46.616935,-23.407115],[-46.616933,-23.407095],[-46.616929,-23.40705],[-46.616925,-23.407014],[-46.616909,-23.406865],[-46.616968,-23.40686],[-46.617026,-23.406855],[-46.617088,-23.40685],[-46.617089,-23.406855],[-46.617126,-23.406851],[-46.617144,-23.406849],[-46.6173,-23.406833],[-46.617377,-23.406825],[-46.617502,-23.406814],[-46.617508,-23.406874],[-46.617511,-23.406913],[-46.617515,-23.406949],[-46.617518,-23.406989],[-46.617521,-23.407012],[-46.617521,-23.407016],[-46.617526,-23.407067],[-46.617528,-23.407088],[-46.617531,-23.407129],[-46.617534,-23.407158],[-46.617538,-23.407197],[-46.61754,-23.407216],[-46.61754,-23.407219],[-46.617542,-23.407242],[-46.617421,-23.40727],[-46.617391,-23.407276],[-46.617358,-23.407284],[-46.617358,-23.40728],[-46.617345,-23.407283],[-46.617327,-23.407287],[-46.617202,-23.407314],[-46.617179,-23.40732],[-46.617122,-23.407332],[-46.617101,-23.407337],[-46.616962,-23.407368],[-46.616957,-23.407318],[-46.616952,-23.407274],[-46.616947,-23.407229]]]},"properties":{"sqlu":"SP-003-775608","inscription":"SP-GEOSAMPA-6775608","inscricaoImobiliaria":"SP-IMO-6775608","setor":"003","quadra":"045","lote":"0049","sourceType":"OFFICIAL_IMPORT","mainAddress":"Setor Fiscal 003","zoneamento":"RESIDENCIAL","statusCadastral":"ATIVO","workflowStatus":"PENDENTE","isOfficial":true,"rawProperties":{"cd_identificador":6775608,"cd_identificador_original_lote":10631531,"cd_setor_fiscal":"003","cd_tipo_quadra":"F","tx_tipo_quadra":"FISCAL","cd_quadra_fiscal":"045","cd_subquadra_fiscal":null,"cd_condominio":"00","cd_tipo_lote":"F","tx_tipo_lote":"FISCAL","cd_lote":"0049","cd_situacao":1,"cd_digito_sql":"6","cd_logradouro":"005436","nm_logradouro_completo":"AV ALCANTARA MACHADO","cd_numero_porta":"638","tx_complemento_endereco":null,"tx_situ_lote":"ATIVO","cd_tipo_uso_imovel":"40","dc_tipo_uso_imovel":"Não residencial","cd_tipo_terreno_imovel":1,"qt_area_terreno":3120,"qt_area_construida":5996}}},{"type":"Feature","geometry":{"type":"Polygon","coordinates":[[[-46.619543,-23.400344],[-46.619572,-23.400299],[-46.619692,-23.400361],[-46.619664,-23.400406],[-46.619564,-23.400355],[-46.619543,-23.400344]]]},"properties":{"sqlu":"SP-003-027770","inscription":"SP-GEOSAMPA-2027770","inscricaoImobiliaria":"SP-IMO-2027770","setor":"003","quadra":"014","lote":"0158","sourceType":"OFFICIAL_IMPORT","mainAddress":"Setor Fiscal 003","zoneamento":"RESIDENCIAL","statusCadastral":"ATIVO","workflowStatus":"PENDENTE","isOfficial":true,"rawProperties":{"cd_identificador":2027770,"cd_identificador_original_lote":8820586,"cd_setor_fiscal":"003","cd_tipo_quadra":"F","tx_tipo_quadra":"FISCAL","cd_quadra_fiscal":"014","cd_subquadra_fiscal":null,"cd_condominio":"00","cd_tipo_lote":"F","tx_tipo_lote":"FISCAL","cd_lote":"0158","cd_situacao":1,"cd_digito_sql":"6","cd_logradouro":"137960","nm_logradouro_completo":"R MELO BARRETO","cd_numero_porta":"63","tx_complemento_endereco":null,"tx_situ_lote":"ATIVO","cd_tipo_uso_imovel":"14","dc_tipo_uso_imovel":"Residencial","cd_tipo_terreno_imovel":1,"qt_area_terreno":75,"qt_area_construida":163}}},{"type":"Feature","geometry":{"type":"Polygon","coordinates":[[[-46.613174,-23.405928],[-46.613143,-23.405972],[-46.613134,-23.405986],[-46.613078,-23.406066],[-46.613054,-23.406051],[-46.613052,-23.406032],[-46.613002,-23.406037],[-46.613028,-23.405999],[-46.613057,-23.405958],[-46.613082,-23.405921],[-46.613206,-23.405744],[-46.613274,-23.405784],[-46.613174,-23.405928]]]},"properties":{"sqlu":"SP-003-957406","inscription":"SP-GEOSAMPA-1957406","inscricaoImobiliaria":"SP-IMO-1957406","setor":"003","quadra":"062","lote":"0029","sourceType":"OFFICIAL_IMPORT","mainAddress":"Setor Fiscal 003","zoneamento":"RESIDENCIAL","statusCadastral":"ATIVO","workflowStatus":"PENDENTE","isOfficial":true,"rawProperties":{"cd_identificador":1957406,"cd_identificador_original_lote":8820333,"cd_setor_fiscal":"003","cd_tipo_quadra":"F","tx_tipo_quadra":"FISCAL","cd_quadra_fiscal":"062","cd_subquadra_fiscal":null,"cd_condominio":"00","cd_tipo_lote":"F","tx_tipo_lote":"FISCAL","cd_lote":"0029","cd_situacao":1,"cd_digito_sql":"5","cd_logradouro":"065625","nm_logradouro_completo":"R ERNESTO DE CASTRO","cd_numero_porta":"146","tx_complemento_endereco":"E 150","tx_situ_lote":"ATIVO","cd_tipo_uso_imovel":"40","dc_tipo_uso_imovel":"Não residencial","cd_tipo_terreno_imovel":3,"qt_area_terreno":310,"qt_area_construida":398}}},{"type":"Feature","geometry":{"type":"Polygon","coordinates":[[[-46.618275,-23.401351],[-46.618317,-23.401294],[-46.618645,-23.401496],[-46.618753,-23.401561],[-46.618755,-23.401558],[-46.618775,-23.401568],[-46.618905,-23.401637],[-46.618867,-23.401698],[-46.618724,-23.401619],[-46.618552,-23.401516],[-46.618352,-23.401397],[-46.618275,-23.401351]]]},"properties":{"sqlu":"SP-003-957403","inscription":"SP-GEOSAMPA-1957403","inscricaoImobiliaria":"SP-IMO-1957403","setor":"003","quadra":"014","lote":"0234","sourceType":"OFFICIAL_IMPORT","mainAddress":"Setor Fiscal 003","zoneamento":"RESIDENCIAL","statusCadastral":"ATIVO","workflowStatus":"PENDENTE","isOfficial":true,"rawProperties":{"cd_identificador":1957403,"cd_identificador_original_lote":8820585,"cd_setor_fiscal":"003","cd_tipo_quadra":"F","tx_tipo_quadra":"FISCAL","cd_quadra_fiscal":"014","cd_subquadra_fiscal":null,"cd_condominio":"00","cd_tipo_lote":"F","tx_tipo_lote":"FISCAL","cd_lote":"0234","cd_situacao":1,"cd_digito_sql":"5","cd_logradouro":"163589","nm_logradouro_completo":"R PIRATININGA","cd_numero_porta":"222","tx_complemento_endereco":null,"tx_situ_lote":"ATIVO","cd_tipo_uso_imovel":"40","dc_tipo_uso_imovel":"Não residencial","cd_tipo_terreno_imovel":3,"qt_area_terreno":526,"qt_area_construida":655}}},{"type":"Feature","geometry":{"type":"Polygon","coordinates":[[[-46.616446,-23.401542],[-46.616407,-23.401519],[-46.616622,-23.401205],[-46.616662,-23.401231],[-46.616624,-23.401286],[-46.616604,-23.401314],[-46.616581,-23.401348],[-46.616567,-23.401367],[-46.616446,-23.401542]]]},"properties":{"sqlu":"SP-003-957365","inscription":"SP-GEOSAMPA-1957365","inscricaoImobiliaria":"SP-IMO-1957365","setor":"003","quadra":"020","lote":"0022","sourceType":"OFFICIAL_IMPORT","mainAddress":"Setor Fiscal 003","zoneamento":"RESIDENCIAL","statusCadastral":"ATIVO","workflowStatus":"PENDENTE","isOfficial":true,"rawProperties":{"cd_identificador":1957365,"cd_identificador_original_lote":8821373,"cd_setor_fiscal":"003","cd_tipo_quadra":"F","tx_tipo_quadra":"FISCAL","cd_quadra_fiscal":"020","cd_subquadra_fiscal":null,"cd_condominio":"00","cd_tipo_lote":"F","tx_tipo_lote":"FISCAL","cd_lote":"0022","cd_situacao":1,"cd_digito_sql":"4","cd_logradouro":"166731","nm_logradouro_completo":"R PRUDENTE DE MORAIS","cd_numero_porta":"133","tx_complemento_endereco":"E 135","tx_situ_lote":"ATIVO","cd_tipo_uso_imovel":"42","dc_tipo_uso_imovel":"Não residencial","cd_tipo_terreno_imovel":1,"qt_area_terreno":206,"qt_area_construida":220}}},{"type":"Feature","geometry":{"type":"Polygon","coordinates":[[[-46.614474,-23.403251],[-46.61463,-23.403027],[-46.614791,-23.403121],[-46.614788,-23.403126],[-46.614834,-23.403153],[-46.614871,-23.403175],[-46.614881,-23.40318],[-46.61492,-23.403203],[-46.614951,-23.403221],[-46.614994,-23.403246],[-46.615009,-23.403255],[-46.615034,-23.403269],[-46.615155,-23.40334],[-46.615205,-23.403369],[-46.615235,-23.403386],[-46.614977,-23.403766],[-46.614751,-23.403635],[-46.614663,-23.403583],[-46.614613,-23.403554],[-46.614575,-23.403532],[-46.614378,-23.403417],[-46.614373,-23.403397],[-46.614474,-23.403251]]]},"properties":{"sqlu":"SP-003-794147","inscription":"SP-GEOSAMPA-4794147","inscricaoImobiliaria":"SP-IMO-4794147","setor":"003","quadra":"042","lote":"0000","sourceType":"OFFICIAL_IMPORT","mainAddress":"Setor Fiscal 003","zoneamento":"RESIDENCIAL","statusCadastral":"ATIVO","workflowStatus":"PENDENTE","isOfficial":true,"rawProperties":{"cd_identificador":4794147,"cd_identificador_original_lote":9917294,"cd_setor_fiscal":"003","cd_tipo_quadra":"F","tx_tipo_quadra":"FISCAL","cd_quadra_fiscal":"042","cd_subquadra_fiscal":null,"cd_condominio":"02","cd_tipo_lote":"F","tx_tipo_lote":"FISCAL","cd_lote":"0000","cd_situacao":1,"cd_digito_sql":null,"cd_logradouro":"005983","nm_logradouro_completo":"R ALEGRIA","cd_numero_porta":"161","tx_complemento_endereco":null,"tx_situ_lote":null,"cd_tipo_uso_imovel":"XX","dc_tipo_uso_imovel":"Condomínio","cd_tipo_terreno_imovel":99,"qt_area_terreno":3712,"qt_area_construida":null}}},{"type":"Feature","geometry":{"type":"Polygon","coordinates":[[[-46.618389,-23.406064],[-46.618381,-23.405936],[-46.618434,-23.405931],[-46.618441,-23.406059],[-46.618448,-23.406188],[-46.618396,-23.406193],[-46.618389,-23.406064]]]},"properties":{"sqlu":"SP-003-863737","inscription":"SP-GEOSAMPA-5863737","inscricaoImobiliaria":"SP-IMO-5863737","setor":"003","quadra":"059","lote":"0044","sourceType":"OFFICIAL_IMPORT","mainAddress":"Setor Fiscal 003","zoneamento":"RESIDENCIAL","statusCadastral":"ATIVO","workflowStatus":"PENDENTE","isOfficial":true,"rawProperties":{"cd_identificador":5863737,"cd_identificador_original_lote":10293924,"cd_setor_fiscal":"003","cd_tipo_quadra":"F","tx_tipo_quadra":"FISCAL","cd_quadra_fiscal":"059","cd_subquadra_fiscal":null,"cd_condominio":"00","cd_tipo_lote":"F","tx_tipo_lote":"FISCAL","cd_lote":"0044","cd_situacao":1,"cd_digito_sql":"7","cd_logradouro":"155241","nm_logradouro_completo":"R VISC DE PARNAIBA","cd_numero_porta":"530","tx_complemento_endereco":null,"tx_situ_lote":"ATIVO","cd_tipo_uso_imovel":"31","dc_tipo_uso_imovel":"Não residencial","cd_tipo_terreno_imovel":3,"qt_area_terreno":150,"qt_area_construida":229}}},{"type":"Feature","geometry":{"type":"Polygon","coordinates":[[[-46.616807,-23.401514],[-46.616804,-23.401512],[-46.616773,-23.401493],[-46.616653,-23.401664],[-46.616644,-23.40166],[-46.616685,-23.401601],[-46.616703,-23.401576],[-46.616739,-23.401524],[-46.616773,-23.401476],[-46.616807,-23.401428],[-46.616858,-23.401356],[-46.616898,-23.401382],[-46.616824,-23.401489],[-46.61682,-23.401494],[-46.616807,-23.401514]]]},"properties":{"sqlu":"SP-003-957543","inscription":"SP-GEOSAMPA-1957543","inscricaoImobiliaria":"SP-IMO-1957543","setor":"003","quadra":"020","lote":"0034","sourceType":"OFFICIAL_IMPORT","mainAddress":"Setor Fiscal 003","zoneamento":"RESIDENCIAL","statusCadastral":"ATIVO","workflowStatus":"PENDENTE","isOfficial":true,"rawProperties":{"cd_identificador":1957543,"cd_identificador_original_lote":8821378,"cd_setor_fiscal":"003","cd_tipo_quadra":"F","tx_tipo_quadra":"FISCAL","cd_quadra_fiscal":"020","cd_subquadra_fiscal":null,"cd_condominio":"00","cd_tipo_lote":"F","tx_tipo_lote":"FISCAL","cd_lote":"0034","cd_situacao":1,"cd_digito_sql":"8","cd_logradouro":"166731","nm_logradouro_completo":"R PRUDENTE DE MORAIS","cd_numero_porta":"95","tx_complemento_endereco":"CS 4","tx_situ_lote":"ATIVO","cd_tipo_uso_imovel":"10","dc_tipo_uso_imovel":"Residencial","cd_tipo_terreno_imovel":4,"qt_area_terreno":53,"qt_area_construida":103}}},{"type":"Feature","geometry":{"type":"Polygon","coordinates":[[[-46.617566,-23.404268],[-46.617539,-23.404253],[-46.617463,-23.404209],[-46.617377,-23.40416],[-46.617346,-23.404142],[-46.617398,-23.404067],[-46.617745,-23.404268],[-46.617812,-23.404307],[-46.617764,-23.404381],[-46.617678,-23.404332],[-46.617625,-23.404302],[-46.617566,-23.404268]]]},"properties":{"sqlu":"SP-003-957519","inscription":"SP-GEOSAMPA-1957519","inscricaoImobiliaria":"SP-IMO-1957519","setor":"003","quadra":"028","lote":"0064","sourceType":"OFFICIAL_IMPORT","mainAddress":"Setor Fiscal 003","zoneamento":"RESIDENCIAL","statusCadastral":"ATIVO","workflowStatus":"PENDENTE","isOfficial":true,"rawProperties":{"cd_identificador":1957519,"cd_identificador_original_lote":8820665,"cd_setor_fiscal":"003","cd_tipo_quadra":"F","tx_tipo_quadra":"FISCAL","cd_quadra_fiscal":"028","cd_subquadra_fiscal":null,"cd_condominio":"00","cd_tipo_lote":"F","tx_tipo_lote":"FISCAL","cd_lote":"0064","cd_situacao":1,"cd_digito_sql":"6","cd_logradouro":"071951","nm_logradouro_completo":"R FLORA","cd_numero_porta":"93","tx_complemento_endereco":null,"tx_situ_lote":"ATIVO","cd_tipo_uso_imovel":"40","dc_tipo_uso_imovel":"Não residencial","cd_tipo_terreno_imovel":1,"qt_area_terreno":500,"qt_area_construida":457}}},{"type":"Feature","geometry":{"type":"Polygon","coordinates":[[[-46.617281,-23.40204],[-46.61733,-23.401969],[-46.617513,-23.402076],[-46.617462,-23.402147],[-46.617281,-23.40204]]]},"properties":{"sqlu":"SP-003-957611","inscription":"SP-GEOSAMPA-1957611","inscricaoImobiliaria":"SP-IMO-1957611","setor":"003","quadra":"020","lote":"0000","sourceType":"OFFICIAL_IMPORT","mainAddress":"Setor Fiscal 003","zoneamento":"RESIDENCIAL","statusCadastral":"ATIVO","workflowStatus":"PENDENTE","isOfficial":true,"rawProperties":{"cd_identificador":1957611,"cd_identificador_original_lote":8821329,"cd_setor_fiscal":"003","cd_tipo_quadra":"F","tx_tipo_quadra":"FISCAL","cd_quadra_fiscal":"020","cd_subquadra_fiscal":null,"cd_condominio":"02","cd_tipo_lote":"F","tx_tipo_lote":"FISCAL","cd_lote":"0000","cd_situacao":1,"cd_digito_sql":null,"cd_logradouro":"166731","nm_logradouro_completo":"R PRUDENTE DE MORAIS","cd_numero_porta":"25 29","tx_complemento_endereco":null,"tx_situ_lote":null,"cd_tipo_uso_imovel":"XX","dc_tipo_uso_imovel":"Condomínio","cd_tipo_terreno_imovel":99,"qt_area_terreno":215,"qt_area_construida":null}}},{"type":"Feature","geometry":{"type":"Polygon","coordinates":[[[-46.617076,-23.400293],[-46.617022,-23.400261],[-46.617012,-23.400255],[-46.616961,-23.400225],[-46.616938,-23.400211],[-46.616673,-23.400055],[-46.616704,-23.400011],[-46.616969,-23.400166],[-46.616992,-23.40018],[-46.617044,-23.40021],[-46.617054,-23.400216],[-46.617131,-23.400262],[-46.617162,-23.400263],[-46.617138,-23.40029],[-46.617113,-23.400275],[-46.617094,-23.400303],[-46.617076,-23.400293]]]},"properties":{"sqlu":"SP-003-841519","inscription":"SP-GEOSAMPA-6841519","inscricaoImobiliaria":"SP-IMO-6841519","setor":"003","quadra":"015","lote":"0034","sourceType":"OFFICIAL_IMPORT","mainAddress":"Setor Fiscal 003","zoneamento":"RESIDENCIAL","statusCadastral":"ATIVO","workflowStatus":"PENDENTE","isOfficial":true,"rawProperties":{"cd_identificador":6841519,"cd_identificador_original_lote":10692631,"cd_setor_fiscal":"003","cd_tipo_quadra":"F","tx_tipo_quadra":"FISCAL","cd_quadra_fiscal":"015","cd_subquadra_fiscal":null,"cd_condominio":"00","cd_tipo_lote":"F","tx_tipo_lote":"FISCAL","cd_lote":"0034","cd_situacao":1,"cd_digito_sql":"7","cd_logradouro":"135895","nm_logradouro_completo":"R MARTIM BURCHARD","cd_numero_porta":"188","tx_complemento_endereco":"E 192","tx_situ_lote":"ATIVO","cd_tipo_uso_imovel":"42","dc_tipo_uso_imovel":"Não residencial","cd_tipo_terreno_imovel":1,"qt_area_terreno":251,"qt_area_construida":360}}},{"type":"Feature","geometry":{"type":"Polygon","coordinates":[[[-46.621195,-23.402755],[-46.621257,-23.402781],[-46.621284,-23.402791],[-46.621351,-23.402819],[-46.621375,-23.402829],[-46.621371,-23.402838],[-46.62139,-23.402847],[-46.621372,-23.402876],[-46.621184,-23.402789],[-46.621195,-23.402755]]]},"properties":{"sqlu":"SP-003-957739","inscription":"SP-GEOSAMPA-1957739","inscricaoImobiliaria":"SP-IMO-1957739","setor":"003","quadra":"067","lote":"0219","sourceType":"OFFICIAL_IMPORT","mainAddress":"Setor Fiscal 003","zoneamento":"RESIDENCIAL","statusCadastral":"ATIVO","workflowStatus":"PENDENTE","isOfficial":true,"rawProperties":{"cd_identificador":1957739,"cd_identificador_original_lote":8821459,"cd_setor_fiscal":"003","cd_tipo_quadra":"F","tx_tipo_quadra":"FISCAL","cd_quadra_fiscal":"067","cd_subquadra_fiscal":null,"cd_condominio":"00","cd_tipo_lote":"F","tx_tipo_lote":"FISCAL","cd_lote":"0219","cd_situacao":1,"cd_digito_sql":"3","cd_logradouro":"044784","nm_logradouro_completo":"R CARNEIRO LEAO","cd_numero_porta":"218","tx_complemento_endereco":null,"tx_situ_lote":"ATIVO","cd_tipo_uso_imovel":"50","dc_tipo_uso_imovel":"Não residencial","cd_tipo_terreno_imovel":1,"qt_area_terreno":84,"qt_area_construida":252}}},{"type":"Feature","geometry":{"type":"Polygon","coordinates":[[[-46.621195,-23.402755],[-46.621229,-23.402649],[-46.621436,-23.402737],[-46.621476,-23.402675],[-46.621489,-23.402652],[-46.621564,-23.402694],[-46.621582,-23.402659],[-46.621645,-23.402688],[-46.621485,-23.402929],[-46.621432,-23.402904],[-46.621372,-23.402876],[-46.62139,-23.402847],[-46.621371,-23.402838],[-46.621375,-23.402829],[-46.621351,-23.402819],[-46.621284,-23.402791],[-46.621257,-23.402781],[-46.621195,-23.402755]]]},"properties":{"sqlu":"SP-003-957740","inscription":"SP-GEOSAMPA-1957740","inscricaoImobiliaria":"SP-IMO-1957740","setor":"003","quadra":"067","lote":"0000","sourceType":"OFFICIAL_IMPORT","mainAddress":"Setor Fiscal 003","zoneamento":"RESIDENCIAL","statusCadastral":"ATIVO","workflowStatus":"PENDENTE","isOfficial":true,"rawProperties":{"cd_identificador":1957740,"cd_identificador_original_lote":8821465,"cd_setor_fiscal":"003","cd_tipo_quadra":"F","tx_tipo_quadra":"FISCAL","cd_quadra_fiscal":"067","cd_subquadra_fiscal":null,"cd_condominio":"02","cd_tipo_lote":"F","tx_tipo_lote":"FISCAL","cd_lote":"0000","cd_situacao":1,"cd_digito_sql":null,"cd_logradouro":"044784","nm_logradouro_completo":"R CARNEIRO LEAO","cd_numero_porta":"206 212","tx_complemento_endereco":null,"tx_situ_lote":null,"cd_tipo_uso_imovel":"XX","dc_tipo_uso_imovel":"Condomínio","cd_tipo_terreno_imovel":99,"qt_area_terreno":740,"qt_area_construida":null}}},{"type":"Feature","geometry":{"type":"Polygon","coordinates":[[[-46.617571,-23.406179],[-46.617586,-23.406279],[-46.617543,-23.406283],[-46.617497,-23.406287],[-46.617484,-23.406188],[-46.617517,-23.406185],[-46.617514,-23.406164],[-46.617525,-23.406162],[-46.617537,-23.406161],[-46.61754,-23.406183],[-46.617571,-23.406179]]]},"properties":{"sqlu":"SP-003-790782","inscription":"SP-GEOSAMPA-6790782","inscricaoImobiliaria":"SP-IMO-6790782","setor":"003","quadra":"059","lote":"0042","sourceType":"OFFICIAL_IMPORT","mainAddress":"Setor Fiscal 003","zoneamento":"RESIDENCIAL","statusCadastral":"ATIVO","workflowStatus":"PENDENTE","isOfficial":true,"rawProperties":{"cd_identificador":6790782,"cd_identificador_original_lote":10647110,"cd_setor_fiscal":"003","cd_tipo_quadra":"F","tx_tipo_quadra":"FISCAL","cd_quadra_fiscal":"059","cd_subquadra_fiscal":null,"cd_condominio":"00","cd_tipo_lote":"F","tx_tipo_lote":"FISCAL","cd_lote":"0042","cd_situacao":1,"cd_digito_sql":"0","cd_logradouro":"005436","nm_logradouro_completo":"AV ALCANTARA MACHADO","cd_numero_porta":"605","tx_complemento_endereco":"609","tx_situ_lote":"ATIVO","cd_tipo_uso_imovel":"40","dc_tipo_uso_imovel":"Não residencial","cd_tipo_terreno_imovel":1,"qt_area_terreno":100,"qt_area_construida":210}}},{"type":"Feature","geometry":{"type":"Polygon","coordinates":[[[-46.618935,-23.402009],[-46.618952,-23.401981],[-46.61907,-23.402042],[-46.619088,-23.402051],[-46.619041,-23.402129],[-46.619025,-23.402121],[-46.618929,-23.402072],[-46.618924,-23.40208],[-46.618899,-23.402068],[-46.618909,-23.402051],[-46.618935,-23.402009]]]},"properties":{"sqlu":"SP-003-957829","inscription":"SP-GEOSAMPA-1957829","inscricaoImobiliaria":"SP-IMO-1957829","setor":"003","quadra":"014","lote":"0235","sourceType":"OFFICIAL_IMPORT","mainAddress":"Setor Fiscal 003","zoneamento":"RESIDENCIAL","statusCadastral":"ATIVO","workflowStatus":"PENDENTE","isOfficial":true,"rawProperties":{"cd_identificador":1957829,"cd_identificador_original_lote":8820526,"cd_setor_fiscal":"003","cd_tipo_quadra":"F","tx_tipo_quadra":"FISCAL","cd_quadra_fiscal":"014","cd_subquadra_fiscal":null,"cd_condominio":"00","cd_tipo_lote":"F","tx_tipo_lote":"FISCAL","cd_lote":"0235","cd_situacao":1,"cd_digito_sql":"3","cd_logradouro":"334863","nm_logradouro_completo":"R ESCOLA TECNICA DE AVIACAO","cd_numero_porta":"15","tx_complemento_endereco":null,"tx_situ_lote":"ATIVO","cd_tipo_uso_imovel":"71","dc_tipo_uso_imovel":"Não residencial","cd_tipo_terreno_imovel":2,"qt_area_terreno":160,"qt_area_construida":235}}},{"type":"Feature","geometry":{"type":"Polygon","coordinates":[[[-46.613413,-23.404086],[-46.613517,-23.403932],[-46.613573,-23.40385],[-46.613607,-23.40387],[-46.613449,-23.404107],[-46.613413,-23.404086]]]},"properties":{"sqlu":"SP-003-958004","inscription":"SP-GEOSAMPA-1958004","inscricaoImobiliaria":"SP-IMO-1958004","setor":"003","quadra":"044","lote":"0081","sourceType":"OFFICIAL_IMPORT","mainAddress":"Setor Fiscal 003","zoneamento":"RESIDENCIAL","statusCadastral":"ATIVO","workflowStatus":"PENDENTE","isOfficial":true,"rawProperties":{"cd_identificador":1958004,"cd_identificador_original_lote":8820989,"cd_setor_fiscal":"003","cd_tipo_quadra":"F","tx_tipo_quadra":"FISCAL","cd_quadra_fiscal":"044","cd_subquadra_fiscal":null,"cd_condominio":"00","cd_tipo_lote":"F","tx_tipo_lote":"FISCAL","cd_lote":"0081","cd_situacao":1,"cd_digito_sql":"5","cd_logradouro":"155241","nm_logradouro_completo":"R VISC DE PARNAIBA","cd_numero_porta":"1103","tx_complemento_endereco":null,"tx_situ_lote":"ATIVO","cd_tipo_uso_imovel":"10","dc_tipo_uso_imovel":"Residencial","cd_tipo_terreno_imovel":1,"qt_area_terreno":120,"qt_area_construida":120}}},{"type":"Feature","geometry":{"type":"Polygon","coordinates":[[[-46.619229,-23.407194],[-46.61922,-23.407248],[-46.619121,-23.407237],[-46.619075,-23.407232],[-46.619028,-23.407227],[-46.618947,-23.407217],[-46.618944,-23.407165],[-46.619068,-23.407178],[-46.619189,-23.40719],[-46.619229,-23.407194]]]},"properties":{"sqlu":"SP-003-957975","inscription":"SP-GEOSAMPA-1957975","inscricaoImobiliaria":"SP-IMO-1957975","setor":"003","quadra":"057","lote":"0015","sourceType":"OFFICIAL_IMPORT","mainAddress":"Setor Fiscal 003","zoneamento":"RESIDENCIAL","statusCadastral":"ATIVO","workflowStatus":"PENDENTE","isOfficial":true,"rawProperties":{"cd_identificador":1957975,"cd_identificador_original_lote":8820123,"cd_setor_fiscal":"003","cd_tipo_quadra":"F","tx_tipo_quadra":"FISCAL","cd_quadra_fiscal":"057","cd_subquadra_fiscal":null,"cd_condominio":"00","cd_tipo_lote":"F","tx_tipo_lote":"FISCAL","cd_lote":"0015","cd_situacao":1,"cd_digito_sql":"4","cd_logradouro":"138118","nm_logradouro_completo":"R MEM DE SA","cd_numero_porta":"154","tx_complemento_endereco":null,"tx_situ_lote":"ATIVO","cd_tipo_uso_imovel":"40","dc_tipo_uso_imovel":"Não residencial","cd_tipo_terreno_imovel":1,"qt_area_terreno":180,"qt_area_construida":164}}},{"type":"Feature","geometry":{"type":"Polygon","coordinates":[[[-46.61737,-23.403194],[-46.61743,-23.403231],[-46.617241,-23.403498],[-46.617191,-23.403468],[-46.617227,-23.403416],[-46.617219,-23.403411],[-46.61726,-23.403352],[-46.617312,-23.403277],[-46.617365,-23.4032],[-46.61737,-23.403194]]]},"properties":{"sqlu":"SP-003-957965","inscription":"SP-GEOSAMPA-1957965","inscricaoImobiliaria":"SP-IMO-1957965","setor":"003","quadra":"028","lote":"0014","sourceType":"OFFICIAL_IMPORT","mainAddress":"Setor Fiscal 003","zoneamento":"RESIDENCIAL","statusCadastral":"ATIVO","workflowStatus":"PENDENTE","isOfficial":true,"rawProperties":{"cd_identificador":1957965,"cd_identificador_original_lote":8820668,"cd_setor_fiscal":"003","cd_tipo_quadra":"F","tx_tipo_quadra":"FISCAL","cd_quadra_fiscal":"028","cd_subquadra_fiscal":null,"cd_condominio":"00","cd_tipo_lote":"F","tx_tipo_lote":"FISCAL","cd_lote":"0014","cd_situacao":1,"cd_digito_sql":"1","cd_logradouro":"040525","nm_logradouro_completo":"R CAMPOS SALES","cd_numero_porta":"176","tx_complemento_endereco":"E 180","tx_situ_lote":"ATIVO","cd_tipo_uso_imovel":"64","dc_tipo_uso_imovel":"Não residencial","cd_tipo_terreno_imovel":1,"qt_area_terreno":212,"qt_area_construida":400}}},{"type":"Feature","geometry":{"type":"Polygon","coordinates":[[[-46.61737,-23.403194],[-46.617365,-23.4032],[-46.617312,-23.403277],[-46.617024,-23.403105],[-46.617012,-23.403097],[-46.617054,-23.403038],[-46.617102,-23.403029],[-46.617192,-23.403084],[-46.617235,-23.403111],[-46.617294,-23.403147],[-46.617343,-23.403177],[-46.61737,-23.403194]]]},"properties":{"sqlu":"SP-003-957966","inscription":"SP-GEOSAMPA-1957966","inscricaoImobiliaria":"SP-IMO-1957966","setor":"003","quadra":"028","lote":"0089","sourceType":"OFFICIAL_IMPORT","mainAddress":"Setor Fiscal 003","zoneamento":"RESIDENCIAL","statusCadastral":"ATIVO","workflowStatus":"PENDENTE","isOfficial":true,"rawProperties":{"cd_identificador":1957966,"cd_identificador_original_lote":8820691,"cd_setor_fiscal":"003","cd_tipo_quadra":"F","tx_tipo_quadra":"FISCAL","cd_quadra_fiscal":"028","cd_subquadra_fiscal":null,"cd_condominio":"00","cd_tipo_lote":"F","tx_tipo_lote":"FISCAL","cd_lote":"0089","cd_situacao":1,"cd_digito_sql":"1","cd_logradouro":"163589","nm_logradouro_completo":"R PIRATININGA","cd_numero_porta":"456","tx_complemento_endereco":null,"tx_situ_lote":"ATIVO","cd_tipo_uso_imovel":"32","dc_tipo_uso_imovel":"Não residencial","cd_tipo_terreno_imovel":2,"qt_area_terreno":354,"qt_area_construida":1049}}},{"type":"Feature","geometry":{"type":"Polygon","coordinates":[[[-46.621313,-23.407372],[-46.62128,-23.407375],[-46.621217,-23.407382],[-46.621201,-23.40729],[-46.621298,-23.407283],[-46.621306,-23.40733],[-46.621313,-23.407372]]]},"properties":{"sqlu":"SP-003-958061","inscription":"SP-GEOSAMPA-1958061","inscricaoImobiliaria":"SP-IMO-1958061","setor":"003","quadra":"035","lote":"0000","sourceType":"OFFICIAL_IMPORT","mainAddress":"Setor Fiscal 003","zoneamento":"RESIDENCIAL","statusCadastral":"ATIVO","workflowStatus":"PENDENTE","isOfficial":true,"rawProperties":{"cd_identificador":1958061,"cd_identificador_original_lote":8820078,"cd_setor_fiscal":"003","cd_tipo_quadra":"F","tx_tipo_quadra":"FISCAL","cd_quadra_fiscal":"035","cd_subquadra_fiscal":null,"cd_condominio":"01","cd_tipo_lote":"F","tx_tipo_lote":"FISCAL","cd_lote":"0000","cd_situacao":1,"cd_digito_sql":null,"cd_logradouro":"032425","nm_logradouro_completo":"R CEL BENTO PIRES","cd_numero_porta":"236 246","tx_complemento_endereco":null,"tx_situ_lote":null,"cd_tipo_uso_imovel":"XX","dc_tipo_uso_imovel":"Condomínio","cd_tipo_terreno_imovel":99,"qt_area_terreno":295,"qt_area_construida":null}}},{"type":"Feature","geometry":{"type":"Polygon","coordinates":[[[-46.616823,-23.405583],[-46.616824,-23.405525],[-46.616825,-23.405502],[-46.616892,-23.405508],[-46.616906,-23.405526],[-46.616903,-23.405583],[-46.616823,-23.405583]]]},"properties":{"sqlu":"SP-003-958134","inscription":"SP-GEOSAMPA-1958134","inscricaoImobiliaria":"SP-IMO-1958134","setor":"003","quadra":"041","lote":"0104","sourceType":"OFFICIAL_IMPORT","mainAddress":"Setor Fiscal 003","zoneamento":"RESIDENCIAL","statusCadastral":"ATIVO","workflowStatus":"PENDENTE","isOfficial":true,"rawProperties":{"cd_identificador":1958134,"cd_identificador_original_lote":8820221,"cd_setor_fiscal":"003","cd_tipo_quadra":"F","tx_tipo_quadra":"FISCAL","cd_quadra_fiscal":"041","cd_subquadra_fiscal":null,"cd_condominio":"00","cd_tipo_lote":"F","tx_tipo_lote":"FISCAL","cd_lote":"0104","cd_situacao":1,"cd_digito_sql":"4","cd_logradouro":"155241","nm_logradouro_completo":"R VISC DE PARNAIBA","cd_numero_porta":"685","tx_complemento_endereco":"CS4","tx_situ_lote":"ATIVO","cd_tipo_uso_imovel":"10","dc_tipo_uso_imovel":"Residencial","cd_tipo_terreno_imovel":4,"qt_area_terreno":75,"qt_area_construida":100}}},{"type":"Feature","geometry":{"type":"Polygon","coordinates":[[[-46.621379,-23.406573],[-46.62139,-23.406573],[-46.621363,-23.406433],[-46.62135,-23.406364],[-46.621459,-23.406353],[-46.621507,-23.406348],[-46.621553,-23.406344],[-46.621551,-23.406333],[-46.6216,-23.406328],[-46.621649,-23.406322],[-46.621665,-23.406407],[-46.621673,-23.406447],[-46.621688,-23.406527],[-46.621694,-23.406557],[-46.621765,-23.406547],[-46.621791,-23.406544],[-46.621816,-23.406542],[-46.621835,-23.40654],[-46.621837,-23.406563],[-46.621843,-23.406563],[-46.62186,-23.406649],[-46.621869,-23.406696],[-46.621893,-23.406692],[-46.621897,-23.40672],[-46.621903,-23.406767],[-46.621912,-23.406831],[-46.621851,-23.406835],[-46.621751,-23.406843],[-46.621692,-23.406847],[-46.621664,-23.406849],[-46.621605,-23.406853],[-46.621425,-23.406866],[-46.621411,-23.406777],[-46.621379,-23.406573]]]},"properties":{"sqlu":"SP-003-846659","inscription":"SP-GEOSAMPA-6846659","inscricaoImobiliaria":"SP-IMO-6846659","setor":"003","quadra":"036","lote":"0168","sourceType":"OFFICIAL_IMPORT","mainAddress":"Setor Fiscal 003","zoneamento":"RESIDENCIAL","statusCadastral":"ATIVO","workflowStatus":"PENDENTE","isOfficial":true,"rawProperties":{"cd_identificador":6846659,"cd_identificador_original_lote":10699879,"cd_setor_fiscal":"003","cd_tipo_quadra":"F","tx_tipo_quadra":"FISCAL","cd_quadra_fiscal":"036","cd_subquadra_fiscal":null,"cd_condominio":"00","cd_tipo_lote":"F","tx_tipo_lote":"FISCAL","cd_lote":"0168","cd_situacao":1,"cd_digito_sql":"1","cd_logradouro":"005436","nm_logradouro_completo":"AV ALCANTARA MACHADO","cd_numero_porta":"190","tx_complemento_endereco":null,"tx_situ_lote":"ATIVO","cd_tipo_uso_imovel":"40","dc_tipo_uso_imovel":"Não residencial","cd_tipo_terreno_imovel":3,"qt_area_terreno":2285,"qt_area_construida":3097}}},{"type":"Feature","geometry":{"type":"Polygon","coordinates":[[[-46.620975,-23.403453],[-46.621092,-23.403478],[-46.621179,-23.403496],[-46.621256,-23.403513],[-46.62135,-23.403532],[-46.621352,-23.403627],[-46.621363,-23.404066],[-46.621384,-23.404703],[-46.621386,-23.404781],[-46.621387,-23.404811],[-46.621387,-23.404811],[-46.621285,-23.404813],[-46.621188,-23.404815],[-46.620804,-23.404822],[-46.620785,-23.404803],[-46.620773,-23.404716],[-46.620762,-23.404571],[-46.62076,-23.40433],[-46.620781,-23.404152],[-46.620806,-23.404011],[-46.620818,-23.403977],[-46.620827,-23.403939],[-46.620835,-23.403904],[-46.620904,-23.403675],[-46.620975,-23.403453]]]},"properties":{"sqlu":"SP-003-823180","inscription":"SP-GEOSAMPA-6823180","inscricaoImobiliaria":"SP-IMO-6823180","setor":"003","quadra":"068","lote":"0000","sourceType":"OFFICIAL_IMPORT","mainAddress":"Setor Fiscal 003","zoneamento":"RESIDENCIAL","statusCadastral":"ATIVO","workflowStatus":"PENDENTE","isOfficial":true,"rawProperties":{"cd_identificador":6823180,"cd_identificador_original_lote":10681590,"cd_setor_fiscal":"003","cd_tipo_quadra":"F","tx_tipo_quadra":"FISCAL","cd_quadra_fiscal":"068","cd_subquadra_fiscal":null,"cd_condominio":"01","cd_tipo_lote":"F","tx_tipo_lote":"FISCAL","cd_lote":"0000","cd_situacao":1,"cd_digito_sql":null,"cd_logradouro":"044784","nm_logradouro_completo":"R CARNEIRO LEAO","cd_numero_porta":"290","tx_complemento_endereco":null,"tx_situ_lote":null,"cd_tipo_uso_imovel":"XX","dc_tipo_uso_imovel":"Condomínio","cd_tipo_terreno_imovel":99,"qt_area_terreno":7919,"qt_area_construida":null}}},{"type":"Feature","geometry":{"type":"Polygon","coordinates":[[[-46.616368,-23.400504],[-46.616517,-23.400281],[-46.616876,-23.400499],[-46.617213,-23.400709],[-46.617369,-23.400806],[-46.617328,-23.400861],[-46.617314,-23.400851],[-46.617087,-23.400706],[-46.617019,-23.400803],[-46.616798,-23.400661],[-46.616762,-23.400709],[-46.616747,-23.400733],[-46.616368,-23.400504]]]},"properties":{"sqlu":"SP-003-822254","inscription":"SP-GEOSAMPA-6822254","inscricaoImobiliaria":"SP-IMO-6822254","setor":"003","quadra":"020","lote":"0108","sourceType":"OFFICIAL_IMPORT","mainAddress":"Setor Fiscal 003","zoneamento":"RESIDENCIAL","statusCadastral":"ATIVO","workflowStatus":"PENDENTE","isOfficial":true,"rawProperties":{"cd_identificador":6822254,"cd_identificador_original_lote":10680467,"cd_setor_fiscal":"003","cd_tipo_quadra":"F","tx_tipo_quadra":"FISCAL","cd_quadra_fiscal":"020","cd_subquadra_fiscal":null,"cd_condominio":"00","cd_tipo_lote":"F","tx_tipo_lote":"FISCAL","cd_lote":"0108","cd_situacao":1,"cd_digito_sql":"5","cd_logradouro":"135895","nm_logradouro_completo":"R MARTIM BURCHARD","cd_numero_porta":"246","tx_complemento_endereco":"244","tx_situ_lote":"ATIVO","cd_tipo_uso_imovel":"50","dc_tipo_uso_imovel":"Não residencial","cd_tipo_terreno_imovel":2,"qt_area_terreno":2072,"qt_area_construida":3544}}},{"type":"Feature","geometry":{"type":"Polygon","coordinates":[[[-46.612619,-23.406134],[-46.612627,-23.406189],[-46.612378,-23.406214],[-46.612373,-23.406172],[-46.612371,-23.40616],[-46.612388,-23.406158],[-46.61241,-23.406156],[-46.612619,-23.406134]]]},"properties":{"sqlu":"SP-003-958457","inscription":"SP-GEOSAMPA-1958457","inscricaoImobiliaria":"SP-IMO-1958457","setor":"003","quadra":"064","lote":"0015","sourceType":"OFFICIAL_IMPORT","mainAddress":"Setor Fiscal 003","zoneamento":"RESIDENCIAL","statusCadastral":"ATIVO","workflowStatus":"PENDENTE","isOfficial":true,"rawProperties":{"cd_identificador":1958457,"cd_identificador_original_lote":8820257,"cd_setor_fiscal":"003","cd_tipo_quadra":"F","tx_tipo_quadra":"FISCAL","cd_quadra_fiscal":"064","cd_subquadra_fiscal":null,"cd_condominio":"00","cd_tipo_lote":"F","tx_tipo_lote":"FISCAL","cd_lote":"0015","cd_situacao":1,"cd_digito_sql":"4","cd_logradouro":"076295","nm_logradouro_completo":"R DR FREIRE","cd_numero_porta":"71","tx_complemento_endereco":null,"tx_situ_lote":"ATIVO","cd_tipo_uso_imovel":"40","dc_tipo_uso_imovel":"Não residencial","cd_tipo_terreno_imovel":1,"qt_area_terreno":218,"qt_area_construida":220}}},{"type":"Feature","geometry":{"type":"Polygon","coordinates":[[[-46.619074,-23.401034],[-46.619064,-23.401048],[-46.61906,-23.401055],[-46.618999,-23.401023],[-46.618658,-23.400815],[-46.618724,-23.400722],[-46.619118,-23.40096],[-46.619103,-23.400985],[-46.619093,-23.401002],[-46.619074,-23.401034]]]},"properties":{"sqlu":"SP-003-958695","inscription":"SP-GEOSAMPA-1958695","inscricaoImobiliaria":"SP-IMO-1958695","setor":"003","quadra":"014","lote":"0026","sourceType":"OFFICIAL_IMPORT","mainAddress":"Setor Fiscal 003","zoneamento":"RESIDENCIAL","statusCadastral":"ATIVO","workflowStatus":"PENDENTE","isOfficial":true,"rawProperties":{"cd_identificador":1958695,"cd_identificador_original_lote":8820577,"cd_setor_fiscal":"003","cd_tipo_quadra":"F","tx_tipo_quadra":"FISCAL","cd_quadra_fiscal":"014","cd_subquadra_fiscal":null,"cd_condominio":"00","cd_tipo_lote":"F","tx_tipo_lote":"FISCAL","cd_lote":"0026","cd_situacao":1,"cd_digito_sql":"1","cd_logradouro":"163589","nm_logradouro_completo":"R PIRATININGA","cd_numero_porta":"152","tx_complemento_endereco":null,"tx_situ_lote":"ATIVO","cd_tipo_uso_imovel":"40","dc_tipo_uso_imovel":"Não residencial","cd_tipo_terreno_imovel":1,"qt_area_terreno":600,"qt_area_construida":800}}},{"type":"Feature","geometry":{"type":"Polygon","coordinates":[[[-46.619074,-23.401034],[-46.619114,-23.401055],[-46.619155,-23.401076],[-46.619227,-23.401114],[-46.619222,-23.401122],[-46.619199,-23.401159],[-46.619035,-23.401076],[-46.618984,-23.401055],[-46.618999,-23.401023],[-46.61906,-23.401055],[-46.619064,-23.401048],[-46.619074,-23.401034]]]},"properties":{"sqlu":"SP-003-958696","inscription":"SP-GEOSAMPA-1958696","inscricaoImobiliaria":"SP-IMO-1958696","setor":"003","quadra":"014","lote":"0174","sourceType":"OFFICIAL_IMPORT","mainAddress":"Setor Fiscal 003","zoneamento":"RESIDENCIAL","statusCadastral":"ATIVO","workflowStatus":"PENDENTE","isOfficial":true,"rawProperties":{"cd_identificador":1958696,"cd_identificador_original_lote":8820609,"cd_setor_fiscal":"003","cd_tipo_quadra":"F","tx_tipo_quadra":"FISCAL","cd_quadra_fiscal":"014","cd_subquadra_fiscal":null,"cd_condominio":"00","cd_tipo_lote":"F","tx_tipo_lote":"FISCAL","cd_lote":"0174","cd_situacao":1,"cd_digito_sql":"8","cd_logradouro":"137960","nm_logradouro_completo":"R MELO BARRETO","cd_numero_porta":"159","tx_complemento_endereco":null,"tx_situ_lote":"ATIVO","cd_tipo_uso_imovel":"10","dc_tipo_uso_imovel":"Residencial","cd_tipo_terreno_imovel":1,"qt_area_terreno":97,"qt_area_construida":160}}},{"type":"Feature","geometry":{"type":"Polygon","coordinates":[[[-46.619074,-23.401034],[-46.619093,-23.401002],[-46.619103,-23.400985],[-46.619146,-23.401008],[-46.619255,-23.401068],[-46.619234,-23.401102],[-46.619227,-23.401114],[-46.619155,-23.401076],[-46.619114,-23.401055],[-46.619074,-23.401034]]]},"properties":{"sqlu":"SP-003-958697","inscription":"SP-GEOSAMPA-1958697","inscricaoImobiliaria":"SP-IMO-1958697","setor":"003","quadra":"014","lote":"0173","sourceType":"OFFICIAL_IMPORT","mainAddress":"Setor Fiscal 003","zoneamento":"RESIDENCIAL","statusCadastral":"ATIVO","workflowStatus":"PENDENTE","isOfficial":true,"rawProperties":{"cd_identificador":1958697,"cd_identificador_original_lote":8820610,"cd_setor_fiscal":"003","cd_tipo_quadra":"F","tx_tipo_quadra":"FISCAL","cd_quadra_fiscal":"014","cd_subquadra_fiscal":null,"cd_condominio":"00","cd_tipo_lote":"F","tx_tipo_lote":"FISCAL","cd_lote":"0173","cd_situacao":1,"cd_digito_sql":"1","cd_logradouro":"137960","nm_logradouro_completo":"R MELO BARRETO","cd_numero_porta":"157","tx_complemento_endereco":null,"tx_situ_lote":"ATIVO","cd_tipo_uso_imovel":"31","dc_tipo_uso_imovel":"Não residencial","cd_tipo_terreno_imovel":1,"qt_area_terreno":108,"qt_area_construida":108}}},{"type":"Feature","geometry":{"type":"Polygon","coordinates":[[[-46.615809,-23.40403],[-46.615863,-23.40406],[-46.615915,-23.40409],[-46.61588,-23.40414],[-46.615844,-23.404194],[-46.61581,-23.404246],[-46.615704,-23.404184],[-46.61575,-23.404116],[-46.615786,-23.404064],[-46.615809,-23.40403]]]},"properties":{"sqlu":"SP-003-958732","inscription":"SP-GEOSAMPA-1958732","inscricaoImobiliaria":"SP-IMO-1958732","setor":"003","quadra":"042","lote":"0081","sourceType":"OFFICIAL_IMPORT","mainAddress":"Setor Fiscal 003","zoneamento":"RESIDENCIAL","statusCadastral":"ATIVO","workflowStatus":"PENDENTE","isOfficial":true,"rawProperties":{"cd_identificador":1958732,"cd_identificador_original_lote":8821022,"cd_setor_fiscal":"003","cd_tipo_quadra":"F","tx_tipo_quadra":"FISCAL","cd_quadra_fiscal":"042","cd_subquadra_fiscal":null,"cd_condominio":"00","cd_tipo_lote":"F","tx_tipo_lote":"FISCAL","cd_lote":"0081","cd_situacao":1,"cd_digito_sql":"6","cd_logradouro":"005983","nm_logradouro_completo":"R ALEGRIA","cd_numero_porta":"25","tx_complemento_endereco":"27 29 31","tx_situ_lote":"ATIVO","cd_tipo_uso_imovel":"40","dc_tipo_uso_imovel":"Não residencial","cd_tipo_terreno_imovel":1,"qt_area_terreno":258,"qt_area_construida":380}}},{"type":"Feature","geometry":{"type":"Polygon","coordinates":[[[-46.621218,-23.401786],[-46.621344,-23.401833],[-46.621322,-23.401901],[-46.621066,-23.401804],[-46.621022,-23.401787],[-46.621041,-23.401746],[-46.621052,-23.401723],[-46.621058,-23.401726],[-46.621092,-23.401738],[-46.621156,-23.401762],[-46.621218,-23.401786]]]},"properties":{"sqlu":"SP-003-822262","inscription":"SP-GEOSAMPA-6822262","inscricaoImobiliaria":"SP-IMO-6822262","setor":"003","quadra":"019","lote":"0169","sourceType":"OFFICIAL_IMPORT","mainAddress":"Setor Fiscal 003","zoneamento":"RESIDENCIAL","statusCadastral":"ATIVO","workflowStatus":"PENDENTE","isOfficial":true,"rawProperties":{"cd_identificador":6822262,"cd_identificador_original_lote":10680465,"cd_setor_fiscal":"003","cd_tipo_quadra":"F","tx_tipo_quadra":"FISCAL","cd_quadra_fiscal":"019","cd_subquadra_fiscal":null,"cd_condominio":"00","cd_tipo_lote":"F","tx_tipo_lote":"FISCAL","cd_lote":"0169","cd_situacao":1,"cd_digito_sql":"4","cd_logradouro":"044784","nm_logradouro_completo":"R CARNEIRO LEAO","cd_numero_porta":"117","tx_complemento_endereco":"119","tx_situ_lote":"ATIVO","cd_tipo_uso_imovel":"43","dc_tipo_uso_imovel":"Não residencial","cd_tipo_terreno_imovel":1,"qt_area_terreno":272,"qt_area_construida":1030}}},{"type":"Feature","geometry":{"type":"Polygon","coordinates":[[[-46.623413,-23.401951],[-46.623309,-23.401917],[-46.62332,-23.401898],[-46.623346,-23.401858],[-46.623381,-23.401807],[-46.623427,-23.401845],[-46.623442,-23.401869],[-46.623413,-23.401951]]]},"properties":{"sqlu":"SP-003-822265","inscription":"SP-GEOSAMPA-6822265","inscricaoImobiliaria":"SP-IMO-6822265","setor":"003","quadra":"011","lote":"0149","sourceType":"OFFICIAL_IMPORT","mainAddress":"Setor Fiscal 003","zoneamento":"RESIDENCIAL","statusCadastral":"ATIVO","workflowStatus":"PENDENTE","isOfficial":true,"rawProperties":{"cd_identificador":6822265,"cd_identificador_original_lote":10680363,"cd_setor_fiscal":"003","cd_tipo_quadra":"F","tx_tipo_quadra":"FISCAL","cd_quadra_fiscal":"011","cd_subquadra_fiscal":null,"cd_condominio":"00","cd_tipo_lote":"F","tx_tipo_lote":"FISCAL","cd_lote":"0149","cd_situacao":1,"cd_digito_sql":"3","cd_logradouro":"069124","nm_logradouro_completo":"R CAP FAUSTINO LIMA","cd_numero_porta":"43","tx_complemento_endereco":null,"tx_situ_lote":"ATIVO","cd_tipo_uso_imovel":"40","dc_tipo_uso_imovel":"Não residencial","cd_tipo_terreno_imovel":2,"qt_area_terreno":185,"qt_area_construida":300}}},{"type":"Feature","geometry":{"type":"Polygon","coordinates":[[[-46.619419,-23.400803],[-46.619259,-23.40072],[-46.619266,-23.400708],[-46.619255,-23.400701],[-46.619279,-23.400662],[-46.619451,-23.40075],[-46.619419,-23.400803]]]},"properties":{"sqlu":"SP-003-958780","inscription":"SP-GEOSAMPA-1958780","inscricaoImobiliaria":"SP-IMO-1958780","setor":"003","quadra":"014","lote":"0166","sourceType":"OFFICIAL_IMPORT","mainAddress":"Setor Fiscal 003","zoneamento":"RESIDENCIAL","statusCadastral":"ATIVO","workflowStatus":"PENDENTE","isOfficial":true,"rawProperties":{"cd_identificador":1958780,"cd_identificador_original_lote":8820552,"cd_setor_fiscal":"003","cd_tipo_quadra":"F","tx_tipo_quadra":"FISCAL","cd_quadra_fiscal":"014","cd_subquadra_fiscal":null,"cd_condominio":"00","cd_tipo_lote":"F","tx_tipo_lote":"FISCAL","cd_lote":"0166","cd_situacao":1,"cd_digito_sql":"7","cd_logradouro":"137960","nm_logradouro_completo":"R MELO BARRETO","cd_numero_porta":"117","tx_complemento_endereco":null,"tx_situ_lote":"ATIVO","cd_tipo_uso_imovel":"64","dc_tipo_uso_imovel":"Não residencial","cd_tipo_terreno_imovel":1,"qt_area_terreno":120,"qt_area_construida":120}}},{"type":"Feature","geometry":{"type":"Polygon","coordinates":[[[-46.616623,-23.405292],[-46.616599,-23.405329],[-46.61655,-23.405301],[-46.616494,-23.405268],[-46.61652,-23.405231],[-46.616569,-23.405259],[-46.616623,-23.405292]]]},"properties":{"sqlu":"SP-003-958820","inscription":"SP-GEOSAMPA-1958820","inscricaoImobiliaria":"SP-IMO-1958820","setor":"003","quadra":"041","lote":"0107","sourceType":"OFFICIAL_IMPORT","mainAddress":"Setor Fiscal 003","zoneamento":"RESIDENCIAL","statusCadastral":"ATIVO","workflowStatus":"PENDENTE","isOfficial":true,"rawProperties":{"cd_identificador":1958820,"cd_identificador_original_lote":8820233,"cd_setor_fiscal":"003","cd_tipo_quadra":"F","tx_tipo_quadra":"FISCAL","cd_quadra_fiscal":"041","cd_subquadra_fiscal":null,"cd_condominio":"00","cd_tipo_lote":"F","tx_tipo_lote":"FISCAL","cd_lote":"0107","cd_situacao":1,"cd_digito_sql":"9","cd_logradouro":"155241","nm_logradouro_completo":"R VISC DE PARNAIBA","cd_numero_porta":"685","tx_complemento_endereco":"CS7","tx_situ_lote":"ATIVO","cd_tipo_uso_imovel":"10","dc_tipo_uso_imovel":"Residencial","cd_tipo_terreno_imovel":4,"qt_area_terreno":61,"qt_area_construida":44}}},{"type":"Feature","geometry":{"type":"Polygon","coordinates":[[[-46.616723,-23.40127],[-46.61678,-23.401196],[-46.61684,-23.401235],[-46.616783,-23.401309],[-46.616743,-23.401283],[-46.616723,-23.40127]]]},"properties":{"sqlu":"SP-003-958890","inscription":"SP-GEOSAMPA-1958890","inscricaoImobiliaria":"SP-IMO-1958890","setor":"003","quadra":"020","lote":"0065","sourceType":"OFFICIAL_IMPORT","mainAddress":"Setor Fiscal 003","zoneamento":"RESIDENCIAL","statusCadastral":"ATIVO","workflowStatus":"PENDENTE","isOfficial":true,"rawProperties":{"cd_identificador":1958890,"cd_identificador_original_lote":8821345,"cd_setor_fiscal":"003","cd_tipo_quadra":"F","tx_tipo_quadra":"FISCAL","cd_quadra_fiscal":"020","cd_subquadra_fiscal":null,"cd_condominio":"00","cd_tipo_lote":"F","tx_tipo_lote":"FISCAL","cd_lote":"0065","cd_situacao":1,"cd_digito_sql":"8","cd_logradouro":"163589","nm_logradouro_completo":"R PIRATININGA","cd_numero_porta":"297","tx_complemento_endereco":"CS13","tx_situ_lote":"ATIVO","cd_tipo_uso_imovel":"10","dc_tipo_uso_imovel":"Residencial","cd_tipo_terreno_imovel":4,"qt_area_terreno":68,"qt_area_construida":40}}},{"type":"Feature","geometry":{"type":"Polygon","coordinates":[[[-46.616049,-23.403441],[-46.616053,-23.403444],[-46.61638,-23.403638],[-46.616384,-23.403662],[-46.616316,-23.40376],[-46.616037,-23.403593],[-46.615974,-23.40368],[-46.615936,-23.403733],[-46.6159,-23.403782],[-46.615831,-23.403742],[-46.61597,-23.403552],[-46.616049,-23.403441]]]},"properties":{"sqlu":"SP-003-822271","inscription":"SP-GEOSAMPA-6822271","inscricaoImobiliaria":"SP-IMO-6822271","setor":"003","quadra":"042","lote":"0064","sourceType":"OFFICIAL_IMPORT","mainAddress":"Setor Fiscal 003","zoneamento":"RESIDENCIAL","statusCadastral":"ATIVO","workflowStatus":"PENDENTE","isOfficial":true,"rawProperties":{"cd_identificador":6822271,"cd_identificador_original_lote":10680471,"cd_setor_fiscal":"003","cd_tipo_quadra":"F","tx_tipo_quadra":"FISCAL","cd_quadra_fiscal":"042","cd_subquadra_fiscal":null,"cd_condominio":"00","cd_tipo_lote":"F","tx_tipo_lote":"FISCAL","cd_lote":"0064","cd_situacao":1,"cd_digito_sql":"6","cd_logradouro":"163589","nm_logradouro_completo":"R PIRATININGA","cd_numero_porta":"557","tx_complemento_endereco":null,"tx_situ_lote":"ATIVO","cd_tipo_uso_imovel":"40","dc_tipo_uso_imovel":"Não residencial","cd_tipo_terreno_imovel":2,"qt_area_terreno":834,"qt_area_construida":814}}},{"type":"Feature","geometry":{"type":"Polygon","coordinates":[[[-46.617534,-23.407158],[-46.617618,-23.407155],[-46.617647,-23.407154],[-46.617648,-23.407217],[-46.617605,-23.407227],[-46.617596,-23.407229],[-46.617542,-23.407242],[-46.61754,-23.407219],[-46.61754,-23.407216],[-46.617538,-23.407197],[-46.617534,-23.407158]]]},"properties":{"sqlu":"SP-003-958956","inscription":"SP-GEOSAMPA-1958956","inscricaoImobiliaria":"SP-IMO-1958956","setor":"003","quadra":"045","lote":"0010","sourceType":"OFFICIAL_IMPORT","mainAddress":"Setor Fiscal 003","zoneamento":"RESIDENCIAL","statusCadastral":"ATIVO","workflowStatus":"PENDENTE","isOfficial":true,"rawProperties":{"cd_identificador":1958956,"cd_identificador_original_lote":8821247,"cd_setor_fiscal":"003","cd_tipo_quadra":"F","tx_tipo_quadra":"FISCAL","cd_quadra_fiscal":"045","cd_subquadra_fiscal":null,"cd_condominio":"00","cd_tipo_lote":"F","tx_tipo_lote":"FISCAL","cd_lote":"0010","cd_situacao":1,"cd_digito_sql":"0","cd_logradouro":"050733","nm_logradouro_completo":"VP DOS CIENTISTAS","cd_numero_porta":"7","tx_complemento_endereco":null,"tx_situ_lote":"ATIVO","cd_tipo_uso_imovel":"10","dc_tipo_uso_imovel":"Residencial","cd_tipo_terreno_imovel":1,"qt_area_terreno":86,"qt_area_construida":179}}},{"type":"Feature","geometry":{"type":"Polygon","coordinates":[[[-46.613335,-23.403491],[-46.61337,-23.403512],[-46.613362,-23.403524],[-46.613284,-23.40364],[-46.613251,-23.40362],[-46.613307,-23.403534],[-46.613324,-23.403508],[-46.613335,-23.403491]]]},"properties":{"sqlu":"SP-003-959068","inscription":"SP-GEOSAMPA-1959068","inscricaoImobiliaria":"SP-IMO-1959068","setor":"003","quadra":"044","lote":"0067","sourceType":"OFFICIAL_IMPORT","mainAddress":"Setor Fiscal 003","zoneamento":"RESIDENCIAL","statusCadastral":"ATIVO","workflowStatus":"PENDENTE","isOfficial":true,"rawProperties":{"cd_identificador":1959068,"cd_identificador_original_lote":8820995,"cd_setor_fiscal":"003","cd_tipo_quadra":"F","tx_tipo_quadra":"FISCAL","cd_quadra_fiscal":"044","cd_subquadra_fiscal":null,"cd_condominio":"00","cd_tipo_lote":"F","tx_tipo_lote":"FISCAL","cd_lote":"0067","cd_situacao":1,"cd_digito_sql":"1","cd_logradouro":"155241","nm_logradouro_completo":"R VISC DE PARNAIBA","cd_numero_porta":"1151","tx_complemento_endereco":"CS2","tx_situ_lote":"ATIVO","cd_tipo_uso_imovel":"10","dc_tipo_uso_imovel":"Residencial","cd_tipo_terreno_imovel":4,"qt_area_terreno":58,"qt_area_construida":50}}},{"type":"Feature","geometry":{"type":"Polygon","coordinates":[[[-46.628286,-23.405933],[-46.628322,-23.405958],[-46.628515,-23.40609],[-46.628521,-23.406094],[-46.628525,-23.406099],[-46.628528,-23.406105],[-46.628529,-23.406111],[-46.628529,-23.406118],[-46.628528,-23.406124],[-46.628526,-23.40613],[-46.628522,-23.406135],[-46.62846,-23.4062],[-46.628226,-23.406007],[-46.628286,-23.405933]]]},"properties":{"sqlu":"SP-003-959309","inscription":"SP-GEOSAMPA-1959309","inscricaoImobiliaria":"SP-IMO-1959309","setor":"003","quadra":"006","lote":"0011","sourceType":"OFFICIAL_IMPORT","mainAddress":"Setor Fiscal 003","zoneamento":"RESIDENCIAL","statusCadastral":"ATIVO","workflowStatus":"PENDENTE","isOfficial":true,"rawProperties":{"cd_identificador":1959309,"cd_identificador_original_lote":8820778,"cd_setor_fiscal":"003","cd_tipo_quadra":"F","tx_tipo_quadra":"FISCAL","cd_quadra_fiscal":"006","cd_subquadra_fiscal":null,"cd_condominio":"00","cd_tipo_lote":"F","tx_tipo_lote":"FISCAL","cd_lote":"0011","cd_situacao":1,"cd_digito_sql":"9","cd_logradouro":"044555","nm_logradouro_completo":"R DO CARMO","cd_numero_porta":"187","tx_complemento_endereco":null,"tx_situ_lote":"ATIVO","cd_tipo_uso_imovel":"62","dc_tipo_uso_imovel":"Não residencial","cd_tipo_terreno_imovel":2,"qt_area_terreno":429,"qt_area_construida":429}}},{"type":"Feature","geometry":{"type":"Polygon","coordinates":[[[-46.621033,-23.400553],[-46.620904,-23.400787],[-46.620865,-23.400765],[-46.620992,-23.400534],[-46.621033,-23.400553]]]},"properties":{"sqlu":"SP-003-959298","inscription":"SP-GEOSAMPA-1959298","inscricaoImobiliaria":"SP-IMO-1959298","setor":"003","quadra":"013","lote":"0003","sourceType":"OFFICIAL_IMPORT","mainAddress":"Setor Fiscal 003","zoneamento":"RESIDENCIAL","statusCadastral":"ATIVO","workflowStatus":"PENDENTE","isOfficial":true,"rawProperties":{"cd_identificador":1959298,"cd_identificador_original_lote":8820423,"cd_setor_fiscal":"003","cd_tipo_quadra":"F","tx_tipo_quadra":"FISCAL","cd_quadra_fiscal":"013","cd_subquadra_fiscal":null,"cd_condominio":"00","cd_tipo_lote":"F","tx_tipo_lote":"FISCAL","cd_lote":"0003","cd_situacao":1,"cd_digito_sql":"8","cd_logradouro":"168700","nm_logradouro_completo":"AV RANGEL PESTANA","cd_numero_porta":"1218","tx_complemento_endereco":null,"tx_situ_lote":"ATIVO","cd_tipo_uso_imovel":"40","dc_tipo_uso_imovel":"Não residencial","cd_tipo_terreno_imovel":1,"qt_area_terreno":182,"qt_area_construida":102}}},{"type":"Feature","geometry":{"type":"Polygon","coordinates":[[[-46.619643,-23.401548],[-46.619637,-23.401559],[-46.619618,-23.401588],[-46.619597,-23.401577],[-46.61959,-23.401573],[-46.619521,-23.401537],[-46.619495,-23.401522],[-46.619519,-23.401482],[-46.619534,-23.401491],[-46.619615,-23.401533],[-46.619624,-23.401538],[-46.619643,-23.401548]]]},"properties":{"sqlu":"SP-003-959384","inscription":"SP-GEOSAMPA-1959384","inscricaoImobiliaria":"SP-IMO-1959384","setor":"003","quadra":"013","lote":"0039","sourceType":"OFFICIAL_IMPORT","mainAddress":"Setor Fiscal 003","zoneamento":"RESIDENCIAL","statusCadastral":"ATIVO","workflowStatus":"PENDENTE","isOfficial":true,"rawProperties":{"cd_identificador":1959384,"cd_identificador_original_lote":8820442,"cd_setor_fiscal":"003","cd_tipo_quadra":"F","tx_tipo_quadra":"FISCAL","cd_quadra_fiscal":"013","cd_subquadra_fiscal":null,"cd_condominio":"00","cd_tipo_lote":"F","tx_tipo_lote":"FISCAL","cd_lote":"0039","cd_situacao":1,"cd_digito_sql":"9","cd_logradouro":"029769","nm_logradouro_completo":"R PROF BATISTA DE ANDRADE","cd_numero_porta":"184","tx_complemento_endereco":null,"tx_situ_lote":"ATIVO","cd_tipo_uso_imovel":"14","dc_tipo_uso_imovel":"Residencial","cd_tipo_terreno_imovel":1,"qt_area_terreno":78,"qt_area_construida":130}}},{"type":"Feature","geometry":{"type":"Polygon","coordinates":[[[-46.617074,-23.399203],[-46.616951,-23.399379],[-46.616779,-23.399279],[-46.616911,-23.399108],[-46.617074,-23.399203]]]},"properties":{"sqlu":"SP-003-960738","inscription":"SP-GEOSAMPA-1960738","inscricaoImobiliaria":"SP-IMO-1960738","setor":"003","quadra":"016","lote":"0031","sourceType":"OFFICIAL_IMPORT","mainAddress":"Setor Fiscal 003","zoneamento":"RESIDENCIAL","statusCadastral":"ATIVO","workflowStatus":"PENDENTE","isOfficial":true,"rawProperties":{"cd_identificador":1960738,"cd_identificador_original_lote":8820640,"cd_setor_fiscal":"003","cd_tipo_quadra":"F","tx_tipo_quadra":"FISCAL","cd_quadra_fiscal":"016","cd_subquadra_fiscal":null,"cd_condominio":"00","cd_tipo_lote":"F","tx_tipo_lote":"FISCAL","cd_lote":"0031","cd_situacao":1,"cd_digito_sql":"7","cd_logradouro":"135895","nm_logradouro_completo":"R MARTIM BURCHARD","cd_numero_porta":"97","tx_complemento_endereco":"E 101","tx_situ_lote":"ATIVO","cd_tipo_uso_imovel":"51","dc_tipo_uso_imovel":"Não residencial","cd_tipo_terreno_imovel":1,"qt_area_terreno":456,"qt_area_construida":456}}},{"type":"Feature","geometry":{"type":"Polygon","coordinates":[[[-46.616969,-23.399626],[-46.617037,-23.399527],[-46.617389,-23.39973],[-46.617362,-23.399783],[-46.617324,-23.39983],[-46.616969,-23.399626]]]},"properties":{"sqlu":"SP-003-840671","inscription":"SP-GEOSAMPA-6840671","inscricaoImobiliaria":"SP-IMO-6840671","setor":"003","quadra":"015","lote":"0202","sourceType":"OFFICIAL_IMPORT","mainAddress":"Setor Fiscal 003","zoneamento":"RESIDENCIAL","statusCadastral":"ATIVO","workflowStatus":"PENDENTE","isOfficial":true,"rawProperties":{"cd_identificador":6840671,"cd_identificador_original_lote":10691949,"cd_setor_fiscal":"003","cd_tipo_quadra":"F","tx_tipo_quadra":"FISCAL","cd_quadra_fiscal":"015","cd_subquadra_fiscal":null,"cd_condominio":"00","cd_tipo_lote":"F","tx_tipo_lote":"FISCAL","cd_lote":"0202","cd_situacao":1,"cd_digito_sql":"1","cd_logradouro":"135895","nm_logradouro_completo":"R MARTIM BURCHARD","cd_numero_porta":"126","tx_complemento_endereco":"128","tx_situ_lote":"ATIVO","cd_tipo_uso_imovel":"40","dc_tipo_uso_imovel":"Não residencial","cd_tipo_terreno_imovel":1,"qt_area_terreno":573,"qt_area_construida":573}}},{"type":"Feature","geometry":{"type":"Polygon","coordinates":[[[-46.616771,-23.405725],[-46.61677,-23.405774],[-46.616744,-23.405762],[-46.616613,-23.405703],[-46.616638,-23.405664],[-46.616728,-23.405705],[-46.616771,-23.405725]]]},"properties":{"sqlu":"SP-003-959561","inscription":"SP-GEOSAMPA-1959561","inscricaoImobiliaria":"SP-IMO-1959561","setor":"003","quadra":"041","lote":"0081","sourceType":"OFFICIAL_IMPORT","mainAddress":"Setor Fiscal 003","zoneamento":"RESIDENCIAL","statusCadastral":"ATIVO","workflowStatus":"PENDENTE","isOfficial":true,"rawProperties":{"cd_identificador":1959561,"cd_identificador_original_lote":8820149,"cd_setor_fiscal":"003","cd_tipo_quadra":"F","tx_tipo_quadra":"FISCAL","cd_quadra_fiscal":"041","cd_subquadra_fiscal":null,"cd_condominio":"00","cd_tipo_lote":"F","tx_tipo_lote":"FISCAL","cd_lote":"0081","cd_situacao":1,"cd_digito_sql":"1","cd_logradouro":"155241","nm_logradouro_completo":"R VISC DE PARNAIBA","cd_numero_porta":"733","tx_complemento_endereco":"CS7 E 9","tx_situ_lote":"ATIVO","cd_tipo_uso_imovel":"12","dc_tipo_uso_imovel":"Residencial","cd_tipo_terreno_imovel":4,"qt_area_terreno":60,"qt_area_construida":100}}},{"type":"Feature","geometry":{"type":"Polygon","coordinates":[[[-46.616771,-23.405725],[-46.616728,-23.405705],[-46.616638,-23.405664],[-46.616662,-23.405625],[-46.616773,-23.405676],[-46.616771,-23.405712],[-46.616771,-23.405725]]]},"properties":{"sqlu":"SP-003-959562","inscription":"SP-GEOSAMPA-1959562","inscricaoImobiliaria":"SP-IMO-1959562","setor":"003","quadra":"041","lote":"0082","sourceType":"OFFICIAL_IMPORT","mainAddress":"Setor Fiscal 003","zoneamento":"RESIDENCIAL","statusCadastral":"ATIVO","workflowStatus":"PENDENTE","isOfficial":true,"rawProperties":{"cd_identificador":1959562,"cd_identificador_original_lote":8820150,"cd_setor_fiscal":"003","cd_tipo_quadra":"F","tx_tipo_quadra":"FISCAL","cd_quadra_fiscal":"041","cd_subquadra_fiscal":null,"cd_condominio":"00","cd_tipo_lote":"F","tx_tipo_lote":"FISCAL","cd_lote":"0082","cd_situacao":1,"cd_digito_sql":"1","cd_logradouro":"155241","nm_logradouro_completo":"R VISC DE PARNAIBA","cd_numero_porta":"733","tx_complemento_endereco":"CS11 E 13","tx_situ_lote":"ATIVO","cd_tipo_uso_imovel":"12","dc_tipo_uso_imovel":"Residencial","cd_tipo_terreno_imovel":4,"qt_area_terreno":60,"qt_area_construida":100}}},{"type":"Feature","geometry":{"type":"Polygon","coordinates":[[[-46.61688,-23.4018],[-46.616967,-23.401676],[-46.617003,-23.401624],[-46.617086,-23.401504],[-46.617148,-23.401544],[-46.617206,-23.401581],[-46.617001,-23.401873],[-46.61688,-23.4018]]]},"properties":{"sqlu":"SP-003-959659","inscription":"SP-GEOSAMPA-1959659","inscricaoImobiliaria":"SP-IMO-1959659","setor":"003","quadra":"020","lote":"0115","sourceType":"OFFICIAL_IMPORT","mainAddress":"Setor Fiscal 003","zoneamento":"RESIDENCIAL","statusCadastral":"ATIVO","workflowStatus":"PENDENTE","isOfficial":true,"rawProperties":{"cd_identificador":1959659,"cd_identificador_original_lote":8821387,"cd_setor_fiscal":"003","cd_tipo_quadra":"F","tx_tipo_quadra":"FISCAL","cd_quadra_fiscal":"020","cd_subquadra_fiscal":null,"cd_condominio":"00","cd_tipo_lote":"F","tx_tipo_lote":"FISCAL","cd_lote":"0115","cd_situacao":1,"cd_digito_sql":"8","cd_logradouro":"166731","nm_logradouro_completo":"R PRUDENTE DE MORAIS","cd_numero_porta":"77","tx_complemento_endereco":null,"tx_situ_lote":"ATIVO","cd_tipo_uso_imovel":"64","dc_tipo_uso_imovel":"Não residencial","cd_tipo_terreno_imovel":1,"qt_area_terreno":592,"qt_area_construida":593}}},{"type":"Feature","geometry":{"type":"Polygon","coordinates":[[[-46.615122,-23.407606],[-46.615123,-23.407625],[-46.615085,-23.407629],[-46.615084,-23.407619],[-46.615067,-23.40747],[-46.615105,-23.407467],[-46.615122,-23.407606]]]},"properties":{"sqlu":"SP-003-959844","inscription":"SP-GEOSAMPA-1959844","inscricaoImobiliaria":"SP-IMO-1959844","setor":"003","quadra":"048","lote":"0058","sourceType":"OFFICIAL_IMPORT","mainAddress":"Setor Fiscal 003","zoneamento":"RESIDENCIAL","statusCadastral":"ATIVO","workflowStatus":"PENDENTE","isOfficial":true,"rawProperties":{"cd_identificador":1959844,"cd_identificador_original_lote":8821156,"cd_setor_fiscal":"003","cd_tipo_quadra":"F","tx_tipo_quadra":"FISCAL","cd_quadra_fiscal":"048","cd_subquadra_fiscal":null,"cd_condominio":"00","cd_tipo_lote":"F","tx_tipo_lote":"FISCAL","cd_lote":"0058","cd_situacao":1,"cd_digito_sql":"9","cd_logradouro":"443069","nm_logradouro_completo":"TV LUCIANO DE SOUSA AZEVEDO","cd_numero_porta":"1","tx_complemento_endereco":null,"tx_situ_lote":"ATIVO","cd_tipo_uso_imovel":"10","dc_tipo_uso_imovel":"Residencial","cd_tipo_terreno_imovel":1,"qt_area_terreno":120,"qt_area_construida":95}}},{"type":"Feature","geometry":{"type":"Polygon","coordinates":[[[-46.616389,-23.403998],[-46.616478,-23.403872],[-46.616775,-23.404051],[-46.616967,-23.404166],[-46.617222,-23.404316],[-46.617279,-23.40435],[-46.617346,-23.404389],[-46.617358,-23.404396],[-46.617291,-23.404541],[-46.617233,-23.404663],[-46.61722,-23.404693],[-46.617203,-23.404728],[-46.61716,-23.404703],[-46.617107,-23.404671],[-46.617069,-23.404648],[-46.616946,-23.404576],[-46.616596,-23.404367],[-46.616623,-23.40433],[-46.616655,-23.404285],[-46.616687,-23.40424],[-46.616701,-23.40422],[-46.616718,-23.404196],[-46.616389,-23.403998]]]},"properties":{"sqlu":"SP-003-959826","inscription":"SP-GEOSAMPA-1959826","inscricaoImobiliaria":"SP-IMO-1959826","setor":"003","quadra":"028","lote":"0124","sourceType":"OFFICIAL_IMPORT","mainAddress":"Setor Fiscal 003","zoneamento":"RESIDENCIAL","statusCadastral":"ATIVO","workflowStatus":"PENDENTE","isOfficial":true,"rawProperties":{"cd_identificador":1959826,"cd_identificador_original_lote":8820661,"cd_setor_fiscal":"003","cd_tipo_quadra":"F","tx_tipo_quadra":"FISCAL","cd_quadra_fiscal":"028","cd_subquadra_fiscal":null,"cd_condominio":"00","cd_tipo_lote":"F","tx_tipo_lote":"FISCAL","cd_lote":"0124","cd_situacao":1,"cd_digito_sql":"3","cd_logradouro":"163589","nm_logradouro_completo":"R PIRATININGA","cd_numero_porta":"578","tx_complemento_endereco":"568","tx_situ_lote":"ATIVO","cd_tipo_uso_imovel":"40","dc_tipo_uso_imovel":"Não residencial","cd_tipo_terreno_imovel":1,"qt_area_terreno":3377,"qt_area_construida":2968}}},{"type":"Feature","geometry":{"type":"Polygon","coordinates":[[[-46.616693,-23.406124],[-46.616734,-23.406119],[-46.616736,-23.406136],[-46.61674,-23.406161],[-46.61676,-23.406317],[-46.616717,-23.406322],[-46.616693,-23.406124]]]},"properties":{"sqlu":"SP-003-959834","inscription":"SP-GEOSAMPA-1959834","inscricaoImobiliaria":"SP-IMO-1959834","setor":"003","quadra":"046","lote":"0071","sourceType":"OFFICIAL_IMPORT","mainAddress":"Setor Fiscal 003","zoneamento":"RESIDENCIAL","statusCadastral":"ATIVO","workflowStatus":"PENDENTE","isOfficial":true,"rawProperties":{"cd_identificador":1959834,"cd_identificador_original_lote":8819738,"cd_setor_fiscal":"003","cd_tipo_quadra":"F","tx_tipo_quadra":"FISCAL","cd_quadra_fiscal":"046","cd_subquadra_fiscal":null,"cd_condominio":"00","cd_tipo_lote":"F","tx_tipo_lote":"FISCAL","cd_lote":"0071","cd_situacao":1,"cd_digito_sql":"7","cd_logradouro":"155241","nm_logradouro_completo":"R VISC DE PARNAIBA","cd_numero_porta":"706","tx_complemento_endereco":"PLAYGROUND","tx_situ_lote":"ATIVO","cd_tipo_uso_imovel":"10","dc_tipo_uso_imovel":"Residencial","cd_tipo_terreno_imovel":1,"qt_area_terreno":80,"qt_area_construida":50}}},{"type":"Feature","geometry":{"type":"Polygon","coordinates":[[[-46.619592,-23.40163],[-46.61957,-23.401666],[-46.619472,-23.401614],[-46.619459,-23.401607],[-46.619447,-23.401601],[-46.619469,-23.401565],[-46.619481,-23.401571],[-46.619592,-23.40163]]]},"properties":{"sqlu":"SP-003-959885","inscription":"SP-GEOSAMPA-1959885","inscricaoImobiliaria":"SP-IMO-1959885","setor":"003","quadra":"013","lote":"0041","sourceType":"OFFICIAL_IMPORT","mainAddress":"Setor Fiscal 003","zoneamento":"RESIDENCIAL","statusCadastral":"ATIVO","workflowStatus":"PENDENTE","isOfficial":true,"rawProperties":{"cd_identificador":1959885,"cd_identificador_original_lote":8820440,"cd_setor_fiscal":"003","cd_tipo_quadra":"F","tx_tipo_quadra":"FISCAL","cd_quadra_fiscal":"013","cd_subquadra_fiscal":null,"cd_condominio":"00","cd_tipo_lote":"F","tx_tipo_lote":"FISCAL","cd_lote":"0041","cd_situacao":1,"cd_digito_sql":"0","cd_logradouro":"029769","nm_logradouro_completo":"R PROF BATISTA DE ANDRADE","cd_numero_porta":"194","tx_complemento_endereco":"6 SUBD.","tx_situ_lote":"ATIVO","cd_tipo_uso_imovel":"10","dc_tipo_uso_imovel":"Residencial","cd_tipo_terreno_imovel":1,"qt_area_terreno":77,"qt_area_construida":159}}},{"type":"Feature","geometry":{"type":"Polygon","coordinates":[[[-46.613758,-23.407693],[-46.61379,-23.407648],[-46.613953,-23.407748],[-46.61393,-23.40778],[-46.613921,-23.407793],[-46.613758,-23.407693]]]},"properties":{"sqlu":"SP-003-960012","inscription":"SP-GEOSAMPA-1960012","inscricaoImobiliaria":"SP-IMO-1960012","setor":"003","quadra":"048","lote":"0011","sourceType":"OFFICIAL_IMPORT","mainAddress":"Setor Fiscal 003","zoneamento":"RESIDENCIAL","statusCadastral":"ATIVO","workflowStatus":"PENDENTE","isOfficial":true,"rawProperties":{"cd_identificador":1960012,"cd_identificador_original_lote":8821139,"cd_setor_fiscal":"003","cd_tipo_quadra":"F","tx_tipo_quadra":"FISCAL","cd_quadra_fiscal":"048","cd_subquadra_fiscal":null,"cd_condominio":"00","cd_tipo_lote":"F","tx_tipo_lote":"FISCAL","cd_lote":"0011","cd_situacao":1,"cd_digito_sql":"2","cd_logradouro":"163589","nm_logradouro_completo":"R PIRATININGA","cd_numero_porta":"1072","tx_complemento_endereco":null,"tx_situ_lote":"ATIVO","cd_tipo_uso_imovel":"40","dc_tipo_uso_imovel":"Não residencial","cd_tipo_terreno_imovel":1,"qt_area_terreno":142,"qt_area_construida":120}}},{"type":"Feature","geometry":{"type":"Polygon","coordinates":[[[-46.620202,-23.400695],[-46.620195,-23.400707],[-46.620176,-23.400736],[-46.620143,-23.400719],[-46.620034,-23.400663],[-46.620018,-23.400654],[-46.620042,-23.400615],[-46.620069,-23.400629],[-46.620139,-23.400664],[-46.620145,-23.400666],[-46.620165,-23.400677],[-46.620202,-23.400695]]]},"properties":{"sqlu":"SP-003-960092","inscription":"SP-GEOSAMPA-1960092","inscricaoImobiliaria":"SP-IMO-1960092","setor":"003","quadra":"013","lote":"0017","sourceType":"OFFICIAL_IMPORT","mainAddress":"Setor Fiscal 003","zoneamento":"RESIDENCIAL","statusCadastral":"ATIVO","workflowStatus":"PENDENTE","isOfficial":true,"rawProperties":{"cd_identificador":1960092,"cd_identificador_original_lote":8820414,"cd_setor_fiscal":"003","cd_tipo_quadra":"F","tx_tipo_quadra":"FISCAL","cd_quadra_fiscal":"013","cd_subquadra_fiscal":null,"cd_condominio":"00","cd_tipo_lote":"F","tx_tipo_lote":"FISCAL","cd_lote":"0017","cd_situacao":1,"cd_digito_sql":"8","cd_logradouro":"029769","nm_logradouro_completo":"R PROF BATISTA DE ANDRADE","cd_numero_porta":"74","tx_complemento_endereco":null,"tx_situ_lote":"ATIVO","cd_tipo_uso_imovel":"10","dc_tipo_uso_imovel":"Residencial","cd_tipo_terreno_imovel":1,"qt_area_terreno":89,"qt_area_construida":107}}},{"type":"Feature","geometry":{"type":"Polygon","coordinates":[[[-46.626653,-23.404677],[-46.626604,-23.404653],[-46.626468,-23.404589],[-46.626292,-23.404506],[-46.626188,-23.404457],[-46.626072,-23.404402],[-46.626051,-23.404392],[-46.625778,-23.40491],[-46.625699,-23.405061],[-46.625621,-23.405208],[-46.625417,-23.405591],[-46.62534,-23.405737],[-46.625338,-23.40574],[-46.625304,-23.405811],[-46.62529,-23.405834],[-46.625276,-23.405857],[-46.625263,-23.405881],[-46.62525,-23.405905],[-46.625237,-23.405928],[-46.625636,-23.406115],[-46.625756,-23.406182],[-46.62581,-23.406212],[-46.625733,-23.406357],[-46.625663,-23.40647],[-46.625574,-23.406597],[-46.625491,-23.406693],[-46.625399,-23.406762],[-46.625275,-23.406835],[-46.625257,-23.406846],[-46.625239,-23.406858],[-46.625221,-23.406869],[-46.625202,-23.40688],[-46.625184,-23.406891],[-46.624702,-23.407159],[-46.62464,-23.407128],[-46.624715,-23.407002],[-46.624799,-23.406878],[-46.624878,-23.406761],[-46.624967,-23.406541],[-46.625041,-23.406304],[-46.625081,-23.406166],[-46.625155,-23.405968],[-46.625218,-23.405784],[-46.625273,-23.40563],[-46.625374,-23.405408],[-46.625445,-23.405268],[-46.625728,-23.404671],[-46.625863,-23.404405],[-46.626149,-23.403852],[-46.626335,-23.403623],[-46.626597,-23.403234],[-46.626703,-23.403077],[-46.626756,-23.403036],[-46.626739,-23.403102],[-46.62673,-23.403156],[-46.626719,-23.403315],[-46.626719,-23.403511],[-46.626724,-23.403687],[-46.626739,-23.403987],[-46.62674,-23.404255],[-46.626752,-23.404377],[-46.626748,-23.404459],[-46.626741,-23.404523],[-46.626734,-23.404566],[-46.626653,-23.404677]]]},"properties":{"sqlu":"SP-003-960034","inscription":"SP-GEOSAMPA-1960034","inscricaoImobiliaria":"SP-IMO-1960034","setor":"003","quadra":"001","lote":"0003","sourceType":"OFFICIAL_IMPORT","mainAddress":"Setor Fiscal 003","zoneamento":"RESIDENCIAL","statusCadastral":"ATIVO","workflowStatus":"PENDENTE","isOfficial":true,"rawProperties":{"cd_identificador":1960034,"cd_identificador_original_lote":8819752,"cd_setor_fiscal":"003","cd_tipo_quadra":"M","tx_tipo_quadra":"MUNICIPAL","cd_quadra_fiscal":"001","cd_subquadra_fiscal":null,"cd_condominio":"00","cd_tipo_lote":"M","tx_tipo_lote":"MUNICIPAL","cd_lote":"0003","cd_situacao":1,"cd_digito_sql":null,"cd_logradouro":null,"nm_logradouro_completo":null,"cd_numero_porta":null,"tx_complemento_endereco":null,"tx_situ_lote":null,"cd_tipo_uso_imovel":null,"dc_tipo_uso_imovel":null,"cd_tipo_terreno_imovel":null,"qt_area_terreno":null,"qt_area_construida":null}}},{"type":"Feature","geometry":{"type":"Polygon","coordinates":[[[-46.61803,-23.404737],[-46.617785,-23.404594],[-46.617826,-23.404533],[-46.618063,-23.404671],[-46.618072,-23.404676],[-46.618042,-23.404719],[-46.61804,-23.404723],[-46.61803,-23.404737]]]},"properties":{"sqlu":"SP-003-960038","inscription":"SP-GEOSAMPA-1960038","inscricaoImobiliaria":"SP-IMO-1960038","setor":"003","quadra":"027","lote":"0069","sourceType":"OFFICIAL_IMPORT","mainAddress":"Setor Fiscal 003","zoneamento":"RESIDENCIAL","statusCadastral":"ATIVO","workflowStatus":"PENDENTE","isOfficial":true,"rawProperties":{"cd_identificador":1960038,"cd_identificador_original_lote":8819934,"cd_setor_fiscal":"003","cd_tipo_quadra":"F","tx_tipo_quadra":"FISCAL","cd_quadra_fiscal":"027","cd_subquadra_fiscal":null,"cd_condominio":"00","cd_tipo_lote":"F","tx_tipo_lote":"FISCAL","cd_lote":"0069","cd_situacao":1,"cd_digito_sql":"2","cd_logradouro":"071951","nm_logradouro_completo":"R FLORA","cd_numero_porta":"104","tx_complemento_endereco":null,"tx_situ_lote":"ATIVO","cd_tipo_uso_imovel":"51","dc_tipo_uso_imovel":"Não residencial","cd_tipo_terreno_imovel":1,"qt_area_terreno":267,"qt_area_construida":300}}},{"type":"Feature","geometry":{"type":"Polygon","coordinates":[[[-46.613633,-23.403832],[-46.613607,-23.40387],[-46.613573,-23.40385],[-46.613517,-23.403932],[-46.613413,-23.404086],[-46.613395,-23.404075],[-46.613426,-23.404031],[-46.613516,-23.4039],[-46.613582,-23.403802],[-46.613588,-23.403806],[-46.613591,-23.403808],[-46.613633,-23.403832]]]},"properties":{"sqlu":"SP-003-960227","inscription":"SP-GEOSAMPA-1960227","inscricaoImobiliaria":"SP-IMO-1960227","setor":"003","quadra":"044","lote":"0001","sourceType":"OFFICIAL_IMPORT","mainAddress":"Setor Fiscal 003","zoneamento":"RESIDENCIAL","statusCadastral":"ATIVO","workflowStatus":"PENDENTE","isOfficial":true,"rawProperties":{"cd_identificador":1960227,"cd_identificador_original_lote":8820986,"cd_setor_fiscal":"003","cd_tipo_quadra":"F","tx_tipo_quadra":"FISCAL","cd_quadra_fiscal":"044","cd_subquadra_fiscal":null,"cd_condominio":"00","cd_tipo_lote":"V","tx_tipo_lote":"Via de Acesso","cd_lote":"0001","cd_situacao":1,"cd_digito_sql":null,"cd_logradouro":null,"nm_logradouro_completo":null,"cd_numero_porta":null,"tx_complemento_endereco":null,"tx_situ_lote":null,"cd_tipo_uso_imovel":null,"dc_tipo_uso_imovel":null,"cd_tipo_terreno_imovel":null,"qt_area_terreno":null,"qt_area_construida":null}}},{"type":"Feature","geometry":{"type":"Polygon","coordinates":[[[-46.611625,-23.407949],[-46.611604,-23.407771],[-46.612031,-23.407739],[-46.612053,-23.407919],[-46.611856,-23.407933],[-46.61185,-23.407933],[-46.611625,-23.407949]]]},"properties":{"sqlu":"SP-003-960332","inscription":"SP-GEOSAMPA-1960332","inscricaoImobiliaria":"SP-IMO-1960332","setor":"003","quadra":"061","lote":"0017","sourceType":"OFFICIAL_IMPORT","mainAddress":"Setor Fiscal 003","zoneamento":"RESIDENCIAL","statusCadastral":"ATIVO","workflowStatus":"PENDENTE","isOfficial":true,"rawProperties":{"cd_identificador":1960332,"cd_identificador_original_lote":8821181,"cd_setor_fiscal":"003","cd_tipo_quadra":"F","tx_tipo_quadra":"FISCAL","cd_quadra_fiscal":"061","cd_subquadra_fiscal":null,"cd_condominio":"00","cd_tipo_lote":"F","tx_tipo_lote":"FISCAL","cd_lote":"0017","cd_situacao":1,"cd_digito_sql":"7","cd_logradouro":"013072","nm_logradouro_completo":"R ANDRE DE LEAO","cd_numero_porta":"309","tx_complemento_endereco":null,"tx_situ_lote":"ATIVO","cd_tipo_uso_imovel":"62","dc_tipo_uso_imovel":"Não residencial","cd_tipo_terreno_imovel":1,"qt_area_terreno":1000,"qt_area_construida":850}}},{"type":"Feature","geometry":{"type":"Polygon","coordinates":[[[-46.611625,-23.407949],[-46.61185,-23.407933],[-46.611856,-23.407933],[-46.612053,-23.407919],[-46.612066,-23.407917],[-46.612076,-23.407994],[-46.61209,-23.408102],[-46.612102,-23.408196],[-46.611884,-23.408213],[-46.611416,-23.408248],[-46.611414,-23.408236],[-46.6114,-23.408124],[-46.611391,-23.408057],[-46.61138,-23.407968],[-46.61154,-23.407956],[-46.611625,-23.407949]]]},"properties":{"sqlu":"SP-003-960333","inscription":"SP-GEOSAMPA-1960333","inscricaoImobiliaria":"SP-IMO-1960333","setor":"003","quadra":"061","lote":"0000","sourceType":"OFFICIAL_IMPORT","mainAddress":"Setor Fiscal 003","zoneamento":"RESIDENCIAL","statusCadastral":"ATIVO","workflowStatus":"PENDENTE","isOfficial":true,"rawProperties":{"cd_identificador":1960333,"cd_identificador_original_lote":8821185,"cd_setor_fiscal":"003","cd_tipo_quadra":"F","tx_tipo_quadra":"FISCAL","cd_quadra_fiscal":"061","cd_subquadra_fiscal":null,"cd_condominio":"01","cd_tipo_lote":"F","tx_tipo_lote":"FISCAL","cd_lote":"0000","cd_situacao":1,"cd_digito_sql":null,"cd_logradouro":"013072","nm_logradouro_completo":"R ANDRE DE LEAO","cd_numero_porta":"319 331 339","tx_complemento_endereco":null,"tx_situ_lote":null,"cd_tipo_uso_imovel":"XX","dc_tipo_uso_imovel":"Condomínio","cd_tipo_terreno_imovel":99,"qt_area_terreno":2259,"qt_area_construida":null}}},{"type":"Feature","geometry":{"type":"Polygon","coordinates":[[[-46.622779,-23.405153],[-46.622779,-23.405024],[-46.622778,-23.404997],[-46.622778,-23.404928],[-46.622834,-23.404927],[-46.622836,-23.405115],[-46.622836,-23.405151],[-46.622779,-23.405153]]]},"properties":{"sqlu":"SP-003-960553","inscription":"SP-GEOSAMPA-1960553","inscricaoImobiliaria":"SP-IMO-1960553","setor":"003","quadra":"021","lote":"0002","sourceType":"OFFICIAL_IMPORT","mainAddress":"Setor Fiscal 003","zoneamento":"RESIDENCIAL","statusCadastral":"ATIVO","workflowStatus":"PENDENTE","isOfficial":true,"rawProperties":{"cd_identificador":1960553,"cd_identificador_original_lote":8821399,"cd_setor_fiscal":"003","cd_tipo_quadra":"F","tx_tipo_quadra":"FISCAL","cd_quadra_fiscal":"021","cd_subquadra_fiscal":null,"cd_condominio":"00","cd_tipo_lote":"F","tx_tipo_lote":"FISCAL","cd_lote":"0002","cd_situacao":1,"cd_digito_sql":"4","cd_logradouro":"026670","nm_logradouro_completo":"R AZEVEDO JUNIOR","cd_numero_porta":"88","tx_complemento_endereco":null,"tx_situ_lote":"ATIVO","cd_tipo_uso_imovel":"00","dc_tipo_uso_imovel":"Terreno","cd_tipo_terreno_imovel":1,"qt_area_terreno":150,"qt_area_construida":0}}},{"type":"Feature","geometry":{"type":"Polygon","coordinates":[[[-46.626543,-23.405422],[-46.626682,-23.405222],[-46.626754,-23.405117],[-46.626878,-23.404938],[-46.626908,-23.404931],[-46.627026,-23.405],[-46.627099,-23.405043],[-46.627101,-23.405075],[-46.627056,-23.40512],[-46.626947,-23.40523],[-46.62668,-23.405498],[-46.626649,-23.40548],[-46.626583,-23.405441],[-46.626563,-23.405429],[-46.626543,-23.405422]]]},"properties":{"sqlu":"SP-003-960604","inscription":"SP-GEOSAMPA-1960604","inscricaoImobiliaria":"SP-IMO-1960604","setor":"003","quadra":"053","lote":"0001","sourceType":"OFFICIAL_IMPORT","mainAddress":"Setor Fiscal 003","zoneamento":"RESIDENCIAL","statusCadastral":"ATIVO","workflowStatus":"PENDENTE","isOfficial":true,"rawProperties":{"cd_identificador":1960604,"cd_identificador_original_lote":8820785,"cd_setor_fiscal":"003","cd_tipo_quadra":"F","tx_tipo_quadra":"FISCAL","cd_quadra_fiscal":"053","cd_subquadra_fiscal":null,"cd_condominio":"00","cd_tipo_lote":"F","tx_tipo_lote":"FISCAL","cd_lote":"0001","cd_situacao":1,"cd_digito_sql":"6","cd_logradouro":"076104","nm_logradouro_completo":"R FREDERICO ALVARENGA","cd_numero_porta":"259","tx_complemento_endereco":null,"tx_situ_lote":"ATIVO","cd_tipo_uso_imovel":"81","dc_tipo_uso_imovel":"Não residencial","cd_tipo_terreno_imovel":2,"qt_area_terreno":2002,"qt_area_construida":5700}}},{"type":"Feature","geometry":{"type":"Polygon","coordinates":[[[-46.617067,-23.405577],[-46.617073,-23.405521],[-46.617113,-23.405524],[-46.61715,-23.405527],[-46.617186,-23.405529],[-46.617226,-23.405532],[-46.61723,-23.405533],[-46.617229,-23.40554],[-46.617273,-23.405543],[-46.617272,-23.405565],[-46.617271,-23.405584],[-46.617271,-23.405589],[-46.617218,-23.405585],[-46.617192,-23.405951],[-46.617167,-23.405955],[-46.617178,-23.405809],[-46.61718,-23.405784],[-46.617183,-23.405745],[-46.617186,-23.405704],[-46.617189,-23.405665],[-46.617192,-23.405627],[-46.617195,-23.405585],[-46.617107,-23.40558],[-46.617067,-23.405577]]]},"properties":{"sqlu":"SP-003-960719","inscription":"SP-GEOSAMPA-1960719","inscricaoImobiliaria":"SP-IMO-1960719","setor":"003","quadra":"041","lote":"0001","sourceType":"OFFICIAL_IMPORT","mainAddress":"Setor Fiscal 003","zoneamento":"RESIDENCIAL","statusCadastral":"ATIVO","workflowStatus":"PENDENTE","isOfficial":true,"rawProperties":{"cd_identificador":1960719,"cd_identificador_original_lote":8821473,"cd_setor_fiscal":"003","cd_tipo_quadra":"F","tx_tipo_quadra":"FISCAL","cd_quadra_fiscal":"041","cd_subquadra_fiscal":null,"cd_condominio":"00","cd_tipo_lote":"V","tx_tipo_lote":"Via de Acesso","cd_lote":"0001","cd_situacao":1,"cd_digito_sql":null,"cd_logradouro":null,"nm_logradouro_completo":null,"cd_numero_porta":null,"tx_complemento_endereco":null,"tx_situ_lote":null,"cd_tipo_uso_imovel":null,"dc_tipo_uso_imovel":null,"cd_tipo_terreno_imovel":null,"qt_area_terreno":null,"qt_area_construida":null}}},{"type":"Feature","geometry":{"type":"Polygon","coordinates":[[[-46.616353,-23.405839],[-46.616415,-23.405741],[-46.616458,-23.405763],[-46.616394,-23.405864],[-46.616353,-23.405839]]]},"properties":{"sqlu":"SP-003-960708","inscription":"SP-GEOSAMPA-1960708","inscricaoImobiliaria":"SP-IMO-1960708","setor":"003","quadra":"041","lote":"0208","sourceType":"OFFICIAL_IMPORT","mainAddress":"Setor Fiscal 003","zoneamento":"RESIDENCIAL","statusCadastral":"ATIVO","workflowStatus":"PENDENTE","isOfficial":true,"rawProperties":{"cd_identificador":1960708,"cd_identificador_original_lote":8820190,"cd_setor_fiscal":"003","cd_tipo_quadra":"F","tx_tipo_quadra":"FISCAL","cd_quadra_fiscal":"041","cd_subquadra_fiscal":null,"cd_condominio":"00","cd_tipo_lote":"F","tx_tipo_lote":"FISCAL","cd_lote":"0208","cd_situacao":1,"cd_digito_sql":"3","cd_logradouro":"155241","nm_logradouro_completo":"R VISC DE PARNAIBA","cd_numero_porta":"747","tx_complemento_endereco":"749","tx_situ_lote":"ATIVO","cd_tipo_uso_imovel":"42","dc_tipo_uso_imovel":"Não residencial","cd_tipo_terreno_imovel":1,"qt_area_terreno":82,"qt_area_construida":100}}},{"type":"Feature","geometry":{"type":"Polygon","coordinates":[[[-46.618423,-23.404163],[-46.618407,-23.404153],[-46.618416,-23.404141],[-46.618434,-23.404116],[-46.618472,-23.404138],[-46.618604,-23.404218],[-46.618641,-23.404239],[-46.618683,-23.404261],[-46.618656,-23.404301],[-46.618487,-23.404201],[-46.618446,-23.404176],[-46.618423,-23.404163]]]},"properties":{"sqlu":"SP-003-960846","inscription":"SP-GEOSAMPA-1960846","inscricaoImobiliaria":"SP-IMO-1960846","setor":"003","quadra":"027","lote":"0063","sourceType":"OFFICIAL_IMPORT","mainAddress":"Setor Fiscal 003","zoneamento":"RESIDENCIAL","statusCadastral":"ATIVO","workflowStatus":"PENDENTE","isOfficial":true,"rawProperties":{"cd_identificador":1960846,"cd_identificador_original_lote":8819948,"cd_setor_fiscal":"003","cd_tipo_quadra":"F","tx_tipo_quadra":"FISCAL","cd_quadra_fiscal":"027","cd_subquadra_fiscal":null,"cd_condominio":"00","cd_tipo_lote":"F","tx_tipo_lote":"FISCAL","cd_lote":"0063","cd_situacao":1,"cd_digito_sql":"3","cd_logradouro":"038261","nm_logradouro_completo":"R CAETANO PINTO","cd_numero_porta":"501","tx_complemento_endereco":null,"tx_situ_lote":"ATIVO","cd_tipo_uso_imovel":"10","dc_tipo_uso_imovel":"Residencial","cd_tipo_terreno_imovel":1,"qt_area_terreno":150,"qt_area_construida":96}}},{"type":"Feature","geometry":{"type":"Polygon","coordinates":[[[-46.621225,-23.401311],[-46.62124,-23.401277],[-46.621247,-23.401262],[-46.621283,-23.401275],[-46.621494,-23.401352],[-46.621478,-23.401404],[-46.621265,-23.401326],[-46.621225,-23.401311]]]},"properties":{"sqlu":"SP-003-960849","inscription":"SP-GEOSAMPA-1960849","inscricaoImobiliaria":"SP-IMO-1960849","setor":"003","quadra":"012","lote":"0026","sourceType":"OFFICIAL_IMPORT","mainAddress":"Setor Fiscal 003","zoneamento":"RESIDENCIAL","statusCadastral":"ATIVO","workflowStatus":"PENDENTE","isOfficial":true,"rawProperties":{"cd_identificador":1960849,"cd_identificador_original_lote":8821322,"cd_setor_fiscal":"003","cd_tipo_quadra":"F","tx_tipo_quadra":"FISCAL","cd_quadra_fiscal":"012","cd_subquadra_fiscal":null,"cd_condominio":"00","cd_tipo_lote":"F","tx_tipo_lote":"FISCAL","cd_lote":"0026","cd_situacao":1,"cd_digito_sql":"2","cd_logradouro":"044784","nm_logradouro_completo":"R CARNEIRO LEAO","cd_numero_porta":"61","tx_complemento_endereco":"A 63","tx_situ_lote":"ATIVO","cd_tipo_uso_imovel":"22","dc_tipo_uso_imovel":"Residencial","cd_tipo_terreno_imovel":1,"qt_area_terreno":159,"qt_area_construida":389}}},{"type":"Feature","geometry":{"type":"Polygon","coordinates":[[[-46.62878,-23.406458],[-46.628802,-23.406435],[-46.628823,-23.406413],[-46.628843,-23.406392],[-46.628862,-23.406371],[-46.62888,-23.406385],[-46.628896,-23.406396],[-46.629074,-23.406532],[-46.62905,-23.406558],[-46.62903,-23.406579],[-46.629009,-23.406601],[-46.628982,-23.406629],[-46.628943,-23.406595],[-46.628922,-23.406577],[-46.628903,-23.406562],[-46.628897,-23.406556],[-46.628883,-23.406545],[-46.628844,-23.406511],[-46.628829,-23.406499],[-46.628809,-23.406482],[-46.628791,-23.406466],[-46.62878,-23.406458]]]},"properties":{"sqlu":"SP-003-960982","inscription":"SP-GEOSAMPA-1960982","inscricaoImobiliaria":"SP-IMO-1960982","setor":"003","quadra":"002","lote":"0017","sourceType":"OFFICIAL_IMPORT","mainAddress":"Setor Fiscal 003","zoneamento":"RESIDENCIAL","statusCadastral":"ATIVO","workflowStatus":"PENDENTE","isOfficial":true,"rawProperties":{"cd_identificador":1960982,"cd_identificador_original_lote":8819958,"cd_setor_fiscal":"003","cd_tipo_quadra":"F","tx_tipo_quadra":"FISCAL","cd_quadra_fiscal":"002","cd_subquadra_fiscal":null,"cd_condominio":"00","cd_tipo_lote":"F","tx_tipo_lote":"FISCAL","cd_lote":"0017","cd_situacao":1,"cd_digito_sql":"1","cd_logradouro":"182109","nm_logradouro_completo":"R SILVEIRA MARTINS","cd_numero_porta":"183","tx_complemento_endereco":"185 189 E 193","tx_situ_lote":"ATIVO","cd_tipo_uso_imovel":"80","dc_tipo_uso_imovel":"Não residencial","cd_tipo_terreno_imovel":1,"qt_area_terreno":420,"qt_area_construida":700}}},{"type":"Feature","geometry":{"type":"Polygon","coordinates":[[[-46.620903,-23.407072],[-46.6209,-23.407024],[-46.620919,-23.407022],[-46.621025,-23.407014],[-46.621041,-23.407104],[-46.620928,-23.407117],[-46.620907,-23.407119],[-46.620907,-23.407116],[-46.620904,-23.407084],[-46.620903,-23.407072]]]},"properties":{"sqlu":"SP-003-961001","inscription":"SP-GEOSAMPA-1961001","inscricaoImobiliaria":"SP-IMO-1961001","setor":"003","quadra":"055","lote":"0080","sourceType":"OFFICIAL_IMPORT","mainAddress":"Setor Fiscal 003","zoneamento":"RESIDENCIAL","statusCadastral":"ATIVO","workflowStatus":"PENDENTE","isOfficial":true,"rawProperties":{"cd_identificador":1961001,"cd_identificador_original_lote":8820813,"cd_setor_fiscal":"003","cd_tipo_quadra":"F","tx_tipo_quadra":"FISCAL","cd_quadra_fiscal":"055","cd_subquadra_fiscal":null,"cd_condominio":"00","cd_tipo_lote":"F","tx_tipo_lote":"FISCAL","cd_lote":"0080","cd_situacao":1,"cd_digito_sql":"5","cd_logradouro":"044784","nm_logradouro_completo":"R CARNEIRO LEAO","cd_numero_porta":"707","tx_complemento_endereco":"E 709","tx_situ_lote":"ATIVO","cd_tipo_uso_imovel":"43","dc_tipo_uso_imovel":"Não residencial","cd_tipo_terreno_imovel":1,"qt_area_terreno":100,"qt_area_construida":200}}},{"type":"Feature","geometry":{"type":"Polygon","coordinates":[[[-46.612624,-23.408146],[-46.612572,-23.40815],[-46.612538,-23.407878],[-46.612559,-23.407877],[-46.612591,-23.407874],[-46.612612,-23.408042],[-46.612624,-23.408146]]]},"properties":{"sqlu":"SP-003-961105","inscription":"SP-GEOSAMPA-1961105","inscricaoImobiliaria":"SP-IMO-1961105","setor":"003","quadra":"065","lote":"0004","sourceType":"OFFICIAL_IMPORT","mainAddress":"Setor Fiscal 003","zoneamento":"RESIDENCIAL","statusCadastral":"ATIVO","workflowStatus":"PENDENTE","isOfficial":true,"rawProperties":{"cd_identificador":1961105,"cd_identificador_original_lote":8821282,"cd_setor_fiscal":"003","cd_tipo_quadra":"F","tx_tipo_quadra":"FISCAL","cd_quadra_fiscal":"065","cd_subquadra_fiscal":null,"cd_condominio":"00","cd_tipo_lote":"F","tx_tipo_lote":"FISCAL","cd_lote":"0004","cd_situacao":1,"cd_digito_sql":"3","cd_logradouro":"142131","nm_logradouro_completo":"R DA MOOCA","cd_numero_porta":"1153","tx_complemento_endereco":"E 1155","tx_situ_lote":"ATIVO","cd_tipo_uso_imovel":"43","dc_tipo_uso_imovel":"Não residencial","cd_tipo_terreno_imovel":1,"qt_area_terreno":164,"qt_area_construida":435}}},{"type":"Feature","geometry":{"type":"Polygon","coordinates":[[[-46.612624,-23.408146],[-46.612612,-23.408042],[-46.612591,-23.407874],[-46.612615,-23.407872],[-46.612674,-23.407866],[-46.612704,-23.40814],[-46.612624,-23.408146]]]},"properties":{"sqlu":"SP-003-961106","inscription":"SP-GEOSAMPA-1961106","inscricaoImobiliaria":"SP-IMO-1961106","setor":"003","quadra":"065","lote":"0035","sourceType":"OFFICIAL_IMPORT","mainAddress":"Setor Fiscal 003","zoneamento":"RESIDENCIAL","statusCadastral":"ATIVO","workflowStatus":"PENDENTE","isOfficial":true,"rawProperties":{"cd_identificador":1961106,"cd_identificador_original_lote":8821295,"cd_setor_fiscal":"003","cd_tipo_quadra":"F","tx_tipo_quadra":"FISCAL","cd_quadra_fiscal":"065","cd_subquadra_fiscal":null,"cd_condominio":"00","cd_tipo_lote":"F","tx_tipo_lote":"FISCAL","cd_lote":"0035","cd_situacao":1,"cd_digito_sql":"3","cd_logradouro":"142131","nm_logradouro_completo":"R DA MOOCA","cd_numero_porta":"1143","tx_complemento_endereco":"E 1145","tx_situ_lote":"ATIVO","cd_tipo_uso_imovel":"42","dc_tipo_uso_imovel":"Não residencial","cd_tipo_terreno_imovel":1,"qt_area_terreno":304,"qt_area_construida":350}}},{"type":"Feature","geometry":{"type":"Polygon","coordinates":[[[-46.618017,-23.403576],[-46.618068,-23.403606],[-46.617929,-23.403811],[-46.6179,-23.403853],[-46.617846,-23.403821],[-46.618017,-23.403576]]]},"properties":{"sqlu":"SP-003-961256","inscription":"SP-GEOSAMPA-1961256","inscricaoImobiliaria":"SP-IMO-1961256","setor":"003","quadra":"028","lote":"0004","sourceType":"OFFICIAL_IMPORT","mainAddress":"Setor Fiscal 003","zoneamento":"RESIDENCIAL","statusCadastral":"ATIVO","workflowStatus":"PENDENTE","isOfficial":true,"rawProperties":{"cd_identificador":1961256,"cd_identificador_original_lote":8820673,"cd_setor_fiscal":"003","cd_tipo_quadra":"F","tx_tipo_quadra":"FISCAL","cd_quadra_fiscal":"028","cd_subquadra_fiscal":null,"cd_condominio":"00","cd_tipo_lote":"F","tx_tipo_lote":"FISCAL","cd_lote":"0004","cd_situacao":1,"cd_digito_sql":"2","cd_logradouro":"040525","nm_logradouro_completo":"R CAMPOS SALES","cd_numero_porta":"100","tx_complemento_endereco":"102","tx_situ_lote":"ATIVO","cd_tipo_uso_imovel":"12","dc_tipo_uso_imovel":"Residencial","cd_tipo_terreno_imovel":1,"qt_area_terreno":202,"qt_area_construida":250}}},{"type":"Feature","geometry":{"type":"Polygon","coordinates":[[[-46.619713,-23.405785],[-46.619866,-23.405768],[-46.619847,-23.405849],[-46.619839,-23.405883],[-46.619805,-23.406027],[-46.619647,-23.406045],[-46.619668,-23.405964],[-46.619688,-23.405883],[-46.619693,-23.405865],[-46.619713,-23.405785]]]},"properties":{"sqlu":"SP-003-961219","inscription":"SP-GEOSAMPA-1961219","inscricaoImobiliaria":"SP-IMO-1961219","setor":"003","quadra":"056","lote":"0007","sourceType":"OFFICIAL_IMPORT","mainAddress":"Setor Fiscal 003","zoneamento":"RESIDENCIAL","statusCadastral":"ATIVO","workflowStatus":"PENDENTE","isOfficial":true,"rawProperties":{"cd_identificador":1961219,"cd_identificador_original_lote":8820278,"cd_setor_fiscal":"003","cd_tipo_quadra":"F","tx_tipo_quadra":"FISCAL","cd_quadra_fiscal":"056","cd_subquadra_fiscal":null,"cd_condominio":"00","cd_tipo_lote":"F","tx_tipo_lote":"FISCAL","cd_lote":"0007","cd_situacao":1,"cd_digito_sql":"9","cd_logradouro":"005436","nm_logradouro_completo":"AV ALCANTARA MACHADO","cd_numero_porta":"385","tx_complemento_endereco":"387","tx_situ_lote":"ATIVO","cd_tipo_uso_imovel":"40","dc_tipo_uso_imovel":"Não residencial","cd_tipo_terreno_imovel":3,"qt_area_terreno":434,"qt_area_construida":487}}},{"type":"Feature","geometry":{"type":"Polygon","coordinates":[[[-46.612503,-23.40745],[-46.612508,-23.407489],[-46.612217,-23.407516],[-46.612203,-23.40741],[-46.612493,-23.407381],[-46.612496,-23.4074],[-46.612503,-23.40745]]]},"properties":{"sqlu":"SP-003-961262","inscription":"SP-GEOSAMPA-1961262","inscricaoImobiliaria":"SP-IMO-1961262","setor":"003","quadra":"065","lote":"0016","sourceType":"OFFICIAL_IMPORT","mainAddress":"Setor Fiscal 003","zoneamento":"RESIDENCIAL","statusCadastral":"ATIVO","workflowStatus":"PENDENTE","isOfficial":true,"rawProperties":{"cd_identificador":1961262,"cd_identificador_original_lote":8821291,"cd_setor_fiscal":"003","cd_tipo_quadra":"F","tx_tipo_quadra":"FISCAL","cd_quadra_fiscal":"065","cd_subquadra_fiscal":null,"cd_condominio":"00","cd_tipo_lote":"F","tx_tipo_lote":"FISCAL","cd_lote":"0016","cd_situacao":1,"cd_digito_sql":"7","cd_logradouro":"013072","nm_logradouro_completo":"R ANDRE DE LEAO","cd_numero_porta":"268","tx_complemento_endereco":null,"tx_situ_lote":"ATIVO","cd_tipo_uso_imovel":"50","dc_tipo_uso_imovel":"Não residencial","cd_tipo_terreno_imovel":1,"qt_area_terreno":382,"qt_area_construida":243}}},{"type":"Feature","geometry":{"type":"Polygon","coordinates":[[[-46.615649,-23.404698],[-46.61562,-23.404737],[-46.615287,-23.404544],[-46.615312,-23.404507],[-46.615347,-23.404527],[-46.615649,-23.404698]]]},"properties":{"sqlu":"SP-003-961662","inscription":"SP-GEOSAMPA-1961662","inscricaoImobiliaria":"SP-IMO-1961662","setor":"003","quadra":"044","lote":"0116","sourceType":"OFFICIAL_IMPORT","mainAddress":"Setor Fiscal 003","zoneamento":"RESIDENCIAL","statusCadastral":"ATIVO","workflowStatus":"PENDENTE","isOfficial":true,"rawProperties":{"cd_identificador":1961662,"cd_identificador_original_lote":8820982,"cd_setor_fiscal":"003","cd_tipo_quadra":"F","tx_tipo_quadra":"FISCAL","cd_quadra_fiscal":"044","cd_subquadra_fiscal":null,"cd_condominio":"00","cd_tipo_lote":"F","tx_tipo_lote":"FISCAL","cd_lote":"0116","cd_situacao":1,"cd_digito_sql":"1","cd_logradouro":"163589","nm_logradouro_completo":"R PIRATININGA","cd_numero_porta":"687","tx_complemento_endereco":"E 689","tx_situ_lote":"ATIVO","cd_tipo_uso_imovel":"40","dc_tipo_uso_imovel":"Não residencial","cd_tipo_terreno_imovel":1,"qt_area_terreno":200,"qt_area_construida":300}}},{"type":"Feature","geometry":{"type":"Polygon","coordinates":[[[-46.617024,-23.400548],[-46.616977,-23.40052],[-46.617147,-23.400296],[-46.617195,-23.400327],[-46.617169,-23.400361],[-46.617159,-23.400374],[-46.617084,-23.400471],[-46.617054,-23.40051],[-46.617031,-23.400539],[-46.617024,-23.400548]]]},"properties":{"sqlu":"SP-003-961486","inscription":"SP-GEOSAMPA-1961486","inscricaoImobiliaria":"SP-IMO-1961486","setor":"003","quadra":"015","lote":"0038","sourceType":"OFFICIAL_IMPORT","mainAddress":"Setor Fiscal 003","zoneamento":"RESIDENCIAL","statusCadastral":"ATIVO","workflowStatus":"PENDENTE","isOfficial":true,"rawProperties":{"cd_identificador":1961486,"cd_identificador_original_lote":8819869,"cd_setor_fiscal":"003","cd_tipo_quadra":"F","tx_tipo_quadra":"FISCAL","cd_quadra_fiscal":"015","cd_subquadra_fiscal":null,"cd_condominio":"00","cd_tipo_lote":"F","tx_tipo_lote":"FISCAL","cd_lote":"0038","cd_situacao":1,"cd_digito_sql":"1","cd_logradouro":"125490","nm_logradouro_completo":"R MAURICIO SALOMAO NAHAS","cd_numero_porta":"15","tx_complemento_endereco":null,"tx_situ_lote":"ATIVO","cd_tipo_uso_imovel":"42","dc_tipo_uso_imovel":"Não residencial","cd_tipo_terreno_imovel":1,"qt_area_terreno":180,"qt_area_construida":231}}},{"type":"Feature","geometry":{"type":"Polygon","coordinates":[[[-46.619606,-23.405677],[-46.619542,-23.405684],[-46.619563,-23.405599],[-46.619623,-23.405612],[-46.619606,-23.405677]]]},"properties":{"sqlu":"SP-003-961490","inscription":"SP-GEOSAMPA-1961490","inscricaoImobiliaria":"SP-IMO-1961490","setor":"003","quadra":"019","lote":"0092","sourceType":"OFFICIAL_IMPORT","mainAddress":"Setor Fiscal 003","zoneamento":"RESIDENCIAL","statusCadastral":"ATIVO","workflowStatus":"PENDENTE","isOfficial":true,"rawProperties":{"cd_identificador":1961490,"cd_identificador_original_lote":8819762,"cd_setor_fiscal":"003","cd_tipo_quadra":"F","tx_tipo_quadra":"FISCAL","cd_quadra_fiscal":"019","cd_subquadra_fiscal":null,"cd_condominio":"00","cd_tipo_lote":"F","tx_tipo_lote":"FISCAL","cd_lote":"0092","cd_situacao":1,"cd_digito_sql":"2","cd_logradouro":"155241","nm_logradouro_completo":"R VISC DE PARNAIBA","cd_numero_porta":"409","tx_complemento_endereco":null,"tx_situ_lote":"ATIVO","cd_tipo_uso_imovel":"40","dc_tipo_uso_imovel":"Não residencial","cd_tipo_terreno_imovel":2,"qt_area_terreno":72,"qt_area_construida":60}}},{"type":"Feature","geometry":{"type":"Polygon","coordinates":[[[-46.621,-23.402338],[-46.621024,-23.402305],[-46.621163,-23.4024],[-46.62115,-23.402442],[-46.621,-23.402338]]]},"properties":{"sqlu":"SP-003-961548","inscription":"SP-GEOSAMPA-1961548","inscricaoImobiliaria":"SP-IMO-1961548","setor":"003","quadra":"019","lote":"0160","sourceType":"OFFICIAL_IMPORT","mainAddress":"Setor Fiscal 003","zoneamento":"RESIDENCIAL","statusCadastral":"ATIVO","workflowStatus":"PENDENTE","isOfficial":true,"rawProperties":{"cd_identificador":1961548,"cd_identificador_original_lote":8819840,"cd_setor_fiscal":"003","cd_tipo_quadra":"F","tx_tipo_quadra":"FISCAL","cd_quadra_fiscal":"019","cd_subquadra_fiscal":null,"cd_condominio":"00","cd_tipo_lote":"F","tx_tipo_lote":"FISCAL","cd_lote":"0160","cd_situacao":1,"cd_digito_sql":"0","cd_logradouro":"044784","nm_logradouro_completo":"R CARNEIRO LEAO","cd_numero_porta":"181","tx_complemento_endereco":null,"tx_situ_lote":"ATIVO","cd_tipo_uso_imovel":"40","dc_tipo_uso_imovel":"Não residencial","cd_tipo_terreno_imovel":1,"qt_area_terreno":64,"qt_area_construida":60}}},{"type":"Feature","geometry":{"type":"Polygon","coordinates":[[[-46.617934,-23.404369],[-46.617942,-23.404357],[-46.617996,-23.404277],[-46.61806,-23.404179],[-46.618311,-23.404326],[-46.618299,-23.404344],[-46.618268,-23.404389],[-46.618246,-23.404421],[-46.618222,-23.404456],[-46.618191,-23.4045],[-46.618182,-23.404514],[-46.618143,-23.404491],[-46.617934,-23.404369]]]},"properties":{"sqlu":"SP-003-961565","inscription":"SP-GEOSAMPA-1961565","inscricaoImobiliaria":"SP-IMO-1961565","setor":"003","quadra":"027","lote":"0077","sourceType":"OFFICIAL_IMPORT","mainAddress":"Setor Fiscal 003","zoneamento":"RESIDENCIAL","statusCadastral":"ATIVO","workflowStatus":"PENDENTE","isOfficial":true,"rawProperties":{"cd_identificador":1961565,"cd_identificador_original_lote":8819936,"cd_setor_fiscal":"003","cd_tipo_quadra":"F","tx_tipo_quadra":"FISCAL","cd_quadra_fiscal":"027","cd_subquadra_fiscal":null,"cd_condominio":"00","cd_tipo_lote":"F","tx_tipo_lote":"FISCAL","cd_lote":"0077","cd_situacao":1,"cd_digito_sql":"3","cd_logradouro":"071951","nm_logradouro_completo":"R FLORA","cd_numero_porta":"80","tx_complemento_endereco":"82","tx_situ_lote":"ATIVO","cd_tipo_uso_imovel":"51","dc_tipo_uso_imovel":"Não residencial","cd_tipo_terreno_imovel":1,"qt_area_terreno":750,"qt_area_construida":890}}},{"type":"Feature","geometry":{"type":"Polygon","coordinates":[[[-46.616312,-23.405814],[-46.616372,-23.405719],[-46.616415,-23.405741],[-46.616353,-23.405839],[-46.616312,-23.405814]]]},"properties":{"sqlu":"SP-003-961766","inscription":"SP-GEOSAMPA-1961766","inscricaoImobiliaria":"SP-IMO-1961766","setor":"003","quadra":"041","lote":"0207","sourceType":"OFFICIAL_IMPORT","mainAddress":"Setor Fiscal 003","zoneamento":"RESIDENCIAL","statusCadastral":"ATIVO","workflowStatus":"PENDENTE","isOfficial":true,"rawProperties":{"cd_identificador":1961766,"cd_identificador_original_lote":8820162,"cd_setor_fiscal":"003","cd_tipo_quadra":"F","tx_tipo_quadra":"FISCAL","cd_quadra_fiscal":"041","cd_subquadra_fiscal":null,"cd_condominio":"00","cd_tipo_lote":"F","tx_tipo_lote":"FISCAL","cd_lote":"0207","cd_situacao":1,"cd_digito_sql":"5","cd_logradouro":"155241","nm_logradouro_completo":"R VISC DE PARNAIBA","cd_numero_porta":"751","tx_complemento_endereco":"753","tx_situ_lote":"ATIVO","cd_tipo_uso_imovel":"42","dc_tipo_uso_imovel":"Não residencial","cd_tipo_terreno_imovel":1,"qt_area_terreno":82,"qt_area_construida":164}}},{"type":"Feature","geometry":{"type":"Polygon","coordinates":[[[-46.619036,-23.406637],[-46.619039,-23.406704],[-46.619039,-23.406713],[-46.618919,-23.406718],[-46.618916,-23.406672],[-46.61894,-23.406648],[-46.619036,-23.406637]]]},"properties":{"sqlu":"SP-003-961839","inscription":"SP-GEOSAMPA-1961839","inscricaoImobiliaria":"SP-IMO-1961839","setor":"003","quadra":"057","lote":"0036","sourceType":"OFFICIAL_IMPORT","mainAddress":"Setor Fiscal 003","zoneamento":"RESIDENCIAL","statusCadastral":"ATIVO","workflowStatus":"PENDENTE","isOfficial":true,"rawProperties":{"cd_identificador":1961839,"cd_identificador_original_lote":8820106,"cd_setor_fiscal":"003","cd_tipo_quadra":"F","tx_tipo_quadra":"FISCAL","cd_quadra_fiscal":"057","cd_subquadra_fiscal":null,"cd_condominio":"00","cd_tipo_lote":"F","tx_tipo_lote":"FISCAL","cd_lote":"0036","cd_situacao":1,"cd_digito_sql":"7","cd_logradouro":"005436","nm_logradouro_completo":"AV ALCANTARA MACHADO","cd_numero_porta":"470","tx_complemento_endereco":null,"tx_situ_lote":"ATIVO","cd_tipo_uso_imovel":"40","dc_tipo_uso_imovel":"Não residencial","cd_tipo_terreno_imovel":2,"qt_area_terreno":150,"qt_area_construida":90}}},{"type":"Feature","geometry":{"type":"Polygon","coordinates":[[[-46.620039,-23.402294],[-46.620011,-23.402334],[-46.619565,-23.402055],[-46.619562,-23.402053],[-46.619589,-23.402014],[-46.619651,-23.402053],[-46.619952,-23.40224],[-46.620039,-23.402294]]]},"properties":{"sqlu":"SP-003-961833","inscription":"SP-GEOSAMPA-1961833","inscricaoImobiliaria":"SP-IMO-1961833","setor":"003","quadra":"013","lote":"0129","sourceType":"OFFICIAL_IMPORT","mainAddress":"Setor Fiscal 003","zoneamento":"RESIDENCIAL","statusCadastral":"ATIVO","workflowStatus":"PENDENTE","isOfficial":true,"rawProperties":{"cd_identificador":1961833,"cd_identificador_original_lote":8820475,"cd_setor_fiscal":"003","cd_tipo_quadra":"F","tx_tipo_quadra":"FISCAL","cd_quadra_fiscal":"013","cd_subquadra_fiscal":null,"cd_condominio":"00","cd_tipo_lote":"F","tx_tipo_lote":"FISCAL","cd_lote":"0129","cd_situacao":1,"cd_digito_sql":"8","cd_logradouro":"038261","nm_logradouro_completo":"R CAETANO PINTO","cd_numero_porta":"241","tx_complemento_endereco":"E 243","tx_situ_lote":"ATIVO","cd_tipo_uso_imovel":"14","dc_tipo_uso_imovel":"Residencial","cd_tipo_terreno_imovel":1,"qt_area_terreno":275,"qt_area_construida":300}}},{"type":"Feature","geometry":{"type":"Polygon","coordinates":[[[-46.618061,-23.405557],[-46.618068,-23.40542],[-46.61815,-23.405441],[-46.618121,-23.40556],[-46.618103,-23.405559],[-46.618061,-23.405557]]]},"properties":{"sqlu":"SP-003-961977","inscription":"SP-GEOSAMPA-1961977","inscricaoImobiliaria":"SP-IMO-1961977","setor":"003","quadra":"019","lote":"0207","sourceType":"OFFICIAL_IMPORT","mainAddress":"Setor Fiscal 003","zoneamento":"RESIDENCIAL","statusCadastral":"ATIVO","workflowStatus":"PENDENTE","isOfficial":true,"rawProperties":{"cd_identificador":1961977,"cd_identificador_original_lote":8819795,"cd_setor_fiscal":"003","cd_tipo_quadra":"F","tx_tipo_quadra":"FISCAL","cd_quadra_fiscal":"019","cd_subquadra_fiscal":null,"cd_condominio":"00","cd_tipo_lote":"F","tx_tipo_lote":"FISCAL","cd_lote":"0207","cd_situacao":1,"cd_digito_sql":"0","cd_logradouro":"038261","nm_logradouro_completo":"R CAETANO PINTO","cd_numero_porta":"640","tx_complemento_endereco":null,"tx_situ_lote":"ATIVO","cd_tipo_uso_imovel":"42","dc_tipo_uso_imovel":"Não residencial","cd_tipo_terreno_imovel":1,"qt_area_terreno":100,"qt_area_construida":147}}},{"type":"Feature","geometry":{"type":"Polygon","coordinates":[[[-46.616903,-23.405583],[-46.6169,-23.405648],[-46.616822,-23.405644],[-46.616822,-23.405621],[-46.616823,-23.405599],[-46.616823,-23.405583],[-46.616903,-23.405583]]]},"properties":{"sqlu":"SP-003-779325","inscription":"SP-GEOSAMPA-6779325","inscricaoImobiliaria":"SP-IMO-6779325","setor":"003","quadra":"041","lote":"0103","sourceType":"OFFICIAL_IMPORT","mainAddress":"Setor Fiscal 003","zoneamento":"RESIDENCIAL","statusCadastral":"ATIVO","workflowStatus":"PENDENTE","isOfficial":true,"rawProperties":{"cd_identificador":6779325,"cd_identificador_original_lote":10637177,"cd_setor_fiscal":"003","cd_tipo_quadra":"F","tx_tipo_quadra":"FISCAL","cd_quadra_fiscal":"041","cd_subquadra_fiscal":null,"cd_condominio":"00","cd_tipo_lote":"F","tx_tipo_lote":"FISCAL","cd_lote":"0103","cd_situacao":1,"cd_digito_sql":"6","cd_logradouro":"155241","nm_logradouro_completo":"R VISC DE PARNAIBA","cd_numero_porta":"685","tx_complemento_endereco":"CS3","tx_situ_lote":"ATIVO","cd_tipo_uso_imovel":"10","dc_tipo_uso_imovel":"Residencial","cd_tipo_terreno_imovel":4,"qt_area_terreno":63,"qt_area_construida":47}}},{"type":"Feature","geometry":{"type":"Polygon","coordinates":[[[-46.620596,-23.407014],[-46.620595,-23.407006],[-46.620594,-23.40699],[-46.620593,-23.406984],[-46.62072,-23.406974],[-46.620723,-23.407006],[-46.620644,-23.407011],[-46.620629,-23.407012],[-46.620596,-23.407014]]]},"properties":{"sqlu":"SP-003-962194","inscription":"SP-GEOSAMPA-1962194","inscricaoImobiliaria":"SP-IMO-1962194","setor":"003","quadra":"055","lote":"0063","sourceType":"OFFICIAL_IMPORT","mainAddress":"Setor Fiscal 003","zoneamento":"RESIDENCIAL","statusCadastral":"ATIVO","workflowStatus":"PENDENTE","isOfficial":true,"rawProperties":{"cd_identificador":1962194,"cd_identificador_original_lote":8820835,"cd_setor_fiscal":"003","cd_tipo_quadra":"F","tx_tipo_quadra":"FISCAL","cd_quadra_fiscal":"055","cd_subquadra_fiscal":null,"cd_condominio":"00","cd_tipo_lote":"F","tx_tipo_lote":"FISCAL","cd_lote":"0063","cd_situacao":1,"cd_digito_sql":"5","cd_logradouro":"142131","nm_logradouro_completo":"R DA MOOCA","cd_numero_porta":"315","tx_complemento_endereco":"CS 25","tx_situ_lote":"ATIVO","cd_tipo_uso_imovel":"10","dc_tipo_uso_imovel":"Residencial","cd_tipo_terreno_imovel":4,"qt_area_terreno":60,"qt_area_construida":110}}},{"type":"Feature","geometry":{"type":"Polygon","coordinates":[[[-46.623021,-23.401768],[-46.62306,-23.401785],[-46.623004,-23.401909],[-46.622968,-23.401893],[-46.622992,-23.401836],[-46.623014,-23.401785],[-46.623021,-23.401768]]]},"properties":{"sqlu":"SP-003-962201","inscription":"SP-GEOSAMPA-1962201","inscricaoImobiliaria":"SP-IMO-1962201","setor":"003","quadra":"011","lote":"0092","sourceType":"OFFICIAL_IMPORT","mainAddress":"Setor Fiscal 003","zoneamento":"RESIDENCIAL","statusCadastral":"ATIVO","workflowStatus":"PENDENTE","isOfficial":true,"rawProperties":{"cd_identificador":1962201,"cd_identificador_original_lote":8820356,"cd_setor_fiscal":"003","cd_tipo_quadra":"F","tx_tipo_quadra":"FISCAL","cd_quadra_fiscal":"011","cd_subquadra_fiscal":null,"cd_condominio":"00","cd_tipo_lote":"F","tx_tipo_lote":"FISCAL","cd_lote":"0092","cd_situacao":1,"cd_digito_sql":"6","cd_logradouro":"012068","nm_logradouro_completo":"R ANA TENORIO","cd_numero_porta":"31","tx_complemento_endereco":null,"tx_situ_lote":"ATIVO","cd_tipo_uso_imovel":"10","dc_tipo_uso_imovel":"Residencial","cd_tipo_terreno_imovel":1,"qt_area_terreno":59,"qt_area_construida":70}}},{"type":"Feature","geometry":{"type":"Polygon","coordinates":[[[-46.622693,-23.406503],[-46.622748,-23.406769],[-46.622697,-23.406772],[-46.622639,-23.406508],[-46.622693,-23.406503]]]},"properties":{"sqlu":"SP-003-962185","inscription":"SP-GEOSAMPA-1962185","inscricaoImobiliaria":"SP-IMO-1962185","setor":"003","quadra":"033","lote":"0011","sourceType":"OFFICIAL_IMPORT","mainAddress":"Setor Fiscal 003","zoneamento":"RESIDENCIAL","statusCadastral":"ATIVO","workflowStatus":"PENDENTE","isOfficial":true,"rawProperties":{"cd_identificador":1962185,"cd_identificador_original_lote":8821213,"cd_setor_fiscal":"003","cd_tipo_quadra":"F","tx_tipo_quadra":"FISCAL","cd_quadra_fiscal":"033","cd_subquadra_fiscal":null,"cd_condominio":"00","cd_tipo_lote":"F","tx_tipo_lote":"FISCAL","cd_lote":"0011","cd_situacao":1,"cd_digito_sql":"6","cd_logradouro":"032425","nm_logradouro_completo":"R CEL BENTO PIRES","cd_numero_porta":"97","tx_complemento_endereco":null,"tx_situ_lote":"ATIVO","cd_tipo_uso_imovel":"42","dc_tipo_uso_imovel":"Não residencial","cd_tipo_terreno_imovel":1,"qt_area_terreno":143,"qt_area_construida":110}}},{"type":"Feature","geometry":{"type":"Polygon","coordinates":[[[-46.622693,-23.406503],[-46.622793,-23.406498],[-46.622803,-23.406497],[-46.622842,-23.406495],[-46.62289,-23.406491],[-46.622939,-23.406487],[-46.622958,-23.406575],[-46.622965,-23.406609],[-46.622996,-23.406752],[-46.622948,-23.406755],[-46.622898,-23.406758],[-46.622748,-23.406769],[-46.622693,-23.406503]]]},"properties":{"sqlu":"SP-003-962186","inscription":"SP-GEOSAMPA-1962186","inscricaoImobiliaria":"SP-IMO-1962186","setor":"003","quadra":"033","lote":"0099","sourceType":"OFFICIAL_IMPORT","mainAddress":"Setor Fiscal 003","zoneamento":"RESIDENCIAL","statusCadastral":"ATIVO","workflowStatus":"PENDENTE","isOfficial":true,"rawProperties":{"cd_identificador":1962186,"cd_identificador_original_lote":8821214,"cd_setor_fiscal":"003","cd_tipo_quadra":"F","tx_tipo_quadra":"FISCAL","cd_quadra_fiscal":"033","cd_subquadra_fiscal":null,"cd_condominio":"00","cd_tipo_lote":"F","tx_tipo_lote":"FISCAL","cd_lote":"0099","cd_situacao":1,"cd_digito_sql":"1","cd_logradouro":"032425","nm_logradouro_completo":"R CEL BENTO PIRES","cd_numero_porta":"73","tx_complemento_endereco":null,"tx_situ_lote":"ATIVO","cd_tipo_uso_imovel":"50","dc_tipo_uso_imovel":"Não residencial","cd_tipo_terreno_imovel":1,"qt_area_terreno":755,"qt_area_construida":743}}},{"type":"Feature","geometry":{"type":"Polygon","coordinates":[[[-46.616435,-23.404985],[-46.616391,-23.404959],[-46.616503,-23.4048],[-46.616547,-23.404825],[-46.616499,-23.404895],[-46.616469,-23.404936],[-46.616454,-23.404958],[-46.616435,-23.404985]]]},"properties":{"sqlu":"SP-003-962181","inscription":"SP-GEOSAMPA-1962181","inscricaoImobiliaria":"SP-IMO-1962181","setor":"003","quadra":"041","lote":"0026","sourceType":"OFFICIAL_IMPORT","mainAddress":"Setor Fiscal 003","zoneamento":"RESIDENCIAL","statusCadastral":"ATIVO","workflowStatus":"PENDENTE","isOfficial":true,"rawProperties":{"cd_identificador":1962181,"cd_identificador_original_lote":8820230,"cd_setor_fiscal":"003","cd_tipo_quadra":"F","tx_tipo_quadra":"FISCAL","cd_quadra_fiscal":"041","cd_subquadra_fiscal":null,"cd_condominio":"00","cd_tipo_lote":"F","tx_tipo_lote":"FISCAL","cd_lote":"0026","cd_situacao":1,"cd_digito_sql":"9","cd_logradouro":"154571","nm_logradouro_completo":"R PARANA","cd_numero_porta":"180","tx_complemento_endereco":null,"tx_situ_lote":"ATIVO","cd_tipo_uso_imovel":"10","dc_tipo_uso_imovel":"Residencial","cd_tipo_terreno_imovel":1,"qt_area_terreno":109,"qt_area_construida":120}}},{"type":"Feature","geometry":{"type":"Polygon","coordinates":[[[-46.616435,-23.404985],[-46.616454,-23.404958],[-46.616469,-23.404936],[-46.616499,-23.404895],[-46.616547,-23.404825],[-46.616592,-23.404851],[-46.616514,-23.404966],[-46.616483,-23.405013],[-46.61645,-23.404994],[-46.616435,-23.404985]]]},"properties":{"sqlu":"SP-003-962182","inscription":"SP-GEOSAMPA-1962182","inscricaoImobiliaria":"SP-IMO-1962182","setor":"003","quadra":"041","lote":"0025","sourceType":"OFFICIAL_IMPORT","mainAddress":"Setor Fiscal 003","zoneamento":"RESIDENCIAL","statusCadastral":"ATIVO","workflowStatus":"PENDENTE","isOfficial":true,"rawProperties":{"cd_identificador":1962182,"cd_identificador_original_lote":8820231,"cd_setor_fiscal":"003","cd_tipo_quadra":"F","tx_tipo_quadra":"FISCAL","cd_quadra_fiscal":"041","cd_subquadra_fiscal":null,"cd_condominio":"00","cd_tipo_lote":"F","tx_tipo_lote":"FISCAL","cd_lote":"0025","cd_situacao":1,"cd_digito_sql":"0","cd_logradouro":"154571","nm_logradouro_completo":"R PARANA","cd_numero_porta":"170","tx_complemento_endereco":"E 172","tx_situ_lote":"ATIVO","cd_tipo_uso_imovel":"60","dc_tipo_uso_imovel":"Não residencial","cd_tipo_terreno_imovel":1,"qt_area_terreno":109,"qt_area_construida":100}}},{"type":"Feature","geometry":{"type":"Polygon","coordinates":[[[-46.616909,-23.406865],[-46.616925,-23.407014],[-46.616929,-23.40705],[-46.616933,-23.407095],[-46.616935,-23.407115],[-46.616938,-23.407139],[-46.616943,-23.407184],[-46.616947,-23.407229],[-46.616952,-23.407274],[-46.616957,-23.407318],[-46.616962,-23.407368],[-46.617101,-23.407337],[-46.617122,-23.407332],[-46.617179,-23.40732],[-46.617202,-23.407314],[-46.617327,-23.407287],[-46.617345,-23.407283],[-46.617358,-23.40728],[-46.617358,-23.407284],[-46.617351,-23.407555],[-46.617065,-23.407607],[-46.616988,-23.407621],[-46.616993,-23.407664],[-46.617005,-23.407782],[-46.616536,-23.407816],[-46.615939,-23.407865],[-46.615721,-23.407883],[-46.6157,-23.407871],[-46.615633,-23.407525],[-46.615576,-23.407245],[-46.615566,-23.407192],[-46.61556,-23.407163],[-46.615542,-23.407075],[-46.615527,-23.406999],[-46.615543,-23.40698],[-46.615681,-23.406969],[-46.615744,-23.406964],[-46.616228,-23.406922],[-46.61646,-23.406903],[-46.616566,-23.406894],[-46.61662,-23.406889],[-46.6167,-23.406883],[-46.616909,-23.406865]]]},"properties":{"sqlu":"SP-003-962262","inscription":"SP-GEOSAMPA-1962262","inscricaoImobiliaria":"SP-IMO-1962262","setor":"003","quadra":"045","lote":"0043","sourceType":"OFFICIAL_IMPORT","mainAddress":"Setor Fiscal 003","zoneamento":"RESIDENCIAL","statusCadastral":"ATIVO","workflowStatus":"PENDENTE","isOfficial":true,"rawProperties":{"cd_identificador":1962262,"cd_identificador_original_lote":8821255,"cd_setor_fiscal":"003","cd_tipo_quadra":"F","tx_tipo_quadra":"FISCAL","cd_quadra_fiscal":"045","cd_subquadra_fiscal":null,"cd_condominio":"00","cd_tipo_lote":"F","tx_tipo_lote":"FISCAL","cd_lote":"0043","cd_situacao":1,"cd_digito_sql":"7","cd_logradouro":"142131","nm_logradouro_completo":"R DA MOOCA","cd_numero_porta":"775","tx_complemento_endereco":"815","tx_situ_lote":"ATIVO","cd_tipo_uso_imovel":"50","dc_tipo_uso_imovel":"Não residencial","cd_tipo_terreno_imovel":2,"qt_area_terreno":14022,"qt_area_construida":15459}}},{"type":"Feature","geometry":{"type":"Polygon","coordinates":[[[-46.613424,-23.4078],[-46.61327,-23.407704],[-46.613263,-23.407644],[-46.613453,-23.407759],[-46.613424,-23.4078]]]},"properties":{"sqlu":"SP-003-962244","inscription":"SP-GEOSAMPA-1962244","inscricaoImobiliaria":"SP-IMO-1962244","setor":"003","quadra":"063","lote":"0017","sourceType":"OFFICIAL_IMPORT","mainAddress":"Setor Fiscal 003","zoneamento":"RESIDENCIAL","statusCadastral":"ATIVO","workflowStatus":"PENDENTE","isOfficial":true,"rawProperties":{"cd_identificador":1962244,"cd_identificador_original_lote":8821257,"cd_setor_fiscal":"003","cd_tipo_quadra":"F","tx_tipo_quadra":"FISCAL","cd_quadra_fiscal":"063","cd_subquadra_fiscal":null,"cd_condominio":"00","cd_tipo_lote":"F","tx_tipo_lote":"FISCAL","cd_lote":"0017","cd_situacao":1,"cd_digito_sql":"6","cd_logradouro":"163589","nm_logradouro_completo":"R PIRATININGA","cd_numero_porta":"1099","tx_complemento_endereco":null,"tx_situ_lote":"ATIVO","cd_tipo_uso_imovel":"40","dc_tipo_uso_imovel":"Não residencial","cd_tipo_terreno_imovel":1,"qt_area_terreno":103,"qt_area_construida":80}}},{"type":"Feature","geometry":{"type":"Polygon","coordinates":[[[-46.613749,-23.406294],[-46.613866,-23.406129],[-46.613893,-23.406145],[-46.613873,-23.406172],[-46.61385,-23.406204],[-46.613808,-23.406262],[-46.613788,-23.406288],[-46.613773,-23.406309],[-46.613758,-23.4063],[-46.613749,-23.406294]]]},"properties":{"sqlu":"SP-003-962248","inscription":"SP-GEOSAMPA-1962248","inscricaoImobiliaria":"SP-IMO-1962248","setor":"003","quadra":"062","lote":"0013","sourceType":"OFFICIAL_IMPORT","mainAddress":"Setor Fiscal 003","zoneamento":"RESIDENCIAL","statusCadastral":"ATIVO","workflowStatus":"PENDENTE","isOfficial":true,"rawProperties":{"cd_identificador":1962248,"cd_identificador_original_lote":8820287,"cd_setor_fiscal":"003","cd_tipo_quadra":"F","tx_tipo_quadra":"FISCAL","cd_quadra_fiscal":"062","cd_subquadra_fiscal":null,"cd_condominio":"00","cd_tipo_lote":"F","tx_tipo_lote":"FISCAL","cd_lote":"0013","cd_situacao":1,"cd_digito_sql":"9","cd_logradouro":"065625","nm_logradouro_completo":"R ERNESTO DE CASTRO","cd_numero_porta":"72","tx_complemento_endereco":null,"tx_situ_lote":"ATIVO","cd_tipo_uso_imovel":"40","dc_tipo_uso_imovel":"Não residencial","cd_tipo_terreno_imovel":1,"qt_area_terreno":108,"qt_area_construida":186}}},{"type":"Feature","geometry":{"type":"Polygon","coordinates":[[[-46.619382,-23.401559],[-46.619362,-23.401592],[-46.619344,-23.401583],[-46.619234,-23.401526],[-46.619236,-23.401522],[-46.61924,-23.401516],[-46.619254,-23.401492],[-46.619275,-23.401503],[-46.619364,-23.40155],[-46.619382,-23.401559]]]},"properties":{"sqlu":"SP-003-962251","inscription":"SP-GEOSAMPA-1962251","inscricaoImobiliaria":"SP-IMO-1962251","setor":"003","quadra":"014","lote":"0129","sourceType":"OFFICIAL_IMPORT","mainAddress":"Setor Fiscal 003","zoneamento":"RESIDENCIAL","statusCadastral":"ATIVO","workflowStatus":"PENDENTE","isOfficial":true,"rawProperties":{"cd_identificador":1962251,"cd_identificador_original_lote":8820543,"cd_setor_fiscal":"003","cd_tipo_quadra":"F","tx_tipo_quadra":"FISCAL","cd_quadra_fiscal":"014","cd_subquadra_fiscal":null,"cd_condominio":"00","cd_tipo_lote":"F","tx_tipo_lote":"FISCAL","cd_lote":"0129","cd_situacao":1,"cd_digito_sql":"2","cd_logradouro":"029769","nm_logradouro_completo":"R PROF BATISTA DE ANDRADE","cd_numero_porta":"197","tx_complemento_endereco":null,"tx_situ_lote":"ATIVO","cd_tipo_uso_imovel":"10","dc_tipo_uso_imovel":"Residencial","cd_tipo_terreno_imovel":1,"qt_area_terreno":70,"qt_area_construida":100}}},{"type":"Feature","geometry":{"type":"Polygon","coordinates":[[[-46.621448,-23.407008],[-46.621454,-23.407007],[-46.621497,-23.407004],[-46.621539,-23.407268],[-46.621493,-23.407271],[-46.621485,-23.407222],[-46.621484,-23.40722],[-46.621479,-23.407187],[-46.621477,-23.407179],[-46.62147,-23.407137],[-46.621463,-23.407095],[-46.621458,-23.407069],[-46.621448,-23.407008]]]},"properties":{"sqlu":"SP-003-962377","inscription":"SP-GEOSAMPA-1962377","inscricaoImobiliaria":"SP-IMO-1962377","setor":"003","quadra":"035","lote":"0044","sourceType":"OFFICIAL_IMPORT","mainAddress":"Setor Fiscal 003","zoneamento":"RESIDENCIAL","statusCadastral":"ATIVO","workflowStatus":"PENDENTE","isOfficial":true,"rawProperties":{"cd_identificador":1962377,"cd_identificador_original_lote":8820084,"cd_setor_fiscal":"003","cd_tipo_quadra":"F","tx_tipo_quadra":"FISCAL","cd_quadra_fiscal":"035","cd_subquadra_fiscal":null,"cd_condominio":"00","cd_tipo_lote":"F","tx_tipo_lote":"FISCAL","cd_lote":"0044","cd_situacao":1,"cd_digito_sql":"1","cd_logradouro":"032425","nm_logradouro_completo":"R CEL BENTO PIRES","cd_numero_porta":"230","tx_complemento_endereco":null,"tx_situ_lote":"ATIVO","cd_tipo_uso_imovel":"40","dc_tipo_uso_imovel":"Não residencial","cd_tipo_terreno_imovel":1,"qt_area_terreno":150,"qt_area_construida":130}}},{"type":"Feature","geometry":{"type":"Polygon","coordinates":[[[-46.62785,-23.405822],[-46.627986,-23.40591],[-46.628011,-23.405927],[-46.628031,-23.40594],[-46.628061,-23.405963],[-46.628097,-23.405989],[-46.628128,-23.406012],[-46.628145,-23.406026],[-46.628122,-23.406049],[-46.628069,-23.406019],[-46.628057,-23.406011],[-46.628013,-23.405985],[-46.628,-23.405978],[-46.627855,-23.405893],[-46.627851,-23.405833],[-46.62785,-23.405822]]]},"properties":{"sqlu":"SP-003-962210","inscription":"SP-GEOSAMPA-1962210","inscricaoImobiliaria":"SP-IMO-1962210","setor":"003","quadra":"006","lote":"0019","sourceType":"OFFICIAL_IMPORT","mainAddress":"Setor Fiscal 003","zoneamento":"RESIDENCIAL","statusCadastral":"ATIVO","workflowStatus":"PENDENTE","isOfficial":true,"rawProperties":{"cd_identificador":1962210,"cd_identificador_original_lote":8820769,"cd_setor_fiscal":"003","cd_tipo_quadra":"F","tx_tipo_quadra":"FISCAL","cd_quadra_fiscal":"006","cd_subquadra_fiscal":null,"cd_condominio":"00","cd_tipo_lote":"F","tx_tipo_lote":"FISCAL","cd_lote":"0019","cd_situacao":1,"cd_digito_sql":"4","cd_logradouro":"044342","nm_logradouro_completo":"R DOS CARMELITAS","cd_numero_porta":"150","tx_complemento_endereco":null,"tx_situ_lote":"ATIVO","cd_tipo_uso_imovel":"10","dc_tipo_uso_imovel":"Residencial","cd_tipo_terreno_imovel":1,"qt_area_terreno":400,"qt_area_construida":200}}},{"type":"Feature","geometry":{"type":"Polygon","coordinates":[[[-46.622285,-23.405263],[-46.622257,-23.405265],[-46.621991,-23.405287],[-46.621981,-23.405234],[-46.622252,-23.405212],[-46.622274,-23.40521],[-46.622285,-23.405263]]]},"properties":{"sqlu":"SP-003-962446","inscription":"SP-GEOSAMPA-1962446","inscricaoImobiliaria":"SP-IMO-1962446","setor":"003","quadra":"021","lote":"0017","sourceType":"OFFICIAL_IMPORT","mainAddress":"Setor Fiscal 003","zoneamento":"RESIDENCIAL","statusCadastral":"ATIVO","workflowStatus":"PENDENTE","isOfficial":true,"rawProperties":{"cd_identificador":1962446,"cd_identificador_original_lote":8821422,"cd_setor_fiscal":"003","cd_tipo_quadra":"F","tx_tipo_quadra":"FISCAL","cd_quadra_fiscal":"021","cd_subquadra_fiscal":null,"cd_condominio":"00","cd_tipo_lote":"F","tx_tipo_lote":"FISCAL","cd_lote":"0017","cd_situacao":1,"cd_digito_sql":"2","cd_logradouro":"199265","nm_logradouro_completo":"R WANDENKOLK","cd_numero_porta":"324","tx_complemento_endereco":null,"tx_situ_lote":"ATIVO","cd_tipo_uso_imovel":"60","dc_tipo_uso_imovel":"Não residencial","cd_tipo_terreno_imovel":1,"qt_area_terreno":186,"qt_area_construida":341}}},{"type":"Feature","geometry":{"type":"Polygon","coordinates":[[[-46.617625,-23.403691],[-46.617661,-23.403712],[-46.617679,-23.403723],[-46.617791,-23.403789],[-46.617846,-23.403821],[-46.6179,-23.403853],[-46.617954,-23.403885],[-46.618011,-23.403919],[-46.618055,-23.403945],[-46.617983,-23.404052],[-46.617552,-23.403798],[-46.617566,-23.403777],[-46.617625,-23.403691]]]},"properties":{"sqlu":"SP-003-962513","inscription":"SP-GEOSAMPA-1962513","inscricaoImobiliaria":"SP-IMO-1962513","setor":"003","quadra":"028","lote":"0093","sourceType":"OFFICIAL_IMPORT","mainAddress":"Setor Fiscal 003","zoneamento":"RESIDENCIAL","statusCadastral":"ATIVO","workflowStatus":"PENDENTE","isOfficial":true,"rawProperties":{"cd_identificador":1962513,"cd_identificador_original_lote":8820671,"cd_setor_fiscal":"003","cd_tipo_quadra":"F","tx_tipo_quadra":"FISCAL","cd_quadra_fiscal":"028","cd_subquadra_fiscal":null,"cd_condominio":"00","cd_tipo_lote":"F","tx_tipo_lote":"FISCAL","cd_lote":"0093","cd_situacao":1,"cd_digito_sql":"1","cd_logradouro":"071951","nm_logradouro_completo":"R FLORA","cd_numero_porta":"43","tx_complemento_endereco":"E 45","tx_situ_lote":"ATIVO","cd_tipo_uso_imovel":"51","dc_tipo_uso_imovel":"Não residencial","cd_tipo_terreno_imovel":1,"qt_area_terreno":705,"qt_area_construida":655}}},{"type":"Feature","geometry":{"type":"Polygon","coordinates":[[[-46.617625,-23.403691],[-46.617606,-23.40368],[-46.617535,-23.403638],[-46.617517,-23.403662],[-46.617414,-23.403601],[-46.617602,-23.403336],[-46.617792,-23.403452],[-46.617625,-23.403691]]]},"properties":{"sqlu":"SP-003-962511","inscription":"SP-GEOSAMPA-1962511","inscricaoImobiliaria":"SP-IMO-1962511","setor":"003","quadra":"028","lote":"0094","sourceType":"OFFICIAL_IMPORT","mainAddress":"Setor Fiscal 003","zoneamento":"RESIDENCIAL","statusCadastral":"ATIVO","workflowStatus":"PENDENTE","isOfficial":true,"rawProperties":{"cd_identificador":1962511,"cd_identificador_original_lote":8820652,"cd_setor_fiscal":"003","cd_tipo_quadra":"F","tx_tipo_quadra":"FISCAL","cd_quadra_fiscal":"028","cd_subquadra_fiscal":null,"cd_condominio":"00","cd_tipo_lote":"F","tx_tipo_lote":"FISCAL","cd_lote":"0094","cd_situacao":1,"cd_digito_sql":"8","cd_logradouro":"040525","nm_logradouro_completo":"R CAMPOS SALES","cd_numero_porta":"138","tx_complemento_endereco":"140 E 152","tx_situ_lote":"ATIVO","cd_tipo_uso_imovel":"40","dc_tipo_uso_imovel":"Não residencial","cd_tipo_terreno_imovel":1,"qt_area_terreno":703,"qt_area_construida":762}}},{"type":"Feature","geometry":{"type":"Polygon","coordinates":[[[-46.618849,-23.399777],[-46.618825,-23.399763],[-46.618864,-23.399709],[-46.618879,-23.399688],[-46.618949,-23.399727],[-46.619024,-23.39977],[-46.619048,-23.399784],[-46.619122,-23.399826],[-46.619045,-23.399934],[-46.618874,-23.399831],[-46.618862,-23.399823],[-46.618881,-23.399797],[-46.618849,-23.399777]]]},"properties":{"sqlu":"SP-003-962731","inscription":"SP-GEOSAMPA-1962731","inscricaoImobiliaria":"SP-IMO-1962731","setor":"003","quadra":"015","lote":"0000","sourceType":"OFFICIAL_IMPORT","mainAddress":"Setor Fiscal 003","zoneamento":"RESIDENCIAL","statusCadastral":"ATIVO","workflowStatus":"PENDENTE","isOfficial":true,"rawProperties":{"cd_identificador":1962731,"cd_identificador_original_lote":8819860,"cd_setor_fiscal":"003","cd_tipo_quadra":"F","tx_tipo_quadra":"FISCAL","cd_quadra_fiscal":"015","cd_subquadra_fiscal":null,"cd_condominio":"02","cd_tipo_lote":"F","tx_tipo_lote":"FISCAL","cd_lote":"0000","cd_situacao":1,"cd_digito_sql":null,"cd_logradouro":"163589","nm_logradouro_completo":"R PIRATININGA","cd_numero_porta":"37 43","tx_complemento_endereco":null,"tx_situ_lote":null,"cd_tipo_uso_imovel":"XX","dc_tipo_uso_imovel":"Condomínio","cd_tipo_terreno_imovel":99,"qt_area_terreno":386,"qt_area_construida":null}}},{"type":"Feature","geometry":{"type":"Polygon","coordinates":[[[-46.618849,-23.399777],[-46.618829,-23.399805],[-46.618742,-23.399928],[-46.618733,-23.39994],[-46.618241,-23.399641],[-46.618227,-23.399632],[-46.618202,-23.399668],[-46.618155,-23.399735],[-46.618121,-23.399708],[-46.618176,-23.399648],[-46.61839,-23.399415],[-46.61851,-23.399284],[-46.618968,-23.399565],[-46.618903,-23.399655],[-46.618879,-23.399688],[-46.618864,-23.399709],[-46.618825,-23.399763],[-46.618849,-23.399777]]]},"properties":{"sqlu":"SP-003-962732","inscription":"SP-GEOSAMPA-1962732","inscricaoImobiliaria":"SP-IMO-1962732","setor":"003","quadra":"015","lote":"0002","sourceType":"OFFICIAL_IMPORT","mainAddress":"Setor Fiscal 003","zoneamento":"RESIDENCIAL","statusCadastral":"ATIVO","workflowStatus":"PENDENTE","isOfficial":true,"rawProperties":{"cd_identificador":1962732,"cd_identificador_original_lote":8819890,"cd_setor_fiscal":"003","cd_tipo_quadra":"F","tx_tipo_quadra":"FISCAL","cd_quadra_fiscal":"015","cd_subquadra_fiscal":null,"cd_condominio":"00","cd_tipo_lote":"F","tx_tipo_lote":"FISCAL","cd_lote":"0002","cd_situacao":1,"cd_digito_sql":"9","cd_logradouro":"168700","nm_logradouro_completo":"AV RANGEL PESTANA","cd_numero_porta":"1482","tx_complemento_endereco":null,"tx_situ_lote":"ATIVO","cd_tipo_uso_imovel":"71","dc_tipo_uso_imovel":"Não residencial","cd_tipo_terreno_imovel":1,"qt_area_terreno":2560,"qt_area_construida":1600}}},{"type":"Feature","geometry":{"type":"Polygon","coordinates":[[[-46.621836,-23.406978],[-46.621866,-23.406975],[-46.621894,-23.406973],[-46.621898,-23.406997],[-46.621913,-23.407076],[-46.621911,-23.407077],[-46.621943,-23.407248],[-46.621931,-23.40725],[-46.621886,-23.407256],[-46.621885,-23.407247],[-46.621878,-23.407208],[-46.621861,-23.407115],[-46.621845,-23.407029],[-46.621836,-23.406978]]]},"properties":{"sqlu":"SP-003-962722","inscription":"SP-GEOSAMPA-1962722","inscricaoImobiliaria":"SP-IMO-1962722","setor":"003","quadra":"035","lote":"0036","sourceType":"OFFICIAL_IMPORT","mainAddress":"Setor Fiscal 003","zoneamento":"RESIDENCIAL","statusCadastral":"ATIVO","workflowStatus":"PENDENTE","isOfficial":true,"rawProperties":{"cd_identificador":1962722,"cd_identificador_original_lote":8820058,"cd_setor_fiscal":"003","cd_tipo_quadra":"F","tx_tipo_quadra":"FISCAL","cd_quadra_fiscal":"035","cd_subquadra_fiscal":null,"cd_condominio":"00","cd_tipo_lote":"F","tx_tipo_lote":"FISCAL","cd_lote":"0036","cd_situacao":1,"cd_digito_sql":"0","cd_logradouro":"032425","nm_logradouro_completo":"R CEL BENTO PIRES","cd_numero_porta":"S/N","tx_complemento_endereco":null,"tx_situ_lote":"ATIVO","cd_tipo_uso_imovel":"00","dc_tipo_uso_imovel":"Terreno","cd_tipo_terreno_imovel":1,"qt_area_terreno":150,"qt_area_construida":0}}},{"type":"Feature","geometry":{"type":"Polygon","coordinates":[[[-46.6229,-23.405177],[-46.622919,-23.405176],[-46.62292,-23.405182],[-46.622958,-23.405361],[-46.62289,-23.405368],[-46.622844,-23.405151],[-46.62287,-23.40515],[-46.622876,-23.405185],[-46.6229,-23.405183],[-46.6229,-23.405177]]]},"properties":{"sqlu":"SP-003-962752","inscription":"SP-GEOSAMPA-1962752","inscricaoImobiliaria":"SP-IMO-1962752","setor":"003","quadra":"021","lote":"0029","sourceType":"OFFICIAL_IMPORT","mainAddress":"Setor Fiscal 003","zoneamento":"RESIDENCIAL","statusCadastral":"ATIVO","workflowStatus":"PENDENTE","isOfficial":true,"rawProperties":{"cd_identificador":1962752,"cd_identificador_original_lote":8821409,"cd_setor_fiscal":"003","cd_tipo_quadra":"F","tx_tipo_quadra":"FISCAL","cd_quadra_fiscal":"021","cd_subquadra_fiscal":null,"cd_condominio":"00","cd_tipo_lote":"F","tx_tipo_lote":"FISCAL","cd_lote":"0029","cd_situacao":1,"cd_digito_sql":"6","cd_logradouro":"155241","nm_logradouro_completo":"R VISC DE PARNAIBA","cd_numero_porta":"65","tx_complemento_endereco":"E 69","tx_situ_lote":"ATIVO","cd_tipo_uso_imovel":"43","dc_tipo_uso_imovel":"Não residencial","cd_tipo_terreno_imovel":1,"qt_area_terreno":210,"qt_area_construida":420}}},{"type":"Feature","geometry":{"type":"Polygon","coordinates":[[[-46.623199,-23.407135],[-46.623158,-23.406881],[-46.623379,-23.406862],[-46.623407,-23.407139],[-46.62336,-23.407144],[-46.623358,-23.407137],[-46.623354,-23.407116],[-46.623258,-23.407128],[-46.623204,-23.407135],[-46.623199,-23.407135]]]},"properties":{"sqlu":"SP-003-962856","inscription":"SP-GEOSAMPA-1962856","inscricaoImobiliaria":"SP-IMO-1962856","setor":"003","quadra":"034","lote":"0000","sourceType":"OFFICIAL_IMPORT","mainAddress":"Setor Fiscal 003","zoneamento":"RESIDENCIAL","statusCadastral":"ATIVO","workflowStatus":"PENDENTE","isOfficial":true,"rawProperties":{"cd_identificador":1962856,"cd_identificador_original_lote":8820788,"cd_setor_fiscal":"003","cd_tipo_quadra":"F","tx_tipo_quadra":"FISCAL","cd_quadra_fiscal":"034","cd_subquadra_fiscal":null,"cd_condominio":"02","cd_tipo_lote":"F","tx_tipo_lote":"FISCAL","cd_lote":"0000","cd_situacao":1,"cd_digito_sql":null,"cd_logradouro":"032425","nm_logradouro_completo":"R CEL BENTO PIRES","cd_numero_porta":"52","tx_complemento_endereco":null,"tx_situ_lote":null,"cd_tipo_uso_imovel":"XX","dc_tipo_uso_imovel":"Condomínio","cd_tipo_terreno_imovel":99,"qt_area_terreno":629,"qt_area_construida":null}}},{"type":"Feature","geometry":{"type":"Polygon","coordinates":[[[-46.615974,-23.40368],[-46.61626,-23.403853],[-46.616224,-23.403906],[-46.616217,-23.403902],[-46.615936,-23.403733],[-46.615974,-23.40368]]]},"properties":{"sqlu":"SP-003-962955","inscription":"SP-GEOSAMPA-1962955","inscricaoImobiliaria":"SP-IMO-1962955","setor":"003","quadra":"042","lote":"0061","sourceType":"OFFICIAL_IMPORT","mainAddress":"Setor Fiscal 003","zoneamento":"RESIDENCIAL","statusCadastral":"ATIVO","workflowStatus":"PENDENTE","isOfficial":true,"rawProperties":{"cd_identificador":1962955,"cd_identificador_original_lote":8821024,"cd_setor_fiscal":"003","cd_tipo_quadra":"F","tx_tipo_quadra":"FISCAL","cd_quadra_fiscal":"042","cd_subquadra_fiscal":null,"cd_condominio":"00","cd_tipo_lote":"F","tx_tipo_lote":"FISCAL","cd_lote":"0061","cd_situacao":1,"cd_digito_sql":"1","cd_logradouro":"163589","nm_logradouro_completo":"R PIRATININGA","cd_numero_porta":"577","tx_complemento_endereco":null,"tx_situ_lote":"ATIVO","cd_tipo_uso_imovel":"40","dc_tipo_uso_imovel":"Não residencial","cd_tipo_terreno_imovel":1,"qt_area_terreno":208,"qt_area_construida":170}}},{"type":"Feature","geometry":{"type":"Polygon","coordinates":[[[-46.619421,-23.400527],[-46.619454,-23.400477],[-46.61958,-23.400542],[-46.619549,-23.400593],[-46.619488,-23.400561],[-46.619439,-23.400536],[-46.619421,-23.400527]]]},"properties":{"sqlu":"SP-003-962935","inscription":"SP-GEOSAMPA-1962935","inscricaoImobiliaria":"SP-IMO-1962935","setor":"003","quadra":"014","lote":"0162","sourceType":"OFFICIAL_IMPORT","mainAddress":"Setor Fiscal 003","zoneamento":"RESIDENCIAL","statusCadastral":"ATIVO","workflowStatus":"PENDENTE","isOfficial":true,"rawProperties":{"cd_identificador":1962935,"cd_identificador_original_lote":8820555,"cd_setor_fiscal":"003","cd_tipo_quadra":"F","tx_tipo_quadra":"FISCAL","cd_quadra_fiscal":"014","cd_subquadra_fiscal":null,"cd_condominio":"00","cd_tipo_lote":"F","tx_tipo_lote":"FISCAL","cd_lote":"0162","cd_situacao":1,"cd_digito_sql":"4","cd_logradouro":"137960","nm_logradouro_completo":"R MELO BARRETO","cd_numero_porta":"91","tx_complemento_endereco":null,"tx_situ_lote":"ATIVO","cd_tipo_uso_imovel":"10","dc_tipo_uso_imovel":"Residencial","cd_tipo_terreno_imovel":1,"qt_area_terreno":85,"qt_area_construida":40}}},{"type":"Feature","geometry":{"type":"Polygon","coordinates":[[[-46.623318,-23.405328],[-46.623218,-23.405337],[-46.62313,-23.405244],[-46.623084,-23.405197],[-46.623189,-23.405194],[-46.623221,-23.405193],[-46.623299,-23.405191],[-46.623304,-23.405228],[-46.623307,-23.405249],[-46.62331,-23.405271],[-46.623313,-23.405288],[-46.623318,-23.405328]]]},"properties":{"sqlu":"SP-003-962903","inscription":"SP-GEOSAMPA-1962903","inscricaoImobiliaria":"SP-IMO-1962903","setor":"003","quadra":"021","lote":"0000","sourceType":"OFFICIAL_IMPORT","mainAddress":"Setor Fiscal 003","zoneamento":"RESIDENCIAL","statusCadastral":"ATIVO","workflowStatus":"PENDENTE","isOfficial":true,"rawProperties":{"cd_identificador":1962903,"cd_identificador_original_lote":8821405,"cd_setor_fiscal":"003","cd_tipo_quadra":"F","tx_tipo_quadra":"FISCAL","cd_quadra_fiscal":"021","cd_subquadra_fiscal":null,"cd_condominio":"01","cd_tipo_lote":"F","tx_tipo_lote":"FISCAL","cd_lote":"0000","cd_situacao":1,"cd_digito_sql":null,"cd_logradouro":"155241","nm_logradouro_completo":"R VISC DE PARNAIBA","cd_numero_porta":"35 41","tx_complemento_endereco":null,"tx_situ_lote":null,"cd_tipo_uso_imovel":"XX","dc_tipo_uso_imovel":"Condomínio","cd_tipo_terreno_imovel":99,"qt_area_terreno":250,"qt_area_construida":null}}},{"type":"Feature","geometry":{"type":"Polygon","coordinates":[[[-46.627847,-23.405771],[-46.628032,-23.405901],[-46.628064,-23.405923],[-46.628084,-23.405937],[-46.628061,-23.405963],[-46.628031,-23.40594],[-46.628011,-23.405927],[-46.627986,-23.40591],[-46.62785,-23.405822],[-46.627847,-23.405771]]]},"properties":{"sqlu":"SP-003-962804","inscription":"SP-GEOSAMPA-1962804","inscricaoImobiliaria":"SP-IMO-1962804","setor":"003","quadra":"006","lote":"0018","sourceType":"OFFICIAL_IMPORT","mainAddress":"Setor Fiscal 003","zoneamento":"RESIDENCIAL","statusCadastral":"ATIVO","workflowStatus":"PENDENTE","isOfficial":true,"rawProperties":{"cd_identificador":1962804,"cd_identificador_original_lote":8820770,"cd_setor_fiscal":"003","cd_tipo_quadra":"F","tx_tipo_quadra":"FISCAL","cd_quadra_fiscal":"006","cd_subquadra_fiscal":null,"cd_condominio":"00","cd_tipo_lote":"F","tx_tipo_lote":"FISCAL","cd_lote":"0018","cd_situacao":1,"cd_digito_sql":"6","cd_logradouro":"044342","nm_logradouro_completo":"R DOS CARMELITAS","cd_numero_porta":"140","tx_complemento_endereco":null,"tx_situ_lote":"ATIVO","cd_tipo_uso_imovel":"43","dc_tipo_uso_imovel":"Não residencial","cd_tipo_terreno_imovel":1,"qt_area_terreno":120,"qt_area_construida":300}}},{"type":"Feature","geometry":{"type":"Polygon","coordinates":[[[-46.621345,-23.407548],[-46.621247,-23.407554],[-46.621217,-23.407382],[-46.62128,-23.407375],[-46.621313,-23.407372],[-46.621323,-23.407425],[-46.62133,-23.407466],[-46.621345,-23.407548]]]},"properties":{"sqlu":"SP-003-962845","inscription":"SP-GEOSAMPA-1962845","inscricaoImobiliaria":"SP-IMO-1962845","setor":"003","quadra":"035","lote":"0000","sourceType":"OFFICIAL_IMPORT","mainAddress":"Setor Fiscal 003","zoneamento":"RESIDENCIAL","statusCadastral":"ATIVO","workflowStatus":"PENDENTE","isOfficial":true,"rawProperties":{"cd_identificador":1962845,"cd_identificador_original_lote":8820077,"cd_setor_fiscal":"003","cd_tipo_quadra":"F","tx_tipo_quadra":"FISCAL","cd_quadra_fiscal":"035","cd_subquadra_fiscal":null,"cd_condominio":"02","cd_tipo_lote":"F","tx_tipo_lote":"FISCAL","cd_lote":"0000","cd_situacao":1,"cd_digito_sql":null,"cd_logradouro":"044784","nm_logradouro_completo":"R CARNEIRO LEAO","cd_numero_porta":"756","tx_complemento_endereco":null,"tx_situ_lote":null,"cd_tipo_uso_imovel":"XX","dc_tipo_uso_imovel":"Condomínio","cd_tipo_terreno_imovel":99,"qt_area_terreno":194,"qt_area_construida":null}}},{"type":"Feature","geometry":{"type":"Polygon","coordinates":[[[-46.61688,-23.405402],[-46.616965,-23.405396],[-46.616949,-23.405519],[-46.616943,-23.405519],[-46.616871,-23.405403],[-46.61688,-23.405402]]]},"properties":{"sqlu":"SP-003-779621","inscription":"SP-GEOSAMPA-6779621","inscricaoImobiliaria":"SP-IMO-6779621","setor":"003","quadra":"041","lote":"0119","sourceType":"OFFICIAL_IMPORT","mainAddress":"Setor Fiscal 003","zoneamento":"RESIDENCIAL","statusCadastral":"ATIVO","workflowStatus":"PENDENTE","isOfficial":true,"rawProperties":{"cd_identificador":6779621,"cd_identificador_original_lote":10637175,"cd_setor_fiscal":"003","cd_tipo_quadra":"F","tx_tipo_quadra":"FISCAL","cd_quadra_fiscal":"041","cd_subquadra_fiscal":null,"cd_condominio":"00","cd_tipo_lote":"F","tx_tipo_lote":"FISCAL","cd_lote":"0119","cd_situacao":1,"cd_digito_sql":"2","cd_logradouro":"155241","nm_logradouro_completo":"R VISC DE PARNAIBA","cd_numero_porta":"685","tx_complemento_endereco":"CS 19","tx_situ_lote":"ATIVO","cd_tipo_uso_imovel":"10","dc_tipo_uso_imovel":"Residencial","cd_tipo_terreno_imovel":4,"qt_area_terreno":59,"qt_area_construida":118}}},{"type":"Feature","geometry":{"type":"Polygon","coordinates":[[[-46.621062,-23.405679],[-46.621075,-23.405768],[-46.621014,-23.405775],[-46.621,-23.405685],[-46.621062,-23.405679]]]},"properties":{"sqlu":"SP-003-963229","inscription":"SP-GEOSAMPA-1963229","inscricaoImobiliaria":"SP-IMO-1963229","setor":"003","quadra":"037","lote":"0044","sourceType":"OFFICIAL_IMPORT","mainAddress":"Setor Fiscal 003","zoneamento":"RESIDENCIAL","statusCadastral":"ATIVO","workflowStatus":"PENDENTE","isOfficial":true,"rawProperties":{"cd_identificador":1963229,"cd_identificador_original_lote":8821440,"cd_setor_fiscal":"003","cd_tipo_quadra":"F","tx_tipo_quadra":"FISCAL","cd_quadra_fiscal":"037","cd_subquadra_fiscal":null,"cd_condominio":"00","cd_tipo_lote":"F","tx_tipo_lote":"FISCAL","cd_lote":"0044","cd_situacao":1,"cd_digito_sql":"0","cd_logradouro":"155241","nm_logradouro_completo":"R VISC DE PARNAIBA","cd_numero_porta":"260","tx_complemento_endereco":null,"tx_situ_lote":"ATIVO","cd_tipo_uso_imovel":"40","dc_tipo_uso_imovel":"Não residencial","cd_tipo_terreno_imovel":1,"qt_area_terreno":63,"qt_area_construida":60}}},{"type":"Feature","geometry":{"type":"Polygon","coordinates":[[[-46.619293,-23.406866],[-46.619289,-23.406885],[-46.619281,-23.406922],[-46.61917,-23.406909],[-46.619083,-23.406899],[-46.618928,-23.406882],[-46.618928,-23.406874],[-46.618925,-23.406831],[-46.619058,-23.406844],[-46.619176,-23.406855],[-46.619183,-23.406856],[-46.619228,-23.40686],[-46.619293,-23.406866]]]},"properties":{"sqlu":"SP-003-963170","inscription":"SP-GEOSAMPA-1963170","inscricaoImobiliaria":"SP-IMO-1963170","setor":"003","quadra":"057","lote":"0009","sourceType":"OFFICIAL_IMPORT","mainAddress":"Setor Fiscal 003","zoneamento":"RESIDENCIAL","statusCadastral":"ATIVO","workflowStatus":"PENDENTE","isOfficial":true,"rawProperties":{"cd_identificador":1963170,"cd_identificador_original_lote":8820117,"cd_setor_fiscal":"003","cd_tipo_quadra":"F","tx_tipo_quadra":"FISCAL","cd_quadra_fiscal":"057","cd_subquadra_fiscal":null,"cd_condominio":"00","cd_tipo_lote":"F","tx_tipo_lote":"FISCAL","cd_lote":"0009","cd_situacao":1,"cd_digito_sql":"1","cd_logradouro":"138118","nm_logradouro_completo":"R MEM DE SA","cd_numero_porta":"116","tx_complemento_endereco":null,"tx_situ_lote":"ATIVO","cd_tipo_uso_imovel":"10","dc_tipo_uso_imovel":"Residencial","cd_tipo_terreno_imovel":1,"qt_area_terreno":330,"qt_area_construida":120}}},{"type":"Feature","geometry":{"type":"Polygon","coordinates":[[[-46.618551,-23.407153],[-46.618818,-23.40717],[-46.618821,-23.407214],[-46.618821,-23.407226],[-46.618689,-23.407216],[-46.618665,-23.407214],[-46.618596,-23.407209],[-46.618553,-23.407206],[-46.618551,-23.407153]]]},"properties":{"sqlu":"SP-003-963197","inscription":"SP-GEOSAMPA-1963197","inscricaoImobiliaria":"SP-IMO-1963197","setor":"003","quadra":"058","lote":"0042","sourceType":"OFFICIAL_IMPORT","mainAddress":"Setor Fiscal 003","zoneamento":"RESIDENCIAL","statusCadastral":"ATIVO","workflowStatus":"PENDENTE","isOfficial":true,"rawProperties":{"cd_identificador":1963197,"cd_identificador_original_lote":8821083,"cd_setor_fiscal":"003","cd_tipo_quadra":"F","tx_tipo_quadra":"FISCAL","cd_quadra_fiscal":"058","cd_subquadra_fiscal":null,"cd_condominio":"00","cd_tipo_lote":"F","tx_tipo_lote":"FISCAL","cd_lote":"0042","cd_situacao":1,"cd_digito_sql":"6","cd_logradouro":"138118","nm_logradouro_completo":"R MEM DE SA","cd_numero_porta":"153","tx_complemento_endereco":null,"tx_situ_lote":"ATIVO","cd_tipo_uso_imovel":"14","dc_tipo_uso_imovel":"Residencial","cd_tipo_terreno_imovel":1,"qt_area_terreno":175,"qt_area_construida":229}}},{"type":"Feature","geometry":{"type":"Polygon","coordinates":[[[-46.62738,-23.405583],[-46.627381,-23.40558],[-46.627457,-23.405593],[-46.627486,-23.405598],[-46.627719,-23.405638],[-46.627724,-23.40571],[-46.627364,-23.405645],[-46.62738,-23.405583]]]},"properties":{"sqlu":"SP-003-963284","inscription":"SP-GEOSAMPA-1963284","inscricaoImobiliaria":"SP-IMO-1963284","setor":"003","quadra":"007","lote":"0048","sourceType":"OFFICIAL_IMPORT","mainAddress":"Setor Fiscal 003","zoneamento":"RESIDENCIAL","statusCadastral":"ATIVO","workflowStatus":"PENDENTE","isOfficial":true,"rawProperties":{"cd_identificador":1963284,"cd_identificador_original_lote":8819996,"cd_setor_fiscal":"003","cd_tipo_quadra":"F","tx_tipo_quadra":"FISCAL","cd_quadra_fiscal":"007","cd_subquadra_fiscal":null,"cd_condominio":"00","cd_tipo_lote":"F","tx_tipo_lote":"FISCAL","cd_lote":"0048","cd_situacao":1,"cd_digito_sql":"2","cd_logradouro":"044342","nm_logradouro_completo":"R DOS CARMELITAS","cd_numero_porta":"129","tx_complemento_endereco":"E 129","tx_situ_lote":"ATIVO","cd_tipo_uso_imovel":"31","dc_tipo_uso_imovel":"Não residencial","cd_tipo_terreno_imovel":1,"qt_area_terreno":272,"qt_area_construida":949}}},{"type":"Feature","geometry":{"type":"Polygon","coordinates":[[[-46.617025,-23.401464],[-46.617023,-23.401463],[-46.617077,-23.401389],[-46.617138,-23.401428],[-46.617086,-23.401504],[-46.617025,-23.401464]]]},"properties":{"sqlu":"SP-003-963447","inscription":"SP-GEOSAMPA-1963447","inscricaoImobiliaria":"SP-IMO-1963447","setor":"003","quadra":"020","lote":"0060","sourceType":"OFFICIAL_IMPORT","mainAddress":"Setor Fiscal 003","zoneamento":"RESIDENCIAL","statusCadastral":"ATIVO","workflowStatus":"PENDENTE","isOfficial":true,"rawProperties":{"cd_identificador":1963447,"cd_identificador_original_lote":8821340,"cd_setor_fiscal":"003","cd_tipo_quadra":"F","tx_tipo_quadra":"FISCAL","cd_quadra_fiscal":"020","cd_subquadra_fiscal":null,"cd_condominio":"00","cd_tipo_lote":"F","tx_tipo_lote":"FISCAL","cd_lote":"0060","cd_situacao":1,"cd_digito_sql":"7","cd_logradouro":"163589","nm_logradouro_completo":"R PIRATININGA","cd_numero_porta":"297","tx_complemento_endereco":"CS 8","tx_situ_lote":"ATIVO","cd_tipo_uso_imovel":"10","dc_tipo_uso_imovel":"Residencial","cd_tipo_terreno_imovel":4,"qt_area_terreno":75,"qt_area_construida":40}}},{"type":"Feature","geometry":{"type":"Polygon","coordinates":[[[-46.616285,-23.405798],[-46.61627,-23.405789],[-46.616218,-23.405757],[-46.616279,-23.405673],[-46.61632,-23.405696],[-46.616346,-23.405712],[-46.616285,-23.405798]]]},"properties":{"sqlu":"SP-003-963621","inscription":"SP-GEOSAMPA-1963621","inscricaoImobiliaria":"SP-IMO-1963621","setor":"003","quadra":"041","lote":"0069","sourceType":"OFFICIAL_IMPORT","mainAddress":"Setor Fiscal 003","zoneamento":"RESIDENCIAL","statusCadastral":"ATIVO","workflowStatus":"PENDENTE","isOfficial":true,"rawProperties":{"cd_identificador":1963621,"cd_identificador_original_lote":8820204,"cd_setor_fiscal":"003","cd_tipo_quadra":"F","tx_tipo_quadra":"FISCAL","cd_quadra_fiscal":"041","cd_subquadra_fiscal":null,"cd_condominio":"00","cd_tipo_lote":"F","tx_tipo_lote":"FISCAL","cd_lote":"0069","cd_situacao":1,"cd_digito_sql":"2","cd_logradouro":"155241","nm_logradouro_completo":"R VISC DE PARNAIBA","cd_numero_porta":"761","tx_complemento_endereco":"E 763","tx_situ_lote":"ATIVO","cd_tipo_uso_imovel":"43","dc_tipo_uso_imovel":"Não residencial","cd_tipo_terreno_imovel":1,"qt_area_terreno":93,"qt_area_construida":200}}},{"type":"Feature","geometry":{"type":"Polygon","coordinates":[[[-46.61251,-23.407506],[-46.612508,-23.407489],[-46.612503,-23.40745],[-46.612561,-23.407444],[-46.612791,-23.40742],[-46.612798,-23.407472],[-46.612595,-23.407496],[-46.61251,-23.407506]]]},"properties":{"sqlu":"SP-003-963650","inscription":"SP-GEOSAMPA-1963650","inscricaoImobiliaria":"SP-IMO-1963650","setor":"003","quadra":"065","lote":"0024","sourceType":"OFFICIAL_IMPORT","mainAddress":"Setor Fiscal 003","zoneamento":"RESIDENCIAL","statusCadastral":"ATIVO","workflowStatus":"PENDENTE","isOfficial":true,"rawProperties":{"cd_identificador":1963650,"cd_identificador_original_lote":8821290,"cd_setor_fiscal":"003","cd_tipo_quadra":"F","tx_tipo_quadra":"FISCAL","cd_quadra_fiscal":"065","cd_subquadra_fiscal":null,"cd_condominio":"00","cd_tipo_lote":"F","tx_tipo_lote":"FISCAL","cd_lote":"0024","cd_situacao":1,"cd_digito_sql":"8","cd_logradouro":"076295","nm_logradouro_completo":"R DR FREIRE","cd_numero_porta":"211","tx_complemento_endereco":"E 213","tx_situ_lote":"ATIVO","cd_tipo_uso_imovel":"42","dc_tipo_uso_imovel":"Não residencial","cd_tipo_terreno_imovel":1,"qt_area_terreno":179,"qt_area_construida":250}}},{"type":"Feature","geometry":{"type":"Polygon","coordinates":[[[-46.618361,-23.404254],[-46.618398,-23.4042],[-46.618543,-23.404286],[-46.61863,-23.404338],[-46.618618,-23.404356],[-46.618593,-23.404393],[-46.618382,-23.404267],[-46.618361,-23.404254]]]},"properties":{"sqlu":"SP-003-963733","inscription":"SP-GEOSAMPA-1963733","inscricaoImobiliaria":"SP-IMO-1963733","setor":"003","quadra":"027","lote":"0061","sourceType":"OFFICIAL_IMPORT","mainAddress":"Setor Fiscal 003","zoneamento":"RESIDENCIAL","statusCadastral":"ATIVO","workflowStatus":"PENDENTE","isOfficial":true,"rawProperties":{"cd_identificador":1963733,"cd_identificador_original_lote":8819950,"cd_setor_fiscal":"003","cd_tipo_quadra":"F","tx_tipo_quadra":"FISCAL","cd_quadra_fiscal":"027","cd_subquadra_fiscal":null,"cd_condominio":"00","cd_tipo_lote":"F","tx_tipo_lote":"FISCAL","cd_lote":"0061","cd_situacao":1,"cd_digito_sql":"7","cd_logradouro":"038261","nm_logradouro_completo":"R CAETANO PINTO","cd_numero_porta":"511","tx_complemento_endereco":null,"tx_situ_lote":"ATIVO","cd_tipo_uso_imovel":"60","dc_tipo_uso_imovel":"Não residencial","cd_tipo_terreno_imovel":1,"qt_area_terreno":196,"qt_area_construida":180}}},{"type":"Feature","geometry":{"type":"Polygon","coordinates":[[[-46.618753,-23.407518],[-46.618838,-23.407515],[-46.618847,-23.407662],[-46.618825,-23.407683],[-46.618765,-23.407686],[-46.61876,-23.407612],[-46.618756,-23.407567],[-46.618753,-23.407518]]]},"properties":{"sqlu":"SP-003-963638","inscription":"SP-GEOSAMPA-1963638","inscricaoImobiliaria":"SP-IMO-1963638","setor":"003","quadra":"058","lote":"0000","sourceType":"OFFICIAL_IMPORT","mainAddress":"Setor Fiscal 003","zoneamento":"RESIDENCIAL","statusCadastral":"ATIVO","workflowStatus":"PENDENTE","isOfficial":true,"rawProperties":{"cd_identificador":1963638,"cd_identificador_original_lote":8821096,"cd_setor_fiscal":"003","cd_tipo_quadra":"F","tx_tipo_quadra":"FISCAL","cd_quadra_fiscal":"058","cd_subquadra_fiscal":null,"cd_condominio":"02","cd_tipo_lote":"F","tx_tipo_lote":"FISCAL","cd_lote":"0000","cd_situacao":1,"cd_digito_sql":null,"cd_logradouro":"142131","nm_logradouro_completo":"R DA MOOCA","cd_numero_porta":"517 521","tx_complemento_endereco":null,"tx_situ_lote":null,"cd_tipo_uso_imovel":"XX","dc_tipo_uso_imovel":"Condomínio","cd_tipo_terreno_imovel":99,"qt_area_terreno":161,"qt_area_construida":null}}},{"type":"Feature","geometry":{"type":"Polygon","coordinates":[[[-46.615734,-23.403255],[-46.615799,-23.403294],[-46.615585,-23.403599],[-46.615563,-23.403586],[-46.615518,-23.403561],[-46.615608,-23.403433],[-46.615645,-23.403381],[-46.615734,-23.403255]]]},"properties":{"sqlu":"SP-003-963693","inscription":"SP-GEOSAMPA-1963693","inscricaoImobiliaria":"SP-IMO-1963693","setor":"003","quadra":"042","lote":"0003","sourceType":"OFFICIAL_IMPORT","mainAddress":"Setor Fiscal 003","zoneamento":"RESIDENCIAL","statusCadastral":"ATIVO","workflowStatus":"PENDENTE","isOfficial":true,"rawProperties":{"cd_identificador":1963693,"cd_identificador_original_lote":8821062,"cd_setor_fiscal":"003","cd_tipo_quadra":"F","tx_tipo_quadra":"FISCAL","cd_quadra_fiscal":"042","cd_subquadra_fiscal":null,"cd_condominio":"00","cd_tipo_lote":"F","tx_tipo_lote":"FISCAL","cd_lote":"0003","cd_situacao":1,"cd_digito_sql":"4","cd_logradouro":"143359","nm_logradouro_completo":"R CEL MURSA","cd_numero_porta":"90","tx_complemento_endereco":null,"tx_situ_lote":"ATIVO","cd_tipo_uso_imovel":"60","dc_tipo_uso_imovel":"Não residencial","cd_tipo_terreno_imovel":1,"qt_area_terreno":288,"qt_area_construida":378}}},{"type":"Feature","geometry":{"type":"Polygon","coordinates":[[[-46.613949,-23.404404],[-46.613892,-23.40437],[-46.613942,-23.404293],[-46.613965,-23.404258],[-46.614003,-23.4042],[-46.614016,-23.40418],[-46.614045,-23.404136],[-46.614071,-23.404097],[-46.614133,-23.404004],[-46.614157,-23.403967],[-46.614181,-23.403981],[-46.614214,-23.404],[-46.614217,-23.404002],[-46.614193,-23.404038],[-46.614136,-23.404124],[-46.613949,-23.404404]]]},"properties":{"sqlu":"SP-003-963725","inscription":"SP-GEOSAMPA-1963725","inscricaoImobiliaria":"SP-IMO-1963725","setor":"003","quadra":"044","lote":"0000","sourceType":"OFFICIAL_IMPORT","mainAddress":"Setor Fiscal 003","zoneamento":"RESIDENCIAL","statusCadastral":"ATIVO","workflowStatus":"PENDENTE","isOfficial":true,"rawProperties":{"cd_identificador":1963725,"cd_identificador_original_lote":8820971,"cd_setor_fiscal":"003","cd_tipo_quadra":"F","tx_tipo_quadra":"FISCAL","cd_quadra_fiscal":"044","cd_subquadra_fiscal":null,"cd_condominio":"02","cd_tipo_lote":"F","tx_tipo_lote":"FISCAL","cd_lote":"0000","cd_situacao":1,"cd_digito_sql":null,"cd_logradouro":"155241","nm_logradouro_completo":"R VISC DE PARNAIBA","cd_numero_porta":"1043 1045","tx_complemento_endereco":null,"tx_situ_lote":null,"cd_tipo_uso_imovel":"XX","dc_tipo_uso_imovel":"Condomínio","cd_tipo_terreno_imovel":99,"qt_area_terreno":378,"qt_area_construida":null}}},{"type":"Feature","geometry":{"type":"Polygon","coordinates":[[[-46.619675,-23.400786],[-46.619682,-23.400774],[-46.619699,-23.400783],[-46.619726,-23.400797],[-46.619797,-23.400834],[-46.619813,-23.400842],[-46.619788,-23.400884],[-46.619771,-23.400876],[-46.619657,-23.400817],[-46.61966,-23.400811],[-46.619675,-23.400786]]]},"properties":{"sqlu":"SP-003-963775","inscription":"SP-GEOSAMPA-1963775","inscricaoImobiliaria":"SP-IMO-1963775","setor":"003","quadra":"014","lote":"0145","sourceType":"OFFICIAL_IMPORT","mainAddress":"Setor Fiscal 003","zoneamento":"RESIDENCIAL","statusCadastral":"ATIVO","workflowStatus":"PENDENTE","isOfficial":true,"rawProperties":{"cd_identificador":1963775,"cd_identificador_original_lote":8820520,"cd_setor_fiscal":"003","cd_tipo_quadra":"F","tx_tipo_quadra":"FISCAL","cd_quadra_fiscal":"014","cd_subquadra_fiscal":null,"cd_condominio":"00","cd_tipo_lote":"F","tx_tipo_lote":"FISCAL","cd_lote":"0145","cd_situacao":1,"cd_digito_sql":"4","cd_logradouro":"029769","nm_logradouro_completo":"R PROF BATISTA DE ANDRADE","cd_numero_porta":"107","tx_complemento_endereco":null,"tx_situ_lote":"ATIVO","cd_tipo_uso_imovel":"10","dc_tipo_uso_imovel":"Residencial","cd_tipo_terreno_imovel":1,"qt_area_terreno":83,"qt_area_construida":120}}},{"type":"Feature","geometry":{"type":"Polygon","coordinates":[[[-46.619675,-23.400786],[-46.619633,-23.400764],[-46.619558,-23.400724],[-46.619589,-23.400673],[-46.61962,-23.400689],[-46.619643,-23.400701],[-46.619705,-23.400735],[-46.619704,-23.400736],[-46.619692,-23.400757],[-46.619682,-23.400774],[-46.619675,-23.400786]]]},"properties":{"sqlu":"SP-003-963776","inscription":"SP-GEOSAMPA-1963776","inscricaoImobiliaria":"SP-IMO-1963776","setor":"003","quadra":"014","lote":"0203","sourceType":"OFFICIAL_IMPORT","mainAddress":"Setor Fiscal 003","zoneamento":"RESIDENCIAL","statusCadastral":"ATIVO","workflowStatus":"PENDENTE","isOfficial":true,"rawProperties":{"cd_identificador":1963776,"cd_identificador_original_lote":8820483,"cd_setor_fiscal":"003","cd_tipo_quadra":"F","tx_tipo_quadra":"FISCAL","cd_quadra_fiscal":"014","cd_subquadra_fiscal":null,"cd_condominio":"00","cd_tipo_lote":"F","tx_tipo_lote":"FISCAL","cd_lote":"0203","cd_situacao":1,"cd_digito_sql":"5","cd_logradouro":"137960","nm_logradouro_completo":"R MELO BARRETO","cd_numero_porta":"102","tx_complemento_endereco":null,"tx_situ_lote":"ATIVO","cd_tipo_uso_imovel":"42","dc_tipo_uso_imovel":"Não residencial","cd_tipo_terreno_imovel":1,"qt_area_terreno":71,"qt_area_construida":55}}},{"type":"Feature","geometry":{"type":"Polygon","coordinates":[[[-46.613822,-23.407603],[-46.613853,-23.40756],[-46.613984,-23.407641],[-46.614013,-23.40766],[-46.614001,-23.407677],[-46.613994,-23.407687],[-46.613984,-23.407702],[-46.613822,-23.407603]]]},"properties":{"sqlu":"SP-003-963703","inscription":"SP-GEOSAMPA-1963703","inscricaoImobiliaria":"SP-IMO-1963703","setor":"003","quadra":"048","lote":"0009","sourceType":"OFFICIAL_IMPORT","mainAddress":"Setor Fiscal 003","zoneamento":"RESIDENCIAL","statusCadastral":"ATIVO","workflowStatus":"PENDENTE","isOfficial":true,"rawProperties":{"cd_identificador":1963703,"cd_identificador_original_lote":8821141,"cd_setor_fiscal":"003","cd_tipo_quadra":"F","tx_tipo_quadra":"FISCAL","cd_quadra_fiscal":"048","cd_subquadra_fiscal":null,"cd_condominio":"00","cd_tipo_lote":"F","tx_tipo_lote":"FISCAL","cd_lote":"0009","cd_situacao":1,"cd_digito_sql":"0","cd_logradouro":"163589","nm_logradouro_completo":"R PIRATININGA","cd_numero_porta":"1058","tx_complemento_endereco":null,"tx_situ_lote":"ATIVO","cd_tipo_uso_imovel":"40","dc_tipo_uso_imovel":"Não residencial","cd_tipo_terreno_imovel":1,"qt_area_terreno":150,"qt_area_construida":200}}},{"type":"Feature","geometry":{"type":"Polygon","coordinates":[[[-46.615205,-23.407458],[-46.615219,-23.407457],[-46.615454,-23.407436],[-46.615463,-23.407481],[-46.615237,-23.4075],[-46.615224,-23.407501],[-46.615193,-23.407504],[-46.615167,-23.407506],[-46.615162,-23.407462],[-46.615188,-23.407459],[-46.615205,-23.407458]]]},"properties":{"sqlu":"SP-003-963727","inscription":"SP-GEOSAMPA-1963727","inscricaoImobiliaria":"SP-IMO-1963727","setor":"003","quadra":"048","lote":"0074","sourceType":"OFFICIAL_IMPORT","mainAddress":"Setor Fiscal 003","zoneamento":"RESIDENCIAL","statusCadastral":"ATIVO","workflowStatus":"PENDENTE","isOfficial":true,"rawProperties":{"cd_identificador":1963727,"cd_identificador_original_lote":8821157,"cd_setor_fiscal":"003","cd_tipo_quadra":"F","tx_tipo_quadra":"FISCAL","cd_quadra_fiscal":"048","cd_subquadra_fiscal":null,"cd_condominio":"00","cd_tipo_lote":"F","tx_tipo_lote":"FISCAL","cd_lote":"0074","cd_situacao":1,"cd_digito_sql":"0","cd_logradouro":"098310","nm_logradouro_completo":"R BR DE JAGUARA","cd_numero_porta":"61","tx_complemento_endereco":null,"tx_situ_lote":"ATIVO","cd_tipo_uso_imovel":"42","dc_tipo_uso_imovel":"Não residencial","cd_tipo_terreno_imovel":1,"qt_area_terreno":145,"qt_area_construida":248}}},{"type":"Feature","geometry":{"type":"Polygon","coordinates":[[[-46.618842,-23.40515],[-46.618881,-23.405145],[-46.61888,-23.405197],[-46.618877,-23.405299],[-46.618835,-23.405299],[-46.618836,-23.405288],[-46.61884,-23.405199],[-46.618841,-23.405175],[-46.618842,-23.40515]]]},"properties":{"sqlu":"SP-003-963896","inscription":"SP-GEOSAMPA-1963896","inscricaoImobiliaria":"SP-IMO-1963896","setor":"003","quadra":"019","lote":"0079","sourceType":"OFFICIAL_IMPORT","mainAddress":"Setor Fiscal 003","zoneamento":"RESIDENCIAL","statusCadastral":"ATIVO","workflowStatus":"PENDENTE","isOfficial":true,"rawProperties":{"cd_identificador":1963896,"cd_identificador_original_lote":8819781,"cd_setor_fiscal":"003","cd_tipo_quadra":"F","tx_tipo_quadra":"FISCAL","cd_quadra_fiscal":"019","cd_subquadra_fiscal":null,"cd_condominio":"00","cd_tipo_lote":"F","tx_tipo_lote":"FISCAL","cd_lote":"0079","cd_situacao":1,"cd_digito_sql":"5","cd_logradouro":"155241","nm_logradouro_completo":"R VISC DE PARNAIBA","cd_numero_porta":"485","tx_complemento_endereco":"CS 10","tx_situ_lote":"ATIVO","cd_tipo_uso_imovel":"10","dc_tipo_uso_imovel":"Residencial","cd_tipo_terreno_imovel":4,"qt_area_terreno":52,"qt_area_construida":96}}},{"type":"Feature","geometry":{"type":"Polygon","coordinates":[[[-46.622789,-23.402708],[-46.62284,-23.402604],[-46.622849,-23.402585],[-46.622861,-23.402561],[-46.622902,-23.402478],[-46.622951,-23.4025],[-46.622843,-23.402729],[-46.622789,-23.402708]]]},"properties":{"sqlu":"SP-003-963968","inscription":"SP-GEOSAMPA-1963968","inscricaoImobiliaria":"SP-IMO-1963968","setor":"003","quadra":"011","lote":"0071","sourceType":"OFFICIAL_IMPORT","mainAddress":"Setor Fiscal 003","zoneamento":"RESIDENCIAL","statusCadastral":"ATIVO","workflowStatus":"PENDENTE","isOfficial":true,"rawProperties":{"cd_identificador":1963968,"cd_identificador_original_lote":8820367,"cd_setor_fiscal":"003","cd_tipo_quadra":"F","tx_tipo_quadra":"FISCAL","cd_quadra_fiscal":"011","cd_subquadra_fiscal":null,"cd_condominio":"00","cd_tipo_lote":"F","tx_tipo_lote":"FISCAL","cd_lote":"0071","cd_situacao":1,"cd_digito_sql":"3","cd_logradouro":"050415","nm_logradouro_completo":"R CLAUDINO PINTO","cd_numero_porta":"35","tx_complemento_endereco":null,"tx_situ_lote":"ATIVO","cd_tipo_uso_imovel":"42","dc_tipo_uso_imovel":"Não residencial","cd_tipo_terreno_imovel":1,"qt_area_terreno":150,"qt_area_construida":280}}},{"type":"Feature","geometry":{"type":"Polygon","coordinates":[[[-46.61701,-23.405274],[-46.61698,-23.405284],[-46.616958,-23.405274],[-46.617056,-23.405121],[-46.617096,-23.405144],[-46.61701,-23.405274]]]},"properties":{"sqlu":"SP-003-964226","inscription":"SP-GEOSAMPA-1964226","inscricaoImobiliaria":"SP-IMO-1964226","setor":"003","quadra":"041","lote":"0013","sourceType":"OFFICIAL_IMPORT","mainAddress":"Setor Fiscal 003","zoneamento":"RESIDENCIAL","statusCadastral":"ATIVO","workflowStatus":"PENDENTE","isOfficial":true,"rawProperties":{"cd_identificador":1964226,"cd_identificador_original_lote":8820131,"cd_setor_fiscal":"003","cd_tipo_quadra":"F","tx_tipo_quadra":"FISCAL","cd_quadra_fiscal":"041","cd_subquadra_fiscal":null,"cd_condominio":"00","cd_tipo_lote":"F","tx_tipo_lote":"FISCAL","cd_lote":"0013","cd_situacao":1,"cd_digito_sql":"7","cd_logradouro":"154571","nm_logradouro_completo":"R PARANA","cd_numero_porta":"110","tx_complemento_endereco":null,"tx_situ_lote":"ATIVO","cd_tipo_uso_imovel":"60","dc_tipo_uso_imovel":"Não residencial","cd_tipo_terreno_imovel":1,"qt_area_terreno":92,"qt_area_construida":70}}},{"type":"Feature","geometry":{"type":"Polygon","coordinates":[[[-46.616238,-23.40633],[-46.616185,-23.406299],[-46.616167,-23.406328],[-46.616129,-23.406324],[-46.616212,-23.4062],[-46.616361,-23.405978],[-46.616444,-23.406028],[-46.616294,-23.406247],[-46.616238,-23.40633]]]},"properties":{"sqlu":"SP-003-964311","inscription":"SP-GEOSAMPA-1964311","inscricaoImobiliaria":"SP-IMO-1964311","setor":"003","quadra":"046","lote":"0077","sourceType":"OFFICIAL_IMPORT","mainAddress":"Setor Fiscal 003","zoneamento":"RESIDENCIAL","statusCadastral":"ATIVO","workflowStatus":"PENDENTE","isOfficial":true,"rawProperties":{"cd_identificador":1964311,"cd_identificador_original_lote":8819735,"cd_setor_fiscal":"003","cd_tipo_quadra":"F","tx_tipo_quadra":"FISCAL","cd_quadra_fiscal":"046","cd_subquadra_fiscal":null,"cd_condominio":"00","cd_tipo_lote":"F","tx_tipo_lote":"FISCAL","cd_lote":"0077","cd_situacao":1,"cd_digito_sql":"6","cd_logradouro":"155241","nm_logradouro_completo":"R VISC DE PARNAIBA","cd_numero_porta":"732","tx_complemento_endereco":"736 E 740","tx_situ_lote":"ATIVO","cd_tipo_uso_imovel":"42","dc_tipo_uso_imovel":"Não residencial","cd_tipo_terreno_imovel":1,"qt_area_terreno":430,"qt_area_construida":730}}},{"type":"Feature","geometry":{"type":"Polygon","coordinates":[[[-46.616238,-23.40633],[-46.616294,-23.406247],[-46.616444,-23.406028],[-46.616529,-23.406078],[-46.616387,-23.406281],[-46.61631,-23.406392],[-46.616188,-23.406402],[-46.616238,-23.40633]]]},"properties":{"sqlu":"SP-003-964312","inscription":"SP-GEOSAMPA-1964312","inscricaoImobiliaria":"SP-IMO-1964312","setor":"003","quadra":"046","lote":"0085","sourceType":"OFFICIAL_IMPORT","mainAddress":"Setor Fiscal 003","zoneamento":"RESIDENCIAL","statusCadastral":"ATIVO","workflowStatus":"PENDENTE","isOfficial":true,"rawProperties":{"cd_identificador":1964312,"cd_identificador_original_lote":8819736,"cd_setor_fiscal":"003","cd_tipo_quadra":"F","tx_tipo_quadra":"FISCAL","cd_quadra_fiscal":"046","cd_subquadra_fiscal":null,"cd_condominio":"00","cd_tipo_lote":"F","tx_tipo_lote":"FISCAL","cd_lote":"0085","cd_situacao":1,"cd_digito_sql":"7","cd_logradouro":"155241","nm_logradouro_completo":"R VISC DE PARNAIBA","cd_numero_porta":"724","tx_complemento_endereco":"E 728","tx_situ_lote":"ATIVO","cd_tipo_uso_imovel":"40","dc_tipo_uso_imovel":"Não residencial","cd_tipo_terreno_imovel":3,"qt_area_terreno":545,"qt_area_construida":545}}},{"type":"Feature","geometry":{"type":"Polygon","coordinates":[[[-46.619908,-23.401141],[-46.619881,-23.401181],[-46.619863,-23.401172],[-46.619857,-23.401169],[-46.619759,-23.401118],[-46.619743,-23.40111],[-46.619768,-23.401069],[-46.619795,-23.401083],[-46.619858,-23.401116],[-46.61989,-23.401132],[-46.619908,-23.401141]]]},"properties":{"sqlu":"SP-003-964421","inscription":"SP-GEOSAMPA-1964421","inscricaoImobiliaria":"SP-IMO-1964421","setor":"003","quadra":"013","lote":"0029","sourceType":"OFFICIAL_IMPORT","mainAddress":"Setor Fiscal 003","zoneamento":"RESIDENCIAL","statusCadastral":"ATIVO","workflowStatus":"PENDENTE","isOfficial":true,"rawProperties":{"cd_identificador":1964421,"cd_identificador_original_lote":8820453,"cd_setor_fiscal":"003","cd_tipo_quadra":"F","tx_tipo_quadra":"FISCAL","cd_quadra_fiscal":"013","cd_subquadra_fiscal":null,"cd_condominio":"00","cd_tipo_lote":"F","tx_tipo_lote":"FISCAL","cd_lote":"0029","cd_situacao":1,"cd_digito_sql":"1","cd_logradouro":"029769","nm_logradouro_completo":"R PROF BATISTA DE ANDRADE","cd_numero_porta":"132","tx_complemento_endereco":null,"tx_situ_lote":"ATIVO","cd_tipo_uso_imovel":"10","dc_tipo_uso_imovel":"Residencial","cd_tipo_terreno_imovel":1,"qt_area_terreno":86,"qt_area_construida":100}}},{"type":"Feature","geometry":{"type":"Polygon","coordinates":[[[-46.61502,-23.405182],[-46.614858,-23.405414],[-46.614814,-23.405388],[-46.614784,-23.40537],[-46.614813,-23.405328],[-46.614829,-23.405304],[-46.614851,-23.405272],[-46.614895,-23.405207],[-46.614943,-23.405137],[-46.61502,-23.405182]]]},"properties":{"sqlu":"SP-003-964340","inscription":"SP-GEOSAMPA-1964340","inscricaoImobiliaria":"SP-IMO-1964340","setor":"003","quadra":"060","lote":"0025","sourceType":"OFFICIAL_IMPORT","mainAddress":"Setor Fiscal 003","zoneamento":"RESIDENCIAL","statusCadastral":"ATIVO","workflowStatus":"PENDENTE","isOfficial":true,"rawProperties":{"cd_identificador":1964340,"cd_identificador_original_lote":8820893,"cd_setor_fiscal":"003","cd_tipo_quadra":"F","tx_tipo_quadra":"FISCAL","cd_quadra_fiscal":"060","cd_subquadra_fiscal":null,"cd_condominio":"00","cd_tipo_lote":"F","tx_tipo_lote":"FISCAL","cd_lote":"0025","cd_situacao":1,"cd_digito_sql":"3","cd_logradouro":"155241","nm_logradouro_completo":"R VISC DE PARNAIBA","cd_numero_porta":"906","tx_complemento_endereco":"E 908","tx_situ_lote":"ATIVO","cd_tipo_uso_imovel":"22","dc_tipo_uso_imovel":"Residencial","cd_tipo_terreno_imovel":1,"qt_area_terreno":295,"qt_area_construida":800}}},{"type":"Feature","geometry":{"type":"Polygon","coordinates":[[[-46.620596,-23.407024],[-46.620575,-23.407025],[-46.620473,-23.407031],[-46.62047,-23.407],[-46.620566,-23.406992],[-46.620594,-23.40699],[-46.620595,-23.407006],[-46.620596,-23.407014],[-46.620596,-23.407024]]]},"properties":{"sqlu":"SP-003-964688","inscription":"SP-GEOSAMPA-1964688","inscricaoImobiliaria":"SP-IMO-1964688","setor":"003","quadra":"055","lote":"0016","sourceType":"OFFICIAL_IMPORT","mainAddress":"Setor Fiscal 003","zoneamento":"RESIDENCIAL","statusCadastral":"ATIVO","workflowStatus":"PENDENTE","isOfficial":true,"rawProperties":{"cd_identificador":1964688,"cd_identificador_original_lote":8820833,"cd_setor_fiscal":"003","cd_tipo_quadra":"F","tx_tipo_quadra":"FISCAL","cd_quadra_fiscal":"055","cd_subquadra_fiscal":null,"cd_condominio":"00","cd_tipo_lote":"F","tx_tipo_lote":"FISCAL","cd_lote":"0016","cd_situacao":1,"cd_digito_sql":"3","cd_logradouro":"095524","nm_logradouro_completo":"R ITAPIRA","cd_numero_porta":"150","tx_complemento_endereco":null,"tx_situ_lote":"ATIVO","cd_tipo_uso_imovel":"10","dc_tipo_uso_imovel":"Residencial","cd_tipo_terreno_imovel":1,"qt_area_terreno":50,"qt_area_construida":87}}},{"type":"Feature","geometry":{"type":"Polygon","coordinates":[[[-46.620789,-23.407122],[-46.620785,-23.407077],[-46.620903,-23.407072],[-46.620904,-23.407084],[-46.620907,-23.407116],[-46.620879,-23.407118],[-46.620827,-23.40712],[-46.620816,-23.407121],[-46.620789,-23.407122]]]},"properties":{"sqlu":"SP-003-964691","inscription":"SP-GEOSAMPA-1964691","inscricaoImobiliaria":"SP-IMO-1964691","setor":"003","quadra":"055","lote":"0059","sourceType":"OFFICIAL_IMPORT","mainAddress":"Setor Fiscal 003","zoneamento":"RESIDENCIAL","statusCadastral":"ATIVO","workflowStatus":"PENDENTE","isOfficial":true,"rawProperties":{"cd_identificador":1964691,"cd_identificador_original_lote":8820804,"cd_setor_fiscal":"003","cd_tipo_quadra":"F","tx_tipo_quadra":"FISCAL","cd_quadra_fiscal":"055","cd_subquadra_fiscal":null,"cd_condominio":"00","cd_tipo_lote":"F","tx_tipo_lote":"FISCAL","cd_lote":"0059","cd_situacao":1,"cd_digito_sql":"7","cd_logradouro":"142131","nm_logradouro_completo":"R DA MOOCA","cd_numero_porta":"315","tx_complemento_endereco":"CS 20","tx_situ_lote":"ATIVO","cd_tipo_uso_imovel":"10","dc_tipo_uso_imovel":"Residencial","cd_tipo_terreno_imovel":4,"qt_area_terreno":55,"qt_area_construida":110}}},{"type":"Feature","geometry":{"type":"Polygon","coordinates":[[[-46.620452,-23.405951],[-46.620383,-23.40596],[-46.620363,-23.405737],[-46.620383,-23.405713],[-46.620419,-23.405709],[-46.620452,-23.405951]]]},"properties":{"sqlu":"SP-003-964702","inscription":"SP-GEOSAMPA-1964702","inscricaoImobiliaria":"SP-IMO-1964702","setor":"003","quadra":"054","lote":"0001","sourceType":"OFFICIAL_IMPORT","mainAddress":"Setor Fiscal 003","zoneamento":"RESIDENCIAL","statusCadastral":"ATIVO","workflowStatus":"PENDENTE","isOfficial":true,"rawProperties":{"cd_identificador":1964702,"cd_identificador_original_lote":8820098,"cd_setor_fiscal":"003","cd_tipo_quadra":"F","tx_tipo_quadra":"FISCAL","cd_quadra_fiscal":"054","cd_subquadra_fiscal":null,"cd_condominio":"00","cd_tipo_lote":"F","tx_tipo_lote":"FISCAL","cd_lote":"0001","cd_situacao":1,"cd_digito_sql":"0","cd_logradouro":"155241","nm_logradouro_completo":"R VISC DE PARNAIBA","cd_numero_porta":"326","tx_complemento_endereco":null,"tx_situ_lote":"ATIVO","cd_tipo_uso_imovel":"43","dc_tipo_uso_imovel":"Não residencial","cd_tipo_terreno_imovel":2,"qt_area_terreno":161,"qt_area_construida":150}}},{"type":"Feature","geometry":{"type":"Polygon","coordinates":[[[-46.614639,-23.407802],[-46.614697,-23.407798],[-46.614714,-23.407972],[-46.614655,-23.407977],[-46.614647,-23.407889],[-46.614645,-23.40787],[-46.614642,-23.407831],[-46.614639,-23.407802]]]},"properties":{"sqlu":"SP-003-964775","inscription":"SP-GEOSAMPA-1964775","inscricaoImobiliaria":"SP-IMO-1964775","setor":"003","quadra":"048","lote":"0049","sourceType":"OFFICIAL_IMPORT","mainAddress":"Setor Fiscal 003","zoneamento":"RESIDENCIAL","statusCadastral":"ATIVO","workflowStatus":"PENDENTE","isOfficial":true,"rawProperties":{"cd_identificador":1964775,"cd_identificador_original_lote":8821164,"cd_setor_fiscal":"003","cd_tipo_quadra":"F","tx_tipo_quadra":"FISCAL","cd_quadra_fiscal":"048","cd_subquadra_fiscal":null,"cd_condominio":"00","cd_tipo_lote":"F","tx_tipo_lote":"FISCAL","cd_lote":"0049","cd_situacao":1,"cd_digito_sql":"1","cd_logradouro":"142131","nm_logradouro_completo":"R DA MOOCA","cd_numero_porta":"937","tx_complemento_endereco":null,"tx_situ_lote":"ATIVO","cd_tipo_uso_imovel":"60","dc_tipo_uso_imovel":"Não residencial","cd_tipo_terreno_imovel":1,"qt_area_terreno":120,"qt_area_construida":120}}},{"type":"Feature","geometry":{"type":"Polygon","coordinates":[[[-46.619858,-23.40092],[-46.61988,-23.400883],[-46.619897,-23.400892],[-46.620029,-23.40096],[-46.620005,-23.400995],[-46.61998,-23.400983],[-46.619947,-23.400966],[-46.619886,-23.400934],[-46.619875,-23.400929],[-46.619858,-23.40092]]]},"properties":{"sqlu":"SP-003-964944","inscription":"SP-GEOSAMPA-1964944","inscricaoImobiliaria":"SP-IMO-1964944","setor":"003","quadra":"013","lote":"0024","sourceType":"OFFICIAL_IMPORT","mainAddress":"Setor Fiscal 003","zoneamento":"RESIDENCIAL","statusCadastral":"ATIVO","workflowStatus":"PENDENTE","isOfficial":true,"rawProperties":{"cd_identificador":1964944,"cd_identificador_original_lote":8820458,"cd_setor_fiscal":"003","cd_tipo_quadra":"F","tx_tipo_quadra":"FISCAL","cd_quadra_fiscal":"013","cd_subquadra_fiscal":null,"cd_condominio":"00","cd_tipo_lote":"F","tx_tipo_lote":"FISCAL","cd_lote":"0024","cd_situacao":1,"cd_digito_sql":"0","cd_logradouro":"029769","nm_logradouro_completo":"R PROF BATISTA DE ANDRADE","cd_numero_porta":"106","tx_complemento_endereco":null,"tx_situ_lote":"ATIVO","cd_tipo_uso_imovel":"10","dc_tipo_uso_imovel":"Residencial","cd_tipo_terreno_imovel":1,"qt_area_terreno":78,"qt_area_construida":115}}},{"type":"Feature","geometry":{"type":"Polygon","coordinates":[[[-46.617521,-23.407016],[-46.617521,-23.407012],[-46.617518,-23.406989],[-46.617515,-23.406949],[-46.617608,-23.406946],[-46.617638,-23.406945],[-46.617639,-23.407014],[-46.61761,-23.407013],[-46.617521,-23.407016]]]},"properties":{"sqlu":"SP-003-965118","inscription":"SP-GEOSAMPA-1965118","inscricaoImobiliaria":"SP-IMO-1965118","setor":"003","quadra":"045","lote":"0013","sourceType":"OFFICIAL_IMPORT","mainAddress":"Setor Fiscal 003","zoneamento":"RESIDENCIAL","statusCadastral":"ATIVO","workflowStatus":"PENDENTE","isOfficial":true,"rawProperties":{"cd_identificador":1965118,"cd_identificador_original_lote":8821244,"cd_setor_fiscal":"003","cd_tipo_quadra":"F","tx_tipo_quadra":"FISCAL","cd_quadra_fiscal":"045","cd_subquadra_fiscal":null,"cd_condominio":"00","cd_tipo_lote":"F","tx_tipo_lote":"FISCAL","cd_lote":"0013","cd_situacao":1,"cd_digito_sql":"5","cd_logradouro":"050733","nm_logradouro_completo":"VP DOS CIENTISTAS","cd_numero_porta":"1","tx_complemento_endereco":null,"tx_situ_lote":"ATIVO","cd_tipo_uso_imovel":"10","dc_tipo_uso_imovel":"Residencial","cd_tipo_terreno_imovel":1,"qt_area_terreno":105,"qt_area_construida":120}}},{"type":"Feature","geometry":{"type":"Polygon","coordinates":[[[-46.617521,-23.407016],[-46.61761,-23.407013],[-46.617639,-23.407014],[-46.617643,-23.407084],[-46.617616,-23.407085],[-46.617528,-23.407088],[-46.617526,-23.407067],[-46.617521,-23.407016]]]},"properties":{"sqlu":"SP-003-965119","inscription":"SP-GEOSAMPA-1965119","inscricaoImobiliaria":"SP-IMO-1965119","setor":"003","quadra":"045","lote":"0012","sourceType":"OFFICIAL_IMPORT","mainAddress":"Setor Fiscal 003","zoneamento":"RESIDENCIAL","statusCadastral":"ATIVO","workflowStatus":"PENDENTE","isOfficial":true,"rawProperties":{"cd_identificador":1965119,"cd_identificador_original_lote":8821245,"cd_setor_fiscal":"003","cd_tipo_quadra":"F","tx_tipo_quadra":"FISCAL","cd_quadra_fiscal":"045","cd_subquadra_fiscal":null,"cd_condominio":"00","cd_tipo_lote":"F","tx_tipo_lote":"FISCAL","cd_lote":"0012","cd_situacao":1,"cd_digito_sql":"7","cd_logradouro":"050733","nm_logradouro_completo":"VP DOS CIENTISTAS","cd_numero_porta":"3","tx_complemento_endereco":null,"tx_situ_lote":"ATIVO","cd_tipo_uso_imovel":"10","dc_tipo_uso_imovel":"Residencial","cd_tipo_terreno_imovel":1,"qt_area_terreno":104,"qt_area_construida":122}}},{"type":"Feature","geometry":{"type":"Polygon","coordinates":[[[-46.619549,-23.401281],[-46.619535,-23.401274],[-46.619467,-23.401239],[-46.619443,-23.401226],[-46.619421,-23.401215],[-46.619449,-23.401168],[-46.619563,-23.401226],[-46.619577,-23.401234],[-46.619549,-23.401281]]]},"properties":{"sqlu":"SP-003-965391","inscription":"SP-GEOSAMPA-1965391","inscricaoImobiliaria":"SP-IMO-1965391","setor":"003","quadra":"014","lote":"0136","sourceType":"OFFICIAL_IMPORT","mainAddress":"Setor Fiscal 003","zoneamento":"RESIDENCIAL","statusCadastral":"ATIVO","workflowStatus":"PENDENTE","isOfficial":true,"rawProperties":{"cd_identificador":1965391,"cd_identificador_original_lote":8820536,"cd_setor_fiscal":"003","cd_tipo_quadra":"F","tx_tipo_quadra":"FISCAL","cd_quadra_fiscal":"014","cd_subquadra_fiscal":null,"cd_condominio":"00","cd_tipo_lote":"F","tx_tipo_lote":"FISCAL","cd_lote":"0136","cd_situacao":1,"cd_digito_sql":"5","cd_logradouro":"029769","nm_logradouro_completo":"R PROF BATISTA DE ANDRADE","cd_numero_porta":"155","tx_complemento_endereco":null,"tx_situ_lote":"ATIVO","cd_tipo_uso_imovel":"10","dc_tipo_uso_imovel":"Residencial","cd_tipo_terreno_imovel":1,"qt_area_terreno":78,"qt_area_construida":120}}},{"type":"Feature","geometry":{"type":"Polygon","coordinates":[[[-46.61774,-23.405163],[-46.617814,-23.405057],[-46.617846,-23.405012],[-46.617886,-23.405207],[-46.617851,-23.40521],[-46.61781,-23.405215],[-46.617729,-23.405223],[-46.617738,-23.405167],[-46.61774,-23.405163]]]},"properties":{"sqlu":"SP-003-965291","inscription":"SP-GEOSAMPA-1965291","inscricaoImobiliaria":"SP-IMO-1965291","setor":"003","quadra":"027","lote":"0086","sourceType":"OFFICIAL_IMPORT","mainAddress":"Setor Fiscal 003","zoneamento":"RESIDENCIAL","statusCadastral":"ATIVO","workflowStatus":"PENDENTE","isOfficial":true,"rawProperties":{"cd_identificador":1965291,"cd_identificador_original_lote":8819898,"cd_setor_fiscal":"003","cd_tipo_quadra":"F","tx_tipo_quadra":"FISCAL","cd_quadra_fiscal":"027","cd_subquadra_fiscal":null,"cd_condominio":"00","cd_tipo_lote":"F","tx_tipo_lote":"FISCAL","cd_lote":"0086","cd_situacao":1,"cd_digito_sql":"2","cd_logradouro":"154571","nm_logradouro_completo":"R PARANA","cd_numero_porta":"19","tx_complemento_endereco":"25","tx_situ_lote":"ATIVO","cd_tipo_uso_imovel":"40","dc_tipo_uso_imovel":"Não residencial","cd_tipo_terreno_imovel":1,"qt_area_terreno":255,"qt_area_construida":255}}},{"type":"Feature","geometry":{"type":"Polygon","coordinates":[[[-46.618898,-23.405468],[-46.618923,-23.405469],[-46.618933,-23.40547],[-46.618932,-23.405484],[-46.618931,-23.405513],[-46.618926,-23.405598],[-46.618924,-23.405624],[-46.618903,-23.405623],[-46.618888,-23.405622],[-46.61889,-23.405595],[-46.618897,-23.405484],[-46.618898,-23.405468]]]},"properties":{"sqlu":"SP-003-965319","inscription":"SP-GEOSAMPA-1965319","inscricaoImobiliaria":"SP-IMO-1965319","setor":"003","quadra":"019","lote":"0071","sourceType":"OFFICIAL_IMPORT","mainAddress":"Setor Fiscal 003","zoneamento":"RESIDENCIAL","statusCadastral":"ATIVO","workflowStatus":"PENDENTE","isOfficial":true,"rawProperties":{"cd_identificador":1965319,"cd_identificador_original_lote":8819773,"cd_setor_fiscal":"003","cd_tipo_quadra":"F","tx_tipo_quadra":"FISCAL","cd_quadra_fiscal":"019","cd_subquadra_fiscal":null,"cd_condominio":"00","cd_tipo_lote":"F","tx_tipo_lote":"FISCAL","cd_lote":"0071","cd_situacao":1,"cd_digito_sql":"1","cd_logradouro":"155241","nm_logradouro_completo":"R VISC DE PARNAIBA","cd_numero_porta":"485","tx_complemento_endereco":"CS 2","tx_situ_lote":"ATIVO","cd_tipo_uso_imovel":"10","dc_tipo_uso_imovel":"Residencial","cd_tipo_terreno_imovel":4,"qt_area_terreno":52,"qt_area_construida":50}}},{"type":"Feature","geometry":{"type":"Polygon","coordinates":[[[-46.626994,-23.405852],[-46.627004,-23.405806],[-46.627008,-23.405789],[-46.627013,-23.405769],[-46.627024,-23.405771],[-46.627058,-23.405779],[-46.627054,-23.405798],[-46.627038,-23.405867],[-46.627034,-23.405885],[-46.62702,-23.405948],[-46.626973,-23.405941],[-46.626994,-23.405852]]]},"properties":{"sqlu":"SP-003-965441","inscription":"SP-GEOSAMPA-1965441","inscricaoImobiliaria":"SP-IMO-1965441","setor":"003","quadra":"007","lote":"0033","sourceType":"OFFICIAL_IMPORT","mainAddress":"Setor Fiscal 003","zoneamento":"RESIDENCIAL","statusCadastral":"ATIVO","workflowStatus":"PENDENTE","isOfficial":true,"rawProperties":{"cd_identificador":1965441,"cd_identificador_original_lote":8820004,"cd_setor_fiscal":"003","cd_tipo_quadra":"F","tx_tipo_quadra":"FISCAL","cd_quadra_fiscal":"007","cd_subquadra_fiscal":null,"cd_condominio":"00","cd_tipo_lote":"F","tx_tipo_lote":"FISCAL","cd_lote":"0033","cd_situacao":1,"cd_digito_sql":"4","cd_logradouro":"146269","nm_logradouro_completo":"R NIOAC","cd_numero_porta":"79","tx_complemento_endereco":"81","tx_situ_lote":"ATIVO","cd_tipo_uso_imovel":"31","dc_tipo_uso_imovel":"Não residencial","cd_tipo_terreno_imovel":1,"qt_area_terreno":98,"qt_area_construida":279}}},{"type":"Feature","geometry":{"type":"Polygon","coordinates":[[[-46.612534,-23.407684],[-46.61253,-23.407657],[-46.612526,-23.407629],[-46.612566,-23.407624],[-46.612814,-23.407595],[-46.612822,-23.407652],[-46.612562,-23.407681],[-46.612534,-23.407684]]]},"properties":{"sqlu":"SP-003-965573","inscription":"SP-GEOSAMPA-1965573","inscricaoImobiliaria":"SP-IMO-1965573","setor":"003","quadra":"065","lote":"0027","sourceType":"OFFICIAL_IMPORT","mainAddress":"Setor Fiscal 003","zoneamento":"RESIDENCIAL","statusCadastral":"ATIVO","workflowStatus":"PENDENTE","isOfficial":true,"rawProperties":{"cd_identificador":1965573,"cd_identificador_original_lote":8821274,"cd_setor_fiscal":"003","cd_tipo_quadra":"F","tx_tipo_quadra":"FISCAL","cd_quadra_fiscal":"065","cd_subquadra_fiscal":null,"cd_condominio":"00","cd_tipo_lote":"F","tx_tipo_lote":"FISCAL","cd_lote":"0027","cd_situacao":1,"cd_digito_sql":"2","cd_logradouro":"076295","nm_logradouro_completo":"R DR FREIRE","cd_numero_porta":"233","tx_complemento_endereco":null,"tx_situ_lote":"ATIVO","cd_tipo_uso_imovel":"14","dc_tipo_uso_imovel":"Residencial","cd_tipo_terreno_imovel":1,"qt_area_terreno":180,"qt_area_construida":232}}},{"type":"Feature","geometry":{"type":"Polygon","coordinates":[[[-46.619237,-23.401956],[-46.619265,-23.40191],[-46.619292,-23.401923],[-46.619358,-23.401959],[-46.61938,-23.40197],[-46.619351,-23.402016],[-46.619263,-23.40197],[-46.619237,-23.401956]]]},"properties":{"sqlu":"SP-003-965686","inscription":"SP-GEOSAMPA-1965686","inscricaoImobiliaria":"SP-IMO-1965686","setor":"003","quadra":"013","lote":"0049","sourceType":"OFFICIAL_IMPORT","mainAddress":"Setor Fiscal 003","zoneamento":"RESIDENCIAL","statusCadastral":"ATIVO","workflowStatus":"PENDENTE","isOfficial":true,"rawProperties":{"cd_identificador":1965686,"cd_identificador_original_lote":8820433,"cd_setor_fiscal":"003","cd_tipo_quadra":"F","tx_tipo_quadra":"FISCAL","cd_quadra_fiscal":"013","cd_subquadra_fiscal":null,"cd_condominio":"00","cd_tipo_lote":"F","tx_tipo_lote":"FISCAL","cd_lote":"0049","cd_situacao":1,"cd_digito_sql":"6","cd_logradouro":"029769","nm_logradouro_completo":"R PROF BATISTA DE ANDRADE","cd_numero_porta":"240","tx_complemento_endereco":null,"tx_situ_lote":"ATIVO","cd_tipo_uso_imovel":"10","dc_tipo_uso_imovel":"Residencial","cd_tipo_terreno_imovel":1,"qt_area_terreno":61,"qt_area_construida":100}}},{"type":"Feature","geometry":{"type":"Polygon","coordinates":[[[-46.615818,-23.406286],[-46.61581,-23.406435],[-46.61575,-23.40644],[-46.615757,-23.406295],[-46.615758,-23.406277],[-46.615779,-23.406279],[-46.615793,-23.406282],[-46.615818,-23.406286]]]},"properties":{"sqlu":"SP-003-965691","inscription":"SP-GEOSAMPA-1965691","inscricaoImobiliaria":"SP-IMO-1965691","setor":"003","quadra":"046","lote":"0035","sourceType":"OFFICIAL_IMPORT","mainAddress":"Setor Fiscal 003","zoneamento":"RESIDENCIAL","statusCadastral":"ATIVO","workflowStatus":"PENDENTE","isOfficial":true,"rawProperties":{"cd_identificador":1965691,"cd_identificador_original_lote":8819718,"cd_setor_fiscal":"003","cd_tipo_quadra":"F","tx_tipo_quadra":"FISCAL","cd_quadra_fiscal":"046","cd_subquadra_fiscal":null,"cd_condominio":"00","cd_tipo_lote":"F","tx_tipo_lote":"FISCAL","cd_lote":"0035","cd_situacao":1,"cd_digito_sql":"0","cd_logradouro":"005436","nm_logradouro_completo":"AV ALCANTARA MACHADO","cd_numero_porta":"793","tx_complemento_endereco":"E 797","tx_situ_lote":"ATIVO","cd_tipo_uso_imovel":"42","dc_tipo_uso_imovel":"Não residencial","cd_tipo_terreno_imovel":1,"qt_area_terreno":103,"qt_area_construida":187}}},{"type":"Feature","geometry":{"type":"Polygon","coordinates":[[[-46.621528,-23.405039],[-46.621494,-23.405039],[-46.621478,-23.404943],[-46.621517,-23.404942],[-46.621524,-23.405005],[-46.621528,-23.405039]]]},"properties":{"sqlu":"SP-003-965754","inscription":"SP-GEOSAMPA-1965754","inscricaoImobiliaria":"SP-IMO-1965754","setor":"003","quadra":"022","lote":"0038","sourceType":"OFFICIAL_IMPORT","mainAddress":"Setor Fiscal 003","zoneamento":"RESIDENCIAL","statusCadastral":"ATIVO","workflowStatus":"PENDENTE","isOfficial":true,"rawProperties":{"cd_identificador":1965754,"cd_identificador_original_lote":8820708,"cd_setor_fiscal":"003","cd_tipo_quadra":"F","tx_tipo_quadra":"FISCAL","cd_quadra_fiscal":"022","cd_subquadra_fiscal":null,"cd_condominio":"00","cd_tipo_lote":"F","tx_tipo_lote":"FISCAL","cd_lote":"0038","cd_situacao":1,"cd_digito_sql":"1","cd_logradouro":"026670","nm_logradouro_completo":"R AZEVEDO JUNIOR","cd_numero_porta":"216","tx_complemento_endereco":null,"tx_situ_lote":"ATIVO","cd_tipo_uso_imovel":"14","dc_tipo_uso_imovel":"Residencial","cd_tipo_terreno_imovel":1,"qt_area_terreno":48,"qt_area_construida":96}}},{"type":"Feature","geometry":{"type":"Polygon","coordinates":[[[-46.614876,-23.405097],[-46.614943,-23.405137],[-46.614895,-23.405207],[-46.614851,-23.405272],[-46.614829,-23.405304],[-46.614813,-23.405328],[-46.614784,-23.40537],[-46.614751,-23.40535],[-46.614717,-23.405329],[-46.614876,-23.405097]]]},"properties":{"sqlu":"SP-003-965783","inscription":"SP-GEOSAMPA-1965783","inscricaoImobiliaria":"SP-IMO-1965783","setor":"003","quadra":"060","lote":"0026","sourceType":"OFFICIAL_IMPORT","mainAddress":"Setor Fiscal 003","zoneamento":"RESIDENCIAL","statusCadastral":"ATIVO","workflowStatus":"PENDENTE","isOfficial":true,"rawProperties":{"cd_identificador":1965783,"cd_identificador_original_lote":8820894,"cd_setor_fiscal":"003","cd_tipo_quadra":"F","tx_tipo_quadra":"FISCAL","cd_quadra_fiscal":"060","cd_subquadra_fiscal":null,"cd_condominio":"00","cd_tipo_lote":"F","tx_tipo_lote":"FISCAL","cd_lote":"0026","cd_situacao":1,"cd_digito_sql":"1","cd_logradouro":"155241","nm_logradouro_completo":"R VISC DE PARNAIBA","cd_numero_porta":"914","tx_complemento_endereco":"E 920","tx_situ_lote":"ATIVO","cd_tipo_uso_imovel":"22","dc_tipo_uso_imovel":"Residencial","cd_tipo_terreno_imovel":1,"qt_area_terreno":268,"qt_area_construida":633}}},{"type":"Feature","geometry":{"type":"Polygon","coordinates":[[[-46.617731,-23.404676],[-46.617751,-23.404646],[-46.617836,-23.404695],[-46.61787,-23.404715],[-46.61785,-23.404745],[-46.617802,-23.404717],[-46.617731,-23.404676]]]},"properties":{"sqlu":"SP-003-965789","inscription":"SP-GEOSAMPA-1965789","inscricaoImobiliaria":"SP-IMO-1965789","setor":"003","quadra":"027","lote":"0023","sourceType":"OFFICIAL_IMPORT","mainAddress":"Setor Fiscal 003","zoneamento":"RESIDENCIAL","statusCadastral":"ATIVO","workflowStatus":"PENDENTE","isOfficial":true,"rawProperties":{"cd_identificador":1965789,"cd_identificador_original_lote":8819931,"cd_setor_fiscal":"003","cd_tipo_quadra":"F","tx_tipo_quadra":"FISCAL","cd_quadra_fiscal":"027","cd_subquadra_fiscal":null,"cd_condominio":"00","cd_tipo_lote":"F","tx_tipo_lote":"FISCAL","cd_lote":"0023","cd_situacao":1,"cd_digito_sql":"4","cd_logradouro":"071951","nm_logradouro_completo":"R FLORA","cd_numero_porta":"126","tx_complemento_endereco":null,"tx_situ_lote":"ATIVO","cd_tipo_uso_imovel":"10","dc_tipo_uso_imovel":"Residencial","cd_tipo_terreno_imovel":1,"qt_area_terreno":68,"qt_area_construida":100}}},{"type":"Feature","geometry":{"type":"Polygon","coordinates":[[[-46.629532,-23.406049],[-46.629362,-23.405906],[-46.629282,-23.40584],[-46.629266,-23.405826],[-46.629126,-23.40571],[-46.629149,-23.405685],[-46.629185,-23.405647],[-46.629292,-23.405534],[-46.629332,-23.405492],[-46.629536,-23.405665],[-46.62957,-23.405693],[-46.629703,-23.405806],[-46.629707,-23.40586],[-46.629532,-23.406049]]]},"properties":{"sqlu":"SP-003-965837","inscription":"SP-GEOSAMPA-1965837","inscricaoImobiliaria":"SP-IMO-1965837","setor":"003","quadra":"002","lote":"0001","sourceType":"OFFICIAL_IMPORT","mainAddress":"Setor Fiscal 003","zoneamento":"RESIDENCIAL","statusCadastral":"ATIVO","workflowStatus":"PENDENTE","isOfficial":true,"rawProperties":{"cd_identificador":1965837,"cd_identificador_original_lote":8819969,"cd_setor_fiscal":"003","cd_tipo_quadra":"F","tx_tipo_quadra":"FISCAL","cd_quadra_fiscal":"002","cd_subquadra_fiscal":null,"cd_condominio":"00","cd_tipo_lote":"F","tx_tipo_lote":"FISCAL","cd_lote":"0001","cd_situacao":1,"cd_digito_sql":"3","cd_logradouro":"044555","nm_logradouro_completo":"R DO CARMO","cd_numero_porta":"88","tx_complemento_endereco":null,"tx_situ_lote":"ATIVO","cd_tipo_uso_imovel":"74","dc_tipo_uso_imovel":"Não residencial","cd_tipo_terreno_imovel":2,"qt_area_terreno":2425,"qt_area_construida":3489}}},{"type":"Feature","geometry":{"type":"Polygon","coordinates":[[[-46.622127,-23.407177],[-46.622221,-23.40717],[-46.622231,-23.407219],[-46.622224,-23.40722],[-46.622123,-23.407228],[-46.622086,-23.407229],[-46.622082,-23.40721],[-46.622077,-23.407182],[-46.622127,-23.407177]]]},"properties":{"sqlu":"SP-003-965979","inscription":"SP-GEOSAMPA-1965979","inscricaoImobiliaria":"SP-IMO-1965979","setor":"003","quadra":"035","lote":"0030","sourceType":"OFFICIAL_IMPORT","mainAddress":"Setor Fiscal 003","zoneamento":"RESIDENCIAL","statusCadastral":"ATIVO","workflowStatus":"PENDENTE","isOfficial":true,"rawProperties":{"cd_identificador":1965979,"cd_identificador_original_lote":8820060,"cd_setor_fiscal":"003","cd_tipo_quadra":"F","tx_tipo_quadra":"FISCAL","cd_quadra_fiscal":"035","cd_subquadra_fiscal":null,"cd_condominio":"00","cd_tipo_lote":"F","tx_tipo_lote":"FISCAL","cd_lote":"0030","cd_situacao":1,"cd_digito_sql":"1","cd_logradouro":"199265","nm_logradouro_completo":"R WANDENKOLK","cd_numero_porta":"539","tx_complemento_endereco":null,"tx_situ_lote":"ATIVO","cd_tipo_uso_imovel":"10","dc_tipo_uso_imovel":"Residencial","cd_tipo_terreno_imovel":1,"qt_area_terreno":90,"qt_area_construida":100}}},{"type":"Feature","geometry":{"type":"Polygon","coordinates":[[[-46.627265,-23.405985],[-46.627254,-23.405983],[-46.627213,-23.405977],[-46.627242,-23.405864],[-46.627247,-23.405842],[-46.627254,-23.405818],[-46.627305,-23.405829],[-46.627265,-23.405985]]]},"properties":{"sqlu":"SP-003-966237","inscription":"SP-GEOSAMPA-1966237","inscricaoImobiliaria":"SP-IMO-1966237","setor":"003","quadra":"007","lote":"0038","sourceType":"OFFICIAL_IMPORT","mainAddress":"Setor Fiscal 003","zoneamento":"RESIDENCIAL","statusCadastral":"ATIVO","workflowStatus":"PENDENTE","isOfficial":true,"rawProperties":{"cd_identificador":1966237,"cd_identificador_original_lote":8820027,"cd_setor_fiscal":"003","cd_tipo_quadra":"F","tx_tipo_quadra":"FISCAL","cd_quadra_fiscal":"007","cd_subquadra_fiscal":null,"cd_condominio":"00","cd_tipo_lote":"F","tx_tipo_lote":"FISCAL","cd_lote":"0038","cd_situacao":1,"cd_digito_sql":"5","cd_logradouro":"146269","nm_logradouro_completo":"R NIOAC","cd_numero_porta":"55","tx_complemento_endereco":null,"tx_situ_lote":"ATIVO","cd_tipo_uso_imovel":"10","dc_tipo_uso_imovel":"Residencial","cd_tipo_terreno_imovel":1,"qt_area_terreno":92,"qt_area_construida":70}}},{"type":"Feature","geometry":{"type":"Polygon","coordinates":[[[-46.617009,-23.406089],[-46.61706,-23.406083],[-46.617088,-23.406101],[-46.617104,-23.406216],[-46.617074,-23.40622],[-46.617028,-23.406225],[-46.617009,-23.406089]]]},"properties":{"sqlu":"SP-003-966285","inscription":"SP-GEOSAMPA-1966285","inscricaoImobiliaria":"SP-IMO-1966285","setor":"003","quadra":"046","lote":"0060","sourceType":"OFFICIAL_IMPORT","mainAddress":"Setor Fiscal 003","zoneamento":"RESIDENCIAL","statusCadastral":"ATIVO","workflowStatus":"PENDENTE","isOfficial":true,"rawProperties":{"cd_identificador":1966285,"cd_identificador_original_lote":8819747,"cd_setor_fiscal":"003","cd_tipo_quadra":"F","tx_tipo_quadra":"FISCAL","cd_quadra_fiscal":"046","cd_subquadra_fiscal":null,"cd_condominio":"00","cd_tipo_lote":"F","tx_tipo_lote":"FISCAL","cd_lote":"0060","cd_situacao":1,"cd_digito_sql":"1","cd_logradouro":"164070","nm_logradouro_completo":"R PLACIDINA","cd_numero_porta":"37","tx_complemento_endereco":null,"tx_situ_lote":"ATIVO","cd_tipo_uso_imovel":"10","dc_tipo_uso_imovel":"Residencial","cd_tipo_terreno_imovel":2,"qt_area_terreno":120,"qt_area_construida":220}}},{"type":"Feature","geometry":{"type":"Polygon","coordinates":[[[-46.61659,-23.405971],[-46.616658,-23.405823],[-46.616639,-23.405995],[-46.61659,-23.405971]]]},"properties":{"sqlu":"SP-003-966339","inscription":"SP-GEOSAMPA-1966339","inscricaoImobiliaria":"SP-IMO-1966339","setor":"003","quadra":"041","lote":"0095","sourceType":"OFFICIAL_IMPORT","mainAddress":"Setor Fiscal 003","zoneamento":"RESIDENCIAL","statusCadastral":"ATIVO","workflowStatus":"PENDENTE","isOfficial":true,"rawProperties":{"cd_identificador":1966339,"cd_identificador_original_lote":8820201,"cd_setor_fiscal":"003","cd_tipo_quadra":"F","tx_tipo_quadra":"FISCAL","cd_quadra_fiscal":"041","cd_subquadra_fiscal":null,"cd_condominio":"00","cd_tipo_lote":"F","tx_tipo_lote":"FISCAL","cd_lote":"0095","cd_situacao":1,"cd_digito_sql":"1","cd_logradouro":"155241","nm_logradouro_completo":"R VISC DE PARNAIBA","cd_numero_porta":"721","tx_complemento_endereco":null,"tx_situ_lote":"ATIVO","cd_tipo_uso_imovel":"10","dc_tipo_uso_imovel":"Residencial","cd_tipo_terreno_imovel":1,"qt_area_terreno":68,"qt_area_construida":50}}},{"type":"Feature","geometry":{"type":"Polygon","coordinates":[[[-46.619096,-23.405117],[-46.619083,-23.405462],[-46.619081,-23.405506],[-46.619081,-23.405512],[-46.619072,-23.405736],[-46.619016,-23.405742],[-46.618964,-23.405748],[-46.61897,-23.405627],[-46.618977,-23.405473],[-46.618979,-23.405437],[-46.618984,-23.405325],[-46.618985,-23.405298],[-46.618993,-23.405131],[-46.619045,-23.405124],[-46.619096,-23.405117]]]},"properties":{"sqlu":"SP-003-790867","inscription":"SP-GEOSAMPA-6790867","inscricaoImobiliaria":"SP-IMO-6790867","setor":"003","quadra":"019","lote":"0581","sourceType":"OFFICIAL_IMPORT","mainAddress":"Setor Fiscal 003","zoneamento":"RESIDENCIAL","statusCadastral":"ATIVO","workflowStatus":"PENDENTE","isOfficial":true,"rawProperties":{"cd_identificador":6790867,"cd_identificador_original_lote":10647106,"cd_setor_fiscal":"003","cd_tipo_quadra":"F","tx_tipo_quadra":"FISCAL","cd_quadra_fiscal":"019","cd_subquadra_fiscal":null,"cd_condominio":"00","cd_tipo_lote":"F","tx_tipo_lote":"FISCAL","cd_lote":"0581","cd_situacao":1,"cd_digito_sql":"9","cd_logradouro":"155241","nm_logradouro_completo":"R VISC DE PARNAIBA","cd_numero_porta":"471","tx_complemento_endereco":"461 E 465","tx_situ_lote":"ATIVO","cd_tipo_uso_imovel":"64","dc_tipo_uso_imovel":"Não residencial","cd_tipo_terreno_imovel":1,"qt_area_terreno":825,"qt_area_construida":326}}},{"type":"Feature","geometry":{"type":"Polygon","coordinates":[[[-46.627169,-23.405672],[-46.627145,-23.405696],[-46.627134,-23.405687],[-46.627105,-23.405718],[-46.627066,-23.405685],[-46.627115,-23.405635],[-46.627216,-23.405533],[-46.627179,-23.405502],[-46.627123,-23.405455],[-46.627082,-23.405422],[-46.627024,-23.405374],[-46.627033,-23.405365],[-46.627272,-23.405567],[-46.627245,-23.405595],[-46.627219,-23.405622],[-46.627194,-23.405647],[-46.627169,-23.405672]]]},"properties":{"sqlu":"SP-003-966540","inscription":"SP-GEOSAMPA-1966540","inscricaoImobiliaria":"SP-IMO-1966540","setor":"003","quadra":"007","lote":"0001","sourceType":"OFFICIAL_IMPORT","mainAddress":"Setor Fiscal 003","zoneamento":"RESIDENCIAL","statusCadastral":"ATIVO","workflowStatus":"PENDENTE","isOfficial":true,"rawProperties":{"cd_identificador":1966540,"cd_identificador_original_lote":8820017,"cd_setor_fiscal":"003","cd_tipo_quadra":"F","tx_tipo_quadra":"FISCAL","cd_quadra_fiscal":"007","cd_subquadra_fiscal":null,"cd_condominio":"00","cd_tipo_lote":"V","tx_tipo_lote":"Via de Acesso","cd_lote":"0001","cd_situacao":1,"cd_digito_sql":null,"cd_logradouro":null,"nm_logradouro_completo":null,"cd_numero_porta":null,"tx_complemento_endereco":null,"tx_situ_lote":null,"cd_tipo_uso_imovel":null,"dc_tipo_uso_imovel":null,"cd_tipo_terreno_imovel":null,"qt_area_terreno":null,"qt_area_construida":null}}},{"type":"Feature","geometry":{"type":"Polygon","coordinates":[[[-46.619181,-23.400854],[-46.619208,-23.40081],[-46.619364,-23.400891],[-46.619343,-23.400925],[-46.619335,-23.400938],[-46.619303,-23.400921],[-46.619262,-23.400898],[-46.619181,-23.400854]]]},"properties":{"sqlu":"SP-003-966728","inscription":"SP-GEOSAMPA-1966728","inscricaoImobiliaria":"SP-IMO-1966728","setor":"003","quadra":"014","lote":"0169","sourceType":"OFFICIAL_IMPORT","mainAddress":"Setor Fiscal 003","zoneamento":"RESIDENCIAL","statusCadastral":"ATIVO","workflowStatus":"PENDENTE","isOfficial":true,"rawProperties":{"cd_identificador":1966728,"cd_identificador_original_lote":8820588,"cd_setor_fiscal":"003","cd_tipo_quadra":"F","tx_tipo_quadra":"FISCAL","cd_quadra_fiscal":"014","cd_subquadra_fiscal":null,"cd_condominio":"00","cd_tipo_lote":"F","tx_tipo_lote":"FISCAL","cd_lote":"0169","cd_situacao":1,"cd_digito_sql":"1","cd_logradouro":"137960","nm_logradouro_completo":"R MELO BARRETO","cd_numero_porta":"135","tx_complemento_endereco":null,"tx_situ_lote":"ATIVO","cd_tipo_uso_imovel":"10","dc_tipo_uso_imovel":"Residencial","cd_tipo_terreno_imovel":1,"qt_area_terreno":108,"qt_area_construida":90}}},{"type":"Feature","geometry":{"type":"Polygon","coordinates":[[[-46.617074,-23.399472],[-46.61711,-23.399419],[-46.617347,-23.399562],[-46.617348,-23.399561],[-46.61742,-23.399603],[-46.617452,-23.399622],[-46.617461,-23.399627],[-46.617458,-23.399632],[-46.617428,-23.399676],[-46.617319,-23.399614],[-46.617074,-23.399472]]]},"properties":{"sqlu":"SP-003-966706","inscription":"SP-GEOSAMPA-1966706","inscricaoImobiliaria":"SP-IMO-1966706","setor":"003","quadra":"015","lote":"0023","sourceType":"OFFICIAL_IMPORT","mainAddress":"Setor Fiscal 003","zoneamento":"RESIDENCIAL","statusCadastral":"ATIVO","workflowStatus":"PENDENTE","isOfficial":true,"rawProperties":{"cd_identificador":1966706,"cd_identificador_original_lote":8819875,"cd_setor_fiscal":"003","cd_tipo_quadra":"F","tx_tipo_quadra":"FISCAL","cd_quadra_fiscal":"015","cd_subquadra_fiscal":null,"cd_condominio":"00","cd_tipo_lote":"F","tx_tipo_lote":"FISCAL","cd_lote":"0023","cd_situacao":1,"cd_digito_sql":"1","cd_logradouro":"135895","nm_logradouro_completo":"R MARTIM BURCHARD","cd_numero_porta":"112","tx_complemento_endereco":null,"tx_situ_lote":"ATIVO","cd_tipo_uso_imovel":"40","dc_tipo_uso_imovel":"Não residencial","cd_tipo_terreno_imovel":1,"qt_area_terreno":280,"qt_area_construida":297}}},{"type":"Feature","geometry":{"type":"Polygon","coordinates":[[[-46.622929,-23.4047],[-46.622919,-23.404727],[-46.622898,-23.404784],[-46.622756,-23.404784],[-46.622755,-23.404713],[-46.622755,-23.404698],[-46.622755,-23.404646],[-46.622776,-23.404653],[-46.62281,-23.404664],[-46.622841,-23.404673],[-46.622885,-23.404687],[-46.622929,-23.4047]]]},"properties":{"sqlu":"SP-003-966851","inscription":"SP-GEOSAMPA-1966851","inscricaoImobiliaria":"SP-IMO-1966851","setor":"003","quadra":"010","lote":"0000","sourceType":"OFFICIAL_IMPORT","mainAddress":"Setor Fiscal 003","zoneamento":"RESIDENCIAL","statusCadastral":"ATIVO","workflowStatus":"PENDENTE","isOfficial":true,"rawProperties":{"cd_identificador":1966851,"cd_identificador_original_lote":8820340,"cd_setor_fiscal":"003","cd_tipo_quadra":"F","tx_tipo_quadra":"FISCAL","cd_quadra_fiscal":"010","cd_subquadra_fiscal":null,"cd_condominio":"01","cd_tipo_lote":"F","tx_tipo_lote":"FISCAL","cd_lote":"0000","cd_situacao":1,"cd_digito_sql":null,"cd_logradouro":"069124","nm_logradouro_completo":"R CAP FAUSTINO LIMA","cd_numero_porta":"358 360 368","tx_complemento_endereco":null,"tx_situ_lote":null,"cd_tipo_uso_imovel":"XX","dc_tipo_uso_imovel":"Condomínio","cd_tipo_terreno_imovel":99,"qt_area_terreno":315,"qt_area_construida":null}}},{"type":"Feature","geometry":{"type":"Polygon","coordinates":[[[-46.610595,-23.408299],[-46.610561,-23.408086],[-46.61101,-23.408029],[-46.611041,-23.408264],[-46.610595,-23.408299]]]},"properties":{"sqlu":"SP-003-967079","inscription":"SP-GEOSAMPA-1967079","inscricaoImobiliaria":"SP-IMO-1967079","setor":"003","quadra":"061","lote":"0003","sourceType":"OFFICIAL_IMPORT","mainAddress":"Setor Fiscal 003","zoneamento":"RESIDENCIAL","statusCadastral":"ATIVO","workflowStatus":"PENDENTE","isOfficial":true,"rawProperties":{"cd_identificador":1967079,"cd_identificador_original_lote":8821193,"cd_setor_fiscal":"003","cd_tipo_quadra":"F","tx_tipo_quadra":"FISCAL","cd_quadra_fiscal":"061","cd_subquadra_fiscal":null,"cd_condominio":"00","cd_tipo_lote":"F","tx_tipo_lote":"FISCAL","cd_lote":"0003","cd_situacao":1,"cd_digito_sql":"7","cd_logradouro":"142131","nm_logradouro_completo":"R DA MOOCA","cd_numero_porta":"1319","tx_complemento_endereco":"1319 A","tx_situ_lote":"ATIVO","cd_tipo_uso_imovel":"31","dc_tipo_uso_imovel":"Não residencial","cd_tipo_terreno_imovel":2,"qt_area_terreno":1220,"qt_area_construida":1329}}},{"type":"Feature","geometry":{"type":"Polygon","coordinates":[[[-46.622708,-23.405618],[-46.622714,-23.405658],[-46.622651,-23.405666],[-46.622583,-23.405674],[-46.622571,-23.405609],[-46.622558,-23.405544],[-46.622626,-23.405538],[-46.622694,-23.405532],[-46.622704,-23.405595],[-46.622708,-23.405618]]]},"properties":{"sqlu":"SP-003-792352","inscription":"SP-GEOSAMPA-6792352","inscricaoImobiliaria":"SP-IMO-6792352","setor":"003","quadra":"032","lote":"0055","sourceType":"OFFICIAL_IMPORT","mainAddress":"Setor Fiscal 003","zoneamento":"RESIDENCIAL","statusCadastral":"ATIVO","workflowStatus":"PENDENTE","isOfficial":true,"rawProperties":{"cd_identificador":6792352,"cd_identificador_original_lote":10647107,"cd_setor_fiscal":"003","cd_tipo_quadra":"F","tx_tipo_quadra":"FISCAL","cd_quadra_fiscal":"032","cd_subquadra_fiscal":null,"cd_condominio":"00","cd_tipo_lote":"F","tx_tipo_lote":"FISCAL","cd_lote":"0055","cd_situacao":1,"cd_digito_sql":"3","cd_logradouro":"005436","nm_logradouro_completo":"AV ALCANTARA MACHADO","cd_numero_porta":"85","tx_complemento_endereco":"91","tx_situ_lote":"ATIVO","cd_tipo_uso_imovel":"40","dc_tipo_uso_imovel":"Não residencial","cd_tipo_terreno_imovel":3,"qt_area_terreno":214,"qt_area_construida":410}}},{"type":"Feature","geometry":{"type":"Polygon","coordinates":[[[-46.612552,-23.407822],[-46.612559,-23.407877],[-46.612538,-23.407878],[-46.612483,-23.407883],[-46.612414,-23.407888],[-46.612374,-23.407891],[-46.612339,-23.407894],[-46.612268,-23.407899],[-46.612263,-23.407858],[-46.612262,-23.407851],[-46.612414,-23.407836],[-46.612462,-23.407831],[-46.612522,-23.407825],[-46.612552,-23.407822]]]},"properties":{"sqlu":"SP-003-967304","inscription":"SP-GEOSAMPA-1967304","inscricaoImobiliaria":"SP-IMO-1967304","setor":"003","quadra":"065","lote":"0009","sourceType":"OFFICIAL_IMPORT","mainAddress":"Setor Fiscal 003","zoneamento":"RESIDENCIAL","statusCadastral":"ATIVO","workflowStatus":"PENDENTE","isOfficial":true,"rawProperties":{"cd_identificador":1967304,"cd_identificador_original_lote":8821278,"cd_setor_fiscal":"003","cd_tipo_quadra":"F","tx_tipo_quadra":"FISCAL","cd_quadra_fiscal":"065","cd_subquadra_fiscal":null,"cd_condominio":"00","cd_tipo_lote":"F","tx_tipo_lote":"FISCAL","cd_lote":"0009","cd_situacao":1,"cd_digito_sql":"4","cd_logradouro":"013072","nm_logradouro_completo":"R ANDRE DE LEAO","cd_numero_porta":"312","tx_complemento_endereco":null,"tx_situ_lote":"ATIVO","cd_tipo_uso_imovel":"10","dc_tipo_uso_imovel":"Residencial","cd_tipo_terreno_imovel":1,"qt_area_terreno":196,"qt_area_construida":182}}},{"type":"Feature","geometry":{"type":"Polygon","coordinates":[[[-46.620992,-23.402085],[-46.621011,-23.402052],[-46.621046,-23.402068],[-46.621056,-23.402072],[-46.621086,-23.402086],[-46.621241,-23.402156],[-46.621227,-23.402199],[-46.62115,-23.402161],[-46.621125,-23.40215],[-46.620992,-23.402085]]]},"properties":{"sqlu":"SP-003-967425","inscription":"SP-GEOSAMPA-1967425","inscricaoImobiliaria":"SP-IMO-1967425","setor":"003","quadra":"019","lote":"0165","sourceType":"OFFICIAL_IMPORT","mainAddress":"Setor Fiscal 003","zoneamento":"RESIDENCIAL","statusCadastral":"ATIVO","workflowStatus":"PENDENTE","isOfficial":true,"rawProperties":{"cd_identificador":1967425,"cd_identificador_original_lote":8819832,"cd_setor_fiscal":"003","cd_tipo_quadra":"F","tx_tipo_quadra":"FISCAL","cd_quadra_fiscal":"019","cd_subquadra_fiscal":null,"cd_condominio":"00","cd_tipo_lote":"F","tx_tipo_lote":"FISCAL","cd_lote":"0165","cd_situacao":1,"cd_digito_sql":"1","cd_logradouro":"044784","nm_logradouro_completo":"R CARNEIRO LEAO","cd_numero_porta":"153","tx_complemento_endereco":"E 155","tx_situ_lote":"ATIVO","cd_tipo_uso_imovel":"22","dc_tipo_uso_imovel":"Residencial","cd_tipo_terreno_imovel":1,"qt_area_terreno":125,"qt_area_construida":309}}},{"type":"Feature","geometry":{"type":"Polygon","coordinates":[[[-46.621543,-23.407001],[-46.621582,-23.407218],[-46.621588,-23.40725],[-46.62159,-23.407265],[-46.621539,-23.407268],[-46.621497,-23.407004],[-46.621539,-23.407001],[-46.621543,-23.407001]]]},"properties":{"sqlu":"SP-003-967402","inscription":"SP-GEOSAMPA-1967402","inscricaoImobiliaria":"SP-IMO-1967402","setor":"003","quadra":"035","lote":"0043","sourceType":"OFFICIAL_IMPORT","mainAddress":"Setor Fiscal 003","zoneamento":"RESIDENCIAL","statusCadastral":"ATIVO","workflowStatus":"PENDENTE","isOfficial":true,"rawProperties":{"cd_identificador":1967402,"cd_identificador_original_lote":8820085,"cd_setor_fiscal":"003","cd_tipo_quadra":"F","tx_tipo_quadra":"FISCAL","cd_quadra_fiscal":"035","cd_subquadra_fiscal":null,"cd_condominio":"00","cd_tipo_lote":"F","tx_tipo_lote":"FISCAL","cd_lote":"0043","cd_situacao":1,"cd_digito_sql":"3","cd_logradouro":"032425","nm_logradouro_completo":"R CEL BENTO PIRES","cd_numero_porta":"222","tx_complemento_endereco":null,"tx_situ_lote":"ATIVO","cd_tipo_uso_imovel":"10","dc_tipo_uso_imovel":"Residencial","cd_tipo_terreno_imovel":1,"qt_area_terreno":150,"qt_area_construida":100}}},{"type":"Feature","geometry":{"type":"Polygon","coordinates":[[[-46.613262,-23.407638],[-46.613263,-23.407644],[-46.61327,-23.407704],[-46.613267,-23.407702],[-46.613178,-23.407712],[-46.612984,-23.407732],[-46.612982,-23.407719],[-46.612976,-23.407668],[-46.61321,-23.407643],[-46.613262,-23.407638]]]},"properties":{"sqlu":"SP-003-967436","inscription":"SP-GEOSAMPA-1967436","inscricaoImobiliaria":"SP-IMO-1967436","setor":"003","quadra":"063","lote":"0009","sourceType":"OFFICIAL_IMPORT","mainAddress":"Setor Fiscal 003","zoneamento":"RESIDENCIAL","statusCadastral":"ATIVO","workflowStatus":"PENDENTE","isOfficial":true,"rawProperties":{"cd_identificador":1967436,"cd_identificador_original_lote":8821264,"cd_setor_fiscal":"003","cd_tipo_quadra":"F","tx_tipo_quadra":"FISCAL","cd_quadra_fiscal":"063","cd_subquadra_fiscal":null,"cd_condominio":"00","cd_tipo_lote":"F","tx_tipo_lote":"FISCAL","cd_lote":"0009","cd_situacao":1,"cd_digito_sql":"5","cd_logradouro":"076295","nm_logradouro_completo":"R DR FREIRE","cd_numero_porta":"246","tx_complemento_endereco":"246 A","tx_situ_lote":"ATIVO","cd_tipo_uso_imovel":"42","dc_tipo_uso_imovel":"Não residencial","cd_tipo_terreno_imovel":1,"qt_area_terreno":203,"qt_area_construida":120}}},{"type":"Feature","geometry":{"type":"Polygon","coordinates":[[[-46.618295,-23.406204],[-46.618288,-23.406054],[-46.618287,-23.406032],[-46.618283,-23.405946],[-46.618334,-23.405941],[-46.618341,-23.40607],[-46.618347,-23.406199],[-46.618295,-23.406204]]]},"properties":{"sqlu":"SP-003-967451","inscription":"SP-GEOSAMPA-1967451","inscricaoImobiliaria":"SP-IMO-1967451","setor":"003","quadra":"059","lote":"0008","sourceType":"OFFICIAL_IMPORT","mainAddress":"Setor Fiscal 003","zoneamento":"RESIDENCIAL","statusCadastral":"ATIVO","workflowStatus":"PENDENTE","isOfficial":true,"rawProperties":{"cd_identificador":1967451,"cd_identificador_original_lote":8820875,"cd_setor_fiscal":"003","cd_tipo_quadra":"F","tx_tipo_quadra":"FISCAL","cd_quadra_fiscal":"059","cd_subquadra_fiscal":null,"cd_condominio":"00","cd_tipo_lote":"F","tx_tipo_lote":"FISCAL","cd_lote":"0008","cd_situacao":1,"cd_digito_sql":"0","cd_logradouro":"005436","nm_logradouro_completo":"AV ALCANTARA MACHADO","cd_numero_porta":"535","tx_complemento_endereco":null,"tx_situ_lote":"ATIVO","cd_tipo_uso_imovel":"40","dc_tipo_uso_imovel":"Não residencial","cd_tipo_terreno_imovel":3,"qt_area_terreno":156,"qt_area_construida":276}}},{"type":"Feature","geometry":{"type":"Polygon","coordinates":[[[-46.616119,-23.405391],[-46.616125,-23.405384],[-46.616212,-23.405264],[-46.61622,-23.405254],[-46.616295,-23.405152],[-46.616356,-23.405188],[-46.616183,-23.405421],[-46.616021,-23.405638],[-46.615968,-23.405607],[-46.615963,-23.405604],[-46.616004,-23.405548],[-46.61602,-23.405526],[-46.616062,-23.40547],[-46.616078,-23.405447],[-46.616109,-23.405405],[-46.616119,-23.405391]]]},"properties":{"sqlu":"SP-003-967576","inscription":"SP-GEOSAMPA-1967576","inscricaoImobiliaria":"SP-IMO-1967576","setor":"003","quadra":"041","lote":"0066","sourceType":"OFFICIAL_IMPORT","mainAddress":"Setor Fiscal 003","zoneamento":"RESIDENCIAL","statusCadastral":"ATIVO","workflowStatus":"PENDENTE","isOfficial":true,"rawProperties":{"cd_identificador":1967576,"cd_identificador_original_lote":8820207,"cd_setor_fiscal":"003","cd_tipo_quadra":"F","tx_tipo_quadra":"FISCAL","cd_quadra_fiscal":"041","cd_subquadra_fiscal":null,"cd_condominio":"00","cd_tipo_lote":"F","tx_tipo_lote":"FISCAL","cd_lote":"0066","cd_situacao":1,"cd_digito_sql":"8","cd_logradouro":"155241","nm_logradouro_completo":"R VISC DE PARNAIBA","cd_numero_porta":"793","tx_complemento_endereco":"E 797","tx_situ_lote":"ATIVO","cd_tipo_uso_imovel":"22","dc_tipo_uso_imovel":"Residencial","cd_tipo_terreno_imovel":1,"qt_area_terreno":464,"qt_area_construida":1206}}},{"type":"Feature","geometry":{"type":"Polygon","coordinates":[[[-46.617596,-23.407229],[-46.617605,-23.407227],[-46.617648,-23.407217],[-46.617644,-23.407335],[-46.617597,-23.407337],[-46.617592,-23.407338],[-46.617596,-23.407229]]]},"properties":{"sqlu":"SP-003-967705","inscription":"SP-GEOSAMPA-1967705","inscricaoImobiliaria":"SP-IMO-1967705","setor":"003","quadra":"045","lote":"0009","sourceType":"OFFICIAL_IMPORT","mainAddress":"Setor Fiscal 003","zoneamento":"RESIDENCIAL","statusCadastral":"ATIVO","workflowStatus":"PENDENTE","isOfficial":true,"rawProperties":{"cd_identificador":1967705,"cd_identificador_original_lote":8821248,"cd_setor_fiscal":"003","cd_tipo_quadra":"F","tx_tipo_quadra":"FISCAL","cd_quadra_fiscal":"045","cd_subquadra_fiscal":null,"cd_condominio":"00","cd_tipo_lote":"F","tx_tipo_lote":"FISCAL","cd_lote":"0009","cd_situacao":1,"cd_digito_sql":"7","cd_logradouro":"050733","nm_logradouro_completo":"VP DOS CIENTISTAS","cd_numero_porta":"9","tx_complemento_endereco":null,"tx_situ_lote":"ATIVO","cd_tipo_uso_imovel":"10","dc_tipo_uso_imovel":"Residencial","cd_tipo_terreno_imovel":1,"qt_area_terreno":31,"qt_area_construida":61}}},{"type":"Feature","geometry":{"type":"Polygon","coordinates":[[[-46.622035,-23.401744],[-46.621901,-23.401668],[-46.621843,-23.401635],[-46.622224,-23.401101],[-46.622407,-23.401184],[-46.622292,-23.401357],[-46.62223,-23.40145],[-46.622035,-23.401744]]]},"properties":{"sqlu":"SP-003-968041","inscription":"SP-GEOSAMPA-1968041","inscricaoImobiliaria":"SP-IMO-1968041","setor":"003","quadra":"011","lote":"0167","sourceType":"OFFICIAL_IMPORT","mainAddress":"Setor Fiscal 003","zoneamento":"RESIDENCIAL","statusCadastral":"ATIVO","workflowStatus":"PENDENTE","isOfficial":true,"rawProperties":{"cd_identificador":1968041,"cd_identificador_original_lote":8820409,"cd_setor_fiscal":"003","cd_tipo_quadra":"F","tx_tipo_quadra":"FISCAL","cd_quadra_fiscal":"011","cd_subquadra_fiscal":null,"cd_condominio":"00","cd_tipo_lote":"F","tx_tipo_lote":"FISCAL","cd_lote":"0167","cd_situacao":1,"cd_digito_sql":"1","cd_logradouro":"168700","nm_logradouro_completo":"AV RANGEL PESTANA","cd_numero_porta":"1070","tx_complemento_endereco":null,"tx_situ_lote":"ATIVO","cd_tipo_uso_imovel":"40","dc_tipo_uso_imovel":"Não residencial","cd_tipo_terreno_imovel":1,"qt_area_terreno":1759,"qt_area_construida":1480}}},{"type":"Feature","geometry":{"type":"Polygon","coordinates":[[[-46.619422,-23.401643],[-46.619447,-23.401601],[-46.619459,-23.401607],[-46.619472,-23.401614],[-46.61957,-23.401666],[-46.619561,-23.401681],[-46.619544,-23.401708],[-46.619435,-23.40165],[-46.619422,-23.401643]]]},"properties":{"sqlu":"SP-003-968002","inscription":"SP-GEOSAMPA-1968002","inscricaoImobiliaria":"SP-IMO-1968002","setor":"003","quadra":"013","lote":"0042","sourceType":"OFFICIAL_IMPORT","mainAddress":"Setor Fiscal 003","zoneamento":"RESIDENCIAL","statusCadastral":"ATIVO","workflowStatus":"PENDENTE","isOfficial":true,"rawProperties":{"cd_identificador":1968002,"cd_identificador_original_lote":8820439,"cd_setor_fiscal":"003","cd_tipo_quadra":"F","tx_tipo_quadra":"FISCAL","cd_quadra_fiscal":"013","cd_subquadra_fiscal":null,"cd_condominio":"00","cd_tipo_lote":"F","tx_tipo_lote":"FISCAL","cd_lote":"0042","cd_situacao":1,"cd_digito_sql":"9","cd_logradouro":"029769","nm_logradouro_completo":"R PROF BATISTA DE ANDRADE","cd_numero_porta":"198","tx_complemento_endereco":null,"tx_situ_lote":"ATIVO","cd_tipo_uso_imovel":"10","dc_tipo_uso_imovel":"Residencial","cd_tipo_terreno_imovel":1,"qt_area_terreno":80,"qt_area_construida":80}}},{"type":"Feature","geometry":{"type":"Polygon","coordinates":[[[-46.621785,-23.406513],[-46.621778,-23.406477],[-46.621808,-23.406475],[-46.621841,-23.406472],[-46.621879,-23.406469],[-46.621929,-23.406465],[-46.621959,-23.406463],[-46.621977,-23.406462],[-46.621981,-23.406461],[-46.62207,-23.406454],[-46.622087,-23.406541],[-46.622044,-23.406545],[-46.621849,-23.406562],[-46.621843,-23.406563],[-46.621837,-23.406563],[-46.621835,-23.40654],[-46.621816,-23.406542],[-46.621791,-23.406544],[-46.621785,-23.406513]]]},"properties":{"sqlu":"SP-003-805313","inscription":"SP-GEOSAMPA-6805313","inscricaoImobiliaria":"SP-IMO-6805313","setor":"003","quadra":"036","lote":"0000","sourceType":"OFFICIAL_IMPORT","mainAddress":"Setor Fiscal 003","zoneamento":"RESIDENCIAL","statusCadastral":"ATIVO","workflowStatus":"PENDENTE","isOfficial":true,"rawProperties":{"cd_identificador":6805313,"cd_identificador_original_lote":10665469,"cd_setor_fiscal":"003","cd_tipo_quadra":"F","tx_tipo_quadra":"FISCAL","cd_quadra_fiscal":"036","cd_subquadra_fiscal":null,"cd_condominio":"05","cd_tipo_lote":"F","tx_tipo_lote":"FISCAL","cd_lote":"0000","cd_situacao":1,"cd_digito_sql":null,"cd_logradouro":"199265","nm_logradouro_completo":"R WANDENKOLK","cd_numero_porta":"483","tx_complemento_endereco":null,"tx_situ_lote":null,"cd_tipo_uso_imovel":"XX","dc_tipo_uso_imovel":"Condomínio","cd_tipo_terreno_imovel":99,"qt_area_terreno":300,"qt_area_construida":null}}},{"type":"Feature","geometry":{"type":"Polygon","coordinates":[[[-46.628827,-23.405164],[-46.628831,-23.40516],[-46.628769,-23.405104],[-46.628824,-23.405055],[-46.628882,-23.4051],[-46.628986,-23.40518],[-46.62924,-23.405375],[-46.629173,-23.405446],[-46.629097,-23.405384],[-46.629057,-23.405352],[-46.628927,-23.405246],[-46.628827,-23.405164]]]},"properties":{"sqlu":"SP-003-968101","inscription":"SP-GEOSAMPA-1968101","inscricaoImobiliaria":"SP-IMO-1968101","setor":"003","quadra":"003","lote":"0049","sourceType":"OFFICIAL_IMPORT","mainAddress":"Setor Fiscal 003","zoneamento":"RESIDENCIAL","statusCadastral":"ATIVO","workflowStatus":"PENDENTE","isOfficial":true,"rawProperties":{"cd_identificador":1968101,"cd_identificador_original_lote":8820744,"cd_setor_fiscal":"003","cd_tipo_quadra":"F","tx_tipo_quadra":"FISCAL","cd_quadra_fiscal":"003","cd_subquadra_fiscal":null,"cd_condominio":"00","cd_tipo_lote":"F","tx_tipo_lote":"FISCAL","cd_lote":"0049","cd_situacao":1,"cd_digito_sql":"2","cd_logradouro":"044555","nm_logradouro_completo":"R DO CARMO","cd_numero_porta":"71","tx_complemento_endereco":"/75 E 77","tx_situ_lote":"ATIVO","cd_tipo_uso_imovel":"72","dc_tipo_uso_imovel":"Não residencial","cd_tipo_terreno_imovel":3,"qt_area_terreno":507,"qt_area_construida":900}}},{"type":"Feature","geometry":{"type":"Polygon","coordinates":[[[-46.618482,-23.401062],[-46.618513,-23.401019],[-46.618894,-23.401248],[-46.618889,-23.401257],[-46.618872,-23.401292],[-46.618685,-23.401182],[-46.618641,-23.401156],[-46.618619,-23.401143],[-46.618576,-23.401118],[-46.618482,-23.401062]]]},"properties":{"sqlu":"SP-003-968268","inscription":"SP-GEOSAMPA-1968268","inscricaoImobiliaria":"SP-IMO-1968268","setor":"003","quadra":"014","lote":"0031","sourceType":"OFFICIAL_IMPORT","mainAddress":"Setor Fiscal 003","zoneamento":"RESIDENCIAL","statusCadastral":"ATIVO","workflowStatus":"PENDENTE","isOfficial":true,"rawProperties":{"cd_identificador":1968268,"cd_identificador_original_lote":8820591,"cd_setor_fiscal":"003","cd_tipo_quadra":"F","tx_tipo_quadra":"FISCAL","cd_quadra_fiscal":"014","cd_subquadra_fiscal":null,"cd_condominio":"00","cd_tipo_lote":"F","tx_tipo_lote":"FISCAL","cd_lote":"0031","cd_situacao":1,"cd_digito_sql":"8","cd_logradouro":"163589","nm_logradouro_completo":"R PIRATININGA","cd_numero_porta":"184","tx_complemento_endereco":null,"tx_situ_lote":"ATIVO","cd_tipo_uso_imovel":"40","dc_tipo_uso_imovel":"Não residencial","cd_tipo_terreno_imovel":1,"qt_area_terreno":237,"qt_area_construida":237}}},{"type":"Feature","geometry":{"type":"Polygon","coordinates":[[[-46.621192,-23.401575],[-46.621395,-23.40167],[-46.621385,-23.401702],[-46.621362,-23.401709],[-46.621171,-23.401613],[-46.621187,-23.401584],[-46.621192,-23.401575]]]},"properties":{"sqlu":"SP-003-968092","inscription":"SP-GEOSAMPA-1968092","inscricaoImobiliaria":"SP-IMO-1968092","setor":"003","quadra":"012","lote":"0021","sourceType":"OFFICIAL_IMPORT","mainAddress":"Setor Fiscal 003","zoneamento":"RESIDENCIAL","statusCadastral":"ATIVO","workflowStatus":"PENDENTE","isOfficial":true,"rawProperties":{"cd_identificador":1968092,"cd_identificador_original_lote":8821327,"cd_setor_fiscal":"003","cd_tipo_quadra":"F","tx_tipo_quadra":"FISCAL","cd_quadra_fiscal":"012","cd_subquadra_fiscal":null,"cd_condominio":"00","cd_tipo_lote":"F","tx_tipo_lote":"FISCAL","cd_lote":"0021","cd_situacao":1,"cd_digito_sql":"1","cd_logradouro":"044784","nm_logradouro_completo":"R CARNEIRO LEAO","cd_numero_porta":"97","tx_complemento_endereco":null,"tx_situ_lote":"ATIVO","cd_tipo_uso_imovel":"43","dc_tipo_uso_imovel":"Não residencial","cd_tipo_terreno_imovel":2,"qt_area_terreno":119,"qt_area_construida":357}}},{"type":"Feature","geometry":{"type":"Polygon","coordinates":[[[-46.615161,-23.400776],[-46.615271,-23.400618],[-46.615413,-23.400695],[-46.615457,-23.400631],[-46.615586,-23.400708],[-46.615905,-23.400897],[-46.615854,-23.400972],[-46.615802,-23.40105],[-46.615763,-23.401106],[-46.615732,-23.401114],[-46.615428,-23.400934],[-46.615161,-23.400776]]]},"properties":{"sqlu":"SP-003-968190","inscription":"SP-GEOSAMPA-1968190","inscricaoImobiliaria":"SP-IMO-1968190","setor":"003","quadra":"016","lote":"0020","sourceType":"OFFICIAL_IMPORT","mainAddress":"Setor Fiscal 003","zoneamento":"RESIDENCIAL","statusCadastral":"ATIVO","workflowStatus":"PENDENTE","isOfficial":true,"rawProperties":{"cd_identificador":1968190,"cd_identificador_original_lote":8820633,"cd_setor_fiscal":"003","cd_tipo_quadra":"F","tx_tipo_quadra":"FISCAL","cd_quadra_fiscal":"016","cd_subquadra_fiscal":null,"cd_condominio":"00","cd_tipo_lote":"F","tx_tipo_lote":"FISCAL","cd_lote":"0020","cd_situacao":1,"cd_digito_sql":"1","cd_logradouro":"135895","nm_logradouro_completo":"R MARTIM BURCHARD","cd_numero_porta":"319","tx_complemento_endereco":"329 E 339","tx_situ_lote":"ATIVO","cd_tipo_uso_imovel":"43","dc_tipo_uso_imovel":"Não residencial","cd_tipo_terreno_imovel":2,"qt_area_terreno":2100,"qt_area_construida":2021}}},{"type":"Feature","geometry":{"type":"Polygon","coordinates":[[[-46.619165,-23.401638],[-46.619279,-23.401694],[-46.619296,-23.401703],[-46.619285,-23.401721],[-46.619271,-23.401744],[-46.619246,-23.401731],[-46.619237,-23.401727],[-46.619187,-23.401701],[-46.619162,-23.401688],[-46.61914,-23.401677],[-46.619146,-23.401668],[-46.619162,-23.401642],[-46.619165,-23.401638]]]},"properties":{"sqlu":"SP-003-968169","inscription":"SP-GEOSAMPA-1968169","inscricaoImobiliaria":"SP-IMO-1968169","setor":"003","quadra":"014","lote":"0125","sourceType":"OFFICIAL_IMPORT","mainAddress":"Setor Fiscal 003","zoneamento":"RESIDENCIAL","statusCadastral":"ATIVO","workflowStatus":"PENDENTE","isOfficial":true,"rawProperties":{"cd_identificador":1968169,"cd_identificador_original_lote":8820521,"cd_setor_fiscal":"003","cd_tipo_quadra":"F","tx_tipo_quadra":"FISCAL","cd_quadra_fiscal":"014","cd_subquadra_fiscal":null,"cd_condominio":"00","cd_tipo_lote":"F","tx_tipo_lote":"FISCAL","cd_lote":"0125","cd_situacao":1,"cd_digito_sql":"1","cd_logradouro":"029769","nm_logradouro_completo":"R PROF BATISTA DE ANDRADE","cd_numero_porta":"215","tx_complemento_endereco":null,"tx_situ_lote":"ATIVO","cd_tipo_uso_imovel":"10","dc_tipo_uso_imovel":"Residencial","cd_tipo_terreno_imovel":1,"qt_area_terreno":73,"qt_area_construida":100}}},{"type":"Feature","geometry":{"type":"Polygon","coordinates":[[[-46.619165,-23.401638],[-46.619179,-23.401614],[-46.619189,-23.401598],[-46.619209,-23.401608],[-46.619233,-23.40162],[-46.619302,-23.401656],[-46.619319,-23.401664],[-46.619296,-23.401703],[-46.619279,-23.401694],[-46.619165,-23.401638]]]},"properties":{"sqlu":"SP-003-968170","inscription":"SP-GEOSAMPA-1968170","inscricaoImobiliaria":"SP-IMO-1968170","setor":"003","quadra":"014","lote":"0126","sourceType":"OFFICIAL_IMPORT","mainAddress":"Setor Fiscal 003","zoneamento":"RESIDENCIAL","statusCadastral":"ATIVO","workflowStatus":"PENDENTE","isOfficial":true,"rawProperties":{"cd_identificador":1968170,"cd_identificador_original_lote":8820546,"cd_setor_fiscal":"003","cd_tipo_quadra":"F","tx_tipo_quadra":"FISCAL","cd_quadra_fiscal":"014","cd_subquadra_fiscal":null,"cd_condominio":"00","cd_tipo_lote":"F","tx_tipo_lote":"FISCAL","cd_lote":"0126","cd_situacao":1,"cd_digito_sql":"8","cd_logradouro":"029769","nm_logradouro_completo":"R PROF BATISTA DE ANDRADE","cd_numero_porta":"213","tx_complemento_endereco":null,"tx_situ_lote":"ATIVO","cd_tipo_uso_imovel":"10","dc_tipo_uso_imovel":"Residencial","cd_tipo_terreno_imovel":1,"qt_area_terreno":70,"qt_area_construida":100}}},{"type":"Feature","geometry":{"type":"Polygon","coordinates":[[[-46.613217,-23.407252],[-46.613219,-23.407267],[-46.613224,-23.407302],[-46.613225,-23.407311],[-46.613226,-23.407323],[-46.613079,-23.407338],[-46.612974,-23.407349],[-46.612937,-23.407353],[-46.612927,-23.407284],[-46.612964,-23.40728],[-46.613119,-23.407262],[-46.613127,-23.407262],[-46.613217,-23.407252]]]},"properties":{"sqlu":"SP-003-968278","inscription":"SP-GEOSAMPA-1968278","inscricaoImobiliaria":"SP-IMO-1968278","setor":"003","quadra":"063","lote":"0003","sourceType":"OFFICIAL_IMPORT","mainAddress":"Setor Fiscal 003","zoneamento":"RESIDENCIAL","statusCadastral":"ATIVO","workflowStatus":"PENDENTE","isOfficial":true,"rawProperties":{"cd_identificador":1968278,"cd_identificador_original_lote":8821260,"cd_setor_fiscal":"003","cd_tipo_quadra":"F","tx_tipo_quadra":"FISCAL","cd_quadra_fiscal":"063","cd_subquadra_fiscal":null,"cd_condominio":"00","cd_tipo_lote":"F","tx_tipo_lote":"FISCAL","cd_lote":"0003","cd_situacao":1,"cd_digito_sql":"6","cd_logradouro":"076295","nm_logradouro_completo":"R DR FREIRE","cd_numero_porta":"204","tx_complemento_endereco":null,"tx_situ_lote":"ATIVO","cd_tipo_uso_imovel":"10","dc_tipo_uso_imovel":"Residencial","cd_tipo_terreno_imovel":1,"qt_area_terreno":237,"qt_area_construida":100}}},{"type":"Feature","geometry":{"type":"Polygon","coordinates":[[[-46.618656,-23.405187],[-46.618528,-23.405213],[-46.618528,-23.405242],[-46.618466,-23.405235],[-46.618451,-23.405235],[-46.618353,-23.405238],[-46.618284,-23.405245],[-46.618183,-23.405255],[-46.618288,-23.405105],[-46.618309,-23.405075],[-46.618353,-23.405012],[-46.618428,-23.405046],[-46.618695,-23.405169],[-46.618693,-23.40518],[-46.618656,-23.405187]]]},"properties":{"sqlu":"SP-003-968442","inscription":"SP-GEOSAMPA-1968442","inscricaoImobiliaria":"SP-IMO-1968442","setor":"003","quadra":"019","lote":"0535","sourceType":"OFFICIAL_IMPORT","mainAddress":"Setor Fiscal 003","zoneamento":"RESIDENCIAL","statusCadastral":"ATIVO","workflowStatus":"PENDENTE","isOfficial":true,"rawProperties":{"cd_identificador":1968442,"cd_identificador_original_lote":8819790,"cd_setor_fiscal":"003","cd_tipo_quadra":"F","tx_tipo_quadra":"FISCAL","cd_quadra_fiscal":"019","cd_subquadra_fiscal":null,"cd_condominio":"00","cd_tipo_lote":"F","tx_tipo_lote":"FISCAL","cd_lote":"0535","cd_situacao":1,"cd_digito_sql":"5","cd_logradouro":"038261","nm_logradouro_completo":"R CAETANO PINTO","cd_numero_porta":"596","tx_complemento_endereco":"608 618","tx_situ_lote":"ATIVO","cd_tipo_uso_imovel":"74","dc_tipo_uso_imovel":"Não residencial","cd_tipo_terreno_imovel":1,"qt_area_terreno":684,"qt_area_construida":780}}},{"type":"Feature","geometry":{"type":"Polygon","coordinates":[[[-46.615594,-23.400337],[-46.615578,-23.400328],[-46.615533,-23.400301],[-46.61556,-23.400261],[-46.615563,-23.400256],[-46.615591,-23.400215],[-46.615628,-23.400161],[-46.615664,-23.400108],[-46.615692,-23.400124],[-46.61581,-23.400192],[-46.615809,-23.400195],[-46.61622,-23.400436],[-46.616113,-23.400593],[-46.616089,-23.400628],[-46.615785,-23.400449],[-46.615594,-23.400337]]]},"properties":{"sqlu":"SP-003-968443","inscription":"SP-GEOSAMPA-1968443","inscricaoImobiliaria":"SP-IMO-1968443","setor":"003","quadra":"016","lote":"0054","sourceType":"OFFICIAL_IMPORT","mainAddress":"Setor Fiscal 003","zoneamento":"RESIDENCIAL","statusCadastral":"ATIVO","workflowStatus":"PENDENTE","isOfficial":true,"rawProperties":{"cd_identificador":1968443,"cd_identificador_original_lote":8820637,"cd_setor_fiscal":"003","cd_tipo_quadra":"F","tx_tipo_quadra":"FISCAL","cd_quadra_fiscal":"016","cd_subquadra_fiscal":null,"cd_condominio":"00","cd_tipo_lote":"F","tx_tipo_lote":"FISCAL","cd_lote":"0054","cd_situacao":1,"cd_digito_sql":"6","cd_logradouro":"135895","nm_logradouro_completo":"R MARTIM BURCHARD","cd_numero_porta":"265","tx_complemento_endereco":"267","tx_situ_lote":"ATIVO","cd_tipo_uso_imovel":"51","dc_tipo_uso_imovel":"Não residencial","cd_tipo_terreno_imovel":1,"qt_area_terreno":1441,"qt_area_construida":1188}}},{"type":"Feature","geometry":{"type":"Polygon","coordinates":[[[-46.620401,-23.401771],[-46.620348,-23.401847],[-46.620204,-23.401763],[-46.62008,-23.40161],[-46.620069,-23.401625],[-46.620004,-23.401572],[-46.620018,-23.401553],[-46.620023,-23.401543],[-46.620131,-23.401608],[-46.620153,-23.401622],[-46.620401,-23.401771]]]},"properties":{"sqlu":"SP-003-968438","inscription":"SP-GEOSAMPA-1968438","inscricaoImobiliaria":"SP-IMO-1968438","setor":"003","quadra":"013","lote":"0000","sourceType":"OFFICIAL_IMPORT","mainAddress":"Setor Fiscal 003","zoneamento":"RESIDENCIAL","statusCadastral":"ATIVO","workflowStatus":"PENDENTE","isOfficial":true,"rawProperties":{"cd_identificador":1968438,"cd_identificador_original_lote":8820466,"cd_setor_fiscal":"003","cd_tipo_quadra":"F","tx_tipo_quadra":"FISCAL","cd_quadra_fiscal":"013","cd_subquadra_fiscal":null,"cd_condominio":"02","cd_tipo_lote":"F","tx_tipo_lote":"FISCAL","cd_lote":"0000","cd_situacao":1,"cd_digito_sql":null,"cd_logradouro":"038261","nm_logradouro_completo":"R CAETANO PINTO","cd_numero_porta":"171 175","tx_complemento_endereco":null,"tx_situ_lote":null,"cd_tipo_uso_imovel":"XX","dc_tipo_uso_imovel":"Condomínio","cd_tipo_terreno_imovel":99,"qt_area_terreno":300,"qt_area_construida":null}}},{"type":"Feature","geometry":{"type":"Polygon","coordinates":[[[-46.618121,-23.40556],[-46.61815,-23.405441],[-46.618171,-23.405353],[-46.618198,-23.405369],[-46.618176,-23.405655],[-46.618166,-23.405841],[-46.618105,-23.405848],[-46.618117,-23.40567],[-46.618118,-23.405651],[-46.61812,-23.405605],[-46.618121,-23.40556]]]},"properties":{"sqlu":"SP-003-968569","inscription":"SP-GEOSAMPA-1968569","inscricaoImobiliaria":"SP-IMO-1968569","setor":"003","quadra":"019","lote":"0055","sourceType":"OFFICIAL_IMPORT","mainAddress":"Setor Fiscal 003","zoneamento":"RESIDENCIAL","statusCadastral":"ATIVO","workflowStatus":"PENDENTE","isOfficial":true,"rawProperties":{"cd_identificador":1968569,"cd_identificador_original_lote":8819786,"cd_setor_fiscal":"003","cd_tipo_quadra":"F","tx_tipo_quadra":"FISCAL","cd_quadra_fiscal":"019","cd_subquadra_fiscal":null,"cd_condominio":"00","cd_tipo_lote":"F","tx_tipo_lote":"FISCAL","cd_lote":"0055","cd_situacao":1,"cd_digito_sql":"8","cd_logradouro":"155241","nm_logradouro_completo":"R VISC DE PARNAIBA","cd_numero_porta":"559","tx_complemento_endereco":null,"tx_situ_lote":"ATIVO","cd_tipo_uso_imovel":"40","dc_tipo_uso_imovel":"Não residencial","cd_tipo_terreno_imovel":1,"qt_area_terreno":242,"qt_area_construida":200}}},{"type":"Feature","geometry":{"type":"Polygon","coordinates":[[[-46.619956,-23.40031],[-46.619928,-23.400358],[-46.619817,-23.4003],[-46.619845,-23.400254],[-46.619899,-23.400166],[-46.619967,-23.400054],[-46.620077,-23.400105],[-46.620007,-23.400224],[-46.620004,-23.400229],[-46.619956,-23.40031],[-46.619956,-23.40031]]]},"properties":{"sqlu":"SP-003-811213","inscription":"SP-GEOSAMPA-6811213","inscricaoImobiliaria":"SP-IMO-6811213","setor":"003","quadra":"014","lote":"0480","sourceType":"OFFICIAL_IMPORT","mainAddress":"Setor Fiscal 003","zoneamento":"RESIDENCIAL","statusCadastral":"ATIVO","workflowStatus":"PENDENTE","isOfficial":true,"rawProperties":{"cd_identificador":6811213,"cd_identificador_original_lote":10670352,"cd_setor_fiscal":"003","cd_tipo_quadra":"F","tx_tipo_quadra":"FISCAL","cd_quadra_fiscal":"014","cd_subquadra_fiscal":null,"cd_condominio":"00","cd_tipo_lote":"F","tx_tipo_lote":"FISCAL","cd_lote":"0480","cd_situacao":1,"cd_digito_sql":"1","cd_logradouro":"168700","nm_logradouro_completo":"AV RANGEL PESTANA","cd_numero_porta":"1332","tx_complemento_endereco":"1330 1334 1338","tx_situ_lote":"ATIVO","cd_tipo_uso_imovel":"43","dc_tipo_uso_imovel":"Não residencial","cd_tipo_terreno_imovel":2,"qt_area_terreno":404,"qt_area_construida":1182}}},{"type":"Feature","geometry":{"type":"Polygon","coordinates":[[[-46.620598,-23.404549],[-46.620303,-23.404589],[-46.620278,-23.404455],[-46.620298,-23.404396],[-46.620384,-23.404387],[-46.62051,-23.404373],[-46.620566,-23.404366],[-46.620598,-23.404549]]]},"properties":{"sqlu":"SP-003-968599","inscription":"SP-GEOSAMPA-1968599","inscricaoImobiliaria":"SP-IMO-1968599","setor":"003","quadra":"019","lote":"0302","sourceType":"OFFICIAL_IMPORT","mainAddress":"Setor Fiscal 003","zoneamento":"RESIDENCIAL","statusCadastral":"ATIVO","workflowStatus":"PENDENTE","isOfficial":true,"rawProperties":{"cd_identificador":1968599,"cd_identificador_original_lote":8819804,"cd_setor_fiscal":"003","cd_tipo_quadra":"F","tx_tipo_quadra":"FISCAL","cd_quadra_fiscal":"019","cd_subquadra_fiscal":null,"cd_condominio":"00","cd_tipo_lote":"F","tx_tipo_lote":"FISCAL","cd_lote":"0302","cd_situacao":1,"cd_digito_sql":"6","cd_logradouro":"044784","nm_logradouro_completo":"R CARNEIRO LEAO","cd_numero_porta":"421","tx_complemento_endereco":null,"tx_situ_lote":"ATIVO","cd_tipo_uso_imovel":"84","dc_tipo_uso_imovel":"Não residencial","cd_tipo_terreno_imovel":1,"qt_area_terreno":806,"qt_area_construida":130}}},{"type":"Feature","geometry":{"type":"Polygon","coordinates":[[[-46.619728,-23.400697],[-46.619718,-23.400712],[-46.619705,-23.400735],[-46.619643,-23.400701],[-46.61962,-23.400689],[-46.619589,-23.400673],[-46.619618,-23.400626],[-46.619733,-23.400687],[-46.619728,-23.400697]]]},"properties":{"sqlu":"SP-003-968672","inscription":"SP-GEOSAMPA-1968672","inscricaoImobiliaria":"SP-IMO-1968672","setor":"003","quadra":"014","lote":"0202","sourceType":"OFFICIAL_IMPORT","mainAddress":"Setor Fiscal 003","zoneamento":"RESIDENCIAL","statusCadastral":"ATIVO","workflowStatus":"PENDENTE","isOfficial":true,"rawProperties":{"cd_identificador":1968672,"cd_identificador_original_lote":8820484,"cd_setor_fiscal":"003","cd_tipo_quadra":"F","tx_tipo_quadra":"FISCAL","cd_quadra_fiscal":"014","cd_subquadra_fiscal":null,"cd_condominio":"00","cd_tipo_lote":"F","tx_tipo_lote":"FISCAL","cd_lote":"0202","cd_situacao":1,"cd_digito_sql":"7","cd_logradouro":"137960","nm_logradouro_completo":"R MELO BARRETO","cd_numero_porta":"92","tx_complemento_endereco":null,"tx_situ_lote":"ATIVO","cd_tipo_uso_imovel":"10","dc_tipo_uso_imovel":"Residencial","cd_tipo_terreno_imovel":1,"qt_area_terreno":72,"qt_area_construida":45}}},{"type":"Feature","geometry":{"type":"Polygon","coordinates":[[[-46.619728,-23.400697],[-46.619772,-23.400719],[-46.619844,-23.400757],[-46.61986,-23.400765],[-46.619836,-23.400804],[-46.619819,-23.400796],[-46.619704,-23.400736],[-46.619705,-23.400735],[-46.619718,-23.400712],[-46.619728,-23.400697]]]},"properties":{"sqlu":"SP-003-968671","inscription":"SP-GEOSAMPA-1968671","inscricaoImobiliaria":"SP-IMO-1968671","setor":"003","quadra":"014","lote":"0147","sourceType":"OFFICIAL_IMPORT","mainAddress":"Setor Fiscal 003","zoneamento":"RESIDENCIAL","statusCadastral":"ATIVO","workflowStatus":"PENDENTE","isOfficial":true,"rawProperties":{"cd_identificador":1968671,"cd_identificador_original_lote":8820501,"cd_setor_fiscal":"003","cd_tipo_quadra":"F","tx_tipo_quadra":"FISCAL","cd_quadra_fiscal":"014","cd_subquadra_fiscal":null,"cd_condominio":"00","cd_tipo_lote":"F","tx_tipo_lote":"FISCAL","cd_lote":"0147","cd_situacao":1,"cd_digito_sql":"0","cd_logradouro":"029769","nm_logradouro_completo":"R PROF BATISTA DE ANDRADE","cd_numero_porta":"97","tx_complemento_endereco":null,"tx_situ_lote":"ATIVO","cd_tipo_uso_imovel":"10","dc_tipo_uso_imovel":"Residencial","cd_tipo_terreno_imovel":1,"qt_area_terreno":84,"qt_area_construida":100}}},{"type":"Feature","geometry":{"type":"Polygon","coordinates":[[[-46.613729,-23.404417],[-46.613812,-23.404465],[-46.613889,-23.404511],[-46.613966,-23.404556],[-46.614023,-23.404589],[-46.614044,-23.404601],[-46.614108,-23.404639],[-46.614312,-23.404763],[-46.613925,-23.405294],[-46.613885,-23.40527],[-46.61336,-23.404958],[-46.613378,-23.404931],[-46.613729,-23.404417]]]},"properties":{"sqlu":"SP-003-815464","inscription":"SP-GEOSAMPA-6815464","inscricaoImobiliaria":"SP-IMO-6815464","setor":"003","quadra":"060","lote":"0000","sourceType":"OFFICIAL_IMPORT","mainAddress":"Setor Fiscal 003","zoneamento":"RESIDENCIAL","statusCadastral":"ATIVO","workflowStatus":"PENDENTE","isOfficial":true,"rawProperties":{"cd_identificador":6815464,"cd_identificador_original_lote":10675949,"cd_setor_fiscal":"003","cd_tipo_quadra":"F","tx_tipo_quadra":"FISCAL","cd_quadra_fiscal":"060","cd_subquadra_fiscal":null,"cd_condominio":"03","cd_tipo_lote":"F","tx_tipo_lote":"FISCAL","cd_lote":"0000","cd_situacao":1,"cd_digito_sql":null,"cd_logradouro":"155241","nm_logradouro_completo":"R VISC DE PARNAIBA","cd_numero_porta":"1046","tx_complemento_endereco":null,"tx_situ_lote":null,"cd_tipo_uso_imovel":"XX","dc_tipo_uso_imovel":"Condomínio","cd_tipo_terreno_imovel":99,"qt_area_terreno":4644,"qt_area_construida":null}}},{"type":"Feature","geometry":{"type":"Polygon","coordinates":[[[-46.6138,-23.407851],[-46.61381,-23.407854],[-46.613866,-23.407891],[-46.613912,-23.407886],[-46.613914,-23.407901],[-46.613922,-23.407955],[-46.613929,-23.407954],[-46.613939,-23.40804],[-46.61361,-23.40807],[-46.613542,-23.408076],[-46.613501,-23.408041],[-46.613653,-23.407843],[-46.613694,-23.407784],[-46.613773,-23.407834],[-46.6138,-23.407851]]]},"properties":{"sqlu":"SP-003-817399","inscription":"SP-GEOSAMPA-6817399","inscricaoImobiliaria":"SP-IMO-6817399","setor":"003","quadra":"048","lote":"0113","sourceType":"OFFICIAL_IMPORT","mainAddress":"Setor Fiscal 003","zoneamento":"RESIDENCIAL","statusCadastral":"ATIVO","workflowStatus":"PENDENTE","isOfficial":true,"rawProperties":{"cd_identificador":6817399,"cd_identificador_original_lote":10676509,"cd_setor_fiscal":"003","cd_tipo_quadra":"F","tx_tipo_quadra":"FISCAL","cd_quadra_fiscal":"048","cd_subquadra_fiscal":null,"cd_condominio":"00","cd_tipo_lote":"F","tx_tipo_lote":"FISCAL","cd_lote":"0113","cd_situacao":1,"cd_digito_sql":"5","cd_logradouro":"142131","nm_logradouro_completo":"R DA MOOCA","cd_numero_porta":"1033","tx_complemento_endereco":null,"tx_situ_lote":"ATIVO","cd_tipo_uso_imovel":"91","dc_tipo_uso_imovel":null,"cd_tipo_terreno_imovel":2,"qt_area_terreno":917,"qt_area_construida":448}}},{"type":"Feature","geometry":{"type":"Polygon","coordinates":[[[-46.614967,-23.407027],[-46.614977,-23.407026],[-46.615062,-23.407019],[-46.615087,-23.407235],[-46.615095,-23.407316],[-46.61511,-23.407467],[-46.615105,-23.407467],[-46.615067,-23.40747],[-46.615028,-23.407474],[-46.615017,-23.407475],[-46.614967,-23.407027]]]},"properties":{"sqlu":"SP-003-968914","inscription":"SP-GEOSAMPA-1968914","inscricaoImobiliaria":"SP-IMO-1968914","setor":"003","quadra":"048","lote":"0116","sourceType":"OFFICIAL_IMPORT","mainAddress":"Setor Fiscal 003","zoneamento":"RESIDENCIAL","statusCadastral":"ATIVO","workflowStatus":"PENDENTE","isOfficial":true,"rawProperties":{"cd_identificador":1968914,"cd_identificador_original_lote":8821101,"cd_setor_fiscal":"003","cd_tipo_quadra":"F","tx_tipo_quadra":"FISCAL","cd_quadra_fiscal":"048","cd_subquadra_fiscal":null,"cd_condominio":"00","cd_tipo_lote":"F","tx_tipo_lote":"FISCAL","cd_lote":"0116","cd_situacao":1,"cd_digito_sql":"1","cd_logradouro":"005436","nm_logradouro_completo":"AV ALCANTARA MACHADO","cd_numero_porta":"876","tx_complemento_endereco":null,"tx_situ_lote":"ATIVO","cd_tipo_uso_imovel":"50","dc_tipo_uso_imovel":"Não residencial","cd_tipo_terreno_imovel":1,"qt_area_terreno":500,"qt_area_construida":960}}},{"type":"Feature","geometry":{"type":"Polygon","coordinates":[[[-46.614412,-23.405801],[-46.614628,-23.405506],[-46.6147,-23.405551],[-46.614766,-23.405593],[-46.61479,-23.405608],[-46.61484,-23.40564],[-46.614866,-23.405656],[-46.614928,-23.405695],[-46.614893,-23.405744],[-46.614808,-23.405862],[-46.61472,-23.405988],[-46.614511,-23.405862],[-46.614412,-23.405801]]]},"properties":{"sqlu":"SP-003-817275","inscription":"SP-GEOSAMPA-6817275","inscricaoImobiliaria":"SP-IMO-6817275","setor":"003","quadra":"060","lote":"0153","sourceType":"OFFICIAL_IMPORT","mainAddress":"Setor Fiscal 003","zoneamento":"RESIDENCIAL","statusCadastral":"ATIVO","workflowStatus":"PENDENTE","isOfficial":true,"rawProperties":{"cd_identificador":6817275,"cd_identificador_original_lote":10621865,"cd_setor_fiscal":"003","cd_tipo_quadra":"F","tx_tipo_quadra":"FISCAL","cd_quadra_fiscal":"060","cd_subquadra_fiscal":null,"cd_condominio":"00","cd_tipo_lote":"F","tx_tipo_lote":"FISCAL","cd_lote":"0153","cd_situacao":1,"cd_digito_sql":"5","cd_logradouro":"163589","nm_logradouro_completo":"R PIRATININGA","cd_numero_porta":"S/N","tx_complemento_endereco":"LOTE 06","tx_situ_lote":"ATIVO","cd_tipo_uso_imovel":"00","dc_tipo_uso_imovel":"Terreno","cd_tipo_terreno_imovel":1,"qt_area_terreno":1508,"qt_area_construida":0}}},{"type":"Feature","geometry":{"type":"Polygon","coordinates":[[[-46.614588,-23.406174],[-46.614535,-23.406249],[-46.614523,-23.406267],[-46.614342,-23.406157],[-46.614324,-23.406147],[-46.614281,-23.406121],[-46.614265,-23.406111],[-46.614211,-23.406078],[-46.614276,-23.405988],[-46.614588,-23.406174]]]},"properties":{"sqlu":"SP-003-817236","inscription":"SP-GEOSAMPA-6817236","inscricaoImobiliaria":"SP-IMO-6817236","setor":"003","quadra":"060","lote":"0000","sourceType":"OFFICIAL_IMPORT","mainAddress":"Setor Fiscal 003","zoneamento":"RESIDENCIAL","statusCadastral":"ATIVO","workflowStatus":"PENDENTE","isOfficial":true,"rawProperties":{"cd_identificador":6817236,"cd_identificador_original_lote":8820943,"cd_setor_fiscal":"003","cd_tipo_quadra":"F","tx_tipo_quadra":"FISCAL","cd_quadra_fiscal":"060","cd_subquadra_fiscal":null,"cd_condominio":"02","cd_tipo_lote":"F","tx_tipo_lote":"FISCAL","cd_lote":"0000","cd_situacao":1,"cd_digito_sql":null,"cd_logradouro":"163589","nm_logradouro_completo":"R PIRATININGA","cd_numero_porta":"885 895","tx_complemento_endereco":null,"tx_situ_lote":null,"cd_tipo_uso_imovel":"XX","dc_tipo_uso_imovel":"Condomínio","cd_tipo_terreno_imovel":99,"qt_area_terreno":444,"qt_area_construida":null}}},{"type":"Feature","geometry":{"type":"Polygon","coordinates":[[[-46.61462,-23.40613],[-46.614588,-23.406174],[-46.614276,-23.405988],[-46.61431,-23.405941],[-46.614457,-23.406031],[-46.614543,-23.406083],[-46.61462,-23.40613]]]},"properties":{"sqlu":"SP-003-817050","inscription":"SP-GEOSAMPA-6817050","inscricaoImobiliaria":"SP-IMO-6817050","setor":"003","quadra":"060","lote":"0009","sourceType":"OFFICIAL_IMPORT","mainAddress":"Setor Fiscal 003","zoneamento":"RESIDENCIAL","statusCadastral":"ATIVO","workflowStatus":"PENDENTE","isOfficial":true,"rawProperties":{"cd_identificador":6817050,"cd_identificador_original_lote":8820944,"cd_setor_fiscal":"003","cd_tipo_quadra":"F","tx_tipo_quadra":"FISCAL","cd_quadra_fiscal":"060","cd_subquadra_fiscal":null,"cd_condominio":"00","cd_tipo_lote":"F","tx_tipo_lote":"FISCAL","cd_lote":"0009","cd_situacao":1,"cd_digito_sql":"1","cd_logradouro":"163589","nm_logradouro_completo":"R PIRATININGA","cd_numero_porta":"879","tx_complemento_endereco":"E 883","tx_situ_lote":"ATIVO","cd_tipo_uso_imovel":"42","dc_tipo_uso_imovel":"Não residencial","cd_tipo_terreno_imovel":1,"qt_area_terreno":230,"qt_area_construida":350}}},{"type":"Feature","geometry":{"type":"Polygon","coordinates":[[[-46.61462,-23.40613],[-46.614543,-23.406083],[-46.614457,-23.406031],[-46.61431,-23.405941],[-46.614345,-23.405893],[-46.614397,-23.405926],[-46.614652,-23.406084],[-46.61462,-23.40613]]]},"properties":{"sqlu":"SP-003-817051","inscription":"SP-GEOSAMPA-6817051","inscricaoImobiliaria":"SP-IMO-6817051","setor":"003","quadra":"060","lote":"0010","sourceType":"OFFICIAL_IMPORT","mainAddress":"Setor Fiscal 003","zoneamento":"RESIDENCIAL","statusCadastral":"ATIVO","workflowStatus":"PENDENTE","isOfficial":true,"rawProperties":{"cd_identificador":6817051,"cd_identificador_original_lote":8820945,"cd_setor_fiscal":"003","cd_tipo_quadra":"F","tx_tipo_quadra":"FISCAL","cd_quadra_fiscal":"060","cd_subquadra_fiscal":null,"cd_condominio":"00","cd_tipo_lote":"F","tx_tipo_lote":"FISCAL","cd_lote":"0010","cd_situacao":1,"cd_digito_sql":"5","cd_logradouro":"163589","nm_logradouro_completo":"R PIRATININGA","cd_numero_porta":"873","tx_complemento_endereco":"/875","tx_situ_lote":"ATIVO","cd_tipo_uso_imovel":"40","dc_tipo_uso_imovel":"Não residencial","cd_tipo_terreno_imovel":1,"qt_area_terreno":195,"qt_area_construida":315}}},{"type":"Feature","geometry":{"type":"Polygon","coordinates":[[[-46.61472,-23.405988],[-46.614686,-23.406036],[-46.614412,-23.405866],[-46.614379,-23.405846],[-46.614412,-23.405801],[-46.614511,-23.405862],[-46.61472,-23.405988]]]},"properties":{"sqlu":"SP-003-816783","inscription":"SP-GEOSAMPA-6816783","inscricaoImobiliaria":"SP-IMO-6816783","setor":"003","quadra":"060","lote":"0119","sourceType":"OFFICIAL_IMPORT","mainAddress":"Setor Fiscal 003","zoneamento":"RESIDENCIAL","statusCadastral":"ATIVO","workflowStatus":"PENDENTE","isOfficial":true,"rawProperties":{"cd_identificador":6816783,"cd_identificador_original_lote":8820947,"cd_setor_fiscal":"003","cd_tipo_quadra":"F","tx_tipo_quadra":"FISCAL","cd_quadra_fiscal":"060","cd_subquadra_fiscal":null,"cd_condominio":"00","cd_tipo_lote":"F","tx_tipo_lote":"FISCAL","cd_lote":"0119","cd_situacao":1,"cd_digito_sql":"5","cd_logradouro":"163589","nm_logradouro_completo":"R PIRATININGA","cd_numero_porta":"861","tx_complemento_endereco":"863","tx_situ_lote":"ATIVO","cd_tipo_uso_imovel":"40","dc_tipo_uso_imovel":"Não residencial","cd_tipo_terreno_imovel":1,"qt_area_terreno":222,"qt_area_construida":450}}},{"type":"Feature","geometry":{"type":"Polygon","coordinates":[[[-46.614513,-23.405433],[-46.614407,-23.40558],[-46.613925,-23.405294],[-46.614312,-23.404763],[-46.614422,-23.40483],[-46.614489,-23.404869],[-46.61467,-23.404977],[-46.614783,-23.405043],[-46.614636,-23.405256],[-46.614624,-23.405273],[-46.614591,-23.405321],[-46.614513,-23.405433]]]},"properties":{"sqlu":"SP-003-816845","inscription":"SP-GEOSAMPA-6816845","inscricaoImobiliaria":"SP-IMO-6816845","setor":"003","quadra":"060","lote":"0149","sourceType":"OFFICIAL_IMPORT","mainAddress":"Setor Fiscal 003","zoneamento":"RESIDENCIAL","statusCadastral":"ATIVO","workflowStatus":"PENDENTE","isOfficial":true,"rawProperties":{"cd_identificador":6816845,"cd_identificador_original_lote":10621863,"cd_setor_fiscal":"003","cd_tipo_quadra":"F","tx_tipo_quadra":"FISCAL","cd_quadra_fiscal":"060","cd_subquadra_fiscal":null,"cd_condominio":"00","cd_tipo_lote":"F","tx_tipo_lote":"FISCAL","cd_lote":"0149","cd_situacao":1,"cd_digito_sql":"7","cd_logradouro":"155241","nm_logradouro_completo":"R VISC DE PARNAIBA","cd_numero_porta":"S/N","tx_complemento_endereco":"LOTE 02","tx_situ_lote":"ATIVO","cd_tipo_uso_imovel":"00","dc_tipo_uso_imovel":"Terreno","cd_tipo_terreno_imovel":1,"qt_area_terreno":4640,"qt_area_construida":0}}},{"type":"Feature","geometry":{"type":"Polygon","coordinates":[[[-46.614686,-23.406036],[-46.614652,-23.406084],[-46.614397,-23.405926],[-46.614345,-23.405893],[-46.614379,-23.405846],[-46.614412,-23.405866],[-46.614686,-23.406036]]]},"properties":{"sqlu":"SP-003-817029","inscription":"SP-GEOSAMPA-6817029","inscricaoImobiliaria":"SP-IMO-6817029","setor":"003","quadra":"060","lote":"0118","sourceType":"OFFICIAL_IMPORT","mainAddress":"Setor Fiscal 003","zoneamento":"RESIDENCIAL","statusCadastral":"ATIVO","workflowStatus":"PENDENTE","isOfficial":true,"rawProperties":{"cd_identificador":6817029,"cd_identificador_original_lote":8820946,"cd_setor_fiscal":"003","cd_tipo_quadra":"F","tx_tipo_quadra":"FISCAL","cd_quadra_fiscal":"060","cd_subquadra_fiscal":null,"cd_condominio":"00","cd_tipo_lote":"F","tx_tipo_lote":"FISCAL","cd_lote":"0118","cd_situacao":1,"cd_digito_sql":"7","cd_logradouro":"163589","nm_logradouro_completo":"R PIRATININGA","cd_numero_porta":"869","tx_complemento_endereco":"871","tx_situ_lote":"ATIVO","cd_tipo_uso_imovel":"42","dc_tipo_uso_imovel":"Não residencial","cd_tipo_terreno_imovel":1,"qt_area_terreno":222,"qt_area_construida":450}}},{"type":"Feature","geometry":{"type":"Polygon","coordinates":[[[-46.615011,-23.405578],[-46.614591,-23.405321],[-46.614624,-23.405273],[-46.61467,-23.405301],[-46.614717,-23.405329],[-46.614751,-23.40535],[-46.614784,-23.40537],[-46.614814,-23.405388],[-46.614858,-23.405414],[-46.614942,-23.405466],[-46.614994,-23.405497],[-46.615046,-23.405529],[-46.615011,-23.405578]]]},"properties":{"sqlu":"SP-003-817101","inscription":"SP-GEOSAMPA-6817101","inscricaoImobiliaria":"SP-IMO-6817101","setor":"003","quadra":"060","lote":"0020","sourceType":"OFFICIAL_IMPORT","mainAddress":"Setor Fiscal 003","zoneamento":"RESIDENCIAL","statusCadastral":"ATIVO","workflowStatus":"PENDENTE","isOfficial":true,"rawProperties":{"cd_identificador":6817101,"cd_identificador_original_lote":8820914,"cd_setor_fiscal":"003","cd_tipo_quadra":"F","tx_tipo_quadra":"FISCAL","cd_quadra_fiscal":"060","cd_subquadra_fiscal":null,"cd_condominio":"00","cd_tipo_lote":"F","tx_tipo_lote":"FISCAL","cd_lote":"0020","cd_situacao":1,"cd_digito_sql":"2","cd_logradouro":"163589","nm_logradouro_completo":"R PIRATININGA","cd_numero_porta":"799","tx_complemento_endereco":null,"tx_situ_lote":"ATIVO","cd_tipo_uso_imovel":"40","dc_tipo_uso_imovel":"Não residencial","cd_tipo_terreno_imovel":1,"qt_area_terreno":297,"qt_area_construida":330}}},{"type":"Feature","geometry":{"type":"Polygon","coordinates":[[[-46.617717,-23.40099],[-46.617679,-23.400965],[-46.617639,-23.400939],[-46.617599,-23.400914],[-46.617388,-23.400779],[-46.617524,-23.400599],[-46.617554,-23.400555],[-46.617502,-23.400522],[-46.617618,-23.400372],[-46.61765,-23.400392],[-46.617759,-23.400462],[-46.617869,-23.400533],[-46.617945,-23.400582],[-46.618028,-23.400635],[-46.618058,-23.400654],[-46.618178,-23.400731],[-46.618207,-23.40075],[-46.618321,-23.400822],[-46.618355,-23.400844],[-46.61838,-23.40086],[-46.618271,-23.401015],[-46.618241,-23.401056],[-46.618223,-23.401082],[-46.618185,-23.401136],[-46.618149,-23.401187],[-46.61811,-23.401242],[-46.617761,-23.401018],[-46.617717,-23.40099]]]},"properties":{"sqlu":"SP-003-841535","inscription":"SP-GEOSAMPA-6841535","inscricaoImobiliaria":"SP-IMO-6841535","setor":"003","quadra":"015","lote":"0000","sourceType":"OFFICIAL_IMPORT","mainAddress":"Setor Fiscal 003","zoneamento":"RESIDENCIAL","statusCadastral":"ATIVO","workflowStatus":"PENDENTE","isOfficial":true,"rawProperties":{"cd_identificador":6841535,"cd_identificador_original_lote":8819861,"cd_setor_fiscal":"003","cd_tipo_quadra":"F","tx_tipo_quadra":"FISCAL","cd_quadra_fiscal":"015","cd_subquadra_fiscal":null,"cd_condominio":"05","cd_tipo_lote":"F","tx_tipo_lote":"FISCAL","cd_lote":"0000","cd_situacao":1,"cd_digito_sql":null,"cd_logradouro":"163589","nm_logradouro_completo":"R PIRATININGA","cd_numero_porta":"201","tx_complemento_endereco":null,"tx_situ_lote":null,"cd_tipo_uso_imovel":"XX","dc_tipo_uso_imovel":"Condomínio","cd_tipo_terreno_imovel":99,"qt_area_terreno":4861,"qt_area_construida":null}}},{"type":"Feature","geometry":{"type":"Polygon","coordinates":[[[-46.62332,-23.401898],[-46.623309,-23.401917],[-46.623413,-23.401951],[-46.623387,-23.402026],[-46.623239,-23.401972],[-46.623249,-23.401946],[-46.623252,-23.401939],[-46.623259,-23.40192],[-46.623275,-23.401878],[-46.623293,-23.401886],[-46.62332,-23.401898]]]},"properties":{"sqlu":"SP-003-822422","inscription":"SP-GEOSAMPA-6822422","inscricaoImobiliaria":"SP-IMO-6822422","setor":"003","quadra":"011","lote":"0083","sourceType":"OFFICIAL_IMPORT","mainAddress":"Setor Fiscal 003","zoneamento":"RESIDENCIAL","statusCadastral":"ATIVO","workflowStatus":"PENDENTE","isOfficial":true,"rawProperties":{"cd_identificador":6822422,"cd_identificador_original_lote":10680403,"cd_setor_fiscal":"003","cd_tipo_quadra":"F","tx_tipo_quadra":"FISCAL","cd_quadra_fiscal":"011","cd_subquadra_fiscal":null,"cd_condominio":"00","cd_tipo_lote":"F","tx_tipo_lote":"FISCAL","cd_lote":"0083","cd_situacao":1,"cd_digito_sql":"7","cd_logradouro":"069124","nm_logradouro_completo":"R CAP FAUSTINO LIMA","cd_numero_porta":"53","tx_complemento_endereco":null,"tx_situ_lote":"ATIVO","cd_tipo_uso_imovel":"40","dc_tipo_uso_imovel":"Não residencial","cd_tipo_terreno_imovel":1,"qt_area_terreno":158,"qt_area_construida":80}}},{"type":"Feature","geometry":{"type":"Polygon","coordinates":[[[-46.616534,-23.40433],[-46.616416,-23.404499],[-46.616389,-23.404537],[-46.616387,-23.404539],[-46.61633,-23.404505],[-46.616302,-23.404491],[-46.616297,-23.404488],[-46.61627,-23.404472],[-46.616253,-23.404462],[-46.616234,-23.40445],[-46.616204,-23.404432],[-46.616177,-23.404415],[-46.616117,-23.40438],[-46.616266,-23.404171],[-46.616325,-23.404206],[-46.616351,-23.404221],[-46.616383,-23.404241],[-46.6164,-23.404251],[-46.616418,-23.404261],[-46.61645,-23.404281],[-46.616476,-23.404296],[-46.616534,-23.40433]]]},"properties":{"sqlu":"SP-003-969077","inscription":"SP-GEOSAMPA-1969077","inscricaoImobiliaria":"SP-IMO-1969077","setor":"003","quadra":"028","lote":"0000","sourceType":"OFFICIAL_IMPORT","mainAddress":"Setor Fiscal 003","zoneamento":"RESIDENCIAL","statusCadastral":"ATIVO","workflowStatus":"PENDENTE","isOfficial":true,"rawProperties":{"cd_identificador":1969077,"cd_identificador_original_lote":8820690,"cd_setor_fiscal":"003","cd_tipo_quadra":"F","tx_tipo_quadra":"FISCAL","cd_quadra_fiscal":"028","cd_subquadra_fiscal":null,"cd_condominio":"01","cd_tipo_lote":"F","tx_tipo_lote":"FISCAL","cd_lote":"0000","cd_situacao":1,"cd_digito_sql":null,"cd_logradouro":"163589","nm_logradouro_completo":"R PIRATININGA","cd_numero_porta":"604 608 628","tx_complemento_endereco":null,"tx_situ_lote":null,"cd_tipo_uso_imovel":"XX","dc_tipo_uso_imovel":"Condomínio","cd_tipo_terreno_imovel":99,"qt_area_terreno":1016,"qt_area_construida":null}}},{"type":"Feature","geometry":{"type":"Polygon","coordinates":[[[-46.621954,-23.403652],[-46.621979,-23.403656],[-46.622071,-23.403672],[-46.622194,-23.403692],[-46.622233,-23.403698],[-46.622314,-23.40371],[-46.622394,-23.403723],[-46.622488,-23.403738],[-46.622566,-23.40375],[-46.622634,-23.40376],[-46.622724,-23.403774],[-46.622746,-23.403804],[-46.622733,-23.403838],[-46.622708,-23.403907],[-46.622554,-23.404337],[-46.622421,-23.404713],[-46.622402,-23.404772],[-46.622394,-23.404786],[-46.62239,-23.404792],[-46.622204,-23.404794],[-46.622118,-23.404793],[-46.62209,-23.404795],[-46.622033,-23.404796],[-46.622025,-23.404796],[-46.622007,-23.404796],[-46.621988,-23.404796],[-46.621985,-23.404699],[-46.621971,-23.40423],[-46.621958,-23.403793],[-46.621957,-23.403781],[-46.621954,-23.403652],[-46.621954,-23.403652]]]},"properties":{"sqlu":"SP-003-823212","inscription":"SP-GEOSAMPA-6823212","inscricaoImobiliaria":"SP-IMO-6823212","setor":"003","quadra":"068","lote":"0000","sourceType":"OFFICIAL_IMPORT","mainAddress":"Setor Fiscal 003","zoneamento":"RESIDENCIAL","statusCadastral":"ATIVO","workflowStatus":"PENDENTE","isOfficial":true,"rawProperties":{"cd_identificador":6823212,"cd_identificador_original_lote":10681592,"cd_setor_fiscal":"003","cd_tipo_quadra":"F","tx_tipo_quadra":"FISCAL","cd_quadra_fiscal":"068","cd_subquadra_fiscal":null,"cd_condominio":"02","cd_tipo_lote":"F","tx_tipo_lote":"FISCAL","cd_lote":"0000","cd_situacao":1,"cd_digito_sql":null,"cd_logradouro":"069124","nm_logradouro_completo":"R CAP FAUSTINO LIMA","cd_numero_porta":"289 321","tx_complemento_endereco":null,"tx_situ_lote":null,"cd_tipo_uso_imovel":"XX","dc_tipo_uso_imovel":"Condomínio","cd_tipo_terreno_imovel":99,"qt_area_terreno":7105,"qt_area_construida":null}}},{"type":"Feature","geometry":{"type":"Polygon","coordinates":[[[-46.616232,-23.400699],[-46.616339,-23.400548],[-46.616347,-23.400536],[-46.616368,-23.400504],[-46.616747,-23.400733],[-46.61672,-23.400774],[-46.616731,-23.400821],[-46.616634,-23.400953],[-46.616232,-23.400699]]]},"properties":{"sqlu":"SP-003-822376","inscription":"SP-GEOSAMPA-6822376","inscricaoImobiliaria":"SP-IMO-6822376","setor":"003","quadra":"020","lote":"0123","sourceType":"OFFICIAL_IMPORT","mainAddress":"Setor Fiscal 003","zoneamento":"RESIDENCIAL","statusCadastral":"ATIVO","workflowStatus":"PENDENTE","isOfficial":true,"rawProperties":{"cd_identificador":6822376,"cd_identificador_original_lote":10680469,"cd_setor_fiscal":"003","cd_tipo_quadra":"F","tx_tipo_quadra":"FISCAL","cd_quadra_fiscal":"020","cd_subquadra_fiscal":null,"cd_condominio":"00","cd_tipo_lote":"F","tx_tipo_lote":"FISCAL","cd_lote":"0123","cd_situacao":1,"cd_digito_sql":"9","cd_logradouro":"135895","nm_logradouro_completo":"R MARTIM BURCHARD","cd_numero_porta":"254","tx_complemento_endereco":null,"tx_situ_lote":"ATIVO","cd_tipo_uso_imovel":"21","dc_tipo_uso_imovel":"Residencial","cd_tipo_terreno_imovel":1,"qt_area_terreno":1256,"qt_area_construida":4270}}},{"type":"Feature","geometry":{"type":"Polygon","coordinates":[[[-46.615637,-23.404427],[-46.615688,-23.404457],[-46.615785,-23.404514],[-46.615752,-23.404557],[-46.615546,-23.404438],[-46.615561,-23.404416],[-46.615578,-23.404393],[-46.615637,-23.404427]]]},"properties":{"sqlu":"SP-003-822944","inscription":"SP-GEOSAMPA-6822944","inscricaoImobiliaria":"SP-IMO-6822944","setor":"003","quadra":"044","lote":"0120","sourceType":"OFFICIAL_IMPORT","mainAddress":"Setor Fiscal 003","zoneamento":"RESIDENCIAL","statusCadastral":"ATIVO","workflowStatus":"PENDENTE","isOfficial":true,"rawProperties":{"cd_identificador":6822944,"cd_identificador_original_lote":8820950,"cd_setor_fiscal":"003","cd_tipo_quadra":"F","tx_tipo_quadra":"FISCAL","cd_quadra_fiscal":"044","cd_subquadra_fiscal":null,"cd_condominio":"00","cd_tipo_lote":"F","tx_tipo_lote":"FISCAL","cd_lote":"0120","cd_situacao":1,"cd_digito_sql":"1","cd_logradouro":"163589","nm_logradouro_completo":"R PIRATININGA","cd_numero_porta":"667","tx_complemento_endereco":null,"tx_situ_lote":"ATIVO","cd_tipo_uso_imovel":"10","dc_tipo_uso_imovel":"Residencial","cd_tipo_terreno_imovel":1,"qt_area_terreno":153,"qt_area_construida":103}}},{"type":"Feature","geometry":{"type":"Polygon","coordinates":[[[-46.611929,-23.40651],[-46.611636,-23.406541],[-46.61162,-23.406418],[-46.611617,-23.406398],[-46.61191,-23.406375],[-46.611929,-23.40651]]]},"properties":{"sqlu":"SP-003-823123","inscription":"SP-GEOSAMPA-6823123","inscricaoImobiliaria":"SP-IMO-6823123","setor":"003","quadra":"060","lote":"0139","sourceType":"OFFICIAL_IMPORT","mainAddress":"Setor Fiscal 003","zoneamento":"RESIDENCIAL","statusCadastral":"ATIVO","workflowStatus":"PENDENTE","isOfficial":true,"rawProperties":{"cd_identificador":6823123,"cd_identificador_original_lote":10680764,"cd_setor_fiscal":"003","cd_tipo_quadra":"F","tx_tipo_quadra":"FISCAL","cd_quadra_fiscal":"060","cd_subquadra_fiscal":null,"cd_condominio":"00","cd_tipo_lote":"F","tx_tipo_lote":"FISCAL","cd_lote":"0139","cd_situacao":1,"cd_digito_sql":"1","cd_logradouro":"013072","nm_logradouro_completo":"R ANDRE DE LEAO","cd_numero_porta":"147","tx_complemento_endereco":null,"tx_situ_lote":"ATIVO","cd_tipo_uso_imovel":"51","dc_tipo_uso_imovel":"Não residencial","cd_tipo_terreno_imovel":1,"qt_area_terreno":450,"qt_area_construida":450}}},{"type":"Feature","geometry":{"type":"Polygon","coordinates":[[[-46.611946,-23.406642],[-46.61196,-23.406744],[-46.611663,-23.406749],[-46.611653,-23.406674],[-46.611946,-23.406642]]]},"properties":{"sqlu":"SP-003-823070","inscription":"SP-GEOSAMPA-6823070","inscricaoImobiliaria":"SP-IMO-6823070","setor":"003","quadra":"060","lote":"0141","sourceType":"OFFICIAL_IMPORT","mainAddress":"Setor Fiscal 003","zoneamento":"RESIDENCIAL","statusCadastral":"ATIVO","workflowStatus":"PENDENTE","isOfficial":true,"rawProperties":{"cd_identificador":6823070,"cd_identificador_original_lote":10680763,"cd_setor_fiscal":"003","cd_tipo_quadra":"F","tx_tipo_quadra":"FISCAL","cd_quadra_fiscal":"060","cd_subquadra_fiscal":null,"cd_condominio":"00","cd_tipo_lote":"F","tx_tipo_lote":"FISCAL","cd_lote":"0141","cd_situacao":1,"cd_digito_sql":"1","cd_logradouro":"013072","nm_logradouro_completo":"R ANDRE DE LEAO","cd_numero_porta":"159","tx_complemento_endereco":"A","tx_situ_lote":"ATIVO","cd_tipo_uso_imovel":"62","dc_tipo_uso_imovel":"Não residencial","cd_tipo_terreno_imovel":2,"qt_area_terreno":356,"qt_area_construida":356}}},{"type":"Feature","geometry":{"type":"Polygon","coordinates":[[[-46.616185,-23.400765],[-46.616456,-23.400914],[-46.61646,-23.400916],[-46.616445,-23.400935],[-46.616502,-23.400974],[-46.61648,-23.401001],[-46.616468,-23.401015],[-46.616416,-23.401072],[-46.616375,-23.401044],[-46.616351,-23.401077],[-46.616335,-23.401069],[-46.616319,-23.401059],[-46.616289,-23.401042],[-46.616076,-23.40092],[-46.616081,-23.400912],[-46.6161,-23.400886],[-46.616127,-23.400847],[-46.616185,-23.400765]]]},"properties":{"sqlu":"SP-003-822633","inscription":"SP-GEOSAMPA-6822633","inscricaoImobiliaria":"SP-IMO-6822633","setor":"003","quadra":"020","lote":"0119","sourceType":"OFFICIAL_IMPORT","mainAddress":"Setor Fiscal 003","zoneamento":"RESIDENCIAL","statusCadastral":"ATIVO","workflowStatus":"PENDENTE","isOfficial":true,"rawProperties":{"cd_identificador":6822633,"cd_identificador_original_lote":10680470,"cd_setor_fiscal":"003","cd_tipo_quadra":"F","tx_tipo_quadra":"FISCAL","cd_quadra_fiscal":"020","cd_subquadra_fiscal":null,"cd_condominio":"00","cd_tipo_lote":"F","tx_tipo_lote":"FISCAL","cd_lote":"0119","cd_situacao":1,"cd_digito_sql":"0","cd_logradouro":"135895","nm_logradouro_completo":"R MARTIM BURCHARD","cd_numero_porta":"290","tx_complemento_endereco":"298 300 304 306","tx_situ_lote":"ATIVO","cd_tipo_uso_imovel":"42","dc_tipo_uso_imovel":"Não residencial","cd_tipo_terreno_imovel":1,"qt_area_terreno":812,"qt_area_construida":855}}},{"type":"Feature","geometry":{"type":"Polygon","coordinates":[[[-46.611946,-23.406642],[-46.611653,-23.406674],[-46.611653,-23.406672],[-46.611636,-23.406541],[-46.611929,-23.40651],[-46.611946,-23.406642]]]},"properties":{"sqlu":"SP-003-823071","inscription":"SP-GEOSAMPA-6823071","inscricaoImobiliaria":"SP-IMO-6823071","setor":"003","quadra":"060","lote":"0140","sourceType":"OFFICIAL_IMPORT","mainAddress":"Setor Fiscal 003","zoneamento":"RESIDENCIAL","statusCadastral":"ATIVO","workflowStatus":"PENDENTE","isOfficial":true,"rawProperties":{"cd_identificador":6823071,"cd_identificador_original_lote":10680765,"cd_setor_fiscal":"003","cd_tipo_quadra":"F","tx_tipo_quadra":"FISCAL","cd_quadra_fiscal":"060","cd_subquadra_fiscal":null,"cd_condominio":"00","cd_tipo_lote":"F","tx_tipo_lote":"FISCAL","cd_lote":"0140","cd_situacao":1,"cd_digito_sql":"3","cd_logradouro":"013072","nm_logradouro_completo":"R ANDRE DE LEAO","cd_numero_porta":"159","tx_complemento_endereco":null,"tx_situ_lote":"ATIVO","cd_tipo_uso_imovel":"60","dc_tipo_uso_imovel":"Não residencial","cd_tipo_terreno_imovel":1,"qt_area_terreno":450,"qt_area_construida":450}}},{"type":"Feature","geometry":{"type":"Polygon","coordinates":[[[-46.621571,-23.403576],[-46.621535,-23.403569],[-46.621482,-23.403559],[-46.62135,-23.403532],[-46.621256,-23.403513],[-46.621179,-23.403496],[-46.621092,-23.403478],[-46.620975,-23.403453],[-46.621054,-23.403218],[-46.621116,-23.403232],[-46.621207,-23.403252],[-46.621242,-23.403259],[-46.621245,-23.40326],[-46.621273,-23.403266],[-46.621319,-23.403276],[-46.621412,-23.403295],[-46.621558,-23.403325],[-46.621588,-23.403331],[-46.621637,-23.403341],[-46.621711,-23.403355],[-46.621571,-23.403576]]]},"properties":{"sqlu":"SP-003-823292","inscription":"SP-GEOSAMPA-6823292","inscricaoImobiliaria":"SP-IMO-6823292","setor":"003","quadra":"067","lote":"0253","sourceType":"OFFICIAL_IMPORT","mainAddress":"Setor Fiscal 003","zoneamento":"RESIDENCIAL","statusCadastral":"ATIVO","workflowStatus":"PENDENTE","isOfficial":true,"rawProperties":{"cd_identificador":6823292,"cd_identificador_original_lote":10681588,"cd_setor_fiscal":"003","cd_tipo_quadra":"F","tx_tipo_quadra":"FISCAL","cd_quadra_fiscal":"067","cd_subquadra_fiscal":null,"cd_condominio":"00","cd_tipo_lote":"F","tx_tipo_lote":"FISCAL","cd_lote":"0253","cd_situacao":1,"cd_digito_sql":"3","cd_logradouro":"044784","nm_logradouro_completo":"R CARNEIRO LEAO","cd_numero_porta":"260","tx_complemento_endereco":null,"tx_situ_lote":"ATIVO","cd_tipo_uso_imovel":"62","dc_tipo_uso_imovel":"Não residencial","cd_tipo_terreno_imovel":2,"qt_area_terreno":1987,"qt_area_construida":9}}},{"type":"Feature","geometry":{"type":"Polygon","coordinates":[[[-46.62135,-23.403532],[-46.62135,-23.403532],[-46.621482,-23.403559],[-46.621535,-23.403569],[-46.621571,-23.403576],[-46.621619,-23.403586],[-46.621714,-23.403604],[-46.62172,-23.403605],[-46.621798,-23.40362],[-46.621837,-23.403627],[-46.621878,-23.403635],[-46.621905,-23.40364],[-46.621925,-23.403644],[-46.621954,-23.403649],[-46.621954,-23.403652],[-46.621957,-23.403781],[-46.621958,-23.403793],[-46.621971,-23.40423],[-46.621985,-23.404699],[-46.621988,-23.404796],[-46.62188,-23.404798],[-46.621753,-23.404801],[-46.621607,-23.404805],[-46.621586,-23.404806],[-46.621557,-23.404808],[-46.621545,-23.404807],[-46.621537,-23.404807],[-46.621529,-23.404807],[-46.621502,-23.404808],[-46.621487,-23.404809],[-46.621476,-23.404808],[-46.621467,-23.404809],[-46.621457,-23.404809],[-46.62145,-23.404808],[-46.62144,-23.404809],[-46.621417,-23.40481],[-46.621387,-23.404811],[-46.621386,-23.404781],[-46.621384,-23.404703],[-46.621363,-23.404066],[-46.621352,-23.403627],[-46.62135,-23.403532],[-46.62135,-23.403532]]]},"properties":{"sqlu":"SP-003-823325","inscription":"SP-GEOSAMPA-6823325","inscricaoImobiliaria":"SP-IMO-6823325","setor":"003","quadra":"068","lote":"0000","sourceType":"OFFICIAL_IMPORT","mainAddress":"Setor Fiscal 003","zoneamento":"RESIDENCIAL","statusCadastral":"ATIVO","workflowStatus":"PENDENTE","isOfficial":true,"rawProperties":{"cd_identificador":6823325,"cd_identificador_original_lote":10681591,"cd_setor_fiscal":"003","cd_tipo_quadra":"F","tx_tipo_quadra":"FISCAL","cd_quadra_fiscal":"068","cd_subquadra_fiscal":null,"cd_condominio":"03","cd_tipo_lote":"F","tx_tipo_lote":"FISCAL","cd_lote":"0000","cd_situacao":1,"cd_digito_sql":null,"cd_logradouro":"026670","nm_logradouro_completo":"R AZEVEDO JUNIOR","cd_numero_porta":"185","tx_complemento_endereco":null,"tx_situ_lote":null,"cd_tipo_uso_imovel":"XX","dc_tipo_uso_imovel":"Condomínio","cd_tipo_terreno_imovel":99,"qt_area_terreno":8319,"qt_area_construida":null}}},{"type":"Feature","geometry":{"type":"Polygon","coordinates":[[[-46.616747,-23.400733],[-46.616762,-23.400709],[-46.616798,-23.400661],[-46.617019,-23.400803],[-46.617087,-23.400706],[-46.617314,-23.400851],[-46.617253,-23.400929],[-46.617202,-23.400995],[-46.617192,-23.401007],[-46.617129,-23.401089],[-46.617071,-23.401163],[-46.617036,-23.401208],[-46.617023,-23.401225],[-46.616996,-23.40126],[-46.61698,-23.401282],[-46.616923,-23.401246],[-46.616502,-23.400974],[-46.616445,-23.400935],[-46.61646,-23.400916],[-46.616456,-23.400914],[-46.616185,-23.400765],[-46.616212,-23.400727],[-46.616232,-23.400699],[-46.616634,-23.400953],[-46.616731,-23.400821],[-46.61672,-23.400774],[-46.616747,-23.400733]]]},"properties":{"sqlu":"SP-003-822566","inscription":"SP-GEOSAMPA-6822566","inscricaoImobiliaria":"SP-IMO-6822566","setor":"003","quadra":"020","lote":"0124","sourceType":"OFFICIAL_IMPORT","mainAddress":"Setor Fiscal 003","zoneamento":"RESIDENCIAL","statusCadastral":"ATIVO","workflowStatus":"PENDENTE","isOfficial":true,"rawProperties":{"cd_identificador":6822566,"cd_identificador_original_lote":10680468,"cd_setor_fiscal":"003","cd_tipo_quadra":"F","tx_tipo_quadra":"FISCAL","cd_quadra_fiscal":"020","cd_subquadra_fiscal":null,"cd_condominio":"00","cd_tipo_lote":"F","tx_tipo_lote":"FISCAL","cd_lote":"0124","cd_situacao":1,"cd_digito_sql":"7","cd_logradouro":"135895","nm_logradouro_completo":"R MARTIM BURCHARD","cd_numero_porta":"284","tx_complemento_endereco":null,"tx_situ_lote":"ATIVO","cd_tipo_uso_imovel":"21","dc_tipo_uso_imovel":"Residencial","cd_tipo_terreno_imovel":1,"qt_area_terreno":3316,"qt_area_construida":8540}}},{"type":"Feature","geometry":{"type":"Polygon","coordinates":[[[-46.623239,-23.401972],[-46.623387,-23.402026],[-46.623376,-23.402058],[-46.623349,-23.402067],[-46.623299,-23.402044],[-46.623224,-23.40201],[-46.623239,-23.401972]]]},"properties":{"sqlu":"SP-003-822730","inscription":"SP-GEOSAMPA-6822730","inscricaoImobiliaria":"SP-IMO-6822730","setor":"003","quadra":"011","lote":"0082","sourceType":"OFFICIAL_IMPORT","mainAddress":"Setor Fiscal 003","zoneamento":"RESIDENCIAL","statusCadastral":"ATIVO","workflowStatus":"PENDENTE","isOfficial":true,"rawProperties":{"cd_identificador":6822730,"cd_identificador_original_lote":10680402,"cd_setor_fiscal":"003","cd_tipo_quadra":"F","tx_tipo_quadra":"FISCAL","cd_quadra_fiscal":"011","cd_subquadra_fiscal":null,"cd_condominio":"00","cd_tipo_lote":"F","tx_tipo_lote":"FISCAL","cd_lote":"0082","cd_situacao":1,"cd_digito_sql":"9","cd_logradouro":"069124","nm_logradouro_completo":"R CAP FAUSTINO LIMA","cd_numero_porta":"59","tx_complemento_endereco":null,"tx_situ_lote":"ATIVO","cd_tipo_uso_imovel":"42","dc_tipo_uso_imovel":"Não residencial","cd_tipo_terreno_imovel":2,"qt_area_terreno":96,"qt_area_construida":80}}},{"type":"Feature","geometry":{"type":"Polygon","coordinates":[[[-46.615699,-23.403966],[-46.615693,-23.403963],[-46.61584,-23.403747],[-46.6159,-23.403782],[-46.615952,-23.403813],[-46.615926,-23.403852],[-46.615904,-23.403885],[-46.615895,-23.403899],[-46.616128,-23.404033],[-46.616041,-23.404162],[-46.616032,-23.404157],[-46.615915,-23.40409],[-46.615863,-23.40406],[-46.615809,-23.40403],[-46.615754,-23.403998],[-46.615699,-23.403966]]]},"properties":{"sqlu":"SP-003-822459","inscription":"SP-GEOSAMPA-6822459","inscricaoImobiliaria":"SP-IMO-6822459","setor":"003","quadra":"042","lote":"0083","sourceType":"OFFICIAL_IMPORT","mainAddress":"Setor Fiscal 003","zoneamento":"RESIDENCIAL","statusCadastral":"ATIVO","workflowStatus":"PENDENTE","isOfficial":true,"rawProperties":{"cd_identificador":6822459,"cd_identificador_original_lote":10680473,"cd_setor_fiscal":"003","cd_tipo_quadra":"F","tx_tipo_quadra":"FISCAL","cd_quadra_fiscal":"042","cd_subquadra_fiscal":null,"cd_condominio":"00","cd_tipo_lote":"F","tx_tipo_lote":"FISCAL","cd_lote":"0083","cd_situacao":1,"cd_digito_sql":"2","cd_logradouro":"163589","nm_logradouro_completo":"R PIRATININGA","cd_numero_porta":"607","tx_complemento_endereco":null,"tx_situ_lote":"ATIVO","cd_tipo_uso_imovel":"40","dc_tipo_uso_imovel":"Não residencial","cd_tipo_terreno_imovel":1,"qt_area_terreno":865,"qt_area_construida":865}}},{"type":"Feature","geometry":{"type":"Polygon","coordinates":[[[-46.622842,-23.403547],[-46.622398,-23.403477],[-46.622133,-23.403433],[-46.621987,-23.403407],[-46.621812,-23.403375],[-46.621711,-23.403355],[-46.621637,-23.403341],[-46.621588,-23.403331],[-46.621558,-23.403325],[-46.621412,-23.403295],[-46.621319,-23.403276],[-46.621273,-23.403266],[-46.621245,-23.40326],[-46.621242,-23.403259],[-46.621207,-23.403252],[-46.621116,-23.403232],[-46.621054,-23.403218],[-46.621144,-23.402917],[-46.621145,-23.402914],[-46.621187,-23.402936],[-46.621367,-23.40303],[-46.621357,-23.403048],[-46.621396,-23.403062],[-46.621405,-23.403066],[-46.621747,-23.403192],[-46.621988,-23.402673],[-46.622053,-23.402537],[-46.622077,-23.40255],[-46.622111,-23.402564],[-46.622148,-23.402581],[-46.622166,-23.40259],[-46.622199,-23.402607],[-46.62223,-23.402623],[-46.622293,-23.402655],[-46.622377,-23.402702],[-46.622505,-23.402756],[-46.622601,-23.402791],[-46.62253,-23.402987],[-46.622493,-23.403086],[-46.622481,-23.403117],[-46.622454,-23.40319],[-46.622443,-23.403219],[-46.622531,-23.403258],[-46.622501,-23.403336],[-46.62286,-23.403496],[-46.622842,-23.403547]]]},"properties":{"sqlu":"SP-003-823038","inscription":"SP-GEOSAMPA-6823038","inscricaoImobiliaria":"SP-IMO-6823038","setor":"003","quadra":"067","lote":"0000","sourceType":"OFFICIAL_IMPORT","mainAddress":"Setor Fiscal 003","zoneamento":"RESIDENCIAL","statusCadastral":"ATIVO","workflowStatus":"PENDENTE","isOfficial":true,"rawProperties":{"cd_identificador":6823038,"cd_identificador_original_lote":10680766,"cd_setor_fiscal":"003","cd_tipo_quadra":"F","tx_tipo_quadra":"FISCAL","cd_quadra_fiscal":"067","cd_subquadra_fiscal":null,"cd_condominio":"01","cd_tipo_lote":"F","tx_tipo_lote":"FISCAL","cd_lote":"0000","cd_situacao":1,"cd_digito_sql":null,"cd_logradouro":"050415","nm_logradouro_completo":"R CLAUDINO PINTO","cd_numero_porta":"100","tx_complemento_endereco":null,"tx_situ_lote":null,"cd_tipo_uso_imovel":"XX","dc_tipo_uso_imovel":"Condomínio","cd_tipo_terreno_imovel":99,"qt_area_terreno":8167,"qt_area_construida":null}}},{"type":"Feature","geometry":{"type":"Polygon","coordinates":[[[-46.619281,-23.400658],[-46.618921,-23.400446],[-46.618948,-23.400408],[-46.619304,-23.40062],[-46.619301,-23.400625],[-46.619281,-23.400658]]]},"properties":{"sqlu":"SP-003-969175","inscription":"SP-GEOSAMPA-1969175","inscricaoImobiliaria":"SP-IMO-1969175","setor":"003","quadra":"014","lote":"0019","sourceType":"OFFICIAL_IMPORT","mainAddress":"Setor Fiscal 003","zoneamento":"RESIDENCIAL","statusCadastral":"ATIVO","workflowStatus":"PENDENTE","isOfficial":true,"rawProperties":{"cd_identificador":1969175,"cd_identificador_original_lote":8820572,"cd_setor_fiscal":"003","cd_tipo_quadra":"F","tx_tipo_quadra":"FISCAL","cd_quadra_fiscal":"014","cd_subquadra_fiscal":null,"cd_condominio":"00","cd_tipo_lote":"F","tx_tipo_lote":"FISCAL","cd_lote":"0019","cd_situacao":1,"cd_digito_sql":"9","cd_logradouro":"163589","nm_logradouro_completo":"R PIRATININGA","cd_numero_porta":"98","tx_complemento_endereco":"E 100","tx_situ_lote":"ATIVO","cd_tipo_uso_imovel":"42","dc_tipo_uso_imovel":"Não residencial","cd_tipo_terreno_imovel":1,"qt_area_terreno":210,"qt_area_construida":354}}},{"type":"Feature","geometry":{"type":"Polygon","coordinates":[[[-46.623261,-23.402837],[-46.623263,-23.402832],[-46.623335,-23.402648],[-46.623343,-23.402622],[-46.623372,-23.402531],[-46.623399,-23.402449],[-46.623427,-23.402362],[-46.623484,-23.4022],[-46.623551,-23.402014],[-46.623555,-23.402008],[-46.62356,-23.402003],[-46.623566,-23.401999],[-46.623572,-23.401995],[-46.623578,-23.401992],[-46.623585,-23.40199],[-46.623591,-23.401988],[-46.623598,-23.401987],[-46.623605,-23.401987],[-46.623612,-23.401987],[-46.623619,-23.401988],[-46.623624,-23.401991],[-46.623814,-23.402106],[-46.623928,-23.402174],[-46.623979,-23.402205],[-46.624312,-23.402409],[-46.624319,-23.402413],[-46.624325,-23.402416],[-46.624331,-23.40242],[-46.624336,-23.402425],[-46.624341,-23.40243],[-46.624345,-23.402435],[-46.624349,-23.402441],[-46.624353,-23.402447],[-46.624356,-23.402453],[-46.624358,-23.402459],[-46.62436,-23.402466],[-46.624361,-23.402472],[-46.624362,-23.402479],[-46.624362,-23.402485],[-46.624361,-23.402492],[-46.62436,-23.402499],[-46.624359,-23.402502],[-46.624357,-23.402508],[-46.624326,-23.402594],[-46.624295,-23.402678],[-46.624098,-23.403215],[-46.624089,-23.40324],[-46.624052,-23.40334],[-46.623953,-23.403612],[-46.623944,-23.403639],[-46.623936,-23.403661],[-46.623693,-23.404337],[-46.623225,-23.404195],[-46.622817,-23.404071],[-46.623036,-23.403461],[-46.623095,-23.403299],[-46.623261,-23.402837]]]},"properties":{"sqlu":"SP-003-822496","inscription":"SP-GEOSAMPA-6822496","inscricaoImobiliaria":"SP-IMO-6822496","setor":"003","quadra":"010","lote":"0055","sourceType":"OFFICIAL_IMPORT","mainAddress":"Setor Fiscal 003","zoneamento":"RESIDENCIAL","statusCadastral":"ATIVO","workflowStatus":"PENDENTE","isOfficial":true,"rawProperties":{"cd_identificador":6822496,"cd_identificador_original_lote":10680362,"cd_setor_fiscal":"003","cd_tipo_quadra":"F","tx_tipo_quadra":"FISCAL","cd_quadra_fiscal":"010","cd_subquadra_fiscal":null,"cd_condominio":"00","cd_tipo_lote":"F","tx_tipo_lote":"FISCAL","cd_lote":"0055","cd_situacao":1,"cd_digito_sql":"7","cd_logradouro":"069124","nm_logradouro_completo":"R CAP FAUSTINO LIMA","cd_numero_porta":"134","tx_complemento_endereco":"918","tx_situ_lote":"ATIVO","cd_tipo_uso_imovel":"50","dc_tipo_uso_imovel":"Não residencial","cd_tipo_terreno_imovel":2,"qt_area_terreno":25200,"qt_area_construida":21916}}},{"type":"Feature","geometry":{"type":"Polygon","coordinates":[[[-46.612745,-23.403289],[-46.612834,-23.403162],[-46.612884,-23.40309],[-46.612929,-23.403116],[-46.612978,-23.403143],[-46.613125,-23.403227],[-46.61322,-23.40328],[-46.613192,-23.403322],[-46.613169,-23.403355],[-46.613264,-23.40341],[-46.613243,-23.40344],[-46.613178,-23.403538],[-46.612745,-23.403289]]]},"properties":{"sqlu":"SP-003-822932","inscription":"SP-GEOSAMPA-6822932","inscricaoImobiliaria":"SP-IMO-6822932","setor":"003","quadra":"044","lote":"0185","sourceType":"OFFICIAL_IMPORT","mainAddress":"Setor Fiscal 003","zoneamento":"RESIDENCIAL","statusCadastral":"ATIVO","workflowStatus":"PENDENTE","isOfficial":true,"rawProperties":{"cd_identificador":6822932,"cd_identificador_original_lote":10680769,"cd_setor_fiscal":"003","cd_tipo_quadra":"F","tx_tipo_quadra":"FISCAL","cd_quadra_fiscal":"044","cd_subquadra_fiscal":null,"cd_condominio":"00","cd_tipo_lote":"F","tx_tipo_lote":"FISCAL","cd_lote":"0185","cd_situacao":1,"cd_digito_sql":"4","cd_logradouro":"060461","nm_logradouro_completo":"R DOMINGOS PAIVA","cd_numero_porta":"696","tx_complemento_endereco":null,"tx_situ_lote":"ATIVO","cd_tipo_uso_imovel":"50","dc_tipo_uso_imovel":"Não residencial","cd_tipo_terreno_imovel":1,"qt_area_terreno":1317,"qt_area_construida":1497}}},{"type":"Feature","geometry":{"type":"Polygon","coordinates":[[[-46.61322,-23.40328],[-46.613242,-23.403248],[-46.613269,-23.40321],[-46.613292,-23.403175],[-46.613371,-23.40306],[-46.613406,-23.403009],[-46.613566,-23.403102],[-46.613805,-23.403241],[-46.613762,-23.403305],[-46.613653,-23.403468],[-46.613706,-23.403498],[-46.613806,-23.403558],[-46.613707,-23.403704],[-46.613674,-23.403686],[-46.613647,-23.40367],[-46.613633,-23.403662],[-46.61359,-23.403637],[-46.613554,-23.403617],[-46.613527,-23.403601],[-46.613464,-23.403565],[-46.613456,-23.403561],[-46.613432,-23.403547],[-46.613404,-23.403531],[-46.613401,-23.403529],[-46.61337,-23.403512],[-46.613335,-23.403491],[-46.613316,-23.40348],[-46.613305,-23.403475],[-46.613243,-23.40344],[-46.613264,-23.40341],[-46.613169,-23.403355],[-46.613192,-23.403322],[-46.61322,-23.40328]]]},"properties":{"sqlu":"SP-003-823131","inscription":"SP-GEOSAMPA-6823131","inscricaoImobiliaria":"SP-IMO-6823131","setor":"003","quadra":"044","lote":"0129","sourceType":"OFFICIAL_IMPORT","mainAddress":"Setor Fiscal 003","zoneamento":"RESIDENCIAL","statusCadastral":"ATIVO","workflowStatus":"PENDENTE","isOfficial":true,"rawProperties":{"cd_identificador":6823131,"cd_identificador_original_lote":10680770,"cd_setor_fiscal":"003","cd_tipo_quadra":"F","tx_tipo_quadra":"FISCAL","cd_quadra_fiscal":"044","cd_subquadra_fiscal":null,"cd_condominio":"00","cd_tipo_lote":"F","tx_tipo_lote":"FISCAL","cd_lote":"0129","cd_situacao":1,"cd_digito_sql":"3","cd_logradouro":"005983","nm_logradouro_completo":"R ALEGRIA","cd_numero_porta":"300","tx_complemento_endereco":null,"tx_situ_lote":"ATIVO","cd_tipo_uso_imovel":"31","dc_tipo_uso_imovel":"Não residencial","cd_tipo_terreno_imovel":1,"qt_area_terreno":2793,"qt_area_construida":4063}}},{"type":"Feature","geometry":{"type":"Polygon","coordinates":[[[-46.612663,-23.403405],[-46.613098,-23.403655],[-46.613061,-23.403708],[-46.613019,-23.403684],[-46.61297,-23.403656],[-46.612933,-23.403634],[-46.612896,-23.403613],[-46.612853,-23.403588],[-46.612822,-23.403571],[-46.612803,-23.403559],[-46.612791,-23.403553],[-46.612753,-23.40353],[-46.612626,-23.403458],[-46.612663,-23.403405]]]},"properties":{"sqlu":"SP-003-822816","inscription":"SP-GEOSAMPA-6822816","inscricaoImobiliaria":"SP-IMO-6822816","setor":"003","quadra":"044","lote":"0187","sourceType":"OFFICIAL_IMPORT","mainAddress":"Setor Fiscal 003","zoneamento":"RESIDENCIAL","statusCadastral":"ATIVO","workflowStatus":"PENDENTE","isOfficial":true,"rawProperties":{"cd_identificador":6822816,"cd_identificador_original_lote":10680767,"cd_setor_fiscal":"003","cd_tipo_quadra":"F","tx_tipo_quadra":"FISCAL","cd_quadra_fiscal":"044","cd_subquadra_fiscal":null,"cd_condominio":"00","cd_tipo_lote":"F","tx_tipo_lote":"FISCAL","cd_lote":"0187","cd_situacao":1,"cd_digito_sql":"0","cd_logradouro":"060461","nm_logradouro_completo":"R DOMINGOS PAIVA","cd_numero_porta":"736","tx_complemento_endereco":null,"tx_situ_lote":"ATIVO","cd_tipo_uso_imovel":"50","dc_tipo_uso_imovel":"Não residencial","cd_tipo_terreno_imovel":1,"qt_area_terreno":315,"qt_area_construida":315}}},{"type":"Feature","geometry":{"type":"Polygon","coordinates":[[[-46.612663,-23.403405],[-46.612745,-23.403289],[-46.613178,-23.403538],[-46.613243,-23.40344],[-46.613305,-23.403475],[-46.61322,-23.403601],[-46.61318,-23.403659],[-46.613119,-23.403623],[-46.613098,-23.403655],[-46.612663,-23.403405]]]},"properties":{"sqlu":"SP-003-822817","inscription":"SP-GEOSAMPA-6822817","inscricaoImobiliaria":"SP-IMO-6822817","setor":"003","quadra":"044","lote":"0186","sourceType":"OFFICIAL_IMPORT","mainAddress":"Setor Fiscal 003","zoneamento":"RESIDENCIAL","statusCadastral":"ATIVO","workflowStatus":"PENDENTE","isOfficial":true,"rawProperties":{"cd_identificador":6822817,"cd_identificador_original_lote":10680768,"cd_setor_fiscal":"003","cd_tipo_quadra":"F","tx_tipo_quadra":"FISCAL","cd_quadra_fiscal":"044","cd_subquadra_fiscal":null,"cd_condominio":"00","cd_tipo_lote":"F","tx_tipo_lote":"FISCAL","cd_lote":"0186","cd_situacao":1,"cd_digito_sql":"2","cd_logradouro":"060461","nm_logradouro_completo":"R DOMINGOS PAIVA","cd_numero_porta":"718","tx_complemento_endereco":null,"tx_situ_lote":"ATIVO","cd_tipo_uso_imovel":"50","dc_tipo_uso_imovel":"Não residencial","cd_tipo_terreno_imovel":1,"qt_area_terreno":900,"qt_area_construida":1306}}},{"type":"Feature","geometry":{"type":"Polygon","coordinates":[[[-46.613806,-23.403558],[-46.613706,-23.403498],[-46.613717,-23.403482],[-46.613856,-23.403272],[-46.613959,-23.403332],[-46.613806,-23.403558]]]},"properties":{"sqlu":"SP-003-822813","inscription":"SP-GEOSAMPA-6822813","inscricaoImobiliaria":"SP-IMO-6822813","setor":"003","quadra":"044","lote":"0140","sourceType":"OFFICIAL_IMPORT","mainAddress":"Setor Fiscal 003","zoneamento":"RESIDENCIAL","statusCadastral":"ATIVO","workflowStatus":"PENDENTE","isOfficial":true,"rawProperties":{"cd_identificador":6822813,"cd_identificador_original_lote":10680771,"cd_setor_fiscal":"003","cd_tipo_quadra":"F","tx_tipo_quadra":"FISCAL","cd_quadra_fiscal":"044","cd_subquadra_fiscal":null,"cd_condominio":"00","cd_tipo_lote":"F","tx_tipo_lote":"FISCAL","cd_lote":"0140","cd_situacao":1,"cd_digito_sql":"4","cd_logradouro":"005983","nm_logradouro_completo":"R ALEGRIA","cd_numero_porta":"238","tx_complemento_endereco":null,"tx_situ_lote":"ATIVO","cd_tipo_uso_imovel":"40","dc_tipo_uso_imovel":"Não residencial","cd_tipo_terreno_imovel":1,"qt_area_terreno":366,"qt_area_construida":449}}},{"type":"Feature","geometry":{"type":"Polygon","coordinates":[[[-46.621812,-23.403375],[-46.621987,-23.403407],[-46.622133,-23.403433],[-46.622398,-23.403477],[-46.622842,-23.403547],[-46.622746,-23.403804],[-46.622724,-23.403774],[-46.622701,-23.403771],[-46.622634,-23.40376],[-46.622566,-23.40375],[-46.622488,-23.403738],[-46.622394,-23.403723],[-46.622314,-23.40371],[-46.622233,-23.403698],[-46.622194,-23.403692],[-46.622071,-23.403672],[-46.621979,-23.403656],[-46.621954,-23.403652],[-46.621954,-23.403649],[-46.621954,-23.403649],[-46.621925,-23.403644],[-46.621905,-23.40364],[-46.621878,-23.403635],[-46.621837,-23.403627],[-46.621798,-23.40362],[-46.62172,-23.403605],[-46.621714,-23.403604],[-46.621812,-23.403375]]]},"properties":{"sqlu":"SP-003-831397","inscription":"SP-GEOSAMPA-6831397","inscricaoImobiliaria":"SP-IMO-6831397","setor":"003","quadra":"067","lote":"0254","sourceType":"OFFICIAL_IMPORT","mainAddress":"Setor Fiscal 003","zoneamento":"RESIDENCIAL","statusCadastral":"ATIVO","workflowStatus":"PENDENTE","isOfficial":true,"rawProperties":{"cd_identificador":6831397,"cd_identificador_original_lote":10681589,"cd_setor_fiscal":"003","cd_tipo_quadra":"F","tx_tipo_quadra":"FISCAL","cd_quadra_fiscal":"067","cd_subquadra_fiscal":null,"cd_condominio":"00","cd_tipo_lote":"F","tx_tipo_lote":"FISCAL","cd_lote":"0254","cd_situacao":1,"cd_digito_sql":"1","cd_logradouro":"069124","nm_logradouro_completo":"R CAP FAUSTINO LIMA","cd_numero_porta":"S/N","tx_complemento_endereco":null,"tx_situ_lote":"ATIVO","cd_tipo_uso_imovel":"00","dc_tipo_uso_imovel":"Terreno","cd_tipo_terreno_imovel":2,"qt_area_terreno":2994,"qt_area_construida":0}}},{"type":"Feature","geometry":{"type":"Polygon","coordinates":[[[-46.617641,-23.407438],[-46.617594,-23.40744],[-46.617589,-23.40744],[-46.617589,-23.407417],[-46.617592,-23.407358],[-46.617592,-23.407338],[-46.617597,-23.407337],[-46.617644,-23.407335],[-46.617641,-23.407438]]]},"properties":{"sqlu":"SP-003-975605","inscription":"SP-GEOSAMPA-1975605","inscricaoImobiliaria":"SP-IMO-1975605","setor":"003","quadra":"045","lote":"0008","sourceType":"OFFICIAL_IMPORT","mainAddress":"Setor Fiscal 003","zoneamento":"RESIDENCIAL","statusCadastral":"ATIVO","workflowStatus":"PENDENTE","isOfficial":true,"rawProperties":{"cd_identificador":1975605,"cd_identificador_original_lote":8821249,"cd_setor_fiscal":"003","cd_tipo_quadra":"F","tx_tipo_quadra":"FISCAL","cd_quadra_fiscal":"045","cd_subquadra_fiscal":null,"cd_condominio":"00","cd_tipo_lote":"F","tx_tipo_lote":"FISCAL","cd_lote":"0008","cd_situacao":1,"cd_digito_sql":"9","cd_logradouro":"050733","nm_logradouro_completo":"VP DOS CIENTISTAS","cd_numero_porta":"11","tx_complemento_endereco":null,"tx_situ_lote":"ATIVO","cd_tipo_uso_imovel":"10","dc_tipo_uso_imovel":"Residencial","cd_tipo_terreno_imovel":1,"qt_area_terreno":60,"qt_area_construida":40}}},{"type":"Feature","geometry":{"type":"Polygon","coordinates":[[[-46.617641,-23.407438],[-46.617638,-23.407518],[-46.617637,-23.407541],[-46.617585,-23.407543],[-46.617586,-23.407514],[-46.617589,-23.40744],[-46.617594,-23.40744],[-46.617641,-23.407438]]]},"properties":{"sqlu":"SP-003-975606","inscription":"SP-GEOSAMPA-1975606","inscricaoImobiliaria":"SP-IMO-1975606","setor":"003","quadra":"045","lote":"0007","sourceType":"OFFICIAL_IMPORT","mainAddress":"Setor Fiscal 003","zoneamento":"RESIDENCIAL","statusCadastral":"ATIVO","workflowStatus":"PENDENTE","isOfficial":true,"rawProperties":{"cd_identificador":1975606,"cd_identificador_original_lote":8821250,"cd_setor_fiscal":"003","cd_tipo_quadra":"F","tx_tipo_quadra":"FISCAL","cd_quadra_fiscal":"045","cd_subquadra_fiscal":null,"cd_condominio":"00","cd_tipo_lote":"F","tx_tipo_lote":"FISCAL","cd_lote":"0007","cd_situacao":1,"cd_digito_sql":"0","cd_logradouro":"050733","nm_logradouro_completo":"VP DOS CIENTISTAS","cd_numero_porta":"13","tx_complemento_endereco":null,"tx_situ_lote":"ATIVO","cd_tipo_uso_imovel":"10","dc_tipo_uso_imovel":"Residencial","cd_tipo_terreno_imovel":1,"qt_area_terreno":50,"qt_area_construida":40}}},{"type":"Feature","geometry":{"type":"Polygon","coordinates":[[[-46.620053,-23.400922],[-46.620078,-23.400885],[-46.620102,-23.400848],[-46.620129,-23.400807],[-46.620153,-23.400771],[-46.620176,-23.400736],[-46.620195,-23.400707],[-46.620202,-23.400695],[-46.620225,-23.400658],[-46.620327,-23.400491],[-46.620404,-23.400364],[-46.620454,-23.400281],[-46.62052,-23.400312],[-46.620538,-23.400321],[-46.62024,-23.400806],[-46.620105,-23.401009],[-46.619916,-23.401294],[-46.6199,-23.401284],[-46.619838,-23.401246],[-46.619855,-23.40122],[-46.619881,-23.401181],[-46.619908,-23.401141],[-46.619931,-23.401106],[-46.619954,-23.401071],[-46.619978,-23.401035],[-46.620005,-23.400995],[-46.620029,-23.40096],[-46.620041,-23.40094],[-46.620047,-23.400931],[-46.620053,-23.400922]]]},"properties":{"sqlu":"SP-003-975804","inscription":"SP-GEOSAMPA-1975804","inscricaoImobiliaria":"SP-IMO-1975804","setor":"003","quadra":"013","lote":"0013","sourceType":"OFFICIAL_IMPORT","mainAddress":"Setor Fiscal 003","zoneamento":"RESIDENCIAL","statusCadastral":"ATIVO","workflowStatus":"PENDENTE","isOfficial":true,"rawProperties":{"cd_identificador":1975804,"cd_identificador_original_lote":8820417,"cd_setor_fiscal":"003","cd_tipo_quadra":"F","tx_tipo_quadra":"FISCAL","cd_quadra_fiscal":"013","cd_subquadra_fiscal":null,"cd_condominio":"00","cd_tipo_lote":"F","tx_tipo_lote":"FISCAL","cd_lote":"0013","cd_situacao":1,"cd_digito_sql":"5","cd_logradouro":"168700","nm_logradouro_completo":"AV RANGEL PESTANA","cd_numero_porta":"1280","tx_complemento_endereco":null,"tx_situ_lote":"ATIVO","cd_tipo_uso_imovel":"31","dc_tipo_uso_imovel":"Não residencial","cd_tipo_terreno_imovel":1,"qt_area_terreno":1210,"qt_area_construida":2344}}},{"type":"Feature","geometry":{"type":"Polygon","coordinates":[[[-46.620053,-23.400922],[-46.620047,-23.400931],[-46.620041,-23.40094],[-46.620029,-23.40096],[-46.619897,-23.400892],[-46.61988,-23.400883],[-46.619889,-23.400868],[-46.619903,-23.400845],[-46.619993,-23.400891],[-46.620003,-23.400896],[-46.620025,-23.400907],[-46.620053,-23.400922]]]},"properties":{"sqlu":"SP-003-975805","inscription":"SP-GEOSAMPA-1975805","inscricaoImobiliaria":"SP-IMO-1975805","setor":"003","quadra":"013","lote":"0023","sourceType":"OFFICIAL_IMPORT","mainAddress":"Setor Fiscal 003","zoneamento":"RESIDENCIAL","statusCadastral":"ATIVO","workflowStatus":"PENDENTE","isOfficial":true,"rawProperties":{"cd_identificador":1975805,"cd_identificador_original_lote":8820459,"cd_setor_fiscal":"003","cd_tipo_quadra":"F","tx_tipo_quadra":"FISCAL","cd_quadra_fiscal":"013","cd_subquadra_fiscal":null,"cd_condominio":"00","cd_tipo_lote":"F","tx_tipo_lote":"FISCAL","cd_lote":"0023","cd_situacao":1,"cd_digito_sql":"2","cd_logradouro":"029769","nm_logradouro_completo":"R PROF BATISTA DE ANDRADE","cd_numero_porta":"104","tx_complemento_endereco":null,"tx_situ_lote":"ATIVO","cd_tipo_uso_imovel":"10","dc_tipo_uso_imovel":"Residencial","cd_tipo_terreno_imovel":1,"qt_area_terreno":69,"qt_area_construida":100}}},{"type":"Feature","geometry":{"type":"Polygon","coordinates":[[[-46.618141,-23.404574],[-46.618121,-23.404603],[-46.617874,-23.40446],[-46.617934,-23.404369],[-46.618143,-23.404491],[-46.618182,-23.404514],[-46.618168,-23.404535],[-46.618141,-23.404574]]]},"properties":{"sqlu":"SP-003-975817","inscription":"SP-GEOSAMPA-1975817","inscricaoImobiliaria":"SP-IMO-1975817","setor":"003","quadra":"027","lote":"0016","sourceType":"OFFICIAL_IMPORT","mainAddress":"Setor Fiscal 003","zoneamento":"RESIDENCIAL","statusCadastral":"ATIVO","workflowStatus":"PENDENTE","isOfficial":true,"rawProperties":{"cd_identificador":1975817,"cd_identificador_original_lote":8819935,"cd_setor_fiscal":"003","cd_tipo_quadra":"F","tx_tipo_quadra":"FISCAL","cd_quadra_fiscal":"027","cd_subquadra_fiscal":null,"cd_condominio":"00","cd_tipo_lote":"F","tx_tipo_lote":"FISCAL","cd_lote":"0016","cd_situacao":1,"cd_digito_sql":"1","cd_logradouro":"071951","nm_logradouro_completo":"R FLORA","cd_numero_porta":"88","tx_complemento_endereco":"92 E 94","tx_situ_lote":"ATIVO","cd_tipo_uso_imovel":"51","dc_tipo_uso_imovel":"Não residencial","cd_tipo_terreno_imovel":1,"qt_area_terreno":360,"qt_area_construida":400}}},{"type":"Feature","geometry":{"type":"Polygon","coordinates":[[[-46.617987,-23.404733],[-46.618021,-23.404751],[-46.618018,-23.404756],[-46.618,-23.404783],[-46.617969,-23.404829],[-46.617937,-23.404876],[-46.617909,-23.404917],[-46.617908,-23.40492],[-46.617893,-23.404941],[-46.617861,-23.404922],[-46.617922,-23.40483],[-46.617968,-23.404762],[-46.617987,-23.404733]]]},"properties":{"sqlu":"SP-003-975845","inscription":"SP-GEOSAMPA-1975845","inscricaoImobiliaria":"SP-IMO-1975845","setor":"003","quadra":"027","lote":"0021","sourceType":"OFFICIAL_IMPORT","mainAddress":"Setor Fiscal 003","zoneamento":"RESIDENCIAL","statusCadastral":"ATIVO","workflowStatus":"PENDENTE","isOfficial":true,"rawProperties":{"cd_identificador":1975845,"cd_identificador_original_lote":8819923,"cd_setor_fiscal":"003","cd_tipo_quadra":"F","tx_tipo_quadra":"FISCAL","cd_quadra_fiscal":"027","cd_subquadra_fiscal":null,"cd_condominio":"00","cd_tipo_lote":"F","tx_tipo_lote":"FISCAL","cd_lote":"0021","cd_situacao":1,"cd_digito_sql":"8","cd_logradouro":"071951","nm_logradouro_completo":"R FLORA","cd_numero_porta":"116","tx_complemento_endereco":"CS 4","tx_situ_lote":"ATIVO","cd_tipo_uso_imovel":"10","dc_tipo_uso_imovel":"Residencial","cd_tipo_terreno_imovel":4,"qt_area_terreno":80,"qt_area_construida":40}}},{"type":"Feature","geometry":{"type":"Polygon","coordinates":[[[-46.614989,-23.407478],[-46.615017,-23.407475],[-46.615028,-23.407474],[-46.615032,-23.407509],[-46.615044,-23.407622],[-46.615045,-23.407632],[-46.615007,-23.407636],[-46.614992,-23.407512],[-46.614989,-23.407478]]]},"properties":{"sqlu":"SP-003-975881","inscription":"SP-GEOSAMPA-1975881","inscricaoImobiliaria":"SP-IMO-1975881","setor":"003","quadra":"048","lote":"0056","sourceType":"OFFICIAL_IMPORT","mainAddress":"Setor Fiscal 003","zoneamento":"RESIDENCIAL","statusCadastral":"ATIVO","workflowStatus":"PENDENTE","isOfficial":true,"rawProperties":{"cd_identificador":1975881,"cd_identificador_original_lote":8821154,"cd_setor_fiscal":"003","cd_tipo_quadra":"F","tx_tipo_quadra":"FISCAL","cd_quadra_fiscal":"048","cd_subquadra_fiscal":null,"cd_condominio":"00","cd_tipo_lote":"F","tx_tipo_lote":"FISCAL","cd_lote":"0056","cd_situacao":1,"cd_digito_sql":"2","cd_logradouro":"443069","nm_logradouro_completo":"TV LUCIANO DE SOUSA AZEVEDO","cd_numero_porta":"3","tx_complemento_endereco":null,"tx_situ_lote":"ATIVO","cd_tipo_uso_imovel":"10","dc_tipo_uso_imovel":"Residencial","cd_tipo_terreno_imovel":1,"qt_area_terreno":120,"qt_area_construida":120}}},{"type":"Feature","geometry":{"type":"Polygon","coordinates":[[[-46.61483,-23.40507],[-46.614876,-23.405097],[-46.614717,-23.405329],[-46.61467,-23.405301],[-46.614682,-23.405284],[-46.61483,-23.40507]]]},"properties":{"sqlu":"SP-003-976123","inscription":"SP-GEOSAMPA-1976123","inscricaoImobiliaria":"SP-IMO-1976123","setor":"003","quadra":"060","lote":"0027","sourceType":"OFFICIAL_IMPORT","mainAddress":"Setor Fiscal 003","zoneamento":"RESIDENCIAL","statusCadastral":"ATIVO","workflowStatus":"PENDENTE","isOfficial":true,"rawProperties":{"cd_identificador":1976123,"cd_identificador_original_lote":8820915,"cd_setor_fiscal":"003","cd_tipo_quadra":"F","tx_tipo_quadra":"FISCAL","cd_quadra_fiscal":"060","cd_subquadra_fiscal":null,"cd_condominio":"00","cd_tipo_lote":"F","tx_tipo_lote":"FISCAL","cd_lote":"0027","cd_situacao":1,"cd_digito_sql":"1","cd_logradouro":"155241","nm_logradouro_completo":"R VISC DE PARNAIBA","cd_numero_porta":"926","tx_complemento_endereco":null,"tx_situ_lote":"ATIVO","cd_tipo_uso_imovel":"42","dc_tipo_uso_imovel":"Não residencial","cd_tipo_terreno_imovel":1,"qt_area_terreno":166,"qt_area_construida":166}}},{"type":"Feature","geometry":{"type":"Polygon","coordinates":[[[-46.62268,-23.401761],[-46.62277,-23.401601],[-46.622881,-23.401403],[-46.622977,-23.401447],[-46.622924,-23.401539],[-46.622772,-23.401803],[-46.62268,-23.401761]]]},"properties":{"sqlu":"SP-003-976247","inscription":"SP-GEOSAMPA-1976247","inscricaoImobiliaria":"SP-IMO-1976247","setor":"003","quadra":"011","lote":"0143","sourceType":"OFFICIAL_IMPORT","mainAddress":"Setor Fiscal 003","zoneamento":"RESIDENCIAL","statusCadastral":"ATIVO","workflowStatus":"PENDENTE","isOfficial":true,"rawProperties":{"cd_identificador":1976247,"cd_identificador_original_lote":8820412,"cd_setor_fiscal":"003","cd_tipo_quadra":"F","tx_tipo_quadra":"FISCAL","cd_quadra_fiscal":"011","cd_subquadra_fiscal":null,"cd_condominio":"00","cd_tipo_lote":"F","tx_tipo_lote":"FISCAL","cd_lote":"0143","cd_situacao":1,"cd_digito_sql":"4","cd_logradouro":"168700","nm_logradouro_completo":"AV RANGEL PESTANA","cd_numero_porta":"1000","tx_complemento_endereco":"1006","tx_situ_lote":"ATIVO","cd_tipo_uso_imovel":"40","dc_tipo_uso_imovel":"Não residencial","cd_tipo_terreno_imovel":3,"qt_area_terreno":515,"qt_area_construida":770}}},{"type":"Feature","geometry":{"type":"Polygon","coordinates":[[[-46.61483,-23.40507],[-46.614682,-23.405284],[-46.61467,-23.405301],[-46.614624,-23.405273],[-46.614636,-23.405256],[-46.614783,-23.405043],[-46.61483,-23.40507]]]},"properties":{"sqlu":"SP-003-976124","inscription":"SP-GEOSAMPA-1976124","inscricaoImobiliaria":"SP-IMO-1976124","setor":"003","quadra":"060","lote":"0028","sourceType":"OFFICIAL_IMPORT","mainAddress":"Setor Fiscal 003","zoneamento":"RESIDENCIAL","statusCadastral":"ATIVO","workflowStatus":"PENDENTE","isOfficial":true,"rawProperties":{"cd_identificador":1976124,"cd_identificador_original_lote":8820916,"cd_setor_fiscal":"003","cd_tipo_quadra":"F","tx_tipo_quadra":"FISCAL","cd_quadra_fiscal":"060","cd_subquadra_fiscal":null,"cd_condominio":"00","cd_tipo_lote":"F","tx_tipo_lote":"FISCAL","cd_lote":"0028","cd_situacao":1,"cd_digito_sql":"8","cd_logradouro":"155241","nm_logradouro_completo":"R VISC DE PARNAIBA","cd_numero_porta":"928","tx_complemento_endereco":null,"tx_situ_lote":"ATIVO","cd_tipo_uso_imovel":"40","dc_tipo_uso_imovel":"Não residencial","cd_tipo_terreno_imovel":1,"qt_area_terreno":172,"qt_area_construida":150}}},{"type":"Feature","geometry":{"type":"Polygon","coordinates":[[[-46.620587,-23.400724],[-46.620785,-23.400814],[-46.620995,-23.400909],[-46.620694,-23.401346],[-46.620432,-23.401726],[-46.620401,-23.401771],[-46.620153,-23.401622],[-46.620131,-23.401608],[-46.620023,-23.401543],[-46.620018,-23.401553],[-46.620004,-23.401572],[-46.61986,-23.401451],[-46.61982,-23.40143],[-46.619743,-23.401389],[-46.619748,-23.401382],[-46.619774,-23.401342],[-46.619788,-23.401322],[-46.619802,-23.401301],[-46.619827,-23.401262],[-46.619838,-23.401246],[-46.6199,-23.401284],[-46.619916,-23.401294],[-46.620105,-23.401009],[-46.62024,-23.400806],[-46.620397,-23.400893],[-46.620473,-23.400936],[-46.620486,-23.400911],[-46.620505,-23.400876],[-46.620533,-23.400824],[-46.620548,-23.400796],[-46.62057,-23.400756],[-46.620587,-23.400724]]]},"properties":{"sqlu":"SP-003-976232","inscription":"SP-GEOSAMPA-1976232","inscricaoImobiliaria":"SP-IMO-1976232","setor":"003","quadra":"013","lote":"0290","sourceType":"OFFICIAL_IMPORT","mainAddress":"Setor Fiscal 003","zoneamento":"RESIDENCIAL","statusCadastral":"ATIVO","workflowStatus":"PENDENTE","isOfficial":true,"rawProperties":{"cd_identificador":1976232,"cd_identificador_original_lote":8820465,"cd_setor_fiscal":"003","cd_tipo_quadra":"F","tx_tipo_quadra":"FISCAL","cd_quadra_fiscal":"013","cd_subquadra_fiscal":null,"cd_condominio":"00","cd_tipo_lote":"F","tx_tipo_lote":"FISCAL","cd_lote":"0290","cd_situacao":1,"cd_digito_sql":"1","cd_logradouro":"038261","nm_logradouro_completo":"R CAETANO PINTO","cd_numero_porta":"71","tx_complemento_endereco":"79 E 129","tx_situ_lote":"ATIVO","cd_tipo_uso_imovel":"50","dc_tipo_uso_imovel":"Não residencial","cd_tipo_terreno_imovel":1,"qt_area_terreno":7462,"qt_area_construida":18957}}},{"type":"Feature","geometry":{"type":"Polygon","coordinates":[[[-46.613432,-23.403547],[-46.613424,-23.40356],[-46.613346,-23.403676],[-46.613314,-23.403658],[-46.613392,-23.403542],[-46.613401,-23.403529],[-46.613404,-23.403531],[-46.613432,-23.403547]]]},"properties":{"sqlu":"SP-003-976147","inscription":"SP-GEOSAMPA-1976147","inscricaoImobiliaria":"SP-IMO-1976147","setor":"003","quadra":"044","lote":"0069","sourceType":"OFFICIAL_IMPORT","mainAddress":"Setor Fiscal 003","zoneamento":"RESIDENCIAL","statusCadastral":"ATIVO","workflowStatus":"PENDENTE","isOfficial":true,"rawProperties":{"cd_identificador":1976147,"cd_identificador_original_lote":8820993,"cd_setor_fiscal":"003","cd_tipo_quadra":"F","tx_tipo_quadra":"FISCAL","cd_quadra_fiscal":"044","cd_subquadra_fiscal":null,"cd_condominio":"00","cd_tipo_lote":"F","tx_tipo_lote":"FISCAL","cd_lote":"0069","cd_situacao":1,"cd_digito_sql":"6","cd_logradouro":"155241","nm_logradouro_completo":"R VISC DE PARNAIBA","cd_numero_porta":"1151","tx_complemento_endereco":"CS4","tx_situ_lote":"ATIVO","cd_tipo_uso_imovel":"10","dc_tipo_uso_imovel":"Residencial","cd_tipo_terreno_imovel":4,"qt_area_terreno":57,"qt_area_construida":64}}},{"type":"Feature","geometry":{"type":"Polygon","coordinates":[[[-46.616325,-23.404089],[-46.616356,-23.404045],[-46.616687,-23.40424],[-46.616655,-23.404285],[-46.616625,-23.404267],[-46.616325,-23.404089]]]},"properties":{"sqlu":"SP-003-976442","inscription":"SP-GEOSAMPA-1976442","inscricaoImobiliaria":"SP-IMO-1976442","setor":"003","quadra":"028","lote":"0074","sourceType":"OFFICIAL_IMPORT","mainAddress":"Setor Fiscal 003","zoneamento":"RESIDENCIAL","statusCadastral":"ATIVO","workflowStatus":"PENDENTE","isOfficial":true,"rawProperties":{"cd_identificador":1976442,"cd_identificador_original_lote":8820679,"cd_setor_fiscal":"003","cd_tipo_quadra":"F","tx_tipo_quadra":"FISCAL","cd_quadra_fiscal":"028","cd_subquadra_fiscal":null,"cd_condominio":"00","cd_tipo_lote":"F","tx_tipo_lote":"FISCAL","cd_lote":"0074","cd_situacao":1,"cd_digito_sql":"3","cd_logradouro":"163589","nm_logradouro_completo":"R PIRATININGA","cd_numero_porta":"588","tx_complemento_endereco":null,"tx_situ_lote":"ATIVO","cd_tipo_uso_imovel":"40","dc_tipo_uso_imovel":"Não residencial","cd_tipo_terreno_imovel":1,"qt_area_terreno":240,"qt_area_construida":460}}},{"type":"Feature","geometry":{"type":"Polygon","coordinates":[[[-46.621642,-23.40181],[-46.621613,-23.401851],[-46.621492,-23.40182],[-46.621508,-23.40177],[-46.621635,-23.401808],[-46.621642,-23.40181]]]},"properties":{"sqlu":"SP-003-976409","inscription":"SP-GEOSAMPA-1976409","inscricaoImobiliaria":"SP-IMO-1976409","setor":"003","quadra":"011","lote":"0158","sourceType":"OFFICIAL_IMPORT","mainAddress":"Setor Fiscal 003","zoneamento":"RESIDENCIAL","statusCadastral":"ATIVO","workflowStatus":"PENDENTE","isOfficial":true,"rawProperties":{"cd_identificador":1976409,"cd_identificador_original_lote":8820376,"cd_setor_fiscal":"003","cd_tipo_quadra":"F","tx_tipo_quadra":"FISCAL","cd_quadra_fiscal":"011","cd_subquadra_fiscal":null,"cd_condominio":"00","cd_tipo_lote":"F","tx_tipo_lote":"FISCAL","cd_lote":"0158","cd_situacao":1,"cd_digito_sql":"2","cd_logradouro":"044784","nm_logradouro_completo":"R CARNEIRO LEAO","cd_numero_porta":"104","tx_complemento_endereco":"108","tx_situ_lote":"ATIVO","cd_tipo_uso_imovel":"42","dc_tipo_uso_imovel":"Não residencial","cd_tipo_terreno_imovel":1,"qt_area_terreno":73,"qt_area_construida":140}}},{"type":"Feature","geometry":{"type":"Polygon","coordinates":[[[-46.626959,-23.406172],[-46.626958,-23.40618],[-46.626942,-23.40629],[-46.626907,-23.406287],[-46.626871,-23.406284],[-46.626882,-23.406175],[-46.626886,-23.406143],[-46.626898,-23.406024],[-46.626903,-23.405982],[-46.626985,-23.405996],[-46.626979,-23.406037],[-46.626959,-23.406172]]]},"properties":{"sqlu":"SP-003-976525","inscription":"SP-GEOSAMPA-1976525","inscricaoImobiliaria":"SP-IMO-1976525","setor":"003","quadra":"008","lote":"0096","sourceType":"OFFICIAL_IMPORT","mainAddress":"Setor Fiscal 003","zoneamento":"RESIDENCIAL","statusCadastral":"ATIVO","workflowStatus":"PENDENTE","isOfficial":true,"rawProperties":{"cd_identificador":1976525,"cd_identificador_original_lote":8819707,"cd_setor_fiscal":"003","cd_tipo_quadra":"F","tx_tipo_quadra":"FISCAL","cd_quadra_fiscal":"008","cd_subquadra_fiscal":null,"cd_condominio":"00","cd_tipo_lote":"F","tx_tipo_lote":"FISCAL","cd_lote":"0096","cd_situacao":1,"cd_digito_sql":"7","cd_logradouro":"185566","nm_logradouro_completo":"R TABATINGUERA","cd_numero_porta":"483","tx_complemento_endereco":null,"tx_situ_lote":"ATIVO","cd_tipo_uso_imovel":"51","dc_tipo_uso_imovel":"Não residencial","cd_tipo_terreno_imovel":3,"qt_area_terreno":249,"qt_area_construida":103}}},{"type":"Feature","geometry":{"type":"Polygon","coordinates":[[[-46.619733,-23.400687],[-46.619735,-23.400684],[-46.619752,-23.400655],[-46.619869,-23.400714],[-46.619885,-23.400723],[-46.61986,-23.400765],[-46.619844,-23.400757],[-46.619772,-23.400719],[-46.619728,-23.400697],[-46.619733,-23.400687]]]},"properties":{"sqlu":"SP-003-976345","inscription":"SP-GEOSAMPA-1976345","inscricaoImobiliaria":"SP-IMO-1976345","setor":"003","quadra":"014","lote":"0148","sourceType":"OFFICIAL_IMPORT","mainAddress":"Setor Fiscal 003","zoneamento":"RESIDENCIAL","statusCadastral":"ATIVO","workflowStatus":"PENDENTE","isOfficial":true,"rawProperties":{"cd_identificador":1976345,"cd_identificador_original_lote":8820500,"cd_setor_fiscal":"003","cd_tipo_quadra":"F","tx_tipo_quadra":"FISCAL","cd_quadra_fiscal":"014","cd_subquadra_fiscal":null,"cd_condominio":"00","cd_tipo_lote":"F","tx_tipo_lote":"FISCAL","cd_lote":"0148","cd_situacao":1,"cd_digito_sql":"9","cd_logradouro":"029769","nm_logradouro_completo":"R PROF BATISTA DE ANDRADE","cd_numero_porta":"89","tx_complemento_endereco":null,"tx_situ_lote":"ATIVO","cd_tipo_uso_imovel":"10","dc_tipo_uso_imovel":"Residencial","cd_tipo_terreno_imovel":1,"qt_area_terreno":83,"qt_area_construida":120}}},{"type":"Feature","geometry":{"type":"Polygon","coordinates":[[[-46.619733,-23.400687],[-46.619618,-23.400626],[-46.619645,-23.400581],[-46.61976,-23.400642],[-46.619752,-23.400655],[-46.619735,-23.400684],[-46.619733,-23.400687]]]},"properties":{"sqlu":"SP-003-976346","inscription":"SP-GEOSAMPA-1976346","inscricaoImobiliaria":"SP-IMO-1976346","setor":"003","quadra":"014","lote":"0201","sourceType":"OFFICIAL_IMPORT","mainAddress":"Setor Fiscal 003","zoneamento":"RESIDENCIAL","statusCadastral":"ATIVO","workflowStatus":"PENDENTE","isOfficial":true,"rawProperties":{"cd_identificador":1976346,"cd_identificador_original_lote":8820485,"cd_setor_fiscal":"003","cd_tipo_quadra":"F","tx_tipo_quadra":"FISCAL","cd_quadra_fiscal":"014","cd_subquadra_fiscal":null,"cd_condominio":"00","cd_tipo_lote":"F","tx_tipo_lote":"FISCAL","cd_lote":"0201","cd_situacao":1,"cd_digito_sql":"9","cd_logradouro":"137960","nm_logradouro_completo":"R MELO BARRETO","cd_numero_porta":"90","tx_complemento_endereco":null,"tx_situ_lote":"ATIVO","cd_tipo_uso_imovel":"40","dc_tipo_uso_imovel":"Não residencial","cd_tipo_terreno_imovel":1,"qt_area_terreno":74,"qt_area_construida":120}}},{"type":"Feature","geometry":{"type":"Polygon","coordinates":[[[-46.616764,-23.404949],[-46.616804,-23.404972],[-46.616689,-23.405136],[-46.61665,-23.405113],[-46.616764,-23.404949]]]},"properties":{"sqlu":"SP-003-976653","inscription":"SP-GEOSAMPA-1976653","inscricaoImobiliaria":"SP-IMO-1976653","setor":"003","quadra":"041","lote":"0020","sourceType":"OFFICIAL_IMPORT","mainAddress":"Setor Fiscal 003","zoneamento":"RESIDENCIAL","statusCadastral":"ATIVO","workflowStatus":"PENDENTE","isOfficial":true,"rawProperties":{"cd_identificador":1976653,"cd_identificador_original_lote":8820236,"cd_setor_fiscal":"003","cd_tipo_quadra":"F","tx_tipo_quadra":"FISCAL","cd_quadra_fiscal":"041","cd_subquadra_fiscal":null,"cd_condominio":"00","cd_tipo_lote":"F","tx_tipo_lote":"FISCAL","cd_lote":"0020","cd_situacao":1,"cd_digito_sql":"1","cd_logradouro":"154571","nm_logradouro_completo":"R PARANA","cd_numero_porta":"146","tx_complemento_endereco":"E 148","tx_situ_lote":"ATIVO","cd_tipo_uso_imovel":"42","dc_tipo_uso_imovel":"Não residencial","cd_tipo_terreno_imovel":1,"qt_area_terreno":108,"qt_area_construida":198}}},{"type":"Feature","geometry":{"type":"Polygon","coordinates":[[[-46.618483,-23.405926],[-46.618488,-23.406054],[-46.618494,-23.406182],[-46.618467,-23.406185],[-46.618448,-23.406188],[-46.618441,-23.406059],[-46.618434,-23.405931],[-46.618483,-23.405926]]]},"properties":{"sqlu":"SP-003-976418","inscription":"SP-GEOSAMPA-1976418","inscricaoImobiliaria":"SP-IMO-1976418","setor":"003","quadra":"059","lote":"0043","sourceType":"OFFICIAL_IMPORT","mainAddress":"Setor Fiscal 003","zoneamento":"RESIDENCIAL","statusCadastral":"ATIVO","workflowStatus":"PENDENTE","isOfficial":true,"rawProperties":{"cd_identificador":1976418,"cd_identificador_original_lote":8820884,"cd_setor_fiscal":"003","cd_tipo_quadra":"F","tx_tipo_quadra":"FISCAL","cd_quadra_fiscal":"059","cd_subquadra_fiscal":null,"cd_condominio":"00","cd_tipo_lote":"F","tx_tipo_lote":"FISCAL","cd_lote":"0043","cd_situacao":1,"cd_digito_sql":"9","cd_logradouro":"155241","nm_logradouro_completo":"R VISC DE PARNAIBA","cd_numero_porta":"524","tx_complemento_endereco":null,"tx_situ_lote":"ATIVO","cd_tipo_uso_imovel":"40","dc_tipo_uso_imovel":"Não residencial","cd_tipo_terreno_imovel":3,"qt_area_terreno":146,"qt_area_construida":359}}},{"type":"Feature","geometry":{"type":"Polygon","coordinates":[[[-46.615561,-23.404817],[-46.61553,-23.404859],[-46.615262,-23.4047],[-46.615095,-23.4046],[-46.615123,-23.404558],[-46.615561,-23.404817]]]},"properties":{"sqlu":"SP-003-976448","inscription":"SP-GEOSAMPA-1976448","inscricaoImobiliaria":"SP-IMO-1976448","setor":"003","quadra":"044","lote":"0113","sourceType":"OFFICIAL_IMPORT","mainAddress":"Setor Fiscal 003","zoneamento":"RESIDENCIAL","statusCadastral":"ATIVO","workflowStatus":"PENDENTE","isOfficial":true,"rawProperties":{"cd_identificador":1976448,"cd_identificador_original_lote":8820979,"cd_setor_fiscal":"003","cd_tipo_quadra":"F","tx_tipo_quadra":"FISCAL","cd_quadra_fiscal":"044","cd_subquadra_fiscal":null,"cd_condominio":"00","cd_tipo_lote":"F","tx_tipo_lote":"FISCAL","cd_lote":"0113","cd_situacao":1,"cd_digito_sql":"7","cd_logradouro":"163589","nm_logradouro_completo":"R PIRATININGA","cd_numero_porta":"703","tx_complemento_endereco":null,"tx_situ_lote":"ATIVO","cd_tipo_uso_imovel":"40","dc_tipo_uso_imovel":"Não residencial","cd_tipo_terreno_imovel":1,"qt_area_terreno":294,"qt_area_construida":200}}},{"type":"Feature","geometry":{"type":"Polygon","coordinates":[[[-46.615714,-23.405455],[-46.61563,-23.405405],[-46.615477,-23.405313],[-46.615471,-23.405279],[-46.615554,-23.405164],[-46.615617,-23.405076],[-46.615794,-23.405178],[-46.615879,-23.405227],[-46.615866,-23.405247],[-46.615859,-23.405256],[-46.615854,-23.405263],[-46.615837,-23.405287],[-46.615802,-23.405334],[-46.615783,-23.405361],[-46.615766,-23.405384],[-46.615764,-23.405386],[-46.615714,-23.405455]]]},"properties":{"sqlu":"SP-003-976795","inscription":"SP-GEOSAMPA-1976795","inscricaoImobiliaria":"SP-IMO-1976795","setor":"003","quadra":"041","lote":"0000","sourceType":"OFFICIAL_IMPORT","mainAddress":"Setor Fiscal 003","zoneamento":"RESIDENCIAL","statusCadastral":"ATIVO","workflowStatus":"PENDENTE","isOfficial":true,"rawProperties":{"cd_identificador":1976795,"cd_identificador_original_lote":8820164,"cd_setor_fiscal":"003","cd_tipo_quadra":"F","tx_tipo_quadra":"FISCAL","cd_quadra_fiscal":"041","cd_subquadra_fiscal":null,"cd_condominio":"04","cd_tipo_lote":"F","tx_tipo_lote":"FISCAL","cd_lote":"0000","cd_situacao":1,"cd_digito_sql":null,"cd_logradouro":"155241","nm_logradouro_completo":"R VISC DE PARNAIBA","cd_numero_porta":"833","tx_complemento_endereco":null,"tx_situ_lote":null,"cd_tipo_uso_imovel":"XX","dc_tipo_uso_imovel":"Condomínio","cd_tipo_terreno_imovel":99,"qt_area_terreno":942,"qt_area_construida":null}}},{"type":"Feature","geometry":{"type":"Polygon","coordinates":[[[-46.622958,-23.405173],[-46.622959,-23.40518],[-46.622997,-23.405358],[-46.622958,-23.405361],[-46.62292,-23.405182],[-46.622919,-23.405176],[-46.622958,-23.405173]]]},"properties":{"sqlu":"SP-003-976689","inscription":"SP-GEOSAMPA-1976689","inscricaoImobiliaria":"SP-IMO-1976689","setor":"003","quadra":"021","lote":"0030","sourceType":"OFFICIAL_IMPORT","mainAddress":"Setor Fiscal 003","zoneamento":"RESIDENCIAL","statusCadastral":"ATIVO","workflowStatus":"PENDENTE","isOfficial":true,"rawProperties":{"cd_identificador":1976689,"cd_identificador_original_lote":8821412,"cd_setor_fiscal":"003","cd_tipo_quadra":"F","tx_tipo_quadra":"FISCAL","cd_quadra_fiscal":"021","cd_subquadra_fiscal":null,"cd_condominio":"00","cd_tipo_lote":"F","tx_tipo_lote":"FISCAL","cd_lote":"0030","cd_situacao":1,"cd_digito_sql":"1","cd_logradouro":"155241","nm_logradouro_completo":"R VISC DE PARNAIBA","cd_numero_porta":"61","tx_complemento_endereco":"E 63","tx_situ_lote":"ATIVO","cd_tipo_uso_imovel":"43","dc_tipo_uso_imovel":"Não residencial","cd_tipo_terreno_imovel":1,"qt_area_terreno":125,"qt_area_construida":250}}},{"type":"Feature","geometry":{"type":"Polygon","coordinates":[[[-46.622958,-23.405173],[-46.622997,-23.40517],[-46.622999,-23.405178],[-46.623036,-23.405354],[-46.622997,-23.405358],[-46.622959,-23.40518],[-46.622958,-23.405173]]]},"properties":{"sqlu":"SP-003-976688","inscription":"SP-GEOSAMPA-1976688","inscricaoImobiliaria":"SP-IMO-1976688","setor":"003","quadra":"021","lote":"0031","sourceType":"OFFICIAL_IMPORT","mainAddress":"Setor Fiscal 003","zoneamento":"RESIDENCIAL","statusCadastral":"ATIVO","workflowStatus":"PENDENTE","isOfficial":true,"rawProperties":{"cd_identificador":1976688,"cd_identificador_original_lote":8821408,"cd_setor_fiscal":"003","cd_tipo_quadra":"F","tx_tipo_quadra":"FISCAL","cd_quadra_fiscal":"021","cd_subquadra_fiscal":null,"cd_condominio":"00","cd_tipo_lote":"F","tx_tipo_lote":"FISCAL","cd_lote":"0031","cd_situacao":1,"cd_digito_sql":"8","cd_logradouro":"155241","nm_logradouro_completo":"R VISC DE PARNAIBA","cd_numero_porta":"55","tx_complemento_endereco":"E 59","tx_situ_lote":"ATIVO","cd_tipo_uso_imovel":"43","dc_tipo_uso_imovel":"Não residencial","cd_tipo_terreno_imovel":1,"qt_area_terreno":136,"qt_area_construida":272}}},{"type":"Feature","geometry":{"type":"Polygon","coordinates":[[[-46.628824,-23.405055],[-46.628808,-23.405003],[-46.628589,-23.404923],[-46.628666,-23.404769],[-46.628721,-23.404661],[-46.628751,-23.404657],[-46.629051,-23.404788],[-46.629194,-23.40485],[-46.629156,-23.404934],[-46.629216,-23.404959],[-46.629225,-23.404956],[-46.629232,-23.404955],[-46.629239,-23.404953],[-46.629246,-23.404952],[-46.629254,-23.404951],[-46.629261,-23.404951],[-46.629268,-23.40495],[-46.629275,-23.40495],[-46.629283,-23.404951],[-46.62929,-23.404951],[-46.629297,-23.404952],[-46.629304,-23.404953],[-46.629311,-23.404954],[-46.629318,-23.404955],[-46.629325,-23.404957],[-46.629332,-23.404959],[-46.629339,-23.404961],[-46.629346,-23.404963],[-46.629353,-23.404966],[-46.629359,-23.404968],[-46.629366,-23.404971],[-46.629372,-23.404975],[-46.629378,-23.404978],[-46.629385,-23.404982],[-46.629391,-23.404986],[-46.629396,-23.40499],[-46.629402,-23.404994],[-46.629407,-23.404998],[-46.629413,-23.405003],[-46.629418,-23.405008],[-46.629423,-23.405013],[-46.629427,-23.405018],[-46.629432,-23.405023],[-46.629436,-23.405028],[-46.62944,-23.405034],[-46.629444,-23.40504],[-46.629448,-23.405046],[-46.629451,-23.405051],[-46.629454,-23.405057],[-46.629457,-23.405064],[-46.62946,-23.40507],[-46.629462,-23.405076],[-46.629464,-23.405083],[-46.629466,-23.405089],[-46.629468,-23.405095],[-46.629469,-23.405102],[-46.62947,-23.405109],[-46.629471,-23.405115],[-46.629473,-23.405119],[-46.62924,-23.405375],[-46.628986,-23.40518],[-46.628882,-23.4051],[-46.628824,-23.405055]]]},"properties":{"sqlu":"SP-003-976700","inscription":"SP-GEOSAMPA-1976700","inscricaoImobiliaria":"SP-IMO-1976700","setor":"003","quadra":"003","lote":"0001","sourceType":"OFFICIAL_IMPORT","mainAddress":"Setor Fiscal 003","zoneamento":"RESIDENCIAL","statusCadastral":"ATIVO","workflowStatus":"PENDENTE","isOfficial":true,"rawProperties":{"cd_identificador":1976700,"cd_identificador_original_lote":8820735,"cd_setor_fiscal":"003","cd_tipo_quadra":"F","tx_tipo_quadra":"FISCAL","cd_quadra_fiscal":"003","cd_subquadra_fiscal":null,"cd_condominio":"00","cd_tipo_lote":"M","tx_tipo_lote":"MUNICIPAL","cd_lote":"0001","cd_situacao":1,"cd_digito_sql":null,"cd_logradouro":null,"nm_logradouro_completo":null,"cd_numero_porta":null,"tx_complemento_endereco":null,"tx_situ_lote":null,"cd_tipo_uso_imovel":null,"dc_tipo_uso_imovel":null,"cd_tipo_terreno_imovel":null,"qt_area_terreno":null,"qt_area_construida":null}}},{"type":"Feature","geometry":{"type":"Polygon","coordinates":[[[-46.626574,-23.40611],[-46.62654,-23.406099],[-46.626535,-23.406098],[-46.626538,-23.406093],[-46.626523,-23.406085],[-46.626533,-23.406025],[-46.626534,-23.40602],[-46.626537,-23.406007],[-46.626557,-23.405925],[-46.626606,-23.405933],[-46.626574,-23.40611]]]},"properties":{"sqlu":"SP-003-977235","inscription":"SP-GEOSAMPA-1977235","inscricaoImobiliaria":"SP-IMO-1977235","setor":"003","quadra":"008","lote":"0027","sourceType":"OFFICIAL_IMPORT","mainAddress":"Setor Fiscal 003","zoneamento":"RESIDENCIAL","statusCadastral":"ATIVO","workflowStatus":"PENDENTE","isOfficial":true,"rawProperties":{"cd_identificador":1977235,"cd_identificador_original_lote":8819693,"cd_setor_fiscal":"003","cd_tipo_quadra":"F","tx_tipo_quadra":"FISCAL","cd_quadra_fiscal":"008","cd_subquadra_fiscal":null,"cd_condominio":"00","cd_tipo_lote":"F","tx_tipo_lote":"FISCAL","cd_lote":"0027","cd_situacao":1,"cd_digito_sql":"4","cd_logradouro":"146269","nm_logradouro_completo":"R NIOAC","cd_numero_porta":"122","tx_complemento_endereco":null,"tx_situ_lote":"ATIVO","cd_tipo_uso_imovel":"10","dc_tipo_uso_imovel":"Residencial","cd_tipo_terreno_imovel":1,"qt_area_terreno":110,"qt_area_construida":160}}},{"type":"Feature","geometry":{"type":"Polygon","coordinates":[[[-46.630031,-23.405517],[-46.629952,-23.405599],[-46.629896,-23.405555],[-46.629889,-23.40555],[-46.629877,-23.40554],[-46.629872,-23.405536],[-46.629781,-23.405465],[-46.629795,-23.405448],[-46.629803,-23.405439],[-46.629829,-23.405408],[-46.629849,-23.405385],[-46.62995,-23.405458],[-46.630013,-23.405504],[-46.630031,-23.405517]]]},"properties":{"sqlu":"SP-003-977226","inscription":"SP-GEOSAMPA-1977226","inscricaoImobiliaria":"SP-IMO-1977226","setor":"003","quadra":"001","lote":"0000","sourceType":"OFFICIAL_IMPORT","mainAddress":"Setor Fiscal 003","zoneamento":"RESIDENCIAL","statusCadastral":"ATIVO","workflowStatus":"PENDENTE","isOfficial":true,"rawProperties":{"cd_identificador":1977226,"cd_identificador_original_lote":8821450,"cd_setor_fiscal":"003","cd_tipo_quadra":"F","tx_tipo_quadra":"FISCAL","cd_quadra_fiscal":"001","cd_subquadra_fiscal":null,"cd_condominio":"02","cd_tipo_lote":"F","tx_tipo_lote":"FISCAL","cd_lote":"0000","cd_situacao":1,"cd_digito_sql":null,"cd_logradouro":"182109","nm_logradouro_completo":"R SILVEIRA MARTINS","cd_numero_porta":"33 37 41","tx_complemento_endereco":null,"tx_situ_lote":null,"cd_tipo_uso_imovel":"XX","dc_tipo_uso_imovel":"Condomínio","cd_tipo_terreno_imovel":99,"qt_area_terreno":306,"qt_area_construida":null}}},{"type":"Feature","geometry":{"type":"Polygon","coordinates":[[[-46.620812,-23.405054],[-46.620799,-23.404975],[-46.620824,-23.404949],[-46.621101,-23.404946],[-46.621115,-23.405028],[-46.621117,-23.405043],[-46.621079,-23.405044],[-46.620812,-23.405054]]]},"properties":{"sqlu":"SP-003-977304","inscription":"SP-GEOSAMPA-1977304","inscricaoImobiliaria":"SP-IMO-1977304","setor":"003","quadra":"022","lote":"0000","sourceType":"OFFICIAL_IMPORT","mainAddress":"Setor Fiscal 003","zoneamento":"RESIDENCIAL","statusCadastral":"ATIVO","workflowStatus":"PENDENTE","isOfficial":true,"rawProperties":{"cd_identificador":1977304,"cd_identificador_original_lote":8820716,"cd_setor_fiscal":"003","cd_tipo_quadra":"F","tx_tipo_quadra":"FISCAL","cd_quadra_fiscal":"022","cd_subquadra_fiscal":null,"cd_condominio":"03","cd_tipo_lote":"F","tx_tipo_lote":"FISCAL","cd_lote":"0000","cd_situacao":1,"cd_digito_sql":null,"cd_logradouro":"026670","nm_logradouro_completo":"R AZEVEDO JUNIOR","cd_numero_porta":"260 278","tx_complemento_endereco":null,"tx_situ_lote":null,"cd_tipo_uso_imovel":"XX","dc_tipo_uso_imovel":"Condomínio","cd_tipo_terreno_imovel":99,"qt_area_terreno":300,"qt_area_construida":null}}},{"type":"Feature","geometry":{"type":"Polygon","coordinates":[[[-46.617328,-23.400861],[-46.617369,-23.400806],[-46.617677,-23.400998],[-46.617927,-23.401155],[-46.618096,-23.401262],[-46.618054,-23.401322],[-46.617939,-23.401249],[-46.617887,-23.401216],[-46.617328,-23.400861]]]},"properties":{"sqlu":"SP-003-977221","inscription":"SP-GEOSAMPA-1977221","inscricaoImobiliaria":"SP-IMO-1977221","setor":"003","quadra":"020","lote":"0106","sourceType":"OFFICIAL_IMPORT","mainAddress":"Setor Fiscal 003","zoneamento":"RESIDENCIAL","statusCadastral":"ATIVO","workflowStatus":"PENDENTE","isOfficial":true,"rawProperties":{"cd_identificador":1977221,"cd_identificador_original_lote":8821354,"cd_setor_fiscal":"003","cd_tipo_quadra":"F","tx_tipo_quadra":"FISCAL","cd_quadra_fiscal":"020","cd_subquadra_fiscal":null,"cd_condominio":"00","cd_tipo_lote":"F","tx_tipo_lote":"FISCAL","cd_lote":"0106","cd_situacao":1,"cd_digito_sql":"9","cd_logradouro":"163589","nm_logradouro_completo":"R PIRATININGA","cd_numero_porta":"231","tx_complemento_endereco":"235","tx_situ_lote":"ATIVO","cd_tipo_uso_imovel":"40","dc_tipo_uso_imovel":"Não residencial","cd_tipo_terreno_imovel":2,"qt_area_terreno":714,"qt_area_construida":877}}},{"type":"Feature","geometry":{"type":"Polygon","coordinates":[[[-46.618881,-23.405145],[-46.618917,-23.40514],[-46.618916,-23.405168],[-46.618912,-23.405299],[-46.618877,-23.405299],[-46.61888,-23.405197],[-46.618881,-23.405145]]]},"properties":{"sqlu":"SP-003-977386","inscription":"SP-GEOSAMPA-1977386","inscricaoImobiliaria":"SP-IMO-1977386","setor":"003","quadra":"019","lote":"0078","sourceType":"OFFICIAL_IMPORT","mainAddress":"Setor Fiscal 003","zoneamento":"RESIDENCIAL","statusCadastral":"ATIVO","workflowStatus":"PENDENTE","isOfficial":true,"rawProperties":{"cd_identificador":1977386,"cd_identificador_original_lote":8819780,"cd_setor_fiscal":"003","cd_tipo_quadra":"F","tx_tipo_quadra":"FISCAL","cd_quadra_fiscal":"019","cd_subquadra_fiscal":null,"cd_condominio":"00","cd_tipo_lote":"F","tx_tipo_lote":"FISCAL","cd_lote":"0078","cd_situacao":1,"cd_digito_sql":"7","cd_logradouro":"155241","nm_logradouro_completo":"R VISC DE PARNAIBA","cd_numero_porta":"485","tx_complemento_endereco":"CS 9","tx_situ_lote":"ATIVO","cd_tipo_uso_imovel":"10","dc_tipo_uso_imovel":"Residencial","cd_tipo_terreno_imovel":4,"qt_area_terreno":52,"qt_area_construida":135}}},{"type":"Feature","geometry":{"type":"Polygon","coordinates":[[[-46.619643,-23.401937],[-46.619692,-23.401864],[-46.620144,-23.402144],[-46.620091,-23.40222],[-46.619688,-23.401965],[-46.619676,-23.401958],[-46.619643,-23.401937]]]},"properties":{"sqlu":"SP-003-977317","inscription":"SP-GEOSAMPA-1977317","inscricaoImobiliaria":"SP-IMO-1977317","setor":"003","quadra":"013","lote":"0208","sourceType":"OFFICIAL_IMPORT","mainAddress":"Setor Fiscal 003","zoneamento":"RESIDENCIAL","statusCadastral":"ATIVO","workflowStatus":"PENDENTE","isOfficial":true,"rawProperties":{"cd_identificador":1977317,"cd_identificador_original_lote":8820472,"cd_setor_fiscal":"003","cd_tipo_quadra":"F","tx_tipo_quadra":"FISCAL","cd_quadra_fiscal":"013","cd_subquadra_fiscal":null,"cd_condominio":"00","cd_tipo_lote":"F","tx_tipo_lote":"FISCAL","cd_lote":"0208","cd_situacao":1,"cd_digito_sql":"1","cd_logradouro":"038261","nm_logradouro_completo":"R CAETANO PINTO","cd_numero_porta":"225","tx_complemento_endereco":null,"tx_situ_lote":"ATIVO","cd_tipo_uso_imovel":"40","dc_tipo_uso_imovel":"Não residencial","cd_tipo_terreno_imovel":1,"qt_area_terreno":600,"qt_area_construida":537}}},{"type":"Feature","geometry":{"type":"Polygon","coordinates":[[[-46.620938,-23.407456],[-46.620934,-23.407415],[-46.620932,-23.407393],[-46.621041,-23.407384],[-46.621088,-23.407381],[-46.621102,-23.40746],[-46.621008,-23.407467],[-46.620939,-23.407473],[-46.620938,-23.407456]]]},"properties":{"sqlu":"SP-003-977318","inscription":"SP-GEOSAMPA-1977318","inscricaoImobiliaria":"SP-IMO-1977318","setor":"003","quadra":"055","lote":"0045","sourceType":"OFFICIAL_IMPORT","mainAddress":"Setor Fiscal 003","zoneamento":"RESIDENCIAL","statusCadastral":"ATIVO","workflowStatus":"PENDENTE","isOfficial":true,"rawProperties":{"cd_identificador":1977318,"cd_identificador_original_lote":8820837,"cd_setor_fiscal":"003","cd_tipo_quadra":"F","tx_tipo_quadra":"FISCAL","cd_quadra_fiscal":"055","cd_subquadra_fiscal":null,"cd_condominio":"00","cd_tipo_lote":"F","tx_tipo_lote":"FISCAL","cd_lote":"0045","cd_situacao":1,"cd_digito_sql":"7","cd_logradouro":"044784","nm_logradouro_completo":"R CARNEIRO LEAO","cd_numero_porta":"751","tx_complemento_endereco":null,"tx_situ_lote":"ATIVO","cd_tipo_uso_imovel":"42","dc_tipo_uso_imovel":"Não residencial","cd_tipo_terreno_imovel":1,"qt_area_terreno":134,"qt_area_construida":130}}},{"type":"Feature","geometry":{"type":"Polygon","coordinates":[[[-46.627117,-23.406014],[-46.627179,-23.406022],[-46.627167,-23.406101],[-46.627163,-23.406131],[-46.627159,-23.406154],[-46.627152,-23.406153],[-46.627093,-23.406144],[-46.627098,-23.406119],[-46.627102,-23.406095],[-46.627117,-23.406014]]]},"properties":{"sqlu":"SP-003-977689","inscription":"SP-GEOSAMPA-1977689","inscricaoImobiliaria":"SP-IMO-1977689","setor":"003","quadra":"008","lote":"0036","sourceType":"OFFICIAL_IMPORT","mainAddress":"Setor Fiscal 003","zoneamento":"RESIDENCIAL","statusCadastral":"ATIVO","workflowStatus":"PENDENTE","isOfficial":true,"rawProperties":{"cd_identificador":1977689,"cd_identificador_original_lote":8819685,"cd_setor_fiscal":"003","cd_tipo_quadra":"F","tx_tipo_quadra":"FISCAL","cd_quadra_fiscal":"008","cd_subquadra_fiscal":null,"cd_condominio":"00","cd_tipo_lote":"F","tx_tipo_lote":"FISCAL","cd_lote":"0036","cd_situacao":1,"cd_digito_sql":"3","cd_logradouro":"146269","nm_logradouro_completo":"R NIOAC","cd_numero_porta":"66","tx_complemento_endereco":"E 68","tx_situ_lote":"ATIVO","cd_tipo_uso_imovel":"40","dc_tipo_uso_imovel":"Não residencial","cd_tipo_terreno_imovel":1,"qt_area_terreno":75,"qt_area_construida":120}}},{"type":"Feature","geometry":{"type":"Polygon","coordinates":[[[-46.616646,-23.398538],[-46.616589,-23.398502],[-46.61657,-23.398491],[-46.616755,-23.398247],[-46.616815,-23.398284],[-46.616712,-23.398423],[-46.616723,-23.39843],[-46.616656,-23.398523],[-46.616646,-23.398538]]]},"properties":{"sqlu":"SP-003-977730","inscription":"SP-GEOSAMPA-1977730","inscricaoImobiliaria":"SP-IMO-1977730","setor":"003","quadra":"016","lote":"0010","sourceType":"OFFICIAL_IMPORT","mainAddress":"Setor Fiscal 003","zoneamento":"RESIDENCIAL","statusCadastral":"ATIVO","workflowStatus":"PENDENTE","isOfficial":true,"rawProperties":{"cd_identificador":1977730,"cd_identificador_original_lote":8820615,"cd_setor_fiscal":"003","cd_tipo_quadra":"F","tx_tipo_quadra":"FISCAL","cd_quadra_fiscal":"016","cd_subquadra_fiscal":null,"cd_condominio":"00","cd_tipo_lote":"F","tx_tipo_lote":"FISCAL","cd_lote":"0010","cd_situacao":1,"cd_digito_sql":"4","cd_logradouro":"168700","nm_logradouro_completo":"AV RANGEL PESTANA","cd_numero_porta":"1718","tx_complemento_endereco":null,"tx_situ_lote":"ATIVO","cd_tipo_uso_imovel":"40","dc_tipo_uso_imovel":"Não residencial","cd_tipo_terreno_imovel":1,"qt_area_terreno":212,"qt_area_construida":386}}},{"type":"Feature","geometry":{"type":"Polygon","coordinates":[[[-46.620346,-23.40212],[-46.620368,-23.402087],[-46.62039,-23.402055],[-46.620408,-23.40203],[-46.620566,-23.402145],[-46.620655,-23.402211],[-46.620719,-23.402257],[-46.620751,-23.402281],[-46.62076,-23.402285],[-46.620735,-23.402318],[-46.62071,-23.402351],[-46.6207,-23.402363],[-46.620688,-23.402355],[-46.620603,-23.402297],[-46.62054,-23.402253],[-46.620501,-23.402227],[-46.62044,-23.402185],[-46.620385,-23.402147],[-46.620346,-23.40212]]]},"properties":{"sqlu":"SP-003-977551","inscription":"SP-GEOSAMPA-1977551","inscricaoImobiliaria":"SP-IMO-1977551","setor":"003","quadra":"019","lote":"0016","sourceType":"OFFICIAL_IMPORT","mainAddress":"Setor Fiscal 003","zoneamento":"RESIDENCIAL","statusCadastral":"ATIVO","workflowStatus":"PENDENTE","isOfficial":true,"rawProperties":{"cd_identificador":1977551,"cd_identificador_original_lote":8819839,"cd_setor_fiscal":"003","cd_tipo_quadra":"F","tx_tipo_quadra":"FISCAL","cd_quadra_fiscal":"019","cd_subquadra_fiscal":null,"cd_condominio":"00","cd_tipo_lote":"F","tx_tipo_lote":"FISCAL","cd_lote":"0016","cd_situacao":1,"cd_digito_sql":"7","cd_logradouro":"038261","nm_logradouro_completo":"R CAETANO PINTO","cd_numero_porta":"200","tx_complemento_endereco":null,"tx_situ_lote":"ATIVO","cd_tipo_uso_imovel":"00","dc_tipo_uso_imovel":"Terreno","cd_tipo_terreno_imovel":1,"qt_area_terreno":531,"qt_area_construida":0}}},{"type":"Feature","geometry":{"type":"Polygon","coordinates":[[[-46.618072,-23.404676],[-46.618063,-23.404671],[-46.617826,-23.404533],[-46.617874,-23.40446],[-46.618121,-23.404603],[-46.618112,-23.404616],[-46.618103,-23.40463],[-46.618094,-23.404643],[-46.618072,-23.404676]]]},"properties":{"sqlu":"SP-003-978117","inscription":"SP-GEOSAMPA-1978117","inscricaoImobiliaria":"SP-IMO-1978117","setor":"003","quadra":"027","lote":"0068","sourceType":"OFFICIAL_IMPORT","mainAddress":"Setor Fiscal 003","zoneamento":"RESIDENCIAL","statusCadastral":"ATIVO","workflowStatus":"PENDENTE","isOfficial":true,"rawProperties":{"cd_identificador":1978117,"cd_identificador_original_lote":8819955,"cd_setor_fiscal":"003","cd_tipo_quadra":"F","tx_tipo_quadra":"FISCAL","cd_quadra_fiscal":"027","cd_subquadra_fiscal":null,"cd_condominio":"00","cd_tipo_lote":"F","tx_tipo_lote":"FISCAL","cd_lote":"0068","cd_situacao":1,"cd_digito_sql":"4","cd_logradouro":"071951","nm_logradouro_completo":"R FLORA","cd_numero_porta":"98","tx_complemento_endereco":null,"tx_situ_lote":"ATIVO","cd_tipo_uso_imovel":"51","dc_tipo_uso_imovel":"Não residencial","cd_tipo_terreno_imovel":1,"qt_area_terreno":272,"qt_area_construida":300}}},{"type":"Feature","geometry":{"type":"Polygon","coordinates":[[[-46.614209,-23.408016],[-46.614137,-23.408022],[-46.614115,-23.407806],[-46.614101,-23.407807],[-46.614097,-23.407763],[-46.61418,-23.407755],[-46.614209,-23.408016]]]},"properties":{"sqlu":"SP-003-977521","inscription":"SP-GEOSAMPA-1977521","inscricaoImobiliaria":"SP-IMO-1977521","setor":"003","quadra":"048","lote":"0026","sourceType":"OFFICIAL_IMPORT","mainAddress":"Setor Fiscal 003","zoneamento":"RESIDENCIAL","statusCadastral":"ATIVO","workflowStatus":"PENDENTE","isOfficial":true,"rawProperties":{"cd_identificador":1977521,"cd_identificador_original_lote":8821121,"cd_setor_fiscal":"003","cd_tipo_quadra":"F","tx_tipo_quadra":"FISCAL","cd_quadra_fiscal":"048","cd_subquadra_fiscal":null,"cd_condominio":"00","cd_tipo_lote":"F","tx_tipo_lote":"FISCAL","cd_lote":"0026","cd_situacao":1,"cd_digito_sql":"0","cd_logradouro":"142131","nm_logradouro_completo":"R DA MOOCA","cd_numero_porta":"993","tx_complemento_endereco":null,"tx_situ_lote":"ATIVO","cd_tipo_uso_imovel":"40","dc_tipo_uso_imovel":"Não residencial","cd_tipo_terreno_imovel":1,"qt_area_terreno":144,"qt_area_construida":144}}},{"type":"Feature","geometry":{"type":"Polygon","coordinates":[[[-46.618792,-23.401823],[-46.618666,-23.401748],[-46.618708,-23.401687],[-46.618831,-23.401757],[-46.618792,-23.401823]]]},"properties":{"sqlu":"SP-003-977614","inscription":"SP-GEOSAMPA-1977614","inscricaoImobiliaria":"SP-IMO-1977614","setor":"003","quadra":"014","lote":"0482","sourceType":"OFFICIAL_IMPORT","mainAddress":"Setor Fiscal 003","zoneamento":"RESIDENCIAL","statusCadastral":"ATIVO","workflowStatus":"PENDENTE","isOfficial":true,"rawProperties":{"cd_identificador":1977614,"cd_identificador_original_lote":8820593,"cd_setor_fiscal":"003","cd_tipo_quadra":"F","tx_tipo_quadra":"FISCAL","cd_quadra_fiscal":"014","cd_subquadra_fiscal":null,"cd_condominio":"00","cd_tipo_lote":"F","tx_tipo_lote":"FISCAL","cd_lote":"0482","cd_situacao":1,"cd_digito_sql":"8","cd_logradouro":"137960","nm_logradouro_completo":"R MELO BARRETO","cd_numero_porta":"229","tx_complemento_endereco":null,"tx_situ_lote":"ATIVO","cd_tipo_uso_imovel":"40","dc_tipo_uso_imovel":"Não residencial","cd_tipo_terreno_imovel":1,"qt_area_terreno":143,"qt_area_construida":144}}},{"type":"Feature","geometry":{"type":"Polygon","coordinates":[[[-46.628059,-23.403739],[-46.628021,-23.403822],[-46.627965,-23.403944],[-46.627928,-23.404023],[-46.627896,-23.404009],[-46.627763,-23.403951],[-46.627723,-23.403931],[-46.627705,-23.403916],[-46.627692,-23.4039],[-46.62768,-23.403877],[-46.627674,-23.40386],[-46.627671,-23.403833],[-46.627672,-23.403811],[-46.627678,-23.40379],[-46.627687,-23.403765],[-46.627703,-23.403746],[-46.627716,-23.403732],[-46.62774,-23.403712],[-46.627763,-23.403701],[-46.62779,-23.403694],[-46.627811,-23.40369],[-46.62785,-23.403689],[-46.627895,-23.403693],[-46.627982,-23.403708],[-46.628059,-23.403739]]]},"properties":{"sqlu":"SP-003-977782","inscription":"SP-GEOSAMPA-1977782","inscricaoImobiliaria":"SP-IMO-1977782","setor":"003","quadra":"004","lote":"0000","sourceType":"OFFICIAL_IMPORT","mainAddress":"Setor Fiscal 003","zoneamento":"RESIDENCIAL","statusCadastral":"ATIVO","workflowStatus":"PENDENTE","isOfficial":true,"rawProperties":{"cd_identificador":1977782,"cd_identificador_original_lote":8820779,"cd_setor_fiscal":"003","cd_tipo_quadra":"F","tx_tipo_quadra":"FISCAL","cd_quadra_fiscal":"004","cd_subquadra_fiscal":null,"cd_condominio":"01","cd_tipo_lote":"F","tx_tipo_lote":"FISCAL","cd_lote":"0000","cd_situacao":1,"cd_digito_sql":null,"cd_logradouro":"159840","nm_logradouro_completo":"PQ DOM PEDRO II","cd_numero_porta":"1092","tx_complemento_endereco":null,"tx_situ_lote":null,"cd_tipo_uso_imovel":"XX","dc_tipo_uso_imovel":"Condomínio","cd_tipo_terreno_imovel":99,"qt_area_terreno":708,"qt_area_construida":null}}},{"type":"Feature","geometry":{"type":"Polygon","coordinates":[[[-46.610561,-23.408086],[-46.610595,-23.408299],[-46.610488,-23.408308],[-46.610463,-23.408133],[-46.610456,-23.408087],[-46.610421,-23.407865],[-46.610416,-23.407832],[-46.61039,-23.407653],[-46.610382,-23.407601],[-46.610375,-23.407549],[-46.610362,-23.407459],[-46.610371,-23.407458],[-46.610366,-23.407421],[-46.610455,-23.40741],[-46.610461,-23.407448],[-46.610465,-23.407473],[-46.610469,-23.407499],[-46.610483,-23.407588],[-46.610489,-23.407622],[-46.610497,-23.407677],[-46.610511,-23.407766],[-46.610521,-23.407826],[-46.610525,-23.407855],[-46.610543,-23.407971],[-46.61056,-23.408076],[-46.610561,-23.408086]]]},"properties":{"sqlu":"SP-003-977933","inscription":"SP-GEOSAMPA-1977933","inscricaoImobiliaria":"SP-IMO-1977933","setor":"003","quadra":"061","lote":"0228","sourceType":"OFFICIAL_IMPORT","mainAddress":"Setor Fiscal 003","zoneamento":"RESIDENCIAL","statusCadastral":"ATIVO","workflowStatus":"PENDENTE","isOfficial":true,"rawProperties":{"cd_identificador":1977933,"cd_identificador_original_lote":8821186,"cd_setor_fiscal":"003","cd_tipo_quadra":"F","tx_tipo_quadra":"FISCAL","cd_quadra_fiscal":"061","cd_subquadra_fiscal":null,"cd_condominio":"00","cd_tipo_lote":"F","tx_tipo_lote":"FISCAL","cd_lote":"0228","cd_situacao":1,"cd_digito_sql":"5","cd_logradouro":"142131","nm_logradouro_completo":"R DA MOOCA","cd_numero_porta":"1375","tx_complemento_endereco":null,"tx_situ_lote":"ATIVO","cd_tipo_uso_imovel":"91","dc_tipo_uso_imovel":null,"cd_tipo_terreno_imovel":1,"qt_area_terreno":265,"qt_area_construida":168}}},{"type":"Feature","geometry":{"type":"Polygon","coordinates":[[[-46.622639,-23.406508],[-46.622697,-23.406772],[-46.622649,-23.406776],[-46.622592,-23.406512],[-46.622639,-23.406508]]]},"properties":{"sqlu":"SP-003-977819","inscription":"SP-GEOSAMPA-1977819","inscricaoImobiliaria":"SP-IMO-1977819","setor":"003","quadra":"033","lote":"0010","sourceType":"OFFICIAL_IMPORT","mainAddress":"Setor Fiscal 003","zoneamento":"RESIDENCIAL","statusCadastral":"ATIVO","workflowStatus":"PENDENTE","isOfficial":true,"rawProperties":{"cd_identificador":1977819,"cd_identificador_original_lote":8821199,"cd_setor_fiscal":"003","cd_tipo_quadra":"F","tx_tipo_quadra":"FISCAL","cd_quadra_fiscal":"033","cd_subquadra_fiscal":null,"cd_condominio":"00","cd_tipo_lote":"F","tx_tipo_lote":"FISCAL","cd_lote":"0010","cd_situacao":1,"cd_digito_sql":"8","cd_logradouro":"032425","nm_logradouro_completo":"R CEL BENTO PIRES","cd_numero_porta":"107","tx_complemento_endereco":null,"tx_situ_lote":"ATIVO","cd_tipo_uso_imovel":"40","dc_tipo_uso_imovel":"Não residencial","cd_tipo_terreno_imovel":1,"qt_area_terreno":156,"qt_area_construida":118}}},{"type":"Feature","geometry":{"type":"Polygon","coordinates":[[[-46.622639,-23.406508],[-46.622592,-23.406512],[-46.622583,-23.406472],[-46.62256,-23.406366],[-46.622557,-23.406352],[-46.622534,-23.406244],[-46.622584,-23.406241],[-46.622684,-23.406234],[-46.622734,-23.406232],[-46.622793,-23.406498],[-46.622693,-23.406503],[-46.622639,-23.406508]]]},"properties":{"sqlu":"SP-003-977820","inscription":"SP-GEOSAMPA-1977820","inscricaoImobiliaria":"SP-IMO-1977820","setor":"003","quadra":"033","lote":"0100","sourceType":"OFFICIAL_IMPORT","mainAddress":"Setor Fiscal 003","zoneamento":"RESIDENCIAL","statusCadastral":"ATIVO","workflowStatus":"PENDENTE","isOfficial":true,"rawProperties":{"cd_identificador":1977820,"cd_identificador_original_lote":8821202,"cd_setor_fiscal":"003","cd_tipo_quadra":"F","tx_tipo_quadra":"FISCAL","cd_quadra_fiscal":"033","cd_subquadra_fiscal":null,"cd_condominio":"00","cd_tipo_lote":"F","tx_tipo_lote":"FISCAL","cd_lote":"0100","cd_situacao":1,"cd_digito_sql":"7","cd_logradouro":"005436","nm_logradouro_completo":"AV ALCANTARA MACHADO","cd_numero_porta":"88","tx_complemento_endereco":"94 100","tx_situ_lote":"ATIVO","cd_tipo_uso_imovel":"64","dc_tipo_uso_imovel":"Não residencial","cd_tipo_terreno_imovel":1,"qt_area_terreno":485,"qt_area_construida":839}}},{"type":"Feature","geometry":{"type":"Polygon","coordinates":[[[-46.616489,-23.401567],[-46.616446,-23.401542],[-46.616567,-23.401367],[-46.616581,-23.401348],[-46.616604,-23.401314],[-46.616624,-23.401286],[-46.616662,-23.401231],[-46.616703,-23.401257],[-46.616666,-23.401311],[-46.616609,-23.401393],[-46.616489,-23.401567]]]},"properties":{"sqlu":"SP-003-978340","inscription":"SP-GEOSAMPA-1978340","inscricaoImobiliaria":"SP-IMO-1978340","setor":"003","quadra":"020","lote":"0023","sourceType":"OFFICIAL_IMPORT","mainAddress":"Setor Fiscal 003","zoneamento":"RESIDENCIAL","statusCadastral":"ATIVO","workflowStatus":"PENDENTE","isOfficial":true,"rawProperties":{"cd_identificador":1978340,"cd_identificador_original_lote":8821374,"cd_setor_fiscal":"003","cd_tipo_quadra":"F","tx_tipo_quadra":"FISCAL","cd_quadra_fiscal":"020","cd_subquadra_fiscal":null,"cd_condominio":"00","cd_tipo_lote":"F","tx_tipo_lote":"FISCAL","cd_lote":"0023","cd_situacao":1,"cd_digito_sql":"2","cd_logradouro":"166731","nm_logradouro_completo":"R PRUDENTE DE MORAIS","cd_numero_porta":"131","tx_complemento_endereco":null,"tx_situ_lote":"ATIVO","cd_tipo_uso_imovel":"42","dc_tipo_uso_imovel":"Não residencial","cd_tipo_terreno_imovel":1,"qt_area_terreno":206,"qt_area_construida":160}}},{"type":"Feature","geometry":{"type":"Polygon","coordinates":[[[-46.616489,-23.401567],[-46.616609,-23.401393],[-46.616666,-23.401311],[-46.616703,-23.401257],[-46.616723,-23.40127],[-46.616743,-23.401283],[-46.616705,-23.401338],[-46.616552,-23.401561],[-46.616531,-23.401592],[-46.616489,-23.401567]]]},"properties":{"sqlu":"SP-003-978341","inscription":"SP-GEOSAMPA-1978341","inscricaoImobiliaria":"SP-IMO-1978341","setor":"003","quadra":"020","lote":"0024","sourceType":"OFFICIAL_IMPORT","mainAddress":"Setor Fiscal 003","zoneamento":"RESIDENCIAL","statusCadastral":"ATIVO","workflowStatus":"PENDENTE","isOfficial":true,"rawProperties":{"cd_identificador":1978341,"cd_identificador_original_lote":8821375,"cd_setor_fiscal":"003","cd_tipo_quadra":"F","tx_tipo_quadra":"FISCAL","cd_quadra_fiscal":"020","cd_subquadra_fiscal":null,"cd_condominio":"00","cd_tipo_lote":"F","tx_tipo_lote":"FISCAL","cd_lote":"0024","cd_situacao":1,"cd_digito_sql":"0","cd_logradouro":"166731","nm_logradouro_completo":"R PRUDENTE DE MORAIS","cd_numero_porta":"123","tx_complemento_endereco":"E 125","tx_situ_lote":"ATIVO","cd_tipo_uso_imovel":"42","dc_tipo_uso_imovel":"Não residencial","cd_tipo_terreno_imovel":1,"qt_area_terreno":215,"qt_area_construida":130}}},{"type":"Feature","geometry":{"type":"Polygon","coordinates":[[[-46.621525,-23.401717],[-46.621538,-23.401674],[-46.62159,-23.401693],[-46.621615,-23.401701],[-46.62168,-23.401724],[-46.621699,-23.401731],[-46.621686,-23.401749],[-46.621682,-23.401755],[-46.621673,-23.401768],[-46.621651,-23.40176],[-46.621617,-23.401749],[-46.621589,-23.401739],[-46.621525,-23.401717]]]},"properties":{"sqlu":"SP-003-978420","inscription":"SP-GEOSAMPA-1978420","inscricaoImobiliaria":"SP-IMO-1978420","setor":"003","quadra":"011","lote":"0047","sourceType":"OFFICIAL_IMPORT","mainAddress":"Setor Fiscal 003","zoneamento":"RESIDENCIAL","statusCadastral":"ATIVO","workflowStatus":"PENDENTE","isOfficial":true,"rawProperties":{"cd_identificador":1978420,"cd_identificador_original_lote":8820396,"cd_setor_fiscal":"003","cd_tipo_quadra":"F","tx_tipo_quadra":"FISCAL","cd_quadra_fiscal":"011","cd_subquadra_fiscal":null,"cd_condominio":"00","cd_tipo_lote":"F","tx_tipo_lote":"FISCAL","cd_lote":"0047","cd_situacao":1,"cd_digito_sql":"0","cd_logradouro":"044784","nm_logradouro_completo":"R CARNEIRO LEAO","cd_numero_porta":"92","tx_complemento_endereco":"E 94","tx_situ_lote":"ATIVO","cd_tipo_uso_imovel":"22","dc_tipo_uso_imovel":"Residencial","cd_tipo_terreno_imovel":1,"qt_area_terreno":85,"qt_area_construida":240}}},{"type":"Feature","geometry":{"type":"Polygon","coordinates":[[[-46.621525,-23.401717],[-46.621589,-23.401739],[-46.621617,-23.401749],[-46.621651,-23.40176],[-46.621673,-23.401768],[-46.621642,-23.40181],[-46.621635,-23.401808],[-46.621508,-23.40177],[-46.621525,-23.401717]]]},"properties":{"sqlu":"SP-003-978419","inscription":"SP-GEOSAMPA-1978419","inscricaoImobiliaria":"SP-IMO-1978419","setor":"003","quadra":"011","lote":"0048","sourceType":"OFFICIAL_IMPORT","mainAddress":"Setor Fiscal 003","zoneamento":"RESIDENCIAL","statusCadastral":"ATIVO","workflowStatus":"PENDENTE","isOfficial":true,"rawProperties":{"cd_identificador":1978419,"cd_identificador_original_lote":8820395,"cd_setor_fiscal":"003","cd_tipo_quadra":"F","tx_tipo_quadra":"FISCAL","cd_quadra_fiscal":"011","cd_subquadra_fiscal":null,"cd_condominio":"00","cd_tipo_lote":"F","tx_tipo_lote":"FISCAL","cd_lote":"0048","cd_situacao":1,"cd_digito_sql":"9","cd_logradouro":"044784","nm_logradouro_completo":"R CARNEIRO LEAO","cd_numero_porta":"98","tx_complemento_endereco":"E 100","tx_situ_lote":"ATIVO","cd_tipo_uso_imovel":"22","dc_tipo_uso_imovel":"Residencial","cd_tipo_terreno_imovel":1,"qt_area_terreno":93,"qt_area_construida":299}}},{"type":"Feature","geometry":{"type":"Polygon","coordinates":[[[-46.627011,-23.406296],[-46.626973,-23.406292],[-46.626942,-23.40629],[-46.626958,-23.40618],[-46.626959,-23.406172],[-46.627005,-23.406177],[-46.627027,-23.40618],[-46.627026,-23.406186],[-46.62702,-23.406229],[-46.627011,-23.406296]]]},"properties":{"sqlu":"SP-003-978197","inscription":"SP-GEOSAMPA-1978197","inscricaoImobiliaria":"SP-IMO-1978197","setor":"003","quadra":"008","lote":"0010","sourceType":"OFFICIAL_IMPORT","mainAddress":"Setor Fiscal 003","zoneamento":"RESIDENCIAL","statusCadastral":"ATIVO","workflowStatus":"PENDENTE","isOfficial":true,"rawProperties":{"cd_identificador":1978197,"cd_identificador_original_lote":8819708,"cd_setor_fiscal":"003","cd_tipo_quadra":"F","tx_tipo_quadra":"FISCAL","cd_quadra_fiscal":"008","cd_subquadra_fiscal":null,"cd_condominio":"00","cd_tipo_lote":"F","tx_tipo_lote":"FISCAL","cd_lote":"0010","cd_situacao":1,"cd_digito_sql":"1","cd_logradouro":"185566","nm_logradouro_completo":"R TABATINGUERA","cd_numero_porta":"475","tx_complemento_endereco":"E 477","tx_situ_lote":"ATIVO","cd_tipo_uso_imovel":"22","dc_tipo_uso_imovel":"Residencial","cd_tipo_terreno_imovel":1,"qt_area_terreno":95,"qt_area_construida":420}}},{"type":"Feature","geometry":{"type":"Polygon","coordinates":[[[-46.618212,-23.407435],[-46.61821,-23.407132],[-46.618257,-23.407135],[-46.618264,-23.407544],[-46.618273,-23.407712],[-46.618225,-23.407715],[-46.618212,-23.407435]]]},"properties":{"sqlu":"SP-003-978243","inscription":"SP-GEOSAMPA-1978243","inscricaoImobiliaria":"SP-IMO-1978243","setor":"003","quadra":"058","lote":"0008","sourceType":"OFFICIAL_IMPORT","mainAddress":"Setor Fiscal 003","zoneamento":"RESIDENCIAL","statusCadastral":"ATIVO","workflowStatus":"PENDENTE","isOfficial":true,"rawProperties":{"cd_identificador":1978243,"cd_identificador_original_lote":8821076,"cd_setor_fiscal":"003","cd_tipo_quadra":"F","tx_tipo_quadra":"FISCAL","cd_quadra_fiscal":"058","cd_subquadra_fiscal":null,"cd_condominio":"00","cd_tipo_lote":"F","tx_tipo_lote":"FISCAL","cd_lote":"0008","cd_situacao":1,"cd_digito_sql":"6","cd_logradouro":"142131","nm_logradouro_completo":"R DA MOOCA","cd_numero_porta":"573","tx_complemento_endereco":null,"tx_situ_lote":"ATIVO","cd_tipo_uso_imovel":"42","dc_tipo_uso_imovel":"Não residencial","cd_tipo_terreno_imovel":1,"qt_area_terreno":325,"qt_area_construida":325}}},{"type":"Feature","geometry":{"type":"Polygon","coordinates":[[[-46.620718,-23.406939],[-46.620775,-23.406935],[-46.620782,-23.407033],[-46.620785,-23.407077],[-46.620789,-23.407122],[-46.620792,-23.407163],[-46.620795,-23.407206],[-46.620798,-23.407248],[-46.620801,-23.407291],[-46.620805,-23.407332],[-46.620808,-23.407376],[-46.620811,-23.407421],[-46.620814,-23.407464],[-46.620817,-23.407502],[-46.620804,-23.407506],[-46.62081,-23.407577],[-46.620779,-23.407579],[-46.620776,-23.407509],[-46.620759,-23.40751],[-46.620755,-23.407466],[-46.620752,-23.407422],[-46.620749,-23.40738],[-46.620746,-23.407337],[-46.620743,-23.407296],[-46.62074,-23.407254],[-46.620737,-23.407212],[-46.620734,-23.407168],[-46.620731,-23.407124],[-46.620728,-23.407083],[-46.620725,-23.407039],[-46.620723,-23.407006],[-46.62072,-23.406974],[-46.620718,-23.406939]]]},"properties":{"sqlu":"SP-003-978205","inscription":"SP-GEOSAMPA-1978205","inscricaoImobiliaria":"SP-IMO-1978205","setor":"003","quadra":"055","lote":"0001","sourceType":"OFFICIAL_IMPORT","mainAddress":"Setor Fiscal 003","zoneamento":"RESIDENCIAL","statusCadastral":"ATIVO","workflowStatus":"PENDENTE","isOfficial":true,"rawProperties":{"cd_identificador":1978205,"cd_identificador_original_lote":8821472,"cd_setor_fiscal":"003","cd_tipo_quadra":"F","tx_tipo_quadra":"FISCAL","cd_quadra_fiscal":"055","cd_subquadra_fiscal":null,"cd_condominio":"00","cd_tipo_lote":"V","tx_tipo_lote":"Via de Acesso","cd_lote":"0001","cd_situacao":1,"cd_digito_sql":null,"cd_logradouro":null,"nm_logradouro_completo":null,"cd_numero_porta":null,"tx_complemento_endereco":null,"tx_situ_lote":null,"cd_tipo_uso_imovel":null,"dc_tipo_uso_imovel":null,"cd_tipo_terreno_imovel":null,"qt_area_terreno":null,"qt_area_construida":null}}},{"type":"Feature","geometry":{"type":"Polygon","coordinates":[[[-46.612229,-23.407605],[-46.612225,-23.407569],[-46.612313,-23.407561],[-46.612467,-23.407545],[-46.612515,-23.40754],[-46.612519,-23.407575],[-46.612472,-23.40758],[-46.612454,-23.407582],[-46.612229,-23.407605]]]},"properties":{"sqlu":"SP-003-978666","inscription":"SP-GEOSAMPA-1978666","inscricaoImobiliaria":"SP-IMO-1978666","setor":"003","quadra":"065","lote":"0014","sourceType":"OFFICIAL_IMPORT","mainAddress":"Setor Fiscal 003","zoneamento":"RESIDENCIAL","statusCadastral":"ATIVO","workflowStatus":"PENDENTE","isOfficial":true,"rawProperties":{"cd_identificador":1978666,"cd_identificador_original_lote":8821287,"cd_setor_fiscal":"003","cd_tipo_quadra":"F","tx_tipo_quadra":"FISCAL","cd_quadra_fiscal":"065","cd_subquadra_fiscal":null,"cd_condominio":"00","cd_tipo_lote":"F","tx_tipo_lote":"FISCAL","cd_lote":"0014","cd_situacao":1,"cd_digito_sql":"0","cd_logradouro":"013072","nm_logradouro_completo":"R ANDRE DE LEAO","cd_numero_porta":"280","tx_complemento_endereco":null,"tx_situ_lote":"ATIVO","cd_tipo_uso_imovel":"10","dc_tipo_uso_imovel":"Residencial","cd_tipo_terreno_imovel":1,"qt_area_terreno":120,"qt_area_construida":80}}},{"type":"Feature","geometry":{"type":"Polygon","coordinates":[[[-46.621298,-23.407283],[-46.621201,-23.40729],[-46.621193,-23.407244],[-46.621288,-23.407237],[-46.621292,-23.407237],[-46.621359,-23.407232],[-46.621405,-23.407228],[-46.621437,-23.407226],[-46.621485,-23.407222],[-46.621493,-23.407271],[-46.621445,-23.407274],[-46.621411,-23.407276],[-46.621396,-23.407277],[-46.621359,-23.407279],[-46.621349,-23.40728],[-46.621298,-23.407283]]]},"properties":{"sqlu":"SP-003-978806","inscription":"SP-GEOSAMPA-1978806","inscricaoImobiliaria":"SP-IMO-1978806","setor":"003","quadra":"035","lote":"0006","sourceType":"OFFICIAL_IMPORT","mainAddress":"Setor Fiscal 003","zoneamento":"RESIDENCIAL","statusCadastral":"ATIVO","workflowStatus":"PENDENTE","isOfficial":true,"rawProperties":{"cd_identificador":1978806,"cd_identificador_original_lote":8820079,"cd_setor_fiscal":"003","cd_tipo_quadra":"F","tx_tipo_quadra":"FISCAL","cd_quadra_fiscal":"035","cd_subquadra_fiscal":null,"cd_condominio":"00","cd_tipo_lote":"F","tx_tipo_lote":"FISCAL","cd_lote":"0006","cd_situacao":1,"cd_digito_sql":"9","cd_logradouro":"044784","nm_logradouro_completo":"R CARNEIRO LEAO","cd_numero_porta":"734","tx_complemento_endereco":"/736","tx_situ_lote":"ATIVO","cd_tipo_uso_imovel":"12","dc_tipo_uso_imovel":"Residencial","cd_tipo_terreno_imovel":1,"qt_area_terreno":145,"qt_area_construida":151}}},{"type":"Feature","geometry":{"type":"Polygon","coordinates":[[[-46.617309,-23.398592],[-46.617411,-23.398656],[-46.617426,-23.398693],[-46.617408,-23.39872],[-46.617368,-23.398777],[-46.61732,-23.398848],[-46.61729,-23.398892],[-46.617241,-23.398963],[-46.617093,-23.398875],[-46.617119,-23.398839],[-46.617146,-23.398803],[-46.617178,-23.398762],[-46.617233,-23.398691],[-46.617275,-23.398636],[-46.617309,-23.398592]]]},"properties":{"sqlu":"SP-003-978795","inscription":"SP-GEOSAMPA-1978795","inscricaoImobiliaria":"SP-IMO-1978795","setor":"003","quadra":"016","lote":"0048","sourceType":"OFFICIAL_IMPORT","mainAddress":"Setor Fiscal 003","zoneamento":"RESIDENCIAL","statusCadastral":"ATIVO","workflowStatus":"PENDENTE","isOfficial":true,"rawProperties":{"cd_identificador":1978795,"cd_identificador_original_lote":8820643,"cd_setor_fiscal":"003","cd_tipo_quadra":"F","tx_tipo_quadra":"FISCAL","cd_quadra_fiscal":"016","cd_subquadra_fiscal":null,"cd_condominio":"00","cd_tipo_lote":"F","tx_tipo_lote":"FISCAL","cd_lote":"0048","cd_situacao":1,"cd_digito_sql":"1","cd_logradouro":"168700","nm_logradouro_completo":"AV RANGEL PESTANA","cd_numero_porta":"1646","tx_complemento_endereco":null,"tx_situ_lote":"CANCELADO","cd_tipo_uso_imovel":"40","dc_tipo_uso_imovel":"Não residencial","cd_tipo_terreno_imovel":2,"qt_area_terreno":627,"qt_area_construida":1254}}},{"type":"Feature","geometry":{"type":"Polygon","coordinates":[[[-46.615645,-23.4043],[-46.61561,-23.404349],[-46.615589,-23.404377],[-46.615578,-23.404393],[-46.615561,-23.404416],[-46.615546,-23.404438],[-46.615514,-23.404482],[-46.615482,-23.404528],[-46.615385,-23.404471],[-46.615349,-23.404449],[-46.615312,-23.404507],[-46.615287,-23.404544],[-46.615261,-23.404583],[-46.61526,-23.404585],[-46.615149,-23.404519],[-46.615136,-23.404538],[-46.615091,-23.404512],[-46.615013,-23.404466],[-46.614997,-23.404456],[-46.614985,-23.404474],[-46.61472,-23.404862],[-46.614589,-23.404784],[-46.614307,-23.404616],[-46.614281,-23.404601],[-46.614051,-23.404464],[-46.613949,-23.404404],[-46.614136,-23.404124],[-46.614193,-23.404038],[-46.614217,-23.404002],[-46.614247,-23.404019],[-46.614284,-23.40404],[-46.614379,-23.404093],[-46.614479,-23.403944],[-46.614632,-23.403716],[-46.614704,-23.403758],[-46.614719,-23.403766],[-46.614957,-23.403904],[-46.615112,-23.403994],[-46.615268,-23.404085],[-46.615645,-23.4043]]]},"properties":{"sqlu":"SP-003-978850","inscription":"SP-GEOSAMPA-1978850","inscricaoImobiliaria":"SP-IMO-1978850","setor":"003","quadra":"044","lote":"0182","sourceType":"OFFICIAL_IMPORT","mainAddress":"Setor Fiscal 003","zoneamento":"RESIDENCIAL","statusCadastral":"ATIVO","workflowStatus":"PENDENTE","isOfficial":true,"rawProperties":{"cd_identificador":1978850,"cd_identificador_original_lote":8820952,"cd_setor_fiscal":"003","cd_tipo_quadra":"F","tx_tipo_quadra":"FISCAL","cd_quadra_fiscal":"044","cd_subquadra_fiscal":null,"cd_condominio":"00","cd_tipo_lote":"F","tx_tipo_lote":"FISCAL","cd_lote":"0182","cd_situacao":1,"cd_digito_sql":"1","cd_logradouro":"005983","nm_logradouro_completo":"R ALEGRIA","cd_numero_porta":"68","tx_complemento_endereco":"96","tx_situ_lote":"ATIVO","cd_tipo_uso_imovel":"40","dc_tipo_uso_imovel":"Não residencial","cd_tipo_terreno_imovel":3,"qt_area_terreno":11336,"qt_area_construida":20152}}},{"type":"Feature","geometry":{"type":"Polygon","coordinates":[[[-46.615645,-23.4043],[-46.615839,-23.404411],[-46.615844,-23.404433],[-46.615817,-23.40447],[-46.61561,-23.404349],[-46.615645,-23.4043]]]},"properties":{"sqlu":"SP-003-978851","inscription":"SP-GEOSAMPA-1978851","inscricaoImobiliaria":"SP-IMO-1978851","setor":"003","quadra":"044","lote":"0122","sourceType":"OFFICIAL_IMPORT","mainAddress":"Setor Fiscal 003","zoneamento":"RESIDENCIAL","statusCadastral":"ATIVO","workflowStatus":"PENDENTE","isOfficial":true,"rawProperties":{"cd_identificador":1978851,"cd_identificador_original_lote":8821014,"cd_setor_fiscal":"003","cd_tipo_quadra":"F","tx_tipo_quadra":"FISCAL","cd_quadra_fiscal":"044","cd_subquadra_fiscal":null,"cd_condominio":"00","cd_tipo_lote":"F","tx_tipo_lote":"FISCAL","cd_lote":"0122","cd_situacao":1,"cd_digito_sql":"6","cd_logradouro":"163589","nm_logradouro_completo":"R PIRATININGA","cd_numero_porta":"651","tx_complemento_endereco":"E 655","tx_situ_lote":"ATIVO","cd_tipo_uso_imovel":"42","dc_tipo_uso_imovel":"Não residencial","cd_tipo_terreno_imovel":2,"qt_area_terreno":154,"qt_area_construida":625}}},{"type":"Feature","geometry":{"type":"Polygon","coordinates":[[[-46.619237,-23.400758],[-46.619259,-23.40072],[-46.619419,-23.400803],[-46.619398,-23.400836],[-46.619392,-23.400846],[-46.619318,-23.400808],[-46.619234,-23.400764],[-46.619237,-23.400758]]]},"properties":{"sqlu":"SP-003-978842","inscription":"SP-GEOSAMPA-1978842","inscricaoImobiliaria":"SP-IMO-1978842","setor":"003","quadra":"014","lote":"0167","sourceType":"OFFICIAL_IMPORT","mainAddress":"Setor Fiscal 003","zoneamento":"RESIDENCIAL","statusCadastral":"ATIVO","workflowStatus":"PENDENTE","isOfficial":true,"rawProperties":{"cd_identificador":1978842,"cd_identificador_original_lote":8820551,"cd_setor_fiscal":"003","cd_tipo_quadra":"F","tx_tipo_quadra":"FISCAL","cd_quadra_fiscal":"014","cd_subquadra_fiscal":null,"cd_condominio":"00","cd_tipo_lote":"F","tx_tipo_lote":"FISCAL","cd_lote":"0167","cd_situacao":1,"cd_digito_sql":"5","cd_logradouro":"137960","nm_logradouro_completo":"R MELO BARRETO","cd_numero_porta":"123","tx_complemento_endereco":null,"tx_situ_lote":"ATIVO","cd_tipo_uso_imovel":"10","dc_tipo_uso_imovel":"Residencial","cd_tipo_terreno_imovel":1,"qt_area_terreno":108,"qt_area_construida":188}}},{"type":"Feature","geometry":{"type":"Polygon","coordinates":[[[-46.616055,-23.406317],[-46.61608,-23.406319],[-46.616078,-23.406341],[-46.616075,-23.406412],[-46.615905,-23.406427],[-46.615909,-23.406353],[-46.615912,-23.406301],[-46.615938,-23.406305],[-46.615947,-23.406306],[-46.615991,-23.40631],[-46.616055,-23.406317]]]},"properties":{"sqlu":"SP-003-978837","inscription":"SP-GEOSAMPA-1978837","inscricaoImobiliaria":"SP-IMO-1978837","setor":"003","quadra":"046","lote":"0000","sourceType":"OFFICIAL_IMPORT","mainAddress":"Setor Fiscal 003","zoneamento":"RESIDENCIAL","statusCadastral":"ATIVO","workflowStatus":"PENDENTE","isOfficial":true,"rawProperties":{"cd_identificador":1978837,"cd_identificador_original_lote":8819732,"cd_setor_fiscal":"003","cd_tipo_quadra":"F","tx_tipo_quadra":"FISCAL","cd_quadra_fiscal":"046","cd_subquadra_fiscal":null,"cd_condominio":"01","cd_tipo_lote":"F","tx_tipo_lote":"FISCAL","cd_lote":"0000","cd_situacao":1,"cd_digito_sql":null,"cd_logradouro":"005436","nm_logradouro_completo":"AV ALCANTARA MACHADO","cd_numero_porta":"773 779 781","tx_complemento_endereco":null,"tx_situ_lote":null,"cd_tipo_uso_imovel":"XX","dc_tipo_uso_imovel":"Condomínio","cd_tipo_terreno_imovel":99,"qt_area_terreno":210,"qt_area_construida":null}}},{"type":"Feature","geometry":{"type":"Polygon","coordinates":[[[-46.616055,-23.406317],[-46.616314,-23.405951],[-46.616361,-23.405978],[-46.616212,-23.4062],[-46.616129,-23.406324],[-46.61608,-23.406319],[-46.616055,-23.406317]]]},"properties":{"sqlu":"SP-003-978838","inscription":"SP-GEOSAMPA-1978838","inscricaoImobiliaria":"SP-IMO-1978838","setor":"003","quadra":"046","lote":"0078","sourceType":"OFFICIAL_IMPORT","mainAddress":"Setor Fiscal 003","zoneamento":"RESIDENCIAL","statusCadastral":"ATIVO","workflowStatus":"PENDENTE","isOfficial":true,"rawProperties":{"cd_identificador":1978838,"cd_identificador_original_lote":8819734,"cd_setor_fiscal":"003","cd_tipo_quadra":"F","tx_tipo_quadra":"FISCAL","cd_quadra_fiscal":"046","cd_subquadra_fiscal":null,"cd_condominio":"00","cd_tipo_lote":"F","tx_tipo_lote":"FISCAL","cd_lote":"0078","cd_situacao":1,"cd_digito_sql":"4","cd_logradouro":"155241","nm_logradouro_completo":"R VISC DE PARNAIBA","cd_numero_porta":"746","tx_complemento_endereco":null,"tx_situ_lote":"ATIVO","cd_tipo_uso_imovel":"40","dc_tipo_uso_imovel":"Não residencial","cd_tipo_terreno_imovel":1,"qt_area_terreno":256,"qt_area_construida":512}}},{"type":"Feature","geometry":{"type":"Polygon","coordinates":[[[-46.617577,-23.407749],[-46.617516,-23.407752],[-46.617395,-23.407757],[-46.617401,-23.40764],[-46.617403,-23.407604],[-46.617421,-23.40727],[-46.617542,-23.407242],[-46.617596,-23.407229],[-46.617592,-23.407338],[-46.617592,-23.407358],[-46.617589,-23.407417],[-46.617589,-23.40744],[-46.617586,-23.407514],[-46.617585,-23.407543],[-46.617581,-23.407646],[-46.617579,-23.407698],[-46.617577,-23.407749]]]},"properties":{"sqlu":"SP-003-978752","inscription":"SP-GEOSAMPA-1978752","inscricaoImobiliaria":"SP-IMO-1978752","setor":"003","quadra":"045","lote":"0045","sourceType":"OFFICIAL_IMPORT","mainAddress":"Setor Fiscal 003","zoneamento":"RESIDENCIAL","statusCadastral":"ATIVO","workflowStatus":"PENDENTE","isOfficial":true,"rawProperties":{"cd_identificador":1978752,"cd_identificador_original_lote":8821253,"cd_setor_fiscal":"003","cd_tipo_quadra":"F","tx_tipo_quadra":"FISCAL","cd_quadra_fiscal":"045","cd_subquadra_fiscal":null,"cd_condominio":"00","cd_tipo_lote":"F","tx_tipo_lote":"FISCAL","cd_lote":"0045","cd_situacao":1,"cd_digito_sql":"3","cd_logradouro":"142131","nm_logradouro_completo":"R DA MOOCA","cd_numero_porta":"651","tx_complemento_endereco":"/653/657","tx_situ_lote":"ATIVO","cd_tipo_uso_imovel":"61","dc_tipo_uso_imovel":"Não residencial","cd_tipo_terreno_imovel":1,"qt_area_terreno":1058,"qt_area_construida":1109}}},{"type":"Feature","geometry":{"type":"Polygon","coordinates":[[[-46.621922,-23.405739],[-46.621926,-23.405757],[-46.621931,-23.405787],[-46.621727,-23.4058],[-46.621723,-23.405755],[-46.621801,-23.405749],[-46.621831,-23.405746],[-46.621882,-23.405742],[-46.621922,-23.405739]]]},"properties":{"sqlu":"SP-003-978976","inscription":"SP-GEOSAMPA-1978976","inscricaoImobiliaria":"SP-IMO-1978976","setor":"003","quadra":"037","lote":"0027","sourceType":"OFFICIAL_IMPORT","mainAddress":"Setor Fiscal 003","zoneamento":"RESIDENCIAL","statusCadastral":"ATIVO","workflowStatus":"PENDENTE","isOfficial":true,"rawProperties":{"cd_identificador":1978976,"cd_identificador_original_lote":8821429,"cd_setor_fiscal":"003","cd_tipo_quadra":"F","tx_tipo_quadra":"FISCAL","cd_quadra_fiscal":"037","cd_subquadra_fiscal":null,"cd_condominio":"00","cd_tipo_lote":"F","tx_tipo_lote":"FISCAL","cd_lote":"0027","cd_situacao":1,"cd_digito_sql":"0","cd_logradouro":"199265","nm_logradouro_completo":"R WANDENKOLK","cd_numero_porta":"379","tx_complemento_endereco":null,"tx_situ_lote":"ATIVO","cd_tipo_uso_imovel":"10","dc_tipo_uso_imovel":"Residencial","cd_tipo_terreno_imovel":2,"qt_area_terreno":103,"qt_area_construida":103}}},{"type":"Feature","geometry":{"type":"Polygon","coordinates":[[[-46.614952,-23.406008],[-46.61502,-23.405914],[-46.615462,-23.40617],[-46.615529,-23.406209],[-46.615502,-23.406252],[-46.615419,-23.406246],[-46.615354,-23.406241],[-46.615348,-23.406241],[-46.615236,-23.406175],[-46.615176,-23.40614],[-46.615108,-23.4061],[-46.615077,-23.406081],[-46.615012,-23.406043],[-46.614952,-23.406008]]]},"properties":{"sqlu":"SP-003-978941","inscription":"SP-GEOSAMPA-1978941","inscricaoImobiliaria":"SP-IMO-1978941","setor":"003","quadra":"046","lote":"0008","sourceType":"OFFICIAL_IMPORT","mainAddress":"Setor Fiscal 003","zoneamento":"RESIDENCIAL","statusCadastral":"ATIVO","workflowStatus":"PENDENTE","isOfficial":true,"rawProperties":{"cd_identificador":1978941,"cd_identificador_original_lote":8819726,"cd_setor_fiscal":"003","cd_tipo_quadra":"F","tx_tipo_quadra":"FISCAL","cd_quadra_fiscal":"046","cd_subquadra_fiscal":null,"cd_condominio":"00","cd_tipo_lote":"F","tx_tipo_lote":"FISCAL","cd_lote":"0008","cd_situacao":1,"cd_digito_sql":"3","cd_logradouro":"163589","nm_logradouro_completo":"R PIRATININGA","cd_numero_porta":"842","tx_complemento_endereco":"E 846","tx_situ_lote":"ATIVO","cd_tipo_uso_imovel":"40","dc_tipo_uso_imovel":"Não residencial","cd_tipo_terreno_imovel":1,"qt_area_terreno":728,"qt_area_construida":794}}},{"type":"Feature","geometry":{"type":"Polygon","coordinates":[[[-46.627707,-23.405457],[-46.627715,-23.405576],[-46.62758,-23.405553],[-46.627497,-23.405539],[-46.627437,-23.405529],[-46.627396,-23.405522],[-46.627409,-23.405475],[-46.627444,-23.405473],[-46.627577,-23.405465],[-46.627707,-23.405457]]]},"properties":{"sqlu":"SP-003-979086","inscription":"SP-GEOSAMPA-1979086","inscricaoImobiliaria":"SP-IMO-1979086","setor":"003","quadra":"007","lote":"0000","sourceType":"OFFICIAL_IMPORT","mainAddress":"Setor Fiscal 003","zoneamento":"RESIDENCIAL","statusCadastral":"ATIVO","workflowStatus":"PENDENTE","isOfficial":true,"rawProperties":{"cd_identificador":1979086,"cd_identificador_original_lote":8819994,"cd_setor_fiscal":"003","cd_tipo_quadra":"F","tx_tipo_quadra":"FISCAL","cd_quadra_fiscal":"007","cd_subquadra_fiscal":null,"cd_condominio":"05","cd_tipo_lote":"F","tx_tipo_lote":"FISCAL","cd_lote":"0000","cd_situacao":1,"cd_digito_sql":null,"cd_logradouro":"044342","nm_logradouro_completo":"R DOS CARMELITAS","cd_numero_porta":"109","tx_complemento_endereco":null,"tx_situ_lote":null,"cd_tipo_uso_imovel":"XX","dc_tipo_uso_imovel":"Condomínio","cd_tipo_terreno_imovel":99,"qt_area_terreno":310,"qt_area_construida":null}}},{"type":"Feature","geometry":{"type":"Polygon","coordinates":[[[-46.629692,-23.405508],[-46.629666,-23.405535],[-46.62965,-23.405551],[-46.629599,-23.405603],[-46.629468,-23.405485],[-46.629415,-23.405436],[-46.629414,-23.405406],[-46.62948,-23.405336],[-46.629563,-23.405404],[-46.62962,-23.405449],[-46.629692,-23.405508]]]},"properties":{"sqlu":"SP-003-978922","inscription":"SP-GEOSAMPA-1978922","inscricaoImobiliaria":"SP-IMO-1978922","setor":"003","quadra":"001","lote":"0024","sourceType":"OFFICIAL_IMPORT","mainAddress":"Setor Fiscal 003","zoneamento":"RESIDENCIAL","statusCadastral":"ATIVO","workflowStatus":"PENDENTE","isOfficial":true,"rawProperties":{"cd_identificador":1978922,"cd_identificador_original_lote":8821451,"cd_setor_fiscal":"003","cd_tipo_quadra":"F","tx_tipo_quadra":"FISCAL","cd_quadra_fiscal":"001","cd_subquadra_fiscal":null,"cd_condominio":"00","cd_tipo_lote":"F","tx_tipo_lote":"FISCAL","cd_lote":"0024","cd_situacao":1,"cd_digito_sql":"8","cd_logradouro":"044555","nm_logradouro_completo":"R DO CARMO","cd_numero_porta":"54","tx_complemento_endereco":"56 E 6O","tx_situ_lote":"ATIVO","cd_tipo_uso_imovel":"31","dc_tipo_uso_imovel":"Não residencial","cd_tipo_terreno_imovel":2,"qt_area_terreno":520,"qt_area_construida":1000}}},{"type":"Feature","geometry":{"type":"Polygon","coordinates":[[[-46.621591,-23.401506],[-46.6218,-23.401588],[-46.621774,-23.401626],[-46.621577,-23.401553],[-46.621591,-23.401506]]]},"properties":{"sqlu":"SP-003-979189","inscription":"SP-GEOSAMPA-1979189","inscricaoImobiliaria":"SP-IMO-1979189","setor":"003","quadra":"011","lote":"0043","sourceType":"OFFICIAL_IMPORT","mainAddress":"Setor Fiscal 003","zoneamento":"RESIDENCIAL","statusCadastral":"ATIVO","workflowStatus":"PENDENTE","isOfficial":true,"rawProperties":{"cd_identificador":1979189,"cd_identificador_original_lote":8820400,"cd_setor_fiscal":"003","cd_tipo_quadra":"F","tx_tipo_quadra":"FISCAL","cd_quadra_fiscal":"011","cd_subquadra_fiscal":null,"cd_condominio":"00","cd_tipo_lote":"F","tx_tipo_lote":"FISCAL","cd_lote":"0043","cd_situacao":1,"cd_digito_sql":"8","cd_logradouro":"044784","nm_logradouro_completo":"R CARNEIRO LEAO","cd_numero_porta":"74","tx_complemento_endereco":null,"tx_situ_lote":"ATIVO","cd_tipo_uso_imovel":"62","dc_tipo_uso_imovel":"Não residencial","cd_tipo_terreno_imovel":1,"qt_area_terreno":120,"qt_area_construida":120}}},{"type":"Feature","geometry":{"type":"Polygon","coordinates":[[[-46.621591,-23.401506],[-46.62162,-23.401416],[-46.621816,-23.401504],[-46.621849,-23.401519],[-46.6218,-23.401588],[-46.621591,-23.401506]]]},"properties":{"sqlu":"SP-003-979190","inscription":"SP-GEOSAMPA-1979190","inscricaoImobiliaria":"SP-IMO-1979190","setor":"003","quadra":"011","lote":"0121","sourceType":"OFFICIAL_IMPORT","mainAddress":"Setor Fiscal 003","zoneamento":"RESIDENCIAL","statusCadastral":"ATIVO","workflowStatus":"PENDENTE","isOfficial":true,"rawProperties":{"cd_identificador":1979190,"cd_identificador_original_lote":8820401,"cd_setor_fiscal":"003","cd_tipo_quadra":"F","tx_tipo_quadra":"FISCAL","cd_quadra_fiscal":"011","cd_subquadra_fiscal":null,"cd_condominio":"00","cd_tipo_lote":"F","tx_tipo_lote":"FISCAL","cd_lote":"0121","cd_situacao":1,"cd_digito_sql":"3","cd_logradouro":"044784","nm_logradouro_completo":"R CARNEIRO LEAO","cd_numero_porta":"62","tx_complemento_endereco":"66 E 68","tx_situ_lote":"ATIVO","cd_tipo_uso_imovel":"22","dc_tipo_uso_imovel":"Residencial","cd_tipo_terreno_imovel":1,"qt_area_terreno":264,"qt_area_construida":687}}},{"type":"Feature","geometry":{"type":"Polygon","coordinates":[[[-46.613268,-23.406049],[-46.613258,-23.406064],[-46.613202,-23.406142],[-46.613171,-23.406123],[-46.613226,-23.406045],[-46.613236,-23.406029],[-46.613268,-23.406049]]]},"properties":{"sqlu":"SP-003-979305","inscription":"SP-GEOSAMPA-1979305","inscricaoImobiliaria":"SP-IMO-1979305","setor":"003","quadra":"062","lote":"0024","sourceType":"OFFICIAL_IMPORT","mainAddress":"Setor Fiscal 003","zoneamento":"RESIDENCIAL","statusCadastral":"ATIVO","workflowStatus":"PENDENTE","isOfficial":true,"rawProperties":{"cd_identificador":1979305,"cd_identificador_original_lote":8820321,"cd_setor_fiscal":"003","cd_tipo_quadra":"F","tx_tipo_quadra":"FISCAL","cd_quadra_fiscal":"062","cd_subquadra_fiscal":null,"cd_condominio":"00","cd_tipo_lote":"F","tx_tipo_lote":"FISCAL","cd_lote":"0024","cd_situacao":1,"cd_digito_sql":"4","cd_logradouro":"538922","nm_logradouro_completo":"VP CLEBER GOUVEA","cd_numero_porta":"S/N","tx_complemento_endereco":null,"tx_situ_lote":"ATIVO","cd_tipo_uso_imovel":"00","dc_tipo_uso_imovel":"Terreno","cd_tipo_terreno_imovel":1,"qt_area_terreno":67,"qt_area_construida":0}}},{"type":"Feature","geometry":{"type":"Polygon","coordinates":[[[-46.620941,-23.40749],[-46.62087,-23.407496],[-46.620817,-23.407502],[-46.620814,-23.407464],[-46.620867,-23.407461],[-46.62088,-23.40746],[-46.620905,-23.407459],[-46.620938,-23.407456],[-46.620939,-23.407473],[-46.620941,-23.40749]]]},"properties":{"sqlu":"SP-003-979752","inscription":"SP-GEOSAMPA-1979752","inscricaoImobiliaria":"SP-IMO-1979752","setor":"003","quadra":"055","lote":"0050","sourceType":"OFFICIAL_IMPORT","mainAddress":"Setor Fiscal 003","zoneamento":"RESIDENCIAL","statusCadastral":"ATIVO","workflowStatus":"PENDENTE","isOfficial":true,"rawProperties":{"cd_identificador":1979752,"cd_identificador_original_lote":8820801,"cd_setor_fiscal":"003","cd_tipo_quadra":"F","tx_tipo_quadra":"FISCAL","cd_quadra_fiscal":"055","cd_subquadra_fiscal":null,"cd_condominio":"00","cd_tipo_lote":"F","tx_tipo_lote":"FISCAL","cd_lote":"0050","cd_situacao":1,"cd_digito_sql":"3","cd_logradouro":"142131","nm_logradouro_completo":"R DA MOOCA","cd_numero_porta":"315","tx_complemento_endereco":"CASA N2","tx_situ_lote":"ATIVO","cd_tipo_uso_imovel":"10","dc_tipo_uso_imovel":"Residencial","cd_tipo_terreno_imovel":4,"qt_area_terreno":60,"qt_area_construida":65}}},{"type":"Feature","geometry":{"type":"Polygon","coordinates":[[[-46.619421,-23.40607],[-46.619392,-23.406074],[-46.619345,-23.406079],[-46.619299,-23.406085],[-46.619297,-23.406047],[-46.619283,-23.405832],[-46.619329,-23.405827],[-46.619377,-23.405822],[-46.619422,-23.405817],[-46.619441,-23.40595],[-46.619428,-23.406032],[-46.619421,-23.40607]]]},"properties":{"sqlu":"SP-003-979698","inscription":"SP-GEOSAMPA-1979698","inscricaoImobiliaria":"SP-IMO-1979698","setor":"003","quadra":"056","lote":"0047","sourceType":"OFFICIAL_IMPORT","mainAddress":"Setor Fiscal 003","zoneamento":"RESIDENCIAL","statusCadastral":"ATIVO","workflowStatus":"PENDENTE","isOfficial":true,"rawProperties":{"cd_identificador":1979698,"cd_identificador_original_lote":8820271,"cd_setor_fiscal":"003","cd_tipo_quadra":"F","tx_tipo_quadra":"FISCAL","cd_quadra_fiscal":"056","cd_subquadra_fiscal":null,"cd_condominio":"00","cd_tipo_lote":"F","tx_tipo_lote":"FISCAL","cd_lote":"0047","cd_situacao":1,"cd_digito_sql":"8","cd_logradouro":"155241","nm_logradouro_completo":"R VISC DE PARNAIBA","cd_numero_porta":"434","tx_complemento_endereco":null,"tx_situ_lote":"ATIVO","cd_tipo_uso_imovel":"40","dc_tipo_uso_imovel":"Não residencial","cd_tipo_terreno_imovel":3,"qt_area_terreno":398,"qt_area_construida":434}}},{"type":"Feature","geometry":{"type":"Polygon","coordinates":[[[-46.62091,-23.400495],[-46.62078,-23.400731],[-46.620737,-23.400714],[-46.620869,-23.400476],[-46.62091,-23.400495]]]},"properties":{"sqlu":"SP-003-979403","inscription":"SP-GEOSAMPA-1979403","inscricaoImobiliaria":"SP-IMO-1979403","setor":"003","quadra":"013","lote":"0006","sourceType":"OFFICIAL_IMPORT","mainAddress":"Setor Fiscal 003","zoneamento":"RESIDENCIAL","statusCadastral":"ATIVO","workflowStatus":"PENDENTE","isOfficial":true,"rawProperties":{"cd_identificador":1979403,"cd_identificador_original_lote":8820420,"cd_setor_fiscal":"003","cd_tipo_quadra":"F","tx_tipo_quadra":"FISCAL","cd_quadra_fiscal":"013","cd_subquadra_fiscal":null,"cd_condominio":"00","cd_tipo_lote":"F","tx_tipo_lote":"FISCAL","cd_lote":"0006","cd_situacao":1,"cd_digito_sql":"2","cd_logradouro":"168700","nm_logradouro_completo":"AV RANGEL PESTANA","cd_numero_porta":"1234","tx_complemento_endereco":null,"tx_situ_lote":"ATIVO","cd_tipo_uso_imovel":"43","dc_tipo_uso_imovel":"Não residencial","cd_tipo_terreno_imovel":1,"qt_area_terreno":145,"qt_area_construida":208}}},{"type":"Feature","geometry":{"type":"Polygon","coordinates":[[[-46.618179,-23.406896],[-46.618172,-23.407016],[-46.618062,-23.407002],[-46.61808,-23.406751],[-46.618189,-23.406738],[-46.618179,-23.406896]]]},"properties":{"sqlu":"SP-003-979592","inscription":"SP-GEOSAMPA-1979592","inscricaoImobiliaria":"SP-IMO-1979592","setor":"003","quadra":"058","lote":"0031","sourceType":"OFFICIAL_IMPORT","mainAddress":"Setor Fiscal 003","zoneamento":"RESIDENCIAL","statusCadastral":"ATIVO","workflowStatus":"PENDENTE","isOfficial":true,"rawProperties":{"cd_identificador":1979592,"cd_identificador_original_lote":8821071,"cd_setor_fiscal":"003","cd_tipo_quadra":"F","tx_tipo_quadra":"FISCAL","cd_quadra_fiscal":"058","cd_subquadra_fiscal":null,"cd_condominio":"00","cd_tipo_lote":"F","tx_tipo_lote":"FISCAL","cd_lote":"0031","cd_situacao":1,"cd_digito_sql":"0","cd_logradouro":"005436","nm_logradouro_completo":"AV ALCANTARA MACHADO","cd_numero_porta":"552","tx_complemento_endereco":"556","tx_situ_lote":"ATIVO","cd_tipo_uso_imovel":"40","dc_tipo_uso_imovel":"Não residencial","cd_tipo_terreno_imovel":1,"qt_area_terreno":312,"qt_area_construida":310}}},{"type":"Feature","geometry":{"type":"Polygon","coordinates":[[[-46.61961,-23.400494],[-46.61958,-23.400542],[-46.619454,-23.400477],[-46.619485,-23.40043],[-46.619545,-23.400461],[-46.61961,-23.400494]]]},"properties":{"sqlu":"SP-003-979996","inscription":"SP-GEOSAMPA-1979996","inscricaoImobiliaria":"SP-IMO-1979996","setor":"003","quadra":"014","lote":"0161","sourceType":"OFFICIAL_IMPORT","mainAddress":"Setor Fiscal 003","zoneamento":"RESIDENCIAL","statusCadastral":"ATIVO","workflowStatus":"PENDENTE","isOfficial":true,"rawProperties":{"cd_identificador":1979996,"cd_identificador_original_lote":8820556,"cd_setor_fiscal":"003","cd_tipo_quadra":"F","tx_tipo_quadra":"FISCAL","cd_quadra_fiscal":"014","cd_subquadra_fiscal":null,"cd_condominio":"00","cd_tipo_lote":"F","tx_tipo_lote":"FISCAL","cd_lote":"0161","cd_situacao":1,"cd_digito_sql":"6","cd_logradouro":"137960","nm_logradouro_completo":"R MELO BARRETO","cd_numero_porta":"79","tx_complemento_endereco":null,"tx_situ_lote":"ATIVO","cd_tipo_uso_imovel":"10","dc_tipo_uso_imovel":"Residencial","cd_tipo_terreno_imovel":1,"qt_area_terreno":71,"qt_area_construida":40}}},{"type":"Feature","geometry":{"type":"Polygon","coordinates":[[[-46.618117,-23.40567],[-46.618056,-23.405667],[-46.618061,-23.405557],[-46.618103,-23.405559],[-46.618121,-23.40556],[-46.61812,-23.405605],[-46.618118,-23.405651],[-46.618117,-23.40567]]]},"properties":{"sqlu":"SP-003-979595","inscription":"SP-GEOSAMPA-1979595","inscricaoImobiliaria":"SP-IMO-1979595","setor":"003","quadra":"019","lote":"0208","sourceType":"OFFICIAL_IMPORT","mainAddress":"Setor Fiscal 003","zoneamento":"RESIDENCIAL","statusCadastral":"ATIVO","workflowStatus":"PENDENTE","isOfficial":true,"rawProperties":{"cd_identificador":1979595,"cd_identificador_original_lote":8819788,"cd_setor_fiscal":"003","cd_tipo_quadra":"F","tx_tipo_quadra":"FISCAL","cd_quadra_fiscal":"019","cd_subquadra_fiscal":null,"cd_condominio":"00","cd_tipo_lote":"F","tx_tipo_lote":"FISCAL","cd_lote":"0208","cd_situacao":1,"cd_digito_sql":"9","cd_logradouro":"038261","nm_logradouro_completo":"R CAETANO PINTO","cd_numero_porta":"658","tx_complemento_endereco":null,"tx_situ_lote":"ATIVO","cd_tipo_uso_imovel":"10","dc_tipo_uso_imovel":"Residencial","cd_tipo_terreno_imovel":1,"qt_area_terreno":60,"qt_area_construida":120}}},{"type":"Feature","geometry":{"type":"Polygon","coordinates":[[[-46.620945,-23.401245],[-46.620966,-23.401214],[-46.621134,-23.401278],[-46.621111,-23.401309],[-46.621079,-23.401297],[-46.620945,-23.401245]]]},"properties":{"sqlu":"SP-003-980110","inscription":"SP-GEOSAMPA-1980110","inscricaoImobiliaria":"SP-IMO-1980110","setor":"003","quadra":"012","lote":"0012","sourceType":"OFFICIAL_IMPORT","mainAddress":"Setor Fiscal 003","zoneamento":"RESIDENCIAL","statusCadastral":"ATIVO","workflowStatus":"PENDENTE","isOfficial":true,"rawProperties":{"cd_identificador":1980110,"cd_identificador_original_lote":8821308,"cd_setor_fiscal":"003","cd_tipo_quadra":"F","tx_tipo_quadra":"FISCAL","cd_quadra_fiscal":"012","cd_subquadra_fiscal":null,"cd_condominio":"00","cd_tipo_lote":"F","tx_tipo_lote":"FISCAL","cd_lote":"0012","cd_situacao":1,"cd_digito_sql":"2","cd_logradouro":"038261","nm_logradouro_completo":"R CAETANO PINTO","cd_numero_porta":"88","tx_complemento_endereco":"E 90","tx_situ_lote":"ATIVO","cd_tipo_uso_imovel":"40","dc_tipo_uso_imovel":"Não residencial","cd_tipo_terreno_imovel":1,"qt_area_terreno":86,"qt_area_construida":160}}},{"type":"Feature","geometry":{"type":"Polygon","coordinates":[[[-46.616822,-23.405644],[-46.6169,-23.405648],[-46.616896,-23.405724],[-46.61682,-23.40572],[-46.616821,-23.405693],[-46.616821,-23.405676],[-46.616821,-23.405664],[-46.616822,-23.405644]]]},"properties":{"sqlu":"SP-003-980224","inscription":"SP-GEOSAMPA-1980224","inscricaoImobiliaria":"SP-IMO-1980224","setor":"003","quadra":"041","lote":"0102","sourceType":"OFFICIAL_IMPORT","mainAddress":"Setor Fiscal 003","zoneamento":"RESIDENCIAL","statusCadastral":"ATIVO","workflowStatus":"PENDENTE","isOfficial":true,"rawProperties":{"cd_identificador":1980224,"cd_identificador_original_lote":8820222,"cd_setor_fiscal":"003","cd_tipo_quadra":"F","tx_tipo_quadra":"FISCAL","cd_quadra_fiscal":"041","cd_subquadra_fiscal":null,"cd_condominio":"00","cd_tipo_lote":"F","tx_tipo_lote":"FISCAL","cd_lote":"0102","cd_situacao":1,"cd_digito_sql":"8","cd_logradouro":"155241","nm_logradouro_completo":"R VISC DE PARNAIBA","cd_numero_porta":"685","tx_complemento_endereco":"CS2","tx_situ_lote":"ATIVO","cd_tipo_uso_imovel":"10","dc_tipo_uso_imovel":"Residencial","cd_tipo_terreno_imovel":4,"qt_area_terreno":61,"qt_area_construida":45}}},{"type":"Feature","geometry":{"type":"Polygon","coordinates":[[[-46.618948,-23.405298],[-46.618953,-23.405169],[-46.618954,-23.405136],[-46.618993,-23.405131],[-46.618985,-23.405298],[-46.618948,-23.405298]]]},"properties":{"sqlu":"SP-003-980313","inscription":"SP-GEOSAMPA-1980313","inscricaoImobiliaria":"SP-IMO-1980313","setor":"003","quadra":"019","lote":"0076","sourceType":"OFFICIAL_IMPORT","mainAddress":"Setor Fiscal 003","zoneamento":"RESIDENCIAL","statusCadastral":"ATIVO","workflowStatus":"PENDENTE","isOfficial":true,"rawProperties":{"cd_identificador":1980313,"cd_identificador_original_lote":8819778,"cd_setor_fiscal":"003","cd_tipo_quadra":"F","tx_tipo_quadra":"FISCAL","cd_quadra_fiscal":"019","cd_subquadra_fiscal":null,"cd_condominio":"00","cd_tipo_lote":"F","tx_tipo_lote":"FISCAL","cd_lote":"0076","cd_situacao":1,"cd_digito_sql":"0","cd_logradouro":"155241","nm_logradouro_completo":"R VISC DE PARNAIBA","cd_numero_porta":"485","tx_complemento_endereco":"CS 7","tx_situ_lote":"ATIVO","cd_tipo_uso_imovel":"10","dc_tipo_uso_imovel":"Residencial","cd_tipo_terreno_imovel":4,"qt_area_terreno":52,"qt_area_construida":38}}},{"type":"Feature","geometry":{"type":"Polygon","coordinates":[[[-46.618948,-23.405298],[-46.618912,-23.405299],[-46.618916,-23.405168],[-46.618917,-23.40514],[-46.618954,-23.405136],[-46.618953,-23.405169],[-46.618948,-23.405298]]]},"properties":{"sqlu":"SP-003-980314","inscription":"SP-GEOSAMPA-1980314","inscricaoImobiliaria":"SP-IMO-1980314","setor":"003","quadra":"019","lote":"0077","sourceType":"OFFICIAL_IMPORT","mainAddress":"Setor Fiscal 003","zoneamento":"RESIDENCIAL","statusCadastral":"ATIVO","workflowStatus":"PENDENTE","isOfficial":true,"rawProperties":{"cd_identificador":1980314,"cd_identificador_original_lote":8819779,"cd_setor_fiscal":"003","cd_tipo_quadra":"F","tx_tipo_quadra":"FISCAL","cd_quadra_fiscal":"019","cd_subquadra_fiscal":null,"cd_condominio":"00","cd_tipo_lote":"F","tx_tipo_lote":"FISCAL","cd_lote":"0077","cd_situacao":1,"cd_digito_sql":"9","cd_logradouro":"155241","nm_logradouro_completo":"R VISC DE PARNAIBA","cd_numero_porta":"485","tx_complemento_endereco":"CS 8","tx_situ_lote":"ATIVO","cd_tipo_uso_imovel":"10","dc_tipo_uso_imovel":"Residencial","cd_tipo_terreno_imovel":4,"qt_area_terreno":52,"qt_area_construida":96}}},{"type":"Feature","geometry":{"type":"Polygon","coordinates":[[[-46.627859,-23.405962],[-46.627859,-23.405959],[-46.627855,-23.405893],[-46.628,-23.405978],[-46.628013,-23.405985],[-46.628057,-23.406011],[-46.628069,-23.406019],[-46.628122,-23.406049],[-46.628112,-23.406059],[-46.628103,-23.406068],[-46.628076,-23.406096],[-46.628026,-23.406065],[-46.627996,-23.406047],[-46.627961,-23.406025],[-46.627859,-23.405962]]]},"properties":{"sqlu":"SP-003-980134","inscription":"SP-GEOSAMPA-1980134","inscricaoImobiliaria":"SP-IMO-1980134","setor":"003","quadra":"006","lote":"0020","sourceType":"OFFICIAL_IMPORT","mainAddress":"Setor Fiscal 003","zoneamento":"RESIDENCIAL","statusCadastral":"ATIVO","workflowStatus":"PENDENTE","isOfficial":true,"rawProperties":{"cd_identificador":1980134,"cd_identificador_original_lote":8820768,"cd_setor_fiscal":"003","cd_tipo_quadra":"F","tx_tipo_quadra":"FISCAL","cd_quadra_fiscal":"006","cd_subquadra_fiscal":null,"cd_condominio":"00","cd_tipo_lote":"F","tx_tipo_lote":"FISCAL","cd_lote":"0020","cd_situacao":1,"cd_digito_sql":"8","cd_logradouro":"044342","nm_logradouro_completo":"R DOS CARMELITAS","cd_numero_porta":"160","tx_complemento_endereco":null,"tx_situ_lote":"ATIVO","cd_tipo_uso_imovel":"10","dc_tipo_uso_imovel":"Residencial","cd_tipo_terreno_imovel":1,"qt_area_terreno":187,"qt_area_construida":95}}},{"type":"Feature","geometry":{"type":"Polygon","coordinates":[[[-46.617166,-23.399337],[-46.617192,-23.399301],[-46.617234,-23.399326],[-46.617294,-23.399361],[-46.617416,-23.399433],[-46.617488,-23.39947],[-46.617484,-23.399478],[-46.617492,-23.399482],[-46.617478,-23.399504],[-46.617472,-23.399512],[-46.617166,-23.399337]]]},"properties":{"sqlu":"SP-003-980476","inscription":"SP-GEOSAMPA-1980476","inscricaoImobiliaria":"SP-IMO-1980476","setor":"003","quadra":"015","lote":"0020","sourceType":"OFFICIAL_IMPORT","mainAddress":"Setor Fiscal 003","zoneamento":"RESIDENCIAL","statusCadastral":"ATIVO","workflowStatus":"PENDENTE","isOfficial":true,"rawProperties":{"cd_identificador":1980476,"cd_identificador_original_lote":8819892,"cd_setor_fiscal":"003","cd_tipo_quadra":"F","tx_tipo_quadra":"FISCAL","cd_quadra_fiscal":"015","cd_subquadra_fiscal":null,"cd_condominio":"00","cd_tipo_lote":"F","tx_tipo_lote":"FISCAL","cd_lote":"0020","cd_situacao":1,"cd_digito_sql":"7","cd_logradouro":"135895","nm_logradouro_completo":"R MARTIM BURCHARD","cd_numero_porta":"98","tx_complemento_endereco":null,"tx_situ_lote":"ATIVO","cd_tipo_uso_imovel":"00","dc_tipo_uso_imovel":"Terreno","cd_tipo_terreno_imovel":1,"qt_area_terreno":229,"qt_area_construida":0}}},{"type":"Feature","geometry":{"type":"Polygon","coordinates":[[[-46.620566,-23.404366],[-46.62051,-23.404373],[-46.620384,-23.404387],[-46.620298,-23.404396],[-46.620339,-23.40427],[-46.620352,-23.404231],[-46.620283,-23.404214],[-46.620412,-23.40382],[-46.620263,-23.403781],[-46.620253,-23.403796],[-46.620227,-23.403836],[-46.620223,-23.403842],[-46.619826,-23.403649],[-46.619425,-23.403453],[-46.619473,-23.403383],[-46.619561,-23.403256],[-46.619616,-23.403171],[-46.619636,-23.40314],[-46.619645,-23.403125],[-46.61967,-23.403108],[-46.619702,-23.403125],[-46.619745,-23.403146],[-46.61979,-23.403165],[-46.619829,-23.403178],[-46.620279,-23.403289],[-46.620617,-23.403368],[-46.620816,-23.403417],[-46.620835,-23.403444],[-46.620711,-23.403831],[-46.620696,-23.403884],[-46.620683,-23.403924],[-46.620576,-23.404252],[-46.620566,-23.404366]]]},"properties":{"sqlu":"SP-003-980573","inscription":"SP-GEOSAMPA-1980573","inscricaoImobiliaria":"SP-IMO-1980573","setor":"003","quadra":"019","lote":"0000","sourceType":"OFFICIAL_IMPORT","mainAddress":"Setor Fiscal 003","zoneamento":"RESIDENCIAL","statusCadastral":"ATIVO","workflowStatus":"PENDENTE","isOfficial":true,"rawProperties":{"cd_identificador":1980573,"cd_identificador_original_lote":8819803,"cd_setor_fiscal":"003","cd_tipo_quadra":"F","tx_tipo_quadra":"FISCAL","cd_quadra_fiscal":"019","cd_subquadra_fiscal":null,"cd_condominio":"04","cd_tipo_lote":"F","tx_tipo_lote":"FISCAL","cd_lote":"0000","cd_situacao":1,"cd_digito_sql":null,"cd_logradouro":"044784","nm_logradouro_completo":"R CARNEIRO LEAO","cd_numero_porta":"395","tx_complemento_endereco":null,"tx_situ_lote":null,"cd_tipo_uso_imovel":"XX","dc_tipo_uso_imovel":"Condomínio","cd_tipo_terreno_imovel":99,"qt_area_terreno":8797,"qt_area_construida":null}}},{"type":"Feature","geometry":{"type":"Polygon","coordinates":[[[-46.622648,-23.40454],[-46.62268,-23.404451],[-46.62284,-23.4045],[-46.623017,-23.404555],[-46.623113,-23.404585],[-46.623151,-23.404597],[-46.62312,-23.404685],[-46.623058,-23.404666],[-46.623049,-23.404663],[-46.623032,-23.404658],[-46.622985,-23.404643],[-46.622979,-23.404642],[-46.622892,-23.404615],[-46.622648,-23.40454]]]},"properties":{"sqlu":"SP-003-980344","inscription":"SP-GEOSAMPA-1980344","inscricaoImobiliaria":"SP-IMO-1980344","setor":"003","quadra":"010","lote":"0018","sourceType":"OFFICIAL_IMPORT","mainAddress":"Setor Fiscal 003","zoneamento":"RESIDENCIAL","statusCadastral":"ATIVO","workflowStatus":"PENDENTE","isOfficial":true,"rawProperties":{"cd_identificador":1980344,"cd_identificador_original_lote":8820343,"cd_setor_fiscal":"003","cd_tipo_quadra":"F","tx_tipo_quadra":"FISCAL","cd_quadra_fiscal":"010","cd_subquadra_fiscal":null,"cd_condominio":"00","cd_tipo_lote":"F","tx_tipo_lote":"FISCAL","cd_lote":"0018","cd_situacao":1,"cd_digito_sql":"2","cd_logradouro":"069124","nm_logradouro_completo":"R CAP FAUSTINO LIMA","cd_numero_porta":"346","tx_complemento_endereco":null,"tx_situ_lote":"ATIVO","cd_tipo_uso_imovel":"10","dc_tipo_uso_imovel":"Residencial","cd_tipo_terreno_imovel":1,"qt_area_terreno":160,"qt_area_construida":250}}},{"type":"Feature","geometry":{"type":"Polygon","coordinates":[[[-46.61334,-23.403748],[-46.613348,-23.403737],[-46.613376,-23.403694],[-46.613432,-23.403613],[-46.613464,-23.403565],[-46.613527,-23.403601],[-46.613495,-23.403649],[-46.613304,-23.403929],[-46.613316,-23.403936],[-46.613269,-23.404001],[-46.613197,-23.403958],[-46.613261,-23.403863],[-46.613272,-23.403847],[-46.61334,-23.403748]]]},"properties":{"sqlu":"SP-003-980712","inscription":"SP-GEOSAMPA-1980712","inscricaoImobiliaria":"SP-IMO-1980712","setor":"003","quadra":"044","lote":"0075","sourceType":"OFFICIAL_IMPORT","mainAddress":"Setor Fiscal 003","zoneamento":"RESIDENCIAL","statusCadastral":"ATIVO","workflowStatus":"PENDENTE","isOfficial":true,"rawProperties":{"cd_identificador":1980712,"cd_identificador_original_lote":8821002,"cd_setor_fiscal":"003","cd_tipo_quadra":"F","tx_tipo_quadra":"FISCAL","cd_quadra_fiscal":"044","cd_subquadra_fiscal":null,"cd_condominio":"00","cd_tipo_lote":"F","tx_tipo_lote":"FISCAL","cd_lote":"0075","cd_situacao":1,"cd_digito_sql":"0","cd_logradouro":"155241","nm_logradouro_completo":"R VISC DE PARNAIBA","cd_numero_porta":"1125","tx_complemento_endereco":"E 1127","tx_situ_lote":"ATIVO","cd_tipo_uso_imovel":"22","dc_tipo_uso_imovel":"Residencial","cd_tipo_terreno_imovel":1,"qt_area_terreno":540,"qt_area_construida":1417}}},{"type":"Feature","geometry":{"type":"Polygon","coordinates":[[[-46.620566,-23.405405],[-46.620743,-23.405378],[-46.620751,-23.405425],[-46.620573,-23.405451],[-46.620566,-23.405405]]]},"properties":{"sqlu":"SP-003-980761","inscription":"SP-GEOSAMPA-1980761","inscricaoImobiliaria":"SP-IMO-1980761","setor":"003","quadra":"019","lote":"0112","sourceType":"OFFICIAL_IMPORT","mainAddress":"Setor Fiscal 003","zoneamento":"RESIDENCIAL","statusCadastral":"ATIVO","workflowStatus":"PENDENTE","isOfficial":true,"rawProperties":{"cd_identificador":1980761,"cd_identificador_original_lote":8819811,"cd_setor_fiscal":"003","cd_tipo_quadra":"F","tx_tipo_quadra":"FISCAL","cd_quadra_fiscal":"019","cd_subquadra_fiscal":null,"cd_condominio":"00","cd_tipo_lote":"F","tx_tipo_lote":"FISCAL","cd_lote":"0112","cd_situacao":1,"cd_digito_sql":"0","cd_logradouro":"044784","nm_logradouro_completo":"R CARNEIRO LEAO","cd_numero_porta":"521","tx_complemento_endereco":null,"tx_situ_lote":"ATIVO","cd_tipo_uso_imovel":"40","dc_tipo_uso_imovel":"Não residencial","cd_tipo_terreno_imovel":1,"qt_area_terreno":90,"qt_area_construida":90}}},{"type":"Feature","geometry":{"type":"Polygon","coordinates":[[[-46.61334,-23.403748],[-46.613306,-23.403727],[-46.613272,-23.403707],[-46.613239,-23.403688],[-46.613203,-23.403666],[-46.613058,-23.403877],[-46.61304,-23.403866],[-46.613159,-23.403691],[-46.61318,-23.403659],[-46.61322,-23.403601],[-46.613251,-23.40362],[-46.613284,-23.40364],[-46.613314,-23.403658],[-46.613346,-23.403676],[-46.613376,-23.403694],[-46.613348,-23.403737],[-46.61334,-23.403748]]]},"properties":{"sqlu":"SP-003-980711","inscription":"SP-GEOSAMPA-1980711","inscricaoImobiliaria":"SP-IMO-1980711","setor":"003","quadra":"044","lote":"0002","sourceType":"OFFICIAL_IMPORT","mainAddress":"Setor Fiscal 003","zoneamento":"RESIDENCIAL","statusCadastral":"ATIVO","workflowStatus":"PENDENTE","isOfficial":true,"rawProperties":{"cd_identificador":1980711,"cd_identificador_original_lote":8820997,"cd_setor_fiscal":"003","cd_tipo_quadra":"F","tx_tipo_quadra":"FISCAL","cd_quadra_fiscal":"044","cd_subquadra_fiscal":null,"cd_condominio":"00","cd_tipo_lote":"V","tx_tipo_lote":"Via de Acesso","cd_lote":"0002","cd_situacao":1,"cd_digito_sql":null,"cd_logradouro":null,"nm_logradouro_completo":null,"cd_numero_porta":null,"tx_complemento_endereco":null,"tx_situ_lote":null,"cd_tipo_uso_imovel":null,"dc_tipo_uso_imovel":null,"cd_tipo_terreno_imovel":null,"qt_area_terreno":null,"qt_area_construida":null}}},{"type":"Feature","geometry":{"type":"Polygon","coordinates":[[[-46.618274,-23.405412],[-46.618284,-23.405245],[-46.618353,-23.405238],[-46.618451,-23.405235],[-46.618427,-23.405585],[-46.618411,-23.405813],[-46.618357,-23.405819],[-46.618247,-23.405831],[-46.618274,-23.405412]]]},"properties":{"sqlu":"SP-003-980617","inscription":"SP-GEOSAMPA-1980617","inscricaoImobiliaria":"SP-IMO-1980617","setor":"003","quadra":"019","lote":"0580","sourceType":"OFFICIAL_IMPORT","mainAddress":"Setor Fiscal 003","zoneamento":"RESIDENCIAL","statusCadastral":"ATIVO","workflowStatus":"PENDENTE","isOfficial":true,"rawProperties":{"cd_identificador":1980617,"cd_identificador_original_lote":8819784,"cd_setor_fiscal":"003","cd_tipo_quadra":"F","tx_tipo_quadra":"FISCAL","cd_quadra_fiscal":"019","cd_subquadra_fiscal":null,"cd_condominio":"00","cd_tipo_lote":"F","tx_tipo_lote":"FISCAL","cd_lote":"0580","cd_situacao":1,"cd_digito_sql":"0","cd_logradouro":"155241","nm_logradouro_completo":"R VISC DE PARNAIBA","cd_numero_porta":"537","tx_complemento_endereco":null,"tx_situ_lote":"ATIVO","cd_tipo_uso_imovel":"51","dc_tipo_uso_imovel":"Não residencial","cd_tipo_terreno_imovel":1,"qt_area_terreno":1130,"qt_area_construida":1470}}},{"type":"Feature","geometry":{"type":"Polygon","coordinates":[[[-46.618274,-23.405412],[-46.618247,-23.405831],[-46.618166,-23.405841],[-46.618176,-23.405655],[-46.618198,-23.405369],[-46.618233,-23.405389],[-46.618255,-23.405401],[-46.618274,-23.405412]]]},"properties":{"sqlu":"SP-003-980618","inscription":"SP-GEOSAMPA-1980618","inscricaoImobiliaria":"SP-IMO-1980618","setor":"003","quadra":"019","lote":"0056","sourceType":"OFFICIAL_IMPORT","mainAddress":"Setor Fiscal 003","zoneamento":"RESIDENCIAL","statusCadastral":"ATIVO","workflowStatus":"PENDENTE","isOfficial":true,"rawProperties":{"cd_identificador":1980618,"cd_identificador_original_lote":8819785,"cd_setor_fiscal":"003","cd_tipo_quadra":"F","tx_tipo_quadra":"FISCAL","cd_quadra_fiscal":"019","cd_subquadra_fiscal":null,"cd_condominio":"00","cd_tipo_lote":"F","tx_tipo_lote":"FISCAL","cd_lote":"0056","cd_situacao":1,"cd_digito_sql":"6","cd_logradouro":"155241","nm_logradouro_completo":"R VISC DE PARNAIBA","cd_numero_porta":"547","tx_complemento_endereco":null,"tx_situ_lote":"ATIVO","cd_tipo_uso_imovel":"51","dc_tipo_uso_imovel":"Não residencial","cd_tipo_terreno_imovel":1,"qt_area_terreno":317,"qt_area_construida":317}}},{"type":"Feature","geometry":{"type":"Polygon","coordinates":[[[-46.622383,-23.405174],[-46.622421,-23.405169],[-46.622438,-23.405167],[-46.622458,-23.405164],[-46.62251,-23.405403],[-46.622432,-23.40541],[-46.622383,-23.405174]]]},"properties":{"sqlu":"SP-003-980824","inscription":"SP-GEOSAMPA-1980824","inscricaoImobiliaria":"SP-IMO-1980824","setor":"003","quadra":"021","lote":"0024","sourceType":"OFFICIAL_IMPORT","mainAddress":"Setor Fiscal 003","zoneamento":"RESIDENCIAL","statusCadastral":"ATIVO","workflowStatus":"PENDENTE","isOfficial":true,"rawProperties":{"cd_identificador":1980824,"cd_identificador_original_lote":8821415,"cd_setor_fiscal":"003","cd_tipo_quadra":"F","tx_tipo_quadra":"FISCAL","cd_quadra_fiscal":"021","cd_subquadra_fiscal":null,"cd_condominio":"00","cd_tipo_lote":"F","tx_tipo_lote":"FISCAL","cd_lote":"0024","cd_situacao":1,"cd_digito_sql":"5","cd_logradouro":"155241","nm_logradouro_completo":"R VISC DE PARNAIBA","cd_numero_porta":"111","tx_complemento_endereco":"E 115","tx_situ_lote":"ATIVO","cd_tipo_uso_imovel":"60","dc_tipo_uso_imovel":"Não residencial","cd_tipo_terreno_imovel":1,"qt_area_terreno":200,"qt_area_construida":300}}},{"type":"Feature","geometry":{"type":"Polygon","coordinates":[[[-46.622383,-23.405174],[-46.622432,-23.40541],[-46.622374,-23.405416],[-46.622326,-23.405182],[-46.622383,-23.405172],[-46.622383,-23.405174]]]},"properties":{"sqlu":"SP-003-980825","inscription":"SP-GEOSAMPA-1980825","inscricaoImobiliaria":"SP-IMO-1980825","setor":"003","quadra":"021","lote":"0023","sourceType":"OFFICIAL_IMPORT","mainAddress":"Setor Fiscal 003","zoneamento":"RESIDENCIAL","statusCadastral":"ATIVO","workflowStatus":"PENDENTE","isOfficial":true,"rawProperties":{"cd_identificador":1980825,"cd_identificador_original_lote":8821416,"cd_setor_fiscal":"003","cd_tipo_quadra":"F","tx_tipo_quadra":"FISCAL","cd_quadra_fiscal":"021","cd_subquadra_fiscal":null,"cd_condominio":"00","cd_tipo_lote":"F","tx_tipo_lote":"FISCAL","cd_lote":"0023","cd_situacao":1,"cd_digito_sql":"7","cd_logradouro":"155241","nm_logradouro_completo":"R VISC DE PARNAIBA","cd_numero_porta":"121","tx_complemento_endereco":null,"tx_situ_lote":"ATIVO","cd_tipo_uso_imovel":"91","dc_tipo_uso_imovel":null,"cd_tipo_terreno_imovel":1,"qt_area_terreno":90,"qt_area_construida":178}}},{"type":"Feature","geometry":{"type":"Polygon","coordinates":[[[-46.619618,-23.401588],[-46.619609,-23.401603],[-46.619592,-23.40163],[-46.619481,-23.401571],[-46.619469,-23.401565],[-46.619495,-23.401522],[-46.619521,-23.401537],[-46.61959,-23.401573],[-46.619597,-23.401577],[-46.619618,-23.401588]]]},"properties":{"sqlu":"SP-003-980947","inscription":"SP-GEOSAMPA-1980947","inscricaoImobiliaria":"SP-IMO-1980947","setor":"003","quadra":"013","lote":"0040","sourceType":"OFFICIAL_IMPORT","mainAddress":"Setor Fiscal 003","zoneamento":"RESIDENCIAL","statusCadastral":"ATIVO","workflowStatus":"PENDENTE","isOfficial":true,"rawProperties":{"cd_identificador":1980947,"cd_identificador_original_lote":8820441,"cd_setor_fiscal":"003","cd_tipo_quadra":"F","tx_tipo_quadra":"FISCAL","cd_quadra_fiscal":"013","cd_subquadra_fiscal":null,"cd_condominio":"00","cd_tipo_lote":"F","tx_tipo_lote":"FISCAL","cd_lote":"0040","cd_situacao":1,"cd_digito_sql":"2","cd_logradouro":"029769","nm_logradouro_completo":"R PROF BATISTA DE ANDRADE","cd_numero_porta":"188","tx_complemento_endereco":null,"tx_situ_lote":"ATIVO","cd_tipo_uso_imovel":"91","dc_tipo_uso_imovel":null,"cd_tipo_terreno_imovel":1,"qt_area_terreno":68,"qt_area_construida":112}}},{"type":"Feature","geometry":{"type":"Polygon","coordinates":[[[-46.620566,-23.405405],[-46.620559,-23.405359],[-46.620735,-23.405332],[-46.620743,-23.405378],[-46.620566,-23.405405]]]},"properties":{"sqlu":"SP-003-980760","inscription":"SP-GEOSAMPA-1980760","inscricaoImobiliaria":"SP-IMO-1980760","setor":"003","quadra":"019","lote":"0113","sourceType":"OFFICIAL_IMPORT","mainAddress":"Setor Fiscal 003","zoneamento":"RESIDENCIAL","statusCadastral":"ATIVO","workflowStatus":"PENDENTE","isOfficial":true,"rawProperties":{"cd_identificador":1980760,"cd_identificador_original_lote":8819798,"cd_setor_fiscal":"003","cd_tipo_quadra":"F","tx_tipo_quadra":"FISCAL","cd_quadra_fiscal":"019","cd_subquadra_fiscal":null,"cd_condominio":"00","cd_tipo_lote":"F","tx_tipo_lote":"FISCAL","cd_lote":"0113","cd_situacao":1,"cd_digito_sql":"9","cd_logradouro":"044784","nm_logradouro_completo":"R CARNEIRO LEAO","cd_numero_porta":"515","tx_complemento_endereco":null,"tx_situ_lote":"ATIVO","cd_tipo_uso_imovel":"40","dc_tipo_uso_imovel":"Não residencial","cd_tipo_terreno_imovel":1,"qt_area_terreno":90,"qt_area_construida":60}}},{"type":"Feature","geometry":{"type":"Polygon","coordinates":[[[-46.62099,-23.401178],[-46.62124,-23.401277],[-46.621225,-23.401311],[-46.621134,-23.401278],[-46.620966,-23.401214],[-46.62099,-23.401178]]]},"properties":{"sqlu":"SP-003-980657","inscription":"SP-GEOSAMPA-1980657","inscricaoImobiliaria":"SP-IMO-1980657","setor":"003","quadra":"012","lote":"0011","sourceType":"OFFICIAL_IMPORT","mainAddress":"Setor Fiscal 003","zoneamento":"RESIDENCIAL","statusCadastral":"ATIVO","workflowStatus":"PENDENTE","isOfficial":true,"rawProperties":{"cd_identificador":1980657,"cd_identificador_original_lote":8821309,"cd_setor_fiscal":"003","cd_tipo_quadra":"F","tx_tipo_quadra":"FISCAL","cd_quadra_fiscal":"012","cd_subquadra_fiscal":null,"cd_condominio":"00","cd_tipo_lote":"F","tx_tipo_lote":"FISCAL","cd_lote":"0011","cd_situacao":1,"cd_digito_sql":"4","cd_logradouro":"038261","nm_logradouro_completo":"R CAETANO PINTO","cd_numero_porta":"84","tx_complemento_endereco":"E 86","tx_situ_lote":"ATIVO","cd_tipo_uso_imovel":"14","dc_tipo_uso_imovel":"Residencial","cd_tipo_terreno_imovel":1,"qt_area_terreno":140,"qt_area_construida":250}}},{"type":"Feature","geometry":{"type":"Polygon","coordinates":[[[-46.617762,-23.406261],[-46.617778,-23.406003],[-46.617822,-23.405998],[-46.617806,-23.406257],[-46.617762,-23.406261]]]},"properties":{"sqlu":"SP-003-980658","inscription":"SP-GEOSAMPA-1980658","inscricaoImobiliaria":"SP-IMO-1980658","setor":"003","quadra":"059","lote":"0003","sourceType":"OFFICIAL_IMPORT","mainAddress":"Setor Fiscal 003","zoneamento":"RESIDENCIAL","statusCadastral":"ATIVO","workflowStatus":"PENDENTE","isOfficial":true,"rawProperties":{"cd_identificador":1980658,"cd_identificador_original_lote":8820868,"cd_setor_fiscal":"003","cd_tipo_quadra":"F","tx_tipo_quadra":"FISCAL","cd_quadra_fiscal":"059","cd_subquadra_fiscal":null,"cd_condominio":"00","cd_tipo_lote":"F","tx_tipo_lote":"FISCAL","cd_lote":"0003","cd_situacao":1,"cd_digito_sql":"1","cd_logradouro":"155241","nm_logradouro_completo":"R VISC DE PARNAIBA","cd_numero_porta":"592","tx_complemento_endereco":"594","tx_situ_lote":"ATIVO","cd_tipo_uso_imovel":"40","dc_tipo_uso_imovel":"Não residencial","cd_tipo_terreno_imovel":3,"qt_area_terreno":117,"qt_area_construida":130}}},{"type":"Feature","geometry":{"type":"Polygon","coordinates":[[[-46.617762,-23.406261],[-46.617664,-23.406271],[-46.617695,-23.406012],[-46.617778,-23.406003],[-46.617762,-23.406261]]]},"properties":{"sqlu":"SP-003-980659","inscription":"SP-GEOSAMPA-1980659","inscricaoImobiliaria":"SP-IMO-1980659","setor":"003","quadra":"059","lote":"0002","sourceType":"OFFICIAL_IMPORT","mainAddress":"Setor Fiscal 003","zoneamento":"RESIDENCIAL","statusCadastral":"ATIVO","workflowStatus":"PENDENTE","isOfficial":true,"rawProperties":{"cd_identificador":1980659,"cd_identificador_original_lote":8820869,"cd_setor_fiscal":"003","cd_tipo_quadra":"F","tx_tipo_quadra":"FISCAL","cd_quadra_fiscal":"059","cd_subquadra_fiscal":null,"cd_condominio":"00","cd_tipo_lote":"F","tx_tipo_lote":"FISCAL","cd_lote":"0002","cd_situacao":1,"cd_digito_sql":"1","cd_logradouro":"155241","nm_logradouro_completo":"R VISC DE PARNAIBA","cd_numero_porta":"596","tx_complemento_endereco":"600 E 602","tx_situ_lote":"ATIVO","cd_tipo_uso_imovel":"60","dc_tipo_uso_imovel":"Não residencial","cd_tipo_terreno_imovel":3,"qt_area_terreno":247,"qt_area_construida":247}}},{"type":"Feature","geometry":{"type":"Polygon","coordinates":[[[-46.614835,-23.400266],[-46.615232,-23.400499],[-46.615457,-23.400631],[-46.615413,-23.400695],[-46.615271,-23.400618],[-46.615161,-23.400776],[-46.614683,-23.40049],[-46.614835,-23.400266]]]},"properties":{"sqlu":"SP-003-980654","inscription":"SP-GEOSAMPA-1980654","inscricaoImobiliaria":"SP-IMO-1980654","setor":"003","quadra":"016","lote":"0019","sourceType":"OFFICIAL_IMPORT","mainAddress":"Setor Fiscal 003","zoneamento":"RESIDENCIAL","statusCadastral":"ATIVO","workflowStatus":"PENDENTE","isOfficial":true,"rawProperties":{"cd_identificador":1980654,"cd_identificador_original_lote":8820632,"cd_setor_fiscal":"003","cd_tipo_quadra":"F","tx_tipo_quadra":"FISCAL","cd_quadra_fiscal":"016","cd_subquadra_fiscal":null,"cd_condominio":"00","cd_tipo_lote":"F","tx_tipo_lote":"FISCAL","cd_lote":"0019","cd_situacao":1,"cd_digito_sql":"8","cd_logradouro":"060461","nm_logradouro_completo":"R DOMINGOS PAIVA","cd_numero_porta":"322","tx_complemento_endereco":"332 E 342","tx_situ_lote":"ATIVO","cd_tipo_uso_imovel":"40","dc_tipo_uso_imovel":"Não residencial","cd_tipo_terreno_imovel":2,"qt_area_terreno":1500,"qt_area_construida":1500}}},{"type":"Feature","geometry":{"type":"Polygon","coordinates":[[[-46.615633,-23.403195],[-46.615481,-23.403408],[-46.61544,-23.403385],[-46.615593,-23.403172],[-46.615633,-23.403195]]]},"properties":{"sqlu":"SP-003-980938","inscription":"SP-GEOSAMPA-1980938","inscricaoImobiliaria":"SP-IMO-1980938","setor":"003","quadra":"042","lote":"0009","sourceType":"OFFICIAL_IMPORT","mainAddress":"Setor Fiscal 003","zoneamento":"RESIDENCIAL","statusCadastral":"ATIVO","workflowStatus":"PENDENTE","isOfficial":true,"rawProperties":{"cd_identificador":1980938,"cd_identificador_original_lote":8821059,"cd_setor_fiscal":"003","cd_tipo_quadra":"F","tx_tipo_quadra":"FISCAL","cd_quadra_fiscal":"042","cd_subquadra_fiscal":null,"cd_condominio":"00","cd_tipo_lote":"F","tx_tipo_lote":"FISCAL","cd_lote":"0009","cd_situacao":1,"cd_digito_sql":"3","cd_logradouro":"143359","nm_logradouro_completo":"R CEL MURSA","cd_numero_porta":"104","tx_complemento_endereco":"E 106","tx_situ_lote":"ATIVO","cd_tipo_uso_imovel":"40","dc_tipo_uso_imovel":"Não residencial","cd_tipo_terreno_imovel":1,"qt_area_terreno":135,"qt_area_construida":120}}},{"type":"Feature","geometry":{"type":"Polygon","coordinates":[[[-46.613674,-23.403686],[-46.613707,-23.403704],[-46.613715,-23.403709],[-46.613633,-23.403832],[-46.613591,-23.403808],[-46.613674,-23.403686]]]},"properties":{"sqlu":"SP-003-981166","inscription":"SP-GEOSAMPA-1981166","inscricaoImobiliaria":"SP-IMO-1981166","setor":"003","quadra":"044","lote":"0079","sourceType":"OFFICIAL_IMPORT","mainAddress":"Setor Fiscal 003","zoneamento":"RESIDENCIAL","statusCadastral":"ATIVO","workflowStatus":"PENDENTE","isOfficial":true,"rawProperties":{"cd_identificador":1981166,"cd_identificador_original_lote":8820988,"cd_setor_fiscal":"003","cd_tipo_quadra":"F","tx_tipo_quadra":"FISCAL","cd_quadra_fiscal":"044","cd_subquadra_fiscal":null,"cd_condominio":"00","cd_tipo_lote":"F","tx_tipo_lote":"FISCAL","cd_lote":"0079","cd_situacao":1,"cd_digito_sql":"3","cd_logradouro":"155241","nm_logradouro_completo":"R VISC DE PARNAIBA","cd_numero_porta":"1107","tx_complemento_endereco":"CS 1","tx_situ_lote":"ATIVO","cd_tipo_uso_imovel":"10","dc_tipo_uso_imovel":"Residencial","cd_tipo_terreno_imovel":4,"qt_area_terreno":75,"qt_area_construida":73}}},{"type":"Feature","geometry":{"type":"Polygon","coordinates":[[[-46.620129,-23.400807],[-46.620102,-23.400848],[-46.620083,-23.400838],[-46.620048,-23.40082],[-46.619976,-23.400783],[-46.619949,-23.400769],[-46.619974,-23.400727],[-46.619989,-23.400735],[-46.6201,-23.400792],[-46.620108,-23.400796],[-46.620129,-23.400807]]]},"properties":{"sqlu":"SP-003-981441","inscription":"SP-GEOSAMPA-1981441","inscricaoImobiliaria":"SP-IMO-1981441","setor":"003","quadra":"013","lote":"0020","sourceType":"OFFICIAL_IMPORT","mainAddress":"Setor Fiscal 003","zoneamento":"RESIDENCIAL","statusCadastral":"ATIVO","workflowStatus":"PENDENTE","isOfficial":true,"rawProperties":{"cd_identificador":1981441,"cd_identificador_original_lote":8820462,"cd_setor_fiscal":"003","cd_tipo_quadra":"F","tx_tipo_quadra":"FISCAL","cd_quadra_fiscal":"013","cd_subquadra_fiscal":null,"cd_condominio":"00","cd_tipo_lote":"F","tx_tipo_lote":"FISCAL","cd_lote":"0020","cd_situacao":1,"cd_digito_sql":"8","cd_logradouro":"029769","nm_logradouro_completo":"R PROF BATISTA DE ANDRADE","cd_numero_porta":"86","tx_complemento_endereco":null,"tx_situ_lote":"ATIVO","cd_tipo_uso_imovel":"10","dc_tipo_uso_imovel":"Residencial","cd_tipo_terreno_imovel":1,"qt_area_terreno":89,"qt_area_construida":100}}},{"type":"Feature","geometry":{"type":"Polygon","coordinates":[[[-46.615704,-23.404184],[-46.61565,-23.404153],[-46.615754,-23.403998],[-46.615809,-23.40403],[-46.615786,-23.404064],[-46.61575,-23.404116],[-46.615704,-23.404184]]]},"properties":{"sqlu":"SP-003-981573","inscription":"SP-GEOSAMPA-1981573","inscricaoImobiliaria":"SP-IMO-1981573","setor":"003","quadra":"042","lote":"0051","sourceType":"OFFICIAL_IMPORT","mainAddress":"Setor Fiscal 003","zoneamento":"RESIDENCIAL","statusCadastral":"ATIVO","workflowStatus":"PENDENTE","isOfficial":true,"rawProperties":{"cd_identificador":1981573,"cd_identificador_original_lote":8821032,"cd_setor_fiscal":"003","cd_tipo_quadra":"F","tx_tipo_quadra":"FISCAL","cd_quadra_fiscal":"042","cd_subquadra_fiscal":null,"cd_condominio":"00","cd_tipo_lote":"F","tx_tipo_lote":"FISCAL","cd_lote":"0051","cd_situacao":1,"cd_digito_sql":"4","cd_logradouro":"005983","nm_logradouro_completo":"R ALEGRIA","cd_numero_porta":"39","tx_complemento_endereco":"E 41","tx_situ_lote":"ATIVO","cd_tipo_uso_imovel":"12","dc_tipo_uso_imovel":"Residencial","cd_tipo_terreno_imovel":1,"qt_area_terreno":135,"qt_area_construida":197}}},{"type":"Feature","geometry":{"type":"Polygon","coordinates":[[[-46.612953,-23.405599],[-46.612782,-23.405851],[-46.612618,-23.405756],[-46.612472,-23.405673],[-46.612465,-23.405642],[-46.612611,-23.405425],[-46.612647,-23.405416],[-46.612875,-23.405554],[-46.612953,-23.405599]]]},"properties":{"sqlu":"SP-003-981585","inscription":"SP-GEOSAMPA-1981585","inscricaoImobiliaria":"SP-IMO-1981585","setor":"003","quadra":"062","lote":"0036","sourceType":"OFFICIAL_IMPORT","mainAddress":"Setor Fiscal 003","zoneamento":"RESIDENCIAL","statusCadastral":"ATIVO","workflowStatus":"PENDENTE","isOfficial":true,"rawProperties":{"cd_identificador":1981585,"cd_identificador_original_lote":8820334,"cd_setor_fiscal":"003","cd_tipo_quadra":"F","tx_tipo_quadra":"FISCAL","cd_quadra_fiscal":"062","cd_subquadra_fiscal":null,"cd_condominio":"00","cd_tipo_lote":"F","tx_tipo_lote":"FISCAL","cd_lote":"0036","cd_situacao":1,"cd_digito_sql":"8","cd_logradouro":"065625","nm_logradouro_completo":"R ERNESTO DE CASTRO","cd_numero_porta":"186","tx_complemento_endereco":null,"tx_situ_lote":"ATIVO","cd_tipo_uso_imovel":"60","dc_tipo_uso_imovel":"Não residencial","cd_tipo_terreno_imovel":2,"qt_area_terreno":1442,"qt_area_construida":1442}}},{"type":"Feature","geometry":{"type":"Polygon","coordinates":[[[-46.613511,-23.407678],[-46.613453,-23.407759],[-46.613263,-23.407644],[-46.613262,-23.407638],[-46.613257,-23.407596],[-46.613256,-23.407585],[-46.613248,-23.407516],[-46.613511,-23.407678]]]},"properties":{"sqlu":"SP-003-981738","inscription":"SP-GEOSAMPA-1981738","inscricaoImobiliaria":"SP-IMO-1981738","setor":"003","quadra":"063","lote":"0050","sourceType":"OFFICIAL_IMPORT","mainAddress":"Setor Fiscal 003","zoneamento":"RESIDENCIAL","statusCadastral":"ATIVO","workflowStatus":"PENDENTE","isOfficial":true,"rawProperties":{"cd_identificador":1981738,"cd_identificador_original_lote":8821258,"cd_setor_fiscal":"003","cd_tipo_quadra":"F","tx_tipo_quadra":"FISCAL","cd_quadra_fiscal":"063","cd_subquadra_fiscal":null,"cd_condominio":"00","cd_tipo_lote":"F","tx_tipo_lote":"FISCAL","cd_lote":"0050","cd_situacao":1,"cd_digito_sql":"8","cd_logradouro":"163589","nm_logradouro_completo":"R PIRATININGA","cd_numero_porta":"1095","tx_complemento_endereco":null,"tx_situ_lote":"ATIVO","cd_tipo_uso_imovel":"40","dc_tipo_uso_imovel":"Não residencial","cd_tipo_terreno_imovel":1,"qt_area_terreno":260,"qt_area_construida":253}}},{"type":"Feature","geometry":{"type":"Polygon","coordinates":[[[-46.616738,-23.401715],[-46.61671,-23.401699],[-46.616701,-23.401693],[-46.616721,-23.401663],[-46.616764,-23.401601],[-46.616784,-23.401572],[-46.61681,-23.401533],[-46.616849,-23.401555],[-46.616835,-23.401576],[-46.616738,-23.401715]]]},"properties":{"sqlu":"SP-003-981539","inscription":"SP-GEOSAMPA-1981539","inscricaoImobiliaria":"SP-IMO-1981539","setor":"003","quadra":"020","lote":"0030","sourceType":"OFFICIAL_IMPORT","mainAddress":"Setor Fiscal 003","zoneamento":"RESIDENCIAL","statusCadastral":"ATIVO","workflowStatus":"PENDENTE","isOfficial":true,"rawProperties":{"cd_identificador":1981539,"cd_identificador_original_lote":8821383,"cd_setor_fiscal":"003","cd_tipo_quadra":"F","tx_tipo_quadra":"FISCAL","cd_quadra_fiscal":"020","cd_subquadra_fiscal":null,"cd_condominio":"00","cd_tipo_lote":"F","tx_tipo_lote":"FISCAL","cd_lote":"0030","cd_situacao":1,"cd_digito_sql":"5","cd_logradouro":"166731","nm_logradouro_completo":"R PRUDENTE DE MORAIS","cd_numero_porta":"101","tx_complemento_endereco":null,"tx_situ_lote":"ATIVO","cd_tipo_uso_imovel":"40","dc_tipo_uso_imovel":"Não residencial","cd_tipo_terreno_imovel":1,"qt_area_terreno":95,"qt_area_construida":95}}},{"type":"Feature","geometry":{"type":"Polygon","coordinates":[[[-46.627314,-23.405831],[-46.627305,-23.405829],[-46.627254,-23.405818],[-46.627226,-23.405812],[-46.627208,-23.405808],[-46.627159,-23.405799],[-46.627148,-23.405797],[-46.627163,-23.405766],[-46.627105,-23.405718],[-46.627134,-23.405687],[-46.627145,-23.405696],[-46.627314,-23.405831]]]},"properties":{"sqlu":"SP-003-981541","inscription":"SP-GEOSAMPA-1981541","inscricaoImobiliaria":"SP-IMO-1981541","setor":"003","quadra":"007","lote":"0020","sourceType":"OFFICIAL_IMPORT","mainAddress":"Setor Fiscal 003","zoneamento":"RESIDENCIAL","statusCadastral":"ATIVO","workflowStatus":"PENDENTE","isOfficial":true,"rawProperties":{"cd_identificador":1981541,"cd_identificador_original_lote":8820011,"cd_setor_fiscal":"003","cd_tipo_quadra":"F","tx_tipo_quadra":"FISCAL","cd_quadra_fiscal":"007","cd_subquadra_fiscal":null,"cd_condominio":"00","cd_tipo_lote":"F","tx_tipo_lote":"FISCAL","cd_lote":"0020","cd_situacao":1,"cd_digito_sql":"2","cd_logradouro":"076104","nm_logradouro_completo":"R FREDERICO ALVARENGA","cd_numero_porta":"252","tx_complemento_endereco":"CS 6","tx_situ_lote":"ATIVO","cd_tipo_uso_imovel":"10","dc_tipo_uso_imovel":"Residencial","cd_tipo_terreno_imovel":4,"qt_area_terreno":70,"qt_area_construida":125}}},{"type":"Feature","geometry":{"type":"Polygon","coordinates":[[[-46.618191,-23.4045],[-46.618222,-23.404456],[-46.618454,-23.404595],[-46.618452,-23.404599],[-46.618424,-23.40464],[-46.618327,-23.404582],[-46.618222,-23.404519],[-46.618191,-23.4045]]]},"properties":{"sqlu":"SP-003-981577","inscription":"SP-GEOSAMPA-1981577","inscricaoImobiliaria":"SP-IMO-1981577","setor":"003","quadra":"027","lote":"0056","sourceType":"OFFICIAL_IMPORT","mainAddress":"Setor Fiscal 003","zoneamento":"RESIDENCIAL","statusCadastral":"ATIVO","workflowStatus":"PENDENTE","isOfficial":true,"rawProperties":{"cd_identificador":1981577,"cd_identificador_original_lote":8819910,"cd_setor_fiscal":"003","cd_tipo_quadra":"F","tx_tipo_quadra":"FISCAL","cd_quadra_fiscal":"027","cd_subquadra_fiscal":null,"cd_condominio":"00","cd_tipo_lote":"F","tx_tipo_lote":"FISCAL","cd_lote":"0056","cd_situacao":1,"cd_digito_sql":"0","cd_logradouro":"038261","nm_logradouro_completo":"R CAETANO PINTO","cd_numero_porta":"547","tx_complemento_endereco":null,"tx_situ_lote":"ATIVO","cd_tipo_uso_imovel":"14","dc_tipo_uso_imovel":"Residencial","cd_tipo_terreno_imovel":1,"qt_area_terreno":151,"qt_area_construida":110}}},{"type":"Feature","geometry":{"type":"Polygon","coordinates":[[[-46.627354,-23.405839],[-46.627406,-23.40585],[-46.627395,-23.405893],[-46.627367,-23.406001],[-46.627314,-23.405993],[-46.627354,-23.405839]]]},"properties":{"sqlu":"SP-003-981667","inscription":"SP-GEOSAMPA-1981667","inscricaoImobiliaria":"SP-IMO-1981667","setor":"003","quadra":"007","lote":"0040","sourceType":"OFFICIAL_IMPORT","mainAddress":"Setor Fiscal 003","zoneamento":"RESIDENCIAL","statusCadastral":"ATIVO","workflowStatus":"PENDENTE","isOfficial":true,"rawProperties":{"cd_identificador":1981667,"cd_identificador_original_lote":8820025,"cd_setor_fiscal":"003","cd_tipo_quadra":"F","tx_tipo_quadra":"FISCAL","cd_quadra_fiscal":"007","cd_subquadra_fiscal":null,"cd_condominio":"00","cd_tipo_lote":"F","tx_tipo_lote":"FISCAL","cd_lote":"0040","cd_situacao":1,"cd_digito_sql":"7","cd_logradouro":"146269","nm_logradouro_completo":"R NIOAC","cd_numero_porta":"45","tx_complemento_endereco":null,"tx_situ_lote":"ATIVO","cd_tipo_uso_imovel":"10","dc_tipo_uso_imovel":"Residencial","cd_tipo_terreno_imovel":1,"qt_area_terreno":94,"qt_area_construida":92}}},{"type":"Feature","geometry":{"type":"Polygon","coordinates":[[[-46.619322,-23.401814],[-46.619355,-23.401759],[-46.619375,-23.401721],[-46.619387,-23.401728],[-46.619468,-23.401771],[-46.619495,-23.401785],[-46.61947,-23.401825],[-46.619439,-23.401876],[-46.61935,-23.401829],[-46.619348,-23.401828],[-46.619322,-23.401814]]]},"properties":{"sqlu":"SP-003-981646","inscription":"SP-GEOSAMPA-1981646","inscricaoImobiliaria":"SP-IMO-1981646","setor":"003","quadra":"013","lote":"0199","sourceType":"OFFICIAL_IMPORT","mainAddress":"Setor Fiscal 003","zoneamento":"RESIDENCIAL","statusCadastral":"ATIVO","workflowStatus":"PENDENTE","isOfficial":true,"rawProperties":{"cd_identificador":1981646,"cd_identificador_original_lote":8820436,"cd_setor_fiscal":"003","cd_tipo_quadra":"F","tx_tipo_quadra":"FISCAL","cd_quadra_fiscal":"013","cd_subquadra_fiscal":null,"cd_condominio":"00","cd_tipo_lote":"F","tx_tipo_lote":"FISCAL","cd_lote":"0199","cd_situacao":1,"cd_digito_sql":"9","cd_logradouro":"029769","nm_logradouro_completo":"R PROF BATISTA DE ANDRADE","cd_numero_porta":"214","tx_complemento_endereco":null,"tx_situ_lote":"ATIVO","cd_tipo_uso_imovel":"10","dc_tipo_uso_imovel":"Residencial","cd_tipo_terreno_imovel":1,"qt_area_terreno":156,"qt_area_construida":187}}},{"type":"Feature","geometry":{"type":"Polygon","coordinates":[[[-46.620454,-23.401962],[-46.620487,-23.401914],[-46.620805,-23.402153],[-46.620827,-23.40217],[-46.620799,-23.402212],[-46.620771,-23.402192],[-46.620619,-23.402081],[-46.620454,-23.401962]]]},"properties":{"sqlu":"SP-003-981732","inscription":"SP-GEOSAMPA-1981732","inscricaoImobiliaria":"SP-IMO-1981732","setor":"003","quadra":"019","lote":"0014","sourceType":"OFFICIAL_IMPORT","mainAddress":"Setor Fiscal 003","zoneamento":"RESIDENCIAL","statusCadastral":"ATIVO","workflowStatus":"PENDENTE","isOfficial":true,"rawProperties":{"cd_identificador":1981732,"cd_identificador_original_lote":8819837,"cd_setor_fiscal":"003","cd_tipo_quadra":"F","tx_tipo_quadra":"FISCAL","cd_quadra_fiscal":"019","cd_subquadra_fiscal":null,"cd_condominio":"00","cd_tipo_lote":"F","tx_tipo_lote":"FISCAL","cd_lote":"0014","cd_situacao":1,"cd_digito_sql":"0","cd_logradouro":"038261","nm_logradouro_completo":"R CAETANO PINTO","cd_numero_porta":"180","tx_complemento_endereco":"E 180 BXS","tx_situ_lote":"ATIVO","cd_tipo_uso_imovel":"51","dc_tipo_uso_imovel":"Não residencial","cd_tipo_terreno_imovel":1,"qt_area_terreno":300,"qt_area_construida":1020}}},{"type":"Feature","geometry":{"type":"Polygon","coordinates":[[[-46.616548,-23.405404],[-46.616507,-23.405467],[-46.616451,-23.405436],[-46.616496,-23.405375],[-46.616548,-23.405404]]]},"properties":{"sqlu":"SP-003-981950","inscription":"SP-GEOSAMPA-1981950","inscricaoImobiliaria":"SP-IMO-1981950","setor":"003","quadra":"041","lote":"0074","sourceType":"OFFICIAL_IMPORT","mainAddress":"Setor Fiscal 003","zoneamento":"RESIDENCIAL","statusCadastral":"ATIVO","workflowStatus":"PENDENTE","isOfficial":true,"rawProperties":{"cd_identificador":1981950,"cd_identificador_original_lote":8820198,"cd_setor_fiscal":"003","cd_tipo_quadra":"F","tx_tipo_quadra":"FISCAL","cd_quadra_fiscal":"041","cd_subquadra_fiscal":null,"cd_condominio":"00","cd_tipo_lote":"F","tx_tipo_lote":"FISCAL","cd_lote":"0074","cd_situacao":1,"cd_digito_sql":"9","cd_logradouro":"155241","nm_logradouro_completo":"R VISC DE PARNAIBA","cd_numero_porta":"757","tx_complemento_endereco":"CS5","tx_situ_lote":"ATIVO","cd_tipo_uso_imovel":"10","dc_tipo_uso_imovel":"Residencial","cd_tipo_terreno_imovel":4,"qt_area_terreno":50,"qt_area_construida":44}}},{"type":"Feature","geometry":{"type":"Polygon","coordinates":[[[-46.616548,-23.405404],[-46.616552,-23.405406],[-46.616568,-23.40538],[-46.616581,-23.405386],[-46.616529,-23.40547],[-46.61648,-23.405547],[-46.616429,-23.405628],[-46.616395,-23.405682],[-46.616372,-23.405719],[-46.616312,-23.405814],[-46.616285,-23.405798],[-46.616346,-23.405712],[-46.616385,-23.405659],[-46.61639,-23.405661],[-46.616431,-23.405596],[-46.616471,-23.405533],[-46.616467,-23.405531],[-46.616507,-23.405467],[-46.616548,-23.405404]]]},"properties":{"sqlu":"SP-003-981951","inscription":"SP-GEOSAMPA-1981951","inscricaoImobiliaria":"SP-IMO-1981951","setor":"003","quadra":"041","lote":"0004","sourceType":"OFFICIAL_IMPORT","mainAddress":"Setor Fiscal 003","zoneamento":"RESIDENCIAL","statusCadastral":"ATIVO","workflowStatus":"PENDENTE","isOfficial":true,"rawProperties":{"cd_identificador":1981951,"cd_identificador_original_lote":8821476,"cd_setor_fiscal":"003","cd_tipo_quadra":"F","tx_tipo_quadra":"FISCAL","cd_quadra_fiscal":"041","cd_subquadra_fiscal":null,"cd_condominio":"00","cd_tipo_lote":"V","tx_tipo_lote":"Via de Acesso","cd_lote":"0004","cd_situacao":1,"cd_digito_sql":null,"cd_logradouro":null,"nm_logradouro_completo":null,"cd_numero_porta":null,"tx_complemento_endereco":null,"tx_situ_lote":null,"cd_tipo_uso_imovel":null,"dc_tipo_uso_imovel":null,"cd_tipo_terreno_imovel":null,"qt_area_terreno":null,"qt_area_construida":null}}},{"type":"Feature","geometry":{"type":"Polygon","coordinates":[[[-46.612767,-23.40784],[-46.612846,-23.407832],[-46.612884,-23.408117],[-46.612875,-23.408126],[-46.6128,-23.408132],[-46.612794,-23.408083],[-46.612788,-23.408031],[-46.612779,-23.407943],[-46.612771,-23.407878],[-46.612767,-23.40784]]]},"properties":{"sqlu":"SP-003-981866","inscription":"SP-GEOSAMPA-1981866","inscricaoImobiliaria":"SP-IMO-1981866","setor":"003","quadra":"065","lote":"0032","sourceType":"OFFICIAL_IMPORT","mainAddress":"Setor Fiscal 003","zoneamento":"RESIDENCIAL","statusCadastral":"ATIVO","workflowStatus":"PENDENTE","isOfficial":true,"rawProperties":{"cd_identificador":1981866,"cd_identificador_original_lote":8821280,"cd_setor_fiscal":"003","cd_tipo_quadra":"F","tx_tipo_quadra":"FISCAL","cd_quadra_fiscal":"065","cd_subquadra_fiscal":null,"cd_condominio":"00","cd_tipo_lote":"F","tx_tipo_lote":"FISCAL","cd_lote":"0032","cd_situacao":1,"cd_digito_sql":"9","cd_logradouro":"076295","nm_logradouro_completo":"R DR FREIRE","cd_numero_porta":"261","tx_complemento_endereco":"263 269 273 277","tx_situ_lote":"ATIVO","cd_tipo_uso_imovel":"85","dc_tipo_uso_imovel":"Não residencial","cd_tipo_terreno_imovel":2,"qt_area_terreno":273,"qt_area_construida":1020}}},{"type":"Feature","geometry":{"type":"Polygon","coordinates":[[[-46.626788,-23.402428],[-46.626802,-23.402433],[-46.626829,-23.402443],[-46.626849,-23.402451],[-46.626869,-23.402458],[-46.626889,-23.402466],[-46.626909,-23.402475],[-46.626929,-23.402483],[-46.626949,-23.402492],[-46.626968,-23.402501],[-46.626988,-23.40251],[-46.627007,-23.402519],[-46.626861,-23.402707],[-46.626726,-23.40288],[-46.626608,-23.403046],[-46.626524,-23.403175],[-46.626309,-23.403494],[-46.626073,-23.403843],[-46.625981,-23.40399],[-46.625827,-23.40425],[-46.625741,-23.404422],[-46.625598,-23.40469],[-46.62545,-23.405002],[-46.62516,-23.405618],[-46.625032,-23.405997],[-46.624935,-23.406339],[-46.624858,-23.406584],[-46.62477,-23.406783],[-46.624566,-23.407092],[-46.624454,-23.407037],[-46.624457,-23.407033],[-46.624497,-23.40697],[-46.624551,-23.406887],[-46.624596,-23.40678],[-46.624649,-23.406675],[-46.624675,-23.406582],[-46.624707,-23.40647],[-46.624802,-23.406203],[-46.624971,-23.405752],[-46.625119,-23.405371],[-46.625247,-23.405058],[-46.625356,-23.404828],[-46.625475,-23.404583],[-46.625692,-23.404166],[-46.625895,-23.4038],[-46.626077,-23.403504],[-46.626283,-23.403177],[-46.626522,-23.402803],[-46.626587,-23.402697],[-46.626618,-23.402654],[-46.626666,-23.402592],[-46.626738,-23.402497],[-46.626788,-23.402428],[-46.626788,-23.402428]]]},"properties":{"sqlu":"SP-003-981899","inscription":"SP-GEOSAMPA-1981899","inscricaoImobiliaria":"SP-IMO-1981899","setor":"003","quadra":"001","lote":"0005","sourceType":"OFFICIAL_IMPORT","mainAddress":"Setor Fiscal 003","zoneamento":"RESIDENCIAL","statusCadastral":"ATIVO","workflowStatus":"PENDENTE","isOfficial":true,"rawProperties":{"cd_identificador":1981899,"cd_identificador_original_lote":8821064,"cd_setor_fiscal":"003","cd_tipo_quadra":"M","tx_tipo_quadra":"MUNICIPAL","cd_quadra_fiscal":"001","cd_subquadra_fiscal":null,"cd_condominio":"00","cd_tipo_lote":"M","tx_tipo_lote":"MUNICIPAL","cd_lote":"0005","cd_situacao":1,"cd_digito_sql":null,"cd_logradouro":null,"nm_logradouro_completo":null,"cd_numero_porta":null,"tx_complemento_endereco":null,"tx_situ_lote":null,"cd_tipo_uso_imovel":null,"dc_tipo_uso_imovel":null,"cd_tipo_terreno_imovel":null,"qt_area_terreno":null,"qt_area_construida":null}}},{"type":"Feature","geometry":{"type":"Polygon","coordinates":[[[-46.61769,-23.404738],[-46.617711,-23.404707],[-46.61783,-23.404775],[-46.617808,-23.404807],[-46.617779,-23.40479],[-46.617762,-23.40478],[-46.61769,-23.404738]]]},"properties":{"sqlu":"SP-003-981983","inscription":"SP-GEOSAMPA-1981983","inscricaoImobiliaria":"SP-IMO-1981983","setor":"003","quadra":"027","lote":"0025","sourceType":"OFFICIAL_IMPORT","mainAddress":"Setor Fiscal 003","zoneamento":"RESIDENCIAL","statusCadastral":"ATIVO","workflowStatus":"PENDENTE","isOfficial":true,"rawProperties":{"cd_identificador":1981983,"cd_identificador_original_lote":8819929,"cd_setor_fiscal":"003","cd_tipo_quadra":"F","tx_tipo_quadra":"FISCAL","cd_quadra_fiscal":"027","cd_subquadra_fiscal":null,"cd_condominio":"00","cd_tipo_lote":"F","tx_tipo_lote":"FISCAL","cd_lote":"0025","cd_situacao":1,"cd_digito_sql":"0","cd_logradouro":"071951","nm_logradouro_completo":"R FLORA","cd_numero_porta":"134","tx_complemento_endereco":null,"tx_situ_lote":"ATIVO","cd_tipo_uso_imovel":"10","dc_tipo_uso_imovel":"Residencial","cd_tipo_terreno_imovel":1,"qt_area_terreno":56,"qt_area_construida":50}}},{"type":"Feature","geometry":{"type":"Polygon","coordinates":[[[-46.622274,-23.401864],[-46.622341,-23.401767],[-46.622409,-23.4018],[-46.622479,-23.401669],[-46.622606,-23.401727],[-46.622564,-23.401799],[-46.622465,-23.401965],[-46.622416,-23.401939],[-46.622403,-23.401932],[-46.622274,-23.401864]]]},"properties":{"sqlu":"SP-003-981835","inscription":"SP-GEOSAMPA-1981835","inscricaoImobiliaria":"SP-IMO-1981835","setor":"003","quadra":"011","lote":"0113","sourceType":"OFFICIAL_IMPORT","mainAddress":"Setor Fiscal 003","zoneamento":"RESIDENCIAL","statusCadastral":"ATIVO","workflowStatus":"PENDENTE","isOfficial":true,"rawProperties":{"cd_identificador":1981835,"cd_identificador_original_lote":8820381,"cd_setor_fiscal":"003","cd_tipo_quadra":"F","tx_tipo_quadra":"FISCAL","cd_quadra_fiscal":"011","cd_subquadra_fiscal":null,"cd_condominio":"00","cd_tipo_lote":"F","tx_tipo_lote":"FISCAL","cd_lote":"0113","cd_situacao":1,"cd_digito_sql":"2","cd_logradouro":"012068","nm_logradouro_completo":"R ANA TENORIO","cd_numero_porta":"80","tx_complemento_endereco":null,"tx_situ_lote":"ATIVO","cd_tipo_uso_imovel":"40","dc_tipo_uso_imovel":"Não residencial","cd_tipo_terreno_imovel":1,"qt_area_terreno":438,"qt_area_construida":438}}},{"type":"Feature","geometry":{"type":"Polygon","coordinates":[[[-46.620033,-23.40575],[-46.62009,-23.405744],[-46.620081,-23.405937],[-46.620078,-23.405995],[-46.62002,-23.406002],[-46.620026,-23.405889],[-46.620027,-23.405861],[-46.620033,-23.40575]]]},"properties":{"sqlu":"SP-003-982153","inscription":"SP-GEOSAMPA-1982153","inscricaoImobiliaria":"SP-IMO-1982153","setor":"003","quadra":"056","lote":"0003","sourceType":"OFFICIAL_IMPORT","mainAddress":"Setor Fiscal 003","zoneamento":"RESIDENCIAL","statusCadastral":"ATIVO","workflowStatus":"PENDENTE","isOfficial":true,"rawProperties":{"cd_identificador":1982153,"cd_identificador_original_lote":8820282,"cd_setor_fiscal":"003","cd_tipo_quadra":"F","tx_tipo_quadra":"FISCAL","cd_quadra_fiscal":"056","cd_subquadra_fiscal":null,"cd_condominio":"00","cd_tipo_lote":"F","tx_tipo_lote":"FISCAL","cd_lote":"0003","cd_situacao":1,"cd_digito_sql":"6","cd_logradouro":"155241","nm_logradouro_completo":"R VISC DE PARNAIBA","cd_numero_porta":"360","tx_complemento_endereco":null,"tx_situ_lote":"ATIVO","cd_tipo_uso_imovel":"91","dc_tipo_uso_imovel":null,"cd_tipo_terreno_imovel":1,"qt_area_terreno":162,"qt_area_construida":486}}},{"type":"Feature","geometry":{"type":"Polygon","coordinates":[[[-46.618889,-23.401257],[-46.618925,-23.401276],[-46.618896,-23.401321],[-46.618869,-23.401366],[-46.61886,-23.401361],[-46.618844,-23.401389],[-46.618831,-23.401411],[-46.618817,-23.401436],[-46.618623,-23.40132],[-46.61862,-23.401319],[-46.618541,-23.401271],[-46.618484,-23.401237],[-46.61843,-23.401205],[-46.618395,-23.401184],[-46.618409,-23.401165],[-46.618444,-23.401115],[-46.618482,-23.401062],[-46.618576,-23.401118],[-46.618619,-23.401143],[-46.618641,-23.401156],[-46.618685,-23.401182],[-46.618872,-23.401292],[-46.618889,-23.401257]]]},"properties":{"sqlu":"SP-003-982126","inscription":"SP-GEOSAMPA-1982126","inscricaoImobiliaria":"SP-IMO-1982126","setor":"003","quadra":"014","lote":"0293","sourceType":"OFFICIAL_IMPORT","mainAddress":"Setor Fiscal 003","zoneamento":"RESIDENCIAL","statusCadastral":"ATIVO","workflowStatus":"PENDENTE","isOfficial":true,"rawProperties":{"cd_identificador":1982126,"cd_identificador_original_lote":8820582,"cd_setor_fiscal":"003","cd_tipo_quadra":"F","tx_tipo_quadra":"FISCAL","cd_quadra_fiscal":"014","cd_subquadra_fiscal":null,"cd_condominio":"00","cd_tipo_lote":"F","tx_tipo_lote":"FISCAL","cd_lote":"0293","cd_situacao":1,"cd_digito_sql":"0","cd_logradouro":"163589","nm_logradouro_completo":"R PIRATININGA","cd_numero_porta":"200","tx_complemento_endereco":null,"tx_situ_lote":"ATIVO","cd_tipo_uso_imovel":"60","dc_tipo_uso_imovel":"Não residencial","cd_tipo_terreno_imovel":1,"qt_area_terreno":991,"qt_area_construida":515}}},{"type":"Feature","geometry":{"type":"Polygon","coordinates":[[[-46.618584,-23.401866],[-46.618666,-23.401748],[-46.618792,-23.401823],[-46.618724,-23.401935],[-46.618688,-23.401917],[-46.618584,-23.401866]]]},"properties":{"sqlu":"SP-003-982081","inscription":"SP-GEOSAMPA-1982081","inscricaoImobiliaria":"SP-IMO-1982081","setor":"003","quadra":"014","lote":"0189","sourceType":"OFFICIAL_IMPORT","mainAddress":"Setor Fiscal 003","zoneamento":"RESIDENCIAL","statusCadastral":"ATIVO","workflowStatus":"PENDENTE","isOfficial":true,"rawProperties":{"cd_identificador":1982081,"cd_identificador_original_lote":8820592,"cd_setor_fiscal":"003","cd_tipo_quadra":"F","tx_tipo_quadra":"FISCAL","cd_quadra_fiscal":"014","cd_subquadra_fiscal":null,"cd_condominio":"00","cd_tipo_lote":"F","tx_tipo_lote":"FISCAL","cd_lote":"0189","cd_situacao":1,"cd_digito_sql":"6","cd_logradouro":"137960","nm_logradouro_completo":"R MELO BARRETO","cd_numero_porta":"255","tx_complemento_endereco":null,"tx_situ_lote":"ATIVO","cd_tipo_uso_imovel":"40","dc_tipo_uso_imovel":"Não residencial","cd_tipo_terreno_imovel":1,"qt_area_terreno":227,"qt_area_construida":274}}},{"type":"Feature","geometry":{"type":"Polygon","coordinates":[[[-46.620775,-23.40264],[-46.620827,-23.402568],[-46.620875,-23.402601],[-46.62087,-23.402608],[-46.620925,-23.402624],[-46.621079,-23.402667],[-46.621047,-23.40277],[-46.620782,-23.402687],[-46.620775,-23.40264]]]},"properties":{"sqlu":"SP-003-982652","inscription":"SP-GEOSAMPA-1982652","inscricaoImobiliaria":"SP-IMO-1982652","setor":"003","quadra":"019","lote":"0156","sourceType":"OFFICIAL_IMPORT","mainAddress":"Setor Fiscal 003","zoneamento":"RESIDENCIAL","statusCadastral":"ATIVO","workflowStatus":"PENDENTE","isOfficial":true,"rawProperties":{"cd_identificador":1982652,"cd_identificador_original_lote":8819848,"cd_setor_fiscal":"003","cd_tipo_quadra":"F","tx_tipo_quadra":"FISCAL","cd_quadra_fiscal":"019","cd_subquadra_fiscal":null,"cd_condominio":"00","cd_tipo_lote":"F","tx_tipo_lote":"FISCAL","cd_lote":"0156","cd_situacao":1,"cd_digito_sql":"2","cd_logradouro":"044784","nm_logradouro_completo":"R CARNEIRO LEAO","cd_numero_porta":"217","tx_complemento_endereco":null,"tx_situ_lote":"ATIVO","cd_tipo_uso_imovel":"50","dc_tipo_uso_imovel":"Não residencial","cd_tipo_terreno_imovel":1,"qt_area_terreno":425,"qt_area_construida":1489}}},{"type":"Feature","geometry":{"type":"Polygon","coordinates":[[[-46.62158,-23.401896],[-46.621477,-23.401869],[-46.621492,-23.40182],[-46.621613,-23.401851],[-46.621583,-23.401892],[-46.62158,-23.401896]]]},"properties":{"sqlu":"SP-003-982433","inscription":"SP-GEOSAMPA-1982433","inscricaoImobiliaria":"SP-IMO-1982433","setor":"003","quadra":"011","lote":"0157","sourceType":"OFFICIAL_IMPORT","mainAddress":"Setor Fiscal 003","zoneamento":"RESIDENCIAL","statusCadastral":"ATIVO","workflowStatus":"PENDENTE","isOfficial":true,"rawProperties":{"cd_identificador":1982433,"cd_identificador_original_lote":8820394,"cd_setor_fiscal":"003","cd_tipo_quadra":"F","tx_tipo_quadra":"FISCAL","cd_quadra_fiscal":"011","cd_subquadra_fiscal":null,"cd_condominio":"00","cd_tipo_lote":"F","tx_tipo_lote":"FISCAL","cd_lote":"0157","cd_situacao":1,"cd_digito_sql":"4","cd_logradouro":"044784","nm_logradouro_completo":"R CARNEIRO LEAO","cd_numero_porta":"110","tx_complemento_endereco":"114","tx_situ_lote":"ATIVO","cd_tipo_uso_imovel":"42","dc_tipo_uso_imovel":"Não residencial","cd_tipo_terreno_imovel":1,"qt_area_terreno":60,"qt_area_construida":115}}},{"type":"Feature","geometry":{"type":"Polygon","coordinates":[[[-46.619003,-23.401898],[-46.61899,-23.40192],[-46.618864,-23.401852],[-46.618889,-23.401813],[-46.618896,-23.401801],[-46.618947,-23.401828],[-46.618986,-23.40185],[-46.619022,-23.401869],[-46.619003,-23.401898]]]},"properties":{"sqlu":"SP-003-982446","inscription":"SP-GEOSAMPA-1982446","inscricaoImobiliaria":"SP-IMO-1982446","setor":"003","quadra":"014","lote":"0223","sourceType":"OFFICIAL_IMPORT","mainAddress":"Setor Fiscal 003","zoneamento":"RESIDENCIAL","statusCadastral":"ATIVO","workflowStatus":"PENDENTE","isOfficial":true,"rawProperties":{"cd_identificador":1982446,"cd_identificador_original_lote":8820502,"cd_setor_fiscal":"003","cd_tipo_quadra":"F","tx_tipo_quadra":"FISCAL","cd_quadra_fiscal":"014","cd_subquadra_fiscal":null,"cd_condominio":"00","cd_tipo_lote":"F","tx_tipo_lote":"FISCAL","cd_lote":"0223","cd_situacao":1,"cd_digito_sql":"1","cd_logradouro":"137960","nm_logradouro_completo":"R MELO BARRETO","cd_numero_porta":"242","tx_complemento_endereco":null,"tx_situ_lote":"ATIVO","cd_tipo_uso_imovel":"10","dc_tipo_uso_imovel":"Residencial","cd_tipo_terreno_imovel":1,"qt_area_terreno":102,"qt_area_construida":98}}},{"type":"Feature","geometry":{"type":"Polygon","coordinates":[[[-46.619003,-23.401898],[-46.619022,-23.401869],[-46.619035,-23.401848],[-46.619056,-23.401814],[-46.619068,-23.401794],[-46.61909,-23.401758],[-46.61912,-23.401774],[-46.619135,-23.401781],[-46.619192,-23.40181],[-46.619223,-23.401825],[-46.619138,-23.401968],[-46.619129,-23.401964],[-46.619108,-23.401953],[-46.619003,-23.401898]]]},"properties":{"sqlu":"SP-003-982447","inscription":"SP-GEOSAMPA-1982447","inscricaoImobiliaria":"SP-IMO-1982447","setor":"003","quadra":"014","lote":"0232","sourceType":"OFFICIAL_IMPORT","mainAddress":"Setor Fiscal 003","zoneamento":"RESIDENCIAL","statusCadastral":"ATIVO","workflowStatus":"PENDENTE","isOfficial":true,"rawProperties":{"cd_identificador":1982447,"cd_identificador_original_lote":8820524,"cd_setor_fiscal":"003","cd_tipo_quadra":"F","tx_tipo_quadra":"FISCAL","cd_quadra_fiscal":"014","cd_subquadra_fiscal":null,"cd_condominio":"00","cd_tipo_lote":"F","tx_tipo_lote":"FISCAL","cd_lote":"0232","cd_situacao":1,"cd_digito_sql":"9","cd_logradouro":"029769","nm_logradouro_completo":"R PROF BATISTA DE ANDRADE","cd_numero_porta":"235","tx_complemento_endereco":null,"tx_situ_lote":"ATIVO","cd_tipo_uso_imovel":"21","dc_tipo_uso_imovel":"Residencial","cd_tipo_terreno_imovel":1,"qt_area_terreno":238,"qt_area_construida":839}}},{"type":"Feature","geometry":{"type":"Polygon","coordinates":[[[-46.619003,-23.401898],[-46.619108,-23.401953],[-46.619129,-23.401964],[-46.619138,-23.401968],[-46.619133,-23.401975],[-46.619088,-23.402051],[-46.61907,-23.402042],[-46.618952,-23.401981],[-46.618962,-23.401965],[-46.61899,-23.40192],[-46.619003,-23.401898]]]},"properties":{"sqlu":"SP-003-982448","inscription":"SP-GEOSAMPA-1982448","inscricaoImobiliaria":"SP-IMO-1982448","setor":"003","quadra":"014","lote":"0122","sourceType":"OFFICIAL_IMPORT","mainAddress":"Setor Fiscal 003","zoneamento":"RESIDENCIAL","statusCadastral":"ATIVO","workflowStatus":"PENDENTE","isOfficial":true,"rawProperties":{"cd_identificador":1982448,"cd_identificador_original_lote":8820525,"cd_setor_fiscal":"003","cd_tipo_quadra":"F","tx_tipo_quadra":"FISCAL","cd_quadra_fiscal":"014","cd_subquadra_fiscal":null,"cd_condominio":"00","cd_tipo_lote":"F","tx_tipo_lote":"FISCAL","cd_lote":"0122","cd_situacao":1,"cd_digito_sql":"5","cd_logradouro":"029769","nm_logradouro_completo":"R PROF BATISTA DE ANDRADE","cd_numero_porta":"253","tx_complemento_endereco":null,"tx_situ_lote":"ATIVO","cd_tipo_uso_imovel":"21","dc_tipo_uso_imovel":"Residencial","cd_tipo_terreno_imovel":1,"qt_area_terreno":160,"qt_area_construida":480}}},{"type":"Feature","geometry":{"type":"Polygon","coordinates":[[[-46.620201,-23.405612],[-46.620147,-23.405617],[-46.620081,-23.405153],[-46.620134,-23.405145],[-46.620201,-23.405612]]]},"properties":{"sqlu":"SP-003-982503","inscription":"SP-GEOSAMPA-1982503","inscricaoImobiliaria":"SP-IMO-1982503","setor":"003","quadra":"019","lote":"0103","sourceType":"OFFICIAL_IMPORT","mainAddress":"Setor Fiscal 003","zoneamento":"RESIDENCIAL","statusCadastral":"ATIVO","workflowStatus":"PENDENTE","isOfficial":true,"rawProperties":{"cd_identificador":1982503,"cd_identificador_original_lote":8819757,"cd_setor_fiscal":"003","cd_tipo_quadra":"F","tx_tipo_quadra":"FISCAL","cd_quadra_fiscal":"019","cd_subquadra_fiscal":null,"cd_condominio":"00","cd_tipo_lote":"F","tx_tipo_lote":"FISCAL","cd_lote":"0103","cd_situacao":1,"cd_digito_sql":"1","cd_logradouro":"155241","nm_logradouro_completo":"R VISC DE PARNAIBA","cd_numero_porta":"345","tx_complemento_endereco":null,"tx_situ_lote":"ATIVO","cd_tipo_uso_imovel":"42","dc_tipo_uso_imovel":"Não residencial","cd_tipo_terreno_imovel":1,"qt_area_terreno":265,"qt_area_construida":200}}},{"type":"Feature","geometry":{"type":"Polygon","coordinates":[[[-46.61682,-23.40581],[-46.61682,-23.405782],[-46.61682,-23.405753],[-46.61682,-23.40572],[-46.616896,-23.405724],[-46.616891,-23.405814],[-46.61682,-23.40581]]]},"properties":{"sqlu":"SP-003-982551","inscription":"SP-GEOSAMPA-1982551","inscricaoImobiliaria":"SP-IMO-1982551","setor":"003","quadra":"041","lote":"0101","sourceType":"OFFICIAL_IMPORT","mainAddress":"Setor Fiscal 003","zoneamento":"RESIDENCIAL","statusCadastral":"ATIVO","workflowStatus":"PENDENTE","isOfficial":true,"rawProperties":{"cd_identificador":1982551,"cd_identificador_original_lote":8820223,"cd_setor_fiscal":"003","cd_tipo_quadra":"F","tx_tipo_quadra":"FISCAL","cd_quadra_fiscal":"041","cd_subquadra_fiscal":null,"cd_condominio":"00","cd_tipo_lote":"F","tx_tipo_lote":"FISCAL","cd_lote":"0101","cd_situacao":1,"cd_digito_sql":"1","cd_logradouro":"155241","nm_logradouro_completo":"R VISC DE PARNAIBA","cd_numero_porta":"685","tx_complemento_endereco":"CS1","tx_situ_lote":"ATIVO","cd_tipo_uso_imovel":"10","dc_tipo_uso_imovel":"Residencial","cd_tipo_terreno_imovel":4,"qt_area_terreno":67,"qt_area_construida":47}}},{"type":"Feature","geometry":{"type":"Polygon","coordinates":[[[-46.616056,-23.404693],[-46.616038,-23.404682],[-46.61594,-23.404624],[-46.615967,-23.404587],[-46.616082,-23.404655],[-46.616077,-23.404662],[-46.616056,-23.404693]]]},"properties":{"sqlu":"SP-003-982985","inscription":"SP-GEOSAMPA-1982985","inscricaoImobiliaria":"SP-IMO-1982985","setor":"003","quadra":"041","lote":"0038","sourceType":"OFFICIAL_IMPORT","mainAddress":"Setor Fiscal 003","zoneamento":"RESIDENCIAL","statusCadastral":"ATIVO","workflowStatus":"PENDENTE","isOfficial":true,"rawProperties":{"cd_identificador":1982985,"cd_identificador_original_lote":8820193,"cd_setor_fiscal":"003","cd_tipo_quadra":"F","tx_tipo_quadra":"FISCAL","cd_quadra_fiscal":"041","cd_subquadra_fiscal":null,"cd_condominio":"00","cd_tipo_lote":"F","tx_tipo_lote":"FISCAL","cd_lote":"0038","cd_situacao":1,"cd_digito_sql":"2","cd_logradouro":"163589","nm_logradouro_completo":"R PIRATININGA","cd_numero_porta":"660","tx_complemento_endereco":"E 662","tx_situ_lote":"ATIVO","cd_tipo_uso_imovel":"42","dc_tipo_uso_imovel":"Não residencial","cd_tipo_terreno_imovel":1,"qt_area_terreno":70,"qt_area_construida":120}}},{"type":"Feature","geometry":{"type":"Polygon","coordinates":[[[-46.616056,-23.404693],[-46.616077,-23.404662],[-46.616082,-23.404655],[-46.616108,-23.404617],[-46.61613,-23.404585],[-46.616172,-23.404609],[-46.616064,-23.404765],[-46.616023,-23.40474],[-46.616053,-23.404697],[-46.616056,-23.404693]]]},"properties":{"sqlu":"SP-003-982986","inscription":"SP-GEOSAMPA-1982986","inscricaoImobiliaria":"SP-IMO-1982986","setor":"003","quadra":"041","lote":"0035","sourceType":"OFFICIAL_IMPORT","mainAddress":"Setor Fiscal 003","zoneamento":"RESIDENCIAL","statusCadastral":"ATIVO","workflowStatus":"PENDENTE","isOfficial":true,"rawProperties":{"cd_identificador":1982986,"cd_identificador_original_lote":8820212,"cd_setor_fiscal":"003","cd_tipo_quadra":"F","tx_tipo_quadra":"FISCAL","cd_quadra_fiscal":"041","cd_subquadra_fiscal":null,"cd_condominio":"00","cd_tipo_lote":"F","tx_tipo_lote":"FISCAL","cd_lote":"0035","cd_situacao":1,"cd_digito_sql":"8","cd_logradouro":"154571","nm_logradouro_completo":"R PARANA","cd_numero_porta":"222","tx_complemento_endereco":"E 224","tx_situ_lote":"ATIVO","cd_tipo_uso_imovel":"12","dc_tipo_uso_imovel":"Residencial","cd_tipo_terreno_imovel":1,"qt_area_terreno":100,"qt_area_construida":150}}},{"type":"Feature","geometry":{"type":"Polygon","coordinates":[[[-46.61682,-23.40581],[-46.616891,-23.405814],[-46.616883,-23.405894],[-46.616874,-23.405986],[-46.616818,-23.405992],[-46.616819,-23.405902],[-46.61682,-23.40581]]]},"properties":{"sqlu":"SP-003-982552","inscription":"SP-GEOSAMPA-1982552","inscricaoImobiliaria":"SP-IMO-1982552","setor":"003","quadra":"041","lote":"0100","sourceType":"OFFICIAL_IMPORT","mainAddress":"Setor Fiscal 003","zoneamento":"RESIDENCIAL","statusCadastral":"ATIVO","workflowStatus":"PENDENTE","isOfficial":true,"rawProperties":{"cd_identificador":1982552,"cd_identificador_original_lote":8820224,"cd_setor_fiscal":"003","cd_tipo_quadra":"F","tx_tipo_quadra":"FISCAL","cd_quadra_fiscal":"041","cd_subquadra_fiscal":null,"cd_condominio":"00","cd_tipo_lote":"F","tx_tipo_lote":"FISCAL","cd_lote":"0100","cd_situacao":1,"cd_digito_sql":"1","cd_logradouro":"155241","nm_logradouro_completo":"R VISC DE PARNAIBA","cd_numero_porta":"687","tx_complemento_endereco":"689","tx_situ_lote":"ATIVO","cd_tipo_uso_imovel":"42","dc_tipo_uso_imovel":"Não residencial","cd_tipo_terreno_imovel":1,"qt_area_terreno":125,"qt_area_construida":216}}},{"type":"Feature","geometry":{"type":"Polygon","coordinates":[[[-46.628076,-23.405881],[-46.628061,-23.405871],[-46.628044,-23.405858],[-46.628061,-23.405838],[-46.62809,-23.405806],[-46.628115,-23.405824],[-46.628122,-23.405829],[-46.628076,-23.405881]]]},"properties":{"sqlu":"SP-003-982725","inscription":"SP-GEOSAMPA-1982725","inscricaoImobiliaria":"SP-IMO-1982725","setor":"003","quadra":"006","lote":"0015","sourceType":"OFFICIAL_IMPORT","mainAddress":"Setor Fiscal 003","zoneamento":"RESIDENCIAL","statusCadastral":"ATIVO","workflowStatus":"PENDENTE","isOfficial":true,"rawProperties":{"cd_identificador":1982725,"cd_identificador_original_lote":8820774,"cd_setor_fiscal":"003","cd_tipo_quadra":"F","tx_tipo_quadra":"FISCAL","cd_quadra_fiscal":"006","cd_subquadra_fiscal":null,"cd_condominio":"00","cd_tipo_lote":"F","tx_tipo_lote":"FISCAL","cd_lote":"0015","cd_situacao":1,"cd_digito_sql":"1","cd_logradouro":"003069","nm_logradouro_completo":"R JOAQUIM DOS SANTOS ANDRADE","cd_numero_porta":"62","tx_complemento_endereco":null,"tx_situ_lote":"ATIVO","cd_tipo_uso_imovel":"10","dc_tipo_uso_imovel":"Residencial","cd_tipo_terreno_imovel":1,"qt_area_terreno":31,"qt_area_construida":60}}},{"type":"Feature","geometry":{"type":"Polygon","coordinates":[[[-46.628076,-23.405881],[-46.628122,-23.405829],[-46.628133,-23.405836],[-46.628139,-23.40584],[-46.628158,-23.405851],[-46.62811,-23.405906],[-46.628091,-23.405892],[-46.628076,-23.405881]]]},"properties":{"sqlu":"SP-003-982726","inscription":"SP-GEOSAMPA-1982726","inscricaoImobiliaria":"SP-IMO-1982726","setor":"003","quadra":"006","lote":"0014","sourceType":"OFFICIAL_IMPORT","mainAddress":"Setor Fiscal 003","zoneamento":"RESIDENCIAL","statusCadastral":"ATIVO","workflowStatus":"PENDENTE","isOfficial":true,"rawProperties":{"cd_identificador":1982726,"cd_identificador_original_lote":8820775,"cd_setor_fiscal":"003","cd_tipo_quadra":"F","tx_tipo_quadra":"FISCAL","cd_quadra_fiscal":"006","cd_subquadra_fiscal":null,"cd_condominio":"00","cd_tipo_lote":"F","tx_tipo_lote":"FISCAL","cd_lote":"0014","cd_situacao":1,"cd_digito_sql":"3","cd_logradouro":"003069","nm_logradouro_completo":"R JOAQUIM DOS SANTOS ANDRADE","cd_numero_porta":"60","tx_complemento_endereco":null,"tx_situ_lote":"ATIVO","cd_tipo_uso_imovel":"10","dc_tipo_uso_imovel":"Residencial","cd_tipo_terreno_imovel":1,"qt_area_terreno":32,"qt_area_construida":60}}},{"type":"Feature","geometry":{"type":"Polygon","coordinates":[[[-46.616352,-23.404935],[-46.616341,-23.404929],[-46.616313,-23.404912],[-46.616323,-23.404896],[-46.616417,-23.404751],[-46.616462,-23.404777],[-46.616397,-23.404871],[-46.616352,-23.404935]]]},"properties":{"sqlu":"SP-003-983052","inscription":"SP-GEOSAMPA-1983052","inscricaoImobiliaria":"SP-IMO-1983052","setor":"003","quadra":"041","lote":"0028","sourceType":"OFFICIAL_IMPORT","mainAddress":"Setor Fiscal 003","zoneamento":"RESIDENCIAL","statusCadastral":"ATIVO","workflowStatus":"PENDENTE","isOfficial":true,"rawProperties":{"cd_identificador":1983052,"cd_identificador_original_lote":8820216,"cd_setor_fiscal":"003","cd_tipo_quadra":"F","tx_tipo_quadra":"FISCAL","cd_quadra_fiscal":"041","cd_subquadra_fiscal":null,"cd_condominio":"00","cd_tipo_lote":"F","tx_tipo_lote":"FISCAL","cd_lote":"0028","cd_situacao":1,"cd_digito_sql":"5","cd_logradouro":"154571","nm_logradouro_completo":"R PARANA","cd_numero_porta":"190","tx_complemento_endereco":null,"tx_situ_lote":"ATIVO","cd_tipo_uso_imovel":"10","dc_tipo_uso_imovel":"Residencial","cd_tipo_terreno_imovel":1,"qt_area_terreno":102,"qt_area_construida":90}}},{"type":"Feature","geometry":{"type":"Polygon","coordinates":[[[-46.619169,-23.401207],[-46.61914,-23.401255],[-46.618939,-23.401151],[-46.618941,-23.401147],[-46.618963,-23.401099],[-46.618993,-23.401115],[-46.619066,-23.401153],[-46.619103,-23.401172],[-46.619169,-23.401207]]]},"properties":{"sqlu":"SP-003-983018","inscription":"SP-GEOSAMPA-1983018","inscricaoImobiliaria":"SP-IMO-1983018","setor":"003","quadra":"014","lote":"0176","sourceType":"OFFICIAL_IMPORT","mainAddress":"Setor Fiscal 003","zoneamento":"RESIDENCIAL","statusCadastral":"ATIVO","workflowStatus":"PENDENTE","isOfficial":true,"rawProperties":{"cd_identificador":1983018,"cd_identificador_original_lote":8820607,"cd_setor_fiscal":"003","cd_tipo_quadra":"F","tx_tipo_quadra":"FISCAL","cd_quadra_fiscal":"014","cd_subquadra_fiscal":null,"cd_condominio":"00","cd_tipo_lote":"F","tx_tipo_lote":"FISCAL","cd_lote":"0176","cd_situacao":1,"cd_digito_sql":"4","cd_logradouro":"137960","nm_logradouro_completo":"R MELO BARRETO","cd_numero_porta":"171","tx_complemento_endereco":null,"tx_situ_lote":"ATIVO","cd_tipo_uso_imovel":"10","dc_tipo_uso_imovel":"Residencial","cd_tipo_terreno_imovel":1,"qt_area_terreno":131,"qt_area_construida":100}}},{"type":"Feature","geometry":{"type":"Polygon","coordinates":[[[-46.616679,-23.398813],[-46.61609,-23.398443],[-46.616156,-23.398348],[-46.616745,-23.398719],[-46.616715,-23.398762],[-46.616679,-23.398813]]]},"properties":{"sqlu":"SP-003-983120","inscription":"SP-GEOSAMPA-1983120","inscricaoImobiliaria":"SP-IMO-1983120","setor":"003","quadra":"016","lote":"0037","sourceType":"OFFICIAL_IMPORT","mainAddress":"Setor Fiscal 003","zoneamento":"RESIDENCIAL","statusCadastral":"ATIVO","workflowStatus":"PENDENTE","isOfficial":true,"rawProperties":{"cd_identificador":1983120,"cd_identificador_original_lote":8820619,"cd_setor_fiscal":"003","cd_tipo_quadra":"F","tx_tipo_quadra":"FISCAL","cd_quadra_fiscal":"016","cd_subquadra_fiscal":null,"cd_condominio":"00","cd_tipo_lote":"F","tx_tipo_lote":"FISCAL","cd_lote":"0037","cd_situacao":1,"cd_digito_sql":"6","cd_logradouro":"060461","nm_logradouro_completo":"R DOMINGOS PAIVA","cd_numero_porta":"72","tx_complemento_endereco":null,"tx_situ_lote":"ATIVO","cd_tipo_uso_imovel":"51","dc_tipo_uso_imovel":"Não residencial","cd_tipo_terreno_imovel":1,"qt_area_terreno":924,"qt_area_construida":1078}}},{"type":"Feature","geometry":{"type":"Polygon","coordinates":[[[-46.617341,-23.40042],[-46.617388,-23.40045],[-46.617348,-23.400504],[-46.617343,-23.400511],[-46.617334,-23.400522],[-46.617222,-23.400672],[-46.61721,-23.400665],[-46.617171,-23.40064],[-46.617341,-23.40042]]]},"properties":{"sqlu":"SP-003-983521","inscription":"SP-GEOSAMPA-1983521","inscricaoImobiliaria":"SP-IMO-1983521","setor":"003","quadra":"015","lote":"0042","sourceType":"OFFICIAL_IMPORT","mainAddress":"Setor Fiscal 003","zoneamento":"RESIDENCIAL","statusCadastral":"ATIVO","workflowStatus":"PENDENTE","isOfficial":true,"rawProperties":{"cd_identificador":1983521,"cd_identificador_original_lote":8819865,"cd_setor_fiscal":"003","cd_tipo_quadra":"F","tx_tipo_quadra":"FISCAL","cd_quadra_fiscal":"015","cd_subquadra_fiscal":null,"cd_condominio":"00","cd_tipo_lote":"F","tx_tipo_lote":"FISCAL","cd_lote":"0042","cd_situacao":1,"cd_digito_sql":"8","cd_logradouro":"125490","nm_logradouro_completo":"R MAURICIO SALOMAO NAHAS","cd_numero_porta":"7","tx_complemento_endereco":null,"tx_situ_lote":"ATIVO","cd_tipo_uso_imovel":"10","dc_tipo_uso_imovel":"Residencial","cd_tipo_terreno_imovel":1,"qt_area_terreno":180,"qt_area_construida":90}}},{"type":"Feature","geometry":{"type":"Polygon","coordinates":[[[-46.617696,-23.399303],[-46.617644,-23.399364],[-46.617612,-23.399415],[-46.61748,-23.399337],[-46.617259,-23.399207],[-46.617338,-23.399092],[-46.617696,-23.399303]]]},"properties":{"sqlu":"SP-003-983382","inscription":"SP-GEOSAMPA-1983382","inscricaoImobiliaria":"SP-IMO-1983382","setor":"003","quadra":"015","lote":"0018","sourceType":"OFFICIAL_IMPORT","mainAddress":"Setor Fiscal 003","zoneamento":"RESIDENCIAL","statusCadastral":"ATIVO","workflowStatus":"PENDENTE","isOfficial":true,"rawProperties":{"cd_identificador":1983382,"cd_identificador_original_lote":8819879,"cd_setor_fiscal":"003","cd_tipo_quadra":"F","tx_tipo_quadra":"FISCAL","cd_quadra_fiscal":"015","cd_subquadra_fiscal":null,"cd_condominio":"00","cd_tipo_lote":"F","tx_tipo_lote":"FISCAL","cd_lote":"0018","cd_situacao":1,"cd_digito_sql":"5","cd_logradouro":"135895","nm_logradouro_completo":"R MARTIM BURCHARD","cd_numero_porta":"78","tx_complemento_endereco":null,"tx_situ_lote":"ATIVO","cd_tipo_uso_imovel":"40","dc_tipo_uso_imovel":"Não residencial","cd_tipo_terreno_imovel":1,"qt_area_terreno":638,"qt_area_construida":751}}},{"type":"Feature","geometry":{"type":"Polygon","coordinates":[[[-46.619414,-23.401505],[-46.619382,-23.401559],[-46.619364,-23.40155],[-46.619275,-23.401503],[-46.619254,-23.401492],[-46.619265,-23.401475],[-46.619286,-23.401441],[-46.619306,-23.401451],[-46.619333,-23.401464],[-46.619397,-23.401496],[-46.619414,-23.401505]]]},"properties":{"sqlu":"SP-003-983210","inscription":"SP-GEOSAMPA-1983210","inscricaoImobiliaria":"SP-IMO-1983210","setor":"003","quadra":"014","lote":"0130","sourceType":"OFFICIAL_IMPORT","mainAddress":"Setor Fiscal 003","zoneamento":"RESIDENCIAL","statusCadastral":"ATIVO","workflowStatus":"PENDENTE","isOfficial":true,"rawProperties":{"cd_identificador":1983210,"cd_identificador_original_lote":8820542,"cd_setor_fiscal":"003","cd_tipo_quadra":"F","tx_tipo_quadra":"FISCAL","cd_quadra_fiscal":"014","cd_subquadra_fiscal":null,"cd_condominio":"00","cd_tipo_lote":"F","tx_tipo_lote":"FISCAL","cd_lote":"0130","cd_situacao":1,"cd_digito_sql":"6","cd_logradouro":"029769","nm_logradouro_completo":"R PROF BATISTA DE ANDRADE","cd_numero_porta":"189","tx_complemento_endereco":null,"tx_situ_lote":"ATIVO","cd_tipo_uso_imovel":"10","dc_tipo_uso_imovel":"Residencial","cd_tipo_terreno_imovel":1,"qt_area_terreno":100,"qt_area_construida":145}}},{"type":"Feature","geometry":{"type":"Polygon","coordinates":[[[-46.622443,-23.402],[-46.62246,-23.401972],[-46.622465,-23.401965],[-46.622564,-23.401799],[-46.622605,-23.401817],[-46.622618,-23.401823],[-46.62256,-23.401922],[-46.622537,-23.401961],[-46.622498,-23.402028],[-46.622443,-23.402]]]},"properties":{"sqlu":"SP-003-983438","inscription":"SP-GEOSAMPA-1983438","inscricaoImobiliaria":"SP-IMO-1983438","setor":"003","quadra":"011","lote":"0112","sourceType":"OFFICIAL_IMPORT","mainAddress":"Setor Fiscal 003","zoneamento":"RESIDENCIAL","statusCadastral":"ATIVO","workflowStatus":"PENDENTE","isOfficial":true,"rawProperties":{"cd_identificador":1983438,"cd_identificador_original_lote":8820375,"cd_setor_fiscal":"003","cd_tipo_quadra":"F","tx_tipo_quadra":"FISCAL","cd_quadra_fiscal":"011","cd_subquadra_fiscal":null,"cd_condominio":"00","cd_tipo_lote":"F","tx_tipo_lote":"FISCAL","cd_lote":"0112","cd_situacao":1,"cd_digito_sql":"4","cd_logradouro":"012068","nm_logradouro_completo":"R ANA TENORIO","cd_numero_porta":"70","tx_complemento_endereco":null,"tx_situ_lote":"ATIVO","cd_tipo_uso_imovel":"10","dc_tipo_uso_imovel":"Residencial","cd_tipo_terreno_imovel":1,"qt_area_terreno":156,"qt_area_construida":120}}},{"type":"Feature","geometry":{"type":"Polygon","coordinates":[[[-46.621592,-23.405814],[-46.621546,-23.40582],[-46.621517,-23.405634],[-46.621556,-23.405631],[-46.621574,-23.405724],[-46.621592,-23.405814]]]},"properties":{"sqlu":"SP-003-983518","inscription":"SP-GEOSAMPA-1983518","inscricaoImobiliaria":"SP-IMO-1983518","setor":"003","quadra":"037","lote":"0032","sourceType":"OFFICIAL_IMPORT","mainAddress":"Setor Fiscal 003","zoneamento":"RESIDENCIAL","statusCadastral":"ATIVO","workflowStatus":"PENDENTE","isOfficial":true,"rawProperties":{"cd_identificador":1983518,"cd_identificador_original_lote":8821426,"cd_setor_fiscal":"003","cd_tipo_quadra":"F","tx_tipo_quadra":"FISCAL","cd_quadra_fiscal":"037","cd_subquadra_fiscal":null,"cd_condominio":"00","cd_tipo_lote":"F","tx_tipo_lote":"FISCAL","cd_lote":"0032","cd_situacao":1,"cd_digito_sql":"7","cd_logradouro":"155241","nm_logradouro_completo":"R VISC DE PARNAIBA","cd_numero_porta":"208","tx_complemento_endereco":null,"tx_situ_lote":"ATIVO","cd_tipo_uso_imovel":"64","dc_tipo_uso_imovel":"Não residencial","cd_tipo_terreno_imovel":3,"qt_area_terreno":96,"qt_area_construida":320}}},{"type":"Feature","geometry":{"type":"Polygon","coordinates":[[[-46.619056,-23.401814],[-46.618929,-23.401749],[-46.618987,-23.401654],[-46.619113,-23.40172],[-46.6191,-23.401742],[-46.61909,-23.401758],[-46.619068,-23.401794],[-46.619056,-23.401814]]]},"properties":{"sqlu":"SP-003-983746","inscription":"SP-GEOSAMPA-1983746","inscricaoImobiliaria":"SP-IMO-1983746","setor":"003","quadra":"014","lote":"0280","sourceType":"OFFICIAL_IMPORT","mainAddress":"Setor Fiscal 003","zoneamento":"RESIDENCIAL","statusCadastral":"ATIVO","workflowStatus":"PENDENTE","isOfficial":true,"rawProperties":{"cd_identificador":1983746,"cd_identificador_original_lote":8820504,"cd_setor_fiscal":"003","cd_tipo_quadra":"F","tx_tipo_quadra":"FISCAL","cd_quadra_fiscal":"014","cd_subquadra_fiscal":null,"cd_condominio":"00","cd_tipo_lote":"F","tx_tipo_lote":"FISCAL","cd_lote":"0280","cd_situacao":1,"cd_digito_sql":"9","cd_logradouro":"137960","nm_logradouro_completo":"R MELO BARRETO","cd_numero_porta":"224","tx_complemento_endereco":"228","tx_situ_lote":"ATIVO","cd_tipo_uso_imovel":"40","dc_tipo_uso_imovel":"Não residencial","cd_tipo_terreno_imovel":1,"qt_area_terreno":181,"qt_area_construida":180}}},{"type":"Feature","geometry":{"type":"Polygon","coordinates":[[[-46.619855,-23.40122],[-46.619838,-23.401246],[-46.619827,-23.401262],[-46.619813,-23.401255],[-46.619807,-23.401251],[-46.61971,-23.401202],[-46.619693,-23.401193],[-46.619719,-23.40115],[-46.619767,-23.401175],[-46.619833,-23.401208],[-46.619839,-23.401212],[-46.619855,-23.40122]]]},"properties":{"sqlu":"SP-003-983877","inscription":"SP-GEOSAMPA-1983877","inscricaoImobiliaria":"SP-IMO-1983877","setor":"003","quadra":"013","lote":"0031","sourceType":"OFFICIAL_IMPORT","mainAddress":"Setor Fiscal 003","zoneamento":"RESIDENCIAL","statusCadastral":"ATIVO","workflowStatus":"PENDENTE","isOfficial":true,"rawProperties":{"cd_identificador":1983877,"cd_identificador_original_lote":8820451,"cd_setor_fiscal":"003","cd_tipo_quadra":"F","tx_tipo_quadra":"FISCAL","cd_quadra_fiscal":"013","cd_subquadra_fiscal":null,"cd_condominio":"00","cd_tipo_lote":"F","tx_tipo_lote":"FISCAL","cd_lote":"0031","cd_situacao":1,"cd_digito_sql":"3","cd_logradouro":"029769","nm_logradouro_completo":"R PROF BATISTA DE ANDRADE","cd_numero_porta":"140","tx_complemento_endereco":null,"tx_situ_lote":"ATIVO","cd_tipo_uso_imovel":"10","dc_tipo_uso_imovel":"Residencial","cd_tipo_terreno_imovel":1,"qt_area_terreno":82,"qt_area_construida":95}}},{"type":"Feature","geometry":{"type":"Polygon","coordinates":[[[-46.627962,-23.406258],[-46.627981,-23.406273],[-46.627954,-23.406306],[-46.627946,-23.406315],[-46.627955,-23.406322],[-46.627967,-23.406331],[-46.627931,-23.406367],[-46.627904,-23.406346],[-46.62788,-23.406327],[-46.627825,-23.406299],[-46.627836,-23.406192],[-46.627941,-23.406246],[-46.627962,-23.406258]]]},"properties":{"sqlu":"SP-003-984230","inscription":"SP-GEOSAMPA-1984230","inscricaoImobiliaria":"SP-IMO-1984230","setor":"003","quadra":"006","lote":"0032","sourceType":"OFFICIAL_IMPORT","mainAddress":"Setor Fiscal 003","zoneamento":"RESIDENCIAL","statusCadastral":"ATIVO","workflowStatus":"PENDENTE","isOfficial":true,"rawProperties":{"cd_identificador":1984230,"cd_identificador_original_lote":8820764,"cd_setor_fiscal":"003","cd_tipo_quadra":"F","tx_tipo_quadra":"FISCAL","cd_quadra_fiscal":"006","cd_subquadra_fiscal":null,"cd_condominio":"00","cd_tipo_lote":"F","tx_tipo_lote":"FISCAL","cd_lote":"0032","cd_situacao":1,"cd_digito_sql":"1","cd_logradouro":"044342","nm_logradouro_completo":"R DOS CARMELITAS","cd_numero_porta":"186","tx_complemento_endereco":"190 E 196","tx_situ_lote":"ATIVO","cd_tipo_uso_imovel":"22","dc_tipo_uso_imovel":"Residencial","cd_tipo_terreno_imovel":1,"qt_area_terreno":178,"qt_area_construida":456}}},{"type":"Feature","geometry":{"type":"Polygon","coordinates":[[[-46.619179,-23.401614],[-46.619165,-23.401638],[-46.619162,-23.401642],[-46.619146,-23.401668],[-46.619106,-23.401646],[-46.61902,-23.4016],[-46.619053,-23.401547],[-46.619139,-23.401592],[-46.619161,-23.401604],[-46.619179,-23.401614]]]},"properties":{"sqlu":"SP-003-983914","inscription":"SP-GEOSAMPA-1983914","inscricaoImobiliaria":"SP-IMO-1983914","setor":"003","quadra":"014","lote":"0218","sourceType":"OFFICIAL_IMPORT","mainAddress":"Setor Fiscal 003","zoneamento":"RESIDENCIAL","statusCadastral":"ATIVO","workflowStatus":"PENDENTE","isOfficial":true,"rawProperties":{"cd_identificador":1983914,"cd_identificador_original_lote":8820505,"cd_setor_fiscal":"003","cd_tipo_quadra":"F","tx_tipo_quadra":"FISCAL","cd_quadra_fiscal":"014","cd_subquadra_fiscal":null,"cd_condominio":"00","cd_tipo_lote":"F","tx_tipo_lote":"FISCAL","cd_lote":"0218","cd_situacao":1,"cd_digito_sql":"3","cd_logradouro":"137960","nm_logradouro_completo":"R MELO BARRETO","cd_numero_porta":"210","tx_complemento_endereco":"E 216","tx_situ_lote":"ATIVO","cd_tipo_uso_imovel":"12","dc_tipo_uso_imovel":"Residencial","cd_tipo_terreno_imovel":1,"qt_area_terreno":104,"qt_area_construida":120}}},{"type":"Feature","geometry":{"type":"Polygon","coordinates":[[[-46.620624,-23.407369],[-46.620622,-23.407343],[-46.620746,-23.407337],[-46.620749,-23.40738],[-46.620695,-23.407384],[-46.620687,-23.407384],[-46.620663,-23.407386],[-46.620626,-23.407388],[-46.620624,-23.407369]]]},"properties":{"sqlu":"SP-003-984071","inscription":"SP-GEOSAMPA-1984071","inscricaoImobiliaria":"SP-IMO-1984071","setor":"003","quadra":"055","lote":"0072","sourceType":"OFFICIAL_IMPORT","mainAddress":"Setor Fiscal 003","zoneamento":"RESIDENCIAL","statusCadastral":"ATIVO","workflowStatus":"PENDENTE","isOfficial":true,"rawProperties":{"cd_identificador":1984071,"cd_identificador_original_lote":8820822,"cd_setor_fiscal":"003","cd_tipo_quadra":"F","tx_tipo_quadra":"FISCAL","cd_quadra_fiscal":"055","cd_subquadra_fiscal":null,"cd_condominio":"00","cd_tipo_lote":"F","tx_tipo_lote":"FISCAL","cd_lote":"0072","cd_situacao":1,"cd_digito_sql":"4","cd_logradouro":"142131","nm_logradouro_completo":"R DA MOOCA","cd_numero_porta":"315","tx_complemento_endereco":"CS 7","tx_situ_lote":"ATIVO","cd_tipo_uso_imovel":"10","dc_tipo_uso_imovel":"Residencial","cd_tipo_terreno_imovel":4,"qt_area_terreno":55,"qt_area_construida":65}}},{"type":"Feature","geometry":{"type":"Polygon","coordinates":[[[-46.61793,-23.405592],[-46.617925,-23.405709],[-46.617884,-23.405708],[-46.617856,-23.405707],[-46.617858,-23.405668],[-46.617861,-23.405615],[-46.617863,-23.405588],[-46.61793,-23.405592]]]},"properties":{"sqlu":"SP-003-983999","inscription":"SP-GEOSAMPA-1983999","inscricaoImobiliaria":"SP-IMO-1983999","setor":"003","quadra":"041","lote":"0146","sourceType":"OFFICIAL_IMPORT","mainAddress":"Setor Fiscal 003","zoneamento":"RESIDENCIAL","statusCadastral":"ATIVO","workflowStatus":"PENDENTE","isOfficial":true,"rawProperties":{"cd_identificador":1983999,"cd_identificador_original_lote":8820217,"cd_setor_fiscal":"003","cd_tipo_quadra":"F","tx_tipo_quadra":"FISCAL","cd_quadra_fiscal":"041","cd_subquadra_fiscal":null,"cd_condominio":"00","cd_tipo_lote":"F","tx_tipo_lote":"FISCAL","cd_lote":"0146","cd_situacao":1,"cd_digito_sql":"1","cd_logradouro":"038261","nm_logradouro_completo":"R CAETANO PINTO","cd_numero_porta":"671","tx_complemento_endereco":null,"tx_situ_lote":"ATIVO","cd_tipo_uso_imovel":"40","dc_tipo_uso_imovel":"Não residencial","cd_tipo_terreno_imovel":1,"qt_area_terreno":63,"qt_area_construida":93}}},{"type":"Feature","geometry":{"type":"Polygon","coordinates":[[[-46.613082,-23.405921],[-46.613049,-23.405903],[-46.613163,-23.40572],[-46.613171,-23.405725],[-46.613206,-23.405744],[-46.613082,-23.405921]]]},"properties":{"sqlu":"SP-003-984322","inscription":"SP-GEOSAMPA-1984322","inscricaoImobiliaria":"SP-IMO-1984322","setor":"003","quadra":"062","lote":"0030","sourceType":"OFFICIAL_IMPORT","mainAddress":"Setor Fiscal 003","zoneamento":"RESIDENCIAL","statusCadastral":"ATIVO","workflowStatus":"PENDENTE","isOfficial":true,"rawProperties":{"cd_identificador":1984322,"cd_identificador_original_lote":8820286,"cd_setor_fiscal":"003","cd_tipo_quadra":"F","tx_tipo_quadra":"FISCAL","cd_quadra_fiscal":"062","cd_subquadra_fiscal":null,"cd_condominio":"00","cd_tipo_lote":"F","tx_tipo_lote":"FISCAL","cd_lote":"0030","cd_situacao":1,"cd_digito_sql":"9","cd_logradouro":"065625","nm_logradouro_completo":"R ERNESTO DE CASTRO","cd_numero_porta":"156","tx_complemento_endereco":null,"tx_situ_lote":"ATIVO","cd_tipo_uso_imovel":"10","dc_tipo_uso_imovel":"Residencial","cd_tipo_terreno_imovel":1,"qt_area_terreno":115,"qt_area_construida":83}}},{"type":"Feature","geometry":{"type":"Polygon","coordinates":[[[-46.626833,-23.406133],[-46.62687,-23.40614],[-46.626886,-23.406143],[-46.626882,-23.406175],[-46.626871,-23.406284],[-46.626814,-23.40628],[-46.62683,-23.406154],[-46.626833,-23.406133]]]},"properties":{"sqlu":"SP-003-984312","inscription":"SP-GEOSAMPA-1984312","inscricaoImobiliaria":"SP-IMO-1984312","setor":"003","quadra":"008","lote":"0012","sourceType":"OFFICIAL_IMPORT","mainAddress":"Setor Fiscal 003","zoneamento":"RESIDENCIAL","statusCadastral":"ATIVO","workflowStatus":"PENDENTE","isOfficial":true,"rawProperties":{"cd_identificador":1984312,"cd_identificador_original_lote":8819706,"cd_setor_fiscal":"003","cd_tipo_quadra":"F","tx_tipo_quadra":"FISCAL","cd_quadra_fiscal":"008","cd_subquadra_fiscal":null,"cd_condominio":"00","cd_tipo_lote":"F","tx_tipo_lote":"FISCAL","cd_lote":"0012","cd_situacao":1,"cd_digito_sql":"6","cd_logradouro":"185566","nm_logradouro_completo":"R TABATINGUERA","cd_numero_porta":"491","tx_complemento_endereco":null,"tx_situ_lote":"ATIVO","cd_tipo_uso_imovel":"40","dc_tipo_uso_imovel":"Não residencial","cd_tipo_terreno_imovel":1,"qt_area_terreno":79,"qt_area_construida":162}}},{"type":"Feature","geometry":{"type":"Polygon","coordinates":[[[-46.615866,-23.405247],[-46.615921,-23.405279],[-46.615914,-23.40529],[-46.615771,-23.405489],[-46.615714,-23.405455],[-46.615764,-23.405386],[-46.615766,-23.405384],[-46.615783,-23.405361],[-46.615802,-23.405334],[-46.615837,-23.405287],[-46.615854,-23.405263],[-46.615859,-23.405256],[-46.615866,-23.405247]]]},"properties":{"sqlu":"SP-003-984393","inscription":"SP-GEOSAMPA-1984393","inscricaoImobiliaria":"SP-IMO-1984393","setor":"003","quadra":"041","lote":"0064","sourceType":"OFFICIAL_IMPORT","mainAddress":"Setor Fiscal 003","zoneamento":"RESIDENCIAL","statusCadastral":"ATIVO","workflowStatus":"PENDENTE","isOfficial":true,"rawProperties":{"cd_identificador":1984393,"cd_identificador_original_lote":8820163,"cd_setor_fiscal":"003","cd_tipo_quadra":"F","tx_tipo_quadra":"FISCAL","cd_quadra_fiscal":"041","cd_subquadra_fiscal":null,"cd_condominio":"00","cd_tipo_lote":"F","tx_tipo_lote":"FISCAL","cd_lote":"0064","cd_situacao":1,"cd_digito_sql":"1","cd_logradouro":"155241","nm_logradouro_completo":"R VISC DE PARNAIBA","cd_numero_porta":"823","tx_complemento_endereco":"E 825","tx_situ_lote":"ATIVO","cd_tipo_uso_imovel":"42","dc_tipo_uso_imovel":"Não residencial","cd_tipo_terreno_imovel":1,"qt_area_terreno":208,"qt_area_construida":479}}},{"type":"Feature","geometry":{"type":"Polygon","coordinates":[[[-46.616911,-23.399108],[-46.616945,-23.399064],[-46.61698,-23.399018],[-46.617137,-23.399113],[-46.617105,-23.399159],[-46.617074,-23.399203],[-46.616911,-23.399108]]]},"properties":{"sqlu":"SP-003-984361","inscription":"SP-GEOSAMPA-1984361","inscricaoImobiliaria":"SP-IMO-1984361","setor":"003","quadra":"016","lote":"0074","sourceType":"OFFICIAL_IMPORT","mainAddress":"Setor Fiscal 003","zoneamento":"RESIDENCIAL","statusCadastral":"ATIVO","workflowStatus":"PENDENTE","isOfficial":true,"rawProperties":{"cd_identificador":1984361,"cd_identificador_original_lote":8820641,"cd_setor_fiscal":"003","cd_tipo_quadra":"F","tx_tipo_quadra":"FISCAL","cd_quadra_fiscal":"016","cd_subquadra_fiscal":null,"cd_condominio":"00","cd_tipo_lote":"F","tx_tipo_lote":"FISCAL","cd_lote":"0074","cd_situacao":1,"cd_digito_sql":"0","cd_logradouro":"135895","nm_logradouro_completo":"R MARTIM BURCHARD","cd_numero_porta":"79","tx_complemento_endereco":"81/85 E 89","tx_situ_lote":"ATIVO","cd_tipo_uso_imovel":"40","dc_tipo_uso_imovel":"Não residencial","cd_tipo_terreno_imovel":1,"qt_area_terreno":243,"qt_area_construida":461}}},{"type":"Feature","geometry":{"type":"Polygon","coordinates":[[[-46.613527,-23.403601],[-46.613554,-23.403617],[-46.61359,-23.403637],[-46.613323,-23.404032],[-46.613269,-23.404001],[-46.613316,-23.403936],[-46.613304,-23.403929],[-46.613495,-23.403649],[-46.613527,-23.403601]]]},"properties":{"sqlu":"SP-003-984260","inscription":"SP-GEOSAMPA-1984260","inscricaoImobiliaria":"SP-IMO-1984260","setor":"003","quadra":"044","lote":"0076","sourceType":"OFFICIAL_IMPORT","mainAddress":"Setor Fiscal 003","zoneamento":"RESIDENCIAL","statusCadastral":"ATIVO","workflowStatus":"PENDENTE","isOfficial":true,"rawProperties":{"cd_identificador":1984260,"cd_identificador_original_lote":8821003,"cd_setor_fiscal":"003","cd_tipo_quadra":"F","tx_tipo_quadra":"FISCAL","cd_quadra_fiscal":"044","cd_subquadra_fiscal":null,"cd_condominio":"00","cd_tipo_lote":"F","tx_tipo_lote":"FISCAL","cd_lote":"0076","cd_situacao":1,"cd_digito_sql":"9","cd_logradouro":"155241","nm_logradouro_completo":"R VISC DE PARNAIBA","cd_numero_porta":"1119","tx_complemento_endereco":"E 1123","tx_situ_lote":"ATIVO","cd_tipo_uso_imovel":"50","dc_tipo_uso_imovel":"Não residencial","cd_tipo_terreno_imovel":1,"qt_area_terreno":396,"qt_area_construida":246}}},{"type":"Feature","geometry":{"type":"Polygon","coordinates":[[[-46.616147,-23.401364],[-46.61628,-23.401177],[-46.616308,-23.401137],[-46.616351,-23.401077],[-46.616375,-23.401044],[-46.616416,-23.401072],[-46.616467,-23.401107],[-46.616242,-23.401421],[-46.616166,-23.401376],[-46.616147,-23.401364]]]},"properties":{"sqlu":"SP-003-984162","inscription":"SP-GEOSAMPA-1984162","inscricaoImobiliaria":"SP-IMO-1984162","setor":"003","quadra":"020","lote":"0121","sourceType":"OFFICIAL_IMPORT","mainAddress":"Setor Fiscal 003","zoneamento":"RESIDENCIAL","statusCadastral":"ATIVO","workflowStatus":"PENDENTE","isOfficial":true,"rawProperties":{"cd_identificador":1984162,"cd_identificador_original_lote":8821360,"cd_setor_fiscal":"003","cd_tipo_quadra":"F","tx_tipo_quadra":"FISCAL","cd_quadra_fiscal":"020","cd_subquadra_fiscal":null,"cd_condominio":"00","cd_tipo_lote":"F","tx_tipo_lote":"FISCAL","cd_lote":"0121","cd_situacao":1,"cd_digito_sql":"2","cd_logradouro":"166731","nm_logradouro_completo":"R PRUDENTE DE MORAIS","cd_numero_porta":"169","tx_complemento_endereco":null,"tx_situ_lote":"ATIVO","cd_tipo_uso_imovel":"51","dc_tipo_uso_imovel":"Não residencial","cd_tipo_terreno_imovel":1,"qt_area_terreno":504,"qt_area_construida":483}}},{"type":"Feature","geometry":{"type":"Polygon","coordinates":[[[-46.61726,-23.403352],[-46.617219,-23.403411],[-46.617132,-23.40336],[-46.616929,-23.403238],[-46.61697,-23.403181],[-46.617055,-23.40323],[-46.617188,-23.403309],[-46.61726,-23.403352]]]},"properties":{"sqlu":"SP-003-984516","inscription":"SP-GEOSAMPA-1984516","inscricaoImobiliaria":"SP-IMO-1984516","setor":"003","quadra":"028","lote":"0019","sourceType":"OFFICIAL_IMPORT","mainAddress":"Setor Fiscal 003","zoneamento":"RESIDENCIAL","statusCadastral":"ATIVO","workflowStatus":"PENDENTE","isOfficial":true,"rawProperties":{"cd_identificador":1984516,"cd_identificador_original_lote":8820667,"cd_setor_fiscal":"003","cd_tipo_quadra":"F","tx_tipo_quadra":"FISCAL","cd_quadra_fiscal":"028","cd_subquadra_fiscal":null,"cd_condominio":"00","cd_tipo_lote":"F","tx_tipo_lote":"FISCAL","cd_lote":"0019","cd_situacao":1,"cd_digito_sql":"0","cd_logradouro":"163589","nm_logradouro_completo":"R PIRATININGA","cd_numero_porta":"472","tx_complemento_endereco":"474 E 478","tx_situ_lote":"ATIVO","cd_tipo_uso_imovel":"40","dc_tipo_uso_imovel":"Não residencial","cd_tipo_terreno_imovel":1,"qt_area_terreno":270,"qt_area_construida":300}}},{"type":"Feature","geometry":{"type":"Polygon","coordinates":[[[-46.622258,-23.406629],[-46.622242,-23.4065],[-46.622528,-23.406481],[-46.622537,-23.406518],[-46.622554,-23.406605],[-46.622542,-23.406606],[-46.622529,-23.406607],[-46.622265,-23.406629],[-46.622258,-23.406629]]]},"properties":{"sqlu":"SP-003-984248","inscription":"SP-GEOSAMPA-1984248","inscricaoImobiliaria":"SP-IMO-1984248","setor":"003","quadra":"033","lote":"0101","sourceType":"OFFICIAL_IMPORT","mainAddress":"Setor Fiscal 003","zoneamento":"RESIDENCIAL","statusCadastral":"ATIVO","workflowStatus":"PENDENTE","isOfficial":true,"rawProperties":{"cd_identificador":1984248,"cd_identificador_original_lote":8821209,"cd_setor_fiscal":"003","cd_tipo_quadra":"F","tx_tipo_quadra":"FISCAL","cd_quadra_fiscal":"033","cd_subquadra_fiscal":null,"cd_condominio":"00","cd_tipo_lote":"F","tx_tipo_lote":"FISCAL","cd_lote":"0101","cd_situacao":1,"cd_digito_sql":"5","cd_logradouro":"199265","nm_logradouro_completo":"R WANDENKOLK","cd_numero_porta":"464","tx_complemento_endereco":"476","tx_situ_lote":"ATIVO","cd_tipo_uso_imovel":"50","dc_tipo_uso_imovel":"Não residencial","cd_tipo_terreno_imovel":1,"qt_area_terreno":386,"qt_area_construida":774}}},{"type":"Feature","geometry":{"type":"Polygon","coordinates":[[[-46.628305,-23.406364],[-46.628277,-23.406393],[-46.628249,-23.406422],[-46.62809,-23.406296],[-46.62803,-23.406248],[-46.627999,-23.40622],[-46.627973,-23.406193],[-46.627924,-23.406163],[-46.627844,-23.406113],[-46.627848,-23.406069],[-46.627849,-23.406063],[-46.627854,-23.406034],[-46.628008,-23.406118],[-46.628033,-23.406139],[-46.628053,-23.406155],[-46.628077,-23.406175],[-46.628086,-23.406182],[-46.628108,-23.4062],[-46.628119,-23.40621],[-46.628135,-23.406223],[-46.62815,-23.406235],[-46.628174,-23.406255],[-46.628201,-23.406277],[-46.628222,-23.406295],[-46.628305,-23.406364]]]},"properties":{"sqlu":"SP-003-984249","inscription":"SP-GEOSAMPA-1984249","inscricaoImobiliaria":"SP-IMO-1984249","setor":"003","quadra":"006","lote":"0034","sourceType":"OFFICIAL_IMPORT","mainAddress":"Setor Fiscal 003","zoneamento":"RESIDENCIAL","statusCadastral":"ATIVO","workflowStatus":"PENDENTE","isOfficial":true,"rawProperties":{"cd_identificador":1984249,"cd_identificador_original_lote":8820766,"cd_setor_fiscal":"003","cd_tipo_quadra":"F","tx_tipo_quadra":"FISCAL","cd_quadra_fiscal":"006","cd_subquadra_fiscal":null,"cd_condominio":"00","cd_tipo_lote":"F","tx_tipo_lote":"FISCAL","cd_lote":"0034","cd_situacao":1,"cd_digito_sql":"8","cd_logradouro":"044555","nm_logradouro_completo":"R DO CARMO","cd_numero_porta":"217","tx_complemento_endereco":null,"tx_situ_lote":"ATIVO","cd_tipo_uso_imovel":"40","dc_tipo_uso_imovel":"Não residencial","cd_tipo_terreno_imovel":3,"qt_area_terreno":575,"qt_area_construida":1089}}},{"type":"Feature","geometry":{"type":"Polygon","coordinates":[[[-46.618131,-23.40533],[-46.618171,-23.405353],[-46.61815,-23.405441],[-46.618068,-23.40542],[-46.618131,-23.40533]]]},"properties":{"sqlu":"SP-003-984556","inscription":"SP-GEOSAMPA-1984556","inscricaoImobiliaria":"SP-IMO-1984556","setor":"003","quadra":"019","lote":"0202","sourceType":"OFFICIAL_IMPORT","mainAddress":"Setor Fiscal 003","zoneamento":"RESIDENCIAL","statusCadastral":"ATIVO","workflowStatus":"PENDENTE","isOfficial":true,"rawProperties":{"cd_identificador":1984556,"cd_identificador_original_lote":8819802,"cd_setor_fiscal":"003","cd_tipo_quadra":"F","tx_tipo_quadra":"FISCAL","cd_quadra_fiscal":"019","cd_subquadra_fiscal":null,"cd_condominio":"00","cd_tipo_lote":"F","tx_tipo_lote":"FISCAL","cd_lote":"0202","cd_situacao":1,"cd_digito_sql":"1","cd_logradouro":"038261","nm_logradouro_completo":"R CAETANO PINTO","cd_numero_porta":"632","tx_complemento_endereco":"E 638","tx_situ_lote":"ATIVO","cd_tipo_uso_imovel":"40","dc_tipo_uso_imovel":"Não residencial","cd_tipo_terreno_imovel":1,"qt_area_terreno":34,"qt_area_construida":33}}},{"type":"Feature","geometry":{"type":"Polygon","coordinates":[[[-46.612811,-23.406418],[-46.612804,-23.406364],[-46.613094,-23.406336],[-46.613101,-23.406391],[-46.613071,-23.406393],[-46.612929,-23.406407],[-46.612811,-23.406418]]]},"properties":{"sqlu":"SP-003-984531","inscription":"SP-GEOSAMPA-1984531","inscricaoImobiliaria":"SP-IMO-1984531","setor":"003","quadra":"062","lote":"0049","sourceType":"OFFICIAL_IMPORT","mainAddress":"Setor Fiscal 003","zoneamento":"RESIDENCIAL","statusCadastral":"ATIVO","workflowStatus":"PENDENTE","isOfficial":true,"rawProperties":{"cd_identificador":1984531,"cd_identificador_original_lote":8820302,"cd_setor_fiscal":"003","cd_tipo_quadra":"F","tx_tipo_quadra":"FISCAL","cd_quadra_fiscal":"062","cd_subquadra_fiscal":null,"cd_condominio":"00","cd_tipo_lote":"F","tx_tipo_lote":"FISCAL","cd_lote":"0049","cd_situacao":1,"cd_digito_sql":"1","cd_logradouro":"076295","nm_logradouro_completo":"R DR FREIRE","cd_numero_porta":"98","tx_complemento_endereco":null,"tx_situ_lote":"ATIVO","cd_tipo_uso_imovel":"60","dc_tipo_uso_imovel":"Não residencial","cd_tipo_terreno_imovel":1,"qt_area_terreno":180,"qt_area_construida":174}}},{"type":"Feature","geometry":{"type":"Polygon","coordinates":[[[-46.616023,-23.40474],[-46.615907,-23.404671],[-46.61594,-23.404624],[-46.616038,-23.404682],[-46.616056,-23.404693],[-46.616053,-23.404697],[-46.616023,-23.40474]]]},"properties":{"sqlu":"SP-003-984743","inscription":"SP-GEOSAMPA-1984743","inscricaoImobiliaria":"SP-IMO-1984743","setor":"003","quadra":"041","lote":"0039","sourceType":"OFFICIAL_IMPORT","mainAddress":"Setor Fiscal 003","zoneamento":"RESIDENCIAL","statusCadastral":"ATIVO","workflowStatus":"PENDENTE","isOfficial":true,"rawProperties":{"cd_identificador":1984743,"cd_identificador_original_lote":8820192,"cd_setor_fiscal":"003","cd_tipo_quadra":"F","tx_tipo_quadra":"FISCAL","cd_quadra_fiscal":"041","cd_subquadra_fiscal":null,"cd_condominio":"00","cd_tipo_lote":"F","tx_tipo_lote":"FISCAL","cd_lote":"0039","cd_situacao":1,"cd_digito_sql":"0","cd_logradouro":"163589","nm_logradouro_completo":"R PIRATININGA","cd_numero_porta":"666","tx_complemento_endereco":"E 668","tx_situ_lote":"ATIVO","cd_tipo_uso_imovel":"42","dc_tipo_uso_imovel":"Não residencial","cd_tipo_terreno_imovel":1,"qt_area_terreno":87,"qt_area_construida":150}}},{"type":"Feature","geometry":{"type":"Polygon","coordinates":[[[-46.615348,-23.406241],[-46.6152,-23.406226],[-46.614918,-23.406056],[-46.614952,-23.406008],[-46.615012,-23.406043],[-46.615077,-23.406081],[-46.615108,-23.4061],[-46.615176,-23.40614],[-46.615236,-23.406175],[-46.615348,-23.406241]]]},"properties":{"sqlu":"SP-003-984911","inscription":"SP-GEOSAMPA-1984911","inscricaoImobiliaria":"SP-IMO-1984911","setor":"003","quadra":"046","lote":"0009","sourceType":"OFFICIAL_IMPORT","mainAddress":"Setor Fiscal 003","zoneamento":"RESIDENCIAL","statusCadastral":"ATIVO","workflowStatus":"PENDENTE","isOfficial":true,"rawProperties":{"cd_identificador":1984911,"cd_identificador_original_lote":8819725,"cd_setor_fiscal":"003","cd_tipo_quadra":"F","tx_tipo_quadra":"FISCAL","cd_quadra_fiscal":"046","cd_subquadra_fiscal":null,"cd_condominio":"00","cd_tipo_lote":"F","tx_tipo_lote":"FISCAL","cd_lote":"0009","cd_situacao":1,"cd_digito_sql":"1","cd_logradouro":"163589","nm_logradouro_completo":"R PIRATININGA","cd_numero_porta":"850","tx_complemento_endereco":"852","tx_situ_lote":"ATIVO","cd_tipo_uso_imovel":"22","dc_tipo_uso_imovel":"Residencial","cd_tipo_terreno_imovel":1,"qt_area_terreno":261,"qt_area_construida":771}}},{"type":"Feature","geometry":{"type":"Polygon","coordinates":[[[-46.61493,-23.403102],[-46.614886,-23.403077],[-46.615043,-23.402844],[-46.61509,-23.402872],[-46.61493,-23.403102]]]},"properties":{"sqlu":"SP-003-984871","inscription":"SP-GEOSAMPA-1984871","inscricaoImobiliaria":"SP-IMO-1984871","setor":"003","quadra":"042","lote":"0020","sourceType":"OFFICIAL_IMPORT","mainAddress":"Setor Fiscal 003","zoneamento":"RESIDENCIAL","statusCadastral":"ATIVO","workflowStatus":"PENDENTE","isOfficial":true,"rawProperties":{"cd_identificador":1984871,"cd_identificador_original_lote":8821050,"cd_setor_fiscal":"003","cd_tipo_quadra":"F","tx_tipo_quadra":"FISCAL","cd_quadra_fiscal":"042","cd_subquadra_fiscal":null,"cd_condominio":"00","cd_tipo_lote":"F","tx_tipo_lote":"FISCAL","cd_lote":"0020","cd_situacao":1,"cd_digito_sql":"4","cd_logradouro":"143359","nm_logradouro_completo":"R CEL MURSA","cd_numero_porta":"168","tx_complemento_endereco":null,"tx_situ_lote":"ATIVO","cd_tipo_uso_imovel":"50","dc_tipo_uso_imovel":"Não residencial","cd_tipo_terreno_imovel":1,"qt_area_terreno":216,"qt_area_construida":216}}},{"type":"Feature","geometry":{"type":"Polygon","coordinates":[[[-46.621008,-23.407467],[-46.621102,-23.40746],[-46.621116,-23.407543],[-46.621101,-23.407563],[-46.621024,-23.407567],[-46.621008,-23.407467]]]},"properties":{"sqlu":"SP-003-984930","inscription":"SP-GEOSAMPA-1984930","inscricaoImobiliaria":"SP-IMO-1984930","setor":"003","quadra":"055","lote":"0046","sourceType":"OFFICIAL_IMPORT","mainAddress":"Setor Fiscal 003","zoneamento":"RESIDENCIAL","statusCadastral":"ATIVO","workflowStatus":"PENDENTE","isOfficial":true,"rawProperties":{"cd_identificador":1984930,"cd_identificador_original_lote":8820860,"cd_setor_fiscal":"003","cd_tipo_quadra":"F","tx_tipo_quadra":"FISCAL","cd_quadra_fiscal":"055","cd_subquadra_fiscal":null,"cd_condominio":"00","cd_tipo_lote":"F","tx_tipo_lote":"FISCAL","cd_lote":"0046","cd_situacao":1,"cd_digito_sql":"5","cd_logradouro":"142131","nm_logradouro_completo":"R DA MOOCA","cd_numero_porta":"285","tx_complemento_endereco":null,"tx_situ_lote":"ATIVO","cd_tipo_uso_imovel":"42","dc_tipo_uso_imovel":"Não residencial","cd_tipo_terreno_imovel":2,"qt_area_terreno":120,"qt_area_construida":120}}},{"type":"Feature","geometry":{"type":"Polygon","coordinates":[[[-46.615087,-23.407235],[-46.615062,-23.407019],[-46.615074,-23.407018],[-46.61512,-23.407014],[-46.615138,-23.407232],[-46.615087,-23.407235]]]},"properties":{"sqlu":"SP-003-985225","inscription":"SP-GEOSAMPA-1985225","inscricaoImobiliaria":"SP-IMO-1985225","setor":"003","quadra":"048","lote":"0117","sourceType":"OFFICIAL_IMPORT","mainAddress":"Setor Fiscal 003","zoneamento":"RESIDENCIAL","statusCadastral":"ATIVO","workflowStatus":"PENDENTE","isOfficial":true,"rawProperties":{"cd_identificador":1985225,"cd_identificador_original_lote":8821102,"cd_setor_fiscal":"003","cd_tipo_quadra":"F","tx_tipo_quadra":"FISCAL","cd_quadra_fiscal":"048","cd_subquadra_fiscal":null,"cd_condominio":"00","cd_tipo_lote":"F","tx_tipo_lote":"FISCAL","cd_lote":"0117","cd_situacao":1,"cd_digito_sql":"8","cd_logradouro":"005436","nm_logradouro_completo":"AV ALCANTARA MACHADO","cd_numero_porta":"866","tx_complemento_endereco":null,"tx_situ_lote":"ATIVO","cd_tipo_uso_imovel":"00","dc_tipo_uso_imovel":"Terreno","cd_tipo_terreno_imovel":1,"qt_area_terreno":183,"qt_area_construida":0}}},{"type":"Feature","geometry":{"type":"Polygon","coordinates":[[[-46.620888,-23.401813],[-46.620872,-23.401843],[-46.62087,-23.401848],[-46.620857,-23.401877],[-46.620607,-23.401739],[-46.620637,-23.401695],[-46.620809,-23.401776],[-46.620848,-23.401794],[-46.620861,-23.4018],[-46.620888,-23.401813]]]},"properties":{"sqlu":"SP-003-985005","inscription":"SP-GEOSAMPA-1985005","inscricaoImobiliaria":"SP-IMO-1985005","setor":"003","quadra":"019","lote":"0009","sourceType":"OFFICIAL_IMPORT","mainAddress":"Setor Fiscal 003","zoneamento":"RESIDENCIAL","statusCadastral":"ATIVO","workflowStatus":"PENDENTE","isOfficial":true,"rawProperties":{"cd_identificador":1985005,"cd_identificador_original_lote":8819828,"cd_setor_fiscal":"003","cd_tipo_quadra":"F","tx_tipo_quadra":"FISCAL","cd_quadra_fiscal":"019","cd_subquadra_fiscal":null,"cd_condominio":"00","cd_tipo_lote":"F","tx_tipo_lote":"FISCAL","cd_lote":"0009","cd_situacao":1,"cd_digito_sql":"4","cd_logradouro":"038261","nm_logradouro_completo":"R CAETANO PINTO","cd_numero_porta":"150","tx_complemento_endereco":null,"tx_situ_lote":"ATIVO","cd_tipo_uso_imovel":"40","dc_tipo_uso_imovel":"Não residencial","cd_tipo_terreno_imovel":1,"qt_area_terreno":195,"qt_area_construida":173}}},{"type":"Feature","geometry":{"type":"Polygon","coordinates":[[[-46.613939,-23.40804],[-46.613929,-23.407954],[-46.613922,-23.407955],[-46.613914,-23.407901],[-46.613962,-23.407897],[-46.613978,-23.408036],[-46.613939,-23.40804]]]},"properties":{"sqlu":"SP-003-985133","inscription":"SP-GEOSAMPA-1985133","inscricaoImobiliaria":"SP-IMO-1985133","setor":"003","quadra":"048","lote":"0021","sourceType":"OFFICIAL_IMPORT","mainAddress":"Setor Fiscal 003","zoneamento":"RESIDENCIAL","statusCadastral":"ATIVO","workflowStatus":"PENDENTE","isOfficial":true,"rawProperties":{"cd_identificador":1985133,"cd_identificador_original_lote":8821166,"cd_setor_fiscal":"003","cd_tipo_quadra":"F","tx_tipo_quadra":"FISCAL","cd_quadra_fiscal":"048","cd_subquadra_fiscal":null,"cd_condominio":"00","cd_tipo_lote":"F","tx_tipo_lote":"FISCAL","cd_lote":"0021","cd_situacao":1,"cd_digito_sql":"1","cd_logradouro":"142131","nm_logradouro_completo":"R DA MOOCA","cd_numero_porta":"1013","tx_complemento_endereco":null,"tx_situ_lote":"ATIVO","cd_tipo_uso_imovel":"91","dc_tipo_uso_imovel":null,"cd_tipo_terreno_imovel":1,"qt_area_terreno":58,"qt_area_construida":177}}},{"type":"Feature","geometry":{"type":"Polygon","coordinates":[[[-46.61493,-23.403102],[-46.61509,-23.402872],[-46.615131,-23.402896],[-46.615105,-23.402934],[-46.615078,-23.402973],[-46.615058,-23.403003],[-46.615048,-23.403017],[-46.614936,-23.403181],[-46.61492,-23.403203],[-46.614881,-23.40318],[-46.614897,-23.403157],[-46.614926,-23.403115],[-46.614933,-23.403104],[-46.61493,-23.403102]]]},"properties":{"sqlu":"SP-003-984872","inscription":"SP-GEOSAMPA-1984872","inscricaoImobiliaria":"SP-IMO-1984872","setor":"003","quadra":"042","lote":"0019","sourceType":"OFFICIAL_IMPORT","mainAddress":"Setor Fiscal 003","zoneamento":"RESIDENCIAL","statusCadastral":"ATIVO","workflowStatus":"PENDENTE","isOfficial":true,"rawProperties":{"cd_identificador":1984872,"cd_identificador_original_lote":8821051,"cd_setor_fiscal":"003","cd_tipo_quadra":"F","tx_tipo_quadra":"FISCAL","cd_quadra_fiscal":"042","cd_subquadra_fiscal":null,"cd_condominio":"00","cd_tipo_lote":"F","tx_tipo_lote":"FISCAL","cd_lote":"0019","cd_situacao":1,"cd_digito_sql":"0","cd_logradouro":"143359","nm_logradouro_completo":"R CEL MURSA","cd_numero_porta":"164","tx_complemento_endereco":"E 166","tx_situ_lote":"ATIVO","cd_tipo_uso_imovel":"40","dc_tipo_uso_imovel":"Não residencial","cd_tipo_terreno_imovel":1,"qt_area_terreno":206,"qt_area_construida":122}}},{"type":"Feature","geometry":{"type":"Polygon","coordinates":[[[-46.622945,-23.402163],[-46.622902,-23.402145],[-46.622987,-23.401991],[-46.623026,-23.402009],[-46.622993,-23.402072],[-46.622945,-23.402163]]]},"properties":{"sqlu":"SP-003-985084","inscription":"SP-GEOSAMPA-1985084","inscricaoImobiliaria":"SP-IMO-1985084","setor":"003","quadra":"011","lote":"0102","sourceType":"OFFICIAL_IMPORT","mainAddress":"Setor Fiscal 003","zoneamento":"RESIDENCIAL","statusCadastral":"ATIVO","workflowStatus":"PENDENTE","isOfficial":true,"rawProperties":{"cd_identificador":1985084,"cd_identificador_original_lote":8820368,"cd_setor_fiscal":"003","cd_tipo_quadra":"F","tx_tipo_quadra":"FISCAL","cd_quadra_fiscal":"011","cd_subquadra_fiscal":null,"cd_condominio":"00","cd_tipo_lote":"F","tx_tipo_lote":"FISCAL","cd_lote":"0102","cd_situacao":1,"cd_digito_sql":"7","cd_logradouro":"012068","nm_logradouro_completo":"R ANA TENORIO","cd_numero_porta":"26","tx_complemento_endereco":null,"tx_situ_lote":"ATIVO","cd_tipo_uso_imovel":"10","dc_tipo_uso_imovel":"Residencial","cd_tipo_terreno_imovel":1,"qt_area_terreno":93,"qt_area_construida":80}}},{"type":"Feature","geometry":{"type":"Polygon","coordinates":[[[-46.616634,-23.404875],[-46.616668,-23.404894],[-46.616677,-23.4049],[-46.616646,-23.404945],[-46.616604,-23.405007],[-46.616587,-23.405031],[-46.616566,-23.405063],[-46.616524,-23.405038],[-46.616545,-23.405007],[-46.616562,-23.404982],[-46.616571,-23.404968],[-46.616634,-23.404875]]]},"properties":{"sqlu":"SP-003-984943","inscription":"SP-GEOSAMPA-1984943","inscricaoImobiliaria":"SP-IMO-1984943","setor":"003","quadra":"041","lote":"0023","sourceType":"OFFICIAL_IMPORT","mainAddress":"Setor Fiscal 003","zoneamento":"RESIDENCIAL","statusCadastral":"ATIVO","workflowStatus":"PENDENTE","isOfficial":true,"rawProperties":{"cd_identificador":1984943,"cd_identificador_original_lote":8820234,"cd_setor_fiscal":"003","cd_tipo_quadra":"F","tx_tipo_quadra":"FISCAL","cd_quadra_fiscal":"041","cd_subquadra_fiscal":null,"cd_condominio":"00","cd_tipo_lote":"F","tx_tipo_lote":"FISCAL","cd_lote":"0023","cd_situacao":1,"cd_digito_sql":"4","cd_logradouro":"154571","nm_logradouro_completo":"R PARANA","cd_numero_porta":"160","tx_complemento_endereco":null,"tx_situ_lote":"ATIVO","cd_tipo_uso_imovel":"10","dc_tipo_uso_imovel":"Residencial","cd_tipo_terreno_imovel":1,"qt_area_terreno":100,"qt_area_construida":148}}},{"type":"Feature","geometry":{"type":"Polygon","coordinates":[[[-46.618857,-23.400535],[-46.618889,-23.40049],[-46.619255,-23.400701],[-46.619266,-23.400708],[-46.619259,-23.40072],[-46.619237,-23.400758],[-46.618857,-23.400535]]]},"properties":{"sqlu":"SP-003-985171","inscription":"SP-GEOSAMPA-1985171","inscricaoImobiliaria":"SP-IMO-1985171","setor":"003","quadra":"014","lote":"0021","sourceType":"OFFICIAL_IMPORT","mainAddress":"Setor Fiscal 003","zoneamento":"RESIDENCIAL","statusCadastral":"ATIVO","workflowStatus":"PENDENTE","isOfficial":true,"rawProperties":{"cd_identificador":1985171,"cd_identificador_original_lote":8820574,"cd_setor_fiscal":"003","cd_tipo_quadra":"F","tx_tipo_quadra":"FISCAL","cd_quadra_fiscal":"014","cd_subquadra_fiscal":null,"cd_condominio":"00","cd_tipo_lote":"F","tx_tipo_lote":"FISCAL","cd_lote":"0021","cd_situacao":1,"cd_digito_sql":"0","cd_logradouro":"163589","nm_logradouro_completo":"R PIRATININGA","cd_numero_porta":"112","tx_complemento_endereco":"E 116","tx_situ_lote":"ATIVO","cd_tipo_uso_imovel":"64","dc_tipo_uso_imovel":"Não residencial","cd_tipo_terreno_imovel":1,"qt_area_terreno":269,"qt_area_construida":432}}},{"type":"Feature","geometry":{"type":"Polygon","coordinates":[[[-46.618857,-23.400535],[-46.619237,-23.400758],[-46.619234,-23.400764],[-46.619208,-23.40081],[-46.618825,-23.400581],[-46.618857,-23.400535]]]},"properties":{"sqlu":"SP-003-985172","inscription":"SP-GEOSAMPA-1985172","inscricaoImobiliaria":"SP-IMO-1985172","setor":"003","quadra":"014","lote":"0022","sourceType":"OFFICIAL_IMPORT","mainAddress":"Setor Fiscal 003","zoneamento":"RESIDENCIAL","statusCadastral":"ATIVO","workflowStatus":"PENDENTE","isOfficial":true,"rawProperties":{"cd_identificador":1985172,"cd_identificador_original_lote":8820589,"cd_setor_fiscal":"003","cd_tipo_quadra":"F","tx_tipo_quadra":"FISCAL","cd_quadra_fiscal":"014","cd_subquadra_fiscal":null,"cd_condominio":"00","cd_tipo_lote":"F","tx_tipo_lote":"FISCAL","cd_lote":"0022","cd_situacao":1,"cd_digito_sql":"9","cd_logradouro":"163589","nm_logradouro_completo":"R PIRATININGA","cd_numero_porta":"118","tx_complemento_endereco":"E 120","tx_situ_lote":"ATIVO","cd_tipo_uso_imovel":"64","dc_tipo_uso_imovel":"Não residencial","cd_tipo_terreno_imovel":1,"qt_area_terreno":269,"qt_area_construida":438}}},{"type":"Feature","geometry":{"type":"Polygon","coordinates":[[[-46.623131,-23.401815],[-46.623115,-23.401809],[-46.623095,-23.4018],[-46.62306,-23.401785],[-46.623021,-23.401768],[-46.623039,-23.401727],[-46.62308,-23.401654],[-46.623124,-23.401577],[-46.623184,-23.401634],[-46.623296,-23.401733],[-46.623381,-23.401807],[-46.623346,-23.401858],[-46.62332,-23.401898],[-46.623293,-23.401886],[-46.623275,-23.401878],[-46.623268,-23.401875],[-46.623233,-23.40186],[-46.623199,-23.401845],[-46.623168,-23.401832],[-46.623163,-23.40183],[-46.623131,-23.401815]]]},"properties":{"sqlu":"SP-003-985020","inscription":"SP-GEOSAMPA-1985020","inscricaoImobiliaria":"SP-IMO-1985020","setor":"003","quadra":"011","lote":"0155","sourceType":"OFFICIAL_IMPORT","mainAddress":"Setor Fiscal 003","zoneamento":"RESIDENCIAL","statusCadastral":"ATIVO","workflowStatus":"PENDENTE","isOfficial":true,"rawProperties":{"cd_identificador":1985020,"cd_identificador_original_lote":8820354,"cd_setor_fiscal":"003","cd_tipo_quadra":"F","tx_tipo_quadra":"FISCAL","cd_quadra_fiscal":"011","cd_subquadra_fiscal":null,"cd_condominio":"00","cd_tipo_lote":"F","tx_tipo_lote":"FISCAL","cd_lote":"0155","cd_situacao":1,"cd_digito_sql":"8","cd_logradouro":"168700","nm_logradouro_completo":"AV RANGEL PESTANA","cd_numero_porta":"950","tx_complemento_endereco":"BRAS","tx_situ_lote":"ATIVO","cd_tipo_uso_imovel":"61","dc_tipo_uso_imovel":"Não residencial","cd_tipo_terreno_imovel":1,"qt_area_terreno":750,"qt_area_construida":325}}},{"type":"Feature","geometry":{"type":"Polygon","coordinates":[[[-46.623131,-23.401815],[-46.623072,-23.40194],[-46.623041,-23.401926],[-46.623095,-23.4018],[-46.623115,-23.401809],[-46.623131,-23.401815]]]},"properties":{"sqlu":"SP-003-985021","inscription":"SP-GEOSAMPA-1985021","inscricaoImobiliaria":"SP-IMO-1985021","setor":"003","quadra":"011","lote":"0090","sourceType":"OFFICIAL_IMPORT","mainAddress":"Setor Fiscal 003","zoneamento":"RESIDENCIAL","statusCadastral":"ATIVO","workflowStatus":"PENDENTE","isOfficial":true,"rawProperties":{"cd_identificador":1985021,"cd_identificador_original_lote":8820358,"cd_setor_fiscal":"003","cd_tipo_quadra":"F","tx_tipo_quadra":"FISCAL","cd_quadra_fiscal":"011","cd_subquadra_fiscal":null,"cd_condominio":"00","cd_tipo_lote":"F","tx_tipo_lote":"FISCAL","cd_lote":"0090","cd_situacao":1,"cd_digito_sql":"1","cd_logradouro":"012068","nm_logradouro_completo":"R ANA TENORIO","cd_numero_porta":"23","tx_complemento_endereco":null,"tx_situ_lote":"ATIVO","cd_tipo_uso_imovel":"10","dc_tipo_uso_imovel":"Residencial","cd_tipo_terreno_imovel":1,"qt_area_terreno":80,"qt_area_construida":70}}},{"type":"Feature","geometry":{"type":"Polygon","coordinates":[[[-46.613374,-23.406635],[-46.613314,-23.406211],[-46.613332,-23.406222],[-46.613391,-23.406257],[-46.61344,-23.406286],[-46.613453,-23.406294],[-46.61352,-23.406334],[-46.613537,-23.406468],[-46.613557,-23.40662],[-46.613374,-23.406635]]]},"properties":{"sqlu":"SP-003-985332","inscription":"SP-GEOSAMPA-1985332","inscricaoImobiliaria":"SP-IMO-1985332","setor":"003","quadra":"062","lote":"0058","sourceType":"OFFICIAL_IMPORT","mainAddress":"Setor Fiscal 003","zoneamento":"RESIDENCIAL","statusCadastral":"ATIVO","workflowStatus":"PENDENTE","isOfficial":true,"rawProperties":{"cd_identificador":1985332,"cd_identificador_original_lote":8820337,"cd_setor_fiscal":"003","cd_tipo_quadra":"F","tx_tipo_quadra":"FISCAL","cd_quadra_fiscal":"062","cd_subquadra_fiscal":null,"cd_condominio":"00","cd_tipo_lote":"F","tx_tipo_lote":"FISCAL","cd_lote":"0058","cd_situacao":1,"cd_digito_sql":"9","cd_logradouro":"005436","nm_logradouro_completo":"AV ALCANTARA MACHADO","cd_numero_porta":"1029","tx_complemento_endereco":null,"tx_situ_lote":"ATIVO","cd_tipo_uso_imovel":"50","dc_tipo_uso_imovel":"Não residencial","cd_tipo_terreno_imovel":1,"qt_area_terreno":763,"qt_area_construida":901}}},{"type":"Feature","geometry":{"type":"Polygon","coordinates":[[[-46.617891,-23.406249],[-46.617909,-23.405988],[-46.618126,-23.405962],[-46.618111,-23.406225],[-46.617898,-23.406248],[-46.617891,-23.406249]]]},"properties":{"sqlu":"SP-003-985467","inscription":"SP-GEOSAMPA-1985467","inscricaoImobiliaria":"SP-IMO-1985467","setor":"003","quadra":"059","lote":"0005","sourceType":"OFFICIAL_IMPORT","mainAddress":"Setor Fiscal 003","zoneamento":"RESIDENCIAL","statusCadastral":"ATIVO","workflowStatus":"PENDENTE","isOfficial":true,"rawProperties":{"cd_identificador":1985467,"cd_identificador_original_lote":8820870,"cd_setor_fiscal":"003","cd_tipo_quadra":"F","tx_tipo_quadra":"FISCAL","cd_quadra_fiscal":"059","cd_subquadra_fiscal":null,"cd_condominio":"00","cd_tipo_lote":"F","tx_tipo_lote":"FISCAL","cd_lote":"0005","cd_situacao":1,"cd_digito_sql":"6","cd_logradouro":"005436","nm_logradouro_completo":"AV ALCANTARA MACHADO","cd_numero_porta":"551","tx_complemento_endereco":"565 579","tx_situ_lote":"ATIVO","cd_tipo_uso_imovel":"43","dc_tipo_uso_imovel":"Não residencial","cd_tipo_terreno_imovel":3,"qt_area_terreno":688,"qt_area_construida":1502}}},{"type":"Feature","geometry":{"type":"Polygon","coordinates":[[[-46.617113,-23.406279],[-46.617118,-23.406315],[-46.616948,-23.406333],[-46.616906,-23.406339],[-46.616901,-23.406302],[-46.617083,-23.406282],[-46.617113,-23.406279]]]},"properties":{"sqlu":"SP-003-985334","inscription":"SP-GEOSAMPA-1985334","inscricaoImobiliaria":"SP-IMO-1985334","setor":"003","quadra":"046","lote":"0091","sourceType":"OFFICIAL_IMPORT","mainAddress":"Setor Fiscal 003","zoneamento":"RESIDENCIAL","statusCadastral":"ATIVO","workflowStatus":"PENDENTE","isOfficial":true,"rawProperties":{"cd_identificador":1985334,"cd_identificador_original_lote":8819742,"cd_setor_fiscal":"003","cd_tipo_quadra":"F","tx_tipo_quadra":"FISCAL","cd_quadra_fiscal":"046","cd_subquadra_fiscal":null,"cd_condominio":"00","cd_tipo_lote":"F","tx_tipo_lote":"FISCAL","cd_lote":"0091","cd_situacao":1,"cd_digito_sql":"1","cd_logradouro":"005436","nm_logradouro_completo":"AV ALCANTARA MACHADO","cd_numero_porta":"S/N","tx_complemento_endereco":"ESQ TRAV PLACIDI","tx_situ_lote":"ATIVO","cd_tipo_uso_imovel":"00","dc_tipo_uso_imovel":"Terreno","cd_tipo_terreno_imovel":2,"qt_area_terreno":105,"qt_area_construida":0}}},{"type":"Feature","geometry":{"type":"Polygon","coordinates":[[[-46.621124,-23.400983],[-46.621311,-23.400709],[-46.621341,-23.400691],[-46.621357,-23.400699],[-46.621322,-23.4008],[-46.621212,-23.40099],[-46.621198,-23.401012],[-46.621167,-23.401],[-46.621124,-23.400983]]]},"properties":{"sqlu":"SP-003-985912","inscription":"SP-GEOSAMPA-1985912","inscricaoImobiliaria":"SP-IMO-1985912","setor":"003","quadra":"012","lote":"0006","sourceType":"OFFICIAL_IMPORT","mainAddress":"Setor Fiscal 003","zoneamento":"RESIDENCIAL","statusCadastral":"ATIVO","workflowStatus":"PENDENTE","isOfficial":true,"rawProperties":{"cd_identificador":1985912,"cd_identificador_original_lote":8821314,"cd_setor_fiscal":"003","cd_tipo_quadra":"F","tx_tipo_quadra":"FISCAL","cd_quadra_fiscal":"012","cd_subquadra_fiscal":null,"cd_condominio":"00","cd_tipo_lote":"F","tx_tipo_lote":"FISCAL","cd_lote":"0006","cd_situacao":1,"cd_digito_sql":"8","cd_logradouro":"168700","nm_logradouro_completo":"AV RANGEL PESTANA","cd_numero_porta":"1182","tx_complemento_endereco":null,"tx_situ_lote":"ATIVO","cd_tipo_uso_imovel":"80","dc_tipo_uso_imovel":"Não residencial","cd_tipo_terreno_imovel":2,"qt_area_terreno":254,"qt_area_construida":850}}},{"type":"Feature","geometry":{"type":"Polygon","coordinates":[[[-46.616669,-23.405269],[-46.616545,-23.405196],[-46.61657,-23.405159],[-46.616694,-23.405233],[-46.616669,-23.405269]]]},"properties":{"sqlu":"SP-003-986445","inscription":"SP-GEOSAMPA-1986445","inscricaoImobiliaria":"SP-IMO-1986445","setor":"003","quadra":"041","lote":"0116","sourceType":"OFFICIAL_IMPORT","mainAddress":"Setor Fiscal 003","zoneamento":"RESIDENCIAL","statusCadastral":"ATIVO","workflowStatus":"PENDENTE","isOfficial":true,"rawProperties":{"cd_identificador":1986445,"cd_identificador_original_lote":8820140,"cd_setor_fiscal":"003","cd_tipo_quadra":"F","tx_tipo_quadra":"FISCAL","cd_quadra_fiscal":"041","cd_subquadra_fiscal":null,"cd_condominio":"00","cd_tipo_lote":"F","tx_tipo_lote":"FISCAL","cd_lote":"0116","cd_situacao":1,"cd_digito_sql":"8","cd_logradouro":"155241","nm_logradouro_completo":"R VISC DE PARNAIBA","cd_numero_porta":"685","tx_complemento_endereco":"CS16","tx_situ_lote":"ATIVO","cd_tipo_uso_imovel":"10","dc_tipo_uso_imovel":"Residencial","cd_tipo_terreno_imovel":4,"qt_area_terreno":61,"qt_area_construida":122}}},{"type":"Feature","geometry":{"type":"Polygon","coordinates":[[[-46.621474,-23.405217],[-46.621476,-23.405216],[-46.621486,-23.40527],[-46.62149,-23.405291],[-46.621528,-23.405493],[-46.621383,-23.405506],[-46.621354,-23.405364],[-46.62133,-23.405241],[-46.621336,-23.405241],[-46.621333,-23.405224],[-46.621374,-23.405219],[-46.621421,-23.405218],[-46.621463,-23.405217],[-46.621474,-23.405217]]]},"properties":{"sqlu":"SP-003-986263","inscription":"SP-GEOSAMPA-1986263","inscricaoImobiliaria":"SP-IMO-1986263","setor":"003","quadra":"022","lote":"0000","sourceType":"OFFICIAL_IMPORT","mainAddress":"Setor Fiscal 003","zoneamento":"RESIDENCIAL","statusCadastral":"ATIVO","workflowStatus":"PENDENTE","isOfficial":true,"rawProperties":{"cd_identificador":1986263,"cd_identificador_original_lote":8820724,"cd_setor_fiscal":"003","cd_tipo_quadra":"F","tx_tipo_quadra":"FISCAL","cd_quadra_fiscal":"022","cd_subquadra_fiscal":null,"cd_condominio":"01","cd_tipo_lote":"F","tx_tipo_lote":"FISCAL","cd_lote":"0000","cd_situacao":1,"cd_digito_sql":null,"cd_logradouro":"155241","nm_logradouro_completo":"R VISC DE PARNAIBA","cd_numero_porta":"211 217 221","tx_complemento_endereco":null,"tx_situ_lote":null,"cd_tipo_uso_imovel":"XX","dc_tipo_uso_imovel":"Condomínio","cd_tipo_terreno_imovel":99,"qt_area_terreno":450,"qt_area_construida":null}}},{"type":"Feature","geometry":{"type":"Polygon","coordinates":[[[-46.616774,-23.405186],[-46.616788,-23.405167],[-46.616791,-23.405162],[-46.616837,-23.405097],[-46.616889,-23.405022],[-46.616931,-23.405047],[-46.616817,-23.405212],[-46.616774,-23.405186]]]},"properties":{"sqlu":"SP-003-986262","inscription":"SP-GEOSAMPA-1986262","inscricaoImobiliaria":"SP-IMO-1986262","setor":"003","quadra":"041","lote":"0017","sourceType":"OFFICIAL_IMPORT","mainAddress":"Setor Fiscal 003","zoneamento":"RESIDENCIAL","statusCadastral":"ATIVO","workflowStatus":"PENDENTE","isOfficial":true,"rawProperties":{"cd_identificador":1986262,"cd_identificador_original_lote":8820130,"cd_setor_fiscal":"003","cd_tipo_quadra":"F","tx_tipo_quadra":"FISCAL","cd_quadra_fiscal":"041","cd_subquadra_fiscal":null,"cd_condominio":"00","cd_tipo_lote":"F","tx_tipo_lote":"FISCAL","cd_lote":"0017","cd_situacao":1,"cd_digito_sql":"1","cd_logradouro":"154571","nm_logradouro_completo":"R PARANA","cd_numero_porta":"130","tx_complemento_endereco":null,"tx_situ_lote":"ATIVO","cd_tipo_uso_imovel":"10","dc_tipo_uso_imovel":"Residencial","cd_tipo_terreno_imovel":1,"qt_area_terreno":109,"qt_area_construida":86}}},{"type":"Feature","geometry":{"type":"Polygon","coordinates":[[[-46.612102,-23.406621],[-46.612385,-23.406592],[-46.612393,-23.406647],[-46.612683,-23.406619],[-46.61269,-23.406672],[-46.6124,-23.406696],[-46.612137,-23.406717],[-46.612114,-23.406708],[-46.612102,-23.406621]]]},"properties":{"sqlu":"SP-003-986254","inscription":"SP-GEOSAMPA-1986254","inscricaoImobiliaria":"SP-IMO-1986254","setor":"003","quadra":"064","lote":"0028","sourceType":"OFFICIAL_IMPORT","mainAddress":"Setor Fiscal 003","zoneamento":"RESIDENCIAL","statusCadastral":"ATIVO","workflowStatus":"PENDENTE","isOfficial":true,"rawProperties":{"cd_identificador":1986254,"cd_identificador_original_lote":8820249,"cd_setor_fiscal":"003","cd_tipo_quadra":"F","tx_tipo_quadra":"FISCAL","cd_quadra_fiscal":"064","cd_subquadra_fiscal":null,"cd_condominio":"00","cd_tipo_lote":"F","tx_tipo_lote":"FISCAL","cd_lote":"0028","cd_situacao":1,"cd_digito_sql":"6","cd_logradouro":"076295","nm_logradouro_completo":"R DR FREIRE","cd_numero_porta":"121","tx_complemento_endereco":null,"tx_situ_lote":"ATIVO","cd_tipo_uso_imovel":"51","dc_tipo_uso_imovel":"Não residencial","cd_tipo_terreno_imovel":2,"qt_area_terreno":570,"qt_area_construida":750}}},{"type":"Feature","geometry":{"type":"Polygon","coordinates":[[[-46.61427,-23.407537],[-46.614292,-23.407535],[-46.614393,-23.407528],[-46.614396,-23.407567],[-46.614274,-23.407576],[-46.614271,-23.407549],[-46.61427,-23.407537]]]},"properties":{"sqlu":"SP-003-986180","inscription":"SP-GEOSAMPA-1986180","inscricaoImobiliaria":"SP-IMO-1986180","setor":"003","quadra":"048","lote":"0038","sourceType":"OFFICIAL_IMPORT","mainAddress":"Setor Fiscal 003","zoneamento":"RESIDENCIAL","statusCadastral":"ATIVO","workflowStatus":"PENDENTE","isOfficial":true,"rawProperties":{"cd_identificador":1986180,"cd_identificador_original_lote":8821109,"cd_setor_fiscal":"003","cd_tipo_quadra":"F","tx_tipo_quadra":"FISCAL","cd_quadra_fiscal":"048","cd_subquadra_fiscal":null,"cd_condominio":"00","cd_tipo_lote":"F","tx_tipo_lote":"FISCAL","cd_lote":"0038","cd_situacao":1,"cd_digito_sql":"4","cd_logradouro":"443077","nm_logradouro_completo":"TV VITALIANO BINDO","cd_numero_porta":"10","tx_complemento_endereco":null,"tx_situ_lote":"ATIVO","cd_tipo_uso_imovel":"10","dc_tipo_uso_imovel":"Residencial","cd_tipo_terreno_imovel":1,"qt_area_terreno":50,"qt_area_construida":40}}},{"type":"Feature","geometry":{"type":"Polygon","coordinates":[[[-46.620615,-23.40726],[-46.620613,-23.407231],[-46.620612,-23.407219],[-46.62063,-23.407218],[-46.620645,-23.407217],[-46.620703,-23.407214],[-46.620737,-23.407212],[-46.62074,-23.407254],[-46.620615,-23.40726]]]},"properties":{"sqlu":"SP-003-986618","inscription":"SP-GEOSAMPA-1986618","inscricaoImobiliaria":"SP-IMO-1986618","setor":"003","quadra":"055","lote":"0069","sourceType":"OFFICIAL_IMPORT","mainAddress":"Setor Fiscal 003","zoneamento":"RESIDENCIAL","statusCadastral":"ATIVO","workflowStatus":"PENDENTE","isOfficial":true,"rawProperties":{"cd_identificador":1986618,"cd_identificador_original_lote":8820854,"cd_setor_fiscal":"003","cd_tipo_quadra":"F","tx_tipo_quadra":"FISCAL","cd_quadra_fiscal":"055","cd_subquadra_fiscal":null,"cd_condominio":"00","cd_tipo_lote":"F","tx_tipo_lote":"FISCAL","cd_lote":"0069","cd_situacao":1,"cd_digito_sql":"4","cd_logradouro":"142131","nm_logradouro_completo":"R DA MOOCA","cd_numero_porta":"315","tx_complemento_endereco":"CS 13","tx_situ_lote":"ATIVO","cd_tipo_uso_imovel":"10","dc_tipo_uso_imovel":"Residencial","cd_tipo_terreno_imovel":4,"qt_area_terreno":60,"qt_area_construida":40}}},{"type":"Feature","geometry":{"type":"Polygon","coordinates":[[[-46.615002,-23.402819],[-46.615043,-23.402844],[-46.614886,-23.403077],[-46.614844,-23.403052],[-46.614851,-23.403041],[-46.614882,-23.402995],[-46.615002,-23.402819]]]},"properties":{"sqlu":"SP-003-986547","inscription":"SP-GEOSAMPA-1986547","inscricaoImobiliaria":"SP-IMO-1986547","setor":"003","quadra":"042","lote":"0021","sourceType":"OFFICIAL_IMPORT","mainAddress":"Setor Fiscal 003","zoneamento":"RESIDENCIAL","statusCadastral":"ATIVO","workflowStatus":"PENDENTE","isOfficial":true,"rawProperties":{"cd_identificador":1986547,"cd_identificador_original_lote":8821049,"cd_setor_fiscal":"003","cd_tipo_quadra":"F","tx_tipo_quadra":"FISCAL","cd_quadra_fiscal":"042","cd_subquadra_fiscal":null,"cd_condominio":"00","cd_tipo_lote":"F","tx_tipo_lote":"FISCAL","cd_lote":"0021","cd_situacao":1,"cd_digito_sql":"2","cd_logradouro":"143359","nm_logradouro_completo":"R CEL MURSA","cd_numero_porta":"174","tx_complemento_endereco":"E 176","tx_situ_lote":"ATIVO","cd_tipo_uso_imovel":"42","dc_tipo_uso_imovel":"Não residencial","cd_tipo_terreno_imovel":1,"qt_area_terreno":221,"qt_area_construida":300}}},{"type":"Feature","geometry":{"type":"Polygon","coordinates":[[[-46.616939,-23.406235],[-46.616892,-23.40624],[-46.616887,-23.406207],[-46.616871,-23.406104],[-46.616886,-23.406102],[-46.61692,-23.406099],[-46.616939,-23.406235]]]},"properties":{"sqlu":"SP-003-986815","inscription":"SP-GEOSAMPA-1986815","inscricaoImobiliaria":"SP-IMO-1986815","setor":"003","quadra":"046","lote":"0063","sourceType":"OFFICIAL_IMPORT","mainAddress":"Setor Fiscal 003","zoneamento":"RESIDENCIAL","statusCadastral":"ATIVO","workflowStatus":"PENDENTE","isOfficial":true,"rawProperties":{"cd_identificador":1986815,"cd_identificador_original_lote":8819744,"cd_setor_fiscal":"003","cd_tipo_quadra":"F","tx_tipo_quadra":"FISCAL","cd_quadra_fiscal":"046","cd_subquadra_fiscal":null,"cd_condominio":"00","cd_tipo_lote":"F","tx_tipo_lote":"FISCAL","cd_lote":"0063","cd_situacao":1,"cd_digito_sql":"6","cd_logradouro":"155241","nm_logradouro_completo":"R VISC DE PARNAIBA","cd_numero_porta":"688","tx_complemento_endereco":null,"tx_situ_lote":"ATIVO","cd_tipo_uso_imovel":"10","dc_tipo_uso_imovel":"Residencial","cd_tipo_terreno_imovel":1,"qt_area_terreno":70,"qt_area_construida":75}}},{"type":"Feature","geometry":{"type":"Polygon","coordinates":[[[-46.616939,-23.406235],[-46.61692,-23.406099],[-46.616964,-23.406094],[-46.616983,-23.40623],[-46.616939,-23.406235]]]},"properties":{"sqlu":"SP-003-986816","inscription":"SP-GEOSAMPA-1986816","inscricaoImobiliaria":"SP-IMO-1986816","setor":"003","quadra":"046","lote":"0062","sourceType":"OFFICIAL_IMPORT","mainAddress":"Setor Fiscal 003","zoneamento":"RESIDENCIAL","statusCadastral":"ATIVO","workflowStatus":"PENDENTE","isOfficial":true,"rawProperties":{"cd_identificador":1986816,"cd_identificador_original_lote":8819745,"cd_setor_fiscal":"003","cd_tipo_quadra":"F","tx_tipo_quadra":"FISCAL","cd_quadra_fiscal":"046","cd_subquadra_fiscal":null,"cd_condominio":"00","cd_tipo_lote":"F","tx_tipo_lote":"FISCAL","cd_lote":"0062","cd_situacao":1,"cd_digito_sql":"8","cd_logradouro":"155241","nm_logradouro_completo":"R VISC DE PARNAIBA","cd_numero_porta":"684","tx_complemento_endereco":null,"tx_situ_lote":"ATIVO","cd_tipo_uso_imovel":"40","dc_tipo_uso_imovel":"Não residencial","cd_tipo_terreno_imovel":1,"qt_area_terreno":70,"qt_area_construida":70}}},{"type":"Feature","geometry":{"type":"Polygon","coordinates":[[[-46.616892,-23.40329],[-46.616929,-23.403238],[-46.617132,-23.40336],[-46.617219,-23.403411],[-46.617227,-23.403416],[-46.617191,-23.403468],[-46.617094,-23.403411],[-46.617006,-23.403358],[-46.616969,-23.403336],[-46.616892,-23.40329]]]},"properties":{"sqlu":"SP-003-986669","inscription":"SP-GEOSAMPA-1986669","inscricaoImobiliaria":"SP-IMO-1986669","setor":"003","quadra":"028","lote":"0020","sourceType":"OFFICIAL_IMPORT","mainAddress":"Setor Fiscal 003","zoneamento":"RESIDENCIAL","statusCadastral":"ATIVO","workflowStatus":"PENDENTE","isOfficial":true,"rawProperties":{"cd_identificador":1986669,"cd_identificador_original_lote":8820695,"cd_setor_fiscal":"003","cd_tipo_quadra":"F","tx_tipo_quadra":"FISCAL","cd_quadra_fiscal":"028","cd_subquadra_fiscal":null,"cd_condominio":"00","cd_tipo_lote":"F","tx_tipo_lote":"FISCAL","cd_lote":"0020","cd_situacao":1,"cd_digito_sql":"4","cd_logradouro":"163589","nm_logradouro_completo":"R PIRATININGA","cd_numero_porta":"480","tx_complemento_endereco":"E 482","tx_situ_lote":"ATIVO","cd_tipo_uso_imovel":"43","dc_tipo_uso_imovel":"Não residencial","cd_tipo_terreno_imovel":1,"qt_area_terreno":283,"qt_area_construida":330}}},{"type":"Feature","geometry":{"type":"Polygon","coordinates":[[[-46.61857,-23.407295],[-46.618826,-23.407301],[-46.61883,-23.407383],[-46.618667,-23.407375],[-46.618638,-23.407373],[-46.618574,-23.40737],[-46.61857,-23.407295]]]},"properties":{"sqlu":"SP-003-986601","inscription":"SP-GEOSAMPA-1986601","inscricaoImobiliaria":"SP-IMO-1986601","setor":"003","quadra":"058","lote":"0044","sourceType":"OFFICIAL_IMPORT","mainAddress":"Setor Fiscal 003","zoneamento":"RESIDENCIAL","statusCadastral":"ATIVO","workflowStatus":"PENDENTE","isOfficial":true,"rawProperties":{"cd_identificador":1986601,"cd_identificador_original_lote":8821093,"cd_setor_fiscal":"003","cd_tipo_quadra":"F","tx_tipo_quadra":"FISCAL","cd_quadra_fiscal":"058","cd_subquadra_fiscal":null,"cd_condominio":"00","cd_tipo_lote":"F","tx_tipo_lote":"FISCAL","cd_lote":"0044","cd_situacao":1,"cd_digito_sql":"2","cd_logradouro":"138118","nm_logradouro_completo":"R MEM DE SA","cd_numero_porta":"169","tx_complemento_endereco":"E 171","tx_situ_lote":"ATIVO","cd_tipo_uso_imovel":"10","dc_tipo_uso_imovel":"Residencial","cd_tipo_terreno_imovel":1,"qt_area_terreno":225,"qt_area_construida":300}}},{"type":"Feature","geometry":{"type":"Polygon","coordinates":[[[-46.627993,-23.405821],[-46.628044,-23.405858],[-46.628061,-23.405871],[-46.628076,-23.405881],[-46.628091,-23.405892],[-46.62811,-23.405906],[-46.628098,-23.40592],[-46.628084,-23.405937],[-46.628064,-23.405923],[-46.628032,-23.405901],[-46.627847,-23.405771],[-46.627847,-23.405765],[-46.627844,-23.405712],[-46.627954,-23.405792],[-46.627993,-23.405821]]]},"properties":{"sqlu":"SP-003-986856","inscription":"SP-GEOSAMPA-1986856","inscricaoImobiliaria":"SP-IMO-1986856","setor":"003","quadra":"006","lote":"0017","sourceType":"OFFICIAL_IMPORT","mainAddress":"Setor Fiscal 003","zoneamento":"RESIDENCIAL","statusCadastral":"ATIVO","workflowStatus":"PENDENTE","isOfficial":true,"rawProperties":{"cd_identificador":1986856,"cd_identificador_original_lote":8820771,"cd_setor_fiscal":"003","cd_tipo_quadra":"F","tx_tipo_quadra":"FISCAL","cd_quadra_fiscal":"006","cd_subquadra_fiscal":null,"cd_condominio":"00","cd_tipo_lote":"F","tx_tipo_lote":"FISCAL","cd_lote":"0017","cd_situacao":1,"cd_digito_sql":"8","cd_logradouro":"044342","nm_logradouro_completo":"R DOS CARMELITAS","cd_numero_porta":"138","tx_complemento_endereco":null,"tx_situ_lote":"ATIVO","cd_tipo_uso_imovel":"10","dc_tipo_uso_imovel":"Residencial","cd_tipo_terreno_imovel":1,"qt_area_terreno":177,"qt_area_construida":118}}},{"type":"Feature","geometry":{"type":"Polygon","coordinates":[[[-46.627993,-23.405821],[-46.627954,-23.405792],[-46.627844,-23.405712],[-46.62784,-23.40567],[-46.627845,-23.405666],[-46.627871,-23.405656],[-46.628017,-23.405756],[-46.628025,-23.405762],[-46.628034,-23.405768],[-46.627993,-23.405821]]]},"properties":{"sqlu":"SP-003-986857","inscription":"SP-GEOSAMPA-1986857","inscricaoImobiliaria":"SP-IMO-1986857","setor":"003","quadra":"006","lote":"0031","sourceType":"OFFICIAL_IMPORT","mainAddress":"Setor Fiscal 003","zoneamento":"RESIDENCIAL","statusCadastral":"ATIVO","workflowStatus":"PENDENTE","isOfficial":true,"rawProperties":{"cd_identificador":1986857,"cd_identificador_original_lote":8820772,"cd_setor_fiscal":"003","cd_tipo_quadra":"F","tx_tipo_quadra":"FISCAL","cd_quadra_fiscal":"006","cd_subquadra_fiscal":null,"cd_condominio":"00","cd_tipo_lote":"F","tx_tipo_lote":"FISCAL","cd_lote":"0031","cd_situacao":1,"cd_digito_sql":"3","cd_logradouro":"044342","nm_logradouro_completo":"R DOS CARMELITAS","cd_numero_porta":"130","tx_complemento_endereco":"E 132","tx_situ_lote":"ATIVO","cd_tipo_uso_imovel":"14","dc_tipo_uso_imovel":"Residencial","cd_tipo_terreno_imovel":2,"qt_area_terreno":160,"qt_area_construida":350}}},{"type":"Feature","geometry":{"type":"Polygon","coordinates":[[[-46.627993,-23.405821],[-46.628034,-23.405768],[-46.62809,-23.405806],[-46.628061,-23.405838],[-46.628044,-23.405858],[-46.627993,-23.405821]]]},"properties":{"sqlu":"SP-003-986858","inscription":"SP-GEOSAMPA-1986858","inscricaoImobiliaria":"SP-IMO-1986858","setor":"003","quadra":"006","lote":"0030","sourceType":"OFFICIAL_IMPORT","mainAddress":"Setor Fiscal 003","zoneamento":"RESIDENCIAL","statusCadastral":"ATIVO","workflowStatus":"PENDENTE","isOfficial":true,"rawProperties":{"cd_identificador":1986858,"cd_identificador_original_lote":8820773,"cd_setor_fiscal":"003","cd_tipo_quadra":"F","tx_tipo_quadra":"FISCAL","cd_quadra_fiscal":"006","cd_subquadra_fiscal":null,"cd_condominio":"00","cd_tipo_lote":"F","tx_tipo_lote":"FISCAL","cd_lote":"0030","cd_situacao":1,"cd_digito_sql":"5","cd_logradouro":"003069","nm_logradouro_completo":"R JOAQUIM DOS SANTOS ANDRADE","cd_numero_porta":"70","tx_complemento_endereco":null,"tx_situ_lote":"ATIVO","cd_tipo_uso_imovel":"10","dc_tipo_uso_imovel":"Residencial","cd_tipo_terreno_imovel":1,"qt_area_terreno":56,"qt_area_construida":112}}},{"type":"Feature","geometry":{"type":"Polygon","coordinates":[[[-46.627498,-23.40602],[-46.627436,-23.406011],[-46.627367,-23.406001],[-46.627395,-23.405893],[-46.627406,-23.40585],[-46.627529,-23.405877],[-46.62752,-23.405917],[-46.627511,-23.405956],[-46.62751,-23.405963],[-46.627506,-23.405981],[-46.627498,-23.40602]]]},"properties":{"sqlu":"SP-003-986884","inscription":"SP-GEOSAMPA-1986884","inscricaoImobiliaria":"SP-IMO-1986884","setor":"003","quadra":"007","lote":"0415","sourceType":"OFFICIAL_IMPORT","mainAddress":"Setor Fiscal 003","zoneamento":"RESIDENCIAL","statusCadastral":"ATIVO","workflowStatus":"PENDENTE","isOfficial":true,"rawProperties":{"cd_identificador":1986884,"cd_identificador_original_lote":8819984,"cd_setor_fiscal":"003","cd_tipo_quadra":"F","tx_tipo_quadra":"FISCAL","cd_quadra_fiscal":"007","cd_subquadra_fiscal":null,"cd_condominio":"00","cd_tipo_lote":"F","tx_tipo_lote":"FISCAL","cd_lote":"0415","cd_situacao":1,"cd_digito_sql":"1","cd_logradouro":"146269","nm_logradouro_completo":"R NIOAC","cd_numero_porta":"31","tx_complemento_endereco":"27 E 29","tx_situ_lote":"ATIVO","cd_tipo_uso_imovel":"21","dc_tipo_uso_imovel":"Residencial","cd_tipo_terreno_imovel":1,"qt_area_terreno":238,"qt_area_construida":775}}},{"type":"Feature","geometry":{"type":"Polygon","coordinates":[[[-46.6215,-23.405826],[-46.62147,-23.405639],[-46.621517,-23.405634],[-46.621546,-23.40582],[-46.6215,-23.405826]]]},"properties":{"sqlu":"SP-003-987255","inscription":"SP-GEOSAMPA-1987255","inscricaoImobiliaria":"SP-IMO-1987255","setor":"003","quadra":"037","lote":"0033","sourceType":"OFFICIAL_IMPORT","mainAddress":"Setor Fiscal 003","zoneamento":"RESIDENCIAL","statusCadastral":"ATIVO","workflowStatus":"PENDENTE","isOfficial":true,"rawProperties":{"cd_identificador":1987255,"cd_identificador_original_lote":8821434,"cd_setor_fiscal":"003","cd_tipo_quadra":"F","tx_tipo_quadra":"FISCAL","cd_quadra_fiscal":"037","cd_subquadra_fiscal":null,"cd_condominio":"00","cd_tipo_lote":"F","tx_tipo_lote":"FISCAL","cd_lote":"0033","cd_situacao":1,"cd_digito_sql":"5","cd_logradouro":"155241","nm_logradouro_completo":"R VISC DE PARNAIBA","cd_numero_porta":"212","tx_complemento_endereco":null,"tx_situ_lote":"ATIVO","cd_tipo_uso_imovel":"62","dc_tipo_uso_imovel":"Não residencial","cd_tipo_terreno_imovel":3,"qt_area_terreno":96,"qt_area_construida":140}}},{"type":"Feature","geometry":{"type":"Polygon","coordinates":[[[-46.628371,-23.405574],[-46.628469,-23.405485],[-46.628642,-23.405626],[-46.628845,-23.405791],[-46.628763,-23.405878],[-46.62865,-23.40579],[-46.628371,-23.405574]]]},"properties":{"sqlu":"SP-003-987195","inscription":"SP-GEOSAMPA-1987195","inscricaoImobiliaria":"SP-IMO-1987195","setor":"003","quadra":"003","lote":"0136","sourceType":"OFFICIAL_IMPORT","mainAddress":"Setor Fiscal 003","zoneamento":"RESIDENCIAL","statusCadastral":"ATIVO","workflowStatus":"PENDENTE","isOfficial":true,"rawProperties":{"cd_identificador":1987195,"cd_identificador_original_lote":8820739,"cd_setor_fiscal":"003","cd_tipo_quadra":"F","tx_tipo_quadra":"FISCAL","cd_quadra_fiscal":"003","cd_subquadra_fiscal":null,"cd_condominio":"00","cd_tipo_lote":"F","tx_tipo_lote":"FISCAL","cd_lote":"0136","cd_situacao":1,"cd_digito_sql":"7","cd_logradouro":"044555","nm_logradouro_completo":"R DO CARMO","cd_numero_porta":"133","tx_complemento_endereco":"135 139 E 143","tx_situ_lote":"ATIVO","cd_tipo_uso_imovel":"62","dc_tipo_uso_imovel":"Não residencial","cd_tipo_terreno_imovel":3,"qt_area_terreno":702,"qt_area_construida":243}}},{"type":"Feature","geometry":{"type":"Polygon","coordinates":[[[-46.616737,-23.401456],[-46.616821,-23.401333],[-46.616845,-23.401348],[-46.616858,-23.401356],[-46.616807,-23.401428],[-46.616773,-23.401476],[-46.616739,-23.401524],[-46.616703,-23.401576],[-46.616685,-23.401601],[-46.616644,-23.40166],[-46.616639,-23.401656],[-46.61668,-23.401598],[-46.616698,-23.401573],[-46.616734,-23.401521],[-46.616753,-23.401493],[-46.616767,-23.401473],[-46.616737,-23.401456]]]},"properties":{"sqlu":"SP-003-987366","inscription":"SP-GEOSAMPA-1987366","inscricaoImobiliaria":"SP-IMO-1987366","setor":"003","quadra":"020","lote":"0028","sourceType":"OFFICIAL_IMPORT","mainAddress":"Setor Fiscal 003","zoneamento":"RESIDENCIAL","statusCadastral":"ATIVO","workflowStatus":"PENDENTE","isOfficial":true,"rawProperties":{"cd_identificador":1987366,"cd_identificador_original_lote":8821359,"cd_setor_fiscal":"003","cd_tipo_quadra":"F","tx_tipo_quadra":"FISCAL","cd_quadra_fiscal":"020","cd_subquadra_fiscal":null,"cd_condominio":"00","cd_tipo_lote":"F","tx_tipo_lote":"FISCAL","cd_lote":"0028","cd_situacao":1,"cd_digito_sql":"3","cd_logradouro":"166731","nm_logradouro_completo":"R PRUDENTE DE MORAIS","cd_numero_porta":"109","tx_complemento_endereco":null,"tx_situ_lote":"ATIVO","cd_tipo_uso_imovel":"10","dc_tipo_uso_imovel":"Residencial","cd_tipo_terreno_imovel":6,"qt_area_terreno":114,"qt_area_construida":87}}},{"type":"Feature","geometry":{"type":"Polygon","coordinates":[[[-46.620042,-23.400615],[-46.620065,-23.400576],[-46.620225,-23.400658],[-46.620202,-23.400695],[-46.620165,-23.400677],[-46.620145,-23.400666],[-46.620139,-23.400664],[-46.620069,-23.400629],[-46.620042,-23.400615]]]},"properties":{"sqlu":"SP-003-987076","inscription":"SP-GEOSAMPA-1987076","inscricaoImobiliaria":"SP-IMO-1987076","setor":"003","quadra":"013","lote":"0016","sourceType":"OFFICIAL_IMPORT","mainAddress":"Setor Fiscal 003","zoneamento":"RESIDENCIAL","statusCadastral":"ATIVO","workflowStatus":"PENDENTE","isOfficial":true,"rawProperties":{"cd_identificador":1987076,"cd_identificador_original_lote":8820415,"cd_setor_fiscal":"003","cd_tipo_quadra":"F","tx_tipo_quadra":"FISCAL","cd_quadra_fiscal":"013","cd_subquadra_fiscal":null,"cd_condominio":"00","cd_tipo_lote":"F","tx_tipo_lote":"FISCAL","cd_lote":"0016","cd_situacao":1,"cd_digito_sql":"1","cd_logradouro":"029769","nm_logradouro_completo":"R PROF BATISTA DE ANDRADE","cd_numero_porta":"66","tx_complemento_endereco":null,"tx_situ_lote":"ATIVO","cd_tipo_uso_imovel":"10","dc_tipo_uso_imovel":"Residencial","cd_tipo_terreno_imovel":1,"qt_area_terreno":89,"qt_area_construida":100}}},{"type":"Feature","geometry":{"type":"Polygon","coordinates":[[[-46.618933,-23.40547],[-46.618938,-23.40547],[-46.618977,-23.405473],[-46.61897,-23.405627],[-46.618924,-23.405624],[-46.618926,-23.405598],[-46.618931,-23.405513],[-46.618932,-23.405484],[-46.618933,-23.40547]]]},"properties":{"sqlu":"SP-003-987034","inscription":"SP-GEOSAMPA-1987034","inscricaoImobiliaria":"SP-IMO-1987034","setor":"003","quadra":"019","lote":"0070","sourceType":"OFFICIAL_IMPORT","mainAddress":"Setor Fiscal 003","zoneamento":"RESIDENCIAL","statusCadastral":"ATIVO","workflowStatus":"PENDENTE","isOfficial":true,"rawProperties":{"cd_identificador":1987034,"cd_identificador_original_lote":8819772,"cd_setor_fiscal":"003","cd_tipo_quadra":"F","tx_tipo_quadra":"FISCAL","cd_quadra_fiscal":"019","cd_subquadra_fiscal":null,"cd_condominio":"00","cd_tipo_lote":"F","tx_tipo_lote":"FISCAL","cd_lote":"0070","cd_situacao":1,"cd_digito_sql":"1","cd_logradouro":"155241","nm_logradouro_completo":"R VISC DE PARNAIBA","cd_numero_porta":"485","tx_complemento_endereco":"CS 1","tx_situ_lote":"ATIVO","cd_tipo_uso_imovel":"10","dc_tipo_uso_imovel":"Residencial","cd_tipo_terreno_imovel":4,"qt_area_terreno":52,"qt_area_construida":104}}},{"type":"Feature","geometry":{"type":"Polygon","coordinates":[[[-46.617292,-23.400389],[-46.617341,-23.40042],[-46.617171,-23.40064],[-46.617121,-23.400608],[-46.617133,-23.400594],[-46.617161,-23.400558],[-46.617273,-23.400414],[-46.617292,-23.400389]]]},"properties":{"sqlu":"SP-003-987150","inscription":"SP-GEOSAMPA-1987150","inscricaoImobiliaria":"SP-IMO-1987150","setor":"003","quadra":"015","lote":"0041","sourceType":"OFFICIAL_IMPORT","mainAddress":"Setor Fiscal 003","zoneamento":"RESIDENCIAL","statusCadastral":"ATIVO","workflowStatus":"PENDENTE","isOfficial":true,"rawProperties":{"cd_identificador":1987150,"cd_identificador_original_lote":8819866,"cd_setor_fiscal":"003","cd_tipo_quadra":"F","tx_tipo_quadra":"FISCAL","cd_quadra_fiscal":"015","cd_subquadra_fiscal":null,"cd_condominio":"00","cd_tipo_lote":"F","tx_tipo_lote":"FISCAL","cd_lote":"0041","cd_situacao":1,"cd_digito_sql":"1","cd_logradouro":"125490","nm_logradouro_completo":"R MAURICIO SALOMAO NAHAS","cd_numero_porta":"9","tx_complemento_endereco":null,"tx_situ_lote":"ATIVO","cd_tipo_uso_imovel":"50","dc_tipo_uso_imovel":"Não residencial","cd_tipo_terreno_imovel":1,"qt_area_terreno":180,"qt_area_construida":180}}},{"type":"Feature","geometry":{"type":"Polygon","coordinates":[[[-46.62093,-23.40737],[-46.620926,-23.407327],[-46.620949,-23.407324],[-46.621028,-23.407315],[-46.621076,-23.40731],[-46.621088,-23.407381],[-46.621041,-23.407384],[-46.620932,-23.407393],[-46.62093,-23.40737]]]},"properties":{"sqlu":"SP-003-987406","inscription":"SP-GEOSAMPA-1987406","inscricaoImobiliaria":"SP-IMO-1987406","setor":"003","quadra":"055","lote":"0083","sourceType":"OFFICIAL_IMPORT","mainAddress":"Setor Fiscal 003","zoneamento":"RESIDENCIAL","statusCadastral":"ATIVO","workflowStatus":"PENDENTE","isOfficial":true,"rawProperties":{"cd_identificador":1987406,"cd_identificador_original_lote":8820840,"cd_setor_fiscal":"003","cd_tipo_quadra":"F","tx_tipo_quadra":"FISCAL","cd_quadra_fiscal":"055","cd_subquadra_fiscal":null,"cd_condominio":"00","cd_tipo_lote":"F","tx_tipo_lote":"FISCAL","cd_lote":"0083","cd_situacao":1,"cd_digito_sql":"1","cd_logradouro":"044784","nm_logradouro_completo":"R CARNEIRO LEAO","cd_numero_porta":"745","tx_complemento_endereco":null,"tx_situ_lote":"ATIVO","cd_tipo_uso_imovel":"43","dc_tipo_uso_imovel":"Não residencial","cd_tipo_terreno_imovel":1,"qt_area_terreno":146,"qt_area_construida":190}}},{"type":"Feature","geometry":{"type":"Polygon","coordinates":[[[-46.617683,-23.407181],[-46.617684,-23.407121],[-46.617719,-23.407121],[-46.617812,-23.407121],[-46.617838,-23.40712],[-46.617837,-23.407146],[-46.617835,-23.407182],[-46.617816,-23.407182],[-46.6178,-23.407182],[-46.61772,-23.407181],[-46.617683,-23.407181]]]},"properties":{"sqlu":"SP-003-987312","inscription":"SP-GEOSAMPA-1987312","inscricaoImobiliaria":"SP-IMO-1987312","setor":"003","quadra":"058","lote":"0023","sourceType":"OFFICIAL_IMPORT","mainAddress":"Setor Fiscal 003","zoneamento":"RESIDENCIAL","statusCadastral":"ATIVO","workflowStatus":"PENDENTE","isOfficial":true,"rawProperties":{"cd_identificador":1987312,"cd_identificador_original_lote":8821074,"cd_setor_fiscal":"003","cd_tipo_quadra":"F","tx_tipo_quadra":"FISCAL","cd_quadra_fiscal":"058","cd_subquadra_fiscal":null,"cd_condominio":"00","cd_tipo_lote":"F","tx_tipo_lote":"FISCAL","cd_lote":"0023","cd_situacao":1,"cd_digito_sql":"1","cd_logradouro":"050733","nm_logradouro_completo":"VP DOS CIENTISTAS","cd_numero_porta":"8","tx_complemento_endereco":null,"tx_situ_lote":"ATIVO","cd_tipo_uso_imovel":"10","dc_tipo_uso_imovel":"Residencial","cd_tipo_terreno_imovel":1,"qt_area_terreno":98,"qt_area_construida":90}}},{"type":"Feature","geometry":{"type":"Polygon","coordinates":[[[-46.627529,-23.405877],[-46.627636,-23.4059],[-46.627716,-23.405917],[-46.627734,-23.405921],[-46.627733,-23.405945],[-46.627732,-23.405979],[-46.627729,-23.406039],[-46.627728,-23.406042],[-46.627722,-23.406046],[-46.627716,-23.406049],[-46.627708,-23.406049],[-46.627624,-23.406038],[-46.6276,-23.406035],[-46.627498,-23.40602],[-46.627506,-23.405981],[-46.62751,-23.405963],[-46.627511,-23.405956],[-46.62752,-23.405917],[-46.627529,-23.405877]]]},"properties":{"sqlu":"SP-003-987692","inscription":"SP-GEOSAMPA-1987692","inscricaoImobiliaria":"SP-IMO-1987692","setor":"003","quadra":"007","lote":"0000","sourceType":"OFFICIAL_IMPORT","mainAddress":"Setor Fiscal 003","zoneamento":"RESIDENCIAL","statusCadastral":"ATIVO","workflowStatus":"PENDENTE","isOfficial":true,"rawProperties":{"cd_identificador":1987692,"cd_identificador_original_lote":8820000,"cd_setor_fiscal":"003","cd_tipo_quadra":"F","tx_tipo_quadra":"FISCAL","cd_quadra_fiscal":"007","cd_subquadra_fiscal":null,"cd_condominio":"02","cd_tipo_lote":"F","tx_tipo_lote":"FISCAL","cd_lote":"0000","cd_situacao":1,"cd_digito_sql":null,"cd_logradouro":"044342","nm_logradouro_completo":"R DOS CARMELITAS","cd_numero_porta":"159 167","tx_complemento_endereco":null,"tx_situ_lote":null,"cd_tipo_uso_imovel":"XX","dc_tipo_uso_imovel":"Condomínio","cd_tipo_terreno_imovel":99,"qt_area_terreno":344,"qt_area_construida":null}}},{"type":"Feature","geometry":{"type":"Polygon","coordinates":[[[-46.618178,-23.404001],[-46.618343,-23.404098],[-46.618416,-23.404141],[-46.618407,-23.404153],[-46.618423,-23.404163],[-46.618398,-23.4042],[-46.618361,-23.404254],[-46.618345,-23.404277],[-46.61834,-23.404283],[-46.618297,-23.404258],[-46.61829,-23.404254],[-46.618267,-23.404241],[-46.618295,-23.404196],[-46.618118,-23.404093],[-46.618141,-23.404056],[-46.618147,-23.404048],[-46.618153,-23.404038],[-46.618178,-23.404001]]]},"properties":{"sqlu":"SP-003-987446","inscription":"SP-GEOSAMPA-1987446","inscricaoImobiliaria":"SP-IMO-1987446","setor":"003","quadra":"027","lote":"0010","sourceType":"OFFICIAL_IMPORT","mainAddress":"Setor Fiscal 003","zoneamento":"RESIDENCIAL","statusCadastral":"ATIVO","workflowStatus":"PENDENTE","isOfficial":true,"rawProperties":{"cd_identificador":1987446,"cd_identificador_original_lote":8819938,"cd_setor_fiscal":"003","cd_tipo_quadra":"F","tx_tipo_quadra":"FISCAL","cd_quadra_fiscal":"027","cd_subquadra_fiscal":null,"cd_condominio":"00","cd_tipo_lote":"F","tx_tipo_lote":"FISCAL","cd_lote":"0010","cd_situacao":1,"cd_digito_sql":"2","cd_logradouro":"071951","nm_logradouro_completo":"R FLORA","cd_numero_porta":"44","tx_complemento_endereco":"E 46","tx_situ_lote":"ATIVO","cd_tipo_uso_imovel":"12","dc_tipo_uso_imovel":"Residencial","cd_tipo_terreno_imovel":1,"qt_area_terreno":402,"qt_area_construida":256}}},{"type":"Feature","geometry":{"type":"Polygon","coordinates":[[[-46.62061,-23.407197],[-46.620488,-23.407206],[-46.620482,-23.407137],[-46.620586,-23.407128],[-46.620605,-23.407126],[-46.620605,-23.407131],[-46.620605,-23.407137],[-46.620608,-23.407174],[-46.62061,-23.407197]]]},"properties":{"sqlu":"SP-003-987544","inscription":"SP-GEOSAMPA-1987544","inscricaoImobiliaria":"SP-IMO-1987544","setor":"003","quadra":"055","lote":"0086","sourceType":"OFFICIAL_IMPORT","mainAddress":"Setor Fiscal 003","zoneamento":"RESIDENCIAL","statusCadastral":"ATIVO","workflowStatus":"PENDENTE","isOfficial":true,"rawProperties":{"cd_identificador":1987544,"cd_identificador_original_lote":8820816,"cd_setor_fiscal":"003","cd_tipo_quadra":"F","tx_tipo_quadra":"FISCAL","cd_quadra_fiscal":"055","cd_subquadra_fiscal":null,"cd_condominio":"00","cd_tipo_lote":"F","tx_tipo_lote":"FISCAL","cd_lote":"0086","cd_situacao":1,"cd_digito_sql":"4","cd_logradouro":"095524","nm_logradouro_completo":"R ITAPIRA","cd_numero_porta":"172","tx_complemento_endereco":null,"tx_situ_lote":"ATIVO","cd_tipo_uso_imovel":"42","dc_tipo_uso_imovel":"Não residencial","cd_tipo_terreno_imovel":1,"qt_area_terreno":100,"qt_area_construida":180}}},{"type":"Feature","geometry":{"type":"Polygon","coordinates":[[[-46.62061,-23.407197],[-46.620612,-23.407219],[-46.620613,-23.407231],[-46.620615,-23.40726],[-46.620616,-23.407264],[-46.620581,-23.407266],[-46.620493,-23.407273],[-46.620488,-23.407206],[-46.62061,-23.407197]]]},"properties":{"sqlu":"SP-003-987545","inscription":"SP-GEOSAMPA-1987545","inscricaoImobiliaria":"SP-IMO-1987545","setor":"003","quadra":"055","lote":"0084","sourceType":"OFFICIAL_IMPORT","mainAddress":"Setor Fiscal 003","zoneamento":"RESIDENCIAL","statusCadastral":"ATIVO","workflowStatus":"PENDENTE","isOfficial":true,"rawProperties":{"cd_identificador":1987545,"cd_identificador_original_lote":8820818,"cd_setor_fiscal":"003","cd_tipo_quadra":"F","tx_tipo_quadra":"FISCAL","cd_quadra_fiscal":"055","cd_subquadra_fiscal":null,"cd_condominio":"00","cd_tipo_lote":"F","tx_tipo_lote":"FISCAL","cd_lote":"0084","cd_situacao":1,"cd_digito_sql":"8","cd_logradouro":"095524","nm_logradouro_completo":"R ITAPIRA","cd_numero_porta":"174","tx_complemento_endereco":"E 178","tx_situ_lote":"ATIVO","cd_tipo_uso_imovel":"12","dc_tipo_uso_imovel":"Residencial","cd_tipo_terreno_imovel":1,"qt_area_terreno":100,"qt_area_construida":264}}},{"type":"Feature","geometry":{"type":"Polygon","coordinates":[[[-46.62061,-23.407197],[-46.620608,-23.407174],[-46.620734,-23.407168],[-46.620737,-23.407212],[-46.620703,-23.407214],[-46.620645,-23.407217],[-46.62063,-23.407218],[-46.620612,-23.407219],[-46.62061,-23.407197]]]},"properties":{"sqlu":"SP-003-987546","inscription":"SP-GEOSAMPA-1987546","inscricaoImobiliaria":"SP-IMO-1987546","setor":"003","quadra":"055","lote":"0068","sourceType":"OFFICIAL_IMPORT","mainAddress":"Setor Fiscal 003","zoneamento":"RESIDENCIAL","statusCadastral":"ATIVO","workflowStatus":"PENDENTE","isOfficial":true,"rawProperties":{"cd_identificador":1987546,"cd_identificador_original_lote":8820819,"cd_setor_fiscal":"003","cd_tipo_quadra":"F","tx_tipo_quadra":"FISCAL","cd_quadra_fiscal":"055","cd_subquadra_fiscal":null,"cd_condominio":"00","cd_tipo_lote":"F","tx_tipo_lote":"FISCAL","cd_lote":"0068","cd_situacao":1,"cd_digito_sql":"6","cd_logradouro":"142131","nm_logradouro_completo":"R DA MOOCA","cd_numero_porta":"315","tx_complemento_endereco":"CS 15","tx_situ_lote":"ATIVO","cd_tipo_uso_imovel":"10","dc_tipo_uso_imovel":"Residencial","cd_tipo_terreno_imovel":4,"qt_area_terreno":54,"qt_area_construida":102}}},{"type":"Feature","geometry":{"type":"Polygon","coordinates":[[[-46.619329,-23.40058],[-46.619342,-23.400559],[-46.619383,-23.400583],[-46.619393,-23.400569],[-46.619522,-23.400636],[-46.61949,-23.400687],[-46.619412,-23.400647],[-46.619387,-23.400634],[-46.619317,-23.400598],[-46.619329,-23.40058]]]},"properties":{"sqlu":"SP-003-987762","inscription":"SP-GEOSAMPA-1987762","inscricaoImobiliaria":"SP-IMO-1987762","setor":"003","quadra":"014","lote":"0164","sourceType":"OFFICIAL_IMPORT","mainAddress":"Setor Fiscal 003","zoneamento":"RESIDENCIAL","statusCadastral":"ATIVO","workflowStatus":"PENDENTE","isOfficial":true,"rawProperties":{"cd_identificador":1987762,"cd_identificador_original_lote":8820554,"cd_setor_fiscal":"003","cd_tipo_quadra":"F","tx_tipo_quadra":"FISCAL","cd_quadra_fiscal":"014","cd_subquadra_fiscal":null,"cd_condominio":"00","cd_tipo_lote":"F","tx_tipo_lote":"FISCAL","cd_lote":"0164","cd_situacao":1,"cd_digito_sql":"0","cd_logradouro":"137960","nm_logradouro_completo":"R MELO BARRETO","cd_numero_porta":"101","tx_complemento_endereco":null,"tx_situ_lote":"ATIVO","cd_tipo_uso_imovel":"10","dc_tipo_uso_imovel":"Residencial","cd_tipo_terreno_imovel":1,"qt_area_terreno":85,"qt_area_construida":64}}},{"type":"Feature","geometry":{"type":"Polygon","coordinates":[[[-46.615563,-23.400256],[-46.615051,-23.399948],[-46.615117,-23.399854],[-46.615628,-23.400161],[-46.615591,-23.400215],[-46.615563,-23.400256]]]},"properties":{"sqlu":"SP-003-987779","inscription":"SP-GEOSAMPA-1987779","inscricaoImobiliaria":"SP-IMO-1987779","setor":"003","quadra":"016","lote":"0056","sourceType":"OFFICIAL_IMPORT","mainAddress":"Setor Fiscal 003","zoneamento":"RESIDENCIAL","statusCadastral":"ATIVO","workflowStatus":"PENDENTE","isOfficial":true,"rawProperties":{"cd_identificador":1987779,"cd_identificador_original_lote":8820630,"cd_setor_fiscal":"003","cd_tipo_quadra":"F","tx_tipo_quadra":"FISCAL","cd_quadra_fiscal":"016","cd_subquadra_fiscal":null,"cd_condominio":"00","cd_tipo_lote":"F","tx_tipo_lote":"FISCAL","cd_lote":"0056","cd_situacao":1,"cd_digito_sql":"2","cd_logradouro":"060461","nm_logradouro_completo":"R DOMINGOS PAIVA","cd_numero_porta":"270","tx_complemento_endereco":null,"tx_situ_lote":"ATIVO","cd_tipo_uso_imovel":"40","dc_tipo_uso_imovel":"Não residencial","cd_tipo_terreno_imovel":1,"qt_area_terreno":895,"qt_area_construida":975}}},{"type":"Feature","geometry":{"type":"Polygon","coordinates":[[[-46.620214,-23.405953],[-46.620177,-23.405956],[-46.620176,-23.405931],[-46.620141,-23.405933],[-46.620138,-23.405738],[-46.620195,-23.405732],[-46.620214,-23.405953]]]},"properties":{"sqlu":"SP-003-987824","inscription":"SP-GEOSAMPA-1987824","inscricaoImobiliaria":"SP-IMO-1987824","setor":"003","quadra":"056","lote":"0001","sourceType":"OFFICIAL_IMPORT","mainAddress":"Setor Fiscal 003","zoneamento":"RESIDENCIAL","statusCadastral":"ATIVO","workflowStatus":"PENDENTE","isOfficial":true,"rawProperties":{"cd_identificador":1987824,"cd_identificador_original_lote":8820285,"cd_setor_fiscal":"003","cd_tipo_quadra":"F","tx_tipo_quadra":"FISCAL","cd_quadra_fiscal":"056","cd_subquadra_fiscal":null,"cd_condominio":"00","cd_tipo_lote":"F","tx_tipo_lote":"FISCAL","cd_lote":"0001","cd_situacao":1,"cd_digito_sql":"1","cd_logradouro":"155241","nm_logradouro_completo":"R VISC DE PARNAIBA","cd_numero_porta":"352","tx_complemento_endereco":null,"tx_situ_lote":"ATIVO","cd_tipo_uso_imovel":"42","dc_tipo_uso_imovel":"Não residencial","cd_tipo_terreno_imovel":2,"qt_area_terreno":112,"qt_area_construida":90}}},{"type":"Feature","geometry":{"type":"Polygon","coordinates":[[[-46.612752,-23.405985],[-46.612976,-23.405965],[-46.613017,-23.405961],[-46.613024,-23.405961],[-46.613057,-23.405958],[-46.613028,-23.405999],[-46.612758,-23.406023],[-46.612752,-23.405985]]]},"properties":{"sqlu":"SP-003-987877","inscription":"SP-GEOSAMPA-1987877","inscricaoImobiliaria":"SP-IMO-1987877","setor":"003","quadra":"062","lote":"0041","sourceType":"OFFICIAL_IMPORT","mainAddress":"Setor Fiscal 003","zoneamento":"RESIDENCIAL","statusCadastral":"ATIVO","workflowStatus":"PENDENTE","isOfficial":true,"rawProperties":{"cd_identificador":1987877,"cd_identificador_original_lote":8820322,"cd_setor_fiscal":"003","cd_tipo_quadra":"F","tx_tipo_quadra":"FISCAL","cd_quadra_fiscal":"062","cd_subquadra_fiscal":null,"cd_condominio":"00","cd_tipo_lote":"F","tx_tipo_lote":"FISCAL","cd_lote":"0041","cd_situacao":1,"cd_digito_sql":"4","cd_logradouro":"076295","nm_logradouro_completo":"R DR FREIRE","cd_numero_porta":"52","tx_complemento_endereco":null,"tx_situ_lote":"ATIVO","cd_tipo_uso_imovel":"10","dc_tipo_uso_imovel":"Residencial","cd_tipo_terreno_imovel":1,"qt_area_terreno":90,"qt_area_construida":112}}},{"type":"Feature","geometry":{"type":"Polygon","coordinates":[[[-46.619375,-23.401293],[-46.61925,-23.401226],[-46.619284,-23.401171],[-46.619296,-23.401151],[-46.619368,-23.401189],[-46.61942,-23.401217],[-46.619415,-23.401225],[-46.619398,-23.401254],[-46.619387,-23.401272],[-46.619375,-23.401293]]]},"properties":{"sqlu":"SP-003-988190","inscription":"SP-GEOSAMPA-1988190","inscricaoImobiliaria":"SP-IMO-1988190","setor":"003","quadra":"014","lote":"0211","sourceType":"OFFICIAL_IMPORT","mainAddress":"Setor Fiscal 003","zoneamento":"RESIDENCIAL","statusCadastral":"ATIVO","workflowStatus":"PENDENTE","isOfficial":true,"rawProperties":{"cd_identificador":1988190,"cd_identificador_original_lote":8820512,"cd_setor_fiscal":"003","cd_tipo_quadra":"F","tx_tipo_quadra":"FISCAL","cd_quadra_fiscal":"014","cd_subquadra_fiscal":null,"cd_condominio":"00","cd_tipo_lote":"F","tx_tipo_lote":"FISCAL","cd_lote":"0211","cd_situacao":1,"cd_digito_sql":"6","cd_logradouro":"137960","nm_logradouro_completo":"R MELO BARRETO","cd_numero_porta":"160","tx_complemento_endereco":null,"tx_situ_lote":"ATIVO","cd_tipo_uso_imovel":"10","dc_tipo_uso_imovel":"Residencial","cd_tipo_terreno_imovel":1,"qt_area_terreno":150,"qt_area_construida":125}}},{"type":"Feature","geometry":{"type":"Polygon","coordinates":[[[-46.618336,-23.404033],[-46.618352,-23.40401],[-46.618388,-23.403957],[-46.618397,-23.403943],[-46.618416,-23.403915],[-46.618427,-23.403899],[-46.618461,-23.403849],[-46.618497,-23.40387],[-46.618449,-23.403941],[-46.618421,-23.403982],[-46.618392,-23.404026],[-46.618372,-23.404055],[-46.618354,-23.404044],[-46.618336,-23.404033]]]},"properties":{"sqlu":"SP-003-987970","inscription":"SP-GEOSAMPA-1987970","inscricaoImobiliaria":"SP-IMO-1987970","setor":"003","quadra":"027","lote":"0003","sourceType":"OFFICIAL_IMPORT","mainAddress":"Setor Fiscal 003","zoneamento":"RESIDENCIAL","statusCadastral":"ATIVO","workflowStatus":"PENDENTE","isOfficial":true,"rawProperties":{"cd_identificador":1987970,"cd_identificador_original_lote":8819943,"cd_setor_fiscal":"003","cd_tipo_quadra":"F","tx_tipo_quadra":"FISCAL","cd_quadra_fiscal":"027","cd_subquadra_fiscal":null,"cd_condominio":"00","cd_tipo_lote":"F","tx_tipo_lote":"FISCAL","cd_lote":"0003","cd_situacao":1,"cd_digito_sql":"1","cd_logradouro":"040525","nm_logradouro_completo":"R CAMPOS SALES","cd_numero_porta":"50","tx_complemento_endereco":null,"tx_situ_lote":"ATIVO","cd_tipo_uso_imovel":"10","dc_tipo_uso_imovel":"Residencial","cd_tipo_terreno_imovel":1,"qt_area_terreno":99,"qt_area_construida":83}}},{"type":"Feature","geometry":{"type":"Polygon","coordinates":[[[-46.610483,-23.407588],[-46.610944,-23.407529],[-46.610956,-23.407618],[-46.610497,-23.407677],[-46.610489,-23.407622],[-46.610483,-23.407588]]]},"properties":{"sqlu":"SP-003-988151","inscription":"SP-GEOSAMPA-1988151","inscricaoImobiliaria":"SP-IMO-1988151","setor":"003","quadra":"061","lote":"0008","sourceType":"OFFICIAL_IMPORT","mainAddress":"Setor Fiscal 003","zoneamento":"RESIDENCIAL","statusCadastral":"ATIVO","workflowStatus":"PENDENTE","isOfficial":true,"rawProperties":{"cd_identificador":1988151,"cd_identificador_original_lote":8821187,"cd_setor_fiscal":"003","cd_tipo_quadra":"F","tx_tipo_quadra":"FISCAL","cd_quadra_fiscal":"061","cd_subquadra_fiscal":null,"cd_condominio":"00","cd_tipo_lote":"F","tx_tipo_lote":"FISCAL","cd_lote":"0008","cd_situacao":1,"cd_digito_sql":"8","cd_logradouro":"334847","nm_logradouro_completo":"R LUCIO CARDIM","cd_numero_porta":"86","tx_complemento_endereco":null,"tx_situ_lote":"ATIVO","cd_tipo_uso_imovel":"50","dc_tipo_uso_imovel":"Não residencial","cd_tipo_terreno_imovel":1,"qt_area_terreno":570,"qt_area_construida":480}}},{"type":"Feature","geometry":{"type":"Polygon","coordinates":[[[-46.610483,-23.407588],[-46.610469,-23.407499],[-46.610932,-23.40744],[-46.610944,-23.407529],[-46.610483,-23.407588]]]},"properties":{"sqlu":"SP-003-988152","inscription":"SP-GEOSAMPA-1988152","inscricaoImobiliaria":"SP-IMO-1988152","setor":"003","quadra":"061","lote":"0009","sourceType":"OFFICIAL_IMPORT","mainAddress":"Setor Fiscal 003","zoneamento":"RESIDENCIAL","statusCadastral":"ATIVO","workflowStatus":"PENDENTE","isOfficial":true,"rawProperties":{"cd_identificador":1988152,"cd_identificador_original_lote":8821190,"cd_setor_fiscal":"003","cd_tipo_quadra":"F","tx_tipo_quadra":"FISCAL","cd_quadra_fiscal":"061","cd_subquadra_fiscal":null,"cd_condominio":"00","cd_tipo_lote":"F","tx_tipo_lote":"FISCAL","cd_lote":"0009","cd_situacao":1,"cd_digito_sql":"6","cd_logradouro":"334847","nm_logradouro_completo":"R LUCIO CARDIM","cd_numero_porta":"96","tx_complemento_endereco":"ANT 7","tx_situ_lote":"ATIVO","cd_tipo_uso_imovel":"50","dc_tipo_uso_imovel":"Não residencial","cd_tipo_terreno_imovel":1,"qt_area_terreno":570,"qt_area_construida":480}}},{"type":"Feature","geometry":{"type":"Polygon","coordinates":[[[-46.614898,-23.406507],[-46.61483,-23.406467],[-46.614684,-23.406381],[-46.614705,-23.406351],[-46.614851,-23.406437],[-46.614965,-23.406504],[-46.614898,-23.406507]]]},"properties":{"sqlu":"SP-003-987923","inscription":"SP-GEOSAMPA-1987923","inscricaoImobiliaria":"SP-IMO-1987923","setor":"003","quadra":"046","lote":"0014","sourceType":"OFFICIAL_IMPORT","mainAddress":"Setor Fiscal 003","zoneamento":"RESIDENCIAL","statusCadastral":"ATIVO","workflowStatus":"PENDENTE","isOfficial":true,"rawProperties":{"cd_identificador":1987923,"cd_identificador_original_lote":8819715,"cd_setor_fiscal":"003","cd_tipo_quadra":"F","tx_tipo_quadra":"FISCAL","cd_quadra_fiscal":"046","cd_subquadra_fiscal":null,"cd_condominio":"00","cd_tipo_lote":"F","tx_tipo_lote":"FISCAL","cd_lote":"0014","cd_situacao":1,"cd_digito_sql":"8","cd_logradouro":"163589","nm_logradouro_completo":"R PIRATININGA","cd_numero_porta":"892","tx_complemento_endereco":null,"tx_situ_lote":"ATIVO","cd_tipo_uso_imovel":"91","dc_tipo_uso_imovel":null,"cd_tipo_terreno_imovel":3,"qt_area_terreno":175,"qt_area_construida":244}}},{"type":"Feature","geometry":{"type":"Polygon","coordinates":[[[-46.618939,-23.401151],[-46.618916,-23.4012],[-46.618544,-23.400976],[-46.618578,-23.400928],[-46.618941,-23.401147],[-46.618939,-23.401151]]]},"properties":{"sqlu":"SP-003-988166","inscription":"SP-GEOSAMPA-1988166","inscricaoImobiliaria":"SP-IMO-1988166","setor":"003","quadra":"014","lote":"0029","sourceType":"OFFICIAL_IMPORT","mainAddress":"Setor Fiscal 003","zoneamento":"RESIDENCIAL","statusCadastral":"ATIVO","workflowStatus":"PENDENTE","isOfficial":true,"rawProperties":{"cd_identificador":1988166,"cd_identificador_original_lote":8820580,"cd_setor_fiscal":"003","cd_tipo_quadra":"F","tx_tipo_quadra":"FISCAL","cd_quadra_fiscal":"014","cd_subquadra_fiscal":null,"cd_condominio":"00","cd_tipo_lote":"F","tx_tipo_lote":"FISCAL","cd_lote":"0029","cd_situacao":1,"cd_digito_sql":"6","cd_logradouro":"163589","nm_logradouro_completo":"R PIRATININGA","cd_numero_porta":"170","tx_complemento_endereco":"E 172","tx_situ_lote":"ATIVO","cd_tipo_uso_imovel":"42","dc_tipo_uso_imovel":"Não residencial","cd_tipo_terreno_imovel":1,"qt_area_terreno":320,"qt_area_construida":320}}},{"type":"Feature","geometry":{"type":"Polygon","coordinates":[[[-46.618547,-23.406176],[-46.618494,-23.406182],[-46.618488,-23.406054],[-46.61854,-23.406048],[-46.618547,-23.406176]]]},"properties":{"sqlu":"SP-003-988171","inscription":"SP-GEOSAMPA-1988171","inscricaoImobiliaria":"SP-IMO-1988171","setor":"003","quadra":"059","lote":"0039","sourceType":"OFFICIAL_IMPORT","mainAddress":"Setor Fiscal 003","zoneamento":"RESIDENCIAL","statusCadastral":"ATIVO","workflowStatus":"PENDENTE","isOfficial":true,"rawProperties":{"cd_identificador":1988171,"cd_identificador_original_lote":8820877,"cd_setor_fiscal":"003","cd_tipo_quadra":"F","tx_tipo_quadra":"FISCAL","cd_quadra_fiscal":"059","cd_subquadra_fiscal":null,"cd_condominio":"00","cd_tipo_lote":"F","tx_tipo_lote":"FISCAL","cd_lote":"0039","cd_situacao":1,"cd_digito_sql":"0","cd_logradouro":"005436","nm_logradouro_completo":"AV ALCANTARA MACHADO","cd_numero_porta":"513","tx_complemento_endereco":null,"tx_situ_lote":"ATIVO","cd_tipo_uso_imovel":"40","dc_tipo_uso_imovel":"Não residencial","cd_tipo_terreno_imovel":1,"qt_area_terreno":87,"qt_area_construida":81}}},{"type":"Feature","geometry":{"type":"Polygon","coordinates":[[[-46.618547,-23.406176],[-46.61854,-23.406048],[-46.618533,-23.405921],[-46.618606,-23.405913],[-46.618621,-23.406164],[-46.618621,-23.406167],[-46.618617,-23.406168],[-46.618547,-23.406176]]]},"properties":{"sqlu":"SP-003-988172","inscription":"SP-GEOSAMPA-1988172","inscricaoImobiliaria":"SP-IMO-1988172","setor":"003","quadra":"059","lote":"0013","sourceType":"OFFICIAL_IMPORT","mainAddress":"Setor Fiscal 003","zoneamento":"RESIDENCIAL","statusCadastral":"ATIVO","workflowStatus":"PENDENTE","isOfficial":true,"rawProperties":{"cd_identificador":1988172,"cd_identificador_original_lote":8820878,"cd_setor_fiscal":"003","cd_tipo_quadra":"F","tx_tipo_quadra":"FISCAL","cd_quadra_fiscal":"059","cd_subquadra_fiscal":null,"cd_condominio":"00","cd_tipo_lote":"F","tx_tipo_lote":"FISCAL","cd_lote":"0013","cd_situacao":1,"cd_digito_sql":"7","cd_logradouro":"155241","nm_logradouro_completo":"R VISC DE PARNAIBA","cd_numero_porta":"512","tx_complemento_endereco":"E 516","tx_situ_lote":"ATIVO","cd_tipo_uso_imovel":"42","dc_tipo_uso_imovel":"Não residencial","cd_tipo_terreno_imovel":1,"qt_area_terreno":218,"qt_area_construida":370}}},{"type":"Feature","geometry":{"type":"Polygon","coordinates":[[[-46.61245,-23.40816],[-46.612375,-23.408163],[-46.612369,-23.408119],[-46.612343,-23.407927],[-46.612339,-23.407894],[-46.612374,-23.407891],[-46.612414,-23.407888],[-46.61242,-23.407934],[-46.612424,-23.407961],[-46.612444,-23.408112],[-46.61245,-23.40816]]]},"properties":{"sqlu":"SP-003-988545","inscription":"SP-GEOSAMPA-1988545","inscricaoImobiliaria":"SP-IMO-1988545","setor":"003","quadra":"065","lote":"0007","sourceType":"OFFICIAL_IMPORT","mainAddress":"Setor Fiscal 003","zoneamento":"RESIDENCIAL","statusCadastral":"ATIVO","workflowStatus":"PENDENTE","isOfficial":true,"rawProperties":{"cd_identificador":1988545,"cd_identificador_original_lote":8821296,"cd_setor_fiscal":"003","cd_tipo_quadra":"F","tx_tipo_quadra":"FISCAL","cd_quadra_fiscal":"065","cd_subquadra_fiscal":null,"cd_condominio":"00","cd_tipo_lote":"F","tx_tipo_lote":"FISCAL","cd_lote":"0007","cd_situacao":1,"cd_digito_sql":"8","cd_logradouro":"142131","nm_logradouro_completo":"R DA MOOCA","cd_numero_porta":"1171","tx_complemento_endereco":"E 1173","tx_situ_lote":"ATIVO","cd_tipo_uso_imovel":"31","dc_tipo_uso_imovel":"Não residencial","cd_tipo_terreno_imovel":1,"qt_area_terreno":231,"qt_area_construida":210}}},{"type":"Feature","geometry":{"type":"Polygon","coordinates":[[[-46.619964,-23.405304],[-46.619963,-23.4053],[-46.619981,-23.405168],[-46.620081,-23.405153],[-46.620147,-23.405617],[-46.620008,-23.405633],[-46.619998,-23.405564],[-46.619985,-23.405461],[-46.619964,-23.405304]]]},"properties":{"sqlu":"SP-003-988578","inscription":"SP-GEOSAMPA-1988578","inscricaoImobiliaria":"SP-IMO-1988578","setor":"003","quadra":"019","lote":"0205","sourceType":"OFFICIAL_IMPORT","mainAddress":"Setor Fiscal 003","zoneamento":"RESIDENCIAL","statusCadastral":"ATIVO","workflowStatus":"PENDENTE","isOfficial":true,"rawProperties":{"cd_identificador":1988578,"cd_identificador_original_lote":8819758,"cd_setor_fiscal":"003","cd_tipo_quadra":"F","tx_tipo_quadra":"FISCAL","cd_quadra_fiscal":"019","cd_subquadra_fiscal":null,"cd_condominio":"00","cd_tipo_lote":"F","tx_tipo_lote":"FISCAL","cd_lote":"0205","cd_situacao":1,"cd_digito_sql":"4","cd_logradouro":"155241","nm_logradouro_completo":"R VISC DE PARNAIBA","cd_numero_porta":"353","tx_complemento_endereco":"357 E 363","tx_situ_lote":"ATIVO","cd_tipo_uso_imovel":"40","dc_tipo_uso_imovel":"Não residencial","cd_tipo_terreno_imovel":1,"qt_area_terreno":790,"qt_area_construida":950}}},{"type":"Feature","geometry":{"type":"Polygon","coordinates":[[[-46.61379,-23.407648],[-46.613822,-23.407603],[-46.613984,-23.407702],[-46.613953,-23.407748],[-46.61379,-23.407648]]]},"properties":{"sqlu":"SP-003-988396","inscription":"SP-GEOSAMPA-1988396","inscricaoImobiliaria":"SP-IMO-1988396","setor":"003","quadra":"048","lote":"0010","sourceType":"OFFICIAL_IMPORT","mainAddress":"Setor Fiscal 003","zoneamento":"RESIDENCIAL","statusCadastral":"ATIVO","workflowStatus":"PENDENTE","isOfficial":true,"rawProperties":{"cd_identificador":1988396,"cd_identificador_original_lote":8821140,"cd_setor_fiscal":"003","cd_tipo_quadra":"F","tx_tipo_quadra":"FISCAL","cd_quadra_fiscal":"048","cd_subquadra_fiscal":null,"cd_condominio":"00","cd_tipo_lote":"F","tx_tipo_lote":"FISCAL","cd_lote":"0010","cd_situacao":1,"cd_digito_sql":"4","cd_logradouro":"163589","nm_logradouro_completo":"R PIRATININGA","cd_numero_porta":"1060","tx_complemento_endereco":null,"tx_situ_lote":"ATIVO","cd_tipo_uso_imovel":"40","dc_tipo_uso_imovel":"Não residencial","cd_tipo_terreno_imovel":1,"qt_area_terreno":142,"qt_area_construida":124}}},{"type":"Feature","geometry":{"type":"Polygon","coordinates":[[[-46.620951,-23.400515],[-46.620822,-23.400748],[-46.62078,-23.400731],[-46.62091,-23.400495],[-46.620951,-23.400515]]]},"properties":{"sqlu":"SP-003-988451","inscription":"SP-GEOSAMPA-1988451","inscricaoImobiliaria":"SP-IMO-1988451","setor":"003","quadra":"013","lote":"0005","sourceType":"OFFICIAL_IMPORT","mainAddress":"Setor Fiscal 003","zoneamento":"RESIDENCIAL","statusCadastral":"ATIVO","workflowStatus":"PENDENTE","isOfficial":true,"rawProperties":{"cd_identificador":1988451,"cd_identificador_original_lote":8820421,"cd_setor_fiscal":"003","cd_tipo_quadra":"F","tx_tipo_quadra":"FISCAL","cd_quadra_fiscal":"013","cd_subquadra_fiscal":null,"cd_condominio":"00","cd_tipo_lote":"F","tx_tipo_lote":"FISCAL","cd_lote":"0005","cd_situacao":1,"cd_digito_sql":"4","cd_logradouro":"168700","nm_logradouro_completo":"AV RANGEL PESTANA","cd_numero_porta":"1228","tx_complemento_endereco":null,"tx_situ_lote":"ATIVO","cd_tipo_uso_imovel":"40","dc_tipo_uso_imovel":"Não residencial","cd_tipo_terreno_imovel":1,"qt_area_terreno":101,"qt_area_construida":100}}},{"type":"Feature","geometry":{"type":"Polygon","coordinates":[[[-46.617147,-23.400296],[-46.616977,-23.40052],[-46.616903,-23.400477],[-46.616938,-23.400445],[-46.617045,-23.400347],[-46.61709,-23.400309],[-46.617094,-23.400303],[-46.617113,-23.400275],[-46.617138,-23.40029],[-46.617147,-23.400296]]]},"properties":{"sqlu":"SP-003-988264","inscription":"SP-GEOSAMPA-1988264","inscricaoImobiliaria":"SP-IMO-1988264","setor":"003","quadra":"015","lote":"0037","sourceType":"OFFICIAL_IMPORT","mainAddress":"Setor Fiscal 003","zoneamento":"RESIDENCIAL","statusCadastral":"ATIVO","workflowStatus":"PENDENTE","isOfficial":true,"rawProperties":{"cd_identificador":1988264,"cd_identificador_original_lote":8819870,"cd_setor_fiscal":"003","cd_tipo_quadra":"F","tx_tipo_quadra":"FISCAL","cd_quadra_fiscal":"015","cd_subquadra_fiscal":null,"cd_condominio":"00","cd_tipo_lote":"F","tx_tipo_lote":"FISCAL","cd_lote":"0037","cd_situacao":1,"cd_digito_sql":"1","cd_logradouro":"125490","nm_logradouro_completo":"R MAURICIO SALOMAO NAHAS","cd_numero_porta":"17","tx_complemento_endereco":null,"tx_situ_lote":"ATIVO","cd_tipo_uso_imovel":"50","dc_tipo_uso_imovel":"Não residencial","cd_tipo_terreno_imovel":1,"qt_area_terreno":175,"qt_area_construida":264}}},{"type":"Feature","geometry":{"type":"Polygon","coordinates":[[[-46.619096,-23.406711],[-46.619098,-23.406766],[-46.618922,-23.406772],[-46.618919,-23.406718],[-46.619039,-23.406713],[-46.619096,-23.406711]]]},"properties":{"sqlu":"SP-003-988796","inscription":"SP-GEOSAMPA-1988796","inscricaoImobiliaria":"SP-IMO-1988796","setor":"003","quadra":"057","lote":"0004","sourceType":"OFFICIAL_IMPORT","mainAddress":"Setor Fiscal 003","zoneamento":"RESIDENCIAL","statusCadastral":"ATIVO","workflowStatus":"PENDENTE","isOfficial":true,"rawProperties":{"cd_identificador":1988796,"cd_identificador_original_lote":8820112,"cd_setor_fiscal":"003","cd_tipo_quadra":"F","tx_tipo_quadra":"FISCAL","cd_quadra_fiscal":"057","cd_subquadra_fiscal":null,"cd_condominio":"00","cd_tipo_lote":"F","tx_tipo_lote":"FISCAL","cd_lote":"0004","cd_situacao":1,"cd_digito_sql":"9","cd_logradouro":"138118","nm_logradouro_completo":"R MEM DE SA","cd_numero_porta":"104","tx_complemento_endereco":null,"tx_situ_lote":"ATIVO","cd_tipo_uso_imovel":"43","dc_tipo_uso_imovel":"Não residencial","cd_tipo_terreno_imovel":1,"qt_area_terreno":138,"qt_area_construida":275}}},{"type":"Feature","geometry":{"type":"Polygon","coordinates":[[[-46.619051,-23.401399],[-46.619021,-23.401448],[-46.618909,-23.401388],[-46.618869,-23.401366],[-46.618896,-23.401321],[-46.618971,-23.401358],[-46.618979,-23.401363],[-46.619051,-23.401399]]]},"properties":{"sqlu":"SP-003-988711","inscription":"SP-GEOSAMPA-1988711","inscricaoImobiliaria":"SP-IMO-1988711","setor":"003","quadra":"014","lote":"0180","sourceType":"OFFICIAL_IMPORT","mainAddress":"Setor Fiscal 003","zoneamento":"RESIDENCIAL","statusCadastral":"ATIVO","workflowStatus":"PENDENTE","isOfficial":true,"rawProperties":{"cd_identificador":1988711,"cd_identificador_original_lote":8820603,"cd_setor_fiscal":"003","cd_tipo_quadra":"F","tx_tipo_quadra":"FISCAL","cd_quadra_fiscal":"014","cd_subquadra_fiscal":null,"cd_condominio":"00","cd_tipo_lote":"F","tx_tipo_lote":"FISCAL","cd_lote":"0180","cd_situacao":1,"cd_digito_sql":"2","cd_logradouro":"137960","nm_logradouro_completo":"R MELO BARRETO","cd_numero_porta":"197","tx_complemento_endereco":"201","tx_situ_lote":"ATIVO","cd_tipo_uso_imovel":"12","dc_tipo_uso_imovel":"Residencial","cd_tipo_terreno_imovel":1,"qt_area_terreno":111,"qt_area_construida":228}}},{"type":"Feature","geometry":{"type":"Polygon","coordinates":[[[-46.614307,-23.403531],[-46.614341,-23.403551],[-46.614094,-23.40393],[-46.614059,-23.40391],[-46.614307,-23.403531]]]},"properties":{"sqlu":"SP-003-988833","inscription":"SP-GEOSAMPA-1988833","inscricaoImobiliaria":"SP-IMO-1988833","setor":"003","quadra":"044","lote":"0026","sourceType":"OFFICIAL_IMPORT","mainAddress":"Setor Fiscal 003","zoneamento":"RESIDENCIAL","statusCadastral":"ATIVO","workflowStatus":"PENDENTE","isOfficial":true,"rawProperties":{"cd_identificador":1988833,"cd_identificador_original_lote":8821016,"cd_setor_fiscal":"003","cd_tipo_quadra":"F","tx_tipo_quadra":"FISCAL","cd_quadra_fiscal":"044","cd_subquadra_fiscal":null,"cd_condominio":"00","cd_tipo_lote":"F","tx_tipo_lote":"FISCAL","cd_lote":"0026","cd_situacao":1,"cd_digito_sql":"2","cd_logradouro":"005983","nm_logradouro_completo":"R ALEGRIA","cd_numero_porta":"S/N","tx_complemento_endereco":null,"tx_situ_lote":"ATIVO","cd_tipo_uso_imovel":"00","dc_tipo_uso_imovel":"Terreno","cd_tipo_terreno_imovel":1,"qt_area_terreno":180,"qt_area_construida":0}}},{"type":"Feature","geometry":{"type":"Polygon","coordinates":[[[-46.618398,-23.4042],[-46.618423,-23.404163],[-46.618446,-23.404176],[-46.618487,-23.404201],[-46.618656,-23.404301],[-46.61863,-23.404338],[-46.618543,-23.404286],[-46.618398,-23.4042]]]},"properties":{"sqlu":"SP-003-988701","inscription":"SP-GEOSAMPA-1988701","inscricaoImobiliaria":"SP-IMO-1988701","setor":"003","quadra":"027","lote":"0062","sourceType":"OFFICIAL_IMPORT","mainAddress":"Setor Fiscal 003","zoneamento":"RESIDENCIAL","statusCadastral":"ATIVO","workflowStatus":"PENDENTE","isOfficial":true,"rawProperties":{"cd_identificador":1988701,"cd_identificador_original_lote":8819949,"cd_setor_fiscal":"003","cd_tipo_quadra":"F","tx_tipo_quadra":"FISCAL","cd_quadra_fiscal":"027","cd_subquadra_fiscal":null,"cd_condominio":"00","cd_tipo_lote":"F","tx_tipo_lote":"FISCAL","cd_lote":"0062","cd_situacao":1,"cd_digito_sql":"5","cd_logradouro":"038261","nm_logradouro_completo":"R CAETANO PINTO","cd_numero_porta":"507","tx_complemento_endereco":null,"tx_situ_lote":"ATIVO","cd_tipo_uso_imovel":"40","dc_tipo_uso_imovel":"Não residencial","cd_tipo_terreno_imovel":1,"qt_area_terreno":140,"qt_area_construida":130}}},{"type":"Feature","geometry":{"type":"Polygon","coordinates":[[[-46.628891,-23.405961],[-46.628935,-23.405914],[-46.629104,-23.406053],[-46.629138,-23.406081],[-46.629094,-23.406127],[-46.62906,-23.406099],[-46.628992,-23.406044],[-46.628972,-23.406028],[-46.628891,-23.405961]]]},"properties":{"sqlu":"SP-003-988912","inscription":"SP-GEOSAMPA-1988912","inscricaoImobiliaria":"SP-IMO-1988912","setor":"003","quadra":"002","lote":"0006","sourceType":"OFFICIAL_IMPORT","mainAddress":"Setor Fiscal 003","zoneamento":"RESIDENCIAL","statusCadastral":"ATIVO","workflowStatus":"PENDENTE","isOfficial":true,"rawProperties":{"cd_identificador":1988912,"cd_identificador_original_lote":8819974,"cd_setor_fiscal":"003","cd_tipo_quadra":"F","tx_tipo_quadra":"FISCAL","cd_quadra_fiscal":"002","cd_subquadra_fiscal":null,"cd_condominio":"00","cd_tipo_lote":"F","tx_tipo_lote":"FISCAL","cd_lote":"0006","cd_situacao":1,"cd_digito_sql":"4","cd_logradouro":"044555","nm_logradouro_completo":"R DO CARMO","cd_numero_porta":"138","tx_complemento_endereco":"E 142","tx_situ_lote":"ATIVO","cd_tipo_uso_imovel":"22","dc_tipo_uso_imovel":"Residencial","cd_tipo_terreno_imovel":1,"qt_area_terreno":199,"qt_area_construida":459}}},{"type":"Feature","geometry":{"type":"Polygon","coordinates":[[[-46.619748,-23.401382],[-46.619743,-23.401389],[-46.619723,-23.401421],[-46.61961,-23.401363],[-46.619595,-23.401356],[-46.619619,-23.401316],[-46.619667,-23.401341],[-46.619748,-23.401382]]]},"properties":{"sqlu":"SP-003-988915","inscription":"SP-GEOSAMPA-1988915","inscricaoImobiliaria":"SP-IMO-1988915","setor":"003","quadra":"013","lote":"0035","sourceType":"OFFICIAL_IMPORT","mainAddress":"Setor Fiscal 003","zoneamento":"RESIDENCIAL","statusCadastral":"ATIVO","workflowStatus":"PENDENTE","isOfficial":true,"rawProperties":{"cd_identificador":1988915,"cd_identificador_original_lote":8820447,"cd_setor_fiscal":"003","cd_tipo_quadra":"F","tx_tipo_quadra":"FISCAL","cd_quadra_fiscal":"013","cd_subquadra_fiscal":null,"cd_condominio":"00","cd_tipo_lote":"F","tx_tipo_lote":"FISCAL","cd_lote":"0035","cd_situacao":1,"cd_digito_sql":"6","cd_logradouro":"029769","nm_logradouro_completo":"R PROF BATISTA DE ANDRADE","cd_numero_porta":"160","tx_complemento_endereco":null,"tx_situ_lote":"ATIVO","cd_tipo_uso_imovel":"14","dc_tipo_uso_imovel":"Residencial","cd_tipo_terreno_imovel":1,"qt_area_terreno":81,"qt_area_construida":100}}},{"type":"Feature","geometry":{"type":"Polygon","coordinates":[[[-46.619996,-23.400691],[-46.620018,-23.400654],[-46.620034,-23.400663],[-46.620143,-23.400719],[-46.620176,-23.400736],[-46.620153,-23.400771],[-46.620134,-23.400761],[-46.620093,-23.400741],[-46.620022,-23.400704],[-46.619996,-23.400691]]]},"properties":{"sqlu":"SP-003-988911","inscription":"SP-GEOSAMPA-1988911","inscricaoImobiliaria":"SP-IMO-1988911","setor":"003","quadra":"013","lote":"0018","sourceType":"OFFICIAL_IMPORT","mainAddress":"Setor Fiscal 003","zoneamento":"RESIDENCIAL","statusCadastral":"ATIVO","workflowStatus":"PENDENTE","isOfficial":true,"rawProperties":{"cd_identificador":1988911,"cd_identificador_original_lote":8820464,"cd_setor_fiscal":"003","cd_tipo_quadra":"F","tx_tipo_quadra":"FISCAL","cd_quadra_fiscal":"013","cd_subquadra_fiscal":null,"cd_condominio":"00","cd_tipo_lote":"F","tx_tipo_lote":"FISCAL","cd_lote":"0018","cd_situacao":1,"cd_digito_sql":"6","cd_logradouro":"029769","nm_logradouro_completo":"R PROF BATISTA DE ANDRADE","cd_numero_porta":"76","tx_complemento_endereco":null,"tx_situ_lote":"ATIVO","cd_tipo_uso_imovel":"10","dc_tipo_uso_imovel":"Residencial","cd_tipo_terreno_imovel":1,"qt_area_terreno":89,"qt_area_construida":209}}},{"type":"Feature","geometry":{"type":"Polygon","coordinates":[[[-46.618305,-23.404015],[-46.618207,-23.403957],[-46.618233,-23.403916],[-46.618266,-23.403936],[-46.618299,-23.403955],[-46.618317,-23.403966],[-46.618332,-23.403975],[-46.618321,-23.403991],[-46.618316,-23.403999],[-46.618305,-23.404015]]]},"properties":{"sqlu":"SP-003-988688","inscription":"SP-GEOSAMPA-1988688","inscricaoImobiliaria":"SP-IMO-1988688","setor":"003","quadra":"027","lote":"0008","sourceType":"OFFICIAL_IMPORT","mainAddress":"Setor Fiscal 003","zoneamento":"RESIDENCIAL","statusCadastral":"ATIVO","workflowStatus":"PENDENTE","isOfficial":true,"rawProperties":{"cd_identificador":1988688,"cd_identificador_original_lote":8819940,"cd_setor_fiscal":"003","cd_tipo_quadra":"F","tx_tipo_quadra":"FISCAL","cd_quadra_fiscal":"027","cd_subquadra_fiscal":null,"cd_condominio":"00","cd_tipo_lote":"F","tx_tipo_lote":"FISCAL","cd_lote":"0008","cd_situacao":1,"cd_digito_sql":"0","cd_logradouro":"071951","nm_logradouro_completo":"R FLORA","cd_numero_porta":"28","tx_complemento_endereco":"E 30","tx_situ_lote":"ATIVO","cd_tipo_uso_imovel":"42","dc_tipo_uso_imovel":"Não residencial","cd_tipo_terreno_imovel":1,"qt_area_terreno":55,"qt_area_construida":100}}},{"type":"Feature","geometry":{"type":"Polygon","coordinates":[[[-46.618268,-23.404389],[-46.618299,-23.404344],[-46.61853,-23.404485],[-46.618501,-23.404527],[-46.618338,-23.40443],[-46.618314,-23.404416],[-46.618268,-23.404389]]]},"properties":{"sqlu":"SP-003-988762","inscription":"SP-GEOSAMPA-1988762","inscricaoImobiliaria":"SP-IMO-1988762","setor":"003","quadra":"027","lote":"0058","sourceType":"OFFICIAL_IMPORT","mainAddress":"Setor Fiscal 003","zoneamento":"RESIDENCIAL","statusCadastral":"ATIVO","workflowStatus":"PENDENTE","isOfficial":true,"rawProperties":{"cd_identificador":1988762,"cd_identificador_original_lote":8819953,"cd_setor_fiscal":"003","cd_tipo_quadra":"F","tx_tipo_quadra":"FISCAL","cd_quadra_fiscal":"027","cd_subquadra_fiscal":null,"cd_condominio":"00","cd_tipo_lote":"F","tx_tipo_lote":"FISCAL","cd_lote":"0058","cd_situacao":1,"cd_digito_sql":"7","cd_logradouro":"038261","nm_logradouro_completo":"R CAETANO PINTO","cd_numero_porta":"529","tx_complemento_endereco":"E 533","tx_situ_lote":"ATIVO","cd_tipo_uso_imovel":"43","dc_tipo_uso_imovel":"Não residencial","cd_tipo_terreno_imovel":1,"qt_area_terreno":180,"qt_area_construida":306}}},{"type":"Feature","geometry":{"type":"Polygon","coordinates":[[[-46.623496,-23.407129],[-46.623526,-23.40727],[-46.623553,-23.407393],[-46.623415,-23.407409],[-46.623375,-23.407218],[-46.62336,-23.407144],[-46.623407,-23.407139],[-46.623496,-23.407129]]]},"properties":{"sqlu":"SP-003-988627","inscription":"SP-GEOSAMPA-1988627","inscricaoImobiliaria":"SP-IMO-1988627","setor":"003","quadra":"034","lote":"0074","sourceType":"OFFICIAL_IMPORT","mainAddress":"Setor Fiscal 003","zoneamento":"RESIDENCIAL","statusCadastral":"ATIVO","workflowStatus":"PENDENTE","isOfficial":true,"rawProperties":{"cd_identificador":1988627,"cd_identificador_original_lote":8820793,"cd_setor_fiscal":"003","cd_tipo_quadra":"F","tx_tipo_quadra":"FISCAL","cd_quadra_fiscal":"034","cd_subquadra_fiscal":null,"cd_condominio":"00","cd_tipo_lote":"F","tx_tipo_lote":"FISCAL","cd_lote":"0074","cd_situacao":1,"cd_digito_sql":"9","cd_logradouro":"142131","nm_logradouro_completo":"R DA MOOCA","cd_numero_porta":"45","tx_complemento_endereco":null,"tx_situ_lote":"ATIVO","cd_tipo_uso_imovel":"40","dc_tipo_uso_imovel":"Não residencial","cd_tipo_terreno_imovel":1,"qt_area_terreno":424,"qt_area_construida":448}}},{"type":"Feature","geometry":{"type":"Polygon","coordinates":[[[-46.628169,-23.40596],[-46.628224,-23.405893],[-46.628282,-23.40593],[-46.628286,-23.405933],[-46.628226,-23.406007],[-46.628169,-23.40596]]]},"properties":{"sqlu":"SP-003-988949","inscription":"SP-GEOSAMPA-1988949","inscricaoImobiliaria":"SP-IMO-1988949","setor":"003","quadra":"006","lote":"0012","sourceType":"OFFICIAL_IMPORT","mainAddress":"Setor Fiscal 003","zoneamento":"RESIDENCIAL","statusCadastral":"ATIVO","workflowStatus":"PENDENTE","isOfficial":true,"rawProperties":{"cd_identificador":1988949,"cd_identificador_original_lote":8820777,"cd_setor_fiscal":"003","cd_tipo_quadra":"F","tx_tipo_quadra":"FISCAL","cd_quadra_fiscal":"006","cd_subquadra_fiscal":null,"cd_condominio":"00","cd_tipo_lote":"F","tx_tipo_lote":"FISCAL","cd_lote":"0012","cd_situacao":1,"cd_digito_sql":"7","cd_logradouro":"003069","nm_logradouro_completo":"R JOAQUIM DOS SANTOS ANDRADE","cd_numero_porta":"44","tx_complemento_endereco":null,"tx_situ_lote":"ATIVO","cd_tipo_uso_imovel":"10","dc_tipo_uso_imovel":"Residencial","cd_tipo_terreno_imovel":1,"qt_area_terreno":92,"qt_area_construida":140}}},{"type":"Feature","geometry":{"type":"Polygon","coordinates":[[[-46.628169,-23.40596],[-46.628226,-23.406007],[-46.62846,-23.4062],[-46.628415,-23.406248],[-46.62836,-23.406204],[-46.628371,-23.406193],[-46.628174,-23.406035],[-46.628167,-23.406043],[-46.628145,-23.406026],[-46.628128,-23.406012],[-46.628166,-23.405965],[-46.628169,-23.40596]]]},"properties":{"sqlu":"SP-003-988948","inscription":"SP-GEOSAMPA-1988948","inscricaoImobiliaria":"SP-IMO-1988948","setor":"003","quadra":"006","lote":"0010","sourceType":"OFFICIAL_IMPORT","mainAddress":"Setor Fiscal 003","zoneamento":"RESIDENCIAL","statusCadastral":"ATIVO","workflowStatus":"PENDENTE","isOfficial":true,"rawProperties":{"cd_identificador":1988948,"cd_identificador_original_lote":8820755,"cd_setor_fiscal":"003","cd_tipo_quadra":"F","tx_tipo_quadra":"FISCAL","cd_quadra_fiscal":"006","cd_subquadra_fiscal":null,"cd_condominio":"00","cd_tipo_lote":"F","tx_tipo_lote":"FISCAL","cd_lote":"0010","cd_situacao":1,"cd_digito_sql":"0","cd_logradouro":"044555","nm_logradouro_completo":"R DO CARMO","cd_numero_porta":"187","tx_complemento_endereco":"E 193","tx_situ_lote":"ATIVO","cd_tipo_uso_imovel":"64","dc_tipo_uso_imovel":"Não residencial","cd_tipo_terreno_imovel":1,"qt_area_terreno":241,"qt_area_construida":275}}},{"type":"Feature","geometry":{"type":"Polygon","coordinates":[[[-46.617924,-23.404698],[-46.617905,-23.404726],[-46.617847,-23.404812],[-46.617817,-23.404858],[-46.617786,-23.40484],[-46.617801,-23.404817],[-46.617808,-23.404807],[-46.61783,-23.404775],[-46.617845,-23.404752],[-46.61785,-23.404745],[-46.61787,-23.404715],[-46.617879,-23.404702],[-46.617893,-23.40468],[-46.617915,-23.404693],[-46.617924,-23.404698]]]},"properties":{"sqlu":"SP-003-989075","inscription":"SP-GEOSAMPA-1989075","inscricaoImobiliaria":"SP-IMO-1989075","setor":"003","quadra":"027","lote":"0018","sourceType":"OFFICIAL_IMPORT","mainAddress":"Setor Fiscal 003","zoneamento":"RESIDENCIAL","statusCadastral":"ATIVO","workflowStatus":"PENDENTE","isOfficial":true,"rawProperties":{"cd_identificador":1989075,"cd_identificador_original_lote":8819926,"cd_setor_fiscal":"003","cd_tipo_quadra":"F","tx_tipo_quadra":"FISCAL","cd_quadra_fiscal":"027","cd_subquadra_fiscal":null,"cd_condominio":"00","cd_tipo_lote":"F","tx_tipo_lote":"FISCAL","cd_lote":"0018","cd_situacao":1,"cd_digito_sql":"8","cd_logradouro":"071951","nm_logradouro_completo":"R FLORA","cd_numero_porta":"116","tx_complemento_endereco":"CS 1","tx_situ_lote":"ATIVO","cd_tipo_uso_imovel":"10","dc_tipo_uso_imovel":"Residencial","cd_tipo_terreno_imovel":4,"qt_area_terreno":80,"qt_area_construida":100}}},{"type":"Feature","geometry":{"type":"Polygon","coordinates":[[[-46.628679,-23.406497],[-46.628827,-23.406618],[-46.628837,-23.406627],[-46.628448,-23.406624],[-46.628313,-23.406623],[-46.628299,-23.406595],[-46.628321,-23.406571],[-46.628412,-23.406474],[-46.6284,-23.406465],[-46.628505,-23.406358],[-46.628514,-23.406365],[-46.628538,-23.406381],[-46.628616,-23.406445],[-46.628679,-23.406497]]]},"properties":{"sqlu":"SP-003-989023","inscription":"SP-GEOSAMPA-1989023","inscricaoImobiliaria":"SP-IMO-1989023","setor":"003","quadra":"002","lote":"0015","sourceType":"OFFICIAL_IMPORT","mainAddress":"Setor Fiscal 003","zoneamento":"RESIDENCIAL","statusCadastral":"ATIVO","workflowStatus":"PENDENTE","isOfficial":true,"rawProperties":{"cd_identificador":1989023,"cd_identificador_original_lote":8819959,"cd_setor_fiscal":"003","cd_tipo_quadra":"F","tx_tipo_quadra":"FISCAL","cd_quadra_fiscal":"002","cd_subquadra_fiscal":null,"cd_condominio":"00","cd_tipo_lote":"F","tx_tipo_lote":"FISCAL","cd_lote":"0015","cd_situacao":1,"cd_digito_sql":"3","cd_logradouro":"044555","nm_logradouro_completo":"R DO CARMO","cd_numero_porta":"202","tx_complemento_endereco":null,"tx_situ_lote":"ATIVO","cd_tipo_uso_imovel":"74","dc_tipo_uso_imovel":"Não residencial","cd_tipo_terreno_imovel":2,"qt_area_terreno":843,"qt_area_construida":1325}}},{"type":"Feature","geometry":{"type":"Polygon","coordinates":[[[-46.621142,-23.401472],[-46.621154,-23.401476],[-46.621144,-23.401498],[-46.621135,-23.401517],[-46.621104,-23.40158],[-46.621047,-23.401551],[-46.621081,-23.401488],[-46.621048,-23.401471],[-46.621052,-23.401464],[-46.621046,-23.401462],[-46.621058,-23.40144],[-46.621142,-23.401472]]]},"properties":{"sqlu":"SP-003-989068","inscription":"SP-GEOSAMPA-1989068","inscricaoImobiliaria":"SP-IMO-1989068","setor":"003","quadra":"012","lote":"0019","sourceType":"OFFICIAL_IMPORT","mainAddress":"Setor Fiscal 003","zoneamento":"RESIDENCIAL","statusCadastral":"ATIVO","workflowStatus":"PENDENTE","isOfficial":true,"rawProperties":{"cd_identificador":1989068,"cd_identificador_original_lote":8821303,"cd_setor_fiscal":"003","cd_tipo_quadra":"F","tx_tipo_quadra":"FISCAL","cd_quadra_fiscal":"012","cd_subquadra_fiscal":null,"cd_condominio":"00","cd_tipo_lote":"F","tx_tipo_lote":"FISCAL","cd_lote":"0019","cd_situacao":1,"cd_digito_sql":"1","cd_logradouro":"183733","nm_logradouro_completo":"R SOBRAL","cd_numero_porta":"45","tx_complemento_endereco":null,"tx_situ_lote":"ATIVO","cd_tipo_uso_imovel":"10","dc_tipo_uso_imovel":"Residencial","cd_tipo_terreno_imovel":1,"qt_area_terreno":78,"qt_area_construida":100}}},{"type":"Feature","geometry":{"type":"Polygon","coordinates":[[[-46.61973,-23.400442],[-46.619761,-23.400391],[-46.619873,-23.400451],[-46.61985,-23.40049],[-46.619843,-23.400502],[-46.61973,-23.400442]]]},"properties":{"sqlu":"SP-003-988961","inscription":"SP-GEOSAMPA-1988961","inscricaoImobiliaria":"SP-IMO-1988961","setor":"003","quadra":"014","lote":"0197","sourceType":"OFFICIAL_IMPORT","mainAddress":"Setor Fiscal 003","zoneamento":"RESIDENCIAL","statusCadastral":"ATIVO","workflowStatus":"PENDENTE","isOfficial":true,"rawProperties":{"cd_identificador":1988961,"cd_identificador_original_lote":8820489,"cd_setor_fiscal":"003","cd_tipo_quadra":"F","tx_tipo_quadra":"FISCAL","cd_quadra_fiscal":"014","cd_subquadra_fiscal":null,"cd_condominio":"00","cd_tipo_lote":"F","tx_tipo_lote":"FISCAL","cd_lote":"0197","cd_situacao":1,"cd_digito_sql":"7","cd_logradouro":"137960","nm_logradouro_completo":"R MELO BARRETO","cd_numero_porta":"66","tx_complemento_endereco":null,"tx_situ_lote":"ATIVO","cd_tipo_uso_imovel":"10","dc_tipo_uso_imovel":"Residencial","cd_tipo_terreno_imovel":1,"qt_area_terreno":90,"qt_area_construida":72}}},{"type":"Feature","geometry":{"type":"Polygon","coordinates":[[[-46.626475,-23.406007],[-46.626512,-23.405918],[-46.626557,-23.405925],[-46.626537,-23.406007],[-46.626534,-23.40602],[-46.626513,-23.406017],[-46.626511,-23.406021],[-46.62649,-23.406019],[-46.626475,-23.406007]]]},"properties":{"sqlu":"SP-003-989120","inscription":"SP-GEOSAMPA-1989120","inscricaoImobiliaria":"SP-IMO-1989120","setor":"003","quadra":"008","lote":"0026","sourceType":"OFFICIAL_IMPORT","mainAddress":"Setor Fiscal 003","zoneamento":"RESIDENCIAL","statusCadastral":"ATIVO","workflowStatus":"PENDENTE","isOfficial":true,"rawProperties":{"cd_identificador":1989120,"cd_identificador_original_lote":8819694,"cd_setor_fiscal":"003","cd_tipo_quadra":"F","tx_tipo_quadra":"FISCAL","cd_quadra_fiscal":"008","cd_subquadra_fiscal":null,"cd_condominio":"00","cd_tipo_lote":"F","tx_tipo_lote":"FISCAL","cd_lote":"0026","cd_situacao":1,"cd_digito_sql":"6","cd_logradouro":"146269","nm_logradouro_completo":"R NIOAC","cd_numero_porta":"126","tx_complemento_endereco":null,"tx_situ_lote":"ATIVO","cd_tipo_uso_imovel":"10","dc_tipo_uso_imovel":"Residencial","cd_tipo_terreno_imovel":1,"qt_area_terreno":100,"qt_area_construida":150}}},{"type":"Feature","geometry":{"type":"Polygon","coordinates":[[[-46.628071,-23.406101],[-46.628076,-23.406096],[-46.628103,-23.406068],[-46.628112,-23.406059],[-46.628329,-23.406234],[-46.628337,-23.406225],[-46.628394,-23.406271],[-46.628346,-23.406321],[-46.628158,-23.40617],[-46.628116,-23.406137],[-46.628071,-23.406101]]]},"properties":{"sqlu":"SP-003-989302","inscription":"SP-GEOSAMPA-1989302","inscricaoImobiliaria":"SP-IMO-1989302","setor":"003","quadra":"006","lote":"0008","sourceType":"OFFICIAL_IMPORT","mainAddress":"Setor Fiscal 003","zoneamento":"RESIDENCIAL","statusCadastral":"ATIVO","workflowStatus":"PENDENTE","isOfficial":true,"rawProperties":{"cd_identificador":1989302,"cd_identificador_original_lote":8820757,"cd_setor_fiscal":"003","cd_tipo_quadra":"F","tx_tipo_quadra":"FISCAL","cd_quadra_fiscal":"006","cd_subquadra_fiscal":null,"cd_condominio":"00","cd_tipo_lote":"F","tx_tipo_lote":"FISCAL","cd_lote":"0008","cd_situacao":1,"cd_digito_sql":"9","cd_logradouro":"044555","nm_logradouro_completo":"R DO CARMO","cd_numero_porta":"207","tx_complemento_endereco":null,"tx_situ_lote":"ATIVO","cd_tipo_uso_imovel":"62","dc_tipo_uso_imovel":"Não residencial","cd_tipo_terreno_imovel":1,"qt_area_terreno":228,"qt_area_construida":32}}},{"type":"Feature","geometry":{"type":"Polygon","coordinates":[[[-46.628071,-23.406101],[-46.62805,-23.406122],[-46.628033,-23.406139],[-46.628008,-23.406118],[-46.627854,-23.406034],[-46.627856,-23.405991],[-46.627859,-23.405965],[-46.627859,-23.405962],[-46.627961,-23.406025],[-46.627996,-23.406047],[-46.628026,-23.406065],[-46.628076,-23.406096],[-46.628071,-23.406101]]]},"properties":{"sqlu":"SP-003-989303","inscription":"SP-GEOSAMPA-1989303","inscricaoImobiliaria":"SP-IMO-1989303","setor":"003","quadra":"006","lote":"0021","sourceType":"OFFICIAL_IMPORT","mainAddress":"Setor Fiscal 003","zoneamento":"RESIDENCIAL","statusCadastral":"ATIVO","workflowStatus":"PENDENTE","isOfficial":true,"rawProperties":{"cd_identificador":1989303,"cd_identificador_original_lote":8820767,"cd_setor_fiscal":"003","cd_tipo_quadra":"F","tx_tipo_quadra":"FISCAL","cd_quadra_fiscal":"006","cd_subquadra_fiscal":null,"cd_condominio":"00","cd_tipo_lote":"F","tx_tipo_lote":"FISCAL","cd_lote":"0021","cd_situacao":1,"cd_digito_sql":"6","cd_logradouro":"044342","nm_logradouro_completo":"R DOS CARMELITAS","cd_numero_porta":"164","tx_complemento_endereco":"166","tx_situ_lote":"ATIVO","cd_tipo_uso_imovel":"31","dc_tipo_uso_imovel":"Não residencial","cd_tipo_terreno_imovel":1,"qt_area_terreno":192,"qt_area_construida":632}}},{"type":"Feature","geometry":{"type":"Polygon","coordinates":[[[-46.621835,-23.407251],[-46.621865,-23.407249],[-46.621885,-23.407247],[-46.621886,-23.407256],[-46.621904,-23.407361],[-46.621931,-23.407517],[-46.621836,-23.407522],[-46.621828,-23.407478],[-46.621818,-23.407429],[-46.621785,-23.407254],[-46.621805,-23.407253],[-46.621835,-23.407251]]]},"properties":{"sqlu":"SP-003-989304","inscription":"SP-GEOSAMPA-1989304","inscricaoImobiliaria":"SP-IMO-1989304","setor":"003","quadra":"035","lote":"0019","sourceType":"OFFICIAL_IMPORT","mainAddress":"Setor Fiscal 003","zoneamento":"RESIDENCIAL","statusCadastral":"ATIVO","workflowStatus":"PENDENTE","isOfficial":true,"rawProperties":{"cd_identificador":1989304,"cd_identificador_original_lote":8820067,"cd_setor_fiscal":"003","cd_tipo_quadra":"F","tx_tipo_quadra":"FISCAL","cd_quadra_fiscal":"035","cd_subquadra_fiscal":null,"cd_condominio":"00","cd_tipo_lote":"F","tx_tipo_lote":"FISCAL","cd_lote":"0019","cd_situacao":1,"cd_digito_sql":"0","cd_logradouro":"142131","nm_logradouro_completo":"R DA MOOCA","cd_numero_porta":"199","tx_complemento_endereco":"201 203 E 207","tx_situ_lote":"ATIVO","cd_tipo_uso_imovel":"40","dc_tipo_uso_imovel":"Não residencial","cd_tipo_terreno_imovel":1,"qt_area_terreno":300,"qt_area_construida":937}}},{"type":"Feature","geometry":{"type":"Polygon","coordinates":[[[-46.618221,-23.406212],[-46.618233,-23.405951],[-46.618283,-23.405946],[-46.618287,-23.406032],[-46.618288,-23.406054],[-46.618295,-23.406204],[-46.618221,-23.406212]]]},"properties":{"sqlu":"SP-003-989276","inscription":"SP-GEOSAMPA-1989276","inscricaoImobiliaria":"SP-IMO-1989276","setor":"003","quadra":"059","lote":"0007","sourceType":"OFFICIAL_IMPORT","mainAddress":"Setor Fiscal 003","zoneamento":"RESIDENCIAL","statusCadastral":"ATIVO","workflowStatus":"PENDENTE","isOfficial":true,"rawProperties":{"cd_identificador":1989276,"cd_identificador_original_lote":8820873,"cd_setor_fiscal":"003","cd_tipo_quadra":"F","tx_tipo_quadra":"FISCAL","cd_quadra_fiscal":"059","cd_subquadra_fiscal":null,"cd_condominio":"00","cd_tipo_lote":"F","tx_tipo_lote":"FISCAL","cd_lote":"0007","cd_situacao":1,"cd_digito_sql":"2","cd_logradouro":"155241","nm_logradouro_completo":"R VISC DE PARNAIBA","cd_numero_porta":"546","tx_complemento_endereco":"E 548","tx_situ_lote":"ATIVO","cd_tipo_uso_imovel":"22","dc_tipo_uso_imovel":"Residencial","cd_tipo_terreno_imovel":3,"qt_area_terreno":187,"qt_area_construida":250}}},{"type":"Feature","geometry":{"type":"Polygon","coordinates":[[[-46.614918,-23.407484],[-46.614898,-23.407486],[-46.614855,-23.40749],[-46.614818,-23.407494],[-46.614816,-23.407468],[-46.614796,-23.407215],[-46.614783,-23.407042],[-46.614865,-23.407035],[-46.614918,-23.407484]]]},"properties":{"sqlu":"SP-003-989888","inscription":"SP-GEOSAMPA-1989888","inscricaoImobiliaria":"SP-IMO-1989888","setor":"003","quadra":"048","lote":"0114","sourceType":"OFFICIAL_IMPORT","mainAddress":"Setor Fiscal 003","zoneamento":"RESIDENCIAL","statusCadastral":"ATIVO","workflowStatus":"PENDENTE","isOfficial":true,"rawProperties":{"cd_identificador":1989888,"cd_identificador_original_lote":8821099,"cd_setor_fiscal":"003","cd_tipo_quadra":"F","tx_tipo_quadra":"FISCAL","cd_quadra_fiscal":"048","cd_subquadra_fiscal":null,"cd_condominio":"00","cd_tipo_lote":"F","tx_tipo_lote":"FISCAL","cd_lote":"0114","cd_situacao":1,"cd_digito_sql":"3","cd_logradouro":"005436","nm_logradouro_completo":"AV ALCANTARA MACHADO","cd_numero_porta":"894","tx_complemento_endereco":"902","tx_situ_lote":"ATIVO","cd_tipo_uso_imovel":"50","dc_tipo_uso_imovel":"Não residencial","cd_tipo_terreno_imovel":1,"qt_area_terreno":500,"qt_area_construida":960}}},{"type":"Feature","geometry":{"type":"Polygon","coordinates":[[[-46.618707,-23.404225],[-46.618683,-23.404261],[-46.618641,-23.404239],[-46.618604,-23.404218],[-46.618472,-23.404138],[-46.618434,-23.404116],[-46.618438,-23.404109],[-46.618462,-23.404075],[-46.618493,-23.404093],[-46.618631,-23.404178],[-46.618707,-23.404225]]]},"properties":{"sqlu":"SP-003-989439","inscription":"SP-GEOSAMPA-1989439","inscricaoImobiliaria":"SP-IMO-1989439","setor":"003","quadra":"027","lote":"0064","sourceType":"OFFICIAL_IMPORT","mainAddress":"Setor Fiscal 003","zoneamento":"RESIDENCIAL","statusCadastral":"ATIVO","workflowStatus":"PENDENTE","isOfficial":true,"rawProperties":{"cd_identificador":1989439,"cd_identificador_original_lote":8819897,"cd_setor_fiscal":"003","cd_tipo_quadra":"F","tx_tipo_quadra":"FISCAL","cd_quadra_fiscal":"027","cd_subquadra_fiscal":null,"cd_condominio":"00","cd_tipo_lote":"F","tx_tipo_lote":"FISCAL","cd_lote":"0064","cd_situacao":1,"cd_digito_sql":"1","cd_logradouro":"038261","nm_logradouro_completo":"R CAETANO PINTO","cd_numero_porta":"495","tx_complemento_endereco":null,"tx_situ_lote":"ATIVO","cd_tipo_uso_imovel":"62","dc_tipo_uso_imovel":"Não residencial","cd_tipo_terreno_imovel":1,"qt_area_terreno":150,"qt_area_construida":100}}},{"type":"Feature","geometry":{"type":"Polygon","coordinates":[[[-46.62299,-23.402183],[-46.623036,-23.402203],[-46.623055,-23.402211],[-46.623042,-23.402235],[-46.623279,-23.402329],[-46.623263,-23.402376],[-46.622739,-23.40214],[-46.62277,-23.402087],[-46.622821,-23.402109],[-46.622858,-23.402125],[-46.622902,-23.402145],[-46.622945,-23.402163],[-46.622965,-23.402172],[-46.62299,-23.402183]]]},"properties":{"sqlu":"SP-003-989476","inscription":"SP-GEOSAMPA-1989476","inscricaoImobiliaria":"SP-IMO-1989476","setor":"003","quadra":"011","lote":"0078","sourceType":"OFFICIAL_IMPORT","mainAddress":"Setor Fiscal 003","zoneamento":"RESIDENCIAL","statusCadastral":"ATIVO","workflowStatus":"PENDENTE","isOfficial":true,"rawProperties":{"cd_identificador":1989476,"cd_identificador_original_lote":8820378,"cd_setor_fiscal":"003","cd_tipo_quadra":"F","tx_tipo_quadra":"FISCAL","cd_quadra_fiscal":"011","cd_subquadra_fiscal":null,"cd_condominio":"00","cd_tipo_lote":"F","tx_tipo_lote":"FISCAL","cd_lote":"0078","cd_situacao":1,"cd_digito_sql":"0","cd_logradouro":"069124","nm_logradouro_completo":"R CAP FAUSTINO LIMA","cd_numero_porta":"95","tx_complemento_endereco":"E 97","tx_situ_lote":"ATIVO","cd_tipo_uso_imovel":"40","dc_tipo_uso_imovel":"Não residencial","cd_tipo_terreno_imovel":1,"qt_area_terreno":401,"qt_area_construida":250}}},{"type":"Feature","geometry":{"type":"Polygon","coordinates":[[[-46.612979,-23.40383],[-46.612937,-23.403806],[-46.613019,-23.403684],[-46.613061,-23.403708],[-46.612979,-23.40383]]]},"properties":{"sqlu":"SP-003-989595","inscription":"SP-GEOSAMPA-1989595","inscricaoImobiliaria":"SP-IMO-1989595","setor":"003","quadra":"044","lote":"0064","sourceType":"OFFICIAL_IMPORT","mainAddress":"Setor Fiscal 003","zoneamento":"RESIDENCIAL","statusCadastral":"ATIVO","workflowStatus":"PENDENTE","isOfficial":true,"rawProperties":{"cd_identificador":1989595,"cd_identificador_original_lote":8821012,"cd_setor_fiscal":"003","cd_tipo_quadra":"F","tx_tipo_quadra":"FISCAL","cd_quadra_fiscal":"044","cd_subquadra_fiscal":null,"cd_condominio":"00","cd_tipo_lote":"F","tx_tipo_lote":"FISCAL","cd_lote":"0064","cd_situacao":1,"cd_digito_sql":"5","cd_logradouro":"155241","nm_logradouro_completo":"R VISC DE PARNAIBA","cd_numero_porta":"1161","tx_complemento_endereco":null,"tx_situ_lote":"ATIVO","cd_tipo_uso_imovel":"42","dc_tipo_uso_imovel":"Não residencial","cd_tipo_terreno_imovel":1,"qt_area_terreno":80,"qt_area_construida":80}}},{"type":"Feature","geometry":{"type":"Polygon","coordinates":[[[-46.619267,-23.406992],[-46.619281,-23.406922],[-46.619289,-23.406885],[-46.619654,-23.406838],[-46.619654,-23.406825],[-46.619673,-23.406823],[-46.619716,-23.406819],[-46.61981,-23.406789],[-46.619818,-23.406855],[-46.619824,-23.406855],[-46.619948,-23.406843],[-46.619954,-23.406903],[-46.620065,-23.406896],[-46.620196,-23.406888],[-46.62024,-23.406885],[-46.62029,-23.406882],[-46.620329,-23.407365],[-46.620333,-23.407416],[-46.620348,-23.407587],[-46.620341,-23.407594],[-46.620325,-23.4076],[-46.620238,-23.407606],[-46.619996,-23.407619],[-46.619723,-23.407636],[-46.619705,-23.407637],[-46.619627,-23.407641],[-46.618992,-23.407676],[-46.618975,-23.40766],[-46.618951,-23.407287],[-46.619122,-23.407283],[-46.619214,-23.407281],[-46.619218,-23.407257],[-46.61922,-23.407248],[-46.619229,-23.407194],[-46.619238,-23.407141],[-46.619241,-23.407122],[-46.619245,-23.407104],[-46.619248,-23.407086],[-46.619258,-23.407036],[-46.619267,-23.406992]]]},"properties":{"sqlu":"SP-003-989996","inscription":"SP-GEOSAMPA-1989996","inscricaoImobiliaria":"SP-IMO-1989996","setor":"003","quadra":"057","lote":"0041","sourceType":"OFFICIAL_IMPORT","mainAddress":"Setor Fiscal 003","zoneamento":"RESIDENCIAL","statusCadastral":"ATIVO","workflowStatus":"PENDENTE","isOfficial":true,"rawProperties":{"cd_identificador":1989996,"cd_identificador_original_lote":8820105,"cd_setor_fiscal":"003","cd_tipo_quadra":"F","tx_tipo_quadra":"FISCAL","cd_quadra_fiscal":"057","cd_subquadra_fiscal":null,"cd_condominio":"00","cd_tipo_lote":"F","tx_tipo_lote":"FISCAL","cd_lote":"0041","cd_situacao":1,"cd_digito_sql":"3","cd_logradouro":"142131","nm_logradouro_completo":"R DA MOOCA","cd_numero_porta":"363","tx_complemento_endereco":null,"tx_situ_lote":"ATIVO","cd_tipo_uso_imovel":"71","dc_tipo_uso_imovel":"Não residencial","cd_tipo_terreno_imovel":2,"qt_area_terreno":10863,"qt_area_construida":10400}}},{"type":"Feature","geometry":{"type":"Polygon","coordinates":[[[-46.619267,-23.406992],[-46.619258,-23.407036],[-46.619238,-23.407034],[-46.619136,-23.407023],[-46.618985,-23.407008],[-46.618935,-23.407002],[-46.618932,-23.406955],[-46.619243,-23.406989],[-46.619267,-23.406992]]]},"properties":{"sqlu":"SP-003-989997","inscription":"SP-GEOSAMPA-1989997","inscricaoImobiliaria":"SP-IMO-1989997","setor":"003","quadra":"057","lote":"0011","sourceType":"OFFICIAL_IMPORT","mainAddress":"Setor Fiscal 003","zoneamento":"RESIDENCIAL","statusCadastral":"ATIVO","workflowStatus":"PENDENTE","isOfficial":true,"rawProperties":{"cd_identificador":1989997,"cd_identificador_original_lote":8820119,"cd_setor_fiscal":"003","cd_tipo_quadra":"F","tx_tipo_quadra":"FISCAL","cd_quadra_fiscal":"057","cd_subquadra_fiscal":null,"cd_condominio":"00","cd_tipo_lote":"F","tx_tipo_lote":"FISCAL","cd_lote":"0011","cd_situacao":1,"cd_digito_sql":"1","cd_logradouro":"138118","nm_logradouro_completo":"R MEM DE SA","cd_numero_porta":"130","tx_complemento_endereco":null,"tx_situ_lote":"ATIVO","cd_tipo_uso_imovel":"40","dc_tipo_uso_imovel":"Não residencial","cd_tipo_terreno_imovel":1,"qt_area_terreno":163,"qt_area_construida":175}}},{"type":"Feature","geometry":{"type":"Polygon","coordinates":[[[-46.612815,-23.403734],[-46.612771,-23.403708],[-46.612853,-23.403588],[-46.612896,-23.403613],[-46.612815,-23.403734]]]},"properties":{"sqlu":"SP-003-990230","inscription":"SP-GEOSAMPA-1990230","inscricaoImobiliaria":"SP-IMO-1990230","setor":"003","quadra":"044","lote":"0061","sourceType":"OFFICIAL_IMPORT","mainAddress":"Setor Fiscal 003","zoneamento":"RESIDENCIAL","statusCadastral":"ATIVO","workflowStatus":"PENDENTE","isOfficial":true,"rawProperties":{"cd_identificador":1990230,"cd_identificador_original_lote":8821005,"cd_setor_fiscal":"003","cd_tipo_quadra":"F","tx_tipo_quadra":"FISCAL","cd_quadra_fiscal":"044","cd_subquadra_fiscal":null,"cd_condominio":"00","cd_tipo_lote":"F","tx_tipo_lote":"FISCAL","cd_lote":"0061","cd_situacao":1,"cd_digito_sql":"0","cd_logradouro":"155241","nm_logradouro_completo":"R VISC DE PARNAIBA","cd_numero_porta":"1185","tx_complemento_endereco":"E 1187","tx_situ_lote":"ATIVO","cd_tipo_uso_imovel":"42","dc_tipo_uso_imovel":"Não residencial","cd_tipo_terreno_imovel":1,"qt_area_terreno":103,"qt_area_construida":180}}},{"type":"Feature","geometry":{"type":"Polygon","coordinates":[[[-46.617675,-23.407416],[-46.617676,-23.407379],[-46.617782,-23.407385],[-46.617824,-23.407387],[-46.617822,-23.407427],[-46.617812,-23.407426],[-46.617732,-23.40742],[-46.617675,-23.407416]]]},"properties":{"sqlu":"SP-003-990189","inscription":"SP-GEOSAMPA-1990189","inscricaoImobiliaria":"SP-IMO-1990189","setor":"003","quadra":"058","lote":"0019","sourceType":"OFFICIAL_IMPORT","mainAddress":"Setor Fiscal 003","zoneamento":"RESIDENCIAL","statusCadastral":"ATIVO","workflowStatus":"PENDENTE","isOfficial":true,"rawProperties":{"cd_identificador":1990189,"cd_identificador_original_lote":8821073,"cd_setor_fiscal":"003","cd_tipo_quadra":"F","tx_tipo_quadra":"FISCAL","cd_quadra_fiscal":"058","cd_subquadra_fiscal":null,"cd_condominio":"00","cd_tipo_lote":"F","tx_tipo_lote":"FISCAL","cd_lote":"0019","cd_situacao":1,"cd_digito_sql":"1","cd_logradouro":"050733","nm_logradouro_completo":"VP DOS CIENTISTAS","cd_numero_porta":"16","tx_complemento_endereco":null,"tx_situ_lote":"ATIVO","cd_tipo_uso_imovel":"10","dc_tipo_uso_imovel":"Residencial","cd_tipo_terreno_imovel":1,"qt_area_terreno":62,"qt_area_construida":110}}},{"type":"Feature","geometry":{"type":"Polygon","coordinates":[[[-46.617358,-23.407284],[-46.617391,-23.407276],[-46.617421,-23.40727],[-46.617403,-23.407604],[-46.617401,-23.40764],[-46.617395,-23.407757],[-46.617358,-23.407759],[-46.617353,-23.407603],[-46.617351,-23.407555],[-46.617358,-23.407284]]]},"properties":{"sqlu":"SP-003-990399","inscription":"SP-GEOSAMPA-1990399","inscricaoImobiliaria":"SP-IMO-1990399","setor":"003","quadra":"045","lote":"0002","sourceType":"OFFICIAL_IMPORT","mainAddress":"Setor Fiscal 003","zoneamento":"RESIDENCIAL","statusCadastral":"ATIVO","workflowStatus":"PENDENTE","isOfficial":true,"rawProperties":{"cd_identificador":1990399,"cd_identificador_original_lote":8821220,"cd_setor_fiscal":"003","cd_tipo_quadra":"F","tx_tipo_quadra":"FISCAL","cd_quadra_fiscal":"045","cd_subquadra_fiscal":null,"cd_condominio":"00","cd_tipo_lote":"F","tx_tipo_lote":"FISCAL","cd_lote":"0002","cd_situacao":1,"cd_digito_sql":"1","cd_logradouro":"142131","nm_logradouro_completo":"R DA MOOCA","cd_numero_porta":"S/N","tx_complemento_endereco":null,"tx_situ_lote":"ATIVO","cd_tipo_uso_imovel":"00","dc_tipo_uso_imovel":"Terreno","cd_tipo_terreno_imovel":1,"qt_area_terreno":232,"qt_area_construida":0}}},{"type":"Feature","geometry":{"type":"Polygon","coordinates":[[[-46.621538,-23.401674],[-46.621551,-23.401633],[-46.621724,-23.401696],[-46.621704,-23.401724],[-46.621699,-23.401731],[-46.62168,-23.401724],[-46.621615,-23.401701],[-46.62159,-23.401693],[-46.621538,-23.401674]]]},"properties":{"sqlu":"SP-003-990477","inscription":"SP-GEOSAMPA-1990477","inscricaoImobiliaria":"SP-IMO-1990477","setor":"003","quadra":"011","lote":"0046","sourceType":"OFFICIAL_IMPORT","mainAddress":"Setor Fiscal 003","zoneamento":"RESIDENCIAL","statusCadastral":"ATIVO","workflowStatus":"PENDENTE","isOfficial":true,"rawProperties":{"cd_identificador":1990477,"cd_identificador_original_lote":8820397,"cd_setor_fiscal":"003","cd_tipo_quadra":"F","tx_tipo_quadra":"FISCAL","cd_quadra_fiscal":"011","cd_subquadra_fiscal":null,"cd_condominio":"00","cd_tipo_lote":"F","tx_tipo_lote":"FISCAL","cd_lote":"0046","cd_situacao":1,"cd_digito_sql":"2","cd_logradouro":"044784","nm_logradouro_completo":"R CARNEIRO LEAO","cd_numero_porta":"90","tx_complemento_endereco":null,"tx_situ_lote":"ATIVO","cd_tipo_uso_imovel":"40","dc_tipo_uso_imovel":"Não residencial","cd_tipo_terreno_imovel":1,"qt_area_terreno":92,"qt_area_construida":80}}},{"type":"Feature","geometry":{"type":"Polygon","coordinates":[[[-46.617096,-23.405144],[-46.617136,-23.405167],[-46.617054,-23.405298],[-46.61701,-23.405274],[-46.617096,-23.405144]]]},"properties":{"sqlu":"SP-003-990315","inscription":"SP-GEOSAMPA-1990315","inscricaoImobiliaria":"SP-IMO-1990315","setor":"003","quadra":"041","lote":"0012","sourceType":"OFFICIAL_IMPORT","mainAddress":"Setor Fiscal 003","zoneamento":"RESIDENCIAL","statusCadastral":"ATIVO","workflowStatus":"PENDENTE","isOfficial":true,"rawProperties":{"cd_identificador":1990315,"cd_identificador_original_lote":8820241,"cd_setor_fiscal":"003","cd_tipo_quadra":"F","tx_tipo_quadra":"FISCAL","cd_quadra_fiscal":"041","cd_subquadra_fiscal":null,"cd_condominio":"00","cd_tipo_lote":"F","tx_tipo_lote":"FISCAL","cd_lote":"0012","cd_situacao":1,"cd_digito_sql":"9","cd_logradouro":"154571","nm_logradouro_completo":"R PARANA","cd_numero_porta":"108","tx_complemento_endereco":null,"tx_situ_lote":"ATIVO","cd_tipo_uso_imovel":"00","dc_tipo_uso_imovel":"Terreno","cd_tipo_terreno_imovel":1,"qt_area_terreno":101,"qt_area_construida":0}}},{"type":"Feature","geometry":{"type":"Polygon","coordinates":[[[-46.622558,-23.405544],[-46.622571,-23.405609],[-46.622583,-23.405674],[-46.622486,-23.405686],[-46.622459,-23.405553],[-46.622558,-23.405544]]]},"properties":{"sqlu":"SP-003-990212","inscription":"SP-GEOSAMPA-1990212","inscricaoImobiliaria":"SP-IMO-1990212","setor":"003","quadra":"032","lote":"0043","sourceType":"OFFICIAL_IMPORT","mainAddress":"Setor Fiscal 003","zoneamento":"RESIDENCIAL","statusCadastral":"ATIVO","workflowStatus":"PENDENTE","isOfficial":true,"rawProperties":{"cd_identificador":1990212,"cd_identificador_original_lote":8820704,"cd_setor_fiscal":"003","cd_tipo_quadra":"F","tx_tipo_quadra":"FISCAL","cd_quadra_fiscal":"032","cd_subquadra_fiscal":null,"cd_condominio":"00","cd_tipo_lote":"F","tx_tipo_lote":"FISCAL","cd_lote":"0043","cd_situacao":1,"cd_digito_sql":"1","cd_logradouro":"155241","nm_logradouro_completo":"R VISC DE PARNAIBA","cd_numero_porta":"112","tx_complemento_endereco":null,"tx_situ_lote":"ATIVO","cd_tipo_uso_imovel":"40","dc_tipo_uso_imovel":"Não residencial","cd_tipo_terreno_imovel":3,"qt_area_terreno":182,"qt_area_construida":182}}},{"type":"Feature","geometry":{"type":"Polygon","coordinates":[[[-46.619399,-23.401682],[-46.619422,-23.401643],[-46.619435,-23.40165],[-46.619544,-23.401708],[-46.61952,-23.401746],[-46.619424,-23.401695],[-46.619399,-23.401682]]]},"properties":{"sqlu":"SP-003-990695","inscription":"SP-GEOSAMPA-1990695","inscricaoImobiliaria":"SP-IMO-1990695","setor":"003","quadra":"013","lote":"0043","sourceType":"OFFICIAL_IMPORT","mainAddress":"Setor Fiscal 003","zoneamento":"RESIDENCIAL","statusCadastral":"ATIVO","workflowStatus":"PENDENTE","isOfficial":true,"rawProperties":{"cd_identificador":1990695,"cd_identificador_original_lote":8820438,"cd_setor_fiscal":"003","cd_tipo_quadra":"F","tx_tipo_quadra":"FISCAL","cd_quadra_fiscal":"013","cd_subquadra_fiscal":null,"cd_condominio":"00","cd_tipo_lote":"F","tx_tipo_lote":"FISCAL","cd_lote":"0043","cd_situacao":1,"cd_digito_sql":"7","cd_logradouro":"029769","nm_logradouro_completo":"R PROF BATISTA DE ANDRADE","cd_numero_porta":"204","tx_complemento_endereco":null,"tx_situ_lote":"ATIVO","cd_tipo_uso_imovel":"10","dc_tipo_uso_imovel":"Residencial","cd_tipo_terreno_imovel":1,"qt_area_terreno":77,"qt_area_construida":80}}},{"type":"Feature","geometry":{"type":"Polygon","coordinates":[[[-46.620992,-23.400534],[-46.620865,-23.400765],[-46.620822,-23.400748],[-46.620951,-23.400515],[-46.620992,-23.400534]]]},"properties":{"sqlu":"SP-003-990835","inscription":"SP-GEOSAMPA-1990835","inscricaoImobiliaria":"SP-IMO-1990835","setor":"003","quadra":"013","lote":"0004","sourceType":"OFFICIAL_IMPORT","mainAddress":"Setor Fiscal 003","zoneamento":"RESIDENCIAL","statusCadastral":"ATIVO","workflowStatus":"PENDENTE","isOfficial":true,"rawProperties":{"cd_identificador":1990835,"cd_identificador_original_lote":8820422,"cd_setor_fiscal":"003","cd_tipo_quadra":"F","tx_tipo_quadra":"FISCAL","cd_quadra_fiscal":"013","cd_subquadra_fiscal":null,"cd_condominio":"00","cd_tipo_lote":"F","tx_tipo_lote":"FISCAL","cd_lote":"0004","cd_situacao":1,"cd_digito_sql":"6","cd_logradouro":"168700","nm_logradouro_completo":"AV RANGEL PESTANA","cd_numero_porta":"1224","tx_complemento_endereco":null,"tx_situ_lote":"ATIVO","cd_tipo_uso_imovel":"40","dc_tipo_uso_imovel":"Não residencial","cd_tipo_terreno_imovel":1,"qt_area_terreno":190,"qt_area_construida":102}}},{"type":"Feature","geometry":{"type":"Polygon","coordinates":[[[-46.619303,-23.406814],[-46.619235,-23.406808],[-46.619201,-23.406805],[-46.619158,-23.406801],[-46.619126,-23.406798],[-46.619125,-23.40677],[-46.619125,-23.406765],[-46.619246,-23.406773],[-46.619311,-23.406776],[-46.619308,-23.406789],[-46.619303,-23.406814]]]},"properties":{"sqlu":"SP-003-990640","inscription":"SP-GEOSAMPA-1990640","inscricaoImobiliaria":"SP-IMO-1990640","setor":"003","quadra":"057","lote":"0007","sourceType":"OFFICIAL_IMPORT","mainAddress":"Setor Fiscal 003","zoneamento":"RESIDENCIAL","statusCadastral":"ATIVO","workflowStatus":"PENDENTE","isOfficial":true,"rawProperties":{"cd_identificador":1990640,"cd_identificador_original_lote":8820111,"cd_setor_fiscal":"003","cd_tipo_quadra":"F","tx_tipo_quadra":"FISCAL","cd_quadra_fiscal":"057","cd_subquadra_fiscal":null,"cd_condominio":"00","cd_tipo_lote":"F","tx_tipo_lote":"FISCAL","cd_lote":"0007","cd_situacao":1,"cd_digito_sql":"3","cd_logradouro":"138118","nm_logradouro_completo":"R MEM DE SA","cd_numero_porta":"106","tx_complemento_endereco":"CS 5","tx_situ_lote":"ATIVO","cd_tipo_uso_imovel":"10","dc_tipo_uso_imovel":"Residencial","cd_tipo_terreno_imovel":4,"qt_area_terreno":56,"qt_area_construida":30}}},{"type":"Feature","geometry":{"type":"Polygon","coordinates":[[[-46.619755,-23.405118],[-46.619783,-23.405014],[-46.619843,-23.405006],[-46.619834,-23.405038],[-46.619909,-23.405082],[-46.619965,-23.405073],[-46.619938,-23.4052],[-46.619932,-23.405225],[-46.619837,-23.405651],[-46.619729,-23.405663],[-46.619606,-23.405677],[-46.619623,-23.405612],[-46.619627,-23.405599],[-46.619646,-23.405527],[-46.619669,-23.40544],[-46.61969,-23.405361],[-46.619703,-23.405311],[-46.619711,-23.405282],[-46.61972,-23.405247],[-46.619733,-23.405201],[-46.619739,-23.405177],[-46.619755,-23.405118]]]},"properties":{"sqlu":"SP-003-990895","inscription":"SP-GEOSAMPA-1990895","inscricaoImobiliaria":"SP-IMO-1990895","setor":"003","quadra":"019","lote":"0303","sourceType":"OFFICIAL_IMPORT","mainAddress":"Setor Fiscal 003","zoneamento":"RESIDENCIAL","statusCadastral":"ATIVO","workflowStatus":"PENDENTE","isOfficial":true,"rawProperties":{"cd_identificador":1990895,"cd_identificador_original_lote":8819761,"cd_setor_fiscal":"003","cd_tipo_quadra":"F","tx_tipo_quadra":"FISCAL","cd_quadra_fiscal":"019","cd_subquadra_fiscal":null,"cd_condominio":"00","cd_tipo_lote":"F","tx_tipo_lote":"FISCAL","cd_lote":"0303","cd_situacao":1,"cd_digito_sql":"4","cd_logradouro":"155241","nm_logradouro_completo":"R VISC DE PARNAIBA","cd_numero_porta":"385","tx_complemento_endereco":"401","tx_situ_lote":"ATIVO","cd_tipo_uso_imovel":"50","dc_tipo_uso_imovel":"Não residencial","cd_tipo_terreno_imovel":1,"qt_area_terreno":1417,"qt_area_construida":1637}}},{"type":"Feature","geometry":{"type":"Polygon","coordinates":[[[-46.613342,-23.407163],[-46.613436,-23.407221],[-46.613462,-23.407237],[-46.613499,-23.40726],[-46.61353,-23.407279],[-46.613711,-23.407392],[-46.613651,-23.407479],[-46.61321,-23.4072],[-46.613208,-23.407186],[-46.613205,-23.407172],[-46.613342,-23.407164],[-46.613342,-23.407163]]]},"properties":{"sqlu":"SP-003-990978","inscription":"SP-GEOSAMPA-1990978","inscricaoImobiliaria":"SP-IMO-1990978","setor":"003","quadra":"063","lote":"0025","sourceType":"OFFICIAL_IMPORT","mainAddress":"Setor Fiscal 003","zoneamento":"RESIDENCIAL","statusCadastral":"ATIVO","workflowStatus":"PENDENTE","isOfficial":true,"rawProperties":{"cd_identificador":1990978,"cd_identificador_original_lote":8821263,"cd_setor_fiscal":"003","cd_tipo_quadra":"F","tx_tipo_quadra":"FISCAL","cd_quadra_fiscal":"063","cd_subquadra_fiscal":null,"cd_condominio":"00","cd_tipo_lote":"F","tx_tipo_lote":"FISCAL","cd_lote":"0025","cd_situacao":1,"cd_digito_sql":"7","cd_logradouro":"163589","nm_logradouro_completo":"R PIRATININGA","cd_numero_porta":"1045","tx_complemento_endereco":"E 1049","tx_situ_lote":"ATIVO","cd_tipo_uso_imovel":"40","dc_tipo_uso_imovel":"Não residencial","cd_tipo_terreno_imovel":3,"qt_area_terreno":630,"qt_area_construida":830}}},{"type":"Feature","geometry":{"type":"Polygon","coordinates":[[[-46.613947,-23.406262],[-46.61385,-23.406204],[-46.613873,-23.406172],[-46.613893,-23.406145],[-46.613949,-23.406177],[-46.613991,-23.406202],[-46.613947,-23.406262]]]},"properties":{"sqlu":"SP-003-991098","inscription":"SP-GEOSAMPA-1991098","inscricaoImobiliaria":"SP-IMO-1991098","setor":"003","quadra":"062","lote":"0012","sourceType":"OFFICIAL_IMPORT","mainAddress":"Setor Fiscal 003","zoneamento":"RESIDENCIAL","statusCadastral":"ATIVO","workflowStatus":"PENDENTE","isOfficial":true,"rawProperties":{"cd_identificador":1991098,"cd_identificador_original_lote":8820335,"cd_setor_fiscal":"003","cd_tipo_quadra":"F","tx_tipo_quadra":"FISCAL","cd_quadra_fiscal":"062","cd_subquadra_fiscal":null,"cd_condominio":"00","cd_tipo_lote":"F","tx_tipo_lote":"FISCAL","cd_lote":"0012","cd_situacao":1,"cd_digito_sql":"0","cd_logradouro":"065625","nm_logradouro_completo":"R ERNESTO DE CASTRO","cd_numero_porta":"64","tx_complemento_endereco":"E 68","tx_situ_lote":"ATIVO","cd_tipo_uso_imovel":"12","dc_tipo_uso_imovel":"Residencial","cd_tipo_terreno_imovel":1,"qt_area_terreno":93,"qt_area_construida":220}}},{"type":"Feature","geometry":{"type":"Polygon","coordinates":[[[-46.616506,-23.401132],[-46.616481,-23.401167],[-46.616284,-23.401446],[-46.616242,-23.401421],[-46.616467,-23.401107],[-46.616482,-23.401116],[-46.616506,-23.401132]]]},"properties":{"sqlu":"SP-003-991464","inscription":"SP-GEOSAMPA-1991464","inscricaoImobiliaria":"SP-IMO-1991464","setor":"003","quadra":"020","lote":"0018","sourceType":"OFFICIAL_IMPORT","mainAddress":"Setor Fiscal 003","zoneamento":"RESIDENCIAL","statusCadastral":"ATIVO","workflowStatus":"PENDENTE","isOfficial":true,"rawProperties":{"cd_identificador":1991464,"cd_identificador_original_lote":8821371,"cd_setor_fiscal":"003","cd_tipo_quadra":"F","tx_tipo_quadra":"FISCAL","cd_quadra_fiscal":"020","cd_subquadra_fiscal":null,"cd_condominio":"00","cd_tipo_lote":"F","tx_tipo_lote":"FISCAL","cd_lote":"0018","cd_situacao":1,"cd_digito_sql":"6","cd_logradouro":"166731","nm_logradouro_completo":"R PRUDENTE DE MORAIS","cd_numero_porta":"157","tx_complemento_endereco":null,"tx_situ_lote":"ATIVO","cd_tipo_uso_imovel":"51","dc_tipo_uso_imovel":"Não residencial","cd_tipo_terreno_imovel":1,"qt_area_terreno":209,"qt_area_construida":195}}},{"type":"Feature","geometry":{"type":"Polygon","coordinates":[[[-46.619948,-23.406843],[-46.619914,-23.40659],[-46.619911,-23.406573],[-46.619907,-23.406537],[-46.61993,-23.406534],[-46.619934,-23.406534],[-46.620262,-23.406486],[-46.62029,-23.406882],[-46.62024,-23.406885],[-46.620196,-23.406888],[-46.620065,-23.406896],[-46.619954,-23.406903],[-46.619948,-23.406843]]]},"properties":{"sqlu":"SP-003-991516","inscription":"SP-GEOSAMPA-1991516","inscricaoImobiliaria":"SP-IMO-1991516","setor":"003","quadra":"057","lote":"0040","sourceType":"OFFICIAL_IMPORT","mainAddress":"Setor Fiscal 003","zoneamento":"RESIDENCIAL","statusCadastral":"ATIVO","workflowStatus":"PENDENTE","isOfficial":true,"rawProperties":{"cd_identificador":1991516,"cd_identificador_original_lote":8820113,"cd_setor_fiscal":"003","cd_tipo_quadra":"F","tx_tipo_quadra":"FISCAL","cd_quadra_fiscal":"057","cd_subquadra_fiscal":null,"cd_condominio":"00","cd_tipo_lote":"F","tx_tipo_lote":"FISCAL","cd_lote":"0040","cd_situacao":1,"cd_digito_sql":"5","cd_logradouro":"005436","nm_logradouro_completo":"AV ALCANTARA MACHADO","cd_numero_porta":"360","tx_complemento_endereco":null,"tx_situ_lote":"ATIVO","cd_tipo_uso_imovel":"61","dc_tipo_uso_imovel":"Não residencial","cd_tipo_terreno_imovel":2,"qt_area_terreno":1501,"qt_area_construida":488}}},{"type":"Feature","geometry":{"type":"Polygon","coordinates":[[[-46.618911,-23.401211],[-46.618916,-23.4012],[-46.618939,-23.401151],[-46.61914,-23.401255],[-46.619103,-23.401314],[-46.619067,-23.401295],[-46.618941,-23.401227],[-46.618911,-23.401211]]]},"properties":{"sqlu":"SP-003-991723","inscription":"SP-GEOSAMPA-1991723","inscricaoImobiliaria":"SP-IMO-1991723","setor":"003","quadra":"014","lote":"0177","sourceType":"OFFICIAL_IMPORT","mainAddress":"Setor Fiscal 003","zoneamento":"RESIDENCIAL","statusCadastral":"ATIVO","workflowStatus":"PENDENTE","isOfficial":true,"rawProperties":{"cd_identificador":1991723,"cd_identificador_original_lote":8820606,"cd_setor_fiscal":"003","cd_tipo_quadra":"F","tx_tipo_quadra":"FISCAL","cd_quadra_fiscal":"014","cd_subquadra_fiscal":null,"cd_condominio":"00","cd_tipo_lote":"F","tx_tipo_lote":"FISCAL","cd_lote":"0177","cd_situacao":1,"cd_digito_sql":"2","cd_logradouro":"137960","nm_logradouro_completo":"R MELO BARRETO","cd_numero_porta":"181","tx_complemento_endereco":null,"tx_situ_lote":"ATIVO","cd_tipo_uso_imovel":"14","dc_tipo_uso_imovel":"Residencial","cd_tipo_terreno_imovel":1,"qt_area_terreno":116,"qt_area_construida":160}}},{"type":"Feature","geometry":{"type":"Polygon","coordinates":[[[-46.615578,-23.404393],[-46.615589,-23.404377],[-46.61561,-23.404349],[-46.615817,-23.40447],[-46.615785,-23.404514],[-46.615688,-23.404457],[-46.615637,-23.404427],[-46.615578,-23.404393]]]},"properties":{"sqlu":"SP-003-991624","inscription":"SP-GEOSAMPA-1991624","inscricaoImobiliaria":"SP-IMO-1991624","setor":"003","quadra":"044","lote":"0121","sourceType":"OFFICIAL_IMPORT","mainAddress":"Setor Fiscal 003","zoneamento":"RESIDENCIAL","statusCadastral":"ATIVO","workflowStatus":"PENDENTE","isOfficial":true,"rawProperties":{"cd_identificador":1991624,"cd_identificador_original_lote":8820951,"cd_setor_fiscal":"003","cd_tipo_quadra":"F","tx_tipo_quadra":"FISCAL","cd_quadra_fiscal":"044","cd_subquadra_fiscal":null,"cd_condominio":"00","cd_tipo_lote":"F","tx_tipo_lote":"FISCAL","cd_lote":"0121","cd_situacao":1,"cd_digito_sql":"8","cd_logradouro":"163589","nm_logradouro_completo":"R PIRATININGA","cd_numero_porta":"661","tx_complemento_endereco":null,"tx_situ_lote":"ATIVO","cd_tipo_uso_imovel":"40","dc_tipo_uso_imovel":"Não residencial","cd_tipo_terreno_imovel":1,"qt_area_terreno":144,"qt_area_construida":126}}},{"type":"Feature","geometry":{"type":"Polygon","coordinates":[[[-46.621101,-23.400585],[-46.621168,-23.400617],[-46.621175,-23.400622],[-46.62118,-23.400631],[-46.621181,-23.400639],[-46.621173,-23.400649],[-46.621033,-23.400853],[-46.620928,-23.400801],[-46.620923,-23.400799],[-46.620958,-23.400748],[-46.620979,-23.40076],[-46.621101,-23.400585]]]},"properties":{"sqlu":"SP-003-991573","inscription":"SP-GEOSAMPA-1991573","inscricaoImobiliaria":"SP-IMO-1991573","setor":"003","quadra":"013","lote":"0001","sourceType":"OFFICIAL_IMPORT","mainAddress":"Setor Fiscal 003","zoneamento":"RESIDENCIAL","statusCadastral":"ATIVO","workflowStatus":"PENDENTE","isOfficial":true,"rawProperties":{"cd_identificador":1991573,"cd_identificador_original_lote":8820425,"cd_setor_fiscal":"003","cd_tipo_quadra":"F","tx_tipo_quadra":"FISCAL","cd_quadra_fiscal":"013","cd_subquadra_fiscal":null,"cd_condominio":"00","cd_tipo_lote":"F","tx_tipo_lote":"FISCAL","cd_lote":"0001","cd_situacao":1,"cd_digito_sql":"1","cd_logradouro":"168700","nm_logradouro_completo":"AV RANGEL PESTANA","cd_numero_porta":"1206","tx_complemento_endereco":"E 1210","tx_situ_lote":"ATIVO","cd_tipo_uso_imovel":"40","dc_tipo_uso_imovel":"Não residencial","cd_tipo_terreno_imovel":2,"qt_area_terreno":318,"qt_area_construida":635}}},{"type":"Feature","geometry":{"type":"Polygon","coordinates":[[[-46.623101,-23.402177],[-46.623186,-23.402215],[-46.623228,-23.402234],[-46.623302,-23.402266],[-46.623279,-23.402329],[-46.623042,-23.402235],[-46.623055,-23.402211],[-46.623081,-23.402223],[-46.623101,-23.402177]]]},"properties":{"sqlu":"SP-003-991589","inscription":"SP-GEOSAMPA-1991589","inscricaoImobiliaria":"SP-IMO-1991589","setor":"003","quadra":"011","lote":"0079","sourceType":"OFFICIAL_IMPORT","mainAddress":"Setor Fiscal 003","zoneamento":"RESIDENCIAL","statusCadastral":"ATIVO","workflowStatus":"PENDENTE","isOfficial":true,"rawProperties":{"cd_identificador":1991589,"cd_identificador_original_lote":8820380,"cd_setor_fiscal":"003","cd_tipo_quadra":"F","tx_tipo_quadra":"FISCAL","cd_quadra_fiscal":"011","cd_subquadra_fiscal":null,"cd_condominio":"00","cd_tipo_lote":"F","tx_tipo_lote":"FISCAL","cd_lote":"0079","cd_situacao":1,"cd_digito_sql":"9","cd_logradouro":"069124","nm_logradouro_completo":"R CAP FAUSTINO LIMA","cd_numero_porta":"85","tx_complemento_endereco":null,"tx_situ_lote":"ATIVO","cd_tipo_uso_imovel":"40","dc_tipo_uso_imovel":"Não residencial","cd_tipo_terreno_imovel":1,"qt_area_terreno":130,"qt_area_construida":80}}},{"type":"Feature","geometry":{"type":"Polygon","coordinates":[[[-46.619991,-23.405095],[-46.619995,-23.405068],[-46.620019,-23.405063],[-46.620122,-23.405046],[-46.620298,-23.405015],[-46.620321,-23.405011],[-46.620437,-23.40499],[-46.620668,-23.404949],[-46.620678,-23.405001],[-46.620562,-23.405019],[-46.620557,-23.404994],[-46.620531,-23.404999],[-46.620533,-23.405005],[-46.62052,-23.405007],[-46.620517,-23.404989],[-46.620486,-23.404993],[-46.620488,-23.405012],[-46.620492,-23.405036],[-46.620463,-23.40504],[-46.620459,-23.405016],[-46.620443,-23.405019],[-46.620399,-23.405026],[-46.62037,-23.405032],[-46.620326,-23.405038],[-46.620303,-23.405042],[-46.620158,-23.405063],[-46.620127,-23.405069],[-46.620022,-23.405089],[-46.619991,-23.405095]]]},"properties":{"sqlu":"SP-003-991625","inscription":"SP-GEOSAMPA-1991625","inscricaoImobiliaria":"SP-IMO-1991625","setor":"003","quadra":"019","lote":"0120","sourceType":"OFFICIAL_IMPORT","mainAddress":"Setor Fiscal 003","zoneamento":"RESIDENCIAL","statusCadastral":"ATIVO","workflowStatus":"PENDENTE","isOfficial":true,"rawProperties":{"cd_identificador":1991625,"cd_identificador_original_lote":8819806,"cd_setor_fiscal":"003","cd_tipo_quadra":"F","tx_tipo_quadra":"FISCAL","cd_quadra_fiscal":"019","cd_subquadra_fiscal":null,"cd_condominio":"00","cd_tipo_lote":"F","tx_tipo_lote":"FISCAL","cd_lote":"0120","cd_situacao":1,"cd_digito_sql":"1","cd_logradouro":"044784","nm_logradouro_completo":"R CARNEIRO LEAO","cd_numero_porta":"473","tx_complemento_endereco":"E 477","tx_situ_lote":"ATIVO","cd_tipo_uso_imovel":"14","dc_tipo_uso_imovel":"Residencial","cd_tipo_terreno_imovel":1,"qt_area_terreno":216,"qt_area_construida":249}}},{"type":"Feature","geometry":{"type":"Polygon","coordinates":[[[-46.614262,-23.408011],[-46.614209,-23.408016],[-46.61418,-23.407755],[-46.614234,-23.40775],[-46.614262,-23.408011]]]},"properties":{"sqlu":"SP-003-991745","inscription":"SP-GEOSAMPA-1991745","inscricaoImobiliaria":"SP-IMO-1991745","setor":"003","quadra":"048","lote":"0027","sourceType":"OFFICIAL_IMPORT","mainAddress":"Setor Fiscal 003","zoneamento":"RESIDENCIAL","statusCadastral":"ATIVO","workflowStatus":"PENDENTE","isOfficial":true,"rawProperties":{"cd_identificador":1991745,"cd_identificador_original_lote":8821128,"cd_setor_fiscal":"003","cd_tipo_quadra":"F","tx_tipo_quadra":"FISCAL","cd_quadra_fiscal":"048","cd_subquadra_fiscal":null,"cd_condominio":"00","cd_tipo_lote":"F","tx_tipo_lote":"FISCAL","cd_lote":"0027","cd_situacao":1,"cd_digito_sql":"9","cd_logradouro":"142131","nm_logradouro_completo":"R DA MOOCA","cd_numero_porta":"983","tx_complemento_endereco":null,"tx_situ_lote":"ATIVO","cd_tipo_uso_imovel":"42","dc_tipo_uso_imovel":"Não residencial","cd_tipo_terreno_imovel":1,"qt_area_terreno":150,"qt_area_construida":280}}},{"type":"Feature","geometry":{"type":"Polygon","coordinates":[[[-46.619351,-23.402016],[-46.619336,-23.402039],[-46.619322,-23.402063],[-46.619297,-23.40205],[-46.619239,-23.402019],[-46.619222,-23.40201],[-46.619209,-23.402003],[-46.619237,-23.401956],[-46.619263,-23.40197],[-46.619351,-23.402016]]]},"properties":{"sqlu":"SP-003-992010","inscription":"SP-GEOSAMPA-1992010","inscricaoImobiliaria":"SP-IMO-1992010","setor":"003","quadra":"013","lote":"0050","sourceType":"OFFICIAL_IMPORT","mainAddress":"Setor Fiscal 003","zoneamento":"RESIDENCIAL","statusCadastral":"ATIVO","workflowStatus":"PENDENTE","isOfficial":true,"rawProperties":{"cd_identificador":1992010,"cd_identificador_original_lote":8820432,"cd_setor_fiscal":"003","cd_tipo_quadra":"F","tx_tipo_quadra":"FISCAL","cd_quadra_fiscal":"013","cd_subquadra_fiscal":null,"cd_condominio":"00","cd_tipo_lote":"F","tx_tipo_lote":"FISCAL","cd_lote":"0050","cd_situacao":1,"cd_digito_sql":"1","cd_logradouro":"029769","nm_logradouro_completo":"R PROF BATISTA DE ANDRADE","cd_numero_porta":"242","tx_complemento_endereco":null,"tx_situ_lote":"ATIVO","cd_tipo_uso_imovel":"10","dc_tipo_uso_imovel":"Residencial","cd_tipo_terreno_imovel":1,"qt_area_terreno":83,"qt_area_construida":100}}},{"type":"Feature","geometry":{"type":"Polygon","coordinates":[[[-46.612723,-23.405916],[-46.612708,-23.405885],[-46.612788,-23.405858],[-46.61281,-23.405871],[-46.61286,-23.4059],[-46.612818,-23.405905],[-46.612775,-23.40591],[-46.612723,-23.405916]]]},"properties":{"sqlu":"SP-003-992370","inscription":"SP-GEOSAMPA-1992370","inscricaoImobiliaria":"SP-IMO-1992370","setor":"003","quadra":"062","lote":"0038","sourceType":"OFFICIAL_IMPORT","mainAddress":"Setor Fiscal 003","zoneamento":"RESIDENCIAL","statusCadastral":"ATIVO","workflowStatus":"PENDENTE","isOfficial":true,"rawProperties":{"cd_identificador":1992370,"cd_identificador_original_lote":8820323,"cd_setor_fiscal":"003","cd_tipo_quadra":"F","tx_tipo_quadra":"FISCAL","cd_quadra_fiscal":"062","cd_subquadra_fiscal":null,"cd_condominio":"00","cd_tipo_lote":"F","tx_tipo_lote":"FISCAL","cd_lote":"0038","cd_situacao":1,"cd_digito_sql":"4","cd_logradouro":"076295","nm_logradouro_completo":"R DR FREIRE","cd_numero_porta":"42","tx_complemento_endereco":null,"tx_situ_lote":"ATIVO","cd_tipo_uso_imovel":"10","dc_tipo_uso_imovel":"Residencial","cd_tipo_terreno_imovel":1,"qt_area_terreno":57,"qt_area_construida":93}}},{"type":"Feature","geometry":{"type":"Polygon","coordinates":[[[-46.620327,-23.400491],[-46.620225,-23.400658],[-46.620065,-23.400576],[-46.620169,-23.400404],[-46.620261,-23.400454],[-46.620327,-23.400491]]]},"properties":{"sqlu":"SP-003-992434","inscription":"SP-GEOSAMPA-1992434","inscricaoImobiliaria":"SP-IMO-1992434","setor":"003","quadra":"013","lote":"0015","sourceType":"OFFICIAL_IMPORT","mainAddress":"Setor Fiscal 003","zoneamento":"RESIDENCIAL","statusCadastral":"ATIVO","workflowStatus":"PENDENTE","isOfficial":true,"rawProperties":{"cd_identificador":1992434,"cd_identificador_original_lote":8820477,"cd_setor_fiscal":"003","cd_tipo_quadra":"F","tx_tipo_quadra":"FISCAL","cd_quadra_fiscal":"013","cd_subquadra_fiscal":null,"cd_condominio":"00","cd_tipo_lote":"F","tx_tipo_lote":"FISCAL","cd_lote":"0015","cd_situacao":1,"cd_digito_sql":"1","cd_logradouro":"029769","nm_logradouro_completo":"R PROF BATISTA DE ANDRADE","cd_numero_porta":"44","tx_complemento_endereco":"/64","tx_situ_lote":"ATIVO","cd_tipo_uso_imovel":"40","dc_tipo_uso_imovel":"Não residencial","cd_tipo_terreno_imovel":1,"qt_area_terreno":396,"qt_area_construida":997}}},{"type":"Feature","geometry":{"type":"Polygon","coordinates":[[[-46.629282,-23.40584],[-46.629362,-23.405906],[-46.629532,-23.406049],[-46.629481,-23.406105],[-46.629475,-23.406111],[-46.629299,-23.405971],[-46.629267,-23.405945],[-46.629232,-23.405917],[-46.629217,-23.405905],[-46.629223,-23.4059],[-46.629282,-23.40584]]]},"properties":{"sqlu":"SP-003-992279","inscription":"SP-GEOSAMPA-1992279","inscricaoImobiliaria":"SP-IMO-1992279","setor":"003","quadra":"002","lote":"0000","sourceType":"OFFICIAL_IMPORT","mainAddress":"Setor Fiscal 003","zoneamento":"RESIDENCIAL","statusCadastral":"ATIVO","workflowStatus":"PENDENTE","isOfficial":true,"rawProperties":{"cd_identificador":1992279,"cd_identificador_original_lote":8819982,"cd_setor_fiscal":"003","cd_tipo_quadra":"F","tx_tipo_quadra":"FISCAL","cd_quadra_fiscal":"002","cd_subquadra_fiscal":null,"cd_condominio":"01","cd_tipo_lote":"F","tx_tipo_lote":"FISCAL","cd_lote":"0000","cd_situacao":1,"cd_digito_sql":null,"cd_logradouro":"182109","nm_logradouro_completo":"R SILVEIRA MARTINS","cd_numero_porta":"111 115","tx_complemento_endereco":null,"tx_situ_lote":null,"cd_tipo_uso_imovel":"XX","dc_tipo_uso_imovel":"Condomínio","cd_tipo_terreno_imovel":99,"qt_area_terreno":208,"qt_area_construida":null}}},{"type":"Feature","geometry":{"type":"Polygon","coordinates":[[[-46.616408,-23.39839],[-46.616211,-23.398268],[-46.616343,-23.398085],[-46.616378,-23.398037],[-46.616395,-23.398033],[-46.616421,-23.398042],[-46.61659,-23.398145],[-46.616583,-23.398155],[-46.61655,-23.398199],[-46.616408,-23.39839]]]},"properties":{"sqlu":"SP-003-992364","inscription":"SP-GEOSAMPA-1992364","inscricaoImobiliaria":"SP-IMO-1992364","setor":"003","quadra":"016","lote":"0070","sourceType":"OFFICIAL_IMPORT","mainAddress":"Setor Fiscal 003","zoneamento":"RESIDENCIAL","statusCadastral":"ATIVO","workflowStatus":"PENDENTE","isOfficial":true,"rawProperties":{"cd_identificador":1992364,"cd_identificador_original_lote":8820618,"cd_setor_fiscal":"003","cd_tipo_quadra":"F","tx_tipo_quadra":"FISCAL","cd_quadra_fiscal":"016","cd_subquadra_fiscal":null,"cd_condominio":"00","cd_tipo_lote":"F","tx_tipo_lote":"FISCAL","cd_lote":"0070","cd_situacao":1,"cd_digito_sql":"8","cd_logradouro":"168700","nm_logradouro_completo":"AV RANGEL PESTANA","cd_numero_porta":"S/N","tx_complemento_endereco":null,"tx_situ_lote":"ATIVO","cd_tipo_uso_imovel":"00","dc_tipo_uso_imovel":"Terreno","cd_tipo_terreno_imovel":2,"qt_area_terreno":989,"qt_area_construida":0}}},{"type":"Feature","geometry":{"type":"Polygon","coordinates":[[[-46.620932,-23.407393],[-46.620934,-23.407415],[-46.620811,-23.407421],[-46.620808,-23.407376],[-46.62093,-23.40737],[-46.620932,-23.407393]]]},"properties":{"sqlu":"SP-003-992352","inscription":"SP-GEOSAMPA-1992352","inscricaoImobiliaria":"SP-IMO-1992352","setor":"003","quadra":"055","lote":"0052","sourceType":"OFFICIAL_IMPORT","mainAddress":"Setor Fiscal 003","zoneamento":"RESIDENCIAL","statusCadastral":"ATIVO","workflowStatus":"PENDENTE","isOfficial":true,"rawProperties":{"cd_identificador":1992352,"cd_identificador_original_lote":8820841,"cd_setor_fiscal":"003","cd_tipo_quadra":"F","tx_tipo_quadra":"FISCAL","cd_quadra_fiscal":"055","cd_subquadra_fiscal":null,"cd_condominio":"00","cd_tipo_lote":"F","tx_tipo_lote":"FISCAL","cd_lote":"0052","cd_situacao":1,"cd_digito_sql":"1","cd_logradouro":"142131","nm_logradouro_completo":"R DA MOOCA","cd_numero_porta":"315","tx_complemento_endereco":"CS 6","tx_situ_lote":"ATIVO","cd_tipo_uso_imovel":"10","dc_tipo_uso_imovel":"Residencial","cd_tipo_terreno_imovel":4,"qt_area_terreno":60,"qt_area_construida":90}}},{"type":"Feature","geometry":{"type":"Polygon","coordinates":[[[-46.612814,-23.407595],[-46.612566,-23.407624],[-46.612526,-23.407629],[-46.612524,-23.407615],[-46.612522,-23.407598],[-46.612519,-23.407575],[-46.612547,-23.407572],[-46.612604,-23.407566],[-46.612807,-23.407545],[-46.612814,-23.407595]]]},"properties":{"sqlu":"SP-003-992377","inscription":"SP-GEOSAMPA-1992377","inscricaoImobiliaria":"SP-IMO-1992377","setor":"003","quadra":"065","lote":"0026","sourceType":"OFFICIAL_IMPORT","mainAddress":"Setor Fiscal 003","zoneamento":"RESIDENCIAL","statusCadastral":"ATIVO","workflowStatus":"PENDENTE","isOfficial":true,"rawProperties":{"cd_identificador":1992377,"cd_identificador_original_lote":8821297,"cd_setor_fiscal":"003","cd_tipo_quadra":"F","tx_tipo_quadra":"FISCAL","cd_quadra_fiscal":"065","cd_subquadra_fiscal":null,"cd_condominio":"00","cd_tipo_lote":"F","tx_tipo_lote":"FISCAL","cd_lote":"0026","cd_situacao":1,"cd_digito_sql":"4","cd_logradouro":"076295","nm_logradouro_completo":"R DR FREIRE","cd_numero_porta":"225","tx_complemento_endereco":null,"tx_situ_lote":"ATIVO","cd_tipo_uso_imovel":"10","dc_tipo_uso_imovel":"Residencial","cd_tipo_terreno_imovel":1,"qt_area_terreno":180,"qt_area_construida":232}}},{"type":"Feature","geometry":{"type":"Polygon","coordinates":[[[-46.628372,-23.404626],[-46.628276,-23.404977],[-46.628173,-23.405154],[-46.62816,-23.405146],[-46.628107,-23.405112],[-46.628013,-23.405051],[-46.627969,-23.405022],[-46.627955,-23.405011],[-46.627936,-23.405013],[-46.627796,-23.405031],[-46.62778,-23.404789],[-46.627777,-23.404676],[-46.627789,-23.404633],[-46.627799,-23.404601],[-46.627843,-23.40455],[-46.62791,-23.404484],[-46.627964,-23.404429],[-46.628075,-23.404502],[-46.628081,-23.404505],[-46.628127,-23.404526],[-46.628244,-23.404571],[-46.628372,-23.404626]]]},"properties":{"sqlu":"SP-003-992629","inscription":"SP-GEOSAMPA-1992629","inscricaoImobiliaria":"SP-IMO-1992629","setor":"003","quadra":"003","lote":"0140","sourceType":"OFFICIAL_IMPORT","mainAddress":"Setor Fiscal 003","zoneamento":"RESIDENCIAL","statusCadastral":"ATIVO","workflowStatus":"PENDENTE","isOfficial":true,"rawProperties":{"cd_identificador":1992629,"cd_identificador_original_lote":8820749,"cd_setor_fiscal":"003","cd_tipo_quadra":"F","tx_tipo_quadra":"FISCAL","cd_quadra_fiscal":"003","cd_subquadra_fiscal":null,"cd_condominio":"00","cd_tipo_lote":"F","tx_tipo_lote":"FISCAL","cd_lote":"0140","cd_situacao":1,"cd_digito_sql":"5","cd_logradouro":"076104","nm_logradouro_completo":"R FREDERICO ALVARENGA","cd_numero_porta":"S/N","tx_complemento_endereco":null,"tx_situ_lote":"ATIVO","cd_tipo_uso_imovel":"00","dc_tipo_uso_imovel":"Terreno","cd_tipo_terreno_imovel":1,"qt_area_terreno":3274,"qt_area_construida":0}}},{"type":"Feature","geometry":{"type":"Polygon","coordinates":[[[-46.623008,-23.406481],[-46.623047,-23.406478],[-46.623049,-23.406487],[-46.623073,-23.406606],[-46.623074,-23.406612],[-46.623102,-23.406744],[-46.623054,-23.406747],[-46.623023,-23.406599],[-46.623002,-23.406503],[-46.622998,-23.406482],[-46.623008,-23.406481]]]},"properties":{"sqlu":"SP-003-992701","inscription":"SP-GEOSAMPA-1992701","inscricaoImobiliaria":"SP-IMO-1992701","setor":"003","quadra":"033","lote":"0018","sourceType":"OFFICIAL_IMPORT","mainAddress":"Setor Fiscal 003","zoneamento":"RESIDENCIAL","statusCadastral":"ATIVO","workflowStatus":"PENDENTE","isOfficial":true,"rawProperties":{"cd_identificador":1992701,"cd_identificador_original_lote":8821216,"cd_setor_fiscal":"003","cd_tipo_quadra":"F","tx_tipo_quadra":"FISCAL","cd_quadra_fiscal":"033","cd_subquadra_fiscal":null,"cd_condominio":"00","cd_tipo_lote":"F","tx_tipo_lote":"FISCAL","cd_lote":"0018","cd_situacao":1,"cd_digito_sql":"3","cd_logradouro":"032425","nm_logradouro_completo":"R CEL BENTO PIRES","cd_numero_porta":"61","tx_complemento_endereco":"63","tx_situ_lote":"ATIVO","cd_tipo_uso_imovel":"31","dc_tipo_uso_imovel":"Não residencial","cd_tipo_terreno_imovel":1,"qt_area_terreno":150,"qt_area_construida":242}}},{"type":"Feature","geometry":{"type":"Polygon","coordinates":[[[-46.622842,-23.406906],[-46.623098,-23.406886],[-46.623138,-23.407142],[-46.6231,-23.407147],[-46.623049,-23.407152],[-46.622898,-23.407169],[-46.622888,-23.407123],[-46.622865,-23.407012],[-46.62286,-23.40699],[-46.622842,-23.406906]]]},"properties":{"sqlu":"SP-003-993004","inscription":"SP-GEOSAMPA-1993004","inscricaoImobiliaria":"SP-IMO-1993004","setor":"003","quadra":"034","lote":"0023","sourceType":"OFFICIAL_IMPORT","mainAddress":"Setor Fiscal 003","zoneamento":"RESIDENCIAL","statusCadastral":"ATIVO","workflowStatus":"PENDENTE","isOfficial":true,"rawProperties":{"cd_identificador":1993004,"cd_identificador_original_lote":8820786,"cd_setor_fiscal":"003","cd_tipo_quadra":"F","tx_tipo_quadra":"FISCAL","cd_quadra_fiscal":"034","cd_subquadra_fiscal":null,"cd_condominio":"00","cd_tipo_lote":"F","tx_tipo_lote":"FISCAL","cd_lote":"0023","cd_situacao":1,"cd_digito_sql":"4","cd_logradouro":"032425","nm_logradouro_completo":"R CEL BENTO PIRES","cd_numero_porta":"64","tx_complemento_endereco":"E 76","tx_situ_lote":"ATIVO","cd_tipo_uso_imovel":"42","dc_tipo_uso_imovel":"Não residencial","cd_tipo_terreno_imovel":1,"qt_area_terreno":745,"qt_area_construida":1329}}},{"type":"Feature","geometry":{"type":"Polygon","coordinates":[[[-46.620637,-23.401695],[-46.620668,-23.40165],[-46.620919,-23.401748],[-46.620888,-23.401813],[-46.620861,-23.4018],[-46.620848,-23.401794],[-46.620809,-23.401776],[-46.620637,-23.401695]]]},"properties":{"sqlu":"SP-003-992854","inscription":"SP-GEOSAMPA-1992854","inscricaoImobiliaria":"SP-IMO-1992854","setor":"003","quadra":"019","lote":"0008","sourceType":"OFFICIAL_IMPORT","mainAddress":"Setor Fiscal 003","zoneamento":"RESIDENCIAL","statusCadastral":"ATIVO","workflowStatus":"PENDENTE","isOfficial":true,"rawProperties":{"cd_identificador":1992854,"cd_identificador_original_lote":8819827,"cd_setor_fiscal":"003","cd_tipo_quadra":"F","tx_tipo_quadra":"FISCAL","cd_quadra_fiscal":"019","cd_subquadra_fiscal":null,"cd_condominio":"00","cd_tipo_lote":"F","tx_tipo_lote":"FISCAL","cd_lote":"0008","cd_situacao":1,"cd_digito_sql":"6","cd_logradouro":"038261","nm_logradouro_completo":"R CAETANO PINTO","cd_numero_porta":"144","tx_complemento_endereco":"E 148","tx_situ_lote":"ATIVO","cd_tipo_uso_imovel":"91","dc_tipo_uso_imovel":null,"cd_tipo_terreno_imovel":1,"qt_area_terreno":204,"qt_area_construida":160}}},{"type":"Feature","geometry":{"type":"Polygon","coordinates":[[[-46.618728,-23.405776],[-46.618623,-23.405788],[-46.618656,-23.405187],[-46.618693,-23.40518],[-46.618695,-23.405169],[-46.618759,-23.405161],[-46.618753,-23.405285],[-46.618751,-23.405309],[-46.618728,-23.405776]]]},"properties":{"sqlu":"SP-003-992855","inscription":"SP-GEOSAMPA-1992855","inscricaoImobiliaria":"SP-IMO-1992855","setor":"003","quadra":"019","lote":"0203","sourceType":"OFFICIAL_IMPORT","mainAddress":"Setor Fiscal 003","zoneamento":"RESIDENCIAL","statusCadastral":"ATIVO","workflowStatus":"PENDENTE","isOfficial":true,"rawProperties":{"cd_identificador":1992855,"cd_identificador_original_lote":8819782,"cd_setor_fiscal":"003","cd_tipo_quadra":"F","tx_tipo_quadra":"FISCAL","cd_quadra_fiscal":"019","cd_subquadra_fiscal":null,"cd_condominio":"00","cd_tipo_lote":"F","tx_tipo_lote":"FISCAL","cd_lote":"0203","cd_situacao":1,"cd_digito_sql":"8","cd_logradouro":"155241","nm_logradouro_completo":"R VISC DE PARNAIBA","cd_numero_porta":"499","tx_complemento_endereco":null,"tx_situ_lote":"ATIVO","cd_tipo_uso_imovel":"51","dc_tipo_uso_imovel":"Não residencial","cd_tipo_terreno_imovel":1,"qt_area_terreno":762,"qt_area_construida":2520}}},{"type":"Feature","geometry":{"type":"Polygon","coordinates":[[[-46.618724,-23.401935],[-46.618702,-23.401971],[-46.618596,-23.40214],[-46.618512,-23.402274],[-46.618416,-23.402414],[-46.61841,-23.402417],[-46.618399,-23.402419],[-46.618392,-23.40242],[-46.61803,-23.402331],[-46.617717,-23.402257],[-46.617703,-23.402252],[-46.617695,-23.402248],[-46.617686,-23.402244],[-46.61768,-23.402238],[-46.617676,-23.402232],[-46.617672,-23.402224],[-46.61767,-23.402214],[-46.61767,-23.402206],[-46.617672,-23.402197],[-46.617678,-23.402189],[-46.617799,-23.402018],[-46.617955,-23.401803],[-46.618039,-23.40168],[-46.618094,-23.401608],[-46.618113,-23.40158],[-46.61818,-23.401621],[-46.618269,-23.401675],[-46.618584,-23.401866],[-46.618688,-23.401917],[-46.618724,-23.401935]]]},"properties":{"sqlu":"SP-003-993293","inscription":"SP-GEOSAMPA-1993293","inscricaoImobiliaria":"SP-IMO-1993293","setor":"003","quadra":"014","lote":"0000","sourceType":"OFFICIAL_IMPORT","mainAddress":"Setor Fiscal 003","zoneamento":"RESIDENCIAL","statusCadastral":"ATIVO","workflowStatus":"PENDENTE","isOfficial":true,"rawProperties":{"cd_identificador":1993293,"cd_identificador_original_lote":8820596,"cd_setor_fiscal":"003","cd_tipo_quadra":"F","tx_tipo_quadra":"FISCAL","cd_quadra_fiscal":"014","cd_subquadra_fiscal":null,"cd_condominio":"03","cd_tipo_lote":"F","tx_tipo_lote":"FISCAL","cd_lote":"0000","cd_situacao":1,"cd_digito_sql":null,"cd_logradouro":"163589","nm_logradouro_completo":"R PIRATININGA","cd_numero_porta":"270","tx_complemento_endereco":null,"tx_situ_lote":null,"cd_tipo_uso_imovel":"XX","dc_tipo_uso_imovel":"Condomínio","cd_tipo_terreno_imovel":99,"qt_area_terreno":5567,"qt_area_construida":null}}},{"type":"Feature","geometry":{"type":"Polygon","coordinates":[[[-46.614556,-23.407726],[-46.614689,-23.407718],[-46.614692,-23.407752],[-46.614656,-23.407754],[-46.614559,-23.40776],[-46.614556,-23.407726]]]},"properties":{"sqlu":"SP-003-993486","inscription":"SP-GEOSAMPA-1993486","inscricaoImobiliaria":"SP-IMO-1993486","setor":"003","quadra":"048","lote":"0045","sourceType":"OFFICIAL_IMPORT","mainAddress":"Setor Fiscal 003","zoneamento":"RESIDENCIAL","statusCadastral":"ATIVO","workflowStatus":"PENDENTE","isOfficial":true,"rawProperties":{"cd_identificador":1993486,"cd_identificador_original_lote":8821172,"cd_setor_fiscal":"003","cd_tipo_quadra":"F","tx_tipo_quadra":"FISCAL","cd_quadra_fiscal":"048","cd_subquadra_fiscal":null,"cd_condominio":"00","cd_tipo_lote":"F","tx_tipo_lote":"FISCAL","cd_lote":"0045","cd_situacao":1,"cd_digito_sql":"7","cd_logradouro":"443077","nm_logradouro_completo":"TV VITALIANO BINDO","cd_numero_porta":"3","tx_complemento_endereco":null,"tx_situ_lote":"ATIVO","cd_tipo_uso_imovel":"10","dc_tipo_uso_imovel":"Residencial","cd_tipo_terreno_imovel":1,"qt_area_terreno":50,"qt_area_construida":40}}},{"type":"Feature","geometry":{"type":"Polygon","coordinates":[[[-46.614686,-23.407682],[-46.614682,-23.407648],[-46.614679,-23.407621],[-46.614679,-23.407612],[-46.614677,-23.407598],[-46.614675,-23.407577],[-46.614672,-23.407543],[-46.614668,-23.407507],[-46.614719,-23.407503],[-46.614818,-23.407494],[-46.614855,-23.40749],[-46.614871,-23.407648],[-46.614875,-23.407686],[-46.614879,-23.407727],[-46.614887,-23.407804],[-46.614898,-23.407918],[-46.614902,-23.407957],[-46.614857,-23.40796],[-46.614714,-23.407972],[-46.614697,-23.407798],[-46.614694,-23.407771],[-46.614692,-23.407752],[-46.614689,-23.407718],[-46.614686,-23.407682]]]},"properties":{"sqlu":"SP-003-993623","inscription":"SP-GEOSAMPA-1993623","inscricaoImobiliaria":"SP-IMO-1993623","setor":"003","quadra":"048","lote":"0050","sourceType":"OFFICIAL_IMPORT","mainAddress":"Setor Fiscal 003","zoneamento":"RESIDENCIAL","statusCadastral":"ATIVO","workflowStatus":"PENDENTE","isOfficial":true,"rawProperties":{"cd_identificador":1993623,"cd_identificador_original_lote":8821149,"cd_setor_fiscal":"003","cd_tipo_quadra":"F","tx_tipo_quadra":"FISCAL","cd_quadra_fiscal":"048","cd_subquadra_fiscal":null,"cd_condominio":"00","cd_tipo_lote":"F","tx_tipo_lote":"FISCAL","cd_lote":"0050","cd_situacao":1,"cd_digito_sql":"3","cd_logradouro":"142131","nm_logradouro_completo":"R DA MOOCA","cd_numero_porta":"927","tx_complemento_endereco":null,"tx_situ_lote":"ATIVO","cd_tipo_uso_imovel":"51","dc_tipo_uso_imovel":"Não residencial","cd_tipo_terreno_imovel":3,"qt_area_terreno":1009,"qt_area_construida":860}}},{"type":"Feature","geometry":{"type":"Polygon","coordinates":[[[-46.615326,-23.405141],[-46.615244,-23.405092],[-46.615217,-23.405076],[-46.615166,-23.405046],[-46.615136,-23.405029],[-46.615079,-23.404995],[-46.615135,-23.404913],[-46.615172,-23.404858],[-46.615187,-23.404837],[-46.615231,-23.404862],[-46.615247,-23.404872],[-46.615316,-23.404912],[-46.61533,-23.40492],[-46.61535,-23.404932],[-46.615354,-23.404934],[-46.615439,-23.404984],[-46.615383,-23.405062],[-46.615326,-23.405141]]]},"properties":{"sqlu":"SP-003-993605","inscription":"SP-GEOSAMPA-1993605","inscricaoImobiliaria":"SP-IMO-1993605","setor":"003","quadra":"044","lote":"0131","sourceType":"OFFICIAL_IMPORT","mainAddress":"Setor Fiscal 003","zoneamento":"RESIDENCIAL","statusCadastral":"ATIVO","workflowStatus":"PENDENTE","isOfficial":true,"rawProperties":{"cd_identificador":1993605,"cd_identificador_original_lote":8820975,"cd_setor_fiscal":"003","cd_tipo_quadra":"F","tx_tipo_quadra":"FISCAL","cd_quadra_fiscal":"044","cd_subquadra_fiscal":null,"cd_condominio":"00","cd_tipo_lote":"F","tx_tipo_lote":"FISCAL","cd_lote":"0131","cd_situacao":1,"cd_digito_sql":"5","cd_logradouro":"163589","nm_logradouro_completo":"R PIRATININGA","cd_numero_porta":"727","tx_complemento_endereco":"731 735 739 E 74","tx_situ_lote":"ATIVO","cd_tipo_uso_imovel":"22","dc_tipo_uso_imovel":"Residencial","cd_tipo_terreno_imovel":1,"qt_area_terreno":561,"qt_area_construida":1500}}},{"type":"Feature","geometry":{"type":"Polygon","coordinates":[[[-46.622699,-23.40512],[-46.622667,-23.405123],[-46.622663,-23.405061],[-46.622656,-23.40497],[-46.622653,-23.40493],[-46.622712,-23.404929],[-46.622725,-23.405118],[-46.622699,-23.40512]]]},"properties":{"sqlu":"SP-003-994039","inscription":"SP-GEOSAMPA-1994039","inscricaoImobiliaria":"SP-IMO-1994039","setor":"003","quadra":"021","lote":"0004","sourceType":"OFFICIAL_IMPORT","mainAddress":"Setor Fiscal 003","zoneamento":"RESIDENCIAL","statusCadastral":"ATIVO","workflowStatus":"PENDENTE","isOfficial":true,"rawProperties":{"cd_identificador":1994039,"cd_identificador_original_lote":8821397,"cd_setor_fiscal":"003","cd_tipo_quadra":"F","tx_tipo_quadra":"FISCAL","cd_quadra_fiscal":"021","cd_subquadra_fiscal":null,"cd_condominio":"00","cd_tipo_lote":"F","tx_tipo_lote":"FISCAL","cd_lote":"0004","cd_situacao":1,"cd_digito_sql":"0","cd_logradouro":"026670","nm_logradouro_completo":"R AZEVEDO JUNIOR","cd_numero_porta":"96","tx_complemento_endereco":null,"tx_situ_lote":"ATIVO","cd_tipo_uso_imovel":"10","dc_tipo_uso_imovel":"Residencial","cd_tipo_terreno_imovel":1,"qt_area_terreno":119,"qt_area_construida":180}}},{"type":"Feature","geometry":{"type":"Polygon","coordinates":[[[-46.622699,-23.40512],[-46.622725,-23.405118],[-46.622746,-23.405117],[-46.622753,-23.405153],[-46.622774,-23.405153],[-46.622822,-23.405374],[-46.622752,-23.40538],[-46.622699,-23.40512]]]},"properties":{"sqlu":"SP-003-994040","inscription":"SP-GEOSAMPA-1994040","inscricaoImobiliaria":"SP-IMO-1994040","setor":"003","quadra":"021","lote":"0027","sourceType":"OFFICIAL_IMPORT","mainAddress":"Setor Fiscal 003","zoneamento":"RESIDENCIAL","statusCadastral":"ATIVO","workflowStatus":"PENDENTE","isOfficial":true,"rawProperties":{"cd_identificador":1994040,"cd_identificador_original_lote":8821411,"cd_setor_fiscal":"003","cd_tipo_quadra":"F","tx_tipo_quadra":"FISCAL","cd_quadra_fiscal":"021","cd_subquadra_fiscal":null,"cd_condominio":"00","cd_tipo_lote":"F","tx_tipo_lote":"FISCAL","cd_lote":"0027","cd_situacao":1,"cd_digito_sql":"1","cd_logradouro":"155241","nm_logradouro_completo":"R VISC DE PARNAIBA","cd_numero_porta":"79","tx_complemento_endereco":null,"tx_situ_lote":"ATIVO","cd_tipo_uso_imovel":"43","dc_tipo_uso_imovel":"Não residencial","cd_tipo_terreno_imovel":1,"qt_area_terreno":150,"qt_area_construida":300}}},{"type":"Feature","geometry":{"type":"Polygon","coordinates":[[[-46.622699,-23.40512],[-46.622752,-23.40538],[-46.622657,-23.405389],[-46.622564,-23.405398],[-46.622507,-23.405135],[-46.622541,-23.405132],[-46.622597,-23.405128],[-46.622602,-23.405128],[-46.62266,-23.405123],[-46.622667,-23.405123],[-46.622699,-23.40512]]]},"properties":{"sqlu":"SP-003-994041","inscription":"SP-GEOSAMPA-1994041","inscricaoImobiliaria":"SP-IMO-1994041","setor":"003","quadra":"021","lote":"0026","sourceType":"OFFICIAL_IMPORT","mainAddress":"Setor Fiscal 003","zoneamento":"RESIDENCIAL","statusCadastral":"ATIVO","workflowStatus":"PENDENTE","isOfficial":true,"rawProperties":{"cd_identificador":1994041,"cd_identificador_original_lote":8821413,"cd_setor_fiscal":"003","cd_tipo_quadra":"F","tx_tipo_quadra":"FISCAL","cd_quadra_fiscal":"021","cd_subquadra_fiscal":null,"cd_condominio":"00","cd_tipo_lote":"F","tx_tipo_lote":"FISCAL","cd_lote":"0026","cd_situacao":1,"cd_digito_sql":"1","cd_logradouro":"155241","nm_logradouro_completo":"R VISC DE PARNAIBA","cd_numero_porta":"89","tx_complemento_endereco":"E 99","tx_situ_lote":"ATIVO","cd_tipo_uso_imovel":"40","dc_tipo_uso_imovel":"Não residencial","cd_tipo_terreno_imovel":1,"qt_area_terreno":590,"qt_area_construida":500}}},{"type":"Feature","geometry":{"type":"Polygon","coordinates":[[[-46.621564,-23.401593],[-46.621618,-23.401613],[-46.621648,-23.401623],[-46.621698,-23.401641],[-46.621749,-23.40166],[-46.621738,-23.401676],[-46.621724,-23.401696],[-46.621551,-23.401633],[-46.621564,-23.401593]]]},"properties":{"sqlu":"SP-003-993991","inscription":"SP-GEOSAMPA-1993991","inscricaoImobiliaria":"SP-IMO-1993991","setor":"003","quadra":"011","lote":"0000","sourceType":"OFFICIAL_IMPORT","mainAddress":"Setor Fiscal 003","zoneamento":"RESIDENCIAL","statusCadastral":"ATIVO","workflowStatus":"PENDENTE","isOfficial":true,"rawProperties":{"cd_identificador":1993991,"cd_identificador_original_lote":8820398,"cd_setor_fiscal":"003","cd_tipo_quadra":"F","tx_tipo_quadra":"FISCAL","cd_quadra_fiscal":"011","cd_subquadra_fiscal":null,"cd_condominio":"01","cd_tipo_lote":"F","tx_tipo_lote":"FISCAL","cd_lote":"0000","cd_situacao":1,"cd_digito_sql":null,"cd_logradouro":"044784","nm_logradouro_completo":"R CARNEIRO LEAO","cd_numero_porta":"82 84","tx_complemento_endereco":null,"tx_situ_lote":null,"cd_tipo_uso_imovel":"XX","dc_tipo_uso_imovel":"Condomínio","cd_tipo_terreno_imovel":99,"qt_area_terreno":96,"qt_area_construida":null}}},{"type":"Feature","geometry":{"type":"Polygon","coordinates":[[[-46.621564,-23.401593],[-46.621577,-23.401553],[-46.621774,-23.401626],[-46.621749,-23.40166],[-46.621698,-23.401641],[-46.621648,-23.401623],[-46.621618,-23.401613],[-46.621564,-23.401593]]]},"properties":{"sqlu":"SP-003-993992","inscription":"SP-GEOSAMPA-1993992","inscricaoImobiliaria":"SP-IMO-1993992","setor":"003","quadra":"011","lote":"0044","sourceType":"OFFICIAL_IMPORT","mainAddress":"Setor Fiscal 003","zoneamento":"RESIDENCIAL","statusCadastral":"ATIVO","workflowStatus":"PENDENTE","isOfficial":true,"rawProperties":{"cd_identificador":1993992,"cd_identificador_original_lote":8820399,"cd_setor_fiscal":"003","cd_tipo_quadra":"F","tx_tipo_quadra":"FISCAL","cd_quadra_fiscal":"011","cd_subquadra_fiscal":null,"cd_condominio":"00","cd_tipo_lote":"F","tx_tipo_lote":"FISCAL","cd_lote":"0044","cd_situacao":1,"cd_digito_sql":"6","cd_logradouro":"044784","nm_logradouro_completo":"R CARNEIRO LEAO","cd_numero_porta":"78","tx_complemento_endereco":"E 80","tx_situ_lote":"ATIVO","cd_tipo_uso_imovel":"31","dc_tipo_uso_imovel":"Não residencial","cd_tipo_terreno_imovel":1,"qt_area_terreno":139,"qt_area_construida":280}}},{"type":"Feature","geometry":{"type":"Polygon","coordinates":[[[-46.616147,-23.404814],[-46.616163,-23.404791],[-46.616174,-23.404775],[-46.616255,-23.404657],[-46.616289,-23.404677],[-46.616209,-23.404796],[-46.616183,-23.404835],[-46.616173,-23.404829],[-46.616147,-23.404814]]]},"properties":{"sqlu":"SP-003-993900","inscription":"SP-GEOSAMPA-1993900","inscricaoImobiliaria":"SP-IMO-1993900","setor":"003","quadra":"041","lote":"0032","sourceType":"OFFICIAL_IMPORT","mainAddress":"Setor Fiscal 003","zoneamento":"RESIDENCIAL","statusCadastral":"ATIVO","workflowStatus":"PENDENTE","isOfficial":true,"rawProperties":{"cd_identificador":1993900,"cd_identificador_original_lote":8820127,"cd_setor_fiscal":"003","cd_tipo_quadra":"F","tx_tipo_quadra":"FISCAL","cd_quadra_fiscal":"041","cd_subquadra_fiscal":null,"cd_condominio":"00","cd_tipo_lote":"F","tx_tipo_lote":"FISCAL","cd_lote":"0032","cd_situacao":1,"cd_digito_sql":"3","cd_logradouro":"154571","nm_logradouro_completo":"R PARANA","cd_numero_porta":"206","tx_complemento_endereco":"E 208","tx_situ_lote":"ATIVO","cd_tipo_uso_imovel":"12","dc_tipo_uso_imovel":"Residencial","cd_tipo_terreno_imovel":1,"qt_area_terreno":100,"qt_area_construida":150}}},{"type":"Feature","geometry":{"type":"Polygon","coordinates":[[[-46.61969,-23.405361],[-46.619669,-23.40544],[-46.619607,-23.405426],[-46.619626,-23.405347],[-46.619681,-23.405359],[-46.61969,-23.405361]]]},"properties":{"sqlu":"SP-003-993836","inscription":"SP-GEOSAMPA-1993836","inscricaoImobiliaria":"SP-IMO-1993836","setor":"003","quadra":"019","lote":"0087","sourceType":"OFFICIAL_IMPORT","mainAddress":"Setor Fiscal 003","zoneamento":"RESIDENCIAL","statusCadastral":"ATIVO","workflowStatus":"PENDENTE","isOfficial":true,"rawProperties":{"cd_identificador":1993836,"cd_identificador_original_lote":8819765,"cd_setor_fiscal":"003","cd_tipo_quadra":"F","tx_tipo_quadra":"FISCAL","cd_quadra_fiscal":"019","cd_subquadra_fiscal":null,"cd_condominio":"00","cd_tipo_lote":"F","tx_tipo_lote":"FISCAL","cd_lote":"0087","cd_situacao":1,"cd_digito_sql":"6","cd_logradouro":"414212","nm_logradouro_completo":"TVP SEM DENOMINACAO (BRS)","cd_numero_porta":"3","tx_complemento_endereco":"ALTURA DO N 413","tx_situ_lote":"ATIVO","cd_tipo_uso_imovel":"10","dc_tipo_uso_imovel":"Residencial","cd_tipo_terreno_imovel":1,"qt_area_terreno":60,"qt_area_construida":50}}},{"type":"Feature","geometry":{"type":"Polygon","coordinates":[[[-46.61969,-23.405361],[-46.619681,-23.405359],[-46.619626,-23.405347],[-46.619646,-23.405268],[-46.619711,-23.405282],[-46.619703,-23.405311],[-46.61969,-23.405361]]]},"properties":{"sqlu":"SP-003-993837","inscription":"SP-GEOSAMPA-1993837","inscricaoImobiliaria":"SP-IMO-1993837","setor":"003","quadra":"019","lote":"0088","sourceType":"OFFICIAL_IMPORT","mainAddress":"Setor Fiscal 003","zoneamento":"RESIDENCIAL","statusCadastral":"ATIVO","workflowStatus":"PENDENTE","isOfficial":true,"rawProperties":{"cd_identificador":1993837,"cd_identificador_original_lote":8819766,"cd_setor_fiscal":"003","cd_tipo_quadra":"F","tx_tipo_quadra":"FISCAL","cd_quadra_fiscal":"019","cd_subquadra_fiscal":null,"cd_condominio":"00","cd_tipo_lote":"F","tx_tipo_lote":"FISCAL","cd_lote":"0088","cd_situacao":1,"cd_digito_sql":"4","cd_logradouro":"414212","nm_logradouro_completo":"TVP SEM DENOMINACAO (BRS)","cd_numero_porta":"4","tx_complemento_endereco":"ALTURA DO N 413","tx_situ_lote":"ATIVO","cd_tipo_uso_imovel":"10","dc_tipo_uso_imovel":"Residencial","cd_tipo_terreno_imovel":1,"qt_area_terreno":60,"qt_area_construida":50}}},{"type":"Feature","geometry":{"type":"Polygon","coordinates":[[[-46.617637,-23.407541],[-46.617631,-23.40763],[-46.617626,-23.40763],[-46.617625,-23.407644],[-46.617581,-23.407646],[-46.617585,-23.407543],[-46.617637,-23.407541]]]},"properties":{"sqlu":"SP-003-994194","inscription":"SP-GEOSAMPA-1994194","inscricaoImobiliaria":"SP-IMO-1994194","setor":"003","quadra":"045","lote":"0006","sourceType":"OFFICIAL_IMPORT","mainAddress":"Setor Fiscal 003","zoneamento":"RESIDENCIAL","statusCadastral":"ATIVO","workflowStatus":"PENDENTE","isOfficial":true,"rawProperties":{"cd_identificador":1994194,"cd_identificador_original_lote":8821251,"cd_setor_fiscal":"003","cd_tipo_quadra":"F","tx_tipo_quadra":"FISCAL","cd_quadra_fiscal":"045","cd_subquadra_fiscal":null,"cd_condominio":"00","cd_tipo_lote":"F","tx_tipo_lote":"FISCAL","cd_lote":"0006","cd_situacao":1,"cd_digito_sql":"2","cd_logradouro":"050733","nm_logradouro_completo":"VP DOS CIENTISTAS","cd_numero_porta":"15","tx_complemento_endereco":null,"tx_situ_lote":"ATIVO","cd_tipo_uso_imovel":"10","dc_tipo_uso_imovel":"Residencial","cd_tipo_terreno_imovel":1,"qt_area_terreno":52,"qt_area_construida":40}}}]}