{"type":"FeatureCollection","features":[{"type":"Feature","geometry":{"type":"Polygon","coordinates":[[[-45.028482,-23.534994],[-45.028482,-23.535078],[-45.028481,-23.535075],[-45.028481,-23.535073],[-45.028481,-23.535003],[-45.028481,-23.53499],[-45.028482,-23.534994]]]},"properties":{"sqlu":"SP-005-027777","inscription":"SP-GEOSAMPA-2027777","inscricaoImobiliaria":"SP-IMO-2027777","setor":"005","quadra":"045","lote":"0023","sourceType":"OFFICIAL_IMPORT","mainAddress":"Setor Fiscal 005","zoneamento":"RESIDENCIAL","statusCadastral":"ATIVO","workflowStatus":"PENDENTE","isOfficial":true,"rawProperties":{"cd_identificador":2027777,"cd_identificador_original_lote":8892059,"cd_setor_fiscal":"005","cd_tipo_quadra":"F","tx_tipo_quadra":"FISCAL","cd_quadra_fiscal":"045","cd_subquadra_fiscal":null,"cd_condominio":"00","cd_tipo_lote":"F","tx_tipo_lote":"FISCAL","cd_lote":"0023","cd_situacao":1,"cd_digito_sql":"6","cd_logradouro":"190500","nm_logradouro_completo":"R DR TOMAS DE LIMA","cd_numero_porta":"102","tx_complemento_endereco":null,"tx_situ_lote":"ATIVO","cd_tipo_uso_imovel":"80","dc_tipo_uso_imovel":"Não residencial","cd_tipo_terreno_imovel":2,"qt_area_terreno":64,"qt_area_construida":100}}},{"type":"Feature","geometry":{"type":"Polygon","coordinates":[[[-45.028551,-23.532705],[-45.02855,-23.532698],[-45.02855,-23.532816],[-45.028548,-23.532787],[-45.028547,-23.532781],[-45.028547,-23.532705],[-45.028547,-23.532543],[-45.028547,-23.532487],[-45.028547,-23.532456],[-45.028547,-23.532458],[-45.028549,-23.532499],[-45.028549,-23.532512],[-45.02855,-23.532528],[-45.02855,-23.532547],[-45.028551,-23.532568],[-45.028551,-23.532591],[-45.028551,-23.532615],[-45.028551,-23.532641],[-45.028551,-23.532661],[-45.028551,-23.532671],[-45.028551,-23.532705]]]},"properties":{"sqlu":"SP-005-775509","inscription":"SP-GEOSAMPA-6775509","inscricaoImobiliaria":"SP-IMO-6775509","setor":"005","quadra":"029","lote":"0228","sourceType":"OFFICIAL_IMPORT","mainAddress":"Setor Fiscal 005","zoneamento":"RESIDENCIAL","statusCadastral":"ATIVO","workflowStatus":"PENDENTE","isOfficial":true,"rawProperties":{"cd_identificador":6775509,"cd_identificador_original_lote":10631479,"cd_setor_fiscal":"005","cd_tipo_quadra":"F","tx_tipo_quadra":"FISCAL","cd_quadra_fiscal":"029","cd_subquadra_fiscal":null,"cd_condominio":"00","cd_tipo_lote":"F","tx_tipo_lote":"FISCAL","cd_lote":"0228","cd_situacao":1,"cd_digito_sql":"0","cd_logradouro":"156353","nm_logradouro_completo":"VD DONA PAULINA","cd_numero_porta":"S/N","tx_complemento_endereco":null,"tx_situ_lote":"ATIVO","cd_tipo_uso_imovel":"00","dc_tipo_uso_imovel":"Terreno","cd_tipo_terreno_imovel":2,"qt_area_terreno":737,"qt_area_construida":0}}},{"type":"Feature","geometry":{"type":"Polygon","coordinates":[[[-45.028598,-23.535348],[-45.028597,-23.535382],[-45.028596,-23.535419],[-45.028595,-23.53543],[-45.028595,-23.535402],[-45.028594,-23.535275],[-45.028593,-23.535181],[-45.028596,-23.535101],[-45.028599,-23.535003],[-45.0286,-23.535124],[-45.028601,-23.535217],[-45.028602,-23.535254],[-45.0286,-23.535311],[-45.028598,-23.535348]]]},"properties":{"sqlu":"SP-005-390229","inscription":"SP-GEOSAMPA-5390229","inscricaoImobiliaria":"SP-IMO-5390229","setor":"005","quadra":"035","lote":"0000","sourceType":"OFFICIAL_IMPORT","mainAddress":"Setor Fiscal 005","zoneamento":"RESIDENCIAL","statusCadastral":"ATIVO","workflowStatus":"PENDENTE","isOfficial":true,"rawProperties":{"cd_identificador":5390229,"cd_identificador_original_lote":10125870,"cd_setor_fiscal":"005","cd_tipo_quadra":"F","tx_tipo_quadra":"FISCAL","cd_quadra_fiscal":"035","cd_subquadra_fiscal":null,"cd_condominio":"10","cd_tipo_lote":"F","tx_tipo_lote":"FISCAL","cd_lote":"0000","cd_situacao":1,"cd_digito_sql":null,"cd_logradouro":"121657","nm_logradouro_completo":"AV BRIG LUIS ANTONIO","cd_numero_porta":"499","tx_complemento_endereco":null,"tx_situ_lote":null,"cd_tipo_uso_imovel":"XX","dc_tipo_uso_imovel":"Condomínio","cd_tipo_terreno_imovel":99,"qt_area_terreno":1312,"qt_area_construida":null}}},{"type":"Feature","geometry":{"type":"Polygon","coordinates":[[[-45.028548,-23.532787],[-45.02855,-23.532816],[-45.02855,-23.532698],[-45.028551,-23.532705],[-45.028551,-23.533103],[-45.028551,-23.533113],[-45.028546,-23.533127],[-45.028543,-23.533139],[-45.028543,-23.533119],[-45.028542,-23.532811],[-45.028546,-23.532857],[-45.028547,-23.53287],[-45.028548,-23.532787]]]},"properties":{"sqlu":"SP-005-775251","inscription":"SP-GEOSAMPA-6775251","inscricaoImobiliaria":"SP-IMO-6775251","setor":"005","quadra":"029","lote":"0227","sourceType":"OFFICIAL_IMPORT","mainAddress":"Setor Fiscal 005","zoneamento":"RESIDENCIAL","statusCadastral":"ATIVO","workflowStatus":"PENDENTE","isOfficial":true,"rawProperties":{"cd_identificador":6775251,"cd_identificador_original_lote":10631477,"cd_setor_fiscal":"005","cd_tipo_quadra":"F","tx_tipo_quadra":"FISCAL","cd_quadra_fiscal":"029","cd_subquadra_fiscal":null,"cd_condominio":"00","cd_tipo_lote":"F","tx_tipo_lote":"FISCAL","cd_lote":"0227","cd_situacao":1,"cd_digito_sql":"2","cd_logradouro":"024155","nm_logradouro_completo":"R ASSEMBLEIA","cd_numero_porta":"2","tx_complemento_endereco":null,"tx_situ_lote":"ATIVO","cd_tipo_uso_imovel":"62","dc_tipo_uso_imovel":"Não residencial","cd_tipo_terreno_imovel":2,"qt_area_terreno":1675,"qt_area_construida":560}}},{"type":"Feature","geometry":{"type":"Polygon","coordinates":[[[-45.02849,-23.53566],[-45.028489,-23.535657],[-45.028489,-23.535377],[-45.028489,-23.535345],[-45.02849,-23.535347],[-45.02849,-23.535349],[-45.02849,-23.535391],[-45.02849,-23.535498],[-45.02849,-23.535518],[-45.02849,-23.53566]]]},"properties":{"sqlu":"SP-005-027759","inscription":"SP-GEOSAMPA-2027759","inscricaoImobiliaria":"SP-IMO-2027759","setor":"005","quadra":"045","lote":"0011","sourceType":"OFFICIAL_IMPORT","mainAddress":"Setor Fiscal 005","zoneamento":"RESIDENCIAL","statusCadastral":"ATIVO","workflowStatus":"PENDENTE","isOfficial":true,"rawProperties":{"cd_identificador":2027759,"cd_identificador_original_lote":8892044,"cd_setor_fiscal":"005","cd_tipo_quadra":"F","tx_tipo_quadra":"FISCAL","cd_quadra_fiscal":"045","cd_subquadra_fiscal":null,"cd_condominio":"00","cd_tipo_lote":"F","tx_tipo_lote":"FISCAL","cd_lote":"0011","cd_situacao":1,"cd_digito_sql":"2","cd_logradouro":"067083","nm_logradouro_completo":"R DOS ESTUDANTES","cd_numero_porta":"269","tx_complemento_endereco":null,"tx_situ_lote":"ATIVO","cd_tipo_uso_imovel":"10","dc_tipo_uso_imovel":"Residencial","cd_tipo_terreno_imovel":1,"qt_area_terreno":175,"qt_area_construida":100}}},{"type":"Feature","geometry":{"type":"Polygon","coordinates":[[[-45.028532,-23.539812],[-45.028533,-23.539672],[-45.028535,-23.539684],[-45.028539,-23.539702],[-45.02854,-23.539749],[-45.028539,-23.539756],[-45.028539,-23.539814],[-45.028539,-23.539837],[-45.028538,-23.539834],[-45.028538,-23.539834],[-45.028532,-23.539812]]]},"properties":{"sqlu":"SP-005-640225","inscription":"SP-GEOSAMPA-6640225","inscricaoImobiliaria":"SP-IMO-6640225","setor":"005","quadra":"068","lote":"0000","sourceType":"OFFICIAL_IMPORT","mainAddress":"Setor Fiscal 005","zoneamento":"RESIDENCIAL","statusCadastral":"ATIVO","workflowStatus":"PENDENTE","isOfficial":true,"rawProperties":{"cd_identificador":6640225,"cd_identificador_original_lote":10574242,"cd_setor_fiscal":"005","cd_tipo_quadra":"F","tx_tipo_quadra":"FISCAL","cd_quadra_fiscal":"068","cd_subquadra_fiscal":null,"cd_condominio":"07","cd_tipo_lote":"F","tx_tipo_lote":"FISCAL","cd_lote":"0000","cd_situacao":1,"cd_digito_sql":null,"cd_logradouro":"077330","nm_logradouro_completo":"R GALVAO BUENO","cd_numero_porta":"430","tx_complemento_endereco":null,"tx_situ_lote":null,"cd_tipo_uso_imovel":"XX","dc_tipo_uso_imovel":"Condomínio","cd_tipo_terreno_imovel":99,"qt_area_terreno":620,"qt_area_construida":null}}},{"type":"Feature","geometry":{"type":"Polygon","coordinates":[[[-45.02861,-23.532822],[-45.028611,-23.53282],[-45.028613,-23.532818],[-45.028613,-23.533105],[-45.028608,-23.533239],[-45.028608,-23.533189],[-45.028607,-23.533127],[-45.028607,-23.533116],[-45.028608,-23.533097],[-45.028608,-23.533083],[-45.028608,-23.533029],[-45.028608,-23.532955],[-45.028608,-23.532883],[-45.028607,-23.532825],[-45.028609,-23.532823],[-45.02861,-23.532822]]]},"properties":{"sqlu":"SP-005-794121","inscription":"SP-GEOSAMPA-4794121","inscricaoImobiliaria":"SP-IMO-4794121","setor":"005","quadra":"023","lote":"0000","sourceType":"OFFICIAL_IMPORT","mainAddress":"Setor Fiscal 005","zoneamento":"RESIDENCIAL","statusCadastral":"ATIVO","workflowStatus":"PENDENTE","isOfficial":true,"rawProperties":{"cd_identificador":4794121,"cd_identificador_original_lote":9917295,"cd_setor_fiscal":"005","cd_tipo_quadra":"F","tx_tipo_quadra":"FISCAL","cd_quadra_fiscal":"023","cd_subquadra_fiscal":null,"cd_condominio":"11","cd_tipo_lote":"F","tx_tipo_lote":"FISCAL","cd_lote":"0000","cd_situacao":1,"cd_digito_sql":null,"cd_logradouro":"078530","nm_logradouro_completo":"R GENEBRA","cd_numero_porta":"197","tx_complemento_endereco":null,"tx_situ_lote":null,"cd_tipo_uso_imovel":"XX","dc_tipo_uso_imovel":"Condomínio","cd_tipo_terreno_imovel":99,"qt_area_terreno":1151,"qt_area_construida":null}}},{"type":"Feature","geometry":{"type":"Polygon","coordinates":[[[-45.028453,-23.535628],[-45.028454,-23.535631],[-45.028454,-23.535837],[-45.028453,-23.535835],[-45.028453,-23.535628]]]},"properties":{"sqlu":"SP-005-957378","inscription":"SP-GEOSAMPA-1957378","inscricaoImobiliaria":"SP-IMO-1957378","setor":"005","quadra":"090","lote":"0017","sourceType":"OFFICIAL_IMPORT","mainAddress":"Setor Fiscal 005","zoneamento":"RESIDENCIAL","statusCadastral":"ATIVO","workflowStatus":"PENDENTE","isOfficial":true,"rawProperties":{"cd_identificador":1957378,"cd_identificador_original_lote":8890870,"cd_setor_fiscal":"005","cd_tipo_quadra":"F","tx_tipo_quadra":"FISCAL","cd_quadra_fiscal":"090","cd_subquadra_fiscal":null,"cd_condominio":"00","cd_tipo_lote":"F","tx_tipo_lote":"FISCAL","cd_lote":"0017","cd_situacao":1,"cd_digito_sql":"7","cd_logradouro":"067083","nm_logradouro_completo":"R DOS ESTUDANTES","cd_numero_porta":"480","tx_complemento_endereco":null,"tx_situ_lote":"ATIVO","cd_tipo_uso_imovel":"31","dc_tipo_uso_imovel":"Não residencial","cd_tipo_terreno_imovel":1,"qt_area_terreno":235,"qt_area_construida":120}}},{"type":"Feature","geometry":{"type":"Polygon","coordinates":[[[-45.028602,-23.537079],[-45.028603,-23.537138],[-45.028596,-23.537286],[-45.028596,-23.537247],[-45.028596,-23.537231],[-45.028596,-23.537213],[-45.028598,-23.537185],[-45.028601,-23.537119],[-45.028602,-23.537079]]]},"properties":{"sqlu":"SP-005-957562","inscription":"SP-GEOSAMPA-1957562","inscricaoImobiliaria":"SP-IMO-1957562","setor":"005","quadra":"048","lote":"0053","sourceType":"OFFICIAL_IMPORT","mainAddress":"Setor Fiscal 005","zoneamento":"RESIDENCIAL","statusCadastral":"ATIVO","workflowStatus":"PENDENTE","isOfficial":true,"rawProperties":{"cd_identificador":1957562,"cd_identificador_original_lote":8891392,"cd_setor_fiscal":"005","cd_tipo_quadra":"F","tx_tipo_quadra":"FISCAL","cd_quadra_fiscal":"048","cd_subquadra_fiscal":null,"cd_condominio":"00","cd_tipo_lote":"F","tx_tipo_lote":"FISCAL","cd_lote":"0053","cd_situacao":1,"cd_digito_sql":"1","cd_logradouro":"178128","nm_logradouro_completo":"R CD DE SAO JOAQUIM","cd_numero_porta":"108","tx_complemento_endereco":null,"tx_situ_lote":"ATIVO","cd_tipo_uso_imovel":"14","dc_tipo_uso_imovel":"Residencial","cd_tipo_terreno_imovel":1,"qt_area_terreno":286,"qt_area_construida":426}}},{"type":"Feature","geometry":{"type":"Polygon","coordinates":[[[-45.028597,-23.533046],[-45.028595,-23.533109],[-45.028594,-23.53307],[-45.028594,-23.533031],[-45.028593,-23.532995],[-45.028593,-23.532917],[-45.028596,-23.532831],[-45.028598,-23.532788],[-45.028599,-23.532978],[-45.028598,-23.533005],[-45.028598,-23.533019],[-45.028597,-23.533046]]]},"properties":{"sqlu":"SP-005-770549","inscription":"SP-GEOSAMPA-6770549","inscricaoImobiliaria":"SP-IMO-6770549","setor":"005","quadra":"024","lote":"0000","sourceType":"OFFICIAL_IMPORT","mainAddress":"Setor Fiscal 005","zoneamento":"RESIDENCIAL","statusCadastral":"ATIVO","workflowStatus":"PENDENTE","isOfficial":true,"rawProperties":{"cd_identificador":6770549,"cd_identificador_original_lote":10574241,"cd_setor_fiscal":"005","cd_tipo_quadra":"F","tx_tipo_quadra":"FISCAL","cd_quadra_fiscal":"024","cd_subquadra_fiscal":null,"cd_condominio":"09","cd_tipo_lote":"F","tx_tipo_lote":"FISCAL","cd_lote":"0000","cd_situacao":1,"cd_digito_sql":null,"cd_logradouro":"073296","nm_logradouro_completo":"R FRANCISCA MIQUELINA","cd_numero_porta":"67","tx_complemento_endereco":null,"tx_situ_lote":null,"cd_tipo_uso_imovel":"XX","dc_tipo_uso_imovel":"Condomínio","cd_tipo_terreno_imovel":99,"qt_area_terreno":759,"qt_area_construida":null}}},{"type":"Feature","geometry":{"type":"Polygon","coordinates":[[[-45.028443,-23.535277],[-45.028443,-23.535276],[-45.028443,-23.535275],[-45.028444,-23.535473],[-45.028443,-23.535471],[-45.028443,-23.535468],[-45.028443,-23.535389],[-45.028443,-23.535359],[-45.028443,-23.535298],[-45.028443,-23.535277]]]},"properties":{"sqlu":"SP-005-957582","inscription":"SP-GEOSAMPA-1957582","inscricaoImobiliaria":"SP-IMO-1957582","setor":"005","quadra":"046","lote":"0065","sourceType":"OFFICIAL_IMPORT","mainAddress":"Setor Fiscal 005","zoneamento":"RESIDENCIAL","statusCadastral":"ATIVO","workflowStatus":"PENDENTE","isOfficial":true,"rawProperties":{"cd_identificador":1957582,"cd_identificador_original_lote":8891303,"cd_setor_fiscal":"005","cd_tipo_quadra":"F","tx_tipo_quadra":"FISCAL","cd_quadra_fiscal":"046","cd_subquadra_fiscal":null,"cd_condominio":"00","cd_tipo_lote":"F","tx_tipo_lote":"FISCAL","cd_lote":"0065","cd_situacao":1,"cd_digito_sql":"6","cd_logradouro":"067083","nm_logradouro_completo":"R DOS ESTUDANTES","cd_numero_porta":"539","tx_complemento_endereco":null,"tx_situ_lote":"ATIVO","cd_tipo_uso_imovel":"10","dc_tipo_uso_imovel":"Residencial","cd_tipo_terreno_imovel":1,"qt_area_terreno":115,"qt_area_construida":60}}},{"type":"Feature","geometry":{"type":"Polygon","coordinates":[[[-45.028443,-23.535277],[-45.028443,-23.535298],[-45.028443,-23.535359],[-45.028443,-23.535389],[-45.028443,-23.535468],[-45.028442,-23.535465],[-45.028442,-23.535279],[-45.028442,-23.535278],[-45.028443,-23.535277]]]},"properties":{"sqlu":"SP-005-957583","inscription":"SP-GEOSAMPA-1957583","inscricaoImobiliaria":"SP-IMO-1957583","setor":"005","quadra":"046","lote":"0066","sourceType":"OFFICIAL_IMPORT","mainAddress":"Setor Fiscal 005","zoneamento":"RESIDENCIAL","statusCadastral":"ATIVO","workflowStatus":"PENDENTE","isOfficial":true,"rawProperties":{"cd_identificador":1957583,"cd_identificador_original_lote":8891304,"cd_setor_fiscal":"005","cd_tipo_quadra":"F","tx_tipo_quadra":"FISCAL","cd_quadra_fiscal":"046","cd_subquadra_fiscal":null,"cd_condominio":"00","cd_tipo_lote":"F","tx_tipo_lote":"FISCAL","cd_lote":"0066","cd_situacao":1,"cd_digito_sql":"4","cd_logradouro":"067083","nm_logradouro_completo":"R DOS ESTUDANTES","cd_numero_porta":"547","tx_complemento_endereco":null,"tx_situ_lote":"ATIVO","cd_tipo_uso_imovel":"10","dc_tipo_uso_imovel":"Residencial","cd_tipo_terreno_imovel":1,"qt_area_terreno":76,"qt_area_construida":50}}},{"type":"Feature","geometry":{"type":"Polygon","coordinates":[[[-45.028415,-23.532924],[-45.028415,-23.53265],[-45.028415,-23.532579],[-45.028415,-23.532566],[-45.028419,-23.532586],[-45.028419,-23.532595],[-45.028419,-23.5326],[-45.028419,-23.532948],[-45.028418,-23.532995],[-45.028418,-23.532987],[-45.028417,-23.532971],[-45.028416,-23.532941],[-45.028415,-23.532924]]]},"properties":{"sqlu":"SP-005-771403","inscription":"SP-GEOSAMPA-6771403","inscricaoImobiliaria":"SP-IMO-6771403","setor":"005","quadra":"076","lote":"0000","sourceType":"OFFICIAL_IMPORT","mainAddress":"Setor Fiscal 005","zoneamento":"RESIDENCIAL","statusCadastral":"ATIVO","workflowStatus":"PENDENTE","isOfficial":true,"rawProperties":{"cd_identificador":6771403,"cd_identificador_original_lote":10625090,"cd_setor_fiscal":"005","cd_tipo_quadra":"F","tx_tipo_quadra":"FISCAL","cd_quadra_fiscal":"076","cd_subquadra_fiscal":null,"cd_condominio":"24","cd_tipo_lote":"F","tx_tipo_lote":"FISCAL","cd_lote":"0000","cd_situacao":1,"cd_digito_sql":null,"cd_logradouro":"185566","nm_logradouro_completo":"R TABATINGUERA","cd_numero_porta":"462","tx_complemento_endereco":null,"tx_situ_lote":null,"cd_tipo_uso_imovel":"XX","dc_tipo_uso_imovel":"Condomínio","cd_tipo_terreno_imovel":99,"qt_area_terreno":979,"qt_area_construida":null}}},{"type":"Feature","geometry":{"type":"Polygon","coordinates":[[[-45.028461,-23.535259],[-45.028461,-23.535359],[-45.028461,-23.535541],[-45.028459,-23.535534],[-45.028459,-23.53516],[-45.028459,-23.534951],[-45.028459,-23.534944],[-45.028461,-23.534927],[-45.028461,-23.535259]]]},"properties":{"sqlu":"SP-005-957657","inscription":"SP-GEOSAMPA-1957657","inscricaoImobiliaria":"SP-IMO-1957657","setor":"005","quadra":"046","lote":"0055","sourceType":"OFFICIAL_IMPORT","mainAddress":"Setor Fiscal 005","zoneamento":"RESIDENCIAL","statusCadastral":"ATIVO","workflowStatus":"PENDENTE","isOfficial":true,"rawProperties":{"cd_identificador":1957657,"cd_identificador_original_lote":8891347,"cd_setor_fiscal":"005","cd_tipo_quadra":"F","tx_tipo_quadra":"FISCAL","cd_quadra_fiscal":"046","cd_subquadra_fiscal":null,"cd_condominio":"00","cd_tipo_lote":"F","tx_tipo_lote":"FISCAL","cd_lote":"0055","cd_situacao":1,"cd_digito_sql":"9","cd_logradouro":"067083","nm_logradouro_completo":"R DOS ESTUDANTES","cd_numero_porta":"443","tx_complemento_endereco":"445","tx_situ_lote":"ATIVO","cd_tipo_uso_imovel":"60","dc_tipo_uso_imovel":"Não residencial","cd_tipo_terreno_imovel":1,"qt_area_terreno":684,"qt_area_construida":522}}},{"type":"Feature","geometry":{"type":"Polygon","coordinates":[[[-45.028582,-23.531768],[-45.028582,-23.5318],[-45.028582,-23.531805],[-45.028582,-23.531807],[-45.028582,-23.531807],[-45.028582,-23.531805],[-45.028582,-23.531803],[-45.028581,-23.531798],[-45.028581,-23.531751],[-45.028581,-23.531697],[-45.02858,-23.531644],[-45.02858,-23.531582],[-45.028581,-23.531601],[-45.028581,-23.531558],[-45.028583,-23.531592],[-45.028583,-23.531682],[-45.028582,-23.531726],[-45.028582,-23.531768]]]},"properties":{"sqlu":"SP-005-772053","inscription":"SP-GEOSAMPA-6772053","inscricaoImobiliaria":"SP-IMO-6772053","setor":"005","quadra":"074","lote":"0000","sourceType":"OFFICIAL_IMPORT","mainAddress":"Setor Fiscal 005","zoneamento":"RESIDENCIAL","statusCadastral":"ATIVO","workflowStatus":"PENDENTE","isOfficial":true,"rawProperties":{"cd_identificador":6772053,"cd_identificador_original_lote":10627170,"cd_setor_fiscal":"005","cd_tipo_quadra":"F","tx_tipo_quadra":"FISCAL","cd_quadra_fiscal":"074","cd_subquadra_fiscal":null,"cd_condominio":"02","cd_tipo_lote":"F","tx_tipo_lote":"FISCAL","cd_lote":"0000","cd_situacao":1,"cd_digito_sql":null,"cd_logradouro":"023981","nm_logradouro_completo":"R ASDRUBAL DO NASCIMENTO","cd_numero_porta":"215","tx_complemento_endereco":null,"tx_situ_lote":null,"cd_tipo_uso_imovel":"XX","dc_tipo_uso_imovel":"Condomínio","cd_tipo_terreno_imovel":99,"qt_area_terreno":300,"qt_area_construida":null}}},{"type":"Feature","geometry":{"type":"Polygon","coordinates":[[[-45.028541,-23.53084],[-45.028544,-23.530785],[-45.028545,-23.530849],[-45.028542,-23.530901],[-45.028541,-23.53084]]]},"properties":{"sqlu":"SP-005-480301","inscription":"SP-GEOSAMPA-2480301","inscricaoImobiliaria":"SP-IMO-2480301","setor":"005","quadra":"020","lote":"0000","sourceType":"OFFICIAL_IMPORT","mainAddress":"Setor Fiscal 005","zoneamento":"RESIDENCIAL","statusCadastral":"ATIVO","workflowStatus":"PENDENTE","isOfficial":true,"rawProperties":{"cd_identificador":2480301,"cd_identificador_original_lote":9078014,"cd_setor_fiscal":"005","cd_tipo_quadra":"F","tx_tipo_quadra":"FISCAL","cd_quadra_fiscal":"020","cd_subquadra_fiscal":null,"cd_condominio":"07","cd_tipo_lote":"F","tx_tipo_lote":"FISCAL","cd_lote":"0000","cd_situacao":1,"cd_digito_sql":null,"cd_logradouro":"069337","nm_logradouro_completo":"R SEN FEIJO","cd_numero_porta":"115","tx_complemento_endereco":null,"tx_situ_lote":null,"cd_tipo_uso_imovel":"XX","dc_tipo_uso_imovel":"Condomínio","cd_tipo_terreno_imovel":99,"qt_area_terreno":127,"qt_area_construida":null}}},{"type":"Feature","geometry":{"type":"Polygon","coordinates":[[[-45.028443,-23.534733],[-45.028443,-23.534671],[-45.028443,-23.534609],[-45.028443,-23.534608],[-45.028444,-23.534592],[-45.028445,-23.534799],[-45.028444,-23.534808],[-45.028443,-23.534733]]]},"properties":{"sqlu":"SP-005-214517","inscription":"SP-GEOSAMPA-7214517","inscricaoImobiliaria":"SP-IMO-7214517","setor":"005","quadra":"046","lote":"0117","sourceType":"OFFICIAL_IMPORT","mainAddress":"Setor Fiscal 005","zoneamento":"RESIDENCIAL","statusCadastral":"ATIVO","workflowStatus":"PENDENTE","isOfficial":true,"rawProperties":{"cd_identificador":7214517,"cd_identificador_original_lote":8891276,"cd_setor_fiscal":"005","cd_tipo_quadra":"F","tx_tipo_quadra":"FISCAL","cd_quadra_fiscal":"046","cd_subquadra_fiscal":null,"cd_condominio":"00","cd_tipo_lote":"F","tx_tipo_lote":"FISCAL","cd_lote":"0117","cd_situacao":1,"cd_digito_sql":"2","cd_logradouro":"178640","nm_logradouro_completo":"R CD DE SARZEDAS","cd_numero_porta":"336","tx_complemento_endereco":null,"tx_situ_lote":"ATIVO","cd_tipo_uso_imovel":"64","dc_tipo_uso_imovel":"Não residencial","cd_tipo_terreno_imovel":1,"qt_area_terreno":176,"qt_area_construida":196}}},{"type":"Feature","geometry":{"type":"Polygon","coordinates":[[[-45.028531,-23.531108],[-45.028532,-23.531146],[-45.028532,-23.531159],[-45.028531,-23.531178],[-45.028528,-23.53122],[-45.028528,-23.531233],[-45.028526,-23.531272],[-45.028525,-23.531182],[-45.028525,-23.53117],[-45.028525,-23.531161],[-45.028527,-23.531124],[-45.028531,-23.531042],[-45.028531,-23.531092],[-45.028531,-23.531108]]]},"properties":{"sqlu":"SP-005-771520","inscription":"SP-GEOSAMPA-6771520","inscricaoImobiliaria":"SP-IMO-6771520","setor":"005","quadra":"022","lote":"0000","sourceType":"OFFICIAL_IMPORT","mainAddress":"Setor Fiscal 005","zoneamento":"RESIDENCIAL","statusCadastral":"ATIVO","workflowStatus":"PENDENTE","isOfficial":true,"rawProperties":{"cd_identificador":6771520,"cd_identificador_original_lote":10625089,"cd_setor_fiscal":"005","cd_tipo_quadra":"F","tx_tipo_quadra":"FISCAL","cd_quadra_fiscal":"022","cd_subquadra_fiscal":null,"cd_condominio":"06","cd_tipo_lote":"F","tx_tipo_lote":"FISCAL","cd_lote":"0000","cd_situacao":1,"cd_digito_sql":null,"cd_logradouro":"069337","nm_logradouro_completo":"R SEN FEIJO","cd_numero_porta":"19 29 41","tx_complemento_endereco":null,"tx_situ_lote":null,"cd_tipo_uso_imovel":"XX","dc_tipo_uso_imovel":"Condomínio","cd_tipo_terreno_imovel":99,"qt_area_terreno":500,"qt_area_construida":null}}},{"type":"Feature","geometry":{"type":"Polygon","coordinates":[[[-45.028607,-23.537277],[-45.028609,-23.537398],[-45.028609,-23.537436],[-45.028607,-23.537538],[-45.028605,-23.537613],[-45.028604,-23.537639],[-45.0286,-23.537811],[-45.0286,-23.5378],[-45.028598,-23.537569],[-45.028597,-23.537449],[-45.028602,-23.537346],[-45.028604,-23.537308],[-45.028604,-23.537306],[-45.028605,-23.537291],[-45.028606,-23.537264],[-45.028606,-23.537263],[-45.028607,-23.537277]]]},"properties":{"sqlu":"SP-005-793977","inscription":"SP-GEOSAMPA-4793977","inscricaoImobiliaria":"SP-IMO-4793977","setor":"005","quadra":"048","lote":"0000","sourceType":"OFFICIAL_IMPORT","mainAddress":"Setor Fiscal 005","zoneamento":"RESIDENCIAL","statusCadastral":"ATIVO","workflowStatus":"PENDENTE","isOfficial":true,"rawProperties":{"cd_identificador":4793977,"cd_identificador_original_lote":9917140,"cd_setor_fiscal":"005","cd_tipo_quadra":"F","tx_tipo_quadra":"FISCAL","cd_quadra_fiscal":"048","cd_subquadra_fiscal":null,"cd_condominio":"11","cd_tipo_lote":"F","tx_tipo_lote":"FISCAL","cd_lote":"0000","cd_situacao":1,"cd_digito_sql":null,"cd_logradouro":"178128","nm_logradouro_completo":"R CD DE SAO JOAQUIM","cd_numero_porta":"140","tx_complemento_endereco":null,"tx_situ_lote":null,"cd_tipo_uso_imovel":"XX","dc_tipo_uso_imovel":"Condomínio","cd_tipo_terreno_imovel":99,"qt_area_terreno":2118,"qt_area_construida":null}}},{"type":"Feature","geometry":{"type":"Polygon","coordinates":[[[-45.02853,-23.533839],[-45.028531,-23.533946],[-45.028531,-23.533986],[-45.028531,-23.53404],[-45.028529,-23.534081],[-45.028529,-23.53409],[-45.028528,-23.534103],[-45.028528,-23.53412],[-45.028527,-23.534135],[-45.028527,-23.534139],[-45.028526,-23.534154],[-45.028526,-23.534163],[-45.028526,-23.534135],[-45.028526,-23.534126],[-45.028526,-23.534054],[-45.028526,-23.533993],[-45.028526,-23.533916],[-45.028526,-23.533909],[-45.028527,-23.533887],[-45.028527,-23.533885],[-45.028528,-23.533876],[-45.02853,-23.533839]]]},"properties":{"sqlu":"SP-005-957856","inscription":"SP-GEOSAMPA-1957856","inscricaoImobiliaria":"SP-IMO-1957856","setor":"005","quadra":"039","lote":"0000","sourceType":"OFFICIAL_IMPORT","mainAddress":"Setor Fiscal 005","zoneamento":"RESIDENCIAL","statusCadastral":"ATIVO","workflowStatus":"PENDENTE","isOfficial":true,"rawProperties":{"cd_identificador":1957856,"cd_identificador_original_lote":8891093,"cd_setor_fiscal":"005","cd_tipo_quadra":"F","tx_tipo_quadra":"FISCAL","cd_quadra_fiscal":"039","cd_subquadra_fiscal":null,"cd_condominio":"05","cd_tipo_lote":"F","tx_tipo_lote":"FISCAL","cd_lote":"0000","cd_situacao":1,"cd_digito_sql":null,"cd_logradouro":"118184","nm_logradouro_completo":"AV DA LIBERDADE","cd_numero_porta":"65 73","tx_complemento_endereco":null,"tx_situ_lote":null,"cd_tipo_uso_imovel":"XX","dc_tipo_uso_imovel":"Condomínio","cd_tipo_terreno_imovel":99,"qt_area_terreno":739,"qt_area_construida":null}}},{"type":"Feature","geometry":{"type":"Polygon","coordinates":[[[-45.028506,-23.533711],[-45.028503,-23.53369],[-45.028503,-23.533645],[-45.028507,-23.533666],[-45.028506,-23.533711]]]},"properties":{"sqlu":"SP-005-957928","inscription":"SP-GEOSAMPA-1957928","inscricaoImobiliaria":"SP-IMO-1957928","setor":"005","quadra":"040","lote":"0539","sourceType":"OFFICIAL_IMPORT","mainAddress":"Setor Fiscal 005","zoneamento":"RESIDENCIAL","statusCadastral":"ATIVO","workflowStatus":"PENDENTE","isOfficial":true,"rawProperties":{"cd_identificador":1957928,"cd_identificador_original_lote":8890939,"cd_setor_fiscal":"005","cd_tipo_quadra":"F","tx_tipo_quadra":"FISCAL","cd_quadra_fiscal":"040","cd_subquadra_fiscal":null,"cd_condominio":"00","cd_tipo_lote":"F","tx_tipo_lote":"FISCAL","cd_lote":"0539","cd_situacao":1,"cd_digito_sql":"1","cd_logradouro":"076643","nm_logradouro_completo":"R CONS FURTADO","cd_numero_porta":"56","tx_complemento_endereco":null,"tx_situ_lote":"ATIVO","cd_tipo_uso_imovel":"40","dc_tipo_uso_imovel":"Não residencial","cd_tipo_terreno_imovel":1,"qt_area_terreno":92,"qt_area_construida":69}}},{"type":"Feature","geometry":{"type":"Polygon","coordinates":[[[-45.028446,-23.53595],[-45.028446,-23.535986],[-45.028446,-23.535993],[-45.028444,-23.535984],[-45.028444,-23.535951],[-45.028444,-23.53594],[-45.028446,-23.535948],[-45.028446,-23.53595],[-45.028446,-23.53595]]]},"properties":{"sqlu":"SP-005-958011","inscription":"SP-GEOSAMPA-1958011","inscricaoImobiliaria":"SP-IMO-1958011","setor":"005","quadra":"056","lote":"0010","sourceType":"OFFICIAL_IMPORT","mainAddress":"Setor Fiscal 005","zoneamento":"RESIDENCIAL","statusCadastral":"ATIVO","workflowStatus":"PENDENTE","isOfficial":true,"rawProperties":{"cd_identificador":1958011,"cd_identificador_original_lote":8891856,"cd_setor_fiscal":"005","cd_tipo_quadra":"F","tx_tipo_quadra":"FISCAL","cd_quadra_fiscal":"056","cd_subquadra_fiscal":null,"cd_condominio":"00","cd_tipo_lote":"F","tx_tipo_lote":"FISCAL","cd_lote":"0010","cd_situacao":1,"cd_digito_sql":"2","cd_logradouro":"067105","nm_logradouro_completo":"VL DOS ESTUDANTES","cd_numero_porta":"12","tx_complemento_endereco":null,"tx_situ_lote":"ATIVO","cd_tipo_uso_imovel":"10","dc_tipo_uso_imovel":"Residencial","cd_tipo_terreno_imovel":1,"qt_area_terreno":65,"qt_area_construida":40}}},{"type":"Feature","geometry":{"type":"Polygon","coordinates":[[[-45.028467,-23.535768],[-45.028467,-23.535796],[-45.028467,-23.535821],[-45.028464,-23.535812],[-45.028464,-23.535759],[-45.028466,-23.535764],[-45.028466,-23.535766],[-45.028467,-23.535768]]]},"properties":{"sqlu":"SP-005-958092","inscription":"SP-GEOSAMPA-1958092","inscricaoImobiliaria":"SP-IMO-1958092","setor":"005","quadra":"091","lote":"0009","sourceType":"OFFICIAL_IMPORT","mainAddress":"Setor Fiscal 005","zoneamento":"RESIDENCIAL","statusCadastral":"ATIVO","workflowStatus":"PENDENTE","isOfficial":true,"rawProperties":{"cd_identificador":1958092,"cd_identificador_original_lote":8890306,"cd_setor_fiscal":"005","cd_tipo_quadra":"F","tx_tipo_quadra":"FISCAL","cd_quadra_fiscal":"091","cd_subquadra_fiscal":null,"cd_condominio":"00","cd_tipo_lote":"F","tx_tipo_lote":"FISCAL","cd_lote":"0009","cd_situacao":1,"cd_digito_sql":"0","cd_logradouro":"012190","nm_logradouro_completo":"R EGAS MONIZ DE ARAGAO","cd_numero_porta":"20","tx_complemento_endereco":null,"tx_situ_lote":"ATIVO","cd_tipo_uso_imovel":"10","dc_tipo_uso_imovel":"Residencial","cd_tipo_terreno_imovel":1,"qt_area_terreno":70,"qt_area_construida":50}}},{"type":"Feature","geometry":{"type":"Polygon","coordinates":[[[-45.028595,-23.537872],[-45.028594,-23.5379],[-45.028593,-23.537908],[-45.028593,-23.537869],[-45.028592,-23.537795],[-45.028593,-23.537786],[-45.028594,-23.537751],[-45.028596,-23.537702],[-45.028597,-23.537835],[-45.028596,-23.537854],[-45.028595,-23.537872]]]},"properties":{"sqlu":"SP-005-794093","inscription":"SP-GEOSAMPA-4794093","inscricaoImobiliaria":"SP-IMO-4794093","setor":"005","quadra":"086","lote":"0000","sourceType":"OFFICIAL_IMPORT","mainAddress":"Setor Fiscal 005","zoneamento":"RESIDENCIAL","statusCadastral":"ATIVO","workflowStatus":"PENDENTE","isOfficial":true,"rawProperties":{"cd_identificador":4794093,"cd_identificador_original_lote":9917142,"cd_setor_fiscal":"005","cd_tipo_quadra":"F","tx_tipo_quadra":"FISCAL","cd_quadra_fiscal":"086","cd_subquadra_fiscal":null,"cd_condominio":"04","cd_tipo_lote":"F","tx_tipo_lote":"FISCAL","cd_lote":"0000","cd_situacao":1,"cd_digito_sql":null,"cd_logradouro":"178128","nm_logradouro_completo":"R CD DE SAO JOAQUIM","cd_numero_porta":"159","tx_complemento_endereco":null,"tx_situ_lote":null,"cd_tipo_uso_imovel":"XX","dc_tipo_uso_imovel":"Condomínio","cd_tipo_terreno_imovel":99,"qt_area_terreno":371,"qt_area_construida":null}}},{"type":"Feature","geometry":{"type":"Polygon","coordinates":[[[-45.028525,-23.539363],[-45.028526,-23.539367],[-45.02853,-23.539382],[-45.028531,-23.539385],[-45.028531,-23.539465],[-45.028529,-23.539458],[-45.028528,-23.539453],[-45.028527,-23.53945],[-45.028526,-23.539445],[-45.028526,-23.539444],[-45.028525,-23.539441],[-45.028525,-23.539363]]]},"properties":{"sqlu":"SP-005-822231","inscription":"SP-GEOSAMPA-6822231","inscricaoImobiliaria":"SP-IMO-6822231","setor":"005","quadra":"069","lote":"0073","sourceType":"OFFICIAL_IMPORT","mainAddress":"Setor Fiscal 005","zoneamento":"RESIDENCIAL","statusCadastral":"ATIVO","workflowStatus":"PENDENTE","isOfficial":true,"rawProperties":{"cd_identificador":6822231,"cd_identificador_original_lote":8891421,"cd_setor_fiscal":"005","cd_tipo_quadra":"F","tx_tipo_quadra":"FISCAL","cd_quadra_fiscal":"069","cd_subquadra_fiscal":null,"cd_condominio":"00","cd_tipo_lote":"F","tx_tipo_lote":"FISCAL","cd_lote":"0073","cd_situacao":1,"cd_digito_sql":"8","cd_logradouro":"077330","nm_logradouro_completo":"R GALVAO BUENO","cd_numero_porta":"393","tx_complemento_endereco":"/395","tx_situ_lote":"ATIVO","cd_tipo_uso_imovel":"42","dc_tipo_uso_imovel":"Não residencial","cd_tipo_terreno_imovel":1,"qt_area_terreno":285,"qt_area_construida":771}}},{"type":"Feature","geometry":{"type":"Polygon","coordinates":[[[-45.028491,-23.53444],[-45.028491,-23.534438],[-45.028492,-23.534437],[-45.028493,-23.534413],[-45.028493,-23.534468],[-45.028493,-23.534507],[-45.028492,-23.534504],[-45.028491,-23.53444]]]},"properties":{"sqlu":"SP-005-822239","inscription":"SP-GEOSAMPA-6822239","inscricaoImobiliaria":"SP-IMO-6822239","setor":"005","quadra":"044","lote":"0121","sourceType":"OFFICIAL_IMPORT","mainAddress":"Setor Fiscal 005","zoneamento":"RESIDENCIAL","statusCadastral":"ATIVO","workflowStatus":"PENDENTE","isOfficial":true,"rawProperties":{"cd_identificador":6822239,"cd_identificador_original_lote":10680198,"cd_setor_fiscal":"005","cd_tipo_quadra":"F","tx_tipo_quadra":"FISCAL","cd_quadra_fiscal":"044","cd_subquadra_fiscal":null,"cd_condominio":"00","cd_tipo_lote":"F","tx_tipo_lote":"FISCAL","cd_lote":"0121","cd_situacao":1,"cd_digito_sql":"1","cd_logradouro":"076643","nm_logradouro_completo":"R CONS FURTADO","cd_numero_porta":"151","tx_complemento_endereco":"FDS","tx_situ_lote":"ATIVO","cd_tipo_uso_imovel":"10","dc_tipo_uso_imovel":"Residencial","cd_tipo_terreno_imovel":5,"qt_area_terreno":39,"qt_area_construida":57}}},{"type":"Feature","geometry":{"type":"Polygon","coordinates":[[[-45.028542,-23.531479],[-45.028543,-23.531585],[-45.02854,-23.531655],[-45.02854,-23.531554],[-45.02854,-23.531536],[-45.028542,-23.531479]]]},"properties":{"sqlu":"SP-005-822240","inscription":"SP-GEOSAMPA-6822240","inscricaoImobiliaria":"SP-IMO-6822240","setor":"005","quadra":"025","lote":"0010","sourceType":"OFFICIAL_IMPORT","mainAddress":"Setor Fiscal 005","zoneamento":"RESIDENCIAL","statusCadastral":"ATIVO","workflowStatus":"PENDENTE","isOfficial":true,"rawProperties":{"cd_identificador":6822240,"cd_identificador_original_lote":8892018,"cd_setor_fiscal":"005","cd_tipo_quadra":"F","tx_tipo_quadra":"FISCAL","cd_quadra_fiscal":"025","cd_subquadra_fiscal":null,"cd_condominio":"00","cd_tipo_lote":"F","tx_tipo_lote":"FISCAL","cd_lote":"0010","cd_situacao":1,"cd_digito_sql":"7","cd_logradouro":"103764","nm_logradouro_completo":"PC DR JOAO MENDES","cd_numero_porta":"20","tx_complemento_endereco":null,"tx_situ_lote":"ATIVO","cd_tipo_uso_imovel":"62","dc_tipo_uso_imovel":"Não residencial","cd_tipo_terreno_imovel":2,"qt_area_terreno":199,"qt_area_construida":543}}},{"type":"Feature","geometry":{"type":"Polygon","coordinates":[[[-45.028588,-23.537127],[-45.028589,-23.537125],[-45.028591,-23.537065],[-45.028592,-23.537184],[-45.028593,-23.537266],[-45.028593,-23.537294],[-45.028593,-23.537307],[-45.028591,-23.537329],[-45.028591,-23.53734],[-45.02859,-23.537369],[-45.028589,-23.537325],[-45.028589,-23.537299],[-45.028589,-23.537239],[-45.028588,-23.537127]]]},"properties":{"sqlu":"SP-005-782207","inscription":"SP-GEOSAMPA-6782207","inscricaoImobiliaria":"SP-IMO-6782207","setor":"005","quadra":"086","lote":"0000","sourceType":"OFFICIAL_IMPORT","mainAddress":"Setor Fiscal 005","zoneamento":"RESIDENCIAL","statusCadastral":"ATIVO","workflowStatus":"PENDENTE","isOfficial":true,"rawProperties":{"cd_identificador":6782207,"cd_identificador_original_lote":10641329,"cd_setor_fiscal":"005","cd_tipo_quadra":"F","tx_tipo_quadra":"FISCAL","cd_quadra_fiscal":"086","cd_subquadra_fiscal":null,"cd_condominio":"05","cd_tipo_lote":"F","tx_tipo_lote":"FISCAL","cd_lote":"0000","cd_situacao":1,"cd_digito_sql":null,"cd_logradouro":"178128","nm_logradouro_completo":"R CD DE SAO JOAQUIM","cd_numero_porta":"85","tx_complemento_endereco":null,"tx_situ_lote":null,"cd_tipo_uso_imovel":"XX","dc_tipo_uso_imovel":"Condomínio","cd_tipo_terreno_imovel":99,"qt_area_terreno":585,"qt_area_construida":null}}},{"type":"Feature","geometry":{"type":"Polygon","coordinates":[[[-45.028588,-23.537127],[-45.028588,-23.537122],[-45.028587,-23.536902],[-45.02859,-23.53684],[-45.028591,-23.537065],[-45.028589,-23.537125],[-45.028588,-23.537127]]]},"properties":{"sqlu":"SP-005-782206","inscription":"SP-GEOSAMPA-6782206","inscricaoImobiliaria":"SP-IMO-6782206","setor":"005","quadra":"086","lote":"0001","sourceType":"OFFICIAL_IMPORT","mainAddress":"Setor Fiscal 005","zoneamento":"RESIDENCIAL","statusCadastral":"ATIVO","workflowStatus":"PENDENTE","isOfficial":true,"rawProperties":{"cd_identificador":6782206,"cd_identificador_original_lote":8890849,"cd_setor_fiscal":"005","cd_tipo_quadra":"F","tx_tipo_quadra":"FISCAL","cd_quadra_fiscal":"086","cd_subquadra_fiscal":null,"cd_condominio":"00","cd_tipo_lote":"F","tx_tipo_lote":"FISCAL","cd_lote":"0001","cd_situacao":1,"cd_digito_sql":"4","cd_logradouro":"178128","nm_logradouro_completo":"R CD DE SAO JOAQUIM","cd_numero_porta":"57","tx_complemento_endereco":null,"tx_situ_lote":"ATIVO","cd_tipo_uso_imovel":"43","dc_tipo_uso_imovel":"Não residencial","cd_tipo_terreno_imovel":1,"qt_area_terreno":469,"qt_area_construida":2098}}},{"type":"Feature","geometry":{"type":"Polygon","coordinates":[[[-45.028457,-23.53865],[-45.028457,-23.538469],[-45.028458,-23.538472],[-45.028458,-23.538554],[-45.028458,-23.538615],[-45.028458,-23.538635],[-45.028457,-23.53866],[-45.028457,-23.53865]]]},"properties":{"sqlu":"SP-005-958266","inscription":"SP-GEOSAMPA-1958266","inscricaoImobiliaria":"SP-IMO-1958266","setor":"005","quadra":"073","lote":"0053","sourceType":"OFFICIAL_IMPORT","mainAddress":"Setor Fiscal 005","zoneamento":"RESIDENCIAL","statusCadastral":"ATIVO","workflowStatus":"PENDENTE","isOfficial":true,"rawProperties":{"cd_identificador":1958266,"cd_identificador_original_lote":8890531,"cd_setor_fiscal":"005","cd_tipo_quadra":"F","tx_tipo_quadra":"FISCAL","cd_quadra_fiscal":"073","cd_subquadra_fiscal":null,"cd_condominio":"00","cd_tipo_lote":"F","tx_tipo_lote":"FISCAL","cd_lote":"0053","cd_situacao":1,"cd_digito_sql":"1","cd_logradouro":"090328","nm_logradouro_completo":"R BR DE IGUAPE","cd_numero_porta":"636","tx_complemento_endereco":"/640","tx_situ_lote":"ATIVO","cd_tipo_uso_imovel":"12","dc_tipo_uso_imovel":"Residencial","cd_tipo_terreno_imovel":1,"qt_area_terreno":96,"qt_area_construida":160}}},{"type":"Feature","geometry":{"type":"Polygon","coordinates":[[[-45.028437,-23.535447],[-45.028437,-23.535446],[-45.028437,-23.535444],[-45.028437,-23.535441],[-45.028437,-23.535437],[-45.028437,-23.535433],[-45.028437,-23.535427],[-45.028436,-23.535391],[-45.028437,-23.535375],[-45.028438,-23.535371],[-45.028437,-23.535397],[-45.028437,-23.535447]]]},"properties":{"sqlu":"SP-005-958281","inscription":"SP-GEOSAMPA-1958281","inscricaoImobiliaria":"SP-IMO-1958281","setor":"005","quadra":"046","lote":"0072","sourceType":"OFFICIAL_IMPORT","mainAddress":"Setor Fiscal 005","zoneamento":"RESIDENCIAL","statusCadastral":"ATIVO","workflowStatus":"PENDENTE","isOfficial":true,"rawProperties":{"cd_identificador":1958281,"cd_identificador_original_lote":8891337,"cd_setor_fiscal":"005","cd_tipo_quadra":"F","tx_tipo_quadra":"FISCAL","cd_quadra_fiscal":"046","cd_subquadra_fiscal":null,"cd_condominio":"00","cd_tipo_lote":"F","tx_tipo_lote":"FISCAL","cd_lote":"0072","cd_situacao":1,"cd_digito_sql":"9","cd_logradouro":"067083","nm_logradouro_completo":"R DOS ESTUDANTES","cd_numero_porta":"591","tx_complemento_endereco":null,"tx_situ_lote":"ATIVO","cd_tipo_uso_imovel":"40","dc_tipo_uso_imovel":"Não residencial","cd_tipo_terreno_imovel":1,"qt_area_terreno":60,"qt_area_construida":45}}},{"type":"Feature","geometry":{"type":"Polygon","coordinates":[[[-45.028432,-23.535947],[-45.028432,-23.535901],[-45.028434,-23.535848],[-45.028434,-23.535894],[-45.028433,-23.535926],[-45.028433,-23.535934],[-45.028433,-23.53594],[-45.028432,-23.535947]]]},"properties":{"sqlu":"SP-005-958220","inscription":"SP-GEOSAMPA-1958220","inscricaoImobiliaria":"SP-IMO-1958220","setor":"005","quadra":"089","lote":"0025","sourceType":"OFFICIAL_IMPORT","mainAddress":"Setor Fiscal 005","zoneamento":"RESIDENCIAL","statusCadastral":"ATIVO","workflowStatus":"PENDENTE","isOfficial":true,"rawProperties":{"cd_identificador":1958220,"cd_identificador_original_lote":8891787,"cd_setor_fiscal":"005","cd_tipo_quadra":"F","tx_tipo_quadra":"FISCAL","cd_quadra_fiscal":"089","cd_subquadra_fiscal":null,"cd_condominio":"00","cd_tipo_lote":"F","tx_tipo_lote":"FISCAL","cd_lote":"0025","cd_situacao":1,"cd_digito_sql":"5","cd_logradouro":"067105","nm_logradouro_completo":"VL DOS ESTUDANTES","cd_numero_porta":"17","tx_complemento_endereco":null,"tx_situ_lote":"ATIVO","cd_tipo_uso_imovel":"10","dc_tipo_uso_imovel":"Residencial","cd_tipo_terreno_imovel":1,"qt_area_terreno":64,"qt_area_construida":80}}},{"type":"Feature","geometry":{"type":"Polygon","coordinates":[[[-45.028446,-23.536209],[-45.028446,-23.536173],[-45.028447,-23.536177],[-45.028448,-23.536181],[-45.028448,-23.536222],[-45.028447,-23.536219],[-45.028446,-23.536218],[-45.028446,-23.536209]]]},"properties":{"sqlu":"SP-005-958221","inscription":"SP-GEOSAMPA-1958221","inscricaoImobiliaria":"SP-IMO-1958221","setor":"005","quadra":"056","lote":"0016","sourceType":"OFFICIAL_IMPORT","mainAddress":"Setor Fiscal 005","zoneamento":"RESIDENCIAL","statusCadastral":"ATIVO","workflowStatus":"PENDENTE","isOfficial":true,"rawProperties":{"cd_identificador":1958221,"cd_identificador_original_lote":8891865,"cd_setor_fiscal":"005","cd_tipo_quadra":"F","tx_tipo_quadra":"FISCAL","cd_quadra_fiscal":"056","cd_subquadra_fiscal":null,"cd_condominio":"00","cd_tipo_lote":"F","tx_tipo_lote":"FISCAL","cd_lote":"0016","cd_situacao":1,"cd_digito_sql":"1","cd_logradouro":"009130","nm_logradouro_completo":"R LIVR ALVES","cd_numero_porta":"21","tx_complemento_endereco":"A","tx_situ_lote":"ATIVO","cd_tipo_uso_imovel":"10","dc_tipo_uso_imovel":"Residencial","cd_tipo_terreno_imovel":2,"qt_area_terreno":64,"qt_area_construida":40}}},{"type":"Feature","geometry":{"type":"Polygon","coordinates":[[[-45.028545,-23.531708],[-45.028544,-23.531555],[-45.028544,-23.531449],[-45.028545,-23.531402],[-45.028547,-23.531657],[-45.028547,-23.531667],[-45.028545,-23.531708]]]},"properties":{"sqlu":"SP-005-822250","inscription":"SP-GEOSAMPA-6822250","inscricaoImobiliaria":"SP-IMO-6822250","setor":"005","quadra":"025","lote":"0008","sourceType":"OFFICIAL_IMPORT","mainAddress":"Setor Fiscal 005","zoneamento":"RESIDENCIAL","statusCadastral":"ATIVO","workflowStatus":"PENDENTE","isOfficial":true,"rawProperties":{"cd_identificador":6822250,"cd_identificador_original_lote":8892017,"cd_setor_fiscal":"005","cd_tipo_quadra":"F","tx_tipo_quadra":"FISCAL","cd_quadra_fiscal":"025","cd_subquadra_fiscal":null,"cd_condominio":"00","cd_tipo_lote":"F","tx_tipo_lote":"FISCAL","cd_lote":"0008","cd_situacao":1,"cd_digito_sql":"5","cd_logradouro":"170259","nm_logradouro_completo":"R RIACHUELO","cd_numero_porta":"33","tx_complemento_endereco":null,"tx_situ_lote":"ATIVO","cd_tipo_uso_imovel":"40","dc_tipo_uso_imovel":"Não residencial","cd_tipo_terreno_imovel":1,"qt_area_terreno":390,"qt_area_construida":1032}}},{"type":"Feature","geometry":{"type":"Polygon","coordinates":[[[-45.028545,-23.531708],[-45.028547,-23.531667],[-45.028547,-23.531657],[-45.028548,-23.53164],[-45.028549,-23.531778],[-45.028547,-23.531796],[-45.028546,-23.53181],[-45.028545,-23.531708]]]},"properties":{"sqlu":"SP-005-822251","inscription":"SP-GEOSAMPA-6822251","inscricaoImobiliaria":"SP-IMO-6822251","setor":"005","quadra":"025","lote":"0405","sourceType":"OFFICIAL_IMPORT","mainAddress":"Setor Fiscal 005","zoneamento":"RESIDENCIAL","statusCadastral":"ATIVO","workflowStatus":"PENDENTE","isOfficial":true,"rawProperties":{"cd_identificador":6822251,"cd_identificador_original_lote":10680187,"cd_setor_fiscal":"005","cd_tipo_quadra":"F","tx_tipo_quadra":"FISCAL","cd_quadra_fiscal":"025","cd_subquadra_fiscal":null,"cd_condominio":"00","cd_tipo_lote":"F","tx_tipo_lote":"FISCAL","cd_lote":"0405","cd_situacao":1,"cd_digito_sql":"6","cd_logradouro":"103764","nm_logradouro_completo":"PC DR JOAO MENDES","cd_numero_porta":"42","tx_complemento_endereco":null,"tx_situ_lote":"ATIVO","cd_tipo_uso_imovel":"00","dc_tipo_uso_imovel":"Terreno","cd_tipo_terreno_imovel":5,"qt_area_terreno":266,"qt_area_construida":0}}},{"type":"Feature","geometry":{"type":"Polygon","coordinates":[[[-45.028476,-23.535246],[-45.028476,-23.535208],[-45.028476,-23.535158],[-45.028476,-23.535109],[-45.028477,-23.535108],[-45.028477,-23.535107],[-45.028478,-23.535106],[-45.028478,-23.535231],[-45.028478,-23.535244],[-45.028477,-23.535244],[-45.028477,-23.535246],[-45.028476,-23.535246]]]},"properties":{"sqlu":"SP-005-822257","inscription":"SP-GEOSAMPA-6822257","inscricaoImobiliaria":"SP-IMO-6822257","setor":"005","quadra":"046","lote":"0018","sourceType":"OFFICIAL_IMPORT","mainAddress":"Setor Fiscal 005","zoneamento":"RESIDENCIAL","statusCadastral":"ATIVO","workflowStatus":"PENDENTE","isOfficial":true,"rawProperties":{"cd_identificador":6822257,"cd_identificador_original_lote":8892156,"cd_setor_fiscal":"005","cd_tipo_quadra":"F","tx_tipo_quadra":"FISCAL","cd_quadra_fiscal":"046","cd_subquadra_fiscal":null,"cd_condominio":"00","cd_tipo_lote":"F","tx_tipo_lote":"FISCAL","cd_lote":"0018","cd_situacao":1,"cd_digito_sql":"4","cd_logradouro":"190500","nm_logradouro_completo":"R DR TOMAS DE LIMA","cd_numero_porta":"115","tx_complemento_endereco":null,"tx_situ_lote":"ATIVO","cd_tipo_uso_imovel":"14","dc_tipo_uso_imovel":"Residencial","cd_tipo_terreno_imovel":1,"qt_area_terreno":158,"qt_area_construida":80}}},{"type":"Feature","geometry":{"type":"Polygon","coordinates":[[[-45.02852,-23.536166],[-45.028523,-23.536164],[-45.028525,-23.536163],[-45.028525,-23.536234],[-45.02852,-23.536232],[-45.02852,-23.536166]]]},"properties":{"sqlu":"SP-005-958489","inscription":"SP-GEOSAMPA-1958489","inscricaoImobiliaria":"SP-IMO-1958489","setor":"005","quadra":"051","lote":"0237","sourceType":"OFFICIAL_IMPORT","mainAddress":"Setor Fiscal 005","zoneamento":"RESIDENCIAL","statusCadastral":"ATIVO","workflowStatus":"PENDENTE","isOfficial":true,"rawProperties":{"cd_identificador":1958489,"cd_identificador_original_lote":8891840,"cd_setor_fiscal":"005","cd_tipo_quadra":"F","tx_tipo_quadra":"FISCAL","cd_quadra_fiscal":"051","cd_subquadra_fiscal":null,"cd_condominio":"00","cd_tipo_lote":"F","tx_tipo_lote":"FISCAL","cd_lote":"0237","cd_situacao":1,"cd_digito_sql":"4","cd_logradouro":"080292","nm_logradouro_completo":"R DA GLORIA","cd_numero_porta":"300","tx_complemento_endereco":"E 306","tx_situ_lote":"ATIVO","cd_tipo_uso_imovel":"40","dc_tipo_uso_imovel":"Não residencial","cd_tipo_terreno_imovel":3,"qt_area_terreno":256,"qt_area_construida":1843}}},{"type":"Feature","geometry":{"type":"Polygon","coordinates":[[[-45.028462,-23.536078],[-45.028461,-23.536073],[-45.028461,-23.536072],[-45.028461,-23.536071],[-45.02846,-23.536068],[-45.02846,-23.536053],[-45.02846,-23.536015],[-45.028462,-23.536025],[-45.028462,-23.536078]]]},"properties":{"sqlu":"SP-005-958475","inscription":"SP-GEOSAMPA-1958475","inscricaoImobiliaria":"SP-IMO-1958475","setor":"005","quadra":"093","lote":"0008","sourceType":"OFFICIAL_IMPORT","mainAddress":"Setor Fiscal 005","zoneamento":"RESIDENCIAL","statusCadastral":"ATIVO","workflowStatus":"PENDENTE","isOfficial":true,"rawProperties":{"cd_identificador":1958475,"cd_identificador_original_lote":8891820,"cd_setor_fiscal":"005","cd_tipo_quadra":"F","tx_tipo_quadra":"FISCAL","cd_quadra_fiscal":"093","cd_subquadra_fiscal":null,"cd_condominio":"00","cd_tipo_lote":"F","tx_tipo_lote":"FISCAL","cd_lote":"0008","cd_situacao":1,"cd_digito_sql":"1","cd_logradouro":"012190","nm_logradouro_completo":"R EGAS MONIZ DE ARAGAO","cd_numero_porta":"47","tx_complemento_endereco":null,"tx_situ_lote":"ATIVO","cd_tipo_uso_imovel":"10","dc_tipo_uso_imovel":"Residencial","cd_tipo_terreno_imovel":1,"qt_area_terreno":70,"qt_area_construida":50}}},{"type":"Feature","geometry":{"type":"Polygon","coordinates":[[[-45.028457,-23.534024],[-45.028456,-23.534026],[-45.028456,-23.534036],[-45.028455,-23.533951],[-45.028455,-23.533937],[-45.028455,-23.533861],[-45.028456,-23.533849],[-45.028456,-23.533926],[-45.028456,-23.533949],[-45.028457,-23.534024]]]},"properties":{"sqlu":"SP-005-958685","inscription":"SP-GEOSAMPA-1958685","inscricaoImobiliaria":"SP-IMO-1958685","setor":"005","quadra":"043","lote":"0024","sourceType":"OFFICIAL_IMPORT","mainAddress":"Setor Fiscal 005","zoneamento":"RESIDENCIAL","statusCadastral":"ATIVO","workflowStatus":"PENDENTE","isOfficial":true,"rawProperties":{"cd_identificador":1958685,"cd_identificador_original_lote":8892172,"cd_setor_fiscal":"005","cd_tipo_quadra":"F","tx_tipo_quadra":"FISCAL","cd_quadra_fiscal":"043","cd_subquadra_fiscal":null,"cd_condominio":"00","cd_tipo_lote":"F","tx_tipo_lote":"FISCAL","cd_lote":"0024","cd_situacao":1,"cd_digito_sql":"5","cd_logradouro":"044873","nm_logradouro_completo":"R CAROLINA AUGUSTA","cd_numero_porta":"45","tx_complemento_endereco":null,"tx_situ_lote":"ATIVO","cd_tipo_uso_imovel":"10","dc_tipo_uso_imovel":"Residencial","cd_tipo_terreno_imovel":1,"qt_area_terreno":100,"qt_area_construida":70}}},{"type":"Feature","geometry":{"type":"Polygon","coordinates":[[[-45.028583,-23.533293],[-45.028584,-23.533432],[-45.028577,-23.533613],[-45.028575,-23.533676],[-45.028576,-23.533479],[-45.028579,-23.533388],[-45.028582,-23.533332],[-45.028583,-23.533293]]]},"properties":{"sqlu":"SP-005-958754","inscription":"SP-GEOSAMPA-1958754","inscricaoImobiliaria":"SP-IMO-1958754","setor":"005","quadra":"035","lote":"0009","sourceType":"OFFICIAL_IMPORT","mainAddress":"Setor Fiscal 005","zoneamento":"RESIDENCIAL","statusCadastral":"ATIVO","workflowStatus":"PENDENTE","isOfficial":true,"rawProperties":{"cd_identificador":1958754,"cd_identificador_original_lote":8890235,"cd_setor_fiscal":"005","cd_tipo_quadra":"F","tx_tipo_quadra":"FISCAL","cd_quadra_fiscal":"035","cd_subquadra_fiscal":null,"cd_condominio":"00","cd_tipo_lote":"F","tx_tipo_lote":"FISCAL","cd_lote":"0009","cd_situacao":1,"cd_digito_sql":"7","cd_logradouro":"121657","nm_logradouro_completo":"AV BRIG LUIS ANTONIO","cd_numero_porta":"289","tx_complemento_endereco":null,"tx_situ_lote":"ATIVO","cd_tipo_uso_imovel":"40","dc_tipo_uso_imovel":"Não residencial","cd_tipo_terreno_imovel":3,"qt_area_terreno":870,"qt_area_construida":1609}}},{"type":"Feature","geometry":{"type":"Polygon","coordinates":[[[-45.028476,-23.535246],[-45.028477,-23.535246],[-45.028477,-23.535244],[-45.028478,-23.535244],[-45.028478,-23.535378],[-45.028477,-23.53538],[-45.028476,-23.535381],[-45.028476,-23.535345],[-45.028476,-23.535318],[-45.028476,-23.535281],[-45.028476,-23.535278],[-45.028476,-23.535246]]]},"properties":{"sqlu":"SP-005-822258","inscription":"SP-GEOSAMPA-6822258","inscricaoImobiliaria":"SP-IMO-6822258","setor":"005","quadra":"046","lote":"0000","sourceType":"OFFICIAL_IMPORT","mainAddress":"Setor Fiscal 005","zoneamento":"RESIDENCIAL","statusCadastral":"ATIVO","workflowStatus":"PENDENTE","isOfficial":true,"rawProperties":{"cd_identificador":6822258,"cd_identificador_original_lote":8892157,"cd_setor_fiscal":"005","cd_tipo_quadra":"F","tx_tipo_quadra":"FISCAL","cd_quadra_fiscal":"046","cd_subquadra_fiscal":null,"cd_condominio":"18","cd_tipo_lote":"F","tx_tipo_lote":"FISCAL","cd_lote":"0000","cd_situacao":1,"cd_digito_sql":null,"cd_logradouro":"190500","nm_logradouro_completo":"R DR TOMAS DE LIMA","cd_numero_porta":"131 137 141","tx_complemento_endereco":null,"tx_situ_lote":null,"cd_tipo_uso_imovel":"XX","dc_tipo_uso_imovel":"Condomínio","cd_tipo_terreno_imovel":99,"qt_area_terreno":158,"qt_area_construida":null}}},{"type":"Feature","geometry":{"type":"Polygon","coordinates":[[[-45.028475,-23.53461],[-45.028475,-23.53451],[-45.028476,-23.53451],[-45.028476,-23.534511],[-45.028477,-23.534511],[-45.028478,-23.534511],[-45.028478,-23.534568],[-45.028475,-23.534605],[-45.028475,-23.53461]]]},"properties":{"sqlu":"SP-005-822259","inscription":"SP-GEOSAMPA-6822259","inscricaoImobiliaria":"SP-IMO-6822259","setor":"005","quadra":"046","lote":"0003","sourceType":"OFFICIAL_IMPORT","mainAddress":"Setor Fiscal 005","zoneamento":"RESIDENCIAL","statusCadastral":"ATIVO","workflowStatus":"PENDENTE","isOfficial":true,"rawProperties":{"cd_identificador":6822259,"cd_identificador_original_lote":8892146,"cd_setor_fiscal":"005","cd_tipo_quadra":"F","tx_tipo_quadra":"FISCAL","cd_quadra_fiscal":"046","cd_subquadra_fiscal":null,"cd_condominio":"00","cd_tipo_lote":"F","tx_tipo_lote":"FISCAL","cd_lote":"0003","cd_situacao":1,"cd_digito_sql":"6","cd_logradouro":"190500","nm_logradouro_completo":"R DR TOMAS DE LIMA","cd_numero_porta":"49","tx_complemento_endereco":"53","tx_situ_lote":"ATIVO","cd_tipo_uso_imovel":"12","dc_tipo_uso_imovel":"Residencial","cd_tipo_terreno_imovel":1,"qt_area_terreno":123,"qt_area_construida":130}}},{"type":"Feature","geometry":{"type":"Polygon","coordinates":[[[-45.028467,-23.534825],[-45.028467,-23.534799],[-45.028467,-23.53476],[-45.028467,-23.534735],[-45.028467,-23.5347],[-45.028467,-23.534691],[-45.028468,-23.534684],[-45.028468,-23.534745],[-45.028468,-23.534827],[-45.028467,-23.534825]]]},"properties":{"sqlu":"SP-005-822261","inscription":"SP-GEOSAMPA-6822261","inscricaoImobiliaria":"SP-IMO-6822261","setor":"005","quadra":"046","lote":"0148","sourceType":"OFFICIAL_IMPORT","mainAddress":"Setor Fiscal 005","zoneamento":"RESIDENCIAL","statusCadastral":"ATIVO","workflowStatus":"PENDENTE","isOfficial":true,"rawProperties":{"cd_identificador":6822261,"cd_identificador_original_lote":8892130,"cd_setor_fiscal":"005","cd_tipo_quadra":"F","tx_tipo_quadra":"FISCAL","cd_quadra_fiscal":"046","cd_subquadra_fiscal":null,"cd_condominio":"00","cd_tipo_lote":"F","tx_tipo_lote":"FISCAL","cd_lote":"0148","cd_situacao":1,"cd_digito_sql":"2","cd_logradouro":"204242","nm_logradouro_completo":"R ANITA FERRAZ","cd_numero_porta":"66","tx_complemento_endereco":null,"tx_situ_lote":"ATIVO","cd_tipo_uso_imovel":"10","dc_tipo_uso_imovel":"Residencial","cd_tipo_terreno_imovel":4,"qt_area_terreno":160,"qt_area_construida":100}}},{"type":"Feature","geometry":{"type":"Polygon","coordinates":[[[-45.028524,-23.539032],[-45.028524,-23.539095],[-45.028523,-23.539108],[-45.028523,-23.53911],[-45.028523,-23.539102],[-45.028522,-23.539102],[-45.028522,-23.539103],[-45.028522,-23.539104],[-45.028521,-23.539015],[-45.028523,-23.539014],[-45.028522,-23.539033],[-45.028524,-23.539032]]]},"properties":{"sqlu":"SP-005-822267","inscription":"SP-GEOSAMPA-6822267","inscricaoImobiliaria":"SP-IMO-6822267","setor":"005","quadra":"069","lote":"0082","sourceType":"OFFICIAL_IMPORT","mainAddress":"Setor Fiscal 005","zoneamento":"RESIDENCIAL","statusCadastral":"ATIVO","workflowStatus":"PENDENTE","isOfficial":true,"rawProperties":{"cd_identificador":6822267,"cd_identificador_original_lote":8891439,"cd_setor_fiscal":"005","cd_tipo_quadra":"F","tx_tipo_quadra":"FISCAL","cd_quadra_fiscal":"069","cd_subquadra_fiscal":null,"cd_condominio":"00","cd_tipo_lote":"F","tx_tipo_lote":"FISCAL","cd_lote":"0082","cd_situacao":1,"cd_digito_sql":"7","cd_logradouro":"077330","nm_logradouro_completo":"R GALVAO BUENO","cd_numero_porta":"385","tx_complemento_endereco":"CS 8","tx_situ_lote":"ATIVO","cd_tipo_uso_imovel":"10","dc_tipo_uso_imovel":"Residencial","cd_tipo_terreno_imovel":4,"qt_area_terreno":56,"qt_area_construida":42}}},{"type":"Feature","geometry":{"type":"Polygon","coordinates":[[[-45.028596,-23.531227],[-45.028598,-23.53126],[-45.028598,-23.53131],[-45.028596,-23.531277],[-45.028596,-23.531238],[-45.028596,-23.531227]]]},"properties":{"sqlu":"SP-005-822268","inscription":"SP-GEOSAMPA-6822268","inscricaoImobiliaria":"SP-IMO-6822268","setor":"005","quadra":"016","lote":"0018","sourceType":"OFFICIAL_IMPORT","mainAddress":"Setor Fiscal 005","zoneamento":"RESIDENCIAL","statusCadastral":"ATIVO","workflowStatus":"PENDENTE","isOfficial":true,"rawProperties":{"cd_identificador":6822268,"cd_identificador_original_lote":8890990,"cd_setor_fiscal":"005","cd_tipo_quadra":"F","tx_tipo_quadra":"FISCAL","cd_quadra_fiscal":"016","cd_subquadra_fiscal":null,"cd_condominio":"00","cd_tipo_lote":"F","tx_tipo_lote":"FISCAL","cd_lote":"0018","cd_situacao":1,"cd_digito_sql":"3","cd_logradouro":"146757","nm_logradouro_completo":"TV NOSCHESE","cd_numero_porta":"4","tx_complemento_endereco":null,"tx_situ_lote":"ATIVO","cd_tipo_uso_imovel":"10","dc_tipo_uso_imovel":"Residencial","cd_tipo_terreno_imovel":1,"qt_area_terreno":60,"qt_area_construida":60}}},{"type":"Feature","geometry":{"type":"Polygon","coordinates":[[[-45.028623,-23.53719],[-45.028624,-23.537269],[-45.028624,-23.537289],[-45.028623,-23.537348],[-45.028621,-23.537436],[-45.028619,-23.537504],[-45.028618,-23.537542],[-45.028617,-23.53758],[-45.028617,-23.537536],[-45.028616,-23.537502],[-45.028616,-23.537486],[-45.028616,-23.537484],[-45.028617,-23.537452],[-45.028623,-23.53719]]]},"properties":{"sqlu":"SP-005-958921","inscription":"SP-GEOSAMPA-1958921","inscricaoImobiliaria":"SP-IMO-1958921","setor":"005","quadra":"048","lote":"0007","sourceType":"OFFICIAL_IMPORT","mainAddress":"Setor Fiscal 005","zoneamento":"RESIDENCIAL","statusCadastral":"ATIVO","workflowStatus":"PENDENTE","isOfficial":true,"rawProperties":{"cd_identificador":1958921,"cd_identificador_original_lote":8891408,"cd_setor_fiscal":"005","cd_tipo_quadra":"F","tx_tipo_quadra":"FISCAL","cd_quadra_fiscal":"048","cd_subquadra_fiscal":null,"cd_condominio":"00","cd_tipo_lote":"F","tx_tipo_lote":"FISCAL","cd_lote":"0007","cd_situacao":1,"cd_digito_sql":"8","cd_logradouro":"121657","nm_logradouro_completo":"AV BRIG LUIS ANTONIO","cd_numero_porta":"781","tx_complemento_endereco":"783","tx_situ_lote":"ATIVO","cd_tipo_uso_imovel":"31","dc_tipo_uso_imovel":"Não residencial","cd_tipo_terreno_imovel":1,"qt_area_terreno":724,"qt_area_construida":776}}},{"type":"Feature","geometry":{"type":"Polygon","coordinates":[[[-45.028488,-23.5347],[-45.028488,-23.534671],[-45.028489,-23.53467],[-45.028489,-23.534697],[-45.028489,-23.534722],[-45.028489,-23.534727],[-45.028489,-23.534747],[-45.028489,-23.53485],[-45.028489,-23.534902],[-45.028488,-23.534898],[-45.028488,-23.534819],[-45.028488,-23.534757],[-45.028488,-23.534743],[-45.028488,-23.53472],[-45.028488,-23.5347]]]},"properties":{"sqlu":"SP-005-822270","inscription":"SP-GEOSAMPA-6822270","inscricaoImobiliaria":"SP-IMO-6822270","setor":"005","quadra":"044","lote":"0016","sourceType":"OFFICIAL_IMPORT","mainAddress":"Setor Fiscal 005","zoneamento":"RESIDENCIAL","statusCadastral":"ATIVO","workflowStatus":"PENDENTE","isOfficial":true,"rawProperties":{"cd_identificador":6822270,"cd_identificador_original_lote":10680204,"cd_setor_fiscal":"005","cd_tipo_quadra":"F","tx_tipo_quadra":"FISCAL","cd_quadra_fiscal":"044","cd_subquadra_fiscal":null,"cd_condominio":"00","cd_tipo_lote":"F","tx_tipo_lote":"FISCAL","cd_lote":"0016","cd_situacao":1,"cd_digito_sql":"9","cd_logradouro":"123889","nm_logradouro_completo":"R STA LUZIA","cd_numero_porta":"51","tx_complemento_endereco":"53","tx_situ_lote":"ATIVO","cd_tipo_uso_imovel":"12","dc_tipo_uso_imovel":"Residencial","cd_tipo_terreno_imovel":1,"qt_area_terreno":111,"qt_area_construida":200}}},{"type":"Feature","geometry":{"type":"Polygon","coordinates":[[[-45.028527,-23.537579],[-45.028527,-23.537489],[-45.028529,-23.537495],[-45.028528,-23.537586],[-45.028527,-23.537582],[-45.028527,-23.53758],[-45.028527,-23.537579]]]},"properties":{"sqlu":"SP-005-958998","inscription":"SP-GEOSAMPA-1958998","inscricaoImobiliaria":"SP-IMO-1958998","setor":"005","quadra":"062","lote":"0074","sourceType":"OFFICIAL_IMPORT","mainAddress":"Setor Fiscal 005","zoneamento":"RESIDENCIAL","statusCadastral":"ATIVO","workflowStatus":"PENDENTE","isOfficial":true,"rawProperties":{"cd_identificador":1958998,"cd_identificador_original_lote":8891894,"cd_setor_fiscal":"005","cd_tipo_quadra":"F","tx_tipo_quadra":"FISCAL","cd_quadra_fiscal":"062","cd_subquadra_fiscal":null,"cd_condominio":"00","cd_tipo_lote":"F","tx_tipo_lote":"FISCAL","cd_lote":"0074","cd_situacao":1,"cd_digito_sql":"4","cd_logradouro":"010880","nm_logradouro_completo":"R AMERICO DE CAMPOS","cd_numero_porta":"118","tx_complemento_endereco":"E 120","tx_situ_lote":"ATIVO","cd_tipo_uso_imovel":"91","dc_tipo_uso_imovel":null,"cd_tipo_terreno_imovel":1,"qt_area_terreno":130,"qt_area_construida":285}}},{"type":"Feature","geometry":{"type":"Polygon","coordinates":[[[-45.02853,-23.530801],[-45.028531,-23.530897],[-45.028528,-23.530956],[-45.028527,-23.530865],[-45.028528,-23.530847],[-45.028528,-23.530841],[-45.028529,-23.530821],[-45.028529,-23.530819],[-45.02853,-23.530801]]]},"properties":{"sqlu":"SP-005-958943","inscription":"SP-GEOSAMPA-1958943","inscricaoImobiliaria":"SP-IMO-1958943","setor":"005","quadra":"021","lote":"0000","sourceType":"OFFICIAL_IMPORT","mainAddress":"Setor Fiscal 005","zoneamento":"RESIDENCIAL","statusCadastral":"ATIVO","workflowStatus":"PENDENTE","isOfficial":true,"rawProperties":{"cd_identificador":1958943,"cd_identificador_original_lote":8891006,"cd_setor_fiscal":"005","cd_tipo_quadra":"F","tx_tipo_quadra":"FISCAL","cd_quadra_fiscal":"021","cd_subquadra_fiscal":null,"cd_condominio":"04","cd_tipo_lote":"F","tx_tipo_lote":"FISCAL","cd_lote":"0000","cd_situacao":1,"cd_digito_sql":null,"cd_logradouro":"069337","nm_logradouro_completo":"R SEN FEIJO","cd_numero_porta":"34 40 46","tx_complemento_endereco":null,"tx_situ_lote":null,"cd_tipo_uso_imovel":"XX","dc_tipo_uso_imovel":"Condomínio","cd_tipo_terreno_imovel":99,"qt_area_terreno":197,"qt_area_construida":null}}},{"type":"Feature","geometry":{"type":"Polygon","coordinates":[[[-45.028493,-23.535499],[-45.028493,-23.535431],[-45.028494,-23.535434],[-45.028495,-23.53544],[-45.028496,-23.535442],[-45.028497,-23.535447],[-45.028497,-23.535511],[-45.028494,-23.535501],[-45.028494,-23.535501],[-45.028493,-23.535499]]]},"properties":{"sqlu":"SP-005-958915","inscription":"SP-GEOSAMPA-1958915","inscricaoImobiliaria":"SP-IMO-1958915","setor":"005","quadra":"045","lote":"0000","sourceType":"OFFICIAL_IMPORT","mainAddress":"Setor Fiscal 005","zoneamento":"RESIDENCIAL","statusCadastral":"ATIVO","workflowStatus":"PENDENTE","isOfficial":true,"rawProperties":{"cd_identificador":1958915,"cd_identificador_original_lote":8892038,"cd_setor_fiscal":"005","cd_tipo_quadra":"F","tx_tipo_quadra":"FISCAL","cd_quadra_fiscal":"045","cd_subquadra_fiscal":null,"cd_condominio":"01","cd_tipo_lote":"F","tx_tipo_lote":"FISCAL","cd_lote":"0000","cd_situacao":1,"cd_digito_sql":null,"cd_logradouro":"076643","nm_logradouro_completo":"R CONS FURTADO","cd_numero_porta":"259 263","tx_complemento_endereco":null,"tx_situ_lote":null,"cd_tipo_uso_imovel":"XX","dc_tipo_uso_imovel":"Condomínio","cd_tipo_terreno_imovel":99,"qt_area_terreno":222,"qt_area_construida":null}}},{"type":"Feature","geometry":{"type":"Polygon","coordinates":[[[-45.02861,-23.53771],[-45.028609,-23.537672],[-45.028611,-23.537596],[-45.028612,-23.537658],[-45.028611,-23.537687],[-45.028611,-23.537664],[-45.02861,-23.53771]]]},"properties":{"sqlu":"SP-005-959126","inscription":"SP-GEOSAMPA-1959126","inscricaoImobiliaria":"SP-IMO-1959126","setor":"005","quadra":"048","lote":"0027","sourceType":"OFFICIAL_IMPORT","mainAddress":"Setor Fiscal 005","zoneamento":"RESIDENCIAL","statusCadastral":"ATIVO","workflowStatus":"PENDENTE","isOfficial":true,"rawProperties":{"cd_identificador":1959126,"cd_identificador_original_lote":8891413,"cd_setor_fiscal":"005","cd_tipo_quadra":"F","tx_tipo_quadra":"FISCAL","cd_quadra_fiscal":"048","cd_subquadra_fiscal":null,"cd_condominio":"00","cd_tipo_lote":"F","tx_tipo_lote":"FISCAL","cd_lote":"0027","cd_situacao":1,"cd_digito_sql":"2","cd_logradouro":"118052","nm_logradouro_completo":"R LETTIERE","cd_numero_porta":"52","tx_complemento_endereco":null,"tx_situ_lote":"ATIVO","cd_tipo_uso_imovel":"40","dc_tipo_uso_imovel":"Não residencial","cd_tipo_terreno_imovel":1,"qt_area_terreno":68,"qt_area_construida":109}}},{"type":"Feature","geometry":{"type":"Polygon","coordinates":[[[-45.028463,-23.534823],[-45.028463,-23.534863],[-45.028461,-23.534862],[-45.028461,-23.534862],[-45.028461,-23.534822],[-45.028461,-23.534822],[-45.028461,-23.534822],[-45.028463,-23.534823]]]},"properties":{"sqlu":"SP-005-822276","inscription":"SP-GEOSAMPA-6822276","inscricaoImobiliaria":"SP-IMO-6822276","setor":"005","quadra":"046","lote":"0250","sourceType":"OFFICIAL_IMPORT","mainAddress":"Setor Fiscal 005","zoneamento":"RESIDENCIAL","statusCadastral":"ATIVO","workflowStatus":"PENDENTE","isOfficial":true,"rawProperties":{"cd_identificador":6822276,"cd_identificador_original_lote":8891332,"cd_setor_fiscal":"005","cd_tipo_quadra":"F","tx_tipo_quadra":"FISCAL","cd_quadra_fiscal":"046","cd_subquadra_fiscal":null,"cd_condominio":"00","cd_tipo_lote":"F","tx_tipo_lote":"FISCAL","cd_lote":"0250","cd_situacao":1,"cd_digito_sql":"0","cd_logradouro":"204242","nm_logradouro_completo":"R ANITA FERRAZ","cd_numero_porta":"71","tx_complemento_endereco":null,"tx_situ_lote":"ATIVO","cd_tipo_uso_imovel":"10","dc_tipo_uso_imovel":"Residencial","cd_tipo_terreno_imovel":4,"qt_area_terreno":48,"qt_area_construida":71}}},{"type":"Feature","geometry":{"type":"Polygon","coordinates":[[[-45.028589,-23.529163],[-45.02859,-23.529215],[-45.028591,-23.529266],[-45.02859,-23.529339],[-45.028589,-23.529307],[-45.028588,-23.52924],[-45.028589,-23.529163]]]},"properties":{"sqlu":"SP-005-822273","inscription":"SP-GEOSAMPA-6822273","inscricaoImobiliaria":"SP-IMO-6822273","setor":"005","quadra":"007","lote":"0019","sourceType":"OFFICIAL_IMPORT","mainAddress":"Setor Fiscal 005","zoneamento":"RESIDENCIAL","statusCadastral":"ATIVO","workflowStatus":"PENDENTE","isOfficial":true,"rawProperties":{"cd_identificador":6822273,"cd_identificador_original_lote":8892074,"cd_setor_fiscal":"005","cd_tipo_quadra":"F","tx_tipo_quadra":"FISCAL","cd_quadra_fiscal":"007","cd_subquadra_fiscal":null,"cd_condominio":"00","cd_tipo_lote":"F","tx_tipo_lote":"FISCAL","cd_lote":"0019","cd_situacao":1,"cd_digito_sql":"2","cd_logradouro":"073369","nm_logradouro_completo":"R S FRANCISCO","cd_numero_porta":"87","tx_complemento_endereco":null,"tx_situ_lote":"ATIVO","cd_tipo_uso_imovel":"62","dc_tipo_uso_imovel":"Não residencial","cd_tipo_terreno_imovel":1,"qt_area_terreno":192,"qt_area_construida":1990}}},{"type":"Feature","geometry":{"type":"Polygon","coordinates":[[[-45.028525,-23.529566],[-45.028524,-23.529575],[-45.028524,-23.529534],[-45.028524,-23.529501],[-45.028523,-23.529507],[-45.028523,-23.529471],[-45.028523,-23.52929],[-45.028525,-23.52931],[-45.028525,-23.529443],[-45.028525,-23.529468],[-45.028525,-23.529566]]]},"properties":{"sqlu":"SP-005-959343","inscription":"SP-GEOSAMPA-1959343","inscricaoImobiliaria":"SP-IMO-1959343","setor":"005","quadra":"012","lote":"0002","sourceType":"OFFICIAL_IMPORT","mainAddress":"Setor Fiscal 005","zoneamento":"RESIDENCIAL","statusCadastral":"ATIVO","workflowStatus":"PENDENTE","isOfficial":true,"rawProperties":{"cd_identificador":1959343,"cd_identificador_original_lote":8890965,"cd_setor_fiscal":"005","cd_tipo_quadra":"F","tx_tipo_quadra":"FISCAL","cd_quadra_fiscal":"012","cd_subquadra_fiscal":null,"cd_condominio":"00","cd_tipo_lote":"F","tx_tipo_lote":"FISCAL","cd_lote":"0002","cd_situacao":1,"cd_digito_sql":"9","cd_logradouro":"108138","nm_logradouro_completo":"R JOSE BONIFACIO","cd_numero_porta":"23","tx_complemento_endereco":"29","tx_situ_lote":"ATIVO","cd_tipo_uso_imovel":"31","dc_tipo_uso_imovel":"Não residencial","cd_tipo_terreno_imovel":1,"qt_area_terreno":255,"qt_area_construida":2847}}},{"type":"Feature","geometry":{"type":"Polygon","coordinates":[[[-45.028526,-23.537486],[-45.028526,-23.537526],[-45.028525,-23.537553],[-45.028525,-23.537552],[-45.028524,-23.537547],[-45.028524,-23.537481],[-45.028525,-23.537482],[-45.028526,-23.537486]]]},"properties":{"sqlu":"SP-005-959494","inscription":"SP-GEOSAMPA-1959494","inscricaoImobiliaria":"SP-IMO-1959494","setor":"005","quadra":"062","lote":"0020","sourceType":"OFFICIAL_IMPORT","mainAddress":"Setor Fiscal 005","zoneamento":"RESIDENCIAL","statusCadastral":"ATIVO","workflowStatus":"PENDENTE","isOfficial":true,"rawProperties":{"cd_identificador":1959494,"cd_identificador_original_lote":8891881,"cd_setor_fiscal":"005","cd_tipo_quadra":"F","tx_tipo_quadra":"FISCAL","cd_quadra_fiscal":"062","cd_subquadra_fiscal":null,"cd_condominio":"00","cd_tipo_lote":"F","tx_tipo_lote":"FISCAL","cd_lote":"0020","cd_situacao":1,"cd_digito_sql":"5","cd_logradouro":"010880","nm_logradouro_completo":"R AMERICO DE CAMPOS","cd_numero_porta":"138","tx_complemento_endereco":null,"tx_situ_lote":"ATIVO","cd_tipo_uso_imovel":"40","dc_tipo_uso_imovel":"Não residencial","cd_tipo_terreno_imovel":1,"qt_area_terreno":59,"qt_area_construida":100}}},{"type":"Feature","geometry":{"type":"Polygon","coordinates":[[[-45.028505,-23.53342],[-45.028504,-23.533417],[-45.028504,-23.533416],[-45.028504,-23.533374],[-45.028504,-23.533337],[-45.028505,-23.53331],[-45.028506,-23.533344],[-45.028505,-23.53337],[-45.028505,-23.533412],[-45.028505,-23.53342]]]},"properties":{"sqlu":"SP-005-959501","inscription":"SP-GEOSAMPA-1959501","inscricaoImobiliaria":"SP-IMO-1959501","setor":"005","quadra":"040","lote":"0009","sourceType":"OFFICIAL_IMPORT","mainAddress":"Setor Fiscal 005","zoneamento":"RESIDENCIAL","statusCadastral":"ATIVO","workflowStatus":"PENDENTE","isOfficial":true,"rawProperties":{"cd_identificador":1959501,"cd_identificador_original_lote":8890933,"cd_setor_fiscal":"005","cd_tipo_quadra":"F","tx_tipo_quadra":"FISCAL","cd_quadra_fiscal":"040","cd_subquadra_fiscal":null,"cd_condominio":"00","cd_tipo_lote":"F","tx_tipo_lote":"FISCAL","cd_lote":"0009","cd_situacao":1,"cd_digito_sql":"8","cd_logradouro":"162493","nm_logradouro_completo":"R CD DO PINHAL","cd_numero_porta":"102","tx_complemento_endereco":null,"tx_situ_lote":"ATIVO","cd_tipo_uso_imovel":"31","dc_tipo_uso_imovel":"Não residencial","cd_tipo_terreno_imovel":1,"qt_area_terreno":46,"qt_area_construida":144}}},{"type":"Feature","geometry":{"type":"Polygon","coordinates":[[[-45.028467,-23.538932],[-45.028464,-23.538924],[-45.028463,-23.53892],[-45.028461,-23.538915],[-45.028461,-23.538914],[-45.028461,-23.538873],[-45.028464,-23.538882],[-45.028465,-23.538884],[-45.028467,-23.538889],[-45.028467,-23.538932]]]},"properties":{"sqlu":"SP-005-959656","inscription":"SP-GEOSAMPA-1959656","inscricaoImobiliaria":"SP-IMO-1959656","setor":"005","quadra":"073","lote":"0008","sourceType":"OFFICIAL_IMPORT","mainAddress":"Setor Fiscal 005","zoneamento":"RESIDENCIAL","statusCadastral":"ATIVO","workflowStatus":"PENDENTE","isOfficial":true,"rawProperties":{"cd_identificador":1959656,"cd_identificador_original_lote":8890489,"cd_setor_fiscal":"005","cd_tipo_quadra":"F","tx_tipo_quadra":"FISCAL","cd_quadra_fiscal":"073","cd_subquadra_fiscal":null,"cd_condominio":"00","cd_tipo_lote":"F","tx_tipo_lote":"FISCAL","cd_lote":"0008","cd_situacao":1,"cd_digito_sql":"4","cd_logradouro":"183270","nm_logradouro_completo":"R SINIMBU","cd_numero_porta":"181","tx_complemento_endereco":null,"tx_situ_lote":"ATIVO","cd_tipo_uso_imovel":"10","dc_tipo_uso_imovel":"Residencial","cd_tipo_terreno_imovel":1,"qt_area_terreno":160,"qt_area_construida":90}}},{"type":"Feature","geometry":{"type":"Polygon","coordinates":[[[-45.028463,-23.538801],[-45.028465,-23.538805],[-45.028467,-23.538808],[-45.028467,-23.538847],[-45.028464,-23.538841],[-45.028464,-23.53884],[-45.028463,-23.538838],[-45.028463,-23.538808],[-45.028463,-23.538801]]]},"properties":{"sqlu":"SP-005-959689","inscription":"SP-GEOSAMPA-1959689","inscricaoImobiliaria":"SP-IMO-1959689","setor":"005","quadra":"073","lote":"0006","sourceType":"OFFICIAL_IMPORT","mainAddress":"Setor Fiscal 005","zoneamento":"RESIDENCIAL","statusCadastral":"ATIVO","workflowStatus":"PENDENTE","isOfficial":true,"rawProperties":{"cd_identificador":1959689,"cd_identificador_original_lote":8890487,"cd_setor_fiscal":"005","cd_tipo_quadra":"F","tx_tipo_quadra":"FISCAL","cd_quadra_fiscal":"073","cd_subquadra_fiscal":null,"cd_condominio":"00","cd_tipo_lote":"F","tx_tipo_lote":"FISCAL","cd_lote":"0006","cd_situacao":1,"cd_digito_sql":"8","cd_logradouro":"183270","nm_logradouro_completo":"R SINIMBU","cd_numero_porta":"173","tx_complemento_endereco":null,"tx_situ_lote":"ATIVO","cd_tipo_uso_imovel":"14","dc_tipo_uso_imovel":"Residencial","cd_tipo_terreno_imovel":1,"qt_area_terreno":127,"qt_area_construida":120}}},{"type":"Feature","geometry":{"type":"Polygon","coordinates":[[[-45.028561,-23.529561],[-45.02856,-23.529564],[-45.02856,-23.529565],[-45.028559,-23.529568],[-45.028558,-23.52957],[-45.028558,-23.529302],[-45.02856,-23.529296],[-45.02856,-23.529392],[-45.02856,-23.529435],[-45.028561,-23.529561]]]},"properties":{"sqlu":"SP-005-959755","inscription":"SP-GEOSAMPA-1959755","inscricaoImobiliaria":"SP-IMO-1959755","setor":"005","quadra":"010","lote":"0002","sourceType":"OFFICIAL_IMPORT","mainAddress":"Setor Fiscal 005","zoneamento":"RESIDENCIAL","statusCadastral":"ATIVO","workflowStatus":"PENDENTE","isOfficial":true,"rawProperties":{"cd_identificador":1959755,"cd_identificador_original_lote":8890945,"cd_setor_fiscal":"005","cd_tipo_quadra":"F","tx_tipo_quadra":"FISCAL","cd_quadra_fiscal":"010","cd_subquadra_fiscal":null,"cd_condominio":"00","cd_tipo_lote":"F","tx_tipo_lote":"FISCAL","cd_lote":"0002","cd_situacao":1,"cd_digito_sql":"1","cd_logradouro":"108138","nm_logradouro_completo":"R JOSE BONIFACIO","cd_numero_porta":"237","tx_complemento_endereco":"241 245","tx_situ_lote":"ATIVO","cd_tipo_uso_imovel":"31","dc_tipo_uso_imovel":"Não residencial","cd_tipo_terreno_imovel":1,"qt_area_terreno":386,"qt_area_construida":4393}}},{"type":"Feature","geometry":{"type":"Polygon","coordinates":[[[-45.02853,-23.533251],[-45.02853,-23.533224],[-45.028532,-23.53317],[-45.028532,-23.533193],[-45.028532,-23.533205],[-45.028531,-23.533238],[-45.02853,-23.533251]]]},"properties":{"sqlu":"SP-005-959943","inscription":"SP-GEOSAMPA-1959943","inscricaoImobiliaria":"SP-IMO-1959943","setor":"005","quadra":"030","lote":"0042","sourceType":"OFFICIAL_IMPORT","mainAddress":"Setor Fiscal 005","zoneamento":"RESIDENCIAL","statusCadastral":"ATIVO","workflowStatus":"PENDENTE","isOfficial":true,"rawProperties":{"cd_identificador":1959943,"cd_identificador_original_lote":8890586,"cd_setor_fiscal":"005","cd_tipo_quadra":"F","tx_tipo_quadra":"FISCAL","cd_quadra_fiscal":"030","cd_subquadra_fiscal":null,"cd_condominio":"00","cd_tipo_lote":"F","tx_tipo_lote":"FISCAL","cd_lote":"0042","cd_situacao":1,"cd_digito_sql":"6","cd_logradouro":"181153","nm_logradouro_completo":"LG SETE DE SETEMBRO","cd_numero_porta":"70","tx_complemento_endereco":null,"tx_situ_lote":"ATIVO","cd_tipo_uso_imovel":"40","dc_tipo_uso_imovel":"Não residencial","cd_tipo_terreno_imovel":1,"qt_area_terreno":44,"qt_area_construida":44}}},{"type":"Feature","geometry":{"type":"Polygon","coordinates":[[[-45.028458,-23.534284],[-45.028457,-23.534297],[-45.028456,-23.534038],[-45.028456,-23.534036],[-45.028456,-23.534026],[-45.028457,-23.534181],[-45.028457,-23.534213],[-45.028458,-23.534284]]]},"properties":{"sqlu":"SP-005-959950","inscription":"SP-GEOSAMPA-1959950","inscricaoImobiliaria":"SP-IMO-1959950","setor":"005","quadra":"043","lote":"0008","sourceType":"OFFICIAL_IMPORT","mainAddress":"Setor Fiscal 005","zoneamento":"RESIDENCIAL","statusCadastral":"ATIVO","workflowStatus":"PENDENTE","isOfficial":true,"rawProperties":{"cd_identificador":1959950,"cd_identificador_original_lote":8892186,"cd_setor_fiscal":"005","cd_tipo_quadra":"F","tx_tipo_quadra":"FISCAL","cd_quadra_fiscal":"043","cd_subquadra_fiscal":null,"cd_condominio":"00","cd_tipo_lote":"F","tx_tipo_lote":"FISCAL","cd_lote":"0008","cd_situacao":1,"cd_digito_sql":"3","cd_logradouro":"178640","nm_logradouro_completo":"R CD DE SARZEDAS","cd_numero_porta":"255","tx_complemento_endereco":null,"tx_situ_lote":"ATIVO","cd_tipo_uso_imovel":"12","dc_tipo_uso_imovel":"Residencial","cd_tipo_terreno_imovel":1,"qt_area_terreno":150,"qt_area_construida":160}}},{"type":"Feature","geometry":{"type":"Polygon","coordinates":[[[-45.028529,-23.5409],[-45.028528,-23.54109],[-45.028527,-23.541061],[-45.028526,-23.54105],[-45.028527,-23.540998],[-45.028528,-23.540894],[-45.028529,-23.5409]]]},"properties":{"sqlu":"SP-005-959915","inscription":"SP-GEOSAMPA-1959915","inscricaoImobiliaria":"SP-IMO-1959915","setor":"005","quadra":"069","lote":"0282","sourceType":"OFFICIAL_IMPORT","mainAddress":"Setor Fiscal 005","zoneamento":"RESIDENCIAL","statusCadastral":"ATIVO","workflowStatus":"PENDENTE","isOfficial":true,"rawProperties":{"cd_identificador":1959915,"cd_identificador_original_lote":8891466,"cd_setor_fiscal":"005","cd_tipo_quadra":"F","tx_tipo_quadra":"FISCAL","cd_quadra_fiscal":"069","cd_subquadra_fiscal":null,"cd_condominio":"00","cd_tipo_lote":"F","tx_tipo_lote":"FISCAL","cd_lote":"0282","cd_situacao":1,"cd_digito_sql":"1","cd_logradouro":"077330","nm_logradouro_completo":"R GALVAO BUENO","cd_numero_porta":"571","tx_complemento_endereco":"573 577 581","tx_situ_lote":"ATIVO","cd_tipo_uso_imovel":"31","dc_tipo_uso_imovel":"Não residencial","cd_tipo_terreno_imovel":1,"qt_area_terreno":144,"qt_area_construida":715}}},{"type":"Feature","geometry":{"type":"Polygon","coordinates":[[[-45.028442,-23.535787],[-45.028442,-23.535849],[-45.028442,-23.535846],[-45.028441,-23.535843],[-45.028441,-23.535768],[-45.028441,-23.53576],[-45.028441,-23.535723],[-45.028442,-23.535726],[-45.028442,-23.535728],[-45.028442,-23.535749],[-45.028442,-23.535775],[-45.028442,-23.535787]]]},"properties":{"sqlu":"SP-005-960297","inscription":"SP-GEOSAMPA-1960297","inscricaoImobiliaria":"SP-IMO-1960297","setor":"005","quadra":"057","lote":"0018","sourceType":"OFFICIAL_IMPORT","mainAddress":"Setor Fiscal 005","zoneamento":"RESIDENCIAL","statusCadastral":"ATIVO","workflowStatus":"PENDENTE","isOfficial":true,"rawProperties":{"cd_identificador":1960297,"cd_identificador_original_lote":8890294,"cd_setor_fiscal":"005","cd_tipo_quadra":"F","tx_tipo_quadra":"FISCAL","cd_quadra_fiscal":"057","cd_subquadra_fiscal":null,"cd_condominio":"00","cd_tipo_lote":"F","tx_tipo_lote":"FISCAL","cd_lote":"0018","cd_situacao":1,"cd_digito_sql":"2","cd_logradouro":"067105","nm_logradouro_completo":"VL DOS ESTUDANTES","cd_numero_porta":"31","tx_complemento_endereco":null,"tx_situ_lote":"ATIVO","cd_tipo_uso_imovel":"10","dc_tipo_uso_imovel":"Residencial","cd_tipo_terreno_imovel":1,"qt_area_terreno":73,"qt_area_construida":40}}},{"type":"Feature","geometry":{"type":"Polygon","coordinates":[[[-45.028594,-23.533296],[-45.028591,-23.533399],[-45.028589,-23.533434],[-45.028588,-23.533459],[-45.028588,-23.533394],[-45.028589,-23.533368],[-45.028589,-23.533355],[-45.028591,-23.533313],[-45.028591,-23.533297],[-45.028592,-23.533264],[-45.028594,-23.53323],[-45.028594,-23.533296]]]},"properties":{"sqlu":"SP-005-960259","inscription":"SP-GEOSAMPA-1960259","inscricaoImobiliaria":"SP-IMO-1960259","setor":"005","quadra":"024","lote":"0707","sourceType":"OFFICIAL_IMPORT","mainAddress":"Setor Fiscal 005","zoneamento":"RESIDENCIAL","statusCadastral":"ATIVO","workflowStatus":"PENDENTE","isOfficial":true,"rawProperties":{"cd_identificador":1960259,"cd_identificador_original_lote":8890559,"cd_setor_fiscal":"005","cd_tipo_quadra":"F","tx_tipo_quadra":"FISCAL","cd_quadra_fiscal":"024","cd_subquadra_fiscal":null,"cd_condominio":"00","cd_tipo_lote":"F","tx_tipo_lote":"FISCAL","cd_lote":"0707","cd_situacao":1,"cd_digito_sql":"7","cd_logradouro":"121657","nm_logradouro_completo":"AV BRIG LUIS ANTONIO","cd_numero_porta":"306","tx_complemento_endereco":"308","tx_situ_lote":"ATIVO","cd_tipo_uso_imovel":"62","dc_tipo_uso_imovel":"Não residencial","cd_tipo_terreno_imovel":1,"qt_area_terreno":328,"qt_area_construida":48}}},{"type":"Feature","geometry":{"type":"Polygon","coordinates":[[[-45.028541,-23.537256],[-45.028536,-23.537242],[-45.028536,-23.537189],[-45.028541,-23.537207],[-45.028541,-23.537246],[-45.028541,-23.537256]]]},"properties":{"sqlu":"SP-005-960512","inscription":"SP-GEOSAMPA-1960512","inscricaoImobiliaria":"SP-IMO-1960512","setor":"005","quadra":"080","lote":"0063","sourceType":"OFFICIAL_IMPORT","mainAddress":"Setor Fiscal 005","zoneamento":"RESIDENCIAL","statusCadastral":"ATIVO","workflowStatus":"PENDENTE","isOfficial":true,"rawProperties":{"cd_identificador":1960512,"cd_identificador_original_lote":8891478,"cd_setor_fiscal":"005","cd_tipo_quadra":"F","tx_tipo_quadra":"FISCAL","cd_quadra_fiscal":"080","cd_subquadra_fiscal":null,"cd_condominio":"00","cd_tipo_lote":"F","tx_tipo_lote":"FISCAL","cd_lote":"0063","cd_situacao":1,"cd_digito_sql":"7","cd_logradouro":"077330","nm_logradouro_completo":"R GALVAO BUENO","cd_numero_porta":"152","tx_complemento_endereco":null,"tx_situ_lote":"ATIVO","cd_tipo_uso_imovel":"40","dc_tipo_uso_imovel":"Não residencial","cd_tipo_terreno_imovel":1,"qt_area_terreno":150,"qt_area_construida":80}}},{"type":"Feature","geometry":{"type":"Polygon","coordinates":[[[-45.028486,-23.53656],[-45.028484,-23.536553],[-45.028484,-23.536528],[-45.028484,-23.536493],[-45.028484,-23.536416],[-45.028485,-23.53641],[-45.028486,-23.536409],[-45.028486,-23.536456],[-45.028486,-23.536482],[-45.028486,-23.536495],[-45.028486,-23.536537],[-45.028486,-23.53656]]]},"properties":{"sqlu":"SP-005-960442","inscription":"SP-GEOSAMPA-1960442","inscricaoImobiliaria":"SP-IMO-1960442","setor":"005","quadra":"083","lote":"0003","sourceType":"OFFICIAL_IMPORT","mainAddress":"Setor Fiscal 005","zoneamento":"RESIDENCIAL","statusCadastral":"ATIVO","workflowStatus":"PENDENTE","isOfficial":true,"rawProperties":{"cd_identificador":1960442,"cd_identificador_original_lote":8890599,"cd_setor_fiscal":"005","cd_tipo_quadra":"F","tx_tipo_quadra":"FISCAL","cd_quadra_fiscal":"083","cd_subquadra_fiscal":null,"cd_condominio":"00","cd_tipo_lote":"F","tx_tipo_lote":"FISCAL","cd_lote":"0003","cd_situacao":1,"cd_digito_sql":"7","cd_logradouro":"123650","nm_logradouro_completo":"R DR LUND","cd_numero_porta":"64","tx_complemento_endereco":null,"tx_situ_lote":"ATIVO","cd_tipo_uso_imovel":"10","dc_tipo_uso_imovel":"Residencial","cd_tipo_terreno_imovel":1,"qt_area_terreno":110,"qt_area_construida":70}}},{"type":"Feature","geometry":{"type":"Polygon","coordinates":[[[-45.02854,-23.535851],[-45.028541,-23.53585],[-45.028541,-23.53595],[-45.02854,-23.535946],[-45.02854,-23.535933],[-45.02854,-23.535888],[-45.02854,-23.535851]]]},"properties":{"sqlu":"SP-005-960596","inscription":"SP-GEOSAMPA-1960596","inscricaoImobiliaria":"SP-IMO-1960596","setor":"005","quadra":"079","lote":"0009","sourceType":"OFFICIAL_IMPORT","mainAddress":"Setor Fiscal 005","zoneamento":"RESIDENCIAL","statusCadastral":"ATIVO","workflowStatus":"PENDENTE","isOfficial":true,"rawProperties":{"cd_identificador":1960596,"cd_identificador_original_lote":8890203,"cd_setor_fiscal":"005","cd_tipo_quadra":"F","tx_tipo_quadra":"FISCAL","cd_quadra_fiscal":"079","cd_subquadra_fiscal":null,"cd_condominio":"00","cd_tipo_lote":"F","tx_tipo_lote":"FISCAL","cd_lote":"0009","cd_situacao":1,"cd_digito_sql":"1","cd_logradouro":"118206","nm_logradouro_completo":"PC DA LIBERDADE AFRICA-JAPAO","cd_numero_porta":"270","tx_complemento_endereco":"272","tx_situ_lote":"ATIVO","cd_tipo_uso_imovel":"40","dc_tipo_uso_imovel":"Não residencial","cd_tipo_terreno_imovel":1,"qt_area_terreno":70,"qt_area_construida":130}}},{"type":"Feature","geometry":{"type":"Polygon","coordinates":[[[-45.028472,-23.539729],[-45.028472,-23.53967],[-45.028472,-23.539628],[-45.028472,-23.539625],[-45.028472,-23.539593],[-45.028474,-23.539595],[-45.028474,-23.539595],[-45.028476,-23.539597],[-45.028477,-23.539597],[-45.028477,-23.539663],[-45.028477,-23.539687],[-45.028476,-23.53969],[-45.028474,-23.539698],[-45.028474,-23.539699],[-45.028474,-23.539725],[-45.028472,-23.539729]]]},"properties":{"sqlu":"SP-005-960817","inscription":"SP-GEOSAMPA-1960817","inscricaoImobiliaria":"SP-IMO-1960817","setor":"005","quadra":"072","lote":"0054","sourceType":"OFFICIAL_IMPORT","mainAddress":"Setor Fiscal 005","zoneamento":"RESIDENCIAL","statusCadastral":"ATIVO","workflowStatus":"PENDENTE","isOfficial":true,"rawProperties":{"cd_identificador":1960817,"cd_identificador_original_lote":8891938,"cd_setor_fiscal":"005","cd_tipo_quadra":"F","tx_tipo_quadra":"FISCAL","cd_quadra_fiscal":"072","cd_subquadra_fiscal":null,"cd_condominio":"00","cd_tipo_lote":"F","tx_tipo_lote":"FISCAL","cd_lote":"0054","cd_situacao":1,"cd_digito_sql":"3","cd_logradouro":"465194","nm_logradouro_completo":"R MITUTO MIZUMOTO","cd_numero_porta":"301","tx_complemento_endereco":null,"tx_situ_lote":"ATIVO","cd_tipo_uso_imovel":"74","dc_tipo_uso_imovel":"Não residencial","cd_tipo_terreno_imovel":1,"qt_area_terreno":347,"qt_area_construida":546}}},{"type":"Feature","geometry":{"type":"Polygon","coordinates":[[[-45.028556,-23.535306],[-45.028556,-23.535354],[-45.028557,-23.535414],[-45.028556,-23.535439],[-45.028555,-23.535474],[-45.028554,-23.535506],[-45.028553,-23.535536],[-45.02855,-23.535596],[-45.028549,-23.535485],[-45.028552,-23.535412],[-45.028552,-23.535394],[-45.028556,-23.535306]]]},"properties":{"sqlu":"SP-005-960750","inscription":"SP-GEOSAMPA-1960750","inscricaoImobiliaria":"SP-IMO-1960750","setor":"005","quadra":"082","lote":"0036","sourceType":"OFFICIAL_IMPORT","mainAddress":"Setor Fiscal 005","zoneamento":"RESIDENCIAL","statusCadastral":"ATIVO","workflowStatus":"PENDENTE","isOfficial":true,"rawProperties":{"cd_identificador":1960750,"cd_identificador_original_lote":8891482,"cd_setor_fiscal":"005","cd_tipo_quadra":"F","tx_tipo_quadra":"FISCAL","cd_quadra_fiscal":"082","cd_subquadra_fiscal":null,"cd_condominio":"00","cd_tipo_lote":"F","tx_tipo_lote":"FISCAL","cd_lote":"0036","cd_situacao":1,"cd_digito_sql":"9","cd_logradouro":"118206","nm_logradouro_completo":"PC DA LIBERDADE AFRICA-JAPAO","cd_numero_porta":"170","tx_complemento_endereco":null,"tx_situ_lote":"ATIVO","cd_tipo_uso_imovel":"40","dc_tipo_uso_imovel":"Não residencial","cd_tipo_terreno_imovel":1,"qt_area_terreno":528,"qt_area_construida":1083}}},{"type":"Feature","geometry":{"type":"Polygon","coordinates":[[[-45.028527,-23.538925],[-45.028526,-23.53892],[-45.028526,-23.538872],[-45.028526,-23.538734],[-45.028526,-23.538692],[-45.028527,-23.538694],[-45.028527,-23.538736],[-45.028527,-23.538874],[-45.028527,-23.538925]]]},"properties":{"sqlu":"SP-005-960806","inscription":"SP-GEOSAMPA-1960806","inscricaoImobiliaria":"SP-IMO-1960806","setor":"005","quadra":"069","lote":"0091","sourceType":"OFFICIAL_IMPORT","mainAddress":"Setor Fiscal 005","zoneamento":"RESIDENCIAL","statusCadastral":"ATIVO","workflowStatus":"PENDENTE","isOfficial":true,"rawProperties":{"cd_identificador":1960806,"cd_identificador_original_lote":8891418,"cd_setor_fiscal":"005","cd_tipo_quadra":"F","tx_tipo_quadra":"FISCAL","cd_quadra_fiscal":"069","cd_subquadra_fiscal":null,"cd_condominio":"00","cd_tipo_lote":"F","tx_tipo_lote":"FISCAL","cd_lote":"0091","cd_situacao":1,"cd_digito_sql":"6","cd_logradouro":"090328","nm_logradouro_completo":"R BR DE IGUAPE","cd_numero_porta":"S/N","tx_complemento_endereco":null,"tx_situ_lote":"ATIVO","cd_tipo_uso_imovel":"00","dc_tipo_uso_imovel":"Terreno","cd_tipo_terreno_imovel":1,"qt_area_terreno":158,"qt_area_construida":0}}},{"type":"Feature","geometry":{"type":"Polygon","coordinates":[[[-45.028549,-23.535485],[-45.028548,-23.53537],[-45.028549,-23.535359],[-45.028551,-23.535291],[-45.028552,-23.535243],[-45.028554,-23.535191],[-45.028555,-23.535161],[-45.028556,-23.535281],[-45.028556,-23.535306],[-45.028552,-23.535394],[-45.028552,-23.535412],[-45.028549,-23.535485]]]},"properties":{"sqlu":"SP-005-961021","inscription":"SP-GEOSAMPA-1961021","inscricaoImobiliaria":"SP-IMO-1961021","setor":"005","quadra":"082","lote":"0355","sourceType":"OFFICIAL_IMPORT","mainAddress":"Setor Fiscal 005","zoneamento":"RESIDENCIAL","statusCadastral":"ATIVO","workflowStatus":"PENDENTE","isOfficial":true,"rawProperties":{"cd_identificador":1961021,"cd_identificador_original_lote":8891509,"cd_setor_fiscal":"005","cd_tipo_quadra":"F","tx_tipo_quadra":"FISCAL","cd_quadra_fiscal":"082","cd_subquadra_fiscal":null,"cd_condominio":"00","cd_tipo_lote":"F","tx_tipo_lote":"FISCAL","cd_lote":"0355","cd_situacao":1,"cd_digito_sql":"4","cd_logradouro":"118206","nm_logradouro_completo":"PC DA LIBERDADE AFRICA-JAPAO","cd_numero_porta":"S/N","tx_complemento_endereco":null,"tx_situ_lote":"ATIVO","cd_tipo_uso_imovel":"84","dc_tipo_uso_imovel":"Não residencial","cd_tipo_terreno_imovel":1,"qt_area_terreno":828,"qt_area_construida":1269}}},{"type":"Feature","geometry":{"type":"Polygon","coordinates":[[[-45.028478,-23.531703],[-45.028477,-23.531769],[-45.028473,-23.531578],[-45.028474,-23.531511],[-45.028475,-23.53155],[-45.028475,-23.531568],[-45.028476,-23.531572],[-45.028477,-23.531637],[-45.028477,-23.53164],[-45.028477,-23.531655],[-45.028478,-23.53168],[-45.028478,-23.531691],[-45.028478,-23.531703]]]},"properties":{"sqlu":"SP-005-961115","inscription":"SP-GEOSAMPA-1961115","inscricaoImobiliaria":"SP-IMO-1961115","setor":"005","quadra":"033","lote":"0001","sourceType":"OFFICIAL_IMPORT","mainAddress":"Setor Fiscal 005","zoneamento":"RESIDENCIAL","statusCadastral":"ATIVO","workflowStatus":"PENDENTE","isOfficial":true,"rawProperties":{"cd_identificador":1961115,"cd_identificador_original_lote":8890669,"cd_setor_fiscal":"005","cd_tipo_quadra":"F","tx_tipo_quadra":"FISCAL","cd_quadra_fiscal":"033","cd_subquadra_fiscal":null,"cd_condominio":"00","cd_tipo_lote":"F","tx_tipo_lote":"FISCAL","cd_lote":"0001","cd_situacao":1,"cd_digito_sql":"2","cd_logradouro":"182109","nm_logradouro_completo":"R SILVEIRA MARTINS","cd_numero_porta":"8","tx_complemento_endereco":"E 12","tx_situ_lote":"ATIVO","cd_tipo_uso_imovel":"43","dc_tipo_uso_imovel":"Não residencial","cd_tipo_terreno_imovel":1,"qt_area_terreno":285,"qt_area_construida":1100}}},{"type":"Feature","geometry":{"type":"Polygon","coordinates":[[[-45.028478,-23.535841],[-45.028477,-23.535841],[-45.028477,-23.535724],[-45.028478,-23.535728],[-45.028478,-23.535743],[-45.028478,-23.535841]]]},"properties":{"sqlu":"SP-005-961403","inscription":"SP-GEOSAMPA-1961403","inscricaoImobiliaria":"SP-IMO-1961403","setor":"005","quadra":"054","lote":"0033","sourceType":"OFFICIAL_IMPORT","mainAddress":"Setor Fiscal 005","zoneamento":"RESIDENCIAL","statusCadastral":"ATIVO","workflowStatus":"PENDENTE","isOfficial":true,"rawProperties":{"cd_identificador":1961403,"cd_identificador_original_lote":8890731,"cd_setor_fiscal":"005","cd_tipo_quadra":"F","tx_tipo_quadra":"FISCAL","cd_quadra_fiscal":"054","cd_subquadra_fiscal":null,"cd_condominio":"00","cd_tipo_lote":"F","tx_tipo_lote":"FISCAL","cd_lote":"0033","cd_situacao":1,"cd_digito_sql":"2","cd_logradouro":"190500","nm_logradouro_completo":"R DR TOMAS DE LIMA","cd_numero_porta":"183","tx_complemento_endereco":"N 195","tx_situ_lote":"ATIVO","cd_tipo_uso_imovel":"14","dc_tipo_uso_imovel":"Residencial","cd_tipo_terreno_imovel":2,"qt_area_terreno":94,"qt_area_construida":120}}},{"type":"Feature","geometry":{"type":"Polygon","coordinates":[[[-45.02862,-23.537754],[-45.02862,-23.537758],[-45.028619,-23.537797],[-45.028618,-23.537719],[-45.028617,-23.537629],[-45.028618,-23.537588],[-45.028618,-23.537593],[-45.028618,-23.537614],[-45.028618,-23.537643],[-45.02862,-23.537754]]]},"properties":{"sqlu":"SP-005-961362","inscription":"SP-GEOSAMPA-1961362","inscricaoImobiliaria":"SP-IMO-1961362","setor":"005","quadra":"048","lote":"0009","sourceType":"OFFICIAL_IMPORT","mainAddress":"Setor Fiscal 005","zoneamento":"RESIDENCIAL","statusCadastral":"ATIVO","workflowStatus":"PENDENTE","isOfficial":true,"rawProperties":{"cd_identificador":1961362,"cd_identificador_original_lote":8891403,"cd_setor_fiscal":"005","cd_tipo_quadra":"F","tx_tipo_quadra":"FISCAL","cd_quadra_fiscal":"048","cd_subquadra_fiscal":null,"cd_condominio":"00","cd_tipo_lote":"F","tx_tipo_lote":"FISCAL","cd_lote":"0009","cd_situacao":1,"cd_digito_sql":"4","cd_logradouro":"178136","nm_logradouro_completo":"R CDSSA DE SAO JOAQUIM","cd_numero_porta":"318","tx_complemento_endereco":null,"tx_situ_lote":"ATIVO","cd_tipo_uso_imovel":"80","dc_tipo_uso_imovel":"Não residencial","cd_tipo_terreno_imovel":1,"qt_area_terreno":161,"qt_area_construida":305}}},{"type":"Feature","geometry":{"type":"Polygon","coordinates":[[[-45.028595,-23.534119],[-45.028594,-23.534008],[-45.028595,-23.533968],[-45.028596,-23.533955],[-45.028598,-23.533887],[-45.028601,-23.533802],[-45.028602,-23.533861],[-45.028602,-23.533914],[-45.0286,-23.533962],[-45.028599,-23.533999],[-45.028599,-23.534004],[-45.028597,-23.534066],[-45.028596,-23.53407],[-45.028596,-23.534078],[-45.028595,-23.534119]]]},"properties":{"sqlu":"SP-005-961356","inscription":"SP-GEOSAMPA-1961356","inscricaoImobiliaria":"SP-IMO-1961356","setor":"005","quadra":"024","lote":"0000","sourceType":"OFFICIAL_IMPORT","mainAddress":"Setor Fiscal 005","zoneamento":"RESIDENCIAL","statusCadastral":"ATIVO","workflowStatus":"PENDENTE","isOfficial":true,"rawProperties":{"cd_identificador":1961356,"cd_identificador_original_lote":8890549,"cd_setor_fiscal":"005","cd_tipo_quadra":"F","tx_tipo_quadra":"FISCAL","cd_quadra_fiscal":"024","cd_subquadra_fiscal":null,"cd_condominio":"04","cd_tipo_lote":"F","tx_tipo_lote":"FISCAL","cd_lote":"0000","cd_situacao":1,"cd_digito_sql":null,"cd_logradouro":"121657","nm_logradouro_completo":"AV BRIG LUIS ANTONIO","cd_numero_porta":"384 388 392","tx_complemento_endereco":null,"tx_situ_lote":null,"cd_tipo_uso_imovel":"XX","dc_tipo_uso_imovel":"Condomínio","cd_tipo_terreno_imovel":99,"qt_area_terreno":700,"qt_area_construida":null}}},{"type":"Feature","geometry":{"type":"Polygon","coordinates":[[[-45.02862,-23.537754],[-45.028618,-23.537643],[-45.028618,-23.537614],[-45.028618,-23.537593],[-45.028618,-23.537588],[-45.028617,-23.53758],[-45.028618,-23.537542],[-45.028621,-23.537715],[-45.02862,-23.537754]]]},"properties":{"sqlu":"SP-005-961363","inscription":"SP-GEOSAMPA-1961363","inscricaoImobiliaria":"SP-IMO-1961363","setor":"005","quadra":"048","lote":"0067","sourceType":"OFFICIAL_IMPORT","mainAddress":"Setor Fiscal 005","zoneamento":"RESIDENCIAL","statusCadastral":"ATIVO","workflowStatus":"PENDENTE","isOfficial":true,"rawProperties":{"cd_identificador":1961363,"cd_identificador_original_lote":8891404,"cd_setor_fiscal":"005","cd_tipo_quadra":"F","tx_tipo_quadra":"FISCAL","cd_quadra_fiscal":"048","cd_subquadra_fiscal":null,"cd_condominio":"00","cd_tipo_lote":"F","tx_tipo_lote":"FISCAL","cd_lote":"0067","cd_situacao":1,"cd_digito_sql":"1","cd_logradouro":"178136","nm_logradouro_completo":"R CDSSA DE SAO JOAQUIM","cd_numero_porta":"322","tx_complemento_endereco":null,"tx_situ_lote":"ATIVO","cd_tipo_uso_imovel":"10","dc_tipo_uso_imovel":"Residencial","cd_tipo_terreno_imovel":1,"qt_area_terreno":166,"qt_area_construida":225}}},{"type":"Feature","geometry":{"type":"Polygon","coordinates":[[[-45.028603,-23.534468],[-45.028604,-23.534574],[-45.028604,-23.534605],[-45.028602,-23.53467],[-45.028601,-23.534533],[-45.028603,-23.534468]]]},"properties":{"sqlu":"SP-005-961289","inscription":"SP-GEOSAMPA-1961289","inscricaoImobiliaria":"SP-IMO-1961289","setor":"005","quadra":"034","lote":"0280","sourceType":"OFFICIAL_IMPORT","mainAddress":"Setor Fiscal 005","zoneamento":"RESIDENCIAL","statusCadastral":"ATIVO","workflowStatus":"PENDENTE","isOfficial":true,"rawProperties":{"cd_identificador":1961289,"cd_identificador_original_lote":8890694,"cd_setor_fiscal":"005","cd_tipo_quadra":"F","tx_tipo_quadra":"FISCAL","cd_quadra_fiscal":"034","cd_subquadra_fiscal":null,"cd_condominio":"00","cd_tipo_lote":"F","tx_tipo_lote":"FISCAL","cd_lote":"0280","cd_situacao":1,"cd_digito_sql":"1","cd_logradouro":"003786","nm_logradouro_completo":"R AGUIAR DE BARROS","cd_numero_porta":"41","tx_complemento_endereco":null,"tx_situ_lote":"ATIVO","cd_tipo_uso_imovel":"64","dc_tipo_uso_imovel":"Não residencial","cd_tipo_terreno_imovel":1,"qt_area_terreno":245,"qt_area_construida":245}}},{"type":"Feature","geometry":{"type":"Polygon","coordinates":[[[-45.028448,-23.535604],[-45.028449,-23.535608],[-45.028449,-23.535725],[-45.028448,-23.535722],[-45.028448,-23.535697],[-45.028448,-23.535684],[-45.028448,-23.535604]]]},"properties":{"sqlu":"SP-005-961443","inscription":"SP-GEOSAMPA-1961443","inscricaoImobiliaria":"SP-IMO-1961443","setor":"005","quadra":"056","lote":"0001","sourceType":"OFFICIAL_IMPORT","mainAddress":"Setor Fiscal 005","zoneamento":"RESIDENCIAL","statusCadastral":"ATIVO","workflowStatus":"PENDENTE","isOfficial":true,"rawProperties":{"cd_identificador":1961443,"cd_identificador_original_lote":8891872,"cd_setor_fiscal":"005","cd_tipo_quadra":"F","tx_tipo_quadra":"FISCAL","cd_quadra_fiscal":"056","cd_subquadra_fiscal":null,"cd_condominio":"00","cd_tipo_lote":"F","tx_tipo_lote":"FISCAL","cd_lote":"0001","cd_situacao":1,"cd_digito_sql":"3","cd_logradouro":"067083","nm_logradouro_completo":"R DOS ESTUDANTES","cd_numero_porta":"504","tx_complemento_endereco":"512","tx_situ_lote":"ATIVO","cd_tipo_uso_imovel":"40","dc_tipo_uso_imovel":"Não residencial","cd_tipo_terreno_imovel":2,"qt_area_terreno":72,"qt_area_construida":70}}},{"type":"Feature","geometry":{"type":"Polygon","coordinates":[[[-45.028422,-23.533118],[-45.028421,-23.533105],[-45.028421,-23.533104],[-45.028421,-23.533056],[-45.028421,-23.533009],[-45.028422,-23.532924],[-45.028423,-23.532605],[-45.028423,-23.532612],[-45.028422,-23.532928],[-45.028422,-23.533001],[-45.028422,-23.533013],[-45.028422,-23.533118]]]},"properties":{"sqlu":"SP-005-961444","inscription":"SP-GEOSAMPA-1961444","inscricaoImobiliaria":"SP-IMO-1961444","setor":"005","quadra":"076","lote":"0170","sourceType":"OFFICIAL_IMPORT","mainAddress":"Setor Fiscal 005","zoneamento":"RESIDENCIAL","statusCadastral":"ATIVO","workflowStatus":"PENDENTE","isOfficial":true,"rawProperties":{"cd_identificador":1961444,"cd_identificador_original_lote":8891725,"cd_setor_fiscal":"005","cd_tipo_quadra":"F","tx_tipo_quadra":"FISCAL","cd_quadra_fiscal":"076","cd_subquadra_fiscal":null,"cd_condominio":"00","cd_tipo_lote":"F","tx_tipo_lote":"FISCAL","cd_lote":"0170","cd_situacao":1,"cd_digito_sql":"1","cd_logradouro":"185566","nm_logradouro_completo":"R TABATINGUERA","cd_numero_porta":"420","tx_complemento_endereco":null,"tx_situ_lote":"ATIVO","cd_tipo_uso_imovel":"43","dc_tipo_uso_imovel":"Não residencial","cd_tipo_terreno_imovel":1,"qt_area_terreno":260,"qt_area_construida":308}}},{"type":"Feature","geometry":{"type":"Polygon","coordinates":[[[-45.028513,-23.539026],[-45.028512,-23.539121],[-45.028507,-23.539105],[-45.028506,-23.539103],[-45.028505,-23.539102],[-45.028505,-23.539049],[-45.028505,-23.538999],[-45.028508,-23.539008],[-45.028513,-23.539026]]]},"properties":{"sqlu":"SP-005-961704","inscription":"SP-GEOSAMPA-1961704","inscricaoImobiliaria":"SP-IMO-1961704","setor":"005","quadra":"070","lote":"0000","sourceType":"OFFICIAL_IMPORT","mainAddress":"Setor Fiscal 005","zoneamento":"RESIDENCIAL","statusCadastral":"ATIVO","workflowStatus":"PENDENTE","isOfficial":true,"rawProperties":{"cd_identificador":1961704,"cd_identificador_original_lote":8890448,"cd_setor_fiscal":"005","cd_tipo_quadra":"F","tx_tipo_quadra":"FISCAL","cd_quadra_fiscal":"070","cd_subquadra_fiscal":null,"cd_condominio":"02","cd_tipo_lote":"F","tx_tipo_lote":"FISCAL","cd_lote":"0000","cd_situacao":1,"cd_digito_sql":null,"cd_logradouro":"080292","nm_logradouro_completo":"R DA GLORIA","cd_numero_porta":"621 625 629","tx_complemento_endereco":null,"tx_situ_lote":null,"cd_tipo_uso_imovel":"XX","dc_tipo_uso_imovel":"Condomínio","cd_tipo_terreno_imovel":99,"qt_area_terreno":508,"qt_area_construida":null}}},{"type":"Feature","geometry":{"type":"Polygon","coordinates":[[[-45.028441,-23.533724],[-45.02844,-23.533749],[-45.02844,-23.533756],[-45.028439,-23.533776],[-45.028438,-23.533801],[-45.028438,-23.533806],[-45.028437,-23.533825],[-45.028436,-23.533701],[-45.028437,-23.533671],[-45.028437,-23.533664],[-45.028438,-23.533637],[-45.028438,-23.533612],[-45.028439,-23.533575],[-45.028439,-23.53355],[-45.028439,-23.533542],[-45.02844,-23.533502],[-45.02844,-23.533492],[-45.02844,-23.533489],[-45.028443,-23.533565],[-45.028443,-23.533616],[-45.028444,-23.533651],[-45.028444,-23.533662],[-45.028443,-23.533672],[-45.028443,-23.533688],[-45.028442,-23.533702],[-45.028441,-23.533724]]]},"properties":{"sqlu":"SP-005-961487","inscription":"SP-GEOSAMPA-1961487","inscricaoImobiliaria":"SP-IMO-1961487","setor":"005","quadra":"076","lote":"0125","sourceType":"OFFICIAL_IMPORT","mainAddress":"Setor Fiscal 005","zoneamento":"RESIDENCIAL","statusCadastral":"ATIVO","workflowStatus":"PENDENTE","isOfficial":true,"rawProperties":{"cd_identificador":1961487,"cd_identificador_original_lote":8891631,"cd_setor_fiscal":"005","cd_tipo_quadra":"F","tx_tipo_quadra":"FISCAL","cd_quadra_fiscal":"076","cd_subquadra_fiscal":null,"cd_condominio":"00","cd_tipo_lote":"F","tx_tipo_lote":"FISCAL","cd_lote":"0125","cd_situacao":1,"cd_digito_sql":"4","cd_logradouro":"151017","nm_logradouro_completo":"R OSCAR CINTRA GORDINHO","cd_numero_porta":"91","tx_complemento_endereco":"95 101 105","tx_situ_lote":"ATIVO","cd_tipo_uso_imovel":"22","dc_tipo_uso_imovel":"Residencial","cd_tipo_terreno_imovel":1,"qt_area_terreno":755,"qt_area_construida":3100}}},{"type":"Feature","geometry":{"type":"Polygon","coordinates":[[[-45.028448,-23.538097],[-45.028449,-23.538098],[-45.028453,-23.538101],[-45.028453,-23.538102],[-45.028453,-23.538165],[-45.028453,-23.538211],[-45.028452,-23.538209],[-45.028451,-23.538206],[-45.028449,-23.538199],[-45.028448,-23.53815],[-45.028448,-23.538097]]]},"properties":{"sqlu":"SP-005-961563","inscription":"SP-GEOSAMPA-1961563","inscricaoImobiliaria":"SP-IMO-1961563","setor":"005","quadra":"066","lote":"0485","sourceType":"OFFICIAL_IMPORT","mainAddress":"Setor Fiscal 005","zoneamento":"RESIDENCIAL","statusCadastral":"ATIVO","workflowStatus":"PENDENTE","isOfficial":true,"rawProperties":{"cd_identificador":1961563,"cd_identificador_original_lote":8890380,"cd_setor_fiscal":"005","cd_tipo_quadra":"F","tx_tipo_quadra":"FISCAL","cd_quadra_fiscal":"066","cd_subquadra_fiscal":null,"cd_condominio":"00","cd_tipo_lote":"F","tx_tipo_lote":"FISCAL","cd_lote":"0485","cd_situacao":1,"cd_digito_sql":"3","cd_logradouro":"080241","nm_logradouro_completo":"R GLICERIO","cd_numero_porta":"S/N","tx_complemento_endereco":null,"tx_situ_lote":"ATIVO","cd_tipo_uso_imovel":"00","dc_tipo_uso_imovel":"Terreno","cd_tipo_terreno_imovel":1,"qt_area_terreno":272,"qt_area_construida":0}}},{"type":"Feature","geometry":{"type":"Polygon","coordinates":[[[-45.028575,-23.533676],[-45.028577,-23.533613],[-45.028578,-23.53367],[-45.028576,-23.533731],[-45.028576,-23.533731],[-45.028575,-23.533738],[-45.028575,-23.533676]]]},"properties":{"sqlu":"SP-005-961580","inscription":"SP-GEOSAMPA-1961580","inscricaoImobiliaria":"SP-IMO-1961580","setor":"005","quadra":"035","lote":"0058","sourceType":"OFFICIAL_IMPORT","mainAddress":"Setor Fiscal 005","zoneamento":"RESIDENCIAL","statusCadastral":"ATIVO","workflowStatus":"PENDENTE","isOfficial":true,"rawProperties":{"cd_identificador":1961580,"cd_identificador_original_lote":8890254,"cd_setor_fiscal":"005","cd_tipo_quadra":"F","tx_tipo_quadra":"FISCAL","cd_quadra_fiscal":"035","cd_subquadra_fiscal":null,"cd_condominio":"00","cd_tipo_lote":"F","tx_tipo_lote":"FISCAL","cd_lote":"0058","cd_situacao":1,"cd_digito_sql":"5","cd_logradouro":"023981","nm_logradouro_completo":"R ASDRUBAL DO NASCIMENTO","cd_numero_porta":"450","tx_complemento_endereco":"E 454","tx_situ_lote":"ATIVO","cd_tipo_uso_imovel":"71","dc_tipo_uso_imovel":"Não residencial","cd_tipo_terreno_imovel":1,"qt_area_terreno":180,"qt_area_construida":670}}},{"type":"Feature","geometry":{"type":"Polygon","coordinates":[[[-45.028607,-23.532699],[-45.028607,-23.532655],[-45.028606,-23.532584],[-45.028606,-23.532526],[-45.028613,-23.532559],[-45.028613,-23.532577],[-45.028613,-23.532694],[-45.028611,-23.532695],[-45.028611,-23.532695],[-45.02861,-23.532696],[-45.02861,-23.532696],[-45.028609,-23.532697],[-45.028608,-23.532698],[-45.028607,-23.532699]]]},"properties":{"sqlu":"SP-005-961738","inscription":"SP-GEOSAMPA-1961738","inscricaoImobiliaria":"SP-IMO-1961738","setor":"005","quadra":"023","lote":"0000","sourceType":"OFFICIAL_IMPORT","mainAddress":"Setor Fiscal 005","zoneamento":"RESIDENCIAL","statusCadastral":"ATIVO","workflowStatus":"PENDENTE","isOfficial":true,"rawProperties":{"cd_identificador":1961738,"cd_identificador_original_lote":8891032,"cd_setor_fiscal":"005","cd_tipo_quadra":"F","tx_tipo_quadra":"FISCAL","cd_quadra_fiscal":"023","cd_subquadra_fiscal":null,"cd_condominio":"03","cd_tipo_lote":"F","tx_tipo_lote":"FISCAL","cd_lote":"0000","cd_situacao":1,"cd_digito_sql":null,"cd_logradouro":"078530","nm_logradouro_completo":"R GENEBRA","cd_numero_porta":"161 163 165","tx_complemento_endereco":null,"tx_situ_lote":null,"cd_tipo_uso_imovel":"XX","dc_tipo_uso_imovel":"Condomínio","cd_tipo_terreno_imovel":99,"qt_area_terreno":429,"qt_area_construida":null}}},{"type":"Feature","geometry":{"type":"Polygon","coordinates":[[[-45.028415,-23.533419],[-45.028416,-23.533438],[-45.028416,-23.53344],[-45.028416,-23.533444],[-45.028417,-23.533447],[-45.028417,-23.53345],[-45.028417,-23.533454],[-45.028417,-23.533458],[-45.028417,-23.533462],[-45.028417,-23.533467],[-45.028417,-23.533472],[-45.028417,-23.533477],[-45.028417,-23.533484],[-45.028417,-23.533487],[-45.028418,-23.533493],[-45.028418,-23.533498],[-45.028418,-23.533504],[-45.028418,-23.53351],[-45.028418,-23.533516],[-45.028418,-23.533534],[-45.028418,-23.533546],[-45.028418,-23.533564],[-45.028417,-23.533599],[-45.028417,-23.5336],[-45.028416,-23.533611],[-45.028416,-23.533617],[-45.028415,-23.533633],[-45.028415,-23.533655],[-45.028414,-23.533681],[-45.028413,-23.533621],[-45.028413,-23.5336],[-45.028414,-23.533545],[-45.028414,-23.533494],[-45.028415,-23.53347],[-45.028415,-23.533419]]]},"properties":{"sqlu":"SP-005-961855","inscription":"SP-GEOSAMPA-1961855","inscricaoImobiliaria":"SP-IMO-1961855","setor":"005","quadra":"078","lote":"0000","sourceType":"OFFICIAL_IMPORT","mainAddress":"Setor Fiscal 005","zoneamento":"RESIDENCIAL","statusCadastral":"ATIVO","workflowStatus":"PENDENTE","isOfficial":true,"rawProperties":{"cd_identificador":1961855,"cd_identificador_original_lote":8890762,"cd_setor_fiscal":"005","cd_tipo_quadra":"F","tx_tipo_quadra":"FISCAL","cd_quadra_fiscal":"078","cd_subquadra_fiscal":null,"cd_condominio":"05","cd_tipo_lote":"F","tx_tipo_lote":"FISCAL","cd_lote":"0000","cd_situacao":1,"cd_digito_sql":null,"cd_logradouro":"151017","nm_logradouro_completo":"R OSCAR CINTRA GORDINHO","cd_numero_porta":"210 218","tx_complemento_endereco":null,"tx_situ_lote":null,"cd_tipo_uso_imovel":"XX","dc_tipo_uso_imovel":"Condomínio","cd_tipo_terreno_imovel":99,"qt_area_terreno":488,"qt_area_construida":null}}},{"type":"Feature","geometry":{"type":"Polygon","coordinates":[[[-45.028477,-23.533151],[-45.028477,-23.533139],[-45.028477,-23.532891],[-45.028478,-23.532892],[-45.028478,-23.533013],[-45.028478,-23.533072],[-45.028478,-23.533072],[-45.028478,-23.533083],[-45.028478,-23.533108],[-45.028478,-23.533142],[-45.028478,-23.533149],[-45.028478,-23.533149],[-45.028478,-23.53315],[-45.028478,-23.53315],[-45.028477,-23.533151]]]},"properties":{"sqlu":"SP-005-148550","inscription":"SP-GEOSAMPA-6148550","inscricaoImobiliaria":"SP-IMO-6148550","setor":"005","quadra":"076","lote":"1683","sourceType":"OFFICIAL_IMPORT","mainAddress":"Setor Fiscal 005","zoneamento":"RESIDENCIAL","statusCadastral":"ATIVO","workflowStatus":"PENDENTE","isOfficial":true,"rawProperties":{"cd_identificador":6148550,"cd_identificador_original_lote":8891740,"cd_setor_fiscal":"005","cd_tipo_quadra":"F","tx_tipo_quadra":"FISCAL","cd_quadra_fiscal":"076","cd_subquadra_fiscal":null,"cd_condominio":"00","cd_tipo_lote":"F","tx_tipo_lote":"FISCAL","cd_lote":"1683","cd_situacao":1,"cd_digito_sql":"9","cd_logradouro":"185566","nm_logradouro_completo":"R TABATINGUERA","cd_numero_porta":"116","tx_complemento_endereco":"E118","tx_situ_lote":"CANCELADO","cd_tipo_uso_imovel":"00","dc_tipo_uso_imovel":"Terreno","cd_tipo_terreno_imovel":1,"qt_area_terreno":245,"qt_area_construida":0}}},{"type":"Feature","geometry":{"type":"Polygon","coordinates":[[[-45.028441,-23.53483],[-45.028441,-23.534817],[-45.028441,-23.534645],[-45.028441,-23.534642],[-45.028441,-23.534635],[-45.028441,-23.534633],[-45.028442,-23.53468],[-45.028442,-23.534824],[-45.028441,-23.53483]]]},"properties":{"sqlu":"SP-005-961962","inscription":"SP-GEOSAMPA-1961962","inscricaoImobiliaria":"SP-IMO-1961962","setor":"005","quadra":"046","lote":"0112","sourceType":"OFFICIAL_IMPORT","mainAddress":"Setor Fiscal 005","zoneamento":"RESIDENCIAL","statusCadastral":"ATIVO","workflowStatus":"PENDENTE","isOfficial":true,"rawProperties":{"cd_identificador":1961962,"cd_identificador_original_lote":8891313,"cd_setor_fiscal":"005","cd_tipo_quadra":"F","tx_tipo_quadra":"FISCAL","cd_quadra_fiscal":"046","cd_subquadra_fiscal":null,"cd_condominio":"00","cd_tipo_lote":"F","tx_tipo_lote":"FISCAL","cd_lote":"0112","cd_situacao":1,"cd_digito_sql":"1","cd_logradouro":"178640","nm_logradouro_completo":"R CD DE SARZEDAS","cd_numero_porta":"354","tx_complemento_endereco":null,"tx_situ_lote":"ATIVO","cd_tipo_uso_imovel":"40","dc_tipo_uso_imovel":"Não residencial","cd_tipo_terreno_imovel":1,"qt_area_terreno":104,"qt_area_construida":70}}},{"type":"Feature","geometry":{"type":"Polygon","coordinates":[[[-45.028537,-23.536113],[-45.028537,-23.536081],[-45.028537,-23.536062],[-45.028537,-23.536035],[-45.028539,-23.536042],[-45.028539,-23.536044],[-45.028541,-23.53605],[-45.028541,-23.53605],[-45.028543,-23.536059],[-45.028543,-23.536137],[-45.028541,-23.536128],[-45.028537,-23.536113]]]},"properties":{"sqlu":"SP-005-962061","inscription":"SP-GEOSAMPA-1962061","inscricaoImobiliaria":"SP-IMO-1962061","setor":"005","quadra":"079","lote":"0006","sourceType":"OFFICIAL_IMPORT","mainAddress":"Setor Fiscal 005","zoneamento":"RESIDENCIAL","statusCadastral":"ATIVO","workflowStatus":"PENDENTE","isOfficial":true,"rawProperties":{"cd_identificador":1962061,"cd_identificador_original_lote":8890201,"cd_setor_fiscal":"005","cd_tipo_quadra":"F","tx_tipo_quadra":"FISCAL","cd_quadra_fiscal":"079","cd_subquadra_fiscal":null,"cd_condominio":"00","cd_tipo_lote":"F","tx_tipo_lote":"FISCAL","cd_lote":"0006","cd_situacao":1,"cd_digito_sql":"5","cd_logradouro":"077330","nm_logradouro_completo":"R GALVAO BUENO","cd_numero_porta":"22","tx_complemento_endereco":"E 28","tx_situ_lote":"ATIVO","cd_tipo_uso_imovel":"43","dc_tipo_uso_imovel":"Não residencial","cd_tipo_terreno_imovel":1,"qt_area_terreno":180,"qt_area_construida":450}}},{"type":"Feature","geometry":{"type":"Polygon","coordinates":[[[-45.028527,-23.534228],[-45.028526,-23.534205],[-45.028526,-23.534154],[-45.028527,-23.534139],[-45.028527,-23.534135],[-45.028528,-23.53412],[-45.028528,-23.534103],[-45.028529,-23.53409],[-45.028529,-23.534081],[-45.028531,-23.53404],[-45.028532,-23.534122],[-45.028528,-23.534207],[-45.028528,-23.534215],[-45.028527,-23.53422],[-45.028527,-23.534228]]]},"properties":{"sqlu":"SP-005-961851","inscription":"SP-GEOSAMPA-1961851","inscricaoImobiliaria":"SP-IMO-1961851","setor":"005","quadra":"039","lote":"0000","sourceType":"OFFICIAL_IMPORT","mainAddress":"Setor Fiscal 005","zoneamento":"RESIDENCIAL","statusCadastral":"ATIVO","workflowStatus":"PENDENTE","isOfficial":true,"rawProperties":{"cd_identificador":1961851,"cd_identificador_original_lote":8891095,"cd_setor_fiscal":"005","cd_tipo_quadra":"F","tx_tipo_quadra":"FISCAL","cd_quadra_fiscal":"039","cd_subquadra_fiscal":null,"cd_condominio":"08","cd_tipo_lote":"F","tx_tipo_lote":"FISCAL","cd_lote":"0000","cd_situacao":1,"cd_digito_sql":null,"cd_logradouro":"118184","nm_logradouro_completo":"AV DA LIBERDADE","cd_numero_porta":"87 91","tx_complemento_endereco":null,"tx_situ_lote":null,"cd_tipo_uso_imovel":"XX","dc_tipo_uso_imovel":"Condomínio","cd_tipo_terreno_imovel":99,"qt_area_terreno":419,"qt_area_construida":null}}},{"type":"Feature","geometry":{"type":"Polygon","coordinates":[[[-45.028621,-23.535213],[-45.028622,-23.535326],[-45.028621,-23.53536],[-45.028619,-23.535405],[-45.028618,-23.535434],[-45.028618,-23.535441],[-45.028618,-23.535449],[-45.028617,-23.535391],[-45.028616,-23.535333],[-45.028617,-23.535327],[-45.028617,-23.535325],[-45.028618,-23.535293],[-45.02862,-23.535247],[-45.028621,-23.535213]]]},"properties":{"sqlu":"SP-005-962059","inscription":"SP-GEOSAMPA-1962059","inscricaoImobiliaria":"SP-IMO-1962059","setor":"005","quadra":"034","lote":"0000","sourceType":"OFFICIAL_IMPORT","mainAddress":"Setor Fiscal 005","zoneamento":"RESIDENCIAL","statusCadastral":"ATIVO","workflowStatus":"PENDENTE","isOfficial":true,"rawProperties":{"cd_identificador":1962059,"cd_identificador_original_lote":8890706,"cd_setor_fiscal":"005","cd_tipo_quadra":"F","tx_tipo_quadra":"FISCAL","cd_quadra_fiscal":"034","cd_subquadra_fiscal":null,"cd_condominio":"06","cd_tipo_lote":"F","tx_tipo_lote":"FISCAL","cd_lote":"0000","cd_situacao":1,"cd_digito_sql":null,"cd_logradouro":"073296","nm_logradouro_completo":"R FRANCISCA MIQUELINA","cd_numero_porta":"351 355 359","tx_complemento_endereco":null,"tx_situ_lote":null,"cd_tipo_uso_imovel":"XX","dc_tipo_uso_imovel":"Condomínio","cd_tipo_terreno_imovel":99,"qt_area_terreno":410,"qt_area_construida":null}}},{"type":"Feature","geometry":{"type":"Polygon","coordinates":[[[-45.028498,-23.538149],[-45.028501,-23.538157],[-45.028501,-23.538159],[-45.028501,-23.538265],[-45.028501,-23.538264],[-45.028498,-23.538255],[-45.028498,-23.538149]]]},"properties":{"sqlu":"SP-005-961969","inscription":"SP-GEOSAMPA-1961969","inscricaoImobiliaria":"SP-IMO-1961969","setor":"005","quadra":"063","lote":"0038","sourceType":"OFFICIAL_IMPORT","mainAddress":"Setor Fiscal 005","zoneamento":"RESIDENCIAL","statusCadastral":"ATIVO","workflowStatus":"PENDENTE","isOfficial":true,"rawProperties":{"cd_identificador":1961969,"cd_identificador_original_lote":8890366,"cd_setor_fiscal":"005","cd_tipo_quadra":"F","tx_tipo_quadra":"FISCAL","cd_quadra_fiscal":"063","cd_subquadra_fiscal":null,"cd_condominio":"00","cd_tipo_lote":"F","tx_tipo_lote":"FISCAL","cd_lote":"0038","cd_situacao":1,"cd_digito_sql":"2","cd_logradouro":"076643","nm_logradouro_completo":"R CONS FURTADO","cd_numero_porta":"558","tx_complemento_endereco":"562 568","tx_situ_lote":"ATIVO","cd_tipo_uso_imovel":"31","dc_tipo_uso_imovel":"Não residencial","cd_tipo_terreno_imovel":1,"qt_area_terreno":216,"qt_area_construida":519}}},{"type":"Feature","geometry":{"type":"Polygon","coordinates":[[[-45.028484,-23.53723],[-45.028483,-23.537227],[-45.028481,-23.537218],[-45.028481,-23.537046],[-45.028481,-23.537004],[-45.028481,-23.536976],[-45.028481,-23.536969],[-45.028481,-23.536963],[-45.028481,-23.536958],[-45.028481,-23.536953],[-45.028481,-23.536948],[-45.028481,-23.536945],[-45.028487,-23.536975],[-45.028487,-23.536982],[-45.028486,-23.537003],[-45.028486,-23.537009],[-45.028486,-23.537097],[-45.028486,-23.537238],[-45.028486,-23.537238],[-45.028485,-23.537234],[-45.028485,-23.537137],[-45.028485,-23.537119],[-45.028484,-23.537116],[-45.028484,-23.537133],[-45.028484,-23.537211],[-45.028484,-23.53723]]]},"properties":{"sqlu":"SP-005-961944","inscription":"SP-GEOSAMPA-1961944","inscricaoImobiliaria":"SP-IMO-1961944","setor":"005","quadra":"084","lote":"0009","sourceType":"OFFICIAL_IMPORT","mainAddress":"Setor Fiscal 005","zoneamento":"RESIDENCIAL","statusCadastral":"ATIVO","workflowStatus":"PENDENTE","isOfficial":true,"rawProperties":{"cd_identificador":1961944,"cd_identificador_original_lote":8890609,"cd_setor_fiscal":"005","cd_tipo_quadra":"F","tx_tipo_quadra":"FISCAL","cd_quadra_fiscal":"084","cd_subquadra_fiscal":null,"cd_condominio":"00","cd_tipo_lote":"F","tx_tipo_lote":"FISCAL","cd_lote":"0009","cd_situacao":1,"cd_digito_sql":"0","cd_logradouro":"156744","nm_logradouro_completo":"R S PAULO","cd_numero_porta":"73","tx_complemento_endereco":"E 57","tx_situ_lote":"ATIVO","cd_tipo_uso_imovel":"61","dc_tipo_uso_imovel":"Não residencial","cd_tipo_terreno_imovel":2,"qt_area_terreno":876,"qt_area_construida":722}}},{"type":"Feature","geometry":{"type":"Polygon","coordinates":[[[-45.028469,-23.537649],[-45.028469,-23.537667],[-45.028469,-23.53771],[-45.028469,-23.537707],[-45.028467,-23.5377],[-45.028465,-23.537689],[-45.028465,-23.537661],[-45.028465,-23.537628],[-45.028467,-23.537639],[-45.028469,-23.537646],[-45.028469,-23.537649]]]},"properties":{"sqlu":"SP-005-962100","inscription":"SP-GEOSAMPA-1962100","inscricaoImobiliaria":"SP-IMO-1962100","setor":"005","quadra":"066","lote":"0007","sourceType":"OFFICIAL_IMPORT","mainAddress":"Setor Fiscal 005","zoneamento":"RESIDENCIAL","statusCadastral":"ATIVO","workflowStatus":"PENDENTE","isOfficial":true,"rawProperties":{"cd_identificador":1962100,"cd_identificador_original_lote":8890436,"cd_setor_fiscal":"005","cd_tipo_quadra":"F","tx_tipo_quadra":"FISCAL","cd_quadra_fiscal":"066","cd_subquadra_fiscal":null,"cd_condominio":"00","cd_tipo_lote":"F","tx_tipo_lote":"FISCAL","cd_lote":"0007","cd_situacao":1,"cd_digito_sql":"6","cd_logradouro":"183270","nm_logradouro_completo":"R SINIMBU","cd_numero_porta":"41","tx_complemento_endereco":null,"tx_situ_lote":"ATIVO","cd_tipo_uso_imovel":"10","dc_tipo_uso_imovel":"Residencial","cd_tipo_terreno_imovel":1,"qt_area_terreno":156,"qt_area_construida":200}}},{"type":"Feature","geometry":{"type":"Polygon","coordinates":[[[-45.02859,-23.537487],[-45.02859,-23.537372],[-45.02859,-23.537369],[-45.028591,-23.53734],[-45.028591,-23.537329],[-45.028593,-23.537307],[-45.028593,-23.537294],[-45.028594,-23.53741],[-45.028593,-23.537441],[-45.028592,-23.537456],[-45.02859,-23.537487]]]},"properties":{"sqlu":"SP-005-962143","inscription":"SP-GEOSAMPA-1962143","inscricaoImobiliaria":"SP-IMO-1962143","setor":"005","quadra":"086","lote":"0000","sourceType":"OFFICIAL_IMPORT","mainAddress":"Setor Fiscal 005","zoneamento":"RESIDENCIAL","statusCadastral":"ATIVO","workflowStatus":"PENDENTE","isOfficial":true,"rawProperties":{"cd_identificador":1962143,"cd_identificador_original_lote":8890846,"cd_setor_fiscal":"005","cd_tipo_quadra":"F","tx_tipo_quadra":"FISCAL","cd_quadra_fiscal":"086","cd_subquadra_fiscal":null,"cd_condominio":"01","cd_tipo_lote":"F","tx_tipo_lote":"FISCAL","cd_lote":"0000","cd_situacao":1,"cd_digito_sql":null,"cd_logradouro":"178128","nm_logradouro_completo":"R CD DE SAO JOAQUIM","cd_numero_porta":"115","tx_complemento_endereco":null,"tx_situ_lote":null,"cd_tipo_uso_imovel":"XX","dc_tipo_uso_imovel":"Condomínio","cd_tipo_terreno_imovel":99,"qt_area_terreno":313,"qt_area_construida":null}}},{"type":"Feature","geometry":{"type":"Polygon","coordinates":[[[-45.028522,-23.538684],[-45.028523,-23.538686],[-45.028523,-23.538732],[-45.028523,-23.539014],[-45.028521,-23.539015],[-45.028521,-23.538941],[-45.028522,-23.538728],[-45.028522,-23.538684]]]},"properties":{"sqlu":"SP-005-962092","inscription":"SP-GEOSAMPA-1962092","inscricaoImobiliaria":"SP-IMO-1962092","setor":"005","quadra":"069","lote":"0094","sourceType":"OFFICIAL_IMPORT","mainAddress":"Setor Fiscal 005","zoneamento":"RESIDENCIAL","statusCadastral":"ATIVO","workflowStatus":"PENDENTE","isOfficial":true,"rawProperties":{"cd_identificador":1962092,"cd_identificador_original_lote":8891440,"cd_setor_fiscal":"005","cd_tipo_quadra":"F","tx_tipo_quadra":"FISCAL","cd_quadra_fiscal":"069","cd_subquadra_fiscal":null,"cd_condominio":"00","cd_tipo_lote":"F","tx_tipo_lote":"FISCAL","cd_lote":"0094","cd_situacao":1,"cd_digito_sql":"0","cd_logradouro":"090328","nm_logradouro_completo":"R BR DE IGUAPE","cd_numero_porta":"260","tx_complemento_endereco":null,"tx_situ_lote":"ATIVO","cd_tipo_uso_imovel":"43","dc_tipo_uso_imovel":"Não residencial","cd_tipo_terreno_imovel":1,"qt_area_terreno":307,"qt_area_construida":1184}}},{"type":"Feature","geometry":{"type":"Polygon","coordinates":[[[-45.028473,-23.536265],[-45.028473,-23.536253],[-45.028473,-23.536221],[-45.028475,-23.536229],[-45.028475,-23.536243],[-45.028475,-23.536274],[-45.028474,-23.53627],[-45.028473,-23.536265]]]},"properties":{"sqlu":"SP-005-962105","inscription":"SP-GEOSAMPA-1962105","inscricaoImobiliaria":"SP-IMO-1962105","setor":"005","quadra":"054","lote":"0015","sourceType":"OFFICIAL_IMPORT","mainAddress":"Setor Fiscal 005","zoneamento":"RESIDENCIAL","statusCadastral":"ATIVO","workflowStatus":"PENDENTE","isOfficial":true,"rawProperties":{"cd_identificador":1962105,"cd_identificador_original_lote":8890745,"cd_setor_fiscal":"005","cd_tipo_quadra":"F","tx_tipo_quadra":"FISCAL","cd_quadra_fiscal":"054","cd_subquadra_fiscal":null,"cd_condominio":"00","cd_tipo_lote":"F","tx_tipo_lote":"FISCAL","cd_lote":"0015","cd_situacao":1,"cd_digito_sql":"4","cd_logradouro":"067091","nm_logradouro_completo":"TV DOS ESTUDANTES","cd_numero_porta":"16","tx_complemento_endereco":null,"tx_situ_lote":"ATIVO","cd_tipo_uso_imovel":"10","dc_tipo_uso_imovel":"Residencial","cd_tipo_terreno_imovel":1,"qt_area_terreno":70,"qt_area_construida":70}}},{"type":"Feature","geometry":{"type":"Polygon","coordinates":[[[-45.028487,-23.540152],[-45.028492,-23.540165],[-45.028492,-23.540215],[-45.028487,-23.540201],[-45.028487,-23.540152]]]},"properties":{"sqlu":"SP-005-962277","inscription":"SP-GEOSAMPA-1962277","inscricaoImobiliaria":"SP-IMO-1962277","setor":"005","quadra":"071","lote":"0071","sourceType":"OFFICIAL_IMPORT","mainAddress":"Setor Fiscal 005","zoneamento":"RESIDENCIAL","statusCadastral":"ATIVO","workflowStatus":"PENDENTE","isOfficial":true,"rawProperties":{"cd_identificador":1962277,"cd_identificador_original_lote":8891190,"cd_setor_fiscal":"005","cd_tipo_quadra":"F","tx_tipo_quadra":"FISCAL","cd_quadra_fiscal":"071","cd_subquadra_fiscal":null,"cd_condominio":"00","cd_tipo_lote":"F","tx_tipo_lote":"FISCAL","cd_lote":"0071","cd_situacao":1,"cd_digito_sql":"9","cd_logradouro":"076643","nm_logradouro_completo":"R CONS FURTADO","cd_numero_porta":"S/N","tx_complemento_endereco":null,"tx_situ_lote":"ATIVO","cd_tipo_uso_imovel":"00","dc_tipo_uso_imovel":"Terreno","cd_tipo_terreno_imovel":1,"qt_area_terreno":172,"qt_area_construida":0}}},{"type":"Feature","geometry":{"type":"Polygon","coordinates":[[[-45.028451,-23.535618],[-45.028452,-23.535621],[-45.028452,-23.535701],[-45.028452,-23.535761],[-45.028451,-23.535759],[-45.028451,-23.535758],[-45.028451,-23.535732],[-45.028451,-23.535698],[-45.028451,-23.535618]]]},"properties":{"sqlu":"SP-005-962271","inscription":"SP-GEOSAMPA-1962271","inscricaoImobiliaria":"SP-IMO-1962271","setor":"005","quadra":"090","lote":"0014","sourceType":"OFFICIAL_IMPORT","mainAddress":"Setor Fiscal 005","zoneamento":"RESIDENCIAL","statusCadastral":"ATIVO","workflowStatus":"PENDENTE","isOfficial":true,"rawProperties":{"cd_identificador":1962271,"cd_identificador_original_lote":8890851,"cd_setor_fiscal":"005","cd_tipo_quadra":"F","tx_tipo_quadra":"FISCAL","cd_quadra_fiscal":"090","cd_subquadra_fiscal":null,"cd_condominio":"00","cd_tipo_lote":"F","tx_tipo_lote":"FISCAL","cd_lote":"0014","cd_situacao":1,"cd_digito_sql":"2","cd_logradouro":"067083","nm_logradouro_completo":"R DOS ESTUDANTES","cd_numero_porta":"490","tx_complemento_endereco":null,"tx_situ_lote":"ATIVO","cd_tipo_uso_imovel":"10","dc_tipo_uso_imovel":"Residencial","cd_tipo_terreno_imovel":1,"qt_area_terreno":79,"qt_area_construida":40}}},{"type":"Feature","geometry":{"type":"Polygon","coordinates":[[[-45.028527,-23.536529],[-45.028527,-23.536465],[-45.028527,-23.536465],[-45.028528,-23.536464],[-45.028528,-23.536464],[-45.028529,-23.536463],[-45.02853,-23.536463],[-45.028532,-23.536461],[-45.028533,-23.536461],[-45.028534,-23.53646],[-45.028534,-23.536532],[-45.02853,-23.536529],[-45.028528,-23.536529],[-45.028527,-23.536529]]]},"properties":{"sqlu":"SP-005-962456","inscription":"SP-GEOSAMPA-1962456","inscricaoImobiliaria":"SP-IMO-1962456","setor":"005","quadra":"051","lote":"0018","sourceType":"OFFICIAL_IMPORT","mainAddress":"Setor Fiscal 005","zoneamento":"RESIDENCIAL","statusCadastral":"ATIVO","workflowStatus":"PENDENTE","isOfficial":true,"rawProperties":{"cd_identificador":1962456,"cd_identificador_original_lote":8891847,"cd_setor_fiscal":"005","cd_tipo_quadra":"F","tx_tipo_quadra":"FISCAL","cd_quadra_fiscal":"051","cd_subquadra_fiscal":null,"cd_condominio":"00","cd_tipo_lote":"F","tx_tipo_lote":"FISCAL","cd_lote":"0018","cd_situacao":1,"cd_digito_sql":"5","cd_logradouro":"077330","nm_logradouro_completo":"R GALVAO BUENO","cd_numero_porta":"69","tx_complemento_endereco":"E 75","tx_situ_lote":"ATIVO","cd_tipo_uso_imovel":"42","dc_tipo_uso_imovel":"Não residencial","cd_tipo_terreno_imovel":1,"qt_area_terreno":360,"qt_area_construida":300}}},{"type":"Feature","geometry":{"type":"Polygon","coordinates":[[[-45.028527,-23.536529],[-45.028528,-23.536529],[-45.02853,-23.536529],[-45.028534,-23.536532],[-45.028534,-23.536637],[-45.028533,-23.536637],[-45.028532,-23.536636],[-45.02853,-23.536635],[-45.028519,-23.536658],[-45.028519,-23.536538],[-45.028521,-23.536536],[-45.028522,-23.536535],[-45.028527,-23.536529]]]},"properties":{"sqlu":"SP-005-962457","inscription":"SP-GEOSAMPA-1962457","inscricaoImobiliaria":"SP-IMO-1962457","setor":"005","quadra":"051","lote":"0048","sourceType":"OFFICIAL_IMPORT","mainAddress":"Setor Fiscal 005","zoneamento":"RESIDENCIAL","statusCadastral":"ATIVO","workflowStatus":"PENDENTE","isOfficial":true,"rawProperties":{"cd_identificador":1962457,"cd_identificador_original_lote":8891848,"cd_setor_fiscal":"005","cd_tipo_quadra":"F","tx_tipo_quadra":"FISCAL","cd_quadra_fiscal":"051","cd_subquadra_fiscal":null,"cd_condominio":"00","cd_tipo_lote":"F","tx_tipo_lote":"FISCAL","cd_lote":"0048","cd_situacao":1,"cd_digito_sql":"7","cd_logradouro":"080292","nm_logradouro_completo":"R DA GLORIA","cd_numero_porta":"346","tx_complemento_endereco":null,"tx_situ_lote":"ATIVO","cd_tipo_uso_imovel":"40","dc_tipo_uso_imovel":"Não residencial","cd_tipo_terreno_imovel":3,"qt_area_terreno":949,"qt_area_construida":1030}}},{"type":"Feature","geometry":{"type":"Polygon","coordinates":[[[-45.028598,-23.535348],[-45.0286,-23.535311],[-45.028602,-23.535254],[-45.028604,-23.535535],[-45.028602,-23.535587],[-45.028602,-23.535592],[-45.028601,-23.535628],[-45.0286,-23.535663],[-45.028598,-23.535701],[-45.028598,-23.535714],[-45.028595,-23.535798],[-45.028594,-23.535816],[-45.028591,-23.535605],[-45.02859,-23.535555],[-45.028592,-23.535515],[-45.028594,-23.535453],[-45.028595,-23.535432],[-45.028595,-23.53543],[-45.028596,-23.535419],[-45.028597,-23.535382],[-45.028598,-23.535348]]]},"properties":{"sqlu":"SP-005-875850","inscription":"SP-GEOSAMPA-6875850","inscricaoImobiliaria":"SP-IMO-6875850","setor":"005","quadra":"035","lote":"0000","sourceType":"OFFICIAL_IMPORT","mainAddress":"Setor Fiscal 005","zoneamento":"RESIDENCIAL","statusCadastral":"ATIVO","workflowStatus":"PENDENTE","isOfficial":true,"rawProperties":{"cd_identificador":6875850,"cd_identificador_original_lote":10729139,"cd_setor_fiscal":"005","cd_tipo_quadra":"F","tx_tipo_quadra":"FISCAL","cd_quadra_fiscal":"035","cd_subquadra_fiscal":null,"cd_condominio":"07","cd_tipo_lote":"F","tx_tipo_lote":"FISCAL","cd_lote":"0000","cd_situacao":1,"cd_digito_sql":null,"cd_logradouro":"098957","nm_logradouro_completo":"R JANDAIA","cd_numero_porta":"210 218","tx_complemento_endereco":null,"tx_situ_lote":null,"cd_tipo_uso_imovel":"XX","dc_tipo_uso_imovel":"Condomínio","cd_tipo_terreno_imovel":99,"qt_area_terreno":2450,"qt_area_construida":null}}},{"type":"Feature","geometry":{"type":"Polygon","coordinates":[[[-45.028463,-23.535975],[-45.028461,-23.535969],[-45.028461,-23.535967],[-45.028461,-23.535967],[-45.02846,-23.535964],[-45.02846,-23.535931],[-45.02846,-23.535908],[-45.028463,-23.535919],[-45.028463,-23.535975]]]},"properties":{"sqlu":"SP-005-962417","inscription":"SP-GEOSAMPA-1962417","inscricaoImobiliaria":"SP-IMO-1962417","setor":"005","quadra":"093","lote":"0006","sourceType":"OFFICIAL_IMPORT","mainAddress":"Setor Fiscal 005","zoneamento":"RESIDENCIAL","statusCadastral":"ATIVO","workflowStatus":"PENDENTE","isOfficial":true,"rawProperties":{"cd_identificador":1962417,"cd_identificador_original_lote":8891818,"cd_setor_fiscal":"005","cd_tipo_quadra":"F","tx_tipo_quadra":"FISCAL","cd_quadra_fiscal":"093","cd_subquadra_fiscal":null,"cd_condominio":"00","cd_tipo_lote":"F","tx_tipo_lote":"FISCAL","cd_lote":"0006","cd_situacao":1,"cd_digito_sql":"5","cd_logradouro":"012190","nm_logradouro_completo":"R EGAS MONIZ DE ARAGAO","cd_numero_porta":"35","tx_complemento_endereco":null,"tx_situ_lote":"ATIVO","cd_tipo_uso_imovel":"10","dc_tipo_uso_imovel":"Residencial","cd_tipo_terreno_imovel":1,"qt_area_terreno":70,"qt_area_construida":50}}},{"type":"Feature","geometry":{"type":"Polygon","coordinates":[[[-45.028463,-23.535975],[-45.028462,-23.536025],[-45.02846,-23.536015],[-45.02846,-23.535964],[-45.028461,-23.535967],[-45.028461,-23.535967],[-45.028461,-23.535969],[-45.028463,-23.535975]]]},"properties":{"sqlu":"SP-005-962418","inscription":"SP-GEOSAMPA-1962418","inscricaoImobiliaria":"SP-IMO-1962418","setor":"005","quadra":"093","lote":"0007","sourceType":"OFFICIAL_IMPORT","mainAddress":"Setor Fiscal 005","zoneamento":"RESIDENCIAL","statusCadastral":"ATIVO","workflowStatus":"PENDENTE","isOfficial":true,"rawProperties":{"cd_identificador":1962418,"cd_identificador_original_lote":8891819,"cd_setor_fiscal":"005","cd_tipo_quadra":"F","tx_tipo_quadra":"FISCAL","cd_quadra_fiscal":"093","cd_subquadra_fiscal":null,"cd_condominio":"00","cd_tipo_lote":"F","tx_tipo_lote":"FISCAL","cd_lote":"0007","cd_situacao":1,"cd_digito_sql":"3","cd_logradouro":"012190","nm_logradouro_completo":"R EGAS MONIZ DE ARAGAO","cd_numero_porta":"45","tx_complemento_endereco":null,"tx_situ_lote":"ATIVO","cd_tipo_uso_imovel":"10","dc_tipo_uso_imovel":"Residencial","cd_tipo_terreno_imovel":1,"qt_area_terreno":70,"qt_area_construida":50}}},{"type":"Feature","geometry":{"type":"Polygon","coordinates":[[[-45.028542,-23.533758],[-45.02854,-23.533797],[-45.028539,-23.533802],[-45.028539,-23.533762],[-45.028539,-23.53374],[-45.028539,-23.533735],[-45.028539,-23.533719],[-45.028539,-23.533705],[-45.028539,-23.533692],[-45.028539,-23.533665],[-45.02854,-23.533664],[-45.028542,-23.533654],[-45.028542,-23.533668],[-45.028542,-23.533679],[-45.028542,-23.533737],[-45.028542,-23.533758]]]},"properties":{"sqlu":"SP-005-962568","inscription":"SP-GEOSAMPA-1962568","inscricaoImobiliaria":"SP-IMO-1962568","setor":"005","quadra":"038","lote":"0017","sourceType":"OFFICIAL_IMPORT","mainAddress":"Setor Fiscal 005","zoneamento":"RESIDENCIAL","statusCadastral":"ATIVO","workflowStatus":"PENDENTE","isOfficial":true,"rawProperties":{"cd_identificador":1962568,"cd_identificador_original_lote":8890730,"cd_setor_fiscal":"005","cd_tipo_quadra":"F","tx_tipo_quadra":"FISCAL","cd_quadra_fiscal":"038","cd_subquadra_fiscal":null,"cd_condominio":"00","cd_tipo_lote":"F","tx_tipo_lote":"FISCAL","cd_lote":"0017","cd_situacao":1,"cd_digito_sql":"1","cd_logradouro":"043680","nm_logradouro_completo":"PC CARLOS GOMES","cd_numero_porta":"87","tx_complemento_endereco":"89 91 93","tx_situ_lote":"ATIVO","cd_tipo_uso_imovel":"40","dc_tipo_uso_imovel":"Não residencial","cd_tipo_terreno_imovel":1,"qt_area_terreno":200,"qt_area_construida":320}}},{"type":"Feature","geometry":{"type":"Polygon","coordinates":[[[-45.028521,-23.534755],[-45.028524,-23.534757],[-45.028524,-23.534804],[-45.028521,-23.534802],[-45.028521,-23.534755]]]},"properties":{"sqlu":"SP-005-962925","inscription":"SP-GEOSAMPA-1962925","inscricaoImobiliaria":"SP-IMO-1962925","setor":"005","quadra":"039","lote":"0042","sourceType":"OFFICIAL_IMPORT","mainAddress":"Setor Fiscal 005","zoneamento":"RESIDENCIAL","statusCadastral":"ATIVO","workflowStatus":"PENDENTE","isOfficial":true,"rawProperties":{"cd_identificador":1962925,"cd_identificador_original_lote":8891081,"cd_setor_fiscal":"005","cd_tipo_quadra":"F","tx_tipo_quadra":"FISCAL","cd_quadra_fiscal":"039","cd_subquadra_fiscal":null,"cd_condominio":"00","cd_tipo_lote":"F","tx_tipo_lote":"FISCAL","cd_lote":"0042","cd_situacao":1,"cd_digito_sql":"7","cd_logradouro":"080292","nm_logradouro_completo":"R DA GLORIA","cd_numero_porta":"146","tx_complemento_endereco":"148","tx_situ_lote":"ATIVO","cd_tipo_uso_imovel":"42","dc_tipo_uso_imovel":"Não residencial","cd_tipo_terreno_imovel":1,"qt_area_terreno":84,"qt_area_construida":250}}},{"type":"Feature","geometry":{"type":"Polygon","coordinates":[[[-45.028559,-23.528418],[-45.02856,-23.528388],[-45.02856,-23.528411],[-45.02856,-23.528426],[-45.02856,-23.528449],[-45.02856,-23.528462],[-45.028558,-23.528503],[-45.028558,-23.528513],[-45.028556,-23.528558],[-45.028555,-23.528379],[-45.028556,-23.528347],[-45.028557,-23.528468],[-45.028557,-23.528456],[-45.028559,-23.528418]]]},"properties":{"sqlu":"SP-005-963095","inscription":"SP-GEOSAMPA-1963095","inscricaoImobiliaria":"SP-IMO-1963095","setor":"005","quadra":"003","lote":"0006","sourceType":"OFFICIAL_IMPORT","mainAddress":"Setor Fiscal 005","zoneamento":"RESIDENCIAL","statusCadastral":"ATIVO","workflowStatus":"PENDENTE","isOfficial":true,"rawProperties":{"cd_identificador":1963095,"cd_identificador_original_lote":8891241,"cd_setor_fiscal":"005","cd_tipo_quadra":"F","tx_tipo_quadra":"FISCAL","cd_quadra_fiscal":"003","cd_subquadra_fiscal":null,"cd_condominio":"00","cd_tipo_lote":"F","tx_tipo_lote":"FISCAL","cd_lote":"0006","cd_situacao":1,"cd_digito_sql":"2","cd_logradouro":"032107","nm_logradouro_completo":"R S BENTO","cd_numero_porta":"87","tx_complemento_endereco":"A 103","tx_situ_lote":"ATIVO","cd_tipo_uso_imovel":"40","dc_tipo_uso_imovel":"Não residencial","cd_tipo_terreno_imovel":1,"qt_area_terreno":305,"qt_area_construida":800}}},{"type":"Feature","geometry":{"type":"Polygon","coordinates":[[[-45.028448,-23.535722],[-45.028447,-23.53572],[-45.028447,-23.5356],[-45.028448,-23.535604],[-45.028448,-23.535684],[-45.028448,-23.535697],[-45.028448,-23.535722]]]},"properties":{"sqlu":"SP-005-963124","inscription":"SP-GEOSAMPA-1963124","inscricaoImobiliaria":"SP-IMO-1963124","setor":"005","quadra":"056","lote":"0002","sourceType":"OFFICIAL_IMPORT","mainAddress":"Setor Fiscal 005","zoneamento":"RESIDENCIAL","statusCadastral":"ATIVO","workflowStatus":"PENDENTE","isOfficial":true,"rawProperties":{"cd_identificador":1963124,"cd_identificador_original_lote":8891873,"cd_setor_fiscal":"005","cd_tipo_quadra":"F","tx_tipo_quadra":"FISCAL","cd_quadra_fiscal":"056","cd_subquadra_fiscal":null,"cd_condominio":"00","cd_tipo_lote":"F","tx_tipo_lote":"FISCAL","cd_lote":"0002","cd_situacao":1,"cd_digito_sql":"1","cd_logradouro":"067083","nm_logradouro_completo":"R DOS ESTUDANTES","cd_numero_porta":"518","tx_complemento_endereco":null,"tx_situ_lote":"ATIVO","cd_tipo_uso_imovel":"10","dc_tipo_uso_imovel":"Residencial","cd_tipo_terreno_imovel":1,"qt_area_terreno":72,"qt_area_construida":40}}},{"type":"Feature","geometry":{"type":"Polygon","coordinates":[[[-45.028621,-23.537436],[-45.028623,-23.537348],[-45.028624,-23.537289],[-45.028627,-23.537457],[-45.028623,-23.537606],[-45.028622,-23.537527],[-45.028622,-23.537479],[-45.028621,-23.537436]]]},"properties":{"sqlu":"SP-005-963210","inscription":"SP-GEOSAMPA-1963210","inscricaoImobiliaria":"SP-IMO-1963210","setor":"005","quadra":"048","lote":"0000","sourceType":"OFFICIAL_IMPORT","mainAddress":"Setor Fiscal 005","zoneamento":"RESIDENCIAL","statusCadastral":"ATIVO","workflowStatus":"PENDENTE","isOfficial":true,"rawProperties":{"cd_identificador":1963210,"cd_identificador_original_lote":8891407,"cd_setor_fiscal":"005","cd_tipo_quadra":"F","tx_tipo_quadra":"FISCAL","cd_quadra_fiscal":"048","cd_subquadra_fiscal":null,"cd_condominio":"08","cd_tipo_lote":"F","tx_tipo_lote":"FISCAL","cd_lote":"0000","cd_situacao":1,"cd_digito_sql":null,"cd_logradouro":"178136","nm_logradouro_completo":"R CDSSA DE SAO JOAQUIM","cd_numero_porta":"352 360","tx_complemento_endereco":null,"tx_situ_lote":null,"cd_tipo_uso_imovel":"XX","dc_tipo_uso_imovel":"Condomínio","cd_tipo_terreno_imovel":99,"qt_area_terreno":616,"qt_area_construida":null}}},{"type":"Feature","geometry":{"type":"Polygon","coordinates":[[[-45.028455,-23.538835],[-45.028454,-23.538813],[-45.028454,-23.538795],[-45.02846,-23.538654],[-45.02846,-23.538644],[-45.02846,-23.538651],[-45.02846,-23.538695],[-45.02846,-23.538728],[-45.028459,-23.538753],[-45.028459,-23.538763],[-45.028459,-23.538727],[-45.028455,-23.538835]]]},"properties":{"sqlu":"SP-005-963336","inscription":"SP-GEOSAMPA-1963336","inscricaoImobiliaria":"SP-IMO-1963336","setor":"005","quadra":"073","lote":"0044","sourceType":"OFFICIAL_IMPORT","mainAddress":"Setor Fiscal 005","zoneamento":"RESIDENCIAL","statusCadastral":"ATIVO","workflowStatus":"PENDENTE","isOfficial":true,"rawProperties":{"cd_identificador":1963336,"cd_identificador_original_lote":8890522,"cd_setor_fiscal":"005","cd_tipo_quadra":"F","tx_tipo_quadra":"FISCAL","cd_quadra_fiscal":"073","cd_subquadra_fiscal":null,"cd_condominio":"00","cd_tipo_lote":"F","tx_tipo_lote":"FISCAL","cd_lote":"0044","cd_situacao":1,"cd_digito_sql":"0","cd_logradouro":"080241","nm_logradouro_completo":"R GLICERIO","cd_numero_porta":"726","tx_complemento_endereco":null,"tx_situ_lote":"ATIVO","cd_tipo_uso_imovel":"14","dc_tipo_uso_imovel":"Residencial","cd_tipo_terreno_imovel":1,"qt_area_terreno":121,"qt_area_construida":160}}},{"type":"Feature","geometry":{"type":"Polygon","coordinates":[[[-45.028477,-23.535876],[-45.028476,-23.535876],[-45.028475,-23.535876],[-45.028475,-23.535718],[-45.028477,-23.535724],[-45.028477,-23.535841],[-45.028477,-23.535855],[-45.028477,-23.535876]]]},"properties":{"sqlu":"SP-005-963423","inscription":"SP-GEOSAMPA-1963423","inscricaoImobiliaria":"SP-IMO-1963423","setor":"005","quadra":"054","lote":"0029","sourceType":"OFFICIAL_IMPORT","mainAddress":"Setor Fiscal 005","zoneamento":"RESIDENCIAL","statusCadastral":"ATIVO","workflowStatus":"PENDENTE","isOfficial":true,"rawProperties":{"cd_identificador":1963423,"cd_identificador_original_lote":8890733,"cd_setor_fiscal":"005","cd_tipo_quadra":"F","tx_tipo_quadra":"FISCAL","cd_quadra_fiscal":"054","cd_subquadra_fiscal":null,"cd_condominio":"00","cd_tipo_lote":"F","tx_tipo_lote":"FISCAL","cd_lote":"0029","cd_situacao":1,"cd_digito_sql":"4","cd_logradouro":"067083","nm_logradouro_completo":"R DOS ESTUDANTES","cd_numero_porta":"346","tx_complemento_endereco":null,"tx_situ_lote":"ATIVO","cd_tipo_uso_imovel":"40","dc_tipo_uso_imovel":"Não residencial","cd_tipo_terreno_imovel":1,"qt_area_terreno":160,"qt_area_construida":197}}},{"type":"Feature","geometry":{"type":"Polygon","coordinates":[[[-45.028492,-23.540114],[-45.028492,-23.540165],[-45.028487,-23.540152],[-45.028487,-23.540105],[-45.028489,-23.540107],[-45.02849,-23.54011],[-45.028492,-23.540114]]]},"properties":{"sqlu":"SP-005-963577","inscription":"SP-GEOSAMPA-1963577","inscricaoImobiliaria":"SP-IMO-1963577","setor":"005","quadra":"071","lote":"0070","sourceType":"OFFICIAL_IMPORT","mainAddress":"Setor Fiscal 005","zoneamento":"RESIDENCIAL","statusCadastral":"ATIVO","workflowStatus":"PENDENTE","isOfficial":true,"rawProperties":{"cd_identificador":1963577,"cd_identificador_original_lote":8891191,"cd_setor_fiscal":"005","cd_tipo_quadra":"F","tx_tipo_quadra":"FISCAL","cd_quadra_fiscal":"071","cd_subquadra_fiscal":null,"cd_condominio":"00","cd_tipo_lote":"F","tx_tipo_lote":"FISCAL","cd_lote":"0070","cd_situacao":1,"cd_digito_sql":"0","cd_logradouro":"076643","nm_logradouro_completo":"R CONS FURTADO","cd_numero_porta":"S/N","tx_complemento_endereco":null,"tx_situ_lote":"ATIVO","cd_tipo_uso_imovel":"00","dc_tipo_uso_imovel":"Terreno","cd_tipo_terreno_imovel":1,"qt_area_terreno":168,"qt_area_construida":0}}},{"type":"Feature","geometry":{"type":"Polygon","coordinates":[[[-45.028473,-23.532354],[-45.028473,-23.532353],[-45.028474,-23.532393],[-45.028474,-23.532423],[-45.028474,-23.532433],[-45.028474,-23.532543],[-45.028474,-23.532627],[-45.028474,-23.532665],[-45.028474,-23.532738],[-45.028473,-23.532738],[-45.028473,-23.532472],[-45.028473,-23.53245],[-45.028473,-23.532354]]]},"properties":{"sqlu":"SP-005-963509","inscription":"SP-GEOSAMPA-1963509","inscricaoImobiliaria":"SP-IMO-1963509","setor":"005","quadra":"033","lote":"0032","sourceType":"OFFICIAL_IMPORT","mainAddress":"Setor Fiscal 005","zoneamento":"RESIDENCIAL","statusCadastral":"ATIVO","workflowStatus":"PENDENTE","isOfficial":true,"rawProperties":{"cd_identificador":1963509,"cd_identificador_original_lote":8890681,"cd_setor_fiscal":"005","cd_tipo_quadra":"F","tx_tipo_quadra":"FISCAL","cd_quadra_fiscal":"033","cd_subquadra_fiscal":null,"cd_condominio":"00","cd_tipo_lote":"F","tx_tipo_lote":"FISCAL","cd_lote":"0032","cd_situacao":1,"cd_digito_sql":"2","cd_logradouro":"185566","nm_logradouro_completo":"R TABATINGUERA","cd_numero_porta":"137","tx_complemento_endereco":null,"tx_situ_lote":"ATIVO","cd_tipo_uso_imovel":"00","dc_tipo_uso_imovel":"Terreno","cd_tipo_terreno_imovel":1,"qt_area_terreno":247,"qt_area_construida":0}}},{"type":"Feature","geometry":{"type":"Polygon","coordinates":[[[-45.028561,-23.529783],[-45.028559,-23.529809],[-45.028558,-23.529604],[-45.028558,-23.52957],[-45.028559,-23.529568],[-45.02856,-23.529565],[-45.02856,-23.529564],[-45.028561,-23.529561],[-45.028561,-23.529635],[-45.028561,-23.529783]]]},"properties":{"sqlu":"SP-005-963614","inscription":"SP-GEOSAMPA-1963614","inscricaoImobiliaria":"SP-IMO-1963614","setor":"005","quadra":"010","lote":"0000","sourceType":"OFFICIAL_IMPORT","mainAddress":"Setor Fiscal 005","zoneamento":"RESIDENCIAL","statusCadastral":"ATIVO","workflowStatus":"PENDENTE","isOfficial":true,"rawProperties":{"cd_identificador":1963614,"cd_identificador_original_lote":8890951,"cd_setor_fiscal":"005","cd_tipo_quadra":"F","tx_tipo_quadra":"FISCAL","cd_quadra_fiscal":"010","cd_subquadra_fiscal":null,"cd_condominio":"02","cd_tipo_lote":"F","tx_tipo_lote":"FISCAL","cd_lote":"0000","cd_situacao":1,"cd_digito_sql":null,"cd_logradouro":"073350","nm_logradouro_completo":"LG S FRANCISCO","cd_numero_porta":"26 34","tx_complemento_endereco":null,"tx_situ_lote":null,"cd_tipo_uso_imovel":"XX","dc_tipo_uso_imovel":"Condomínio","cd_tipo_terreno_imovel":99,"qt_area_terreno":343,"qt_area_construida":null}}},{"type":"Feature","geometry":{"type":"Polygon","coordinates":[[[-45.028542,-23.539711],[-45.028542,-23.539712],[-45.028543,-23.539696],[-45.028543,-23.539744],[-45.028545,-23.540007],[-45.028544,-23.540026],[-45.028543,-23.539925],[-45.028542,-23.539786],[-45.028542,-23.53976],[-45.028542,-23.53972],[-45.028542,-23.539711]]]},"properties":{"sqlu":"SP-005-963563","inscription":"SP-GEOSAMPA-1963563","inscricaoImobiliaria":"SP-IMO-1963563","setor":"005","quadra":"068","lote":"0023","sourceType":"OFFICIAL_IMPORT","mainAddress":"Setor Fiscal 005","zoneamento":"RESIDENCIAL","statusCadastral":"ATIVO","workflowStatus":"PENDENTE","isOfficial":true,"rawProperties":{"cd_identificador":1963563,"cd_identificador_original_lote":8890806,"cd_setor_fiscal":"005","cd_tipo_quadra":"F","tx_tipo_quadra":"FISCAL","cd_quadra_fiscal":"068","cd_subquadra_fiscal":null,"cd_condominio":"00","cd_tipo_lote":"F","tx_tipo_lote":"FISCAL","cd_lote":"0023","cd_situacao":1,"cd_digito_sql":"7","cd_logradouro":"068802","nm_logradouro_completo":"R FAGUNDES","cd_numero_porta":"185","tx_complemento_endereco":null,"tx_situ_lote":"ATIVO","cd_tipo_uso_imovel":"43","dc_tipo_uso_imovel":"Não residencial","cd_tipo_terreno_imovel":1,"qt_area_terreno":234,"qt_area_construida":524}}},{"type":"Feature","geometry":{"type":"Polygon","coordinates":[[[-45.028486,-23.535644],[-45.028485,-23.53564],[-45.028485,-23.535547],[-45.028485,-23.535407],[-45.028485,-23.535402],[-45.028485,-23.53538],[-45.028485,-23.535361],[-45.028485,-23.535328],[-45.028486,-23.535332],[-45.028486,-23.535378],[-45.028486,-23.535411],[-45.028486,-23.535482],[-45.028486,-23.535526],[-45.028486,-23.535644]]]},"properties":{"sqlu":"SP-005-963617","inscription":"SP-GEOSAMPA-1963617","inscricaoImobiliaria":"SP-IMO-1963617","setor":"005","quadra":"045","lote":"0015","sourceType":"OFFICIAL_IMPORT","mainAddress":"Setor Fiscal 005","zoneamento":"RESIDENCIAL","statusCadastral":"ATIVO","workflowStatus":"PENDENTE","isOfficial":true,"rawProperties":{"cd_identificador":1963617,"cd_identificador_original_lote":8892048,"cd_setor_fiscal":"005","cd_tipo_quadra":"F","tx_tipo_quadra":"FISCAL","cd_quadra_fiscal":"045","cd_subquadra_fiscal":null,"cd_condominio":"00","cd_tipo_lote":"F","tx_tipo_lote":"FISCAL","cd_lote":"0015","cd_situacao":1,"cd_digito_sql":"5","cd_logradouro":"067083","nm_logradouro_completo":"R DOS ESTUDANTES","cd_numero_porta":"287","tx_complemento_endereco":"295","tx_situ_lote":"ATIVO","cd_tipo_uso_imovel":"42","dc_tipo_uso_imovel":"Não residencial","cd_tipo_terreno_imovel":1,"qt_area_terreno":204,"qt_area_construida":496}}},{"type":"Feature","geometry":{"type":"Polygon","coordinates":[[[-45.02861,-23.53106],[-45.02861,-23.531079],[-45.028609,-23.531135],[-45.028608,-23.531211],[-45.028607,-23.531293],[-45.028606,-23.53126],[-45.028606,-23.53125],[-45.028605,-23.531335],[-45.028604,-23.5313],[-45.028603,-23.531271],[-45.028603,-23.531268],[-45.028603,-23.531247],[-45.028602,-23.531226],[-45.028603,-23.531195],[-45.028603,-23.531178],[-45.028605,-23.53107],[-45.028606,-23.531009],[-45.028606,-23.53098],[-45.028607,-23.530928],[-45.028608,-23.530965],[-45.028609,-23.530999],[-45.028609,-23.531033],[-45.02861,-23.53106]]]},"properties":{"sqlu":"SP-005-780792","inscription":"SP-GEOSAMPA-6780792","inscricaoImobiliaria":"SP-IMO-6780792","setor":"005","quadra":"017","lote":"0748","sourceType":"OFFICIAL_IMPORT","mainAddress":"Setor Fiscal 005","zoneamento":"RESIDENCIAL","statusCadastral":"ATIVO","workflowStatus":"PENDENTE","isOfficial":true,"rawProperties":{"cd_identificador":6780792,"cd_identificador_original_lote":10639083,"cd_setor_fiscal":"005","cd_tipo_quadra":"F","tx_tipo_quadra":"FISCAL","cd_quadra_fiscal":"017","cd_subquadra_fiscal":null,"cd_condominio":"00","cd_tipo_lote":"F","tx_tipo_lote":"FISCAL","cd_lote":"0748","cd_situacao":1,"cd_digito_sql":"4","cd_logradouro":"010030","nm_logradouro_completo":"R STO AMARO","cd_numero_porta":"43","tx_complemento_endereco":"45/47/53/61/67","tx_situ_lote":"ATIVO","cd_tipo_uso_imovel":"64","dc_tipo_uso_imovel":"Não residencial","cd_tipo_terreno_imovel":1,"qt_area_terreno":1086,"qt_area_construida":378}}},{"type":"Feature","geometry":{"type":"Polygon","coordinates":[[[-45.028525,-23.538011],[-45.028525,-23.537948],[-45.028525,-23.537916],[-45.028525,-23.53785],[-45.028526,-23.537851],[-45.028533,-23.537866],[-45.028533,-23.537979],[-45.028533,-23.538022],[-45.028532,-23.5382],[-45.028528,-23.538188],[-45.028528,-23.538192],[-45.028525,-23.538184],[-45.028525,-23.538039],[-45.028525,-23.538038],[-45.028525,-23.538037],[-45.028525,-23.538011]]]},"properties":{"sqlu":"SP-005-781486","inscription":"SP-GEOSAMPA-6781486","inscricaoImobiliaria":"SP-IMO-6781486","setor":"005","quadra":"062","lote":"0085","sourceType":"OFFICIAL_IMPORT","mainAddress":"Setor Fiscal 005","zoneamento":"RESIDENCIAL","statusCadastral":"ATIVO","workflowStatus":"PENDENTE","isOfficial":true,"rawProperties":{"cd_identificador":6781486,"cd_identificador_original_lote":10640440,"cd_setor_fiscal":"005","cd_tipo_quadra":"F","tx_tipo_quadra":"FISCAL","cd_quadra_fiscal":"062","cd_subquadra_fiscal":null,"cd_condominio":"00","cd_tipo_lote":"F","tx_tipo_lote":"FISCAL","cd_lote":"0085","cd_situacao":1,"cd_digito_sql":"1","cd_logradouro":"077330","nm_logradouro_completo":"R GALVAO BUENO","cd_numero_porta":"257","tx_complemento_endereco":"231","tx_situ_lote":"ATIVO","cd_tipo_uso_imovel":"81","dc_tipo_uso_imovel":"Não residencial","cd_tipo_terreno_imovel":1,"qt_area_terreno":1701,"qt_area_construida":12038}}},{"type":"Feature","geometry":{"type":"Polygon","coordinates":[[[-45.028485,-23.537234],[-45.028484,-23.53723],[-45.028484,-23.537211],[-45.028484,-23.537133],[-45.028484,-23.537116],[-45.028485,-23.537119],[-45.028485,-23.537137],[-45.028485,-23.537234]]]},"properties":{"sqlu":"SP-005-963791","inscription":"SP-GEOSAMPA-1963791","inscricaoImobiliaria":"SP-IMO-1963791","setor":"005","quadra":"084","lote":"0006","sourceType":"OFFICIAL_IMPORT","mainAddress":"Setor Fiscal 005","zoneamento":"RESIDENCIAL","statusCadastral":"ATIVO","workflowStatus":"PENDENTE","isOfficial":true,"rawProperties":{"cd_identificador":1963791,"cd_identificador_original_lote":8890608,"cd_setor_fiscal":"005","cd_tipo_quadra":"F","tx_tipo_quadra":"FISCAL","cd_quadra_fiscal":"084","cd_subquadra_fiscal":null,"cd_condominio":"00","cd_tipo_lote":"F","tx_tipo_lote":"FISCAL","cd_lote":"0006","cd_situacao":1,"cd_digito_sql":"6","cd_logradouro":"156744","nm_logradouro_completo":"R S PAULO","cd_numero_porta":"59","tx_complemento_endereco":"E 63","tx_situ_lote":"ATIVO","cd_tipo_uso_imovel":"40","dc_tipo_uso_imovel":"Não residencial","cd_tipo_terreno_imovel":1,"qt_area_terreno":172,"qt_area_construida":120}}},{"type":"Feature","geometry":{"type":"Polygon","coordinates":[[[-45.028408,-23.532779],[-45.028408,-23.532742],[-45.028408,-23.532547],[-45.028409,-23.532549],[-45.028409,-23.532707],[-45.028409,-23.532744],[-45.028409,-23.5328],[-45.028408,-23.532779]]]},"properties":{"sqlu":"SP-005-963838","inscription":"SP-GEOSAMPA-1963838","inscricaoImobiliaria":"SP-IMO-1963838","setor":"005","quadra":"076","lote":"0156","sourceType":"OFFICIAL_IMPORT","mainAddress":"Setor Fiscal 005","zoneamento":"RESIDENCIAL","statusCadastral":"ATIVO","workflowStatus":"PENDENTE","isOfficial":true,"rawProperties":{"cd_identificador":1963838,"cd_identificador_original_lote":8891733,"cd_setor_fiscal":"005","cd_tipo_quadra":"F","tx_tipo_quadra":"FISCAL","cd_quadra_fiscal":"076","cd_subquadra_fiscal":null,"cd_condominio":"00","cd_tipo_lote":"F","tx_tipo_lote":"FISCAL","cd_lote":"0156","cd_situacao":1,"cd_digito_sql":"4","cd_logradouro":"185566","nm_logradouro_completo":"R TABATINGUERA","cd_numero_porta":"514","tx_complemento_endereco":"520","tx_situ_lote":"ATIVO","cd_tipo_uso_imovel":"22","dc_tipo_uso_imovel":"Residencial","cd_tipo_terreno_imovel":1,"qt_area_terreno":221,"qt_area_construida":1573}}},{"type":"Feature","geometry":{"type":"Polygon","coordinates":[[[-45.028408,-23.532779],[-45.028407,-23.532767],[-45.028407,-23.53274],[-45.028408,-23.532546],[-45.028408,-23.532547],[-45.028408,-23.532742],[-45.028408,-23.532779]]]},"properties":{"sqlu":"SP-005-963839","inscription":"SP-GEOSAMPA-1963839","inscricaoImobiliaria":"SP-IMO-1963839","setor":"005","quadra":"076","lote":"0155","sourceType":"OFFICIAL_IMPORT","mainAddress":"Setor Fiscal 005","zoneamento":"RESIDENCIAL","statusCadastral":"ATIVO","workflowStatus":"PENDENTE","isOfficial":true,"rawProperties":{"cd_identificador":1963839,"cd_identificador_original_lote":8891734,"cd_setor_fiscal":"005","cd_tipo_quadra":"F","tx_tipo_quadra":"FISCAL","cd_quadra_fiscal":"076","cd_subquadra_fiscal":null,"cd_condominio":"00","cd_tipo_lote":"F","tx_tipo_lote":"FISCAL","cd_lote":"0155","cd_situacao":1,"cd_digito_sql":"6","cd_logradouro":"185566","nm_logradouro_completo":"R TABATINGUERA","cd_numero_porta":"524","tx_complemento_endereco":null,"tx_situ_lote":"ATIVO","cd_tipo_uso_imovel":"40","dc_tipo_uso_imovel":"Não residencial","cd_tipo_terreno_imovel":1,"qt_area_terreno":100,"qt_area_construida":100}}},{"type":"Feature","geometry":{"type":"Polygon","coordinates":[[[-45.028539,-23.533705],[-45.028535,-23.53378],[-45.028534,-23.533736],[-45.028536,-23.533708],[-45.028536,-23.533695],[-45.028539,-23.533639],[-45.028539,-23.533665],[-45.028539,-23.533692],[-45.028539,-23.533705]]]},"properties":{"sqlu":"SP-005-963962","inscription":"SP-GEOSAMPA-1963962","inscricaoImobiliaria":"SP-IMO-1963962","setor":"005","quadra":"038","lote":"0005","sourceType":"OFFICIAL_IMPORT","mainAddress":"Setor Fiscal 005","zoneamento":"RESIDENCIAL","statusCadastral":"ATIVO","workflowStatus":"PENDENTE","isOfficial":true,"rawProperties":{"cd_identificador":1963962,"cd_identificador_original_lote":8890720,"cd_setor_fiscal":"005","cd_tipo_quadra":"F","tx_tipo_quadra":"FISCAL","cd_quadra_fiscal":"038","cd_subquadra_fiscal":null,"cd_condominio":"00","cd_tipo_lote":"F","tx_tipo_lote":"FISCAL","cd_lote":"0005","cd_situacao":1,"cd_digito_sql":"8","cd_logradouro":"118184","nm_logradouro_completo":"AV DA LIBERDADE","cd_numero_porta":"58","tx_complemento_endereco":"60","tx_situ_lote":"ATIVO","cd_tipo_uso_imovel":"40","dc_tipo_uso_imovel":"Não residencial","cd_tipo_terreno_imovel":1,"qt_area_terreno":168,"qt_area_construida":300}}},{"type":"Feature","geometry":{"type":"Polygon","coordinates":[[[-45.028525,-23.538549],[-45.028517,-23.538513],[-45.028517,-23.538299],[-45.028518,-23.537707],[-45.028524,-23.537747],[-45.028524,-23.537692],[-45.028524,-23.537634],[-45.028525,-23.537639],[-45.028525,-23.53767],[-45.028525,-23.537751],[-45.028525,-23.537775],[-45.028525,-23.537776],[-45.028525,-23.53785],[-45.028525,-23.537916],[-45.028525,-23.537948],[-45.028525,-23.538011],[-45.028525,-23.538037],[-45.028525,-23.538038],[-45.028525,-23.538039],[-45.028525,-23.538184],[-45.028525,-23.538355],[-45.028525,-23.538448],[-45.028525,-23.538549]]]},"properties":{"sqlu":"SP-005-964052","inscription":"SP-GEOSAMPA-1964052","inscricaoImobiliaria":"SP-IMO-1964052","setor":"005","quadra":"062","lote":"0075","sourceType":"OFFICIAL_IMPORT","mainAddress":"Setor Fiscal 005","zoneamento":"RESIDENCIAL","statusCadastral":"ATIVO","workflowStatus":"PENDENTE","isOfficial":true,"rawProperties":{"cd_identificador":1964052,"cd_identificador_original_lote":8891893,"cd_setor_fiscal":"005","cd_tipo_quadra":"F","tx_tipo_quadra":"FISCAL","cd_quadra_fiscal":"062","cd_subquadra_fiscal":null,"cd_condominio":"00","cd_tipo_lote":"F","tx_tipo_lote":"FISCAL","cd_lote":"0075","cd_situacao":1,"cd_digito_sql":"2","cd_logradouro":"080292","nm_logradouro_completo":"R DA GLORIA","cd_numero_porta":"474","tx_complemento_endereco":null,"tx_situ_lote":"ATIVO","cd_tipo_uso_imovel":"40","dc_tipo_uso_imovel":"Não residencial","cd_tipo_terreno_imovel":2,"qt_area_terreno":4636,"qt_area_construida":19575}}},{"type":"Feature","geometry":{"type":"Polygon","coordinates":[[[-45.028464,-23.537145],[-45.028463,-23.537142],[-45.028463,-23.536998],[-45.028463,-23.536889],[-45.028464,-23.536893],[-45.028464,-23.537023],[-45.028464,-23.537145]]]},"properties":{"sqlu":"SP-005-963973","inscription":"SP-GEOSAMPA-1963973","inscricaoImobiliaria":"SP-IMO-1963973","setor":"005","quadra":"092","lote":"0009","sourceType":"OFFICIAL_IMPORT","mainAddress":"Setor Fiscal 005","zoneamento":"RESIDENCIAL","statusCadastral":"ATIVO","workflowStatus":"PENDENTE","isOfficial":true,"rawProperties":{"cd_identificador":1963973,"cd_identificador_original_lote":8890322,"cd_setor_fiscal":"005","cd_tipo_quadra":"F","tx_tipo_quadra":"FISCAL","cd_quadra_fiscal":"092","cd_subquadra_fiscal":null,"cd_condominio":"00","cd_tipo_lote":"F","tx_tipo_lote":"FISCAL","cd_lote":"0009","cd_situacao":1,"cd_digito_sql":"5","cd_logradouro":"156744","nm_logradouro_completo":"R S PAULO","cd_numero_porta":"187","tx_complemento_endereco":"189","tx_situ_lote":"ATIVO","cd_tipo_uso_imovel":"14","dc_tipo_uso_imovel":"Residencial","cd_tipo_terreno_imovel":1,"qt_area_terreno":141,"qt_area_construida":405}}},{"type":"Feature","geometry":{"type":"Polygon","coordinates":[[[-45.028528,-23.536077],[-45.028528,-23.536009],[-45.028529,-23.536008],[-45.02853,-23.536007],[-45.028531,-23.536006],[-45.028535,-23.536002],[-45.028535,-23.53607],[-45.028533,-23.536073],[-45.02853,-23.536075],[-45.028529,-23.536077],[-45.028528,-23.536077]]]},"properties":{"sqlu":"SP-005-964101","inscription":"SP-GEOSAMPA-1964101","inscricaoImobiliaria":"SP-IMO-1964101","setor":"005","quadra":"051","lote":"0024","sourceType":"OFFICIAL_IMPORT","mainAddress":"Setor Fiscal 005","zoneamento":"RESIDENCIAL","statusCadastral":"ATIVO","workflowStatus":"PENDENTE","isOfficial":true,"rawProperties":{"cd_identificador":1964101,"cd_identificador_original_lote":8891828,"cd_setor_fiscal":"005","cd_tipo_quadra":"F","tx_tipo_quadra":"FISCAL","cd_quadra_fiscal":"051","cd_subquadra_fiscal":null,"cd_condominio":"00","cd_tipo_lote":"F","tx_tipo_lote":"FISCAL","cd_lote":"0024","cd_situacao":1,"cd_digito_sql":"1","cd_logradouro":"077330","nm_logradouro_completo":"R GALVAO BUENO","cd_numero_porta":"17","tx_complemento_endereco":"E 19","tx_situ_lote":"ATIVO","cd_tipo_uso_imovel":"40","dc_tipo_uso_imovel":"Não residencial","cd_tipo_terreno_imovel":1,"qt_area_terreno":320,"qt_area_construida":1504}}},{"type":"Feature","geometry":{"type":"Polygon","coordinates":[[[-45.028475,-23.531918],[-45.028471,-23.531734],[-45.028471,-23.531684],[-45.028475,-23.53187],[-45.028475,-23.531875],[-45.028475,-23.531918]]]},"properties":{"sqlu":"SP-005-964185","inscription":"SP-GEOSAMPA-1964185","inscricaoImobiliaria":"SP-IMO-1964185","setor":"005","quadra":"033","lote":"0004","sourceType":"OFFICIAL_IMPORT","mainAddress":"Setor Fiscal 005","zoneamento":"RESIDENCIAL","statusCadastral":"ATIVO","workflowStatus":"PENDENTE","isOfficial":true,"rawProperties":{"cd_identificador":1964185,"cd_identificador_original_lote":8890666,"cd_setor_fiscal":"005","cd_tipo_quadra":"F","tx_tipo_quadra":"FISCAL","cd_quadra_fiscal":"033","cd_subquadra_fiscal":null,"cd_condominio":"00","cd_tipo_lote":"F","tx_tipo_lote":"FISCAL","cd_lote":"0004","cd_situacao":1,"cd_digito_sql":"7","cd_logradouro":"182109","nm_logradouro_completo":"R SILVEIRA MARTINS","cd_numero_porta":"34","tx_complemento_endereco":null,"tx_situ_lote":"ATIVO","cd_tipo_uso_imovel":"31","dc_tipo_uso_imovel":"Não residencial","cd_tipo_terreno_imovel":1,"qt_area_terreno":230,"qt_area_construida":360}}},{"type":"Feature","geometry":{"type":"Polygon","coordinates":[[[-45.028474,-23.539198],[-45.028474,-23.539198],[-45.028477,-23.539202],[-45.028477,-23.539242],[-45.028476,-23.539241],[-45.028474,-23.539239],[-45.028474,-23.539239],[-45.028474,-23.539198]]]},"properties":{"sqlu":"SP-005-964360","inscription":"SP-GEOSAMPA-1964360","inscricaoImobiliaria":"SP-IMO-1964360","setor":"005","quadra":"072","lote":"0047","sourceType":"OFFICIAL_IMPORT","mainAddress":"Setor Fiscal 005","zoneamento":"RESIDENCIAL","statusCadastral":"ATIVO","workflowStatus":"PENDENTE","isOfficial":true,"rawProperties":{"cd_identificador":1964360,"cd_identificador_original_lote":8891912,"cd_setor_fiscal":"005","cd_tipo_quadra":"F","tx_tipo_quadra":"FISCAL","cd_quadra_fiscal":"072","cd_subquadra_fiscal":null,"cd_condominio":"00","cd_tipo_lote":"F","tx_tipo_lote":"FISCAL","cd_lote":"0047","cd_situacao":1,"cd_digito_sql":"0","cd_logradouro":"465194","nm_logradouro_completo":"R MITUTO MIZUMOTO","cd_numero_porta":"569","tx_complemento_endereco":null,"tx_situ_lote":"ATIVO","cd_tipo_uso_imovel":"74","dc_tipo_uso_imovel":"Não residencial","cd_tipo_terreno_imovel":1,"qt_area_terreno":103,"qt_area_construida":206}}},{"type":"Feature","geometry":{"type":"Polygon","coordinates":[[[-45.028458,-23.53725],[-45.028459,-23.537251],[-45.028459,-23.537254],[-45.028459,-23.537431],[-45.028459,-23.537444],[-45.028459,-23.537492],[-45.028459,-23.537491],[-45.028458,-23.537489],[-45.028458,-23.537463],[-45.028458,-23.537399],[-45.028458,-23.537306],[-45.028458,-23.53725]]]},"properties":{"sqlu":"SP-005-964269","inscription":"SP-GEOSAMPA-1964269","inscricaoImobiliaria":"SP-IMO-1964269","setor":"005","quadra":"066","lote":"0084","sourceType":"OFFICIAL_IMPORT","mainAddress":"Setor Fiscal 005","zoneamento":"RESIDENCIAL","statusCadastral":"ATIVO","workflowStatus":"PENDENTE","isOfficial":true,"rawProperties":{"cd_identificador":1964269,"cd_identificador_original_lote":8890424,"cd_setor_fiscal":"005","cd_tipo_quadra":"F","tx_tipo_quadra":"FISCAL","cd_quadra_fiscal":"066","cd_subquadra_fiscal":null,"cd_condominio":"00","cd_tipo_lote":"F","tx_tipo_lote":"FISCAL","cd_lote":"0084","cd_situacao":1,"cd_digito_sql":"1","cd_logradouro":"156744","nm_logradouro_completo":"R S PAULO","cd_numero_porta":"212","tx_complemento_endereco":null,"tx_situ_lote":"ATIVO","cd_tipo_uso_imovel":"80","dc_tipo_uso_imovel":"Não residencial","cd_tipo_terreno_imovel":1,"qt_area_terreno":168,"qt_area_construida":137}}},{"type":"Feature","geometry":{"type":"Polygon","coordinates":[[[-45.028429,-23.535585],[-45.028429,-23.535629],[-45.028429,-23.535637],[-45.028428,-23.535654],[-45.028426,-23.535708],[-45.028426,-23.535664],[-45.028428,-23.535613],[-45.028428,-23.535611],[-45.028429,-23.535585]]]},"properties":{"sqlu":"SP-005-964426","inscription":"SP-GEOSAMPA-1964426","inscricaoImobiliaria":"SP-IMO-1964426","setor":"005","quadra":"089","lote":"0010","sourceType":"OFFICIAL_IMPORT","mainAddress":"Setor Fiscal 005","zoneamento":"RESIDENCIAL","statusCadastral":"ATIVO","workflowStatus":"PENDENTE","isOfficial":true,"rawProperties":{"cd_identificador":1964426,"cd_identificador_original_lote":8891770,"cd_setor_fiscal":"005","cd_tipo_quadra":"F","tx_tipo_quadra":"FISCAL","cd_quadra_fiscal":"089","cd_subquadra_fiscal":null,"cd_condominio":"00","cd_tipo_lote":"F","tx_tipo_lote":"FISCAL","cd_lote":"0010","cd_situacao":1,"cd_digito_sql":"7","cd_logradouro":"080241","nm_logradouro_completo":"R GLICERIO","cd_numero_porta":"346","tx_complemento_endereco":null,"tx_situ_lote":"ATIVO","cd_tipo_uso_imovel":"14","dc_tipo_uso_imovel":"Residencial","cd_tipo_terreno_imovel":1,"qt_area_terreno":75,"qt_area_construida":40}}},{"type":"Feature","geometry":{"type":"Polygon","coordinates":[[[-45.028429,-23.535585],[-45.028428,-23.535611],[-45.028428,-23.535613],[-45.028426,-23.535664],[-45.028425,-23.535626],[-45.028428,-23.53555],[-45.028429,-23.535544],[-45.028429,-23.535569],[-45.028429,-23.535585]]]},"properties":{"sqlu":"SP-005-964427","inscription":"SP-GEOSAMPA-1964427","inscricaoImobiliaria":"SP-IMO-1964427","setor":"005","quadra":"089","lote":"0011","sourceType":"OFFICIAL_IMPORT","mainAddress":"Setor Fiscal 005","zoneamento":"RESIDENCIAL","statusCadastral":"ATIVO","workflowStatus":"PENDENTE","isOfficial":true,"rawProperties":{"cd_identificador":1964427,"cd_identificador_original_lote":8891771,"cd_setor_fiscal":"005","cd_tipo_quadra":"F","tx_tipo_quadra":"FISCAL","cd_quadra_fiscal":"089","cd_subquadra_fiscal":null,"cd_condominio":"00","cd_tipo_lote":"F","tx_tipo_lote":"FISCAL","cd_lote":"0011","cd_situacao":1,"cd_digito_sql":"5","cd_logradouro":"080241","nm_logradouro_completo":"R GLICERIO","cd_numero_porta":"338","tx_complemento_endereco":null,"tx_situ_lote":"ATIVO","cd_tipo_uso_imovel":"10","dc_tipo_uso_imovel":"Residencial","cd_tipo_terreno_imovel":1,"qt_area_terreno":129,"qt_area_construida":40}}},{"type":"Feature","geometry":{"type":"Polygon","coordinates":[[[-45.028598,-23.532788],[-45.028596,-23.532831],[-45.028593,-23.532917],[-45.028592,-23.532874],[-45.028592,-23.532869],[-45.028591,-23.532764],[-45.028592,-23.532751],[-45.028595,-23.532675],[-45.028596,-23.532639],[-45.028596,-23.53264],[-45.028596,-23.532641],[-45.028596,-23.532646],[-45.028598,-23.532788]]]},"properties":{"sqlu":"SP-005-964430","inscription":"SP-GEOSAMPA-1964430","inscricaoImobiliaria":"SP-IMO-1964430","setor":"005","quadra":"024","lote":"0050","sourceType":"OFFICIAL_IMPORT","mainAddress":"Setor Fiscal 005","zoneamento":"RESIDENCIAL","statusCadastral":"ATIVO","workflowStatus":"PENDENTE","isOfficial":true,"rawProperties":{"cd_identificador":1964430,"cd_identificador_original_lote":8890565,"cd_setor_fiscal":"005","cd_tipo_quadra":"F","tx_tipo_quadra":"FISCAL","cd_quadra_fiscal":"024","cd_subquadra_fiscal":null,"cd_condominio":"00","cd_tipo_lote":"F","tx_tipo_lote":"FISCAL","cd_lote":"0050","cd_situacao":1,"cd_digito_sql":"1","cd_logradouro":"133175","nm_logradouro_completo":"R MARIA PAULA","cd_numero_porta":"67","tx_complemento_endereco":null,"tx_situ_lote":"ATIVO","cd_tipo_uso_imovel":"31","dc_tipo_uso_imovel":"Não residencial","cd_tipo_terreno_imovel":2,"qt_area_terreno":604,"qt_area_construida":6604}}},{"type":"Feature","geometry":{"type":"Polygon","coordinates":[[[-45.028478,-23.537519],[-45.028476,-23.53751],[-45.028475,-23.537509],[-45.028475,-23.537487],[-45.028474,-23.537482],[-45.028473,-23.537479],[-45.028472,-23.537471],[-45.028472,-23.537471],[-45.028472,-23.537442],[-45.028472,-23.537416],[-45.028472,-23.537358],[-45.028472,-23.537328],[-45.028472,-23.537313],[-45.028472,-23.537307],[-45.028472,-23.537301],[-45.028472,-23.537297],[-45.028472,-23.537294],[-45.028472,-23.537293],[-45.028473,-23.537295],[-45.028474,-23.537298],[-45.028476,-23.537306],[-45.028477,-23.537309],[-45.028478,-23.537312],[-45.028478,-23.53732],[-45.028478,-23.537329],[-45.028478,-23.537339],[-45.028478,-23.5375],[-45.028478,-23.537519]]]},"properties":{"sqlu":"SP-005-964765","inscription":"SP-GEOSAMPA-1964765","inscricaoImobiliaria":"SP-IMO-1964765","setor":"005","quadra":"065","lote":"0034","sourceType":"OFFICIAL_IMPORT","mainAddress":"Setor Fiscal 005","zoneamento":"RESIDENCIAL","statusCadastral":"ATIVO","workflowStatus":"PENDENTE","isOfficial":true,"rawProperties":{"cd_identificador":1964765,"cd_identificador_original_lote":8891898,"cd_setor_fiscal":"005","cd_tipo_quadra":"F","tx_tipo_quadra":"FISCAL","cd_quadra_fiscal":"065","cd_subquadra_fiscal":null,"cd_condominio":"00","cd_tipo_lote":"F","tx_tipo_lote":"FISCAL","cd_lote":"0034","cd_situacao":1,"cd_digito_sql":"9","cd_logradouro":"156744","nm_logradouro_completo":"R S PAULO","cd_numero_porta":"100","tx_complemento_endereco":"114 E 132","tx_situ_lote":"ATIVO","cd_tipo_uso_imovel":"22","dc_tipo_uso_imovel":"Residencial","cd_tipo_terreno_imovel":2,"qt_area_terreno":740,"qt_area_construida":2400}}},{"type":"Feature","geometry":{"type":"Polygon","coordinates":[[[-45.028586,-23.53044],[-45.028585,-23.530389],[-45.028586,-23.53031],[-45.028593,-23.529803],[-45.028596,-23.529577],[-45.028596,-23.529478],[-45.028596,-23.52959],[-45.028593,-23.529889],[-45.028586,-23.53044]]]},"properties":{"sqlu":"SP-005-964898","inscription":"SP-GEOSAMPA-1964898","inscricaoImobiliaria":"SP-IMO-1964898","setor":"005","quadra":"019","lote":"0002","sourceType":"OFFICIAL_IMPORT","mainAddress":"Setor Fiscal 005","zoneamento":"RESIDENCIAL","statusCadastral":"ATIVO","workflowStatus":"PENDENTE","isOfficial":true,"rawProperties":{"cd_identificador":1964898,"cd_identificador_original_lote":8890878,"cd_setor_fiscal":"005","cd_tipo_quadra":"M","tx_tipo_quadra":"MUNICIPAL","cd_quadra_fiscal":"019","cd_subquadra_fiscal":null,"cd_condominio":"00","cd_tipo_lote":"M","tx_tipo_lote":"MUNICIPAL","cd_lote":"0002","cd_situacao":1,"cd_digito_sql":null,"cd_logradouro":null,"nm_logradouro_completo":null,"cd_numero_porta":null,"tx_complemento_endereco":null,"tx_situ_lote":null,"cd_tipo_uso_imovel":null,"dc_tipo_uso_imovel":null,"cd_tipo_terreno_imovel":null,"qt_area_terreno":null,"qt_area_construida":null}}},{"type":"Feature","geometry":{"type":"Polygon","coordinates":[[[-45.028544,-23.529336],[-45.028544,-23.529335],[-45.028545,-23.529349],[-45.028548,-23.529585],[-45.028544,-23.529614],[-45.028544,-23.529558],[-45.028544,-23.529495],[-45.028544,-23.529456],[-45.028544,-23.529439],[-45.028544,-23.529366],[-45.028544,-23.529336]]]},"properties":{"sqlu":"SP-005-964914","inscription":"SP-GEOSAMPA-1964914","inscricaoImobiliaria":"SP-IMO-1964914","setor":"005","quadra":"011","lote":"0000","sourceType":"OFFICIAL_IMPORT","mainAddress":"Setor Fiscal 005","zoneamento":"RESIDENCIAL","statusCadastral":"ATIVO","workflowStatus":"PENDENTE","isOfficial":true,"rawProperties":{"cd_identificador":1964914,"cd_identificador_original_lote":8891273,"cd_setor_fiscal":"005","cd_tipo_quadra":"F","tx_tipo_quadra":"FISCAL","cd_quadra_fiscal":"011","cd_subquadra_fiscal":null,"cd_condominio":"02","cd_tipo_lote":"F","tx_tipo_lote":"FISCAL","cd_lote":"0000","cd_situacao":1,"cd_digito_sql":null,"cd_logradouro":"157392","nm_logradouro_completo":"R SEN PAULO EGIDIO","cd_numero_porta":"11 15 29","tx_complemento_endereco":null,"tx_situ_lote":null,"cd_tipo_uso_imovel":"XX","dc_tipo_uso_imovel":"Condomínio","cd_tipo_terreno_imovel":99,"qt_area_terreno":448,"qt_area_construida":null}}},{"type":"Feature","geometry":{"type":"Polygon","coordinates":[[[-45.028407,-23.532544],[-45.028408,-23.532546],[-45.028407,-23.53274],[-45.028407,-23.532767],[-45.028407,-23.532757],[-45.028407,-23.532739],[-45.028407,-23.532544]]]},"properties":{"sqlu":"SP-005-964998","inscription":"SP-GEOSAMPA-1964998","inscricaoImobiliaria":"SP-IMO-1964998","setor":"005","quadra":"076","lote":"0154","sourceType":"OFFICIAL_IMPORT","mainAddress":"Setor Fiscal 005","zoneamento":"RESIDENCIAL","statusCadastral":"ATIVO","workflowStatus":"PENDENTE","isOfficial":true,"rawProperties":{"cd_identificador":1964998,"cd_identificador_original_lote":8891735,"cd_setor_fiscal":"005","cd_tipo_quadra":"F","tx_tipo_quadra":"FISCAL","cd_quadra_fiscal":"076","cd_subquadra_fiscal":null,"cd_condominio":"00","cd_tipo_lote":"F","tx_tipo_lote":"FISCAL","cd_lote":"0154","cd_situacao":1,"cd_digito_sql":"8","cd_logradouro":"185566","nm_logradouro_completo":"R TABATINGUERA","cd_numero_porta":"528","tx_complemento_endereco":"E 532","tx_situ_lote":"ATIVO","cd_tipo_uso_imovel":"12","dc_tipo_uso_imovel":"Residencial","cd_tipo_terreno_imovel":1,"qt_area_terreno":168,"qt_area_construida":200}}},{"type":"Feature","geometry":{"type":"Polygon","coordinates":[[[-45.028596,-23.537286],[-45.028603,-23.537138],[-45.028603,-23.537195],[-45.028602,-23.53723],[-45.028599,-23.537297],[-45.028598,-23.53731],[-45.028597,-23.537324],[-45.028596,-23.537341],[-45.028596,-23.537327],[-45.028596,-23.537286]]]},"properties":{"sqlu":"SP-005-965106","inscription":"SP-GEOSAMPA-1965106","inscricaoImobiliaria":"SP-IMO-1965106","setor":"005","quadra":"048","lote":"0052","sourceType":"OFFICIAL_IMPORT","mainAddress":"Setor Fiscal 005","zoneamento":"RESIDENCIAL","statusCadastral":"ATIVO","workflowStatus":"PENDENTE","isOfficial":true,"rawProperties":{"cd_identificador":1965106,"cd_identificador_original_lote":8891393,"cd_setor_fiscal":"005","cd_tipo_quadra":"F","tx_tipo_quadra":"FISCAL","cd_quadra_fiscal":"048","cd_subquadra_fiscal":null,"cd_condominio":"00","cd_tipo_lote":"F","tx_tipo_lote":"FISCAL","cd_lote":"0052","cd_situacao":1,"cd_digito_sql":"3","cd_logradouro":"178128","nm_logradouro_completo":"R CD DE SAO JOAQUIM","cd_numero_porta":"116","tx_complemento_endereco":"118","tx_situ_lote":"ATIVO","cd_tipo_uso_imovel":"42","dc_tipo_uso_imovel":"Não residencial","cd_tipo_terreno_imovel":1,"qt_area_terreno":286,"qt_area_construida":362}}},{"type":"Feature","geometry":{"type":"Polygon","coordinates":[[[-45.028462,-23.536188],[-45.028461,-23.536183],[-45.028461,-23.536182],[-45.028461,-23.536182],[-45.02846,-23.53618],[-45.02846,-23.536177],[-45.02846,-23.536125],[-45.028462,-23.536135],[-45.028462,-23.536188]]]},"properties":{"sqlu":"SP-005-965180","inscription":"SP-GEOSAMPA-1965180","inscricaoImobiliaria":"SP-IMO-1965180","setor":"005","quadra":"093","lote":"0010","sourceType":"OFFICIAL_IMPORT","mainAddress":"Setor Fiscal 005","zoneamento":"RESIDENCIAL","statusCadastral":"ATIVO","workflowStatus":"PENDENTE","isOfficial":true,"rawProperties":{"cd_identificador":1965180,"cd_identificador_original_lote":8891822,"cd_setor_fiscal":"005","cd_tipo_quadra":"F","tx_tipo_quadra":"FISCAL","cd_quadra_fiscal":"093","cd_subquadra_fiscal":null,"cd_condominio":"00","cd_tipo_lote":"F","tx_tipo_lote":"FISCAL","cd_lote":"0010","cd_situacao":1,"cd_digito_sql":"3","cd_logradouro":"012190","nm_logradouro_completo":"R EGAS MONIZ DE ARAGAO","cd_numero_porta":"59","tx_complemento_endereco":null,"tx_situ_lote":"ATIVO","cd_tipo_uso_imovel":"10","dc_tipo_uso_imovel":"Residencial","cd_tipo_terreno_imovel":1,"qt_area_terreno":70,"qt_area_construida":50}}},{"type":"Feature","geometry":{"type":"Polygon","coordinates":[[[-45.028607,-23.533818],[-45.028608,-23.533913],[-45.028608,-23.533934],[-45.028607,-23.533947],[-45.028606,-23.533969],[-45.028606,-23.533987],[-45.028604,-23.534018],[-45.028604,-23.534043],[-45.028603,-23.53396],[-45.028603,-23.533948],[-45.028603,-23.533923],[-45.028605,-23.533891],[-45.028605,-23.533873],[-45.028607,-23.533837],[-45.028607,-23.533818]]]},"properties":{"sqlu":"SP-005-965196","inscription":"SP-GEOSAMPA-1965196","inscricaoImobiliaria":"SP-IMO-1965196","setor":"005","quadra":"024","lote":"0000","sourceType":"OFFICIAL_IMPORT","mainAddress":"Setor Fiscal 005","zoneamento":"RESIDENCIAL","statusCadastral":"ATIVO","workflowStatus":"PENDENTE","isOfficial":true,"rawProperties":{"cd_identificador":1965196,"cd_identificador_original_lote":8890547,"cd_setor_fiscal":"005","cd_tipo_quadra":"F","tx_tipo_quadra":"FISCAL","cd_quadra_fiscal":"024","cd_subquadra_fiscal":null,"cd_condominio":"05","cd_tipo_lote":"F","tx_tipo_lote":"FISCAL","cd_lote":"0000","cd_situacao":1,"cd_digito_sql":null,"cd_logradouro":"073296","nm_logradouro_completo":"R FRANCISCA MIQUELINA","cd_numero_porta":"175 177 179","tx_complemento_endereco":null,"tx_situ_lote":null,"cd_tipo_uso_imovel":"XX","dc_tipo_uso_imovel":"Condomínio","cd_tipo_terreno_imovel":99,"qt_area_terreno":372,"qt_area_construida":null}}},{"type":"Feature","geometry":{"type":"Polygon","coordinates":[[[-45.028439,-23.535909],[-45.02844,-23.535911],[-45.02844,-23.535913],[-45.02844,-23.536037],[-45.028439,-23.536034],[-45.028439,-23.536032],[-45.028439,-23.536014],[-45.028439,-23.535985],[-45.028439,-23.535909]]]},"properties":{"sqlu":"SP-005-965183","inscription":"SP-GEOSAMPA-1965183","inscricaoImobiliaria":"SP-IMO-1965183","setor":"005","quadra":"089","lote":"0038","sourceType":"OFFICIAL_IMPORT","mainAddress":"Setor Fiscal 005","zoneamento":"RESIDENCIAL","statusCadastral":"ATIVO","workflowStatus":"PENDENTE","isOfficial":true,"rawProperties":{"cd_identificador":1965183,"cd_identificador_original_lote":8891806,"cd_setor_fiscal":"005","cd_tipo_quadra":"F","tx_tipo_quadra":"FISCAL","cd_quadra_fiscal":"089","cd_subquadra_fiscal":null,"cd_condominio":"00","cd_tipo_lote":"F","tx_tipo_lote":"FISCAL","cd_lote":"0038","cd_situacao":1,"cd_digito_sql":"7","cd_logradouro":"067105","nm_logradouro_completo":"VL DOS ESTUDANTES","cd_numero_porta":"34","tx_complemento_endereco":null,"tx_situ_lote":"ATIVO","cd_tipo_uso_imovel":"10","dc_tipo_uso_imovel":"Residencial","cd_tipo_terreno_imovel":1,"qt_area_terreno":77,"qt_area_construida":147}}},{"type":"Feature","geometry":{"type":"Polygon","coordinates":[[[-45.028476,-23.535601],[-45.028475,-23.535597],[-45.028475,-23.535596],[-45.028474,-23.535592],[-45.028473,-23.535587],[-45.028473,-23.535315],[-45.028473,-23.535194],[-45.028473,-23.535155],[-45.028473,-23.535109],[-45.028474,-23.53511],[-45.028475,-23.53511],[-45.028475,-23.53511],[-45.028476,-23.535109],[-45.028476,-23.535158],[-45.028476,-23.535208],[-45.028476,-23.535246],[-45.028476,-23.535278],[-45.028476,-23.535281],[-45.028476,-23.535318],[-45.028476,-23.535345],[-45.028476,-23.535381],[-45.028476,-23.535395],[-45.028476,-23.535421],[-45.028476,-23.535605],[-45.028476,-23.535601]]]},"properties":{"sqlu":"SP-005-892211","inscription":"SP-GEOSAMPA-6892211","inscricaoImobiliaria":"SP-IMO-6892211","setor":"005","quadra":"046","lote":"0000","sourceType":"OFFICIAL_IMPORT","mainAddress":"Setor Fiscal 005","zoneamento":"RESIDENCIAL","statusCadastral":"ATIVO","workflowStatus":"PENDENTE","isOfficial":true,"rawProperties":{"cd_identificador":6892211,"cd_identificador_original_lote":10742124,"cd_setor_fiscal":"005","cd_tipo_quadra":"F","tx_tipo_quadra":"FISCAL","cd_quadra_fiscal":"046","cd_subquadra_fiscal":null,"cd_condominio":"19","cd_tipo_lote":"F","tx_tipo_lote":"FISCAL","cd_lote":"0000","cd_situacao":1,"cd_digito_sql":null,"cd_logradouro":"067083","nm_logradouro_completo":"R DOS ESTUDANTES","cd_numero_porta":"357","tx_complemento_endereco":null,"tx_situ_lote":null,"cd_tipo_uso_imovel":"XX","dc_tipo_uso_imovel":"Condomínio","cd_tipo_terreno_imovel":99,"qt_area_terreno":1082,"qt_area_construida":null}}},{"type":"Feature","geometry":{"type":"Polygon","coordinates":[[[-45.028439,-23.535237],[-45.028439,-23.535241],[-45.028438,-23.535111],[-45.028439,-23.535109],[-45.028439,-23.535108],[-45.028439,-23.535107],[-45.028439,-23.535112],[-45.028439,-23.535205],[-45.028439,-23.535237]]]},"properties":{"sqlu":"SP-005-965401","inscription":"SP-GEOSAMPA-1965401","inscricaoImobiliaria":"SP-IMO-1965401","setor":"005","quadra":"046","lote":"0079","sourceType":"OFFICIAL_IMPORT","mainAddress":"Setor Fiscal 005","zoneamento":"RESIDENCIAL","statusCadastral":"ATIVO","workflowStatus":"PENDENTE","isOfficial":true,"rawProperties":{"cd_identificador":1965401,"cd_identificador_original_lote":8891343,"cd_setor_fiscal":"005","cd_tipo_quadra":"F","tx_tipo_quadra":"FISCAL","cd_quadra_fiscal":"046","cd_subquadra_fiscal":null,"cd_condominio":"00","cd_tipo_lote":"F","tx_tipo_lote":"FISCAL","cd_lote":"0079","cd_situacao":1,"cd_digito_sql":"6","cd_logradouro":"185167","nm_logradouro_completo":"VL SUICA","cd_numero_porta":"30","tx_complemento_endereco":null,"tx_situ_lote":"ATIVO","cd_tipo_uso_imovel":"21","dc_tipo_uso_imovel":"Residencial","cd_tipo_terreno_imovel":2,"qt_area_terreno":64,"qt_area_construida":200}}},{"type":"Feature","geometry":{"type":"Polygon","coordinates":[[[-45.028442,-23.537486],[-45.028442,-23.537441],[-45.028444,-23.537442],[-45.028445,-23.537442],[-45.028445,-23.537442],[-45.028446,-23.537443],[-45.028448,-23.537443],[-45.028448,-23.537435],[-45.028449,-23.537441],[-45.028449,-23.537444],[-45.02845,-23.537446],[-45.028451,-23.537447],[-45.028451,-23.53749],[-45.028449,-23.537488],[-45.028448,-23.537482],[-45.028447,-23.537486],[-45.028446,-23.537487],[-45.028446,-23.537484],[-45.028442,-23.537486]]]},"properties":{"sqlu":"SP-005-965513","inscription":"SP-GEOSAMPA-1965513","inscricaoImobiliaria":"SP-IMO-1965513","setor":"005","quadra":"066","lote":"0064","sourceType":"OFFICIAL_IMPORT","mainAddress":"Setor Fiscal 005","zoneamento":"RESIDENCIAL","statusCadastral":"ATIVO","workflowStatus":"PENDENTE","isOfficial":true,"rawProperties":{"cd_identificador":1965513,"cd_identificador_original_lote":8890404,"cd_setor_fiscal":"005","cd_tipo_quadra":"F","tx_tipo_quadra":"FISCAL","cd_quadra_fiscal":"066","cd_subquadra_fiscal":null,"cd_condominio":"00","cd_tipo_lote":"F","tx_tipo_lote":"FISCAL","cd_lote":"0064","cd_situacao":1,"cd_digito_sql":"5","cd_logradouro":"080241","nm_logradouro_completo":"R GLICERIO","cd_numero_porta":"564","tx_complemento_endereco":null,"tx_situ_lote":"ATIVO","cd_tipo_uso_imovel":"10","dc_tipo_uso_imovel":"Residencial","cd_tipo_terreno_imovel":1,"qt_area_terreno":278,"qt_area_construida":150}}},{"type":"Feature","geometry":{"type":"Polygon","coordinates":[[[-45.028598,-23.53485],[-45.028599,-23.535003],[-45.028596,-23.535101],[-45.028593,-23.535181],[-45.028592,-23.535203],[-45.028592,-23.535214],[-45.028591,-23.535164],[-45.028591,-23.535114],[-45.02859,-23.53506],[-45.02859,-23.535057],[-45.028591,-23.535031],[-45.028592,-23.535008],[-45.028593,-23.534983],[-45.028594,-23.534948],[-45.028595,-23.534936],[-45.028596,-23.534897],[-45.028598,-23.53485]]]},"properties":{"sqlu":"SP-005-965464","inscription":"SP-GEOSAMPA-1965464","inscricaoImobiliaria":"SP-IMO-1965464","setor":"005","quadra":"035","lote":"0024","sourceType":"OFFICIAL_IMPORT","mainAddress":"Setor Fiscal 005","zoneamento":"RESIDENCIAL","statusCadastral":"ATIVO","workflowStatus":"PENDENTE","isOfficial":true,"rawProperties":{"cd_identificador":1965464,"cd_identificador_original_lote":8890224,"cd_setor_fiscal":"005","cd_tipo_quadra":"F","tx_tipo_quadra":"FISCAL","cd_quadra_fiscal":"035","cd_subquadra_fiscal":null,"cd_condominio":"00","cd_tipo_lote":"F","tx_tipo_lote":"FISCAL","cd_lote":"0024","cd_situacao":1,"cd_digito_sql":"0","cd_logradouro":"121657","nm_logradouro_completo":"AV BRIG LUIS ANTONIO","cd_numero_porta":"483","tx_complemento_endereco":"487","tx_situ_lote":"ATIVO","cd_tipo_uso_imovel":"31","dc_tipo_uso_imovel":"Não residencial","cd_tipo_terreno_imovel":1,"qt_area_terreno":969,"qt_area_construida":7070}}},{"type":"Feature","geometry":{"type":"Polygon","coordinates":[[[-45.028472,-23.539628],[-45.028472,-23.53967],[-45.028472,-23.53967],[-45.028471,-23.53967],[-45.02847,-23.539671],[-45.028468,-23.539672],[-45.028468,-23.539632],[-45.028471,-23.539629],[-45.028472,-23.539628]]]},"properties":{"sqlu":"SP-005-965593","inscription":"SP-GEOSAMPA-1965593","inscricaoImobiliaria":"SP-IMO-1965593","setor":"005","quadra":"072","lote":"0014","sourceType":"OFFICIAL_IMPORT","mainAddress":"Setor Fiscal 005","zoneamento":"RESIDENCIAL","statusCadastral":"ATIVO","workflowStatus":"PENDENTE","isOfficial":true,"rawProperties":{"cd_identificador":1965593,"cd_identificador_original_lote":8891948,"cd_setor_fiscal":"005","cd_tipo_quadra":"F","tx_tipo_quadra":"FISCAL","cd_quadra_fiscal":"072","cd_subquadra_fiscal":null,"cd_condominio":"00","cd_tipo_lote":"F","tx_tipo_lote":"FISCAL","cd_lote":"0014","cd_situacao":1,"cd_digito_sql":"4","cd_logradouro":"183270","nm_logradouro_completo":"R SINIMBU","cd_numero_porta":"258","tx_complemento_endereco":"260","tx_situ_lote":"ATIVO","cd_tipo_uso_imovel":"42","dc_tipo_uso_imovel":"Não residencial","cd_tipo_terreno_imovel":1,"qt_area_terreno":103,"qt_area_construida":185}}},{"type":"Feature","geometry":{"type":"Polygon","coordinates":[[[-45.028582,-23.532463],[-45.028584,-23.532498],[-45.028585,-23.5326],[-45.028581,-23.532692],[-45.028581,-23.532656],[-45.028581,-23.532518],[-45.028582,-23.532463]]]},"properties":{"sqlu":"SP-005-965710","inscription":"SP-GEOSAMPA-1965710","inscricaoImobiliaria":"SP-IMO-1965710","setor":"005","quadra":"017","lote":"0020","sourceType":"OFFICIAL_IMPORT","mainAddress":"Setor Fiscal 005","zoneamento":"RESIDENCIAL","statusCadastral":"ATIVO","workflowStatus":"PENDENTE","isOfficial":true,"rawProperties":{"cd_identificador":1965710,"cd_identificador_original_lote":8891992,"cd_setor_fiscal":"005","cd_tipo_quadra":"F","tx_tipo_quadra":"FISCAL","cd_quadra_fiscal":"017","cd_subquadra_fiscal":null,"cd_condominio":"00","cd_tipo_lote":"F","tx_tipo_lote":"FISCAL","cd_lote":"0020","cd_situacao":1,"cd_digito_sql":"1","cd_logradouro":"121657","nm_logradouro_completo":"AV BRIG LUIS ANTONIO","cd_numero_porta":"220","tx_complemento_endereco":null,"tx_situ_lote":"ATIVO","cd_tipo_uso_imovel":"61","dc_tipo_uso_imovel":"Não residencial","cd_tipo_terreno_imovel":2,"qt_area_terreno":383,"qt_area_construida":353}}},{"type":"Feature","geometry":{"type":"Polygon","coordinates":[[[-45.028607,-23.534365],[-45.028608,-23.534339],[-45.02861,-23.534504],[-45.02861,-23.534583],[-45.02861,-23.534591],[-45.02861,-23.534603],[-45.028609,-23.53461],[-45.028609,-23.534576],[-45.028609,-23.534538],[-45.028608,-23.534487],[-45.028608,-23.534451],[-45.028607,-23.534365]]]},"properties":{"sqlu":"SP-005-965798","inscription":"SP-GEOSAMPA-1965798","inscricaoImobiliaria":"SP-IMO-1965798","setor":"005","quadra":"034","lote":"0020","sourceType":"OFFICIAL_IMPORT","mainAddress":"Setor Fiscal 005","zoneamento":"RESIDENCIAL","statusCadastral":"ATIVO","workflowStatus":"PENDENTE","isOfficial":true,"rawProperties":{"cd_identificador":1965798,"cd_identificador_original_lote":8890690,"cd_setor_fiscal":"005","cd_tipo_quadra":"F","tx_tipo_quadra":"FISCAL","cd_quadra_fiscal":"034","cd_subquadra_fiscal":null,"cd_condominio":"00","cd_tipo_lote":"F","tx_tipo_lote":"FISCAL","cd_lote":"0020","cd_situacao":1,"cd_digito_sql":"3","cd_logradouro":"003786","nm_logradouro_completo":"R AGUIAR DE BARROS","cd_numero_porta":"67","tx_complemento_endereco":null,"tx_situ_lote":"ATIVO","cd_tipo_uso_imovel":"14","dc_tipo_uso_imovel":"Residencial","cd_tipo_terreno_imovel":1,"qt_area_terreno":192,"qt_area_construida":160}}},{"type":"Feature","geometry":{"type":"Polygon","coordinates":[[[-45.028528,-23.537586],[-45.028529,-23.537495],[-45.028531,-23.537501],[-45.028532,-23.537506],[-45.028533,-23.537509],[-45.028533,-23.537535],[-45.028533,-23.537606],[-45.028532,-23.537601],[-45.02853,-23.537595],[-45.028528,-23.537586]]]},"properties":{"sqlu":"SP-005-965770","inscription":"SP-GEOSAMPA-1965770","inscricaoImobiliaria":"SP-IMO-1965770","setor":"005","quadra":"062","lote":"0036","sourceType":"OFFICIAL_IMPORT","mainAddress":"Setor Fiscal 005","zoneamento":"RESIDENCIAL","statusCadastral":"ATIVO","workflowStatus":"PENDENTE","isOfficial":true,"rawProperties":{"cd_identificador":1965770,"cd_identificador_original_lote":8891895,"cd_setor_fiscal":"005","cd_tipo_quadra":"F","tx_tipo_quadra":"FISCAL","cd_quadra_fiscal":"062","cd_subquadra_fiscal":null,"cd_condominio":"00","cd_tipo_lote":"F","tx_tipo_lote":"FISCAL","cd_lote":"0036","cd_situacao":1,"cd_digito_sql":"1","cd_logradouro":"077330","nm_logradouro_completo":"R GALVAO BUENO","cd_numero_porta":"187","tx_complemento_endereco":"191","tx_situ_lote":"ATIVO","cd_tipo_uso_imovel":"43","dc_tipo_uso_imovel":"Não residencial","cd_tipo_terreno_imovel":2,"qt_area_terreno":280,"qt_area_construida":300}}},{"type":"Feature","geometry":{"type":"Polygon","coordinates":[[[-45.02846,-23.537494],[-45.02846,-23.537476],[-45.02846,-23.537389],[-45.02846,-23.537313],[-45.02846,-23.537258],[-45.028461,-23.537259],[-45.028461,-23.537261],[-45.028461,-23.537497],[-45.028461,-23.537497],[-45.028461,-23.537496],[-45.028461,-23.537495],[-45.02846,-23.537495],[-45.02846,-23.537494]]]},"properties":{"sqlu":"SP-005-965926","inscription":"SP-GEOSAMPA-1965926","inscricaoImobiliaria":"SP-IMO-1965926","setor":"005","quadra":"066","lote":"0086","sourceType":"OFFICIAL_IMPORT","mainAddress":"Setor Fiscal 005","zoneamento":"RESIDENCIAL","statusCadastral":"ATIVO","workflowStatus":"PENDENTE","isOfficial":true,"rawProperties":{"cd_identificador":1965926,"cd_identificador_original_lote":8890422,"cd_setor_fiscal":"005","cd_tipo_quadra":"F","tx_tipo_quadra":"FISCAL","cd_quadra_fiscal":"066","cd_subquadra_fiscal":null,"cd_condominio":"00","cd_tipo_lote":"F","tx_tipo_lote":"FISCAL","cd_lote":"0086","cd_situacao":1,"cd_digito_sql":"6","cd_logradouro":"156744","nm_logradouro_completo":"R S PAULO","cd_numero_porta":"200","tx_complemento_endereco":null,"tx_situ_lote":"ATIVO","cd_tipo_uso_imovel":"80","dc_tipo_uso_imovel":"Não residencial","cd_tipo_terreno_imovel":1,"qt_area_terreno":168,"qt_area_construida":137}}},{"type":"Feature","geometry":{"type":"Polygon","coordinates":[[[-45.028532,-23.533144],[-45.028532,-23.53317],[-45.02853,-23.533224],[-45.02853,-23.533198],[-45.028532,-23.533144]]]},"properties":{"sqlu":"SP-005-966149","inscription":"SP-GEOSAMPA-1966149","inscricaoImobiliaria":"SP-IMO-1966149","setor":"005","quadra":"030","lote":"0043","sourceType":"OFFICIAL_IMPORT","mainAddress":"Setor Fiscal 005","zoneamento":"RESIDENCIAL","statusCadastral":"ATIVO","workflowStatus":"PENDENTE","isOfficial":true,"rawProperties":{"cd_identificador":1966149,"cd_identificador_original_lote":8890585,"cd_setor_fiscal":"005","cd_tipo_quadra":"F","tx_tipo_quadra":"FISCAL","cd_quadra_fiscal":"030","cd_subquadra_fiscal":null,"cd_condominio":"00","cd_tipo_lote":"F","tx_tipo_lote":"FISCAL","cd_lote":"0043","cd_situacao":1,"cd_digito_sql":"4","cd_logradouro":"181153","nm_logradouro_completo":"LG SETE DE SETEMBRO","cd_numero_porta":"68","tx_complemento_endereco":null,"tx_situ_lote":"ATIVO","cd_tipo_uso_imovel":"40","dc_tipo_uso_imovel":"Não residencial","cd_tipo_terreno_imovel":1,"qt_area_terreno":52,"qt_area_construida":52}}},{"type":"Feature","geometry":{"type":"Polygon","coordinates":[[[-45.028601,-23.532859],[-45.028601,-23.532813],[-45.028607,-23.532655],[-45.028607,-23.532699],[-45.028607,-23.532709],[-45.028606,-23.532726],[-45.028606,-23.532737],[-45.028603,-23.532819],[-45.028602,-23.532834],[-45.028601,-23.532859]]]},"properties":{"sqlu":"SP-005-966241","inscription":"SP-GEOSAMPA-1966241","inscricaoImobiliaria":"SP-IMO-1966241","setor":"005","quadra":"023","lote":"0006","sourceType":"OFFICIAL_IMPORT","mainAddress":"Setor Fiscal 005","zoneamento":"RESIDENCIAL","statusCadastral":"ATIVO","workflowStatus":"PENDENTE","isOfficial":true,"rawProperties":{"cd_identificador":1966241,"cd_identificador_original_lote":8891028,"cd_setor_fiscal":"005","cd_tipo_quadra":"F","tx_tipo_quadra":"FISCAL","cd_quadra_fiscal":"023","cd_subquadra_fiscal":null,"cd_condominio":"00","cd_tipo_lote":"F","tx_tipo_lote":"FISCAL","cd_lote":"0006","cd_situacao":1,"cd_digito_sql":"1","cd_logradouro":"073296","nm_logradouro_completo":"R FRANCISCA MIQUELINA","cd_numero_porta":"56","tx_complemento_endereco":null,"tx_situ_lote":"ATIVO","cd_tipo_uso_imovel":"40","dc_tipo_uso_imovel":"Não residencial","cd_tipo_terreno_imovel":1,"qt_area_terreno":197,"qt_area_construida":350}}},{"type":"Feature","geometry":{"type":"Polygon","coordinates":[[[-45.028452,-23.537556],[-45.028451,-23.537556],[-45.028451,-23.537528],[-45.028451,-23.537508],[-45.028451,-23.53749],[-45.028451,-23.537447],[-45.028451,-23.537402],[-45.028451,-23.537323],[-45.028451,-23.5373],[-45.028451,-23.537222],[-45.028452,-23.537226],[-45.028452,-23.537524],[-45.028452,-23.537556]]]},"properties":{"sqlu":"SP-005-966296","inscription":"SP-GEOSAMPA-1966296","inscricaoImobiliaria":"SP-IMO-1966296","setor":"005","quadra":"066","lote":"0076","sourceType":"OFFICIAL_IMPORT","mainAddress":"Setor Fiscal 005","zoneamento":"RESIDENCIAL","statusCadastral":"ATIVO","workflowStatus":"PENDENTE","isOfficial":true,"rawProperties":{"cd_identificador":1966296,"cd_identificador_original_lote":8890430,"cd_setor_fiscal":"005","cd_tipo_quadra":"F","tx_tipo_quadra":"FISCAL","cd_quadra_fiscal":"066","cd_subquadra_fiscal":null,"cd_condominio":"00","cd_tipo_lote":"F","tx_tipo_lote":"FISCAL","cd_lote":"0076","cd_situacao":1,"cd_digito_sql":"9","cd_logradouro":"156744","nm_logradouro_completo":"R S PAULO","cd_numero_porta":"252","tx_complemento_endereco":null,"tx_situ_lote":"ATIVO","cd_tipo_uso_imovel":"13","dc_tipo_uso_imovel":"Residencial","cd_tipo_terreno_imovel":1,"qt_area_terreno":179,"qt_area_construida":140}}},{"type":"Feature","geometry":{"type":"Polygon","coordinates":[[[-45.028489,-23.536389],[-45.028492,-23.536371],[-45.028496,-23.53635],[-45.028496,-23.536485],[-45.028494,-23.536479],[-45.028494,-23.536475],[-45.028493,-23.53647],[-45.028492,-23.536467],[-45.028492,-23.536558],[-45.028492,-23.536588],[-45.028489,-23.536575],[-45.028489,-23.536547],[-45.028489,-23.536521],[-45.028489,-23.536506],[-45.028489,-23.53649],[-45.028489,-23.536464],[-45.028489,-23.536389]]]},"properties":{"sqlu":"SP-005-966297","inscription":"SP-GEOSAMPA-1966297","inscricaoImobiliaria":"SP-IMO-1966297","setor":"005","quadra":"083","lote":"0000","sourceType":"OFFICIAL_IMPORT","mainAddress":"Setor Fiscal 005","zoneamento":"RESIDENCIAL","statusCadastral":"ATIVO","workflowStatus":"PENDENTE","isOfficial":true,"rawProperties":{"cd_identificador":1966297,"cd_identificador_original_lote":8890602,"cd_setor_fiscal":"005","cd_tipo_quadra":"F","tx_tipo_quadra":"FISCAL","cd_quadra_fiscal":"083","cd_subquadra_fiscal":null,"cd_condominio":"02","cd_tipo_lote":"F","tx_tipo_lote":"FISCAL","cd_lote":"0000","cd_situacao":1,"cd_digito_sql":null,"cd_logradouro":"123650","nm_logradouro_completo":"R DR LUND","cd_numero_porta":"22 38","tx_complemento_endereco":null,"tx_situ_lote":null,"cd_tipo_uso_imovel":"XX","dc_tipo_uso_imovel":"Condomínio","cd_tipo_terreno_imovel":99,"qt_area_terreno":491,"qt_area_construida":null}}},{"type":"Feature","geometry":{"type":"Polygon","coordinates":[[[-45.028487,-23.537944],[-45.028487,-23.537902],[-45.028487,-23.537851],[-45.028489,-23.537857],[-45.028493,-23.537868],[-45.028494,-23.537871],[-45.028494,-23.53796],[-45.028491,-23.537953],[-45.028491,-23.537952],[-45.028488,-23.537946],[-45.028488,-23.537945],[-45.028487,-23.537944]]]},"properties":{"sqlu":"SP-005-966304","inscription":"SP-GEOSAMPA-1966304","inscricaoImobiliaria":"SP-IMO-1966304","setor":"005","quadra":"064","lote":"0079","sourceType":"OFFICIAL_IMPORT","mainAddress":"Setor Fiscal 005","zoneamento":"RESIDENCIAL","statusCadastral":"ATIVO","workflowStatus":"PENDENTE","isOfficial":true,"rawProperties":{"cd_identificador":1966304,"cd_identificador_original_lote":8891156,"cd_setor_fiscal":"005","cd_tipo_quadra":"F","tx_tipo_quadra":"FISCAL","cd_quadra_fiscal":"064","cd_subquadra_fiscal":null,"cd_condominio":"00","cd_tipo_lote":"F","tx_tipo_lote":"FISCAL","cd_lote":"0079","cd_situacao":1,"cd_digito_sql":"4","cd_logradouro":"076643","nm_logradouro_completo":"R CONS FURTADO","cd_numero_porta":"531","tx_complemento_endereco":null,"tx_situ_lote":"ATIVO","cd_tipo_uso_imovel":"40","dc_tipo_uso_imovel":"Não residencial","cd_tipo_terreno_imovel":1,"qt_area_terreno":516,"qt_area_construida":1664}}},{"type":"Feature","geometry":{"type":"Polygon","coordinates":[[[-45.028583,-23.531135],[-45.028585,-23.531002],[-45.028589,-23.530711],[-45.028589,-23.53074],[-45.028589,-23.530758],[-45.028589,-23.530766],[-45.028588,-23.530891],[-45.028588,-23.530957],[-45.028587,-23.530983],[-45.028587,-23.531007],[-45.028587,-23.531027],[-45.028587,-23.531045],[-45.028587,-23.531055],[-45.028586,-23.531204],[-45.028586,-23.531265],[-45.028582,-23.531206],[-45.028583,-23.531135]]]},"properties":{"sqlu":"SP-005-966393","inscription":"SP-GEOSAMPA-1966393","inscricaoImobiliaria":"SP-IMO-1966393","setor":"005","quadra":"074","lote":"0001","sourceType":"OFFICIAL_IMPORT","mainAddress":"Setor Fiscal 005","zoneamento":"RESIDENCIAL","statusCadastral":"ATIVO","workflowStatus":"PENDENTE","isOfficial":true,"rawProperties":{"cd_identificador":1966393,"cd_identificador_original_lote":8890755,"cd_setor_fiscal":"005","cd_tipo_quadra":"F","tx_tipo_quadra":"FISCAL","cd_quadra_fiscal":"074","cd_subquadra_fiscal":null,"cd_condominio":"00","cd_tipo_lote":"M","tx_tipo_lote":"MUNICIPAL","cd_lote":"0001","cd_situacao":1,"cd_digito_sql":null,"cd_logradouro":null,"nm_logradouro_completo":null,"cd_numero_porta":null,"tx_complemento_endereco":null,"tx_situ_lote":null,"cd_tipo_uso_imovel":null,"dc_tipo_uso_imovel":null,"cd_tipo_terreno_imovel":null,"qt_area_terreno":null,"qt_area_construida":null}}},{"type":"Feature","geometry":{"type":"Polygon","coordinates":[[[-45.028532,-23.529607],[-45.028534,-23.529589],[-45.028534,-23.529642],[-45.028532,-23.529663],[-45.028532,-23.529607]]]},"properties":{"sqlu":"SP-005-966469","inscription":"SP-GEOSAMPA-1966469","inscricaoImobiliaria":"SP-IMO-1966469","setor":"005","quadra":"011","lote":"0009","sourceType":"OFFICIAL_IMPORT","mainAddress":"Setor Fiscal 005","zoneamento":"RESIDENCIAL","statusCadastral":"ATIVO","workflowStatus":"PENDENTE","isOfficial":true,"rawProperties":{"cd_identificador":1966469,"cd_identificador_original_lote":8891266,"cd_setor_fiscal":"005","cd_tipo_quadra":"F","tx_tipo_quadra":"FISCAL","cd_quadra_fiscal":"011","cd_subquadra_fiscal":null,"cd_condominio":"00","cd_tipo_lote":"F","tx_tipo_lote":"FISCAL","cd_lote":"0009","cd_situacao":1,"cd_digito_sql":"1","cd_logradouro":"167444","nm_logradouro_completo":"R QUINTINO BOCAIUVA","cd_numero_porta":"78","tx_complemento_endereco":null,"tx_situ_lote":"ATIVO","cd_tipo_uso_imovel":"40","dc_tipo_uso_imovel":"Não residencial","cd_tipo_terreno_imovel":1,"qt_area_terreno":92,"qt_area_construida":419}}},{"type":"Feature","geometry":{"type":"Polygon","coordinates":[[[-45.028483,-23.538667],[-45.028483,-23.538559],[-45.028485,-23.538563],[-45.028484,-23.538636],[-45.028484,-23.538666],[-45.028485,-23.538667],[-45.028486,-23.538668],[-45.028486,-23.538704],[-45.028486,-23.538755],[-45.028484,-23.538753],[-45.028483,-23.538751],[-45.028483,-23.538709],[-45.028483,-23.538667]]]},"properties":{"sqlu":"SP-005-966418","inscription":"SP-GEOSAMPA-1966418","inscricaoImobiliaria":"SP-IMO-1966418","setor":"005","quadra":"071","lote":"0040","sourceType":"OFFICIAL_IMPORT","mainAddress":"Setor Fiscal 005","zoneamento":"RESIDENCIAL","statusCadastral":"ATIVO","workflowStatus":"PENDENTE","isOfficial":true,"rawProperties":{"cd_identificador":1966418,"cd_identificador_original_lote":8891221,"cd_setor_fiscal":"005","cd_tipo_quadra":"F","tx_tipo_quadra":"FISCAL","cd_quadra_fiscal":"071","cd_subquadra_fiscal":null,"cd_condominio":"00","cd_tipo_lote":"F","tx_tipo_lote":"FISCAL","cd_lote":"0040","cd_situacao":1,"cd_digito_sql":"9","cd_logradouro":"090328","nm_logradouro_completo":"R BR DE IGUAPE","cd_numero_porta":"480","tx_complemento_endereco":null,"tx_situ_lote":"ATIVO","cd_tipo_uso_imovel":"60","dc_tipo_uso_imovel":"Não residencial","cd_tipo_terreno_imovel":1,"qt_area_terreno":237,"qt_area_construida":134}}},{"type":"Feature","geometry":{"type":"Polygon","coordinates":[[[-45.028483,-23.538667],[-45.028483,-23.538709],[-45.028483,-23.538707],[-45.028482,-23.538707],[-45.028482,-23.538706],[-45.028481,-23.538701],[-45.02848,-23.538701],[-45.02848,-23.5387],[-45.02848,-23.538689],[-45.02848,-23.538655],[-45.028482,-23.538662],[-45.028483,-23.538664],[-45.028483,-23.538667]]]},"properties":{"sqlu":"SP-005-966419","inscription":"SP-GEOSAMPA-1966419","inscricaoImobiliaria":"SP-IMO-1966419","setor":"005","quadra":"071","lote":"0036","sourceType":"OFFICIAL_IMPORT","mainAddress":"Setor Fiscal 005","zoneamento":"RESIDENCIAL","statusCadastral":"ATIVO","workflowStatus":"PENDENTE","isOfficial":true,"rawProperties":{"cd_identificador":1966419,"cd_identificador_original_lote":8891225,"cd_setor_fiscal":"005","cd_tipo_quadra":"F","tx_tipo_quadra":"FISCAL","cd_quadra_fiscal":"071","cd_subquadra_fiscal":null,"cd_condominio":"00","cd_tipo_lote":"F","tx_tipo_lote":"FISCAL","cd_lote":"0036","cd_situacao":1,"cd_digito_sql":"0","cd_logradouro":"465194","nm_logradouro_completo":"R MITUTO MIZUMOTO","cd_numero_porta":"190","tx_complemento_endereco":null,"tx_situ_lote":"ATIVO","cd_tipo_uso_imovel":"14","dc_tipo_uso_imovel":"Residencial","cd_tipo_terreno_imovel":1,"qt_area_terreno":105,"qt_area_construida":160}}},{"type":"Feature","geometry":{"type":"Polygon","coordinates":[[[-45.028455,-23.538119],[-45.028455,-23.538308],[-45.028454,-23.538305],[-45.028454,-23.538103],[-45.028455,-23.538103],[-45.028455,-23.538118],[-45.028455,-23.538119]]]},"properties":{"sqlu":"SP-005-966757","inscription":"SP-GEOSAMPA-1966757","inscricaoImobiliaria":"SP-IMO-1966757","setor":"005","quadra":"066","lote":"0045","sourceType":"OFFICIAL_IMPORT","mainAddress":"Setor Fiscal 005","zoneamento":"RESIDENCIAL","statusCadastral":"ATIVO","workflowStatus":"PENDENTE","isOfficial":true,"rawProperties":{"cd_identificador":1966757,"cd_identificador_original_lote":8890384,"cd_setor_fiscal":"005","cd_tipo_quadra":"F","tx_tipo_quadra":"FISCAL","cd_quadra_fiscal":"066","cd_subquadra_fiscal":null,"cd_condominio":"00","cd_tipo_lote":"F","tx_tipo_lote":"FISCAL","cd_lote":"0045","cd_situacao":1,"cd_digito_sql":"9","cd_logradouro":"090328","nm_logradouro_completo":"R BR DE IGUAPE","cd_numero_porta":"657","tx_complemento_endereco":null,"tx_situ_lote":"ATIVO","cd_tipo_uso_imovel":"51","dc_tipo_uso_imovel":"Não residencial","cd_tipo_terreno_imovel":1,"qt_area_terreno":93,"qt_area_construida":75}}},{"type":"Feature","geometry":{"type":"Polygon","coordinates":[[[-45.02861,-23.532404],[-45.028609,-23.532372],[-45.028609,-23.532297],[-45.02861,-23.532253],[-45.028611,-23.53236],[-45.028611,-23.532373],[-45.02861,-23.532392],[-45.02861,-23.532404]]]},"properties":{"sqlu":"SP-005-966661","inscription":"SP-GEOSAMPA-1966661","inscricaoImobiliaria":"SP-IMO-1966661","setor":"005","quadra":"023","lote":"0181","sourceType":"OFFICIAL_IMPORT","mainAddress":"Setor Fiscal 005","zoneamento":"RESIDENCIAL","statusCadastral":"ATIVO","workflowStatus":"PENDENTE","isOfficial":true,"rawProperties":{"cd_identificador":1966661,"cd_identificador_original_lote":8891034,"cd_setor_fiscal":"005","cd_tipo_quadra":"F","tx_tipo_quadra":"FISCAL","cd_quadra_fiscal":"023","cd_subquadra_fiscal":null,"cd_condominio":"00","cd_tipo_lote":"F","tx_tipo_lote":"FISCAL","cd_lote":"0181","cd_situacao":1,"cd_digito_sql":"3","cd_logradouro":"133175","nm_logradouro_completo":"R MARIA PAULA","cd_numero_porta":"177","tx_complemento_endereco":"181 185","tx_situ_lote":"ATIVO","cd_tipo_uso_imovel":"31","dc_tipo_uso_imovel":"Não residencial","cd_tipo_terreno_imovel":1,"qt_area_terreno":146,"qt_area_construida":1651}}},{"type":"Feature","geometry":{"type":"Polygon","coordinates":[[[-45.02861,-23.532404],[-45.028608,-23.532446],[-45.028608,-23.532453],[-45.028607,-23.532485],[-45.028606,-23.5325],[-45.028606,-23.532454],[-45.028605,-23.532397],[-45.028609,-23.532297],[-45.028609,-23.532372],[-45.02861,-23.532404]]]},"properties":{"sqlu":"SP-005-966662","inscription":"SP-GEOSAMPA-1966662","inscricaoImobiliaria":"SP-IMO-1966662","setor":"005","quadra":"023","lote":"0000","sourceType":"OFFICIAL_IMPORT","mainAddress":"Setor Fiscal 005","zoneamento":"RESIDENCIAL","statusCadastral":"ATIVO","workflowStatus":"PENDENTE","isOfficial":true,"rawProperties":{"cd_identificador":1966662,"cd_identificador_original_lote":8891035,"cd_setor_fiscal":"005","cd_tipo_quadra":"F","tx_tipo_quadra":"FISCAL","cd_quadra_fiscal":"023","cd_subquadra_fiscal":null,"cd_condominio":"08","cd_tipo_lote":"F","tx_tipo_lote":"FISCAL","cd_lote":"0000","cd_situacao":1,"cd_digito_sql":null,"cd_logradouro":"133175","nm_logradouro_completo":"R MARIA PAULA","cd_numero_porta":"161","tx_complemento_endereco":null,"tx_situ_lote":null,"cd_tipo_uso_imovel":"XX","dc_tipo_uso_imovel":"Condomínio","cd_tipo_terreno_imovel":99,"qt_area_terreno":500,"qt_area_construida":null}}},{"type":"Feature","geometry":{"type":"Polygon","coordinates":[[[-45.028478,-23.534568],[-45.028478,-23.534627],[-45.028478,-23.534683],[-45.028478,-23.534748],[-45.028477,-23.534756],[-45.028476,-23.53477],[-45.028474,-23.534799],[-45.028473,-23.534778],[-45.028472,-23.534788],[-45.028472,-23.534791],[-45.028472,-23.534796],[-45.028471,-23.5348],[-45.028471,-23.534804],[-45.028469,-23.534812],[-45.028468,-23.53482],[-45.028468,-23.534829],[-45.028468,-23.534828],[-45.028468,-23.534827],[-45.028468,-23.534745],[-45.028468,-23.534684],[-45.028468,-23.53468],[-45.028469,-23.534679],[-45.028469,-23.53467],[-45.02847,-23.534658],[-45.028471,-23.53465],[-45.028472,-23.534646],[-45.028472,-23.534644],[-45.028472,-23.534636],[-45.028473,-23.534625],[-45.028475,-23.53461],[-45.028475,-23.534605],[-45.028478,-23.534568]]]},"properties":{"sqlu":"SP-005-791273","inscription":"SP-GEOSAMPA-6791273","inscricaoImobiliaria":"SP-IMO-6791273","setor":"005","quadra":"046","lote":"0462","sourceType":"OFFICIAL_IMPORT","mainAddress":"Setor Fiscal 005","zoneamento":"RESIDENCIAL","statusCadastral":"ATIVO","workflowStatus":"PENDENTE","isOfficial":true,"rawProperties":{"cd_identificador":6791273,"cd_identificador_original_lote":10647114,"cd_setor_fiscal":"005","cd_tipo_quadra":"F","tx_tipo_quadra":"FISCAL","cd_quadra_fiscal":"046","cd_subquadra_fiscal":null,"cd_condominio":"00","cd_tipo_lote":"F","tx_tipo_lote":"FISCAL","cd_lote":"0462","cd_situacao":1,"cd_digito_sql":"7","cd_logradouro":"190500","nm_logradouro_completo":"R DR TOMAS DE LIMA","cd_numero_porta":"55","tx_complemento_endereco":null,"tx_situ_lote":"ATIVO","cd_tipo_uso_imovel":"62","dc_tipo_uso_imovel":"Não residencial","cd_tipo_terreno_imovel":1,"qt_area_terreno":1103,"qt_area_construida":559}}},{"type":"Feature","geometry":{"type":"Polygon","coordinates":[[[-45.028433,-23.534369],[-45.028435,-23.534329],[-45.028435,-23.534327],[-45.028436,-23.534307],[-45.028437,-23.534268],[-45.028438,-23.534246],[-45.02844,-23.534391],[-45.02844,-23.534463],[-45.028441,-23.534499],[-45.028441,-23.534517],[-45.028441,-23.534523],[-45.028436,-23.534592],[-45.028436,-23.534598],[-45.028435,-23.534552],[-45.028434,-23.534391],[-45.028433,-23.534369]]]},"properties":{"sqlu":"SP-005-966834","inscription":"SP-GEOSAMPA-1966834","inscricaoImobiliaria":"SP-IMO-1966834","setor":"005","quadra":"077","lote":"0000","sourceType":"OFFICIAL_IMPORT","mainAddress":"Setor Fiscal 005","zoneamento":"RESIDENCIAL","statusCadastral":"ATIVO","workflowStatus":"PENDENTE","isOfficial":true,"rawProperties":{"cd_identificador":1966834,"cd_identificador_original_lote":8890595,"cd_setor_fiscal":"005","cd_tipo_quadra":"F","tx_tipo_quadra":"FISCAL","cd_quadra_fiscal":"077","cd_subquadra_fiscal":null,"cd_condominio":"04","cd_tipo_lote":"F","tx_tipo_lote":"FISCAL","cd_lote":"0000","cd_situacao":1,"cd_digito_sql":null,"cd_logradouro":"178640","nm_logradouro_completo":"R CD DE SARZEDAS","cd_numero_porta":"361 377 393","tx_complemento_endereco":null,"tx_situ_lote":null,"cd_tipo_uso_imovel":"XX","dc_tipo_uso_imovel":"Condomínio","cd_tipo_terreno_imovel":99,"qt_area_terreno":924,"qt_area_construida":null}}},{"type":"Feature","geometry":{"type":"Polygon","coordinates":[[[-45.028609,-23.531903],[-45.028609,-23.531948],[-45.028608,-23.531979],[-45.028607,-23.532007],[-45.028605,-23.53178],[-45.028605,-23.531747],[-45.028604,-23.531721],[-45.028603,-23.531604],[-45.028602,-23.531645],[-45.028601,-23.531659],[-45.028601,-23.53167],[-45.0286,-23.531691],[-45.028596,-23.531626],[-45.028595,-23.531604],[-45.028595,-23.531563],[-45.028596,-23.531579],[-45.028596,-23.531538],[-45.028597,-23.53146],[-45.028597,-23.531408],[-45.028598,-23.531394],[-45.028598,-23.531397],[-45.028598,-23.531378],[-45.0286,-23.531165],[-45.0286,-23.531127],[-45.028603,-23.531178],[-45.028603,-23.531195],[-45.028602,-23.531226],[-45.028603,-23.531247],[-45.028603,-23.531268],[-45.028603,-23.531271],[-45.028604,-23.5313],[-45.028605,-23.531335],[-45.028605,-23.531346],[-45.028606,-23.531378],[-45.028606,-23.531409],[-45.028607,-23.531445],[-45.028605,-23.531499],[-45.028605,-23.5315],[-45.028605,-23.531541],[-45.028607,-23.53166],[-45.028607,-23.531735],[-45.028608,-23.5318],[-45.028608,-23.531816],[-45.028609,-23.53187],[-45.028609,-23.531903]]]},"properties":{"sqlu":"SP-005-791566","inscription":"SP-GEOSAMPA-6791566","inscricaoImobiliaria":"SP-IMO-6791566","setor":"005","quadra":"017","lote":"0747","sourceType":"OFFICIAL_IMPORT","mainAddress":"Setor Fiscal 005","zoneamento":"RESIDENCIAL","statusCadastral":"ATIVO","workflowStatus":"PENDENTE","isOfficial":true,"rawProperties":{"cd_identificador":6791566,"cd_identificador_original_lote":10647113,"cd_setor_fiscal":"005","cd_tipo_quadra":"F","tx_tipo_quadra":"FISCAL","cd_quadra_fiscal":"017","cd_subquadra_fiscal":null,"cd_condominio":"00","cd_tipo_lote":"F","tx_tipo_lote":"FISCAL","cd_lote":"0747","cd_situacao":1,"cd_digito_sql":"6","cd_logradouro":"133175","nm_logradouro_completo":"R MARIA PAULA","cd_numero_porta":"S/N","tx_complemento_endereco":null,"tx_situ_lote":"ATIVO","cd_tipo_uso_imovel":"00","dc_tipo_uso_imovel":"Terreno","cd_tipo_terreno_imovel":3,"qt_area_terreno":2749,"qt_area_construida":0}}},{"type":"Feature","geometry":{"type":"Polygon","coordinates":[[[-45.028433,-23.534369],[-45.028432,-23.534243],[-45.028434,-23.534201],[-45.028434,-23.534198],[-45.028435,-23.534166],[-45.028437,-23.534122],[-45.028438,-23.534161],[-45.028438,-23.534209],[-45.028438,-23.534233],[-45.028438,-23.534246],[-45.028437,-23.534268],[-45.028436,-23.534307],[-45.028435,-23.534327],[-45.028435,-23.534329],[-45.028433,-23.534369]]]},"properties":{"sqlu":"SP-005-966833","inscription":"SP-GEOSAMPA-1966833","inscricaoImobiliaria":"SP-IMO-1966833","setor":"005","quadra":"077","lote":"0005","sourceType":"OFFICIAL_IMPORT","mainAddress":"Setor Fiscal 005","zoneamento":"RESIDENCIAL","statusCadastral":"ATIVO","workflowStatus":"PENDENTE","isOfficial":true,"rawProperties":{"cd_identificador":1966833,"cd_identificador_original_lote":8890592,"cd_setor_fiscal":"005","cd_tipo_quadra":"F","tx_tipo_quadra":"FISCAL","cd_quadra_fiscal":"077","cd_subquadra_fiscal":null,"cd_condominio":"00","cd_tipo_lote":"F","tx_tipo_lote":"FISCAL","cd_lote":"0005","cd_situacao":1,"cd_digito_sql":"8","cd_logradouro":"151017","nm_logradouro_completo":"R OSCAR CINTRA GORDINHO","cd_numero_porta":"46","tx_complemento_endereco":"A 52","tx_situ_lote":"ATIVO","cd_tipo_uso_imovel":"82","dc_tipo_uso_imovel":"Não residencial","cd_tipo_terreno_imovel":1,"qt_area_terreno":435,"qt_area_construida":1302}}},{"type":"Feature","geometry":{"type":"Polygon","coordinates":[[[-45.028514,-23.539534],[-45.028515,-23.539575],[-45.028515,-23.539583],[-45.028517,-23.539728],[-45.028519,-23.539659],[-45.02852,-23.53963],[-45.02852,-23.539673],[-45.028522,-23.539808],[-45.028523,-23.539866],[-45.028524,-23.539996],[-45.028524,-23.540048],[-45.028523,-23.540126],[-45.028521,-23.540246],[-45.028517,-23.53996],[-45.028516,-23.53984],[-45.028515,-23.539776],[-45.028514,-23.539716],[-45.028514,-23.539709],[-45.028513,-23.539614],[-45.028513,-23.53961],[-45.028512,-23.53955],[-45.028512,-23.539476],[-45.028513,-23.539459],[-45.028513,-23.539491],[-45.028514,-23.539534]]]},"properties":{"sqlu":"SP-005-785839","inscription":"SP-GEOSAMPA-6785839","inscricaoImobiliaria":"SP-IMO-6785839","setor":"005","quadra":"069","lote":"0000","sourceType":"OFFICIAL_IMPORT","mainAddress":"Setor Fiscal 005","zoneamento":"RESIDENCIAL","statusCadastral":"ATIVO","workflowStatus":"PENDENTE","isOfficial":true,"rawProperties":{"cd_identificador":6785839,"cd_identificador_original_lote":10644763,"cd_setor_fiscal":"005","cd_tipo_quadra":"F","tx_tipo_quadra":"FISCAL","cd_quadra_fiscal":"069","cd_subquadra_fiscal":null,"cd_condominio":"11","cd_tipo_lote":"F","tx_tipo_lote":"FISCAL","cd_lote":"0000","cd_situacao":1,"cd_digito_sql":null,"cd_logradouro":"080292","nm_logradouro_completo":"R DA GLORIA","cd_numero_porta":"674","tx_complemento_endereco":null,"tx_situ_lote":null,"cd_tipo_uso_imovel":"XX","dc_tipo_uso_imovel":"Condomínio","cd_tipo_terreno_imovel":99,"qt_area_terreno":2361,"qt_area_construida":null}}},{"type":"Feature","geometry":{"type":"Polygon","coordinates":[[[-45.028484,-23.532541],[-45.028484,-23.532578],[-45.028484,-23.532611],[-45.028484,-23.532669],[-45.028484,-23.532737],[-45.028483,-23.532737],[-45.028483,-23.532584],[-45.028483,-23.532577],[-45.028483,-23.532545],[-45.028484,-23.532484],[-45.028484,-23.532459],[-45.028484,-23.532541]]]},"properties":{"sqlu":"SP-005-786372","inscription":"SP-GEOSAMPA-6786372","inscricaoImobiliaria":"SP-IMO-6786372","setor":"005","quadra":"033","lote":"0000","sourceType":"OFFICIAL_IMPORT","mainAddress":"Setor Fiscal 005","zoneamento":"RESIDENCIAL","statusCadastral":"ATIVO","workflowStatus":"PENDENTE","isOfficial":true,"rawProperties":{"cd_identificador":6786372,"cd_identificador_original_lote":10644762,"cd_setor_fiscal":"005","cd_tipo_quadra":"F","tx_tipo_quadra":"FISCAL","cd_quadra_fiscal":"033","cd_subquadra_fiscal":null,"cd_condominio":"13","cd_tipo_lote":"F","tx_tipo_lote":"FISCAL","cd_lote":"0000","cd_situacao":1,"cd_digito_sql":null,"cd_logradouro":"185566","nm_logradouro_completo":"R TABATINGUERA","cd_numero_porta":"79","tx_complemento_endereco":null,"tx_situ_lote":null,"cd_tipo_uso_imovel":"XX","dc_tipo_uso_imovel":"Condomínio","cd_tipo_terreno_imovel":99,"qt_area_terreno":235,"qt_area_construida":null}}},{"type":"Feature","geometry":{"type":"Polygon","coordinates":[[[-45.02855,-23.534625],[-45.028545,-23.534617],[-45.028545,-23.534551],[-45.028547,-23.534554],[-45.028548,-23.534556],[-45.028549,-23.534557],[-45.02855,-23.534558],[-45.02855,-23.534559],[-45.028551,-23.53456],[-45.028551,-23.53456],[-45.028551,-23.534561],[-45.028551,-23.534628],[-45.028551,-23.534626],[-45.02855,-23.534625]]]},"properties":{"sqlu":"SP-005-786232","inscription":"SP-GEOSAMPA-6786232","inscricaoImobiliaria":"SP-IMO-6786232","setor":"005","quadra":"082","lote":"0000","sourceType":"OFFICIAL_IMPORT","mainAddress":"Setor Fiscal 005","zoneamento":"RESIDENCIAL","statusCadastral":"ATIVO","workflowStatus":"PENDENTE","isOfficial":true,"rawProperties":{"cd_identificador":6786232,"cd_identificador_original_lote":10644764,"cd_setor_fiscal":"005","cd_tipo_quadra":"F","tx_tipo_quadra":"FISCAL","cd_quadra_fiscal":"082","cd_subquadra_fiscal":null,"cd_condominio":"09","cd_tipo_lote":"F","tx_tipo_lote":"FISCAL","cd_lote":"0000","cd_situacao":1,"cd_digito_sql":null,"cd_logradouro":"043680","nm_logradouro_completo":"PC CARLOS GOMES","cd_numero_porta":"186 190","tx_complemento_endereco":null,"tx_situ_lote":null,"cd_tipo_uso_imovel":"XX","dc_tipo_uso_imovel":"Condomínio","cd_tipo_terreno_imovel":99,"qt_area_terreno":263,"qt_area_construida":null}}},{"type":"Feature","geometry":{"type":"Polygon","coordinates":[[[-45.028613,-23.533186],[-45.02861,-23.533254],[-45.028609,-23.533298],[-45.028608,-23.53329],[-45.028608,-23.533239],[-45.028613,-23.533105],[-45.028613,-23.533186]]]},"properties":{"sqlu":"SP-005-966943","inscription":"SP-GEOSAMPA-1966943","inscricaoImobiliaria":"SP-IMO-1966943","setor":"005","quadra":"023","lote":"0032","sourceType":"OFFICIAL_IMPORT","mainAddress":"Setor Fiscal 005","zoneamento":"RESIDENCIAL","statusCadastral":"ATIVO","workflowStatus":"PENDENTE","isOfficial":true,"rawProperties":{"cd_identificador":1966943,"cd_identificador_original_lote":8891019,"cd_setor_fiscal":"005","cd_tipo_quadra":"F","tx_tipo_quadra":"FISCAL","cd_quadra_fiscal":"023","cd_subquadra_fiscal":null,"cd_condominio":"00","cd_tipo_lote":"F","tx_tipo_lote":"FISCAL","cd_lote":"0032","cd_situacao":1,"cd_digito_sql":"9","cd_logradouro":"078530","nm_logradouro_completo":"R GENEBRA","cd_numero_porta":"219","tx_complemento_endereco":"E 223","tx_situ_lote":"ATIVO","cd_tipo_uso_imovel":"31","dc_tipo_uso_imovel":"Não residencial","cd_tipo_terreno_imovel":1,"qt_area_terreno":200,"qt_area_construida":540}}},{"type":"Feature","geometry":{"type":"Polygon","coordinates":[[[-45.028498,-23.534335],[-45.028497,-23.534331],[-45.028497,-23.534298],[-45.028496,-23.534299],[-45.028496,-23.534301],[-45.028496,-23.534258],[-45.028496,-23.534247],[-45.028497,-23.534241],[-45.028497,-23.534261],[-45.028498,-23.534266],[-45.028498,-23.534335]]]},"properties":{"sqlu":"SP-005-967169","inscription":"SP-GEOSAMPA-1967169","inscricaoImobiliaria":"SP-IMO-1967169","setor":"005","quadra":"044","lote":"0005","sourceType":"OFFICIAL_IMPORT","mainAddress":"Setor Fiscal 005","zoneamento":"RESIDENCIAL","statusCadastral":"ATIVO","workflowStatus":"PENDENTE","isOfficial":true,"rawProperties":{"cd_identificador":1967169,"cd_identificador_original_lote":8891114,"cd_setor_fiscal":"005","cd_tipo_quadra":"F","tx_tipo_quadra":"FISCAL","cd_quadra_fiscal":"044","cd_subquadra_fiscal":null,"cd_condominio":"00","cd_tipo_lote":"F","tx_tipo_lote":"FISCAL","cd_lote":"0005","cd_situacao":1,"cd_digito_sql":"3","cd_logradouro":"076643","nm_logradouro_completo":"R CONS FURTADO","cd_numero_porta":"133","tx_complemento_endereco":null,"tx_situ_lote":"ATIVO","cd_tipo_uso_imovel":"42","dc_tipo_uso_imovel":"Não residencial","cd_tipo_terreno_imovel":1,"qt_area_terreno":60,"qt_area_construida":193}}},{"type":"Feature","geometry":{"type":"Polygon","coordinates":[[[-45.028492,-23.535426],[-45.028493,-23.535431],[-45.028493,-23.535499],[-45.028493,-23.535535],[-45.028493,-23.535553],[-45.028493,-23.535581],[-45.028493,-23.535673],[-45.028492,-23.535668],[-45.028492,-23.53559],[-45.028492,-23.535498],[-45.028492,-23.535426]]]},"properties":{"sqlu":"SP-005-967081","inscription":"SP-GEOSAMPA-1967081","inscricaoImobiliaria":"SP-IMO-1967081","setor":"005","quadra":"045","lote":"0008","sourceType":"OFFICIAL_IMPORT","mainAddress":"Setor Fiscal 005","zoneamento":"RESIDENCIAL","statusCadastral":"ATIVO","workflowStatus":"PENDENTE","isOfficial":true,"rawProperties":{"cd_identificador":1967081,"cd_identificador_original_lote":8892042,"cd_setor_fiscal":"005","cd_tipo_quadra":"F","tx_tipo_quadra":"FISCAL","cd_quadra_fiscal":"045","cd_subquadra_fiscal":null,"cd_condominio":"00","cd_tipo_lote":"F","tx_tipo_lote":"FISCAL","cd_lote":"0008","cd_situacao":1,"cd_digito_sql":"2","cd_logradouro":"067083","nm_logradouro_completo":"R DOS ESTUDANTES","cd_numero_porta":"251","tx_complemento_endereco":"E 255","tx_situ_lote":"ATIVO","cd_tipo_uso_imovel":"12","dc_tipo_uso_imovel":"Residencial","cd_tipo_terreno_imovel":1,"qt_area_terreno":137,"qt_area_construida":90}}},{"type":"Feature","geometry":{"type":"Polygon","coordinates":[[[-45.028576,-23.528507],[-45.028576,-23.528516],[-45.02858,-23.528586],[-45.028578,-23.528638],[-45.028578,-23.528651],[-45.028575,-23.528734],[-45.028575,-23.528722],[-45.028574,-23.52864],[-45.028575,-23.528621],[-45.028575,-23.528585],[-45.028575,-23.528553],[-45.028576,-23.528507]]]},"properties":{"sqlu":"SP-005-967233","inscription":"SP-GEOSAMPA-1967233","inscricaoImobiliaria":"SP-IMO-1967233","setor":"005","quadra":"002","lote":"0002","sourceType":"OFFICIAL_IMPORT","mainAddress":"Setor Fiscal 005","zoneamento":"RESIDENCIAL","statusCadastral":"ATIVO","workflowStatus":"PENDENTE","isOfficial":true,"rawProperties":{"cd_identificador":1967233,"cd_identificador_original_lote":8890350,"cd_setor_fiscal":"005","cd_tipo_quadra":"F","tx_tipo_quadra":"FISCAL","cd_quadra_fiscal":"002","cd_subquadra_fiscal":null,"cd_condominio":"00","cd_tipo_lote":"F","tx_tipo_lote":"FISCAL","cd_lote":"0002","cd_situacao":1,"cd_digito_sql":"5","cd_logradouro":"118249","nm_logradouro_completo":"R LIBERO BADARO","cd_numero_porta":"119","tx_complemento_endereco":null,"tx_situ_lote":"ATIVO","cd_tipo_uso_imovel":"31","dc_tipo_uso_imovel":"Não residencial","cd_tipo_terreno_imovel":3,"qt_area_terreno":390,"qt_area_construida":5243}}},{"type":"Feature","geometry":{"type":"Polygon","coordinates":[[[-45.028553,-23.529014],[-45.028553,-23.528946],[-45.028553,-23.528915],[-45.028552,-23.528828],[-45.028553,-23.528819],[-45.028556,-23.528725],[-45.028558,-23.528889],[-45.028555,-23.528956],[-45.028554,-23.528975],[-45.028554,-23.528985],[-45.028554,-23.528998],[-45.028553,-23.528999],[-45.028553,-23.529013],[-45.028553,-23.529014]]]},"properties":{"sqlu":"SP-005-967366","inscription":"SP-GEOSAMPA-1967366","inscricaoImobiliaria":"SP-IMO-1967366","setor":"005","quadra":"004","lote":"0028","sourceType":"OFFICIAL_IMPORT","mainAddress":"Setor Fiscal 005","zoneamento":"RESIDENCIAL","statusCadastral":"ATIVO","workflowStatus":"PENDENTE","isOfficial":true,"rawProperties":{"cd_identificador":1967366,"cd_identificador_original_lote":8892097,"cd_setor_fiscal":"005","cd_tipo_quadra":"F","tx_tipo_quadra":"FISCAL","cd_quadra_fiscal":"004","cd_subquadra_fiscal":null,"cd_condominio":"00","cd_tipo_lote":"F","tx_tipo_lote":"FISCAL","cd_lote":"0028","cd_situacao":1,"cd_digito_sql":"8","cd_logradouro":"032107","nm_logradouro_completo":"R S BENTO","cd_numero_porta":"50","tx_complemento_endereco":"56 62","tx_situ_lote":"ATIVO","cd_tipo_uso_imovel":"31","dc_tipo_uso_imovel":"Não residencial","cd_tipo_terreno_imovel":1,"qt_area_terreno":600,"qt_area_construida":1500}}},{"type":"Feature","geometry":{"type":"Polygon","coordinates":[[[-45.028484,-23.538243],[-45.02848,-23.538234],[-45.02848,-23.538195],[-45.028484,-23.538207],[-45.028484,-23.538243]]]},"properties":{"sqlu":"SP-005-967411","inscription":"SP-GEOSAMPA-1967411","inscricaoImobiliaria":"SP-IMO-1967411","setor":"005","quadra":"064","lote":"0028","sourceType":"OFFICIAL_IMPORT","mainAddress":"Setor Fiscal 005","zoneamento":"RESIDENCIAL","statusCadastral":"ATIVO","workflowStatus":"PENDENTE","isOfficial":true,"rawProperties":{"cd_identificador":1967411,"cd_identificador_original_lote":8891166,"cd_setor_fiscal":"005","cd_tipo_quadra":"F","tx_tipo_quadra":"FISCAL","cd_quadra_fiscal":"064","cd_subquadra_fiscal":null,"cd_condominio":"00","cd_tipo_lote":"F","tx_tipo_lote":"FISCAL","cd_lote":"0028","cd_situacao":1,"cd_digito_sql":"1","cd_logradouro":"465194","nm_logradouro_completo":"R MITUTO MIZUMOTO","cd_numero_porta":"136","tx_complemento_endereco":null,"tx_situ_lote":"ATIVO","cd_tipo_uso_imovel":"21","dc_tipo_uso_imovel":"Residencial","cd_tipo_terreno_imovel":1,"qt_area_terreno":98,"qt_area_construida":242}}},{"type":"Feature","geometry":{"type":"Polygon","coordinates":[[[-45.028529,-23.535112],[-45.028529,-23.5353],[-45.028529,-23.535478],[-45.028528,-23.535479],[-45.028528,-23.535479],[-45.028527,-23.535478],[-45.028521,-23.535464],[-45.028521,-23.535389],[-45.028521,-23.535356],[-45.028521,-23.535265],[-45.028521,-23.535256],[-45.028521,-23.535216],[-45.028521,-23.535143],[-45.028521,-23.535112],[-45.028527,-23.535112],[-45.028528,-23.535112],[-45.028528,-23.535112],[-45.028529,-23.535112]]]},"properties":{"sqlu":"SP-005-967475","inscription":"SP-GEOSAMPA-1967475","inscricaoImobiliaria":"SP-IMO-1967475","setor":"005","quadra":"039","lote":"0036","sourceType":"OFFICIAL_IMPORT","mainAddress":"Setor Fiscal 005","zoneamento":"RESIDENCIAL","statusCadastral":"ATIVO","workflowStatus":"PENDENTE","isOfficial":true,"rawProperties":{"cd_identificador":1967475,"cd_identificador_original_lote":8891099,"cd_setor_fiscal":"005","cd_tipo_quadra":"F","tx_tipo_quadra":"FISCAL","cd_quadra_fiscal":"039","cd_subquadra_fiscal":null,"cd_condominio":"00","cd_tipo_lote":"F","tx_tipo_lote":"FISCAL","cd_lote":"0036","cd_situacao":1,"cd_digito_sql":"2","cd_logradouro":"080292","nm_logradouro_completo":"R DA GLORIA","cd_numero_porta":"200","tx_complemento_endereco":null,"tx_situ_lote":"ATIVO","cd_tipo_uso_imovel":"62","dc_tipo_uso_imovel":"Não residencial","cd_tipo_terreno_imovel":1,"qt_area_terreno":1960,"qt_area_construida":3839}}},{"type":"Feature","geometry":{"type":"Polygon","coordinates":[[[-45.028503,-23.539606],[-45.028503,-23.539616],[-45.028501,-23.539613],[-45.0285,-23.539609],[-45.028497,-23.539602],[-45.028497,-23.539529],[-45.028501,-23.539541],[-45.028501,-23.539542],[-45.028502,-23.539543],[-45.028503,-23.539547],[-45.028503,-23.539565],[-45.028503,-23.539606]]]},"properties":{"sqlu":"SP-005-967490","inscription":"SP-GEOSAMPA-1967490","inscricaoImobiliaria":"SP-IMO-1967490","setor":"005","quadra":"070","lote":"0000","sourceType":"OFFICIAL_IMPORT","mainAddress":"Setor Fiscal 005","zoneamento":"RESIDENCIAL","statusCadastral":"ATIVO","workflowStatus":"PENDENTE","isOfficial":true,"rawProperties":{"cd_identificador":1967490,"cd_identificador_original_lote":8890469,"cd_setor_fiscal":"005","cd_tipo_quadra":"F","tx_tipo_quadra":"FISCAL","cd_quadra_fiscal":"070","cd_subquadra_fiscal":null,"cd_condominio":"08","cd_tipo_lote":"F","tx_tipo_lote":"FISCAL","cd_lote":"0000","cd_situacao":1,"cd_digito_sql":null,"cd_logradouro":"076643","nm_logradouro_completo":"R CONS FURTADO","cd_numero_porta":"710 712","tx_complemento_endereco":null,"tx_situ_lote":null,"cd_tipo_uso_imovel":"XX","dc_tipo_uso_imovel":"Condomínio","cd_tipo_terreno_imovel":99,"qt_area_terreno":281,"qt_area_construida":null}}},{"type":"Feature","geometry":{"type":"Polygon","coordinates":[[[-45.0285,-23.537021],[-45.028515,-23.537052],[-45.028515,-23.537149],[-45.028515,-23.537281],[-45.028515,-23.537298],[-45.028515,-23.537303],[-45.028514,-23.537305],[-45.0285,-23.537264],[-45.0285,-23.537259],[-45.0285,-23.537249],[-45.028499,-23.537235],[-45.028499,-23.53722],[-45.0285,-23.537021]]]},"properties":{"sqlu":"SP-005-967494","inscription":"SP-GEOSAMPA-1967494","inscricaoImobiliaria":"SP-IMO-1967494","setor":"005","quadra":"019","lote":"0001","sourceType":"OFFICIAL_IMPORT","mainAddress":"Setor Fiscal 005","zoneamento":"RESIDENCIAL","statusCadastral":"ATIVO","workflowStatus":"PENDENTE","isOfficial":true,"rawProperties":{"cd_identificador":1967494,"cd_identificador_original_lote":8891362,"cd_setor_fiscal":"005","cd_tipo_quadra":"M","tx_tipo_quadra":"MUNICIPAL","cd_quadra_fiscal":"019","cd_subquadra_fiscal":null,"cd_condominio":"00","cd_tipo_lote":"M","tx_tipo_lote":"MUNICIPAL","cd_lote":"0001","cd_situacao":1,"cd_digito_sql":null,"cd_logradouro":null,"nm_logradouro_completo":null,"cd_numero_porta":null,"tx_complemento_endereco":null,"tx_situ_lote":null,"cd_tipo_uso_imovel":null,"dc_tipo_uso_imovel":null,"cd_tipo_terreno_imovel":null,"qt_area_terreno":null,"qt_area_construida":null}}},{"type":"Feature","geometry":{"type":"Polygon","coordinates":[[[-45.028461,-23.535657],[-45.02846,-23.535742],[-45.02846,-23.53577],[-45.02846,-23.535796],[-45.02846,-23.535835],[-45.02846,-23.535854],[-45.02846,-23.535862],[-45.02846,-23.535908],[-45.02846,-23.535931],[-45.028459,-23.535927],[-45.02846,-23.535653],[-45.02846,-23.535656],[-45.028461,-23.535657]]]},"properties":{"sqlu":"SP-005-967818","inscription":"SP-GEOSAMPA-1967818","inscricaoImobiliaria":"SP-IMO-1967818","setor":"005","quadra":"093","lote":"0001","sourceType":"OFFICIAL_IMPORT","mainAddress":"Setor Fiscal 005","zoneamento":"RESIDENCIAL","statusCadastral":"ATIVO","workflowStatus":"PENDENTE","isOfficial":true,"rawProperties":{"cd_identificador":1967818,"cd_identificador_original_lote":8891813,"cd_setor_fiscal":"005","cd_tipo_quadra":"F","tx_tipo_quadra":"FISCAL","cd_quadra_fiscal":"093","cd_subquadra_fiscal":null,"cd_condominio":"00","cd_tipo_lote":"F","tx_tipo_lote":"FISCAL","cd_lote":"0001","cd_situacao":1,"cd_digito_sql":"4","cd_logradouro":"067083","nm_logradouro_completo":"R DOS ESTUDANTES","cd_numero_porta":"438","tx_complemento_endereco":null,"tx_situ_lote":"ATIVO","cd_tipo_uso_imovel":"10","dc_tipo_uso_imovel":"Residencial","cd_tipo_terreno_imovel":2,"qt_area_terreno":176,"qt_area_construida":80}}},{"type":"Feature","geometry":{"type":"Polygon","coordinates":[[[-45.028502,-23.534561],[-45.028502,-23.534514],[-45.028508,-23.534537],[-45.028509,-23.534542],[-45.02851,-23.534544],[-45.028509,-23.534592],[-45.028508,-23.534587],[-45.028502,-23.534561]]]},"properties":{"sqlu":"SP-005-967690","inscription":"SP-GEOSAMPA-1967690","inscricaoImobiliaria":"SP-IMO-1967690","setor":"005","quadra":"040","lote":"0026","sourceType":"OFFICIAL_IMPORT","mainAddress":"Setor Fiscal 005","zoneamento":"RESIDENCIAL","statusCadastral":"ATIVO","workflowStatus":"PENDENTE","isOfficial":true,"rawProperties":{"cd_identificador":1967690,"cd_identificador_original_lote":8890917,"cd_setor_fiscal":"005","cd_tipo_quadra":"F","tx_tipo_quadra":"FISCAL","cd_quadra_fiscal":"040","cd_subquadra_fiscal":null,"cd_condominio":"00","cd_tipo_lote":"F","tx_tipo_lote":"FISCAL","cd_lote":"0026","cd_situacao":1,"cd_digito_sql":"8","cd_logradouro":"076643","nm_logradouro_completo":"R CONS FURTADO","cd_numero_porta":"154","tx_complemento_endereco":null,"tx_situ_lote":"ATIVO","cd_tipo_uso_imovel":"00","dc_tipo_uso_imovel":"Terreno","cd_tipo_terreno_imovel":1,"qt_area_terreno":174,"qt_area_construida":0}}},{"type":"Feature","geometry":{"type":"Polygon","coordinates":[[[-45.028431,-23.53414],[-45.028431,-23.534125],[-45.028432,-23.534243],[-45.028433,-23.534369],[-45.028432,-23.534416],[-45.028431,-23.534435],[-45.02843,-23.534447],[-45.028429,-23.53447],[-45.028427,-23.534227],[-45.028429,-23.534192],[-45.028429,-23.53419],[-45.028429,-23.534178],[-45.028429,-23.534173],[-45.028431,-23.53414]]]},"properties":{"sqlu":"SP-005-967899","inscription":"SP-GEOSAMPA-1967899","inscricaoImobiliaria":"SP-IMO-1967899","setor":"005","quadra":"077","lote":"0000","sourceType":"OFFICIAL_IMPORT","mainAddress":"Setor Fiscal 005","zoneamento":"RESIDENCIAL","statusCadastral":"ATIVO","workflowStatus":"PENDENTE","isOfficial":true,"rawProperties":{"cd_identificador":1967899,"cd_identificador_original_lote":8890593,"cd_setor_fiscal":"005","cd_tipo_quadra":"F","tx_tipo_quadra":"FISCAL","cd_quadra_fiscal":"077","cd_subquadra_fiscal":null,"cd_condominio":"05","cd_tipo_lote":"F","tx_tipo_lote":"FISCAL","cd_lote":"0000","cd_situacao":1,"cd_digito_sql":null,"cd_logradouro":"086398","nm_logradouro_completo":"R HELENA ZERRENER","cd_numero_porta":"35 39 47","tx_complemento_endereco":null,"tx_situ_lote":null,"cd_tipo_uso_imovel":"XX","dc_tipo_uso_imovel":"Condomínio","cd_tipo_terreno_imovel":99,"qt_area_terreno":870,"qt_area_construida":null}}},{"type":"Feature","geometry":{"type":"Polygon","coordinates":[[[-45.028511,-23.531005],[-45.028511,-23.530981],[-45.028501,-23.529743],[-45.028501,-23.529726],[-45.028502,-23.529713],[-45.028503,-23.529679],[-45.028507,-23.529609],[-45.028507,-23.529602],[-45.028508,-23.529604],[-45.028508,-23.529608],[-45.028508,-23.529614],[-45.028508,-23.529624],[-45.028508,-23.529633],[-45.028509,-23.529664],[-45.028516,-23.530534],[-45.028518,-23.530802],[-45.028519,-23.530857],[-45.028519,-23.530864],[-45.028519,-23.530871],[-45.028519,-23.530875],[-45.028518,-23.53088],[-45.028512,-23.531018],[-45.028512,-23.531022],[-45.028511,-23.531046],[-45.028511,-23.531044],[-45.028511,-23.531005]]]},"properties":{"sqlu":"SP-005-967941","inscription":"SP-GEOSAMPA-1967941","inscricaoImobiliaria":"SP-IMO-1967941","setor":"005","quadra":"022","lote":"0002","sourceType":"OFFICIAL_IMPORT","mainAddress":"Setor Fiscal 005","zoneamento":"RESIDENCIAL","statusCadastral":"ATIVO","workflowStatus":"PENDENTE","isOfficial":true,"rawProperties":{"cd_identificador":1967941,"cd_identificador_original_lote":8891361,"cd_setor_fiscal":"005","cd_tipo_quadra":"M","tx_tipo_quadra":"MUNICIPAL","cd_quadra_fiscal":"022","cd_subquadra_fiscal":null,"cd_condominio":"00","cd_tipo_lote":"M","tx_tipo_lote":"MUNICIPAL","cd_lote":"0002","cd_situacao":1,"cd_digito_sql":null,"cd_logradouro":null,"nm_logradouro_completo":null,"cd_numero_porta":null,"tx_complemento_endereco":null,"tx_situ_lote":null,"cd_tipo_uso_imovel":null,"dc_tipo_uso_imovel":null,"cd_tipo_terreno_imovel":null,"qt_area_terreno":null,"qt_area_construida":null}}},{"type":"Feature","geometry":{"type":"Polygon","coordinates":[[[-45.028473,-23.536936],[-45.028474,-23.536947],[-45.028474,-23.537191],[-45.028472,-23.537182],[-45.028473,-23.536975],[-45.028473,-23.536936]]]},"properties":{"sqlu":"SP-005-967948","inscription":"SP-GEOSAMPA-1967948","inscricaoImobiliaria":"SP-IMO-1967948","setor":"005","quadra":"092","lote":"0004","sourceType":"OFFICIAL_IMPORT","mainAddress":"Setor Fiscal 005","zoneamento":"RESIDENCIAL","statusCadastral":"ATIVO","workflowStatus":"PENDENTE","isOfficial":true,"rawProperties":{"cd_identificador":1967948,"cd_identificador_original_lote":8890317,"cd_setor_fiscal":"005","cd_tipo_quadra":"F","tx_tipo_quadra":"FISCAL","cd_quadra_fiscal":"092","cd_subquadra_fiscal":null,"cd_condominio":"00","cd_tipo_lote":"F","tx_tipo_lote":"FISCAL","cd_lote":"0004","cd_situacao":1,"cd_digito_sql":"4","cd_logradouro":"156744","nm_logradouro_completo":"R S PAULO","cd_numero_porta":"125","tx_complemento_endereco":null,"tx_situ_lote":"ATIVO","cd_tipo_uso_imovel":"60","dc_tipo_uso_imovel":"Não residencial","cd_tipo_terreno_imovel":1,"qt_area_terreno":342,"qt_area_construida":730}}},{"type":"Feature","geometry":{"type":"Polygon","coordinates":[[[-45.028463,-23.539467],[-45.028464,-23.539471],[-45.028465,-23.539472],[-45.028464,-23.539502],[-45.028461,-23.539575],[-45.028461,-23.539535],[-45.028463,-23.539467]]]},"properties":{"sqlu":"SP-005-967908","inscription":"SP-GEOSAMPA-1967908","inscricaoImobiliaria":"SP-IMO-1967908","setor":"005","quadra":"073","lote":"0029","sourceType":"OFFICIAL_IMPORT","mainAddress":"Setor Fiscal 005","zoneamento":"RESIDENCIAL","statusCadastral":"ATIVO","workflowStatus":"PENDENTE","isOfficial":true,"rawProperties":{"cd_identificador":1967908,"cd_identificador_original_lote":8890502,"cd_setor_fiscal":"005","cd_tipo_quadra":"F","tx_tipo_quadra":"FISCAL","cd_quadra_fiscal":"073","cd_subquadra_fiscal":null,"cd_condominio":"00","cd_tipo_lote":"F","tx_tipo_lote":"FISCAL","cd_lote":"0029","cd_situacao":1,"cd_digito_sql":"7","cd_logradouro":"080241","nm_logradouro_completo":"R GLICERIO","cd_numero_porta":"818","tx_complemento_endereco":null,"tx_situ_lote":"ATIVO","cd_tipo_uso_imovel":"40","dc_tipo_uso_imovel":"Não residencial","cd_tipo_terreno_imovel":1,"qt_area_terreno":100,"qt_area_construida":380}}},{"type":"Feature","geometry":{"type":"Polygon","coordinates":[[[-45.028534,-23.53365],[-45.028536,-23.533588],[-45.028537,-23.53357],[-45.028538,-23.533562],[-45.028538,-23.533557],[-45.028538,-23.533549],[-45.028539,-23.533594],[-45.028538,-23.533599],[-45.028538,-23.533601],[-45.028538,-23.533606],[-45.028537,-23.533622],[-45.028534,-23.53369],[-45.028534,-23.53365]]]},"properties":{"sqlu":"SP-005-968090","inscription":"SP-GEOSAMPA-1968090","inscricaoImobiliaria":"SP-IMO-1968090","setor":"005","quadra":"038","lote":"0003","sourceType":"OFFICIAL_IMPORT","mainAddress":"Setor Fiscal 005","zoneamento":"RESIDENCIAL","statusCadastral":"ATIVO","workflowStatus":"PENDENTE","isOfficial":true,"rawProperties":{"cd_identificador":1968090,"cd_identificador_original_lote":8890718,"cd_setor_fiscal":"005","cd_tipo_quadra":"F","tx_tipo_quadra":"FISCAL","cd_quadra_fiscal":"038","cd_subquadra_fiscal":null,"cd_condominio":"00","cd_tipo_lote":"F","tx_tipo_lote":"FISCAL","cd_lote":"0003","cd_situacao":1,"cd_digito_sql":"1","cd_logradouro":"118184","nm_logradouro_completo":"AV DA LIBERDADE","cd_numero_porta":"48","tx_complemento_endereco":"50","tx_situ_lote":"ATIVO","cd_tipo_uso_imovel":"42","dc_tipo_uso_imovel":"Não residencial","cd_tipo_terreno_imovel":1,"qt_area_terreno":153,"qt_area_construida":244}}},{"type":"Feature","geometry":{"type":"Polygon","coordinates":[[[-45.028429,-23.533261],[-45.028429,-23.53325],[-45.028431,-23.533059],[-45.028431,-23.533008],[-45.028432,-23.533032],[-45.028432,-23.532993],[-45.028432,-23.532985],[-45.028433,-23.532864],[-45.028433,-23.532828],[-45.028435,-23.532881],[-45.028436,-23.532917],[-45.028436,-23.532968],[-45.028434,-23.533254],[-45.028434,-23.533282],[-45.028433,-23.533336],[-45.028433,-23.533348],[-45.028431,-23.533303],[-45.028429,-23.533261]]]},"properties":{"sqlu":"SP-005-968026","inscription":"SP-GEOSAMPA-1968026","inscricaoImobiliaria":"SP-IMO-1968026","setor":"005","quadra":"076","lote":"0000","sourceType":"OFFICIAL_IMPORT","mainAddress":"Setor Fiscal 005","zoneamento":"RESIDENCIAL","statusCadastral":"ATIVO","workflowStatus":"PENDENTE","isOfficial":true,"rawProperties":{"cd_identificador":1968026,"cd_identificador_original_lote":8891728,"cd_setor_fiscal":"005","cd_tipo_quadra":"F","tx_tipo_quadra":"FISCAL","cd_quadra_fiscal":"076","cd_subquadra_fiscal":null,"cd_condominio":"22","cd_tipo_lote":"F","tx_tipo_lote":"FISCAL","cd_lote":"0000","cd_situacao":1,"cd_digito_sql":null,"cd_logradouro":"185566","nm_logradouro_completo":"R TABATINGUERA","cd_numero_porta":"350","tx_complemento_endereco":null,"tx_situ_lote":null,"cd_tipo_uso_imovel":"XX","dc_tipo_uso_imovel":"Condomínio","cd_tipo_terreno_imovel":99,"qt_area_terreno":1300,"qt_area_construida":null}}},{"type":"Feature","geometry":{"type":"Polygon","coordinates":[[[-45.028606,-23.53812],[-45.028607,-23.538169],[-45.028607,-23.538186],[-45.028607,-23.538201],[-45.028608,-23.538254],[-45.028605,-23.538374],[-45.028605,-23.538379],[-45.028605,-23.538379],[-45.028605,-23.538378],[-45.028605,-23.538376],[-45.028605,-23.538372],[-45.028604,-23.538368],[-45.028603,-23.538226],[-45.028604,-23.538182],[-45.028606,-23.53812]]]},"properties":{"sqlu":"SP-005-968057","inscription":"SP-GEOSAMPA-1968057","inscricaoImobiliaria":"SP-IMO-1968057","setor":"005","quadra":"048","lote":"0000","sourceType":"OFFICIAL_IMPORT","mainAddress":"Setor Fiscal 005","zoneamento":"RESIDENCIAL","statusCadastral":"ATIVO","workflowStatus":"PENDENTE","isOfficial":true,"rawProperties":{"cd_identificador":1968057,"cd_identificador_original_lote":8891373,"cd_setor_fiscal":"005","cd_tipo_quadra":"F","tx_tipo_quadra":"FISCAL","cd_quadra_fiscal":"048","cd_subquadra_fiscal":null,"cd_condominio":"03","cd_tipo_lote":"F","tx_tipo_lote":"FISCAL","cd_lote":"0000","cd_situacao":1,"cd_digito_sql":null,"cd_logradouro":"178136","nm_logradouro_completo":"R CDSSA DE SAO JOAQUIM","cd_numero_porta":"224","tx_complemento_endereco":null,"tx_situ_lote":null,"cd_tipo_uso_imovel":"XX","dc_tipo_uso_imovel":"Condomínio","cd_tipo_terreno_imovel":99,"qt_area_terreno":424,"qt_area_construida":null}}},{"type":"Feature","geometry":{"type":"Polygon","coordinates":[[[-45.028606,-23.53812],[-45.028604,-23.538182],[-45.028603,-23.538226],[-45.028603,-23.538141],[-45.028605,-23.538052],[-45.028606,-23.538101],[-45.028606,-23.53812]]]},"properties":{"sqlu":"SP-005-968056","inscription":"SP-GEOSAMPA-1968056","inscricaoImobiliaria":"SP-IMO-1968056","setor":"005","quadra":"048","lote":"0039","sourceType":"OFFICIAL_IMPORT","mainAddress":"Setor Fiscal 005","zoneamento":"RESIDENCIAL","statusCadastral":"ATIVO","workflowStatus":"PENDENTE","isOfficial":true,"rawProperties":{"cd_identificador":1968056,"cd_identificador_original_lote":8891372,"cd_setor_fiscal":"005","cd_tipo_quadra":"F","tx_tipo_quadra":"FISCAL","cd_quadra_fiscal":"048","cd_subquadra_fiscal":null,"cd_condominio":"00","cd_tipo_lote":"F","tx_tipo_lote":"FISCAL","cd_lote":"0039","cd_situacao":1,"cd_digito_sql":"6","cd_logradouro":"178128","nm_logradouro_completo":"R CD DE SAO JOAQUIM","cd_numero_porta":"222","tx_complemento_endereco":"222 A","tx_situ_lote":"ATIVO","cd_tipo_uso_imovel":"42","dc_tipo_uso_imovel":"Não residencial","cd_tipo_terreno_imovel":1,"qt_area_terreno":224,"qt_area_construida":130}}},{"type":"Feature","geometry":{"type":"Polygon","coordinates":[[[-45.028604,-23.530791],[-45.028605,-23.530837],[-45.028607,-23.530928],[-45.028606,-23.53098],[-45.028606,-23.531009],[-45.028605,-23.53107],[-45.028603,-23.531178],[-45.0286,-23.531127],[-45.028601,-23.530935],[-45.028601,-23.530948],[-45.028604,-23.530791]]]},"properties":{"sqlu":"SP-005-896497","inscription":"SP-GEOSAMPA-6896497","inscricaoImobiliaria":"SP-IMO-6896497","setor":"005","quadra":"017","lote":"0000","sourceType":"OFFICIAL_IMPORT","mainAddress":"Setor Fiscal 005","zoneamento":"RESIDENCIAL","statusCadastral":"ATIVO","workflowStatus":"PENDENTE","isOfficial":true,"rawProperties":{"cd_identificador":6896497,"cd_identificador_original_lote":10744979,"cd_setor_fiscal":"005","cd_tipo_quadra":"F","tx_tipo_quadra":"FISCAL","cd_quadra_fiscal":"017","cd_subquadra_fiscal":null,"cd_condominio":"12","cd_tipo_lote":"F","tx_tipo_lote":"FISCAL","cd_lote":"0000","cd_situacao":1,"cd_digito_sql":null,"cd_logradouro":"010030","nm_logradouro_completo":"R STO AMARO","cd_numero_porta":"27","tx_complemento_endereco":null,"tx_situ_lote":null,"cd_tipo_uso_imovel":"XX","dc_tipo_uso_imovel":"Condomínio","cd_tipo_terreno_imovel":99,"qt_area_terreno":922,"qt_area_construida":null}}},{"type":"Feature","geometry":{"type":"Polygon","coordinates":[[[-45.028477,-23.533151],[-45.028477,-23.533168],[-45.028475,-23.533171],[-45.028475,-23.533139],[-45.028475,-23.532935],[-45.028475,-23.53289],[-45.028477,-23.532891],[-45.028477,-23.533139],[-45.028477,-23.533151]]]},"properties":{"sqlu":"SP-005-968139","inscription":"SP-GEOSAMPA-1968139","inscricaoImobiliaria":"SP-IMO-1968139","setor":"005","quadra":"076","lote":"0000","sourceType":"OFFICIAL_IMPORT","mainAddress":"Setor Fiscal 005","zoneamento":"RESIDENCIAL","statusCadastral":"ATIVO","workflowStatus":"PENDENTE","isOfficial":true,"rawProperties":{"cd_identificador":1968139,"cd_identificador_original_lote":8891741,"cd_setor_fiscal":"005","cd_tipo_quadra":"F","tx_tipo_quadra":"FISCAL","cd_quadra_fiscal":"076","cd_subquadra_fiscal":null,"cd_condominio":"23","cd_tipo_lote":"F","tx_tipo_lote":"FISCAL","cd_lote":"0000","cd_situacao":1,"cd_digito_sql":null,"cd_logradouro":"185566","nm_logradouro_completo":"R TABATINGUERA","cd_numero_porta":"122 126 130","tx_complemento_endereco":null,"tx_situ_lote":null,"cd_tipo_uso_imovel":"XX","dc_tipo_uso_imovel":"Condomínio","cd_tipo_terreno_imovel":99,"qt_area_terreno":361,"qt_area_construida":null}}},{"type":"Feature","geometry":{"type":"Polygon","coordinates":[[[-45.028522,-23.534267],[-45.028522,-23.534223],[-45.028522,-23.534204],[-45.028524,-23.534207],[-45.028525,-23.534185],[-45.028526,-23.534163],[-45.028526,-23.534154],[-45.028526,-23.534205],[-45.028527,-23.534228],[-45.028527,-23.53423],[-45.028525,-23.534245],[-45.028525,-23.534249],[-45.028525,-23.534256],[-45.028524,-23.534268],[-45.028522,-23.534267]]]},"properties":{"sqlu":"SP-005-968289","inscription":"SP-GEOSAMPA-1968289","inscricaoImobiliaria":"SP-IMO-1968289","setor":"005","quadra":"039","lote":"0050","sourceType":"OFFICIAL_IMPORT","mainAddress":"Setor Fiscal 005","zoneamento":"RESIDENCIAL","statusCadastral":"ATIVO","workflowStatus":"PENDENTE","isOfficial":true,"rawProperties":{"cd_identificador":1968289,"cd_identificador_original_lote":8891096,"cd_setor_fiscal":"005","cd_tipo_quadra":"F","tx_tipo_quadra":"FISCAL","cd_quadra_fiscal":"039","cd_subquadra_fiscal":null,"cd_condominio":"00","cd_tipo_lote":"F","tx_tipo_lote":"FISCAL","cd_lote":"0050","cd_situacao":1,"cd_digito_sql":"8","cd_logradouro":"080292","nm_logradouro_completo":"R DA GLORIA","cd_numero_porta":"86","tx_complemento_endereco":null,"tx_situ_lote":"ATIVO","cd_tipo_uso_imovel":"31","dc_tipo_uso_imovel":"Não residencial","cd_tipo_terreno_imovel":1,"qt_area_terreno":128,"qt_area_construida":208}}},{"type":"Feature","geometry":{"type":"Polygon","coordinates":[[[-45.028492,-23.536049],[-45.028492,-23.53606],[-45.028492,-23.536166],[-45.028493,-23.53622],[-45.028492,-23.536225],[-45.028491,-23.536231],[-45.028491,-23.536183],[-45.02849,-23.536078],[-45.02849,-23.536049],[-45.02849,-23.536041],[-45.028491,-23.536045],[-45.028491,-23.536046],[-45.028492,-23.536049]]]},"properties":{"sqlu":"SP-005-968174","inscription":"SP-GEOSAMPA-1968174","inscricaoImobiliaria":"SP-IMO-1968174","setor":"005","quadra":"053","lote":"0204","sourceType":"OFFICIAL_IMPORT","mainAddress":"Setor Fiscal 005","zoneamento":"RESIDENCIAL","statusCadastral":"ATIVO","workflowStatus":"PENDENTE","isOfficial":true,"rawProperties":{"cd_identificador":1968174,"cd_identificador_original_lote":8890192,"cd_setor_fiscal":"005","cd_tipo_quadra":"F","tx_tipo_quadra":"FISCAL","cd_quadra_fiscal":"053","cd_subquadra_fiscal":null,"cd_condominio":"00","cd_tipo_lote":"F","tx_tipo_lote":"FISCAL","cd_lote":"0204","cd_situacao":1,"cd_digito_sql":"7","cd_logradouro":"123650","nm_logradouro_completo":"R DR LUND","cd_numero_porta":"21","tx_complemento_endereco":"29","tx_situ_lote":"ATIVO","cd_tipo_uso_imovel":"22","dc_tipo_uso_imovel":"Residencial","cd_tipo_terreno_imovel":1,"qt_area_terreno":250,"qt_area_construida":1739}}},{"type":"Feature","geometry":{"type":"Polygon","coordinates":[[[-45.028572,-23.53257],[-45.028567,-23.5325],[-45.028567,-23.532507],[-45.028567,-23.532498],[-45.028567,-23.532444],[-45.028568,-23.532364],[-45.028569,-23.532259],[-45.02857,-23.532172],[-45.028571,-23.532112],[-45.028571,-23.532169],[-45.028572,-23.532231],[-45.028572,-23.532234],[-45.028575,-23.532553],[-45.028575,-23.532562],[-45.028575,-23.532573],[-45.028575,-23.532582],[-45.028575,-23.532591],[-45.028575,-23.532607],[-45.028575,-23.532615],[-45.028575,-23.53262],[-45.028574,-23.532622],[-45.028574,-23.532621],[-45.028572,-23.53257]]]},"properties":{"sqlu":"SP-005-968331","inscription":"SP-GEOSAMPA-1968331","inscricaoImobiliaria":"SP-IMO-1968331","setor":"005","quadra":"021","lote":"0001","sourceType":"OFFICIAL_IMPORT","mainAddress":"Setor Fiscal 005","zoneamento":"RESIDENCIAL","statusCadastral":"ATIVO","workflowStatus":"PENDENTE","isOfficial":true,"rawProperties":{"cd_identificador":1968331,"cd_identificador_original_lote":8890712,"cd_setor_fiscal":"005","cd_tipo_quadra":"M","tx_tipo_quadra":"MUNICIPAL","cd_quadra_fiscal":"021","cd_subquadra_fiscal":null,"cd_condominio":"00","cd_tipo_lote":"M","tx_tipo_lote":"MUNICIPAL","cd_lote":"0001","cd_situacao":1,"cd_digito_sql":null,"cd_logradouro":null,"nm_logradouro_completo":null,"cd_numero_porta":null,"tx_complemento_endereco":null,"tx_situ_lote":null,"cd_tipo_uso_imovel":null,"dc_tipo_uso_imovel":null,"cd_tipo_terreno_imovel":null,"qt_area_terreno":null,"qt_area_construida":null}}},{"type":"Feature","geometry":{"type":"Polygon","coordinates":[[[-45.028494,-23.533899],[-45.028495,-23.533884],[-45.028496,-23.534084],[-45.028496,-23.534096],[-45.028496,-23.534247],[-45.028496,-23.534258],[-45.028495,-23.534143],[-45.028495,-23.53411],[-45.028494,-23.533899]]]},"properties":{"sqlu":"SP-005-968147","inscription":"SP-GEOSAMPA-1968147","inscricaoImobiliaria":"SP-IMO-1968147","setor":"005","quadra":"044","lote":"0058","sourceType":"OFFICIAL_IMPORT","mainAddress":"Setor Fiscal 005","zoneamento":"RESIDENCIAL","statusCadastral":"ATIVO","workflowStatus":"PENDENTE","isOfficial":true,"rawProperties":{"cd_identificador":1968147,"cd_identificador_original_lote":8891120,"cd_setor_fiscal":"005","cd_tipo_quadra":"F","tx_tipo_quadra":"FISCAL","cd_quadra_fiscal":"044","cd_subquadra_fiscal":null,"cd_condominio":"00","cd_tipo_lote":"F","tx_tipo_lote":"FISCAL","cd_lote":"0058","cd_situacao":1,"cd_digito_sql":"4","cd_logradouro":"178640","nm_logradouro_completo":"R CD DE SARZEDAS","cd_numero_porta":"30","tx_complemento_endereco":"34","tx_situ_lote":"ATIVO","cd_tipo_uso_imovel":"31","dc_tipo_uso_imovel":"Não residencial","cd_tipo_terreno_imovel":1,"qt_area_terreno":265,"qt_area_construida":606}}},{"type":"Feature","geometry":{"type":"Polygon","coordinates":[[[-45.028438,-23.535296],[-45.028438,-23.535284],[-45.028439,-23.535283],[-45.028438,-23.535374],[-45.028438,-23.535451],[-45.028438,-23.535448],[-45.028438,-23.535448],[-45.028438,-23.535447],[-45.028437,-23.535447],[-45.028437,-23.535397],[-45.028438,-23.535371],[-45.028438,-23.535371],[-45.028438,-23.535333],[-45.028438,-23.535313],[-45.028438,-23.535297],[-45.028438,-23.535296]]]},"properties":{"sqlu":"SP-005-968384","inscription":"SP-GEOSAMPA-1968384","inscricaoImobiliaria":"SP-IMO-1968384","setor":"005","quadra":"046","lote":"0071","sourceType":"OFFICIAL_IMPORT","mainAddress":"Setor Fiscal 005","zoneamento":"RESIDENCIAL","statusCadastral":"ATIVO","workflowStatus":"PENDENTE","isOfficial":true,"rawProperties":{"cd_identificador":1968384,"cd_identificador_original_lote":8891336,"cd_setor_fiscal":"005","cd_tipo_quadra":"F","tx_tipo_quadra":"FISCAL","cd_quadra_fiscal":"046","cd_subquadra_fiscal":null,"cd_condominio":"00","cd_tipo_lote":"F","tx_tipo_lote":"FISCAL","cd_lote":"0071","cd_situacao":1,"cd_digito_sql":"0","cd_logradouro":"067083","nm_logradouro_completo":"R DOS ESTUDANTES","cd_numero_porta":"571","tx_complemento_endereco":null,"tx_situ_lote":"ATIVO","cd_tipo_uso_imovel":"10","dc_tipo_uso_imovel":"Residencial","cd_tipo_terreno_imovel":1,"qt_area_terreno":76,"qt_area_construida":54}}},{"type":"Feature","geometry":{"type":"Polygon","coordinates":[[[-45.028438,-23.535296],[-45.028438,-23.535297],[-45.028438,-23.535313],[-45.028438,-23.535333],[-45.028438,-23.535371],[-45.028438,-23.535371],[-45.028437,-23.535375],[-45.028436,-23.535391],[-45.028436,-23.535385],[-45.028436,-23.535343],[-45.028437,-23.535316],[-45.028438,-23.535308],[-45.028437,-23.535303],[-45.028438,-23.535301],[-45.028438,-23.535296]]]},"properties":{"sqlu":"SP-005-968385","inscription":"SP-GEOSAMPA-1968385","inscricaoImobiliaria":"SP-IMO-1968385","setor":"005","quadra":"046","lote":"0073","sourceType":"OFFICIAL_IMPORT","mainAddress":"Setor Fiscal 005","zoneamento":"RESIDENCIAL","statusCadastral":"ATIVO","workflowStatus":"PENDENTE","isOfficial":true,"rawProperties":{"cd_identificador":1968385,"cd_identificador_original_lote":8891338,"cd_setor_fiscal":"005","cd_tipo_quadra":"F","tx_tipo_quadra":"FISCAL","cd_quadra_fiscal":"046","cd_subquadra_fiscal":null,"cd_condominio":"00","cd_tipo_lote":"F","tx_tipo_lote":"FISCAL","cd_lote":"0073","cd_situacao":1,"cd_digito_sql":"7","cd_logradouro":"067083","nm_logradouro_completo":"R DOS ESTUDANTES","cd_numero_porta":"595","tx_complemento_endereco":null,"tx_situ_lote":"ATIVO","cd_tipo_uso_imovel":"71","dc_tipo_uso_imovel":"Não residencial","cd_tipo_terreno_imovel":1,"qt_area_terreno":63,"qt_area_construida":110}}},{"type":"Feature","geometry":{"type":"Polygon","coordinates":[[[-45.028479,-23.54012],[-45.028481,-23.54013],[-45.02848,-23.540263],[-45.028479,-23.540254],[-45.028479,-23.540236],[-45.028479,-23.54012]]]},"properties":{"sqlu":"SP-005-968367","inscription":"SP-GEOSAMPA-1968367","inscricaoImobiliaria":"SP-IMO-1968367","setor":"005","quadra":"071","lote":"0008","sourceType":"OFFICIAL_IMPORT","mainAddress":"Setor Fiscal 005","zoneamento":"RESIDENCIAL","statusCadastral":"ATIVO","workflowStatus":"PENDENTE","isOfficial":true,"rawProperties":{"cd_identificador":1968367,"cd_identificador_original_lote":8891179,"cd_setor_fiscal":"005","cd_tipo_quadra":"F","tx_tipo_quadra":"FISCAL","cd_quadra_fiscal":"071","cd_subquadra_fiscal":null,"cd_condominio":"00","cd_tipo_lote":"F","tx_tipo_lote":"FISCAL","cd_lote":"0008","cd_situacao":1,"cd_digito_sql":"5","cd_logradouro":"080292","nm_logradouro_completo":"R DA GLORIA","cd_numero_porta":"901","tx_complemento_endereco":"E 905","tx_situ_lote":"ATIVO","cd_tipo_uso_imovel":"42","dc_tipo_uso_imovel":"Não residencial","cd_tipo_terreno_imovel":2,"qt_area_terreno":125,"qt_area_construida":200}}},{"type":"Feature","geometry":{"type":"Polygon","coordinates":[[[-45.028527,-23.536154],[-45.028526,-23.536079],[-45.028527,-23.536079],[-45.028528,-23.536077],[-45.028529,-23.536077],[-45.02853,-23.536075],[-45.028533,-23.536073],[-45.028535,-23.53607],[-45.028535,-23.536145],[-45.02853,-23.53615],[-45.028529,-23.536151],[-45.028527,-23.536153],[-45.028527,-23.536154]]]},"properties":{"sqlu":"SP-005-968456","inscription":"SP-GEOSAMPA-1968456","inscricaoImobiliaria":"SP-IMO-1968456","setor":"005","quadra":"051","lote":"0000","sourceType":"OFFICIAL_IMPORT","mainAddress":"Setor Fiscal 005","zoneamento":"RESIDENCIAL","statusCadastral":"ATIVO","workflowStatus":"PENDENTE","isOfficial":true,"rawProperties":{"cd_identificador":1968456,"cd_identificador_original_lote":8891829,"cd_setor_fiscal":"005","cd_tipo_quadra":"F","tx_tipo_quadra":"FISCAL","cd_quadra_fiscal":"051","cd_subquadra_fiscal":null,"cd_condominio":"04","cd_tipo_lote":"F","tx_tipo_lote":"FISCAL","cd_lote":"0000","cd_situacao":1,"cd_digito_sql":null,"cd_logradouro":"077330","nm_logradouro_completo":"R GALVAO BUENO","cd_numero_porta":"31 33","tx_complemento_endereco":null,"tx_situ_lote":null,"cd_tipo_uso_imovel":"XX","dc_tipo_uso_imovel":"Condomínio","cd_tipo_terreno_imovel":99,"qt_area_terreno":389,"qt_area_construida":null}}},{"type":"Feature","geometry":{"type":"Polygon","coordinates":[[[-45.02854,-23.538595],[-45.028538,-23.538591],[-45.028538,-23.538548],[-45.028538,-23.538497],[-45.028539,-23.538448],[-45.028539,-23.538394],[-45.028539,-23.538377],[-45.028539,-23.538343],[-45.028539,-23.538335],[-45.02854,-23.538339],[-45.02854,-23.538381],[-45.02854,-23.538456],[-45.02854,-23.538517],[-45.02854,-23.538595]]]},"properties":{"sqlu":"SP-005-968446","inscription":"SP-GEOSAMPA-1968446","inscricaoImobiliaria":"SP-IMO-1968446","setor":"005","quadra":"067","lote":"0022","sourceType":"OFFICIAL_IMPORT","mainAddress":"Setor Fiscal 005","zoneamento":"RESIDENCIAL","statusCadastral":"ATIVO","workflowStatus":"PENDENTE","isOfficial":true,"rawProperties":{"cd_identificador":1968446,"cd_identificador_original_lote":8890627,"cd_setor_fiscal":"005","cd_tipo_quadra":"F","tx_tipo_quadra":"FISCAL","cd_quadra_fiscal":"067","cd_subquadra_fiscal":null,"cd_condominio":"00","cd_tipo_lote":"F","tx_tipo_lote":"FISCAL","cd_lote":"0022","cd_situacao":1,"cd_digito_sql":"4","cd_logradouro":"090328","nm_logradouro_completo":"R BR DE IGUAPE","cd_numero_porta":"155","tx_complemento_endereco":"E 159","tx_situ_lote":"ATIVO","cd_tipo_uso_imovel":"43","dc_tipo_uso_imovel":"Não residencial","cd_tipo_terreno_imovel":1,"qt_area_terreno":213,"qt_area_construida":208}}},{"type":"Feature","geometry":{"type":"Polygon","coordinates":[[[-45.028527,-23.534553],[-45.02853,-23.53451],[-45.02853,-23.534485],[-45.028531,-23.534475],[-45.028532,-23.534457],[-45.028535,-23.534416],[-45.028535,-23.53448],[-45.028535,-23.534506],[-45.028535,-23.534517],[-45.028531,-23.534558],[-45.02853,-23.534575],[-45.02853,-23.534579],[-45.02853,-23.53462],[-45.028528,-23.534614],[-45.028528,-23.534601],[-45.028528,-23.534583],[-45.028527,-23.534553]]]},"properties":{"sqlu":"SP-005-172830","inscription":"SP-GEOSAMPA-7172830","inscricaoImobiliaria":"SP-IMO-7172830","setor":"005","quadra":"039","lote":"0968","sourceType":"OFFICIAL_IMPORT","mainAddress":"Setor Fiscal 005","zoneamento":"RESIDENCIAL","statusCadastral":"ATIVO","workflowStatus":"PENDENTE","isOfficial":true,"rawProperties":{"cd_identificador":7172830,"cd_identificador_original_lote":10882526,"cd_setor_fiscal":"005","cd_tipo_quadra":"F","tx_tipo_quadra":"FISCAL","cd_quadra_fiscal":"039","cd_subquadra_fiscal":null,"cd_condominio":"00","cd_tipo_lote":"F","tx_tipo_lote":"FISCAL","cd_lote":"0968","cd_situacao":1,"cd_digito_sql":"8","cd_logradouro":"118184","nm_logradouro_completo":"AV DA LIBERDADE","cd_numero_porta":"131","tx_complemento_endereco":"135","tx_situ_lote":"ATIVO","cd_tipo_uso_imovel":"43","dc_tipo_uso_imovel":"Não residencial","cd_tipo_terreno_imovel":1,"qt_area_terreno":402,"qt_area_construida":380}}},{"type":"Feature","geometry":{"type":"Polygon","coordinates":[[[-45.028561,-23.538989],[-45.02856,-23.538885],[-45.02856,-23.538881],[-45.02856,-23.538848],[-45.02856,-23.538833],[-45.02856,-23.538785],[-45.02856,-23.538683],[-45.028566,-23.538621],[-45.028568,-23.5388],[-45.028564,-23.538905],[-45.028564,-23.53891],[-45.028562,-23.538939],[-45.028561,-23.538984],[-45.028561,-23.538989]]]},"properties":{"sqlu":"SP-005-968486","inscription":"SP-GEOSAMPA-1968486","inscricaoImobiliaria":"SP-IMO-1968486","setor":"005","quadra":"068","lote":"0074","sourceType":"OFFICIAL_IMPORT","mainAddress":"Setor Fiscal 005","zoneamento":"RESIDENCIAL","statusCadastral":"ATIVO","workflowStatus":"PENDENTE","isOfficial":true,"rawProperties":{"cd_identificador":1968486,"cd_identificador_original_lote":8890781,"cd_setor_fiscal":"005","cd_tipo_quadra":"F","tx_tipo_quadra":"FISCAL","cd_quadra_fiscal":"068","cd_subquadra_fiscal":null,"cd_condominio":"00","cd_tipo_lote":"F","tx_tipo_lote":"FISCAL","cd_lote":"0074","cd_situacao":1,"cd_digito_sql":"1","cd_logradouro":"118184","nm_logradouro_completo":"AV DA LIBERDADE","cd_numero_porta":"631","tx_complemento_endereco":null,"tx_situ_lote":"ATIVO","cd_tipo_uso_imovel":"40","dc_tipo_uso_imovel":"Não residencial","cd_tipo_terreno_imovel":2,"qt_area_terreno":1256,"qt_area_construida":1991}}},{"type":"Feature","geometry":{"type":"Polygon","coordinates":[[[-45.028588,-23.530049],[-45.028586,-23.529979],[-45.028586,-23.529955],[-45.028585,-23.52999],[-45.028584,-23.529946],[-45.028584,-23.529917],[-45.028584,-23.529892],[-45.028586,-23.529822],[-45.028586,-23.529837],[-45.028587,-23.529856],[-45.028589,-23.52994],[-45.028589,-23.529972],[-45.028588,-23.530049]]]},"properties":{"sqlu":"SP-005-968722","inscription":"SP-GEOSAMPA-1968722","inscricaoImobiliaria":"SP-IMO-1968722","setor":"005","quadra":"013","lote":"0012","sourceType":"OFFICIAL_IMPORT","mainAddress":"Setor Fiscal 005","zoneamento":"RESIDENCIAL","statusCadastral":"ATIVO","workflowStatus":"PENDENTE","isOfficial":true,"rawProperties":{"cd_identificador":1968722,"cd_identificador_original_lote":8891548,"cd_setor_fiscal":"005","cd_tipo_quadra":"F","tx_tipo_quadra":"FISCAL","cd_quadra_fiscal":"013","cd_subquadra_fiscal":null,"cd_condominio":"00","cd_tipo_lote":"F","tx_tipo_lote":"FISCAL","cd_lote":"0012","cd_situacao":1,"cd_digito_sql":"0","cd_logradouro":"170259","nm_logradouro_completo":"R RIACHUELO","cd_numero_porta":"342","tx_complemento_endereco":null,"tx_situ_lote":"ATIVO","cd_tipo_uso_imovel":"40","dc_tipo_uso_imovel":"Não residencial","cd_tipo_terreno_imovel":1,"qt_area_terreno":379,"qt_area_construida":585}}},{"type":"Feature","geometry":{"type":"Polygon","coordinates":[[[-45.028531,-23.53912],[-45.028531,-23.539187],[-45.028527,-23.539169],[-45.028526,-23.539166],[-45.028525,-23.53916],[-45.028524,-23.539159],[-45.028524,-23.539095],[-45.028524,-23.539032],[-45.028524,-23.538916],[-45.028526,-23.53892],[-45.028527,-23.538925],[-45.028528,-23.538929],[-45.028528,-23.53893],[-45.028529,-23.538934],[-45.02853,-23.538938],[-45.02853,-23.53894],[-45.028531,-23.538945],[-45.028531,-23.539086],[-45.028531,-23.53912]]]},"properties":{"sqlu":"SP-005-044107","inscription":"SP-GEOSAMPA-7044107","inscricaoImobiliaria":"SP-IMO-7044107","setor":"005","quadra":"069","lote":"1116","sourceType":"OFFICIAL_IMPORT","mainAddress":"Setor Fiscal 005","zoneamento":"RESIDENCIAL","statusCadastral":"ATIVO","workflowStatus":"PENDENTE","isOfficial":true,"rawProperties":{"cd_identificador":7044107,"cd_identificador_original_lote":10815808,"cd_setor_fiscal":"005","cd_tipo_quadra":"F","tx_tipo_quadra":"FISCAL","cd_quadra_fiscal":"069","cd_subquadra_fiscal":null,"cd_condominio":"00","cd_tipo_lote":"F","tx_tipo_lote":"FISCAL","cd_lote":"1116","cd_situacao":1,"cd_digito_sql":"0","cd_logradouro":"077330","nm_logradouro_completo":"R GALVAO BUENO","cd_numero_porta":"365","tx_complemento_endereco":"351 E 361","tx_situ_lote":"ATIVO","cd_tipo_uso_imovel":"31","dc_tipo_uso_imovel":"Não residencial","cd_tipo_terreno_imovel":1,"qt_area_terreno":1098,"qt_area_construida":6758}}},{"type":"Feature","geometry":{"type":"Polygon","coordinates":[[[-45.028518,-23.537521],[-45.028518,-23.537481],[-45.028518,-23.537458],[-45.02852,-23.537463],[-45.02852,-23.537467],[-45.02852,-23.537528],[-45.02852,-23.537532],[-45.02852,-23.537531],[-45.02852,-23.537528],[-45.028519,-23.537528],[-45.028518,-23.537521]]]},"properties":{"sqlu":"SP-005-968888","inscription":"SP-GEOSAMPA-1968888","inscricaoImobiliaria":"SP-IMO-1968888","setor":"005","quadra":"062","lote":"0023","sourceType":"OFFICIAL_IMPORT","mainAddress":"Setor Fiscal 005","zoneamento":"RESIDENCIAL","statusCadastral":"ATIVO","workflowStatus":"PENDENTE","isOfficial":true,"rawProperties":{"cd_identificador":1968888,"cd_identificador_original_lote":8891884,"cd_setor_fiscal":"005","cd_tipo_quadra":"F","tx_tipo_quadra":"FISCAL","cd_quadra_fiscal":"062","cd_subquadra_fiscal":null,"cd_condominio":"00","cd_tipo_lote":"F","tx_tipo_lote":"FISCAL","cd_lote":"0023","cd_situacao":1,"cd_digito_sql":"1","cd_logradouro":"010880","nm_logradouro_completo":"R AMERICO DE CAMPOS","cd_numero_porta":"164","tx_complemento_endereco":"166","tx_situ_lote":"ATIVO","cd_tipo_uso_imovel":"40","dc_tipo_uso_imovel":"Não residencial","cd_tipo_terreno_imovel":2,"qt_area_terreno":220,"qt_area_construida":400}}},{"type":"Feature","geometry":{"type":"Polygon","coordinates":[[[-45.028559,-23.531976],[-45.028559,-23.531991],[-45.028557,-23.532334],[-45.028556,-23.532328],[-45.028548,-23.532192],[-45.028547,-23.532185],[-45.028548,-23.532128],[-45.028548,-23.532073],[-45.028549,-23.531817],[-45.02855,-23.531827],[-45.028558,-23.531959],[-45.028559,-23.531976]]]},"properties":{"sqlu":"SP-005-822385","inscription":"SP-GEOSAMPA-6822385","inscricaoImobiliaria":"SP-IMO-6822385","setor":"005","quadra":"025","lote":"0016","sourceType":"OFFICIAL_IMPORT","mainAddress":"Setor Fiscal 005","zoneamento":"RESIDENCIAL","statusCadastral":"ATIVO","workflowStatus":"PENDENTE","isOfficial":true,"rawProperties":{"cd_identificador":6822385,"cd_identificador_original_lote":8892033,"cd_setor_fiscal":"005","cd_tipo_quadra":"F","tx_tipo_quadra":"FISCAL","cd_quadra_fiscal":"025","cd_subquadra_fiscal":null,"cd_condominio":"00","cd_tipo_lote":"F","tx_tipo_lote":"FISCAL","cd_lote":"0016","cd_situacao":1,"cd_digito_sql":"6","cd_logradouro":"156353","nm_logradouro_completo":"VD DONA PAULINA","cd_numero_porta":"64","tx_complemento_endereco":"80 E 98","tx_situ_lote":"ATIVO","cd_tipo_uso_imovel":"31","dc_tipo_uso_imovel":"Não residencial","cd_tipo_terreno_imovel":1,"qt_area_terreno":2000,"qt_area_construida":27832}}},{"type":"Feature","geometry":{"type":"Polygon","coordinates":[[[-45.028464,-23.534447],[-45.028464,-23.534411],[-45.028465,-23.534409],[-45.028466,-23.534406],[-45.028466,-23.534429],[-45.028466,-23.534444],[-45.028466,-23.534445],[-45.028464,-23.534447]]]},"properties":{"sqlu":"SP-005-822299","inscription":"SP-GEOSAMPA-6822299","inscricaoImobiliaria":"SP-IMO-6822299","setor":"005","quadra":"046","lote":"0159","sourceType":"OFFICIAL_IMPORT","mainAddress":"Setor Fiscal 005","zoneamento":"RESIDENCIAL","statusCadastral":"ATIVO","workflowStatus":"PENDENTE","isOfficial":true,"rawProperties":{"cd_identificador":6822299,"cd_identificador_original_lote":8892123,"cd_setor_fiscal":"005","cd_tipo_quadra":"F","tx_tipo_quadra":"FISCAL","cd_quadra_fiscal":"046","cd_subquadra_fiscal":null,"cd_condominio":"00","cd_tipo_lote":"F","tx_tipo_lote":"FISCAL","cd_lote":"0159","cd_situacao":1,"cd_digito_sql":"8","cd_logradouro":"204242","nm_logradouro_completo":"R ANITA FERRAZ","cd_numero_porta":"18","tx_complemento_endereco":null,"tx_situ_lote":"ATIVO","cd_tipo_uso_imovel":"10","dc_tipo_uso_imovel":"Residencial","cd_tipo_terreno_imovel":4,"qt_area_terreno":60,"qt_area_construida":60}}},{"type":"Feature","geometry":{"type":"Polygon","coordinates":[[[-45.028537,-23.531569],[-45.028537,-23.531601],[-45.028537,-23.531604],[-45.028536,-23.531574],[-45.028537,-23.531569]]]},"properties":{"sqlu":"SP-005-969084","inscription":"SP-GEOSAMPA-1969084","inscricaoImobiliaria":"SP-IMO-1969084","setor":"005","quadra":"022","lote":"0012","sourceType":"OFFICIAL_IMPORT","mainAddress":"Setor Fiscal 005","zoneamento":"RESIDENCIAL","statusCadastral":"ATIVO","workflowStatus":"PENDENTE","isOfficial":true,"rawProperties":{"cd_identificador":1969084,"cd_identificador_original_lote":8892015,"cd_setor_fiscal":"005","cd_tipo_quadra":"F","tx_tipo_quadra":"FISCAL","cd_quadra_fiscal":"022","cd_subquadra_fiscal":null,"cd_condominio":"00","cd_tipo_lote":"F","tx_tipo_lote":"FISCAL","cd_lote":"0012","cd_situacao":1,"cd_digito_sql":"1","cd_logradouro":"167444","nm_logradouro_completo":"R QUINTINO BOCAIUVA","cd_numero_porta":"299","tx_complemento_endereco":null,"tx_situ_lote":"ATIVO","cd_tipo_uso_imovel":"40","dc_tipo_uso_imovel":"Não residencial","cd_tipo_terreno_imovel":1,"qt_area_terreno":28,"qt_area_construida":40}}},{"type":"Feature","geometry":{"type":"Polygon","coordinates":[[[-45.028491,-23.534649],[-45.028492,-23.534649],[-45.028493,-23.534649],[-45.028493,-23.534735],[-45.028493,-23.534744],[-45.028493,-23.534823],[-45.028492,-23.534913],[-45.028492,-23.534911],[-45.028491,-23.534908],[-45.028491,-23.534649]]]},"properties":{"sqlu":"SP-005-822429","inscription":"SP-GEOSAMPA-6822429","inscricaoImobiliaria":"SP-IMO-6822429","setor":"005","quadra":"044","lote":"0014","sourceType":"OFFICIAL_IMPORT","mainAddress":"Setor Fiscal 005","zoneamento":"RESIDENCIAL","statusCadastral":"ATIVO","workflowStatus":"PENDENTE","isOfficial":true,"rawProperties":{"cd_identificador":6822429,"cd_identificador_original_lote":10680202,"cd_setor_fiscal":"005","cd_tipo_quadra":"F","tx_tipo_quadra":"FISCAL","cd_quadra_fiscal":"044","cd_subquadra_fiscal":null,"cd_condominio":"00","cd_tipo_lote":"F","tx_tipo_lote":"FISCAL","cd_lote":"0014","cd_situacao":1,"cd_digito_sql":"2","cd_logradouro":"123889","nm_logradouro_completo":"R STA LUZIA","cd_numero_porta":"31","tx_complemento_endereco":null,"tx_situ_lote":"ATIVO","cd_tipo_uso_imovel":"10","dc_tipo_uso_imovel":"Residencial","cd_tipo_terreno_imovel":1,"qt_area_terreno":560,"qt_area_construida":300}}},{"type":"Feature","geometry":{"type":"Polygon","coordinates":[[[-45.02848,-23.534685],[-45.028485,-23.534693],[-45.028485,-23.534812],[-45.028485,-23.534815],[-45.028484,-23.534828],[-45.028484,-23.534827],[-45.028484,-23.534885],[-45.028481,-23.534874],[-45.02848,-23.534848],[-45.02848,-23.534738],[-45.02848,-23.534709],[-45.02848,-23.534685]]]},"properties":{"sqlu":"SP-005-822293","inscription":"SP-GEOSAMPA-6822293","inscricaoImobiliaria":"SP-IMO-6822293","setor":"005","quadra":"044","lote":"0000","sourceType":"OFFICIAL_IMPORT","mainAddress":"Setor Fiscal 005","zoneamento":"RESIDENCIAL","statusCadastral":"ATIVO","workflowStatus":"PENDENTE","isOfficial":true,"rawProperties":{"cd_identificador":6822293,"cd_identificador_original_lote":10680211,"cd_setor_fiscal":"005","cd_tipo_quadra":"F","tx_tipo_quadra":"FISCAL","cd_quadra_fiscal":"044","cd_subquadra_fiscal":null,"cd_condominio":"04","cd_tipo_lote":"F","tx_tipo_lote":"FISCAL","cd_lote":"0000","cd_situacao":1,"cd_digito_sql":null,"cd_logradouro":"123889","nm_logradouro_completo":"R STA LUZIA","cd_numero_porta":"81 87 93","tx_complemento_endereco":null,"tx_situ_lote":null,"cd_tipo_uso_imovel":"XX","dc_tipo_uso_imovel":"Condomínio","cd_tipo_terreno_imovel":99,"qt_area_terreno":423,"qt_area_construida":null}}},{"type":"Feature","geometry":{"type":"Polygon","coordinates":[[[-45.02851,-23.534032],[-45.028515,-23.534047],[-45.028516,-23.534049],[-45.028517,-23.534053],[-45.028517,-23.534054],[-45.028518,-23.534056],[-45.028519,-23.534058],[-45.02852,-23.53406],[-45.028519,-23.534119],[-45.02851,-23.534092],[-45.02851,-23.534032]]]},"properties":{"sqlu":"SP-005-822368","inscription":"SP-GEOSAMPA-6822368","inscricaoImobiliaria":"SP-IMO-6822368","setor":"005","quadra":"040","lote":"0057","sourceType":"OFFICIAL_IMPORT","mainAddress":"Setor Fiscal 005","zoneamento":"RESIDENCIAL","statusCadastral":"ATIVO","workflowStatus":"PENDENTE","isOfficial":true,"rawProperties":{"cd_identificador":6822368,"cd_identificador_original_lote":10680183,"cd_setor_fiscal":"005","cd_tipo_quadra":"F","tx_tipo_quadra":"FISCAL","cd_quadra_fiscal":"040","cd_subquadra_fiscal":null,"cd_condominio":"00","cd_tipo_lote":"F","tx_tipo_lote":"FISCAL","cd_lote":"0057","cd_situacao":1,"cd_digito_sql":"8","cd_logradouro":"080292","nm_logradouro_completo":"R DA GLORIA","cd_numero_porta":"69","tx_complemento_endereco":"73","tx_situ_lote":"ATIVO","cd_tipo_uso_imovel":"22","dc_tipo_uso_imovel":"Residencial","cd_tipo_terreno_imovel":1,"qt_area_terreno":366,"qt_area_construida":504}}},{"type":"Feature","geometry":{"type":"Polygon","coordinates":[[[-45.02851,-23.534032],[-45.02851,-23.534092],[-45.02851,-23.534153],[-45.028507,-23.534143],[-45.028506,-23.534199],[-45.028503,-23.53419],[-45.028503,-23.534009],[-45.028509,-23.534029],[-45.02851,-23.534032]]]},"properties":{"sqlu":"SP-005-822369","inscription":"SP-GEOSAMPA-6822369","inscricaoImobiliaria":"SP-IMO-6822369","setor":"005","quadra":"040","lote":"0992","sourceType":"OFFICIAL_IMPORT","mainAddress":"Setor Fiscal 005","zoneamento":"RESIDENCIAL","statusCadastral":"ATIVO","workflowStatus":"PENDENTE","isOfficial":true,"rawProperties":{"cd_identificador":6822369,"cd_identificador_original_lote":10680197,"cd_setor_fiscal":"005","cd_tipo_quadra":"F","tx_tipo_quadra":"FISCAL","cd_quadra_fiscal":"040","cd_subquadra_fiscal":null,"cd_condominio":"00","cd_tipo_lote":"F","tx_tipo_lote":"FISCAL","cd_lote":"0992","cd_situacao":1,"cd_digito_sql":"3","cd_logradouro":"076643","nm_logradouro_completo":"R CONS FURTADO","cd_numero_porta":"98","tx_complemento_endereco":"110    112","tx_situ_lote":"ATIVO","cd_tipo_uso_imovel":"62","dc_tipo_uso_imovel":"Não residencial","cd_tipo_terreno_imovel":1,"qt_area_terreno":683,"qt_area_construida":50}}},{"type":"Feature","geometry":{"type":"Polygon","coordinates":[[[-45.028461,-23.534927],[-45.028461,-23.534902],[-45.028461,-23.534862],[-45.028461,-23.534862],[-45.028463,-23.534863],[-45.028463,-23.5349],[-45.028463,-23.534925],[-45.028462,-23.534926],[-45.028461,-23.534927]]]},"properties":{"sqlu":"SP-005-822417","inscription":"SP-GEOSAMPA-6822417","inscricaoImobiliaria":"SP-IMO-6822417","setor":"005","quadra":"046","lote":"0251","sourceType":"OFFICIAL_IMPORT","mainAddress":"Setor Fiscal 005","zoneamento":"RESIDENCIAL","statusCadastral":"ATIVO","workflowStatus":"PENDENTE","isOfficial":true,"rawProperties":{"cd_identificador":6822417,"cd_identificador_original_lote":8891333,"cd_setor_fiscal":"005","cd_tipo_quadra":"F","tx_tipo_quadra":"FISCAL","cd_quadra_fiscal":"046","cd_subquadra_fiscal":null,"cd_condominio":"00","cd_tipo_lote":"F","tx_tipo_lote":"FISCAL","cd_lote":"0251","cd_situacao":1,"cd_digito_sql":"9","cd_logradouro":"204242","nm_logradouro_completo":"R ANITA FERRAZ","cd_numero_porta":"75","tx_complemento_endereco":null,"tx_situ_lote":"ATIVO","cd_tipo_uso_imovel":"14","dc_tipo_uso_imovel":"Residencial","cd_tipo_terreno_imovel":4,"qt_area_terreno":90,"qt_area_construida":71}}},{"type":"Feature","geometry":{"type":"Polygon","coordinates":[[[-45.028542,-23.531971],[-45.028545,-23.531947],[-45.028546,-23.531943],[-45.028546,-23.532063],[-45.028546,-23.532064],[-45.028542,-23.532078],[-45.028542,-23.531971]]]},"properties":{"sqlu":"SP-005-822348","inscription":"SP-GEOSAMPA-6822348","inscricaoImobiliaria":"SP-IMO-6822348","setor":"005","quadra":"025","lote":"0000","sourceType":"OFFICIAL_IMPORT","mainAddress":"Setor Fiscal 005","zoneamento":"RESIDENCIAL","statusCadastral":"ATIVO","workflowStatus":"PENDENTE","isOfficial":true,"rawProperties":{"cd_identificador":6822348,"cd_identificador_original_lote":10680192,"cd_setor_fiscal":"005","cd_tipo_quadra":"F","tx_tipo_quadra":"FISCAL","cd_quadra_fiscal":"025","cd_subquadra_fiscal":null,"cd_condominio":"03","cd_tipo_lote":"F","tx_tipo_lote":"FISCAL","cd_lote":"0000","cd_situacao":1,"cd_digito_sql":null,"cd_logradouro":"103764","nm_logradouro_completo":"PC DR JOAO MENDES","cd_numero_porta":"62 68","tx_complemento_endereco":null,"tx_situ_lote":null,"cd_tipo_uso_imovel":"XX","dc_tipo_uso_imovel":"Condomínio","cd_tipo_terreno_imovel":99,"qt_area_terreno":296,"qt_area_construida":null}}},{"type":"Feature","geometry":{"type":"Polygon","coordinates":[[[-45.028478,-23.534769],[-45.028478,-23.534774],[-45.028474,-23.534817],[-45.028474,-23.534818],[-45.028473,-23.534822],[-45.028473,-23.534847],[-45.028472,-23.534839],[-45.028468,-23.534829],[-45.028468,-23.53482],[-45.028469,-23.534812],[-45.028471,-23.534804],[-45.028471,-23.5348],[-45.028472,-23.534796],[-45.028472,-23.534791],[-45.028472,-23.534788],[-45.028473,-23.534778],[-45.028474,-23.534799],[-45.028476,-23.53477],[-45.028477,-23.534756],[-45.028478,-23.534748],[-45.028478,-23.534769]]]},"properties":{"sqlu":"SP-005-822362","inscription":"SP-GEOSAMPA-6822362","inscricaoImobiliaria":"SP-IMO-6822362","setor":"005","quadra":"046","lote":"0002","sourceType":"OFFICIAL_IMPORT","mainAddress":"Setor Fiscal 005","zoneamento":"RESIDENCIAL","statusCadastral":"ATIVO","workflowStatus":"PENDENTE","isOfficial":true,"rawProperties":{"cd_identificador":6822362,"cd_identificador_original_lote":8892153,"cd_setor_fiscal":"005","cd_tipo_quadra":"F","tx_tipo_quadra":"FISCAL","cd_quadra_fiscal":"046","cd_subquadra_fiscal":null,"cd_condominio":"00","cd_tipo_lote":"V","tx_tipo_lote":"Via de Acesso","cd_lote":"0002","cd_situacao":1,"cd_digito_sql":null,"cd_logradouro":null,"nm_logradouro_completo":null,"cd_numero_porta":null,"tx_complemento_endereco":null,"tx_situ_lote":null,"cd_tipo_uso_imovel":null,"dc_tipo_uso_imovel":null,"cd_tipo_terreno_imovel":null,"qt_area_terreno":null,"qt_area_construida":null}}},{"type":"Feature","geometry":{"type":"Polygon","coordinates":[[[-45.028547,-23.532175],[-45.028543,-23.53211],[-45.028542,-23.532078],[-45.028546,-23.532064],[-45.028546,-23.532063],[-45.028547,-23.532058],[-45.028547,-23.532131],[-45.028547,-23.532133],[-45.028547,-23.532175]]]},"properties":{"sqlu":"SP-005-822364","inscription":"SP-GEOSAMPA-6822364","inscricaoImobiliaria":"SP-IMO-6822364","setor":"005","quadra":"025","lote":"0000","sourceType":"OFFICIAL_IMPORT","mainAddress":"Setor Fiscal 005","zoneamento":"RESIDENCIAL","statusCadastral":"ATIVO","workflowStatus":"PENDENTE","isOfficial":true,"rawProperties":{"cd_identificador":6822364,"cd_identificador_original_lote":8892022,"cd_setor_fiscal":"005","cd_tipo_quadra":"F","tx_tipo_quadra":"FISCAL","cd_quadra_fiscal":"025","cd_subquadra_fiscal":null,"cd_condominio":"02","cd_tipo_lote":"F","tx_tipo_lote":"FISCAL","cd_lote":"0000","cd_situacao":1,"cd_digito_sql":null,"cd_logradouro":"156353","nm_logradouro_completo":"VD DONA PAULINA","cd_numero_porta":"28 34 36","tx_complemento_endereco":null,"tx_situ_lote":null,"cd_tipo_uso_imovel":"XX","dc_tipo_uso_imovel":"Condomínio","cd_tipo_terreno_imovel":99,"qt_area_terreno":196,"qt_area_construida":null}}},{"type":"Feature","geometry":{"type":"Polygon","coordinates":[[[-45.028485,-23.534693],[-45.028487,-23.534698],[-45.028487,-23.534731],[-45.028487,-23.53474],[-45.028487,-23.5348],[-45.028487,-23.534823],[-45.028487,-23.534894],[-45.028484,-23.534885],[-45.028484,-23.534827],[-45.028484,-23.534828],[-45.028485,-23.534815],[-45.028485,-23.534812],[-45.028485,-23.534693]]]},"properties":{"sqlu":"SP-005-822424","inscription":"SP-GEOSAMPA-6822424","inscricaoImobiliaria":"SP-IMO-6822424","setor":"005","quadra":"044","lote":"0000","sourceType":"OFFICIAL_IMPORT","mainAddress":"Setor Fiscal 005","zoneamento":"RESIDENCIAL","statusCadastral":"ATIVO","workflowStatus":"PENDENTE","isOfficial":true,"rawProperties":{"cd_identificador":6822424,"cd_identificador_original_lote":10680209,"cd_setor_fiscal":"005","cd_tipo_quadra":"F","tx_tipo_quadra":"FISCAL","cd_quadra_fiscal":"044","cd_subquadra_fiscal":null,"cd_condominio":"03","cd_tipo_lote":"F","tx_tipo_lote":"FISCAL","cd_lote":"0000","cd_situacao":1,"cd_digito_sql":null,"cd_logradouro":"123889","nm_logradouro_completo":"R STA LUZIA","cd_numero_porta":"71","tx_complemento_endereco":null,"tx_situ_lote":null,"cd_tipo_uso_imovel":"XX","dc_tipo_uso_imovel":"Condomínio","cd_tipo_terreno_imovel":99,"qt_area_terreno":315,"qt_area_construida":null}}},{"type":"Feature","geometry":{"type":"Polygon","coordinates":[[[-45.02859,-23.531061],[-45.028591,-23.530954],[-45.028593,-23.530984],[-45.028593,-23.530998],[-45.028595,-23.531026],[-45.028597,-23.531063],[-45.028597,-23.531117],[-45.028597,-23.53117],[-45.028594,-23.531134],[-45.028593,-23.531105],[-45.028592,-23.531091],[-45.028591,-23.531081],[-45.028591,-23.531075],[-45.02859,-23.531061]]]},"properties":{"sqlu":"SP-005-822365","inscription":"SP-GEOSAMPA-6822365","inscricaoImobiliaria":"SP-IMO-6822365","setor":"005","quadra":"016","lote":"0000","sourceType":"OFFICIAL_IMPORT","mainAddress":"Setor Fiscal 005","zoneamento":"RESIDENCIAL","statusCadastral":"ATIVO","workflowStatus":"PENDENTE","isOfficial":true,"rawProperties":{"cd_identificador":6822365,"cd_identificador_original_lote":8890980,"cd_setor_fiscal":"005","cd_tipo_quadra":"F","tx_tipo_quadra":"FISCAL","cd_quadra_fiscal":"016","cd_subquadra_fiscal":null,"cd_condominio":"02","cd_tipo_lote":"F","tx_tipo_lote":"FISCAL","cd_lote":"0000","cd_situacao":1,"cd_digito_sql":null,"cd_logradouro":"023981","nm_logradouro_completo":"R ASDRUBAL DO NASCIMENTO","cd_numero_porta":"136 140 146","tx_complemento_endereco":null,"tx_situ_lote":null,"cd_tipo_uso_imovel":"XX","dc_tipo_uso_imovel":"Condomínio","cd_tipo_terreno_imovel":99,"qt_area_terreno":515,"qt_area_construida":null}}},{"type":"Feature","geometry":{"type":"Polygon","coordinates":[[[-45.028503,-23.534407],[-45.028512,-23.53444],[-45.028511,-23.534471],[-45.028511,-23.534491],[-45.02851,-23.534486],[-45.028509,-23.534481],[-45.028508,-23.534477],[-45.028506,-23.534468],[-45.028503,-23.53446],[-45.028503,-23.534407]]]},"properties":{"sqlu":"SP-005-822442","inscription":"SP-GEOSAMPA-6822442","inscricaoImobiliaria":"SP-IMO-6822442","setor":"005","quadra":"040","lote":"0989","sourceType":"OFFICIAL_IMPORT","mainAddress":"Setor Fiscal 005","zoneamento":"RESIDENCIAL","statusCadastral":"ATIVO","workflowStatus":"PENDENTE","isOfficial":true,"rawProperties":{"cd_identificador":6822442,"cd_identificador_original_lote":10680207,"cd_setor_fiscal":"005","cd_tipo_quadra":"F","tx_tipo_quadra":"FISCAL","cd_quadra_fiscal":"040","cd_subquadra_fiscal":null,"cd_condominio":"00","cd_tipo_lote":"F","tx_tipo_lote":"FISCAL","cd_lote":"0989","cd_situacao":1,"cd_digito_sql":"3","cd_logradouro":"076643","nm_logradouro_completo":"R CONS FURTADO","cd_numero_porta":"142","tx_complemento_endereco":null,"tx_situ_lote":"ATIVO","cd_tipo_uso_imovel":"62","dc_tipo_uso_imovel":"Não residencial","cd_tipo_terreno_imovel":1,"qt_area_terreno":302,"qt_area_construida":101}}},{"type":"Feature","geometry":{"type":"Polygon","coordinates":[[[-45.028465,-23.534512],[-45.028464,-23.534447],[-45.028466,-23.534445],[-45.028466,-23.534444],[-45.028466,-23.534493],[-45.028466,-23.534508],[-45.028466,-23.534509],[-45.028466,-23.53451],[-45.028465,-23.534512]]]},"properties":{"sqlu":"SP-005-822445","inscription":"SP-GEOSAMPA-6822445","inscricaoImobiliaria":"SP-IMO-6822445","setor":"005","quadra":"046","lote":"0158","sourceType":"OFFICIAL_IMPORT","mainAddress":"Setor Fiscal 005","zoneamento":"RESIDENCIAL","statusCadastral":"ATIVO","workflowStatus":"PENDENTE","isOfficial":true,"rawProperties":{"cd_identificador":6822445,"cd_identificador_original_lote":8892124,"cd_setor_fiscal":"005","cd_tipo_quadra":"F","tx_tipo_quadra":"FISCAL","cd_quadra_fiscal":"046","cd_subquadra_fiscal":null,"cd_condominio":"00","cd_tipo_lote":"F","tx_tipo_lote":"FISCAL","cd_lote":"0158","cd_situacao":1,"cd_digito_sql":"1","cd_logradouro":"204242","nm_logradouro_completo":"R ANITA FERRAZ","cd_numero_porta":"22","tx_complemento_endereco":"E 24","tx_situ_lote":"ATIVO","cd_tipo_uso_imovel":"12","dc_tipo_uso_imovel":"Residencial","cd_tipo_terreno_imovel":4,"qt_area_terreno":105,"qt_area_construida":60}}},{"type":"Feature","geometry":{"type":"Polygon","coordinates":[[[-45.028489,-23.53467],[-45.028489,-23.534668],[-45.028489,-23.53465],[-45.028491,-23.534649],[-45.028491,-23.534908],[-45.028489,-23.534902],[-45.028489,-23.53485],[-45.028489,-23.534747],[-45.028489,-23.534727],[-45.028489,-23.534722],[-45.028489,-23.534697],[-45.028489,-23.53467]]]},"properties":{"sqlu":"SP-005-822335","inscription":"SP-GEOSAMPA-6822335","inscricaoImobiliaria":"SP-IMO-6822335","setor":"005","quadra":"044","lote":"0015","sourceType":"OFFICIAL_IMPORT","mainAddress":"Setor Fiscal 005","zoneamento":"RESIDENCIAL","statusCadastral":"ATIVO","workflowStatus":"PENDENTE","isOfficial":true,"rawProperties":{"cd_identificador":6822335,"cd_identificador_original_lote":10680199,"cd_setor_fiscal":"005","cd_tipo_quadra":"F","tx_tipo_quadra":"FISCAL","cd_quadra_fiscal":"044","cd_subquadra_fiscal":null,"cd_condominio":"00","cd_tipo_lote":"F","tx_tipo_lote":"FISCAL","cd_lote":"0015","cd_situacao":1,"cd_digito_sql":"0","cd_logradouro":"123889","nm_logradouro_completo":"R STA LUZIA","cd_numero_porta":"41","tx_complemento_endereco":null,"tx_situ_lote":"ATIVO","cd_tipo_uso_imovel":"14","dc_tipo_uso_imovel":"Residencial","cd_tipo_terreno_imovel":1,"qt_area_terreno":594,"qt_area_construida":628}}},{"type":"Feature","geometry":{"type":"Polygon","coordinates":[[[-45.028595,-23.53069],[-45.028598,-23.530804],[-45.028599,-23.53083],[-45.028599,-23.530835],[-45.028598,-23.530918],[-45.028592,-23.530808],[-45.028592,-23.530782],[-45.028592,-23.530692],[-45.028594,-23.530722],[-45.028595,-23.530732],[-45.028595,-23.53069]]]},"properties":{"sqlu":"SP-005-822434","inscription":"SP-GEOSAMPA-6822434","inscricaoImobiliaria":"SP-IMO-6822434","setor":"005","quadra":"016","lote":"0000","sourceType":"OFFICIAL_IMPORT","mainAddress":"Setor Fiscal 005","zoneamento":"RESIDENCIAL","statusCadastral":"ATIVO","workflowStatus":"PENDENTE","isOfficial":true,"rawProperties":{"cd_identificador":6822434,"cd_identificador_original_lote":8890984,"cd_setor_fiscal":"005","cd_tipo_quadra":"F","tx_tipo_quadra":"FISCAL","cd_quadra_fiscal":"016","cd_subquadra_fiscal":null,"cd_condominio":"03","cd_tipo_lote":"F","tx_tipo_lote":"FISCAL","cd_lote":"0000","cd_situacao":1,"cd_digito_sql":null,"cd_logradouro":"023981","nm_logradouro_completo":"R ASDRUBAL DO NASCIMENTO","cd_numero_porta":"108 112","tx_complemento_endereco":null,"tx_situ_lote":null,"cd_tipo_uso_imovel":"XX","dc_tipo_uso_imovel":"Condomínio","cd_tipo_terreno_imovel":99,"qt_area_terreno":590,"qt_area_construida":null}}},{"type":"Feature","geometry":{"type":"Polygon","coordinates":[[[-45.028595,-23.53069],[-45.028596,-23.530623],[-45.028597,-23.530648],[-45.028601,-23.530692],[-45.028601,-23.530694],[-45.028598,-23.530804],[-45.028595,-23.53069]]]},"properties":{"sqlu":"SP-005-822435","inscription":"SP-GEOSAMPA-6822435","inscricaoImobiliaria":"SP-IMO-6822435","setor":"005","quadra":"016","lote":"0028","sourceType":"OFFICIAL_IMPORT","mainAddress":"Setor Fiscal 005","zoneamento":"RESIDENCIAL","statusCadastral":"ATIVO","workflowStatus":"PENDENTE","isOfficial":true,"rawProperties":{"cd_identificador":6822435,"cd_identificador_original_lote":10680101,"cd_setor_fiscal":"005","cd_tipo_quadra":"F","tx_tipo_quadra":"FISCAL","cd_quadra_fiscal":"016","cd_subquadra_fiscal":null,"cd_condominio":"00","cd_tipo_lote":"F","tx_tipo_lote":"FISCAL","cd_lote":"0028","cd_situacao":1,"cd_digito_sql":"0","cd_logradouro":"027952","nm_logradouro_completo":"PC DA BANDEIRA","cd_numero_porta":"S/N","tx_complemento_endereco":null,"tx_situ_lote":"ATIVO","cd_tipo_uso_imovel":"00","dc_tipo_uso_imovel":"Terreno","cd_tipo_terreno_imovel":1,"qt_area_terreno":197,"qt_area_construida":0}}},{"type":"Feature","geometry":{"type":"Polygon","coordinates":[[[-45.028545,-23.531815],[-45.028546,-23.53181],[-45.028547,-23.531796],[-45.028547,-23.531933],[-45.028546,-23.531941],[-45.028545,-23.531815]]]},"properties":{"sqlu":"SP-005-822430","inscription":"SP-GEOSAMPA-6822430","inscricaoImobiliaria":"SP-IMO-6822430","setor":"005","quadra":"025","lote":"0408","sourceType":"OFFICIAL_IMPORT","mainAddress":"Setor Fiscal 005","zoneamento":"RESIDENCIAL","statusCadastral":"ATIVO","workflowStatus":"PENDENTE","isOfficial":true,"rawProperties":{"cd_identificador":6822430,"cd_identificador_original_lote":10680188,"cd_setor_fiscal":"005","cd_tipo_quadra":"F","tx_tipo_quadra":"FISCAL","cd_quadra_fiscal":"025","cd_subquadra_fiscal":null,"cd_condominio":"00","cd_tipo_lote":"F","tx_tipo_lote":"FISCAL","cd_lote":"0408","cd_situacao":1,"cd_digito_sql":"0","cd_logradouro":"103764","nm_logradouro_completo":"PC DR JOAO MENDES","cd_numero_porta":"S/N","tx_complemento_endereco":null,"tx_situ_lote":"ATIVO","cd_tipo_uso_imovel":"00","dc_tipo_uso_imovel":"Terreno","cd_tipo_terreno_imovel":5,"qt_area_terreno":136,"qt_area_construida":0}}},{"type":"Feature","geometry":{"type":"Polygon","coordinates":[[[-45.028552,-23.534851],[-45.028549,-23.53491],[-45.028548,-23.534927],[-45.028545,-23.53495],[-45.028545,-23.534939],[-45.028545,-23.534842],[-45.028547,-23.534857],[-45.028549,-23.534866],[-45.028549,-23.534866],[-45.02855,-23.534865],[-45.028552,-23.534851]]]},"properties":{"sqlu":"SP-005-822432","inscription":"SP-GEOSAMPA-6822432","inscricaoImobiliaria":"SP-IMO-6822432","setor":"005","quadra":"082","lote":"0026","sourceType":"OFFICIAL_IMPORT","mainAddress":"Setor Fiscal 005","zoneamento":"RESIDENCIAL","statusCadastral":"ATIVO","workflowStatus":"PENDENTE","isOfficial":true,"rawProperties":{"cd_identificador":6822432,"cd_identificador_original_lote":10680267,"cd_setor_fiscal":"005","cd_tipo_quadra":"F","tx_tipo_quadra":"FISCAL","cd_quadra_fiscal":"082","cd_subquadra_fiscal":null,"cd_condominio":"00","cd_tipo_lote":"F","tx_tipo_lote":"FISCAL","cd_lote":"0026","cd_situacao":1,"cd_digito_sql":"1","cd_logradouro":"118206","nm_logradouro_completo":"PC DA LIBERDADE AFRICA-JAPAO","cd_numero_porta":"90","tx_complemento_endereco":"E 98","tx_situ_lote":"ATIVO","cd_tipo_uso_imovel":"31","dc_tipo_uso_imovel":"Não residencial","cd_tipo_terreno_imovel":1,"qt_area_terreno":264,"qt_area_construida":2200}}},{"type":"Feature","geometry":{"type":"Polygon","coordinates":[[[-45.028531,-23.539247],[-45.028528,-23.539234],[-45.028527,-23.539229],[-45.028526,-23.539222],[-45.028526,-23.53922],[-45.028525,-23.539219],[-45.028525,-23.539176],[-45.028525,-23.53916],[-45.028526,-23.539166],[-45.028527,-23.539169],[-45.028531,-23.539187],[-45.028531,-23.539247]]]},"properties":{"sqlu":"SP-005-822433","inscription":"SP-GEOSAMPA-6822433","inscricaoImobiliaria":"SP-IMO-6822433","setor":"005","quadra":"069","lote":"0086","sourceType":"OFFICIAL_IMPORT","mainAddress":"Setor Fiscal 005","zoneamento":"RESIDENCIAL","statusCadastral":"ATIVO","workflowStatus":"PENDENTE","isOfficial":true,"rawProperties":{"cd_identificador":6822433,"cd_identificador_original_lote":8891434,"cd_setor_fiscal":"005","cd_tipo_quadra":"F","tx_tipo_quadra":"FISCAL","cd_quadra_fiscal":"069","cd_subquadra_fiscal":null,"cd_condominio":"00","cd_tipo_lote":"F","tx_tipo_lote":"FISCAL","cd_lote":"0086","cd_situacao":1,"cd_digito_sql":"1","cd_logradouro":"077330","nm_logradouro_completo":"R GALVAO BUENO","cd_numero_porta":"373","tx_complemento_endereco":"E 377","tx_situ_lote":"ATIVO","cd_tipo_uso_imovel":"40","dc_tipo_uso_imovel":"Não residencial","cd_tipo_terreno_imovel":1,"qt_area_terreno":230,"qt_area_construida":160}}},{"type":"Feature","geometry":{"type":"Polygon","coordinates":[[[-45.028504,-23.533416],[-45.028504,-23.533417],[-45.028505,-23.53342],[-45.028504,-23.533424],[-45.028504,-23.533531],[-45.028504,-23.533529],[-45.028504,-23.533416]]]},"properties":{"sqlu":"SP-005-969094","inscription":"SP-GEOSAMPA-1969094","inscricaoImobiliaria":"SP-IMO-1969094","setor":"005","quadra":"040","lote":"0064","sourceType":"OFFICIAL_IMPORT","mainAddress":"Setor Fiscal 005","zoneamento":"RESIDENCIAL","statusCadastral":"ATIVO","workflowStatus":"PENDENTE","isOfficial":true,"rawProperties":{"cd_identificador":1969094,"cd_identificador_original_lote":8890941,"cd_setor_fiscal":"005","cd_tipo_quadra":"F","tx_tipo_quadra":"FISCAL","cd_quadra_fiscal":"040","cd_subquadra_fiscal":null,"cd_condominio":"00","cd_tipo_lote":"F","tx_tipo_lote":"FISCAL","cd_lote":"0064","cd_situacao":1,"cd_digito_sql":"0","cd_logradouro":"076643","nm_logradouro_completo":"R CONS FURTADO","cd_numero_porta":"32","tx_complemento_endereco":null,"tx_situ_lote":"ATIVO","cd_tipo_uso_imovel":"40","dc_tipo_uso_imovel":"Não residencial","cd_tipo_terreno_imovel":1,"qt_area_terreno":25,"qt_area_construida":37}}},{"type":"Feature","geometry":{"type":"Polygon","coordinates":[[[-45.028506,-23.533167],[-45.028505,-23.53318],[-45.028504,-23.533142],[-45.028503,-23.533093],[-45.028502,-23.533068],[-45.028502,-23.533041],[-45.028501,-23.533017],[-45.028501,-23.532978],[-45.028501,-23.53294],[-45.028501,-23.532933],[-45.028501,-23.532926],[-45.028501,-23.532901],[-45.028501,-23.532882],[-45.028501,-23.532865],[-45.028502,-23.532849],[-45.028502,-23.532835],[-45.028502,-23.532831],[-45.028507,-23.532706],[-45.028509,-23.53266],[-45.02851,-23.532633],[-45.028513,-23.532575],[-45.028517,-23.532468],[-45.028518,-23.532463],[-45.028518,-23.532462],[-45.028518,-23.532463],[-45.028518,-23.532467],[-45.028518,-23.532473],[-45.028519,-23.532481],[-45.028519,-23.532486],[-45.028519,-23.532497],[-45.028521,-23.532786],[-45.028515,-23.532923],[-45.028515,-23.532931],[-45.028508,-23.533107],[-45.028506,-23.533167]]]},"properties":{"sqlu":"SP-005-969036","inscription":"SP-GEOSAMPA-1969036","inscricaoImobiliaria":"SP-IMO-1969036","setor":"005","quadra":"009","lote":"0001","sourceType":"OFFICIAL_IMPORT","mainAddress":"Setor Fiscal 005","zoneamento":"RESIDENCIAL","statusCadastral":"ATIVO","workflowStatus":"PENDENTE","isOfficial":true,"rawProperties":{"cd_identificador":1969036,"cd_identificador_original_lote":8890943,"cd_setor_fiscal":"005","cd_tipo_quadra":"M","tx_tipo_quadra":"MUNICIPAL","cd_quadra_fiscal":"009","cd_subquadra_fiscal":null,"cd_condominio":"00","cd_tipo_lote":"M","tx_tipo_lote":"MUNICIPAL","cd_lote":"0001","cd_situacao":1,"cd_digito_sql":null,"cd_logradouro":null,"nm_logradouro_completo":null,"cd_numero_porta":null,"tx_complemento_endereco":null,"tx_situ_lote":null,"cd_tipo_uso_imovel":null,"dc_tipo_uso_imovel":null,"cd_tipo_terreno_imovel":null,"qt_area_terreno":null,"qt_area_construida":null}}},{"type":"Feature","geometry":{"type":"Polygon","coordinates":[[[-45.02853,-23.540012],[-45.02853,-23.540069],[-45.028528,-23.540064],[-45.028525,-23.540051],[-45.028525,-23.540051],[-45.028524,-23.540048],[-45.028524,-23.539996],[-45.028524,-23.539996],[-45.028529,-23.54001],[-45.02853,-23.540012]]]},"properties":{"sqlu":"SP-005-822289","inscription":"SP-GEOSAMPA-6822289","inscricaoImobiliaria":"SP-IMO-6822289","setor":"005","quadra":"069","lote":"0062","sourceType":"OFFICIAL_IMPORT","mainAddress":"Setor Fiscal 005","zoneamento":"RESIDENCIAL","statusCadastral":"ATIVO","workflowStatus":"PENDENTE","isOfficial":true,"rawProperties":{"cd_identificador":6822289,"cd_identificador_original_lote":8891470,"cd_setor_fiscal":"005","cd_tipo_quadra":"F","tx_tipo_quadra":"FISCAL","cd_quadra_fiscal":"069","cd_subquadra_fiscal":null,"cd_condominio":"00","cd_tipo_lote":"F","tx_tipo_lote":"FISCAL","cd_lote":"0062","cd_situacao":1,"cd_digito_sql":"2","cd_logradouro":"077330","nm_logradouro_completo":"R GALVAO BUENO","cd_numero_porta":"467","tx_complemento_endereco":"E 469","tx_situ_lote":"ATIVO","cd_tipo_uso_imovel":"40","dc_tipo_uso_imovel":"Não residencial","cd_tipo_terreno_imovel":1,"qt_area_terreno":180,"qt_area_construida":327}}},{"type":"Feature","geometry":{"type":"Polygon","coordinates":[[[-45.02853,-23.540155],[-45.028529,-23.540334],[-45.028521,-23.540296],[-45.028521,-23.540246],[-45.028523,-23.540126],[-45.028524,-23.540128],[-45.028525,-23.540134],[-45.028525,-23.540135],[-45.028526,-23.540138],[-45.028527,-23.540145],[-45.028528,-23.540149],[-45.02853,-23.540155]]]},"properties":{"sqlu":"SP-005-822392","inscription":"SP-GEOSAMPA-6822392","inscricaoImobiliaria":"SP-IMO-6822392","setor":"005","quadra":"069","lote":"0000","sourceType":"OFFICIAL_IMPORT","mainAddress":"Setor Fiscal 005","zoneamento":"RESIDENCIAL","statusCadastral":"ATIVO","workflowStatus":"PENDENTE","isOfficial":true,"rawProperties":{"cd_identificador":6822392,"cd_identificador_original_lote":8891468,"cd_setor_fiscal":"005","cd_tipo_quadra":"F","tx_tipo_quadra":"FISCAL","cd_quadra_fiscal":"069","cd_subquadra_fiscal":null,"cd_condominio":"02","cd_tipo_lote":"F","tx_tipo_lote":"FISCAL","cd_lote":"0000","cd_situacao":1,"cd_digito_sql":null,"cd_logradouro":"077330","nm_logradouro_completo":"R GALVAO BUENO","cd_numero_porta":"485","tx_complemento_endereco":null,"tx_situ_lote":null,"cd_tipo_uso_imovel":"XX","dc_tipo_uso_imovel":"Condomínio","cd_tipo_terreno_imovel":99,"qt_area_terreno":1030,"qt_area_construida":null}}},{"type":"Feature","geometry":{"type":"Polygon","coordinates":[[[-45.028503,-23.53419],[-45.028506,-23.534199],[-45.028506,-23.534246],[-45.028503,-23.534236],[-45.028503,-23.53419]]]},"properties":{"sqlu":"SP-005-822283","inscription":"SP-GEOSAMPA-6822283","inscricaoImobiliaria":"SP-IMO-6822283","setor":"005","quadra":"040","lote":"0020","sourceType":"OFFICIAL_IMPORT","mainAddress":"Setor Fiscal 005","zoneamento":"RESIDENCIAL","statusCadastral":"ATIVO","workflowStatus":"PENDENTE","isOfficial":true,"rawProperties":{"cd_identificador":6822283,"cd_identificador_original_lote":10680201,"cd_setor_fiscal":"005","cd_tipo_quadra":"F","tx_tipo_quadra":"FISCAL","cd_quadra_fiscal":"040","cd_subquadra_fiscal":null,"cd_condominio":"00","cd_tipo_lote":"F","tx_tipo_lote":"FISCAL","cd_lote":"0020","cd_situacao":1,"cd_digito_sql":"9","cd_logradouro":"076643","nm_logradouro_completo":"R CONS FURTADO","cd_numero_porta":"120","tx_complemento_endereco":null,"tx_situ_lote":"ATIVO","cd_tipo_uso_imovel":"43","dc_tipo_uso_imovel":"Não residencial","cd_tipo_terreno_imovel":1,"qt_area_terreno":106,"qt_area_construida":316}}},{"type":"Feature","geometry":{"type":"Polygon","coordinates":[[[-45.028478,-23.534769],[-45.028478,-23.534866],[-45.028478,-23.534868],[-45.028474,-23.534903],[-45.028473,-23.534908],[-45.028473,-23.534846],[-45.028473,-23.534847],[-45.028473,-23.534822],[-45.028474,-23.534818],[-45.028474,-23.534817],[-45.028478,-23.534774],[-45.028478,-23.534769]]]},"properties":{"sqlu":"SP-005-822361","inscription":"SP-GEOSAMPA-6822361","inscricaoImobiliaria":"SP-IMO-6822361","setor":"005","quadra":"046","lote":"0013","sourceType":"OFFICIAL_IMPORT","mainAddress":"Setor Fiscal 005","zoneamento":"RESIDENCIAL","statusCadastral":"ATIVO","workflowStatus":"PENDENTE","isOfficial":true,"rawProperties":{"cd_identificador":6822361,"cd_identificador_original_lote":8892152,"cd_setor_fiscal":"005","cd_tipo_quadra":"F","tx_tipo_quadra":"FISCAL","cd_quadra_fiscal":"046","cd_subquadra_fiscal":null,"cd_condominio":"00","cd_tipo_lote":"F","tx_tipo_lote":"FISCAL","cd_lote":"0013","cd_situacao":1,"cd_digito_sql":"3","cd_logradouro":"190500","nm_logradouro_completo":"R DR TOMAS DE LIMA","cd_numero_porta":"85","tx_complemento_endereco":null,"tx_situ_lote":"ATIVO","cd_tipo_uso_imovel":"12","dc_tipo_uso_imovel":"Residencial","cd_tipo_terreno_imovel":1,"qt_area_terreno":298,"qt_area_construida":300}}},{"type":"Feature","geometry":{"type":"Polygon","coordinates":[[[-45.028465,-23.534512],[-45.028466,-23.53451],[-45.028466,-23.534509],[-45.028466,-23.534508],[-45.028467,-23.534546],[-45.028467,-23.534575],[-45.028466,-23.534574],[-45.028466,-23.534574],[-45.028465,-23.534573],[-45.028465,-23.534512]]]},"properties":{"sqlu":"SP-005-822446","inscription":"SP-GEOSAMPA-6822446","inscricaoImobiliaria":"SP-IMO-6822446","setor":"005","quadra":"046","lote":"0000","sourceType":"OFFICIAL_IMPORT","mainAddress":"Setor Fiscal 005","zoneamento":"RESIDENCIAL","statusCadastral":"ATIVO","workflowStatus":"PENDENTE","isOfficial":true,"rawProperties":{"cd_identificador":6822446,"cd_identificador_original_lote":10680103,"cd_setor_fiscal":"005","cd_tipo_quadra":"F","tx_tipo_quadra":"FISCAL","cd_quadra_fiscal":"046","cd_subquadra_fiscal":null,"cd_condominio":"07","cd_tipo_lote":"F","tx_tipo_lote":"FISCAL","cd_lote":"0000","cd_situacao":1,"cd_digito_sql":null,"cd_logradouro":"204242","nm_logradouro_completo":"R ANITA FERRAZ","cd_numero_porta":"28 30","tx_complemento_endereco":null,"tx_situ_lote":null,"cd_tipo_uso_imovel":"XX","dc_tipo_uso_imovel":"Condomínio","cd_tipo_terreno_imovel":99,"qt_area_terreno":85,"qt_area_construida":null}}},{"type":"Feature","geometry":{"type":"Polygon","coordinates":[[[-45.028483,-23.539944],[-45.028484,-23.539951],[-45.028485,-23.539953],[-45.028485,-23.540022],[-45.028483,-23.540013],[-45.028483,-23.539944]]]},"properties":{"sqlu":"SP-005-822447","inscription":"SP-GEOSAMPA-6822447","inscricaoImobiliaria":"SP-IMO-6822447","setor":"005","quadra":"071","lote":"0078","sourceType":"OFFICIAL_IMPORT","mainAddress":"Setor Fiscal 005","zoneamento":"RESIDENCIAL","statusCadastral":"ATIVO","workflowStatus":"PENDENTE","isOfficial":true,"rawProperties":{"cd_identificador":6822447,"cd_identificador_original_lote":10680208,"cd_setor_fiscal":"005","cd_tipo_quadra":"F","tx_tipo_quadra":"FISCAL","cd_quadra_fiscal":"071","cd_subquadra_fiscal":null,"cd_condominio":"00","cd_tipo_lote":"F","tx_tipo_lote":"FISCAL","cd_lote":"0078","cd_situacao":1,"cd_digito_sql":null,"cd_logradouro":null,"nm_logradouro_completo":null,"cd_numero_porta":null,"tx_complemento_endereco":null,"tx_situ_lote":"INEXISTENTE","cd_tipo_uso_imovel":null,"dc_tipo_uso_imovel":null,"cd_tipo_terreno_imovel":null,"qt_area_terreno":null,"qt_area_construida":null}}},{"type":"Feature","geometry":{"type":"Polygon","coordinates":[[[-45.028473,-23.534625],[-45.028472,-23.534636],[-45.028472,-23.534644],[-45.028472,-23.534607],[-45.028472,-23.534599],[-45.028472,-23.534366],[-45.028472,-23.534199],[-45.028474,-23.534178],[-45.028473,-23.534457],[-45.028473,-23.53461],[-45.028473,-23.534625]]]},"properties":{"sqlu":"SP-005-822285","inscription":"SP-GEOSAMPA-6822285","inscricaoImobiliaria":"SP-IMO-6822285","setor":"005","quadra":"046","lote":"0165","sourceType":"OFFICIAL_IMPORT","mainAddress":"Setor Fiscal 005","zoneamento":"RESIDENCIAL","statusCadastral":"ATIVO","workflowStatus":"PENDENTE","isOfficial":true,"rawProperties":{"cd_identificador":6822285,"cd_identificador_original_lote":8892149,"cd_setor_fiscal":"005","cd_tipo_quadra":"F","tx_tipo_quadra":"FISCAL","cd_quadra_fiscal":"046","cd_subquadra_fiscal":null,"cd_condominio":"00","cd_tipo_lote":"F","tx_tipo_lote":"FISCAL","cd_lote":"0165","cd_situacao":1,"cd_digito_sql":"2","cd_logradouro":"178640","nm_logradouro_completo":"R CD DE SARZEDAS","cd_numero_porta":"158","tx_complemento_endereco":"160 E 166","tx_situ_lote":"ATIVO","cd_tipo_uso_imovel":"31","dc_tipo_uso_imovel":"Não residencial","cd_tipo_terreno_imovel":1,"qt_area_terreno":561,"qt_area_construida":2236}}},{"type":"Feature","geometry":{"type":"Polygon","coordinates":[[[-45.028545,-23.534993],[-45.028547,-23.534985],[-45.028549,-23.534937],[-45.028549,-23.534927],[-45.028552,-23.534851],[-45.028552,-23.53489],[-45.028553,-23.534994],[-45.028554,-23.53497],[-45.028554,-23.535023],[-45.028553,-23.53506],[-45.028551,-23.535108],[-45.028547,-23.535227],[-45.028547,-23.535175],[-45.028546,-23.535143],[-45.028546,-23.535058],[-45.028545,-23.534993]]]},"properties":{"sqlu":"SP-005-822314","inscription":"SP-GEOSAMPA-6822314","inscricaoImobiliaria":"SP-IMO-6822314","setor":"005","quadra":"082","lote":"0000","sourceType":"OFFICIAL_IMPORT","mainAddress":"Setor Fiscal 005","zoneamento":"RESIDENCIAL","statusCadastral":"ATIVO","workflowStatus":"PENDENTE","isOfficial":true,"rawProperties":{"cd_identificador":6822314,"cd_identificador_original_lote":10680265,"cd_setor_fiscal":"005","cd_tipo_quadra":"F","tx_tipo_quadra":"FISCAL","cd_quadra_fiscal":"082","cd_subquadra_fiscal":null,"cd_condominio":"01","cd_tipo_lote":"F","tx_tipo_lote":"FISCAL","cd_lote":"0000","cd_situacao":1,"cd_digito_sql":null,"cd_logradouro":"118206","nm_logradouro_completo":"PC DA LIBERDADE AFRICA-JAPAO","cd_numero_porta":"108 118 126","tx_complemento_endereco":null,"tx_situ_lote":null,"cd_tipo_uso_imovel":"XX","dc_tipo_uso_imovel":"Condomínio","cd_tipo_terreno_imovel":99,"qt_area_terreno":779,"qt_area_construida":null}}},{"type":"Feature","geometry":{"type":"Polygon","coordinates":[[[-45.028434,-23.535848],[-45.028432,-23.535901],[-45.028431,-23.535855],[-45.028434,-23.535803],[-45.028434,-23.535848]]]},"properties":{"sqlu":"SP-005-969098","inscription":"SP-GEOSAMPA-1969098","inscricaoImobiliaria":"SP-IMO-1969098","setor":"005","quadra":"089","lote":"0024","sourceType":"OFFICIAL_IMPORT","mainAddress":"Setor Fiscal 005","zoneamento":"RESIDENCIAL","statusCadastral":"ATIVO","workflowStatus":"PENDENTE","isOfficial":true,"rawProperties":{"cd_identificador":1969098,"cd_identificador_original_lote":8891788,"cd_setor_fiscal":"005","cd_tipo_quadra":"F","tx_tipo_quadra":"FISCAL","cd_quadra_fiscal":"089","cd_subquadra_fiscal":null,"cd_condominio":"00","cd_tipo_lote":"F","tx_tipo_lote":"FISCAL","cd_lote":"0024","cd_situacao":1,"cd_digito_sql":"7","cd_logradouro":"067105","nm_logradouro_completo":"VL DOS ESTUDANTES","cd_numero_porta":"15","tx_complemento_endereco":null,"tx_situ_lote":"ATIVO","cd_tipo_uso_imovel":"10","dc_tipo_uso_imovel":"Residencial","cd_tipo_terreno_imovel":1,"qt_area_terreno":83,"qt_area_construida":108}}},{"type":"Feature","geometry":{"type":"Polygon","coordinates":[[[-45.028514,-23.539322],[-45.028515,-23.539356],[-45.028516,-23.539382],[-45.028517,-23.539451],[-45.028519,-23.539659],[-45.028517,-23.539728],[-45.028515,-23.539583],[-45.028515,-23.539575],[-45.028514,-23.539534],[-45.028513,-23.539491],[-45.028513,-23.539459],[-45.028514,-23.539322]]]},"properties":{"sqlu":"SP-005-822331","inscription":"SP-GEOSAMPA-6822331","inscricaoImobiliaria":"SP-IMO-6822331","setor":"005","quadra":"069","lote":"0000","sourceType":"OFFICIAL_IMPORT","mainAddress":"Setor Fiscal 005","zoneamento":"RESIDENCIAL","statusCadastral":"ATIVO","workflowStatus":"PENDENTE","isOfficial":true,"rawProperties":{"cd_identificador":6822331,"cd_identificador_original_lote":8891431,"cd_setor_fiscal":"005","cd_tipo_quadra":"F","tx_tipo_quadra":"FISCAL","cd_quadra_fiscal":"069","cd_subquadra_fiscal":null,"cd_condominio":"07","cd_tipo_lote":"F","tx_tipo_lote":"FISCAL","cd_lote":"0000","cd_situacao":1,"cd_digito_sql":null,"cd_logradouro":"080292","nm_logradouro_completo":"R DA GLORIA","cd_numero_porta":"654 660","tx_complemento_endereco":null,"tx_situ_lote":null,"cd_tipo_uso_imovel":"XX","dc_tipo_uso_imovel":"Condomínio","cd_tipo_terreno_imovel":99,"qt_area_terreno":770,"qt_area_construida":null}}},{"type":"Feature","geometry":{"type":"Polygon","coordinates":[[[-45.028514,-23.539322],[-45.028514,-23.539277],[-45.028516,-23.53934],[-45.028517,-23.53939],[-45.028517,-23.539406],[-45.028521,-23.539257],[-45.028521,-23.539266],[-45.028521,-23.539302],[-45.028521,-23.539343],[-45.028522,-23.539428],[-45.028523,-23.539471],[-45.028523,-23.539498],[-45.028525,-23.539641],[-45.028526,-23.539647],[-45.028527,-23.539651],[-45.028528,-23.539654],[-45.028529,-23.539659],[-45.028529,-23.539659],[-45.02853,-23.539665],[-45.02853,-23.539888],[-45.028529,-23.539885],[-45.028529,-23.539884],[-45.028524,-23.539869],[-45.028523,-23.539866],[-45.028522,-23.539808],[-45.02852,-23.539673],[-45.02852,-23.53963],[-45.028519,-23.539659],[-45.028517,-23.539451],[-45.028516,-23.539382],[-45.028515,-23.539356],[-45.028514,-23.539322]]]},"properties":{"sqlu":"SP-005-822332","inscription":"SP-GEOSAMPA-6822332","inscricaoImobiliaria":"SP-IMO-6822332","setor":"005","quadra":"069","lote":"0406","sourceType":"OFFICIAL_IMPORT","mainAddress":"Setor Fiscal 005","zoneamento":"RESIDENCIAL","statusCadastral":"ATIVO","workflowStatus":"PENDENTE","isOfficial":true,"rawProperties":{"cd_identificador":6822332,"cd_identificador_original_lote":8891473,"cd_setor_fiscal":"005","cd_tipo_quadra":"F","tx_tipo_quadra":"FISCAL","cd_quadra_fiscal":"069","cd_subquadra_fiscal":null,"cd_condominio":"00","cd_tipo_lote":"F","tx_tipo_lote":"FISCAL","cd_lote":"0406","cd_situacao":1,"cd_digito_sql":"7","cd_logradouro":"077330","nm_logradouro_completo":"R GALVAO BUENO","cd_numero_porta":"425","tx_complemento_endereco":"445","tx_situ_lote":"ATIVO","cd_tipo_uso_imovel":"80","dc_tipo_uso_imovel":"Não residencial","cd_tipo_terreno_imovel":3,"qt_area_terreno":2517,"qt_area_construida":17365}}},{"type":"Feature","geometry":{"type":"Polygon","coordinates":[[[-45.028485,-23.539956],[-45.028485,-23.539953],[-45.028484,-23.539951],[-45.028483,-23.539944],[-45.028482,-23.539936],[-45.028479,-23.539921],[-45.028479,-23.539816],[-45.028486,-23.539818],[-45.028486,-23.539867],[-45.028486,-23.539959],[-45.028485,-23.539956]]]},"properties":{"sqlu":"SP-005-822371","inscription":"SP-GEOSAMPA-6822371","inscricaoImobiliaria":"SP-IMO-6822371","setor":"005","quadra":"071","lote":"0011","sourceType":"OFFICIAL_IMPORT","mainAddress":"Setor Fiscal 005","zoneamento":"RESIDENCIAL","statusCadastral":"ATIVO","workflowStatus":"PENDENTE","isOfficial":true,"rawProperties":{"cd_identificador":6822371,"cd_identificador_original_lote":8891194,"cd_setor_fiscal":"005","cd_tipo_quadra":"F","tx_tipo_quadra":"FISCAL","cd_quadra_fiscal":"071","cd_subquadra_fiscal":null,"cd_condominio":"00","cd_tipo_lote":"F","tx_tipo_lote":"FISCAL","cd_lote":"0011","cd_situacao":1,"cd_digito_sql":"5","cd_logradouro":"465194","nm_logradouro_completo":"R MITUTO MIZUMOTO","cd_numero_porta":"320","tx_complemento_endereco":null,"tx_situ_lote":"ATIVO","cd_tipo_uso_imovel":"43","dc_tipo_uso_imovel":"Não residencial","cd_tipo_terreno_imovel":1,"qt_area_terreno":536,"qt_area_construida":1569}}},{"type":"Feature","geometry":{"type":"Polygon","coordinates":[[[-45.028506,-23.533167],[-45.028508,-23.533107],[-45.028515,-23.532931],[-45.028515,-23.532923],[-45.028515,-23.532943],[-45.028519,-23.533351],[-45.02852,-23.533487],[-45.02852,-23.533622],[-45.028519,-23.533679],[-45.028516,-23.533577],[-45.028507,-23.533241],[-45.028506,-23.533167]]]},"properties":{"sqlu":"SP-005-969035","inscription":"SP-GEOSAMPA-1969035","inscricaoImobiliaria":"SP-IMO-1969035","setor":"005","quadra":"031","lote":"0001","sourceType":"OFFICIAL_IMPORT","mainAddress":"Setor Fiscal 005","zoneamento":"RESIDENCIAL","statusCadastral":"ATIVO","workflowStatus":"PENDENTE","isOfficial":true,"rawProperties":{"cd_identificador":1969035,"cd_identificador_original_lote":8891055,"cd_setor_fiscal":"005","cd_tipo_quadra":"F","tx_tipo_quadra":"FISCAL","cd_quadra_fiscal":"031","cd_subquadra_fiscal":null,"cd_condominio":"00","cd_tipo_lote":"F","tx_tipo_lote":"FISCAL","cd_lote":"0001","cd_situacao":1,"cd_digito_sql":"3","cd_logradouro":"103764","nm_logradouro_completo":"PC DR JOAO MENDES","cd_numero_porta":"S/N","tx_complemento_endereco":null,"tx_situ_lote":"ATIVO","cd_tipo_uso_imovel":"31","dc_tipo_uso_imovel":"Não residencial","cd_tipo_terreno_imovel":2,"qt_area_terreno":3925,"qt_area_construida":47220}}},{"type":"Feature","geometry":{"type":"Polygon","coordinates":[[[-45.028592,-23.530808],[-45.028598,-23.530918],[-45.028598,-23.530969],[-45.028591,-23.53086],[-45.028592,-23.530808]]]},"properties":{"sqlu":"SP-005-822312","inscription":"SP-GEOSAMPA-6822312","inscricaoImobiliaria":"SP-IMO-6822312","setor":"005","quadra":"016","lote":"0006","sourceType":"OFFICIAL_IMPORT","mainAddress":"Setor Fiscal 005","zoneamento":"RESIDENCIAL","statusCadastral":"ATIVO","workflowStatus":"PENDENTE","isOfficial":true,"rawProperties":{"cd_identificador":6822312,"cd_identificador_original_lote":8890983,"cd_setor_fiscal":"005","cd_tipo_quadra":"F","tx_tipo_quadra":"FISCAL","cd_quadra_fiscal":"016","cd_subquadra_fiscal":null,"cd_condominio":"00","cd_tipo_lote":"F","tx_tipo_lote":"FISCAL","cd_lote":"0006","cd_situacao":1,"cd_digito_sql":"1","cd_logradouro":"023981","nm_logradouro_completo":"R ASDRUBAL DO NASCIMENTO","cd_numero_porta":"112","tx_complemento_endereco":null,"tx_situ_lote":"ATIVO","cd_tipo_uso_imovel":"60","dc_tipo_uso_imovel":"Não residencial","cd_tipo_terreno_imovel":1,"qt_area_terreno":230,"qt_area_construida":230}}},{"type":"Feature","geometry":{"type":"Polygon","coordinates":[[[-45.028481,-23.534504],[-45.028482,-23.534507],[-45.028484,-23.53451],[-45.028488,-23.534518],[-45.028488,-23.534559],[-45.028488,-23.534666],[-45.028488,-23.534671],[-45.028488,-23.5347],[-45.028487,-23.534698],[-45.028485,-23.534693],[-45.02848,-23.534685],[-45.028481,-23.534527],[-45.028481,-23.534504]]]},"properties":{"sqlu":"SP-005-822305","inscription":"SP-GEOSAMPA-6822305","inscricaoImobiliaria":"SP-IMO-6822305","setor":"005","quadra":"044","lote":"0115","sourceType":"OFFICIAL_IMPORT","mainAddress":"Setor Fiscal 005","zoneamento":"RESIDENCIAL","statusCadastral":"ATIVO","workflowStatus":"PENDENTE","isOfficial":true,"rawProperties":{"cd_identificador":6822305,"cd_identificador_original_lote":10680212,"cd_setor_fiscal":"005","cd_tipo_quadra":"F","tx_tipo_quadra":"FISCAL","cd_quadra_fiscal":"044","cd_subquadra_fiscal":null,"cd_condominio":"00","cd_tipo_lote":"F","tx_tipo_lote":"FISCAL","cd_lote":"0115","cd_situacao":1,"cd_digito_sql":"7","cd_logradouro":"190500","nm_logradouro_completo":"R DR TOMAS DE LIMA","cd_numero_porta":"72","tx_complemento_endereco":null,"tx_situ_lote":"ATIVO","cd_tipo_uso_imovel":"74","dc_tipo_uso_imovel":"Não residencial","cd_tipo_terreno_imovel":1,"qt_area_terreno":1036,"qt_area_construida":3616}}},{"type":"Feature","geometry":{"type":"Polygon","coordinates":[[[-45.028545,-23.53495],[-45.028548,-23.534927],[-45.028552,-23.534851],[-45.028549,-23.534927],[-45.028549,-23.534937],[-45.028547,-23.534985],[-45.028545,-23.534993],[-45.028545,-23.53495]]]},"properties":{"sqlu":"SP-005-822330","inscription":"SP-GEOSAMPA-6822330","inscricaoImobiliaria":"SP-IMO-6822330","setor":"005","quadra":"082","lote":"0027","sourceType":"OFFICIAL_IMPORT","mainAddress":"Setor Fiscal 005","zoneamento":"RESIDENCIAL","statusCadastral":"ATIVO","workflowStatus":"PENDENTE","isOfficial":true,"rawProperties":{"cd_identificador":6822330,"cd_identificador_original_lote":10680264,"cd_setor_fiscal":"005","cd_tipo_quadra":"F","tx_tipo_quadra":"FISCAL","cd_quadra_fiscal":"082","cd_subquadra_fiscal":null,"cd_condominio":"00","cd_tipo_lote":"F","tx_tipo_lote":"FISCAL","cd_lote":"0027","cd_situacao":1,"cd_digito_sql":"1","cd_logradouro":"118206","nm_logradouro_completo":"PC DA LIBERDADE AFRICA-JAPAO","cd_numero_porta":"104","tx_complemento_endereco":null,"tx_situ_lote":"ATIVO","cd_tipo_uso_imovel":"31","dc_tipo_uso_imovel":"Não residencial","cd_tipo_terreno_imovel":1,"qt_area_terreno":125,"qt_area_construida":520}}},{"type":"Feature","geometry":{"type":"Polygon","coordinates":[[[-45.028592,-23.530692],[-45.028592,-23.530678],[-45.028593,-23.530604],[-45.028593,-23.530583],[-45.028595,-23.530608],[-45.028596,-23.530623],[-45.028595,-23.53069],[-45.028595,-23.530732],[-45.028594,-23.530722],[-45.028592,-23.530692]]]},"properties":{"sqlu":"SP-005-822308","inscription":"SP-GEOSAMPA-6822308","inscricaoImobiliaria":"SP-IMO-6822308","setor":"005","quadra":"016","lote":"0000","sourceType":"OFFICIAL_IMPORT","mainAddress":"Setor Fiscal 005","zoneamento":"RESIDENCIAL","statusCadastral":"ATIVO","workflowStatus":"PENDENTE","isOfficial":true,"rawProperties":{"cd_identificador":6822308,"cd_identificador_original_lote":8890985,"cd_setor_fiscal":"005","cd_tipo_quadra":"F","tx_tipo_quadra":"FISCAL","cd_quadra_fiscal":"016","cd_subquadra_fiscal":null,"cd_condominio":"01","cd_tipo_lote":"F","tx_tipo_lote":"FISCAL","cd_lote":"0000","cd_situacao":1,"cd_digito_sql":null,"cd_logradouro":"023981","nm_logradouro_completo":"R ASDRUBAL DO NASCIMENTO","cd_numero_porta":"94 98 102","tx_complemento_endereco":null,"tx_situ_lote":null,"cd_tipo_uso_imovel":"XX","dc_tipo_uso_imovel":"Condomínio","cd_tipo_terreno_imovel":99,"qt_area_terreno":228,"qt_area_construida":null}}},{"type":"Feature","geometry":{"type":"Polygon","coordinates":[[[-45.028557,-23.532334],[-45.028559,-23.531991],[-45.028559,-23.531976],[-45.028565,-23.53159],[-45.028565,-23.531583],[-45.028566,-23.531589],[-45.028568,-23.531834],[-45.028568,-23.531881],[-45.028567,-23.531964],[-45.028566,-23.532045],[-45.028565,-23.532134],[-45.028564,-23.532261],[-45.028564,-23.532343],[-45.028563,-23.532434],[-45.028562,-23.532421],[-45.028557,-23.532334]]]},"properties":{"sqlu":"SP-005-822352","inscription":"SP-GEOSAMPA-6822352","inscricaoImobiliaria":"SP-IMO-6822352","setor":"005","quadra":"025","lote":"0404","sourceType":"OFFICIAL_IMPORT","mainAddress":"Setor Fiscal 005","zoneamento":"RESIDENCIAL","statusCadastral":"ATIVO","workflowStatus":"PENDENTE","isOfficial":true,"rawProperties":{"cd_identificador":6822352,"cd_identificador_original_lote":8892024,"cd_setor_fiscal":"005","cd_tipo_quadra":"F","tx_tipo_quadra":"FISCAL","cd_quadra_fiscal":"025","cd_subquadra_fiscal":null,"cd_condominio":"00","cd_tipo_lote":"F","tx_tipo_lote":"FISCAL","cd_lote":"0404","cd_situacao":1,"cd_digito_sql":"8","cd_logradouro":"197645","nm_logradouro_completo":"AV VINTE E TRES DE MAIO","cd_numero_porta":"S/N","tx_complemento_endereco":null,"tx_situ_lote":"ATIVO","cd_tipo_uso_imovel":"00","dc_tipo_uso_imovel":"Terreno","cd_tipo_terreno_imovel":3,"qt_area_terreno":1292,"qt_area_construida":0}}},{"type":"Feature","geometry":{"type":"Polygon","coordinates":[[[-45.028547,-23.531355],[-45.028549,-23.531623],[-45.028548,-23.53164],[-45.028547,-23.531657],[-45.028545,-23.531402],[-45.028546,-23.531379],[-45.028547,-23.531355]]]},"properties":{"sqlu":"SP-005-822302","inscription":"SP-GEOSAMPA-6822302","inscricaoImobiliaria":"SP-IMO-6822302","setor":"005","quadra":"025","lote":"0238","sourceType":"OFFICIAL_IMPORT","mainAddress":"Setor Fiscal 005","zoneamento":"RESIDENCIAL","statusCadastral":"ATIVO","workflowStatus":"PENDENTE","isOfficial":true,"rawProperties":{"cd_identificador":6822302,"cd_identificador_original_lote":8892032,"cd_setor_fiscal":"005","cd_tipo_quadra":"F","tx_tipo_quadra":"FISCAL","cd_quadra_fiscal":"025","cd_subquadra_fiscal":null,"cd_condominio":"00","cd_tipo_lote":"F","tx_tipo_lote":"FISCAL","cd_lote":"0238","cd_situacao":1,"cd_digito_sql":"1","cd_logradouro":"170259","nm_logradouro_completo":"R RIACHUELO","cd_numero_porta":"47","tx_complemento_endereco":null,"tx_situ_lote":"ATIVO","cd_tipo_uso_imovel":"40","dc_tipo_uso_imovel":"Não residencial","cd_tipo_terreno_imovel":1,"qt_area_terreno":360,"qt_area_construida":351}}},{"type":"Feature","geometry":{"type":"Polygon","coordinates":[[[-45.028476,-23.535109],[-45.028475,-23.53511],[-45.028475,-23.53511],[-45.028474,-23.53511],[-45.028473,-23.535109],[-45.028473,-23.535066],[-45.028478,-23.53505],[-45.028478,-23.535106],[-45.028477,-23.535107],[-45.028477,-23.535108],[-45.028476,-23.535109]]]},"properties":{"sqlu":"SP-005-822354","inscription":"SP-GEOSAMPA-6822354","inscricaoImobiliaria":"SP-IMO-6822354","setor":"005","quadra":"046","lote":"0017","sourceType":"OFFICIAL_IMPORT","mainAddress":"Setor Fiscal 005","zoneamento":"RESIDENCIAL","statusCadastral":"ATIVO","workflowStatus":"PENDENTE","isOfficial":true,"rawProperties":{"cd_identificador":6822354,"cd_identificador_original_lote":8892140,"cd_setor_fiscal":"005","cd_tipo_quadra":"F","tx_tipo_quadra":"FISCAL","cd_quadra_fiscal":"046","cd_subquadra_fiscal":null,"cd_condominio":"00","cd_tipo_lote":"F","tx_tipo_lote":"FISCAL","cd_lote":"0017","cd_situacao":1,"cd_digito_sql":"6","cd_logradouro":"190500","nm_logradouro_completo":"R DR TOMAS DE LIMA","cd_numero_porta":"S/N","tx_complemento_endereco":"113","tx_situ_lote":"ATIVO","cd_tipo_uso_imovel":"00","dc_tipo_uso_imovel":"Terreno","cd_tipo_terreno_imovel":1,"qt_area_terreno":190,"qt_area_construida":0}}},{"type":"Feature","geometry":{"type":"Polygon","coordinates":[[[-45.028529,-23.537116],[-45.028534,-23.537113],[-45.028534,-23.537162],[-45.028529,-23.537159],[-45.028529,-23.537116]]]},"properties":{"sqlu":"SP-005-822378","inscription":"SP-GEOSAMPA-6822378","inscricaoImobiliaria":"SP-IMO-6822378","setor":"005","quadra":"058","lote":"0005","sourceType":"OFFICIAL_IMPORT","mainAddress":"Setor Fiscal 005","zoneamento":"RESIDENCIAL","statusCadastral":"ATIVO","workflowStatus":"PENDENTE","isOfficial":true,"rawProperties":{"cd_identificador":6822378,"cd_identificador_original_lote":10680157,"cd_setor_fiscal":"005","cd_tipo_quadra":"F","tx_tipo_quadra":"FISCAL","cd_quadra_fiscal":"058","cd_subquadra_fiscal":null,"cd_condominio":"00","cd_tipo_lote":"F","tx_tipo_lote":"FISCAL","cd_lote":"0005","cd_situacao":1,"cd_digito_sql":"5","cd_logradouro":"077330","nm_logradouro_completo":"R GALVAO BUENO","cd_numero_porta":"147","tx_complemento_endereco":null,"tx_situ_lote":"ATIVO","cd_tipo_uso_imovel":"74","dc_tipo_uso_imovel":"Não residencial","cd_tipo_terreno_imovel":1,"qt_area_terreno":159,"qt_area_construida":80}}},{"type":"Feature","geometry":{"type":"Polygon","coordinates":[[[-45.028549,-23.531308],[-45.02855,-23.531511],[-45.028551,-23.531532],[-45.028551,-23.531584],[-45.02855,-23.531605],[-45.02855,-23.531551],[-45.028548,-23.531332],[-45.028549,-23.531308]]]},"properties":{"sqlu":"SP-005-822303","inscription":"SP-GEOSAMPA-6822303","inscricaoImobiliaria":"SP-IMO-6822303","setor":"005","quadra":"025","lote":"0004","sourceType":"OFFICIAL_IMPORT","mainAddress":"Setor Fiscal 005","zoneamento":"RESIDENCIAL","statusCadastral":"ATIVO","workflowStatus":"PENDENTE","isOfficial":true,"rawProperties":{"cd_identificador":6822303,"cd_identificador_original_lote":8892030,"cd_setor_fiscal":"005","cd_tipo_quadra":"F","tx_tipo_quadra":"FISCAL","cd_quadra_fiscal":"025","cd_subquadra_fiscal":null,"cd_condominio":"00","cd_tipo_lote":"F","tx_tipo_lote":"FISCAL","cd_lote":"0004","cd_situacao":1,"cd_digito_sql":"2","cd_logradouro":"170259","nm_logradouro_completo":"R RIACHUELO","cd_numero_porta":"65","tx_complemento_endereco":"E 67","tx_situ_lote":"ATIVO","cd_tipo_uso_imovel":"31","dc_tipo_uso_imovel":"Não residencial","cd_tipo_terreno_imovel":1,"qt_area_terreno":204,"qt_area_construida":1783}}},{"type":"Feature","geometry":{"type":"Polygon","coordinates":[[[-45.02855,-23.531285],[-45.028552,-23.531224],[-45.028554,-23.531442],[-45.028555,-23.531506],[-45.028552,-23.531567],[-45.028551,-23.531494],[-45.028551,-23.531422],[-45.028551,-23.531388],[-45.02855,-23.531285]]]},"properties":{"sqlu":"SP-005-822324","inscription":"SP-GEOSAMPA-6822324","inscricaoImobiliaria":"SP-IMO-6822324","setor":"005","quadra":"025","lote":"0002","sourceType":"OFFICIAL_IMPORT","mainAddress":"Setor Fiscal 005","zoneamento":"RESIDENCIAL","statusCadastral":"ATIVO","workflowStatus":"PENDENTE","isOfficial":true,"rawProperties":{"cd_identificador":6822324,"cd_identificador_original_lote":8892028,"cd_setor_fiscal":"005","cd_tipo_quadra":"F","tx_tipo_quadra":"FISCAL","cd_quadra_fiscal":"025","cd_subquadra_fiscal":null,"cd_condominio":"00","cd_tipo_lote":"F","tx_tipo_lote":"FISCAL","cd_lote":"0002","cd_situacao":1,"cd_digito_sql":"6","cd_logradouro":"170259","nm_logradouro_completo":"R RIACHUELO","cd_numero_porta":"75","tx_complemento_endereco":"77 81 85","tx_situ_lote":"ATIVO","cd_tipo_uso_imovel":"43","dc_tipo_uso_imovel":"Não residencial","cd_tipo_terreno_imovel":1,"qt_area_terreno":544,"qt_area_construida":968}}},{"type":"Feature","geometry":{"type":"Polygon","coordinates":[[[-45.028529,-23.537116],[-45.028529,-23.537159],[-45.028534,-23.537162],[-45.028533,-23.537291],[-45.028533,-23.537326],[-45.028533,-23.537432],[-45.028531,-23.537423],[-45.02853,-23.53742],[-45.028524,-23.537399],[-45.028522,-23.537393],[-45.02852,-23.537385],[-45.028518,-23.537379],[-45.028518,-23.53716],[-45.028518,-23.537044],[-45.028523,-23.537055],[-45.028526,-23.537056],[-45.028526,-23.537056],[-45.028529,-23.53705],[-45.028529,-23.537116]]]},"properties":{"sqlu":"SP-005-822379","inscription":"SP-GEOSAMPA-6822379","inscricaoImobiliaria":"SP-IMO-6822379","setor":"005","quadra":"058","lote":"0004","sourceType":"OFFICIAL_IMPORT","mainAddress":"Setor Fiscal 005","zoneamento":"RESIDENCIAL","statusCadastral":"ATIVO","workflowStatus":"PENDENTE","isOfficial":true,"rawProperties":{"cd_identificador":6822379,"cd_identificador_original_lote":10680158,"cd_setor_fiscal":"005","cd_tipo_quadra":"F","tx_tipo_quadra":"FISCAL","cd_quadra_fiscal":"058","cd_subquadra_fiscal":null,"cd_condominio":"00","cd_tipo_lote":"F","tx_tipo_lote":"FISCAL","cd_lote":"0004","cd_situacao":1,"cd_digito_sql":"7","cd_logradouro":"080292","nm_logradouro_completo":"R DA GLORIA","cd_numero_porta":"410","tx_complemento_endereco":null,"tx_situ_lote":"ATIVO","cd_tipo_uso_imovel":"31","dc_tipo_uso_imovel":"Não residencial","cd_tipo_terreno_imovel":2,"qt_area_terreno":3130,"qt_area_construida":700}}},{"type":"Feature","geometry":{"type":"Polygon","coordinates":[[[-45.028521,-23.539266],[-45.028521,-23.539257],[-45.02852,-23.539225],[-45.028523,-23.539224],[-45.028523,-23.539263],[-45.028521,-23.539266]]]},"properties":{"sqlu":"SP-005-822380","inscription":"SP-GEOSAMPA-6822380","inscricaoImobiliaria":"SP-IMO-6822380","setor":"005","quadra":"069","lote":"0078","sourceType":"OFFICIAL_IMPORT","mainAddress":"Setor Fiscal 005","zoneamento":"RESIDENCIAL","statusCadastral":"ATIVO","workflowStatus":"PENDENTE","isOfficial":true,"rawProperties":{"cd_identificador":6822380,"cd_identificador_original_lote":8891426,"cd_setor_fiscal":"005","cd_tipo_quadra":"F","tx_tipo_quadra":"FISCAL","cd_quadra_fiscal":"069","cd_subquadra_fiscal":null,"cd_condominio":"00","cd_tipo_lote":"F","tx_tipo_lote":"FISCAL","cd_lote":"0078","cd_situacao":1,"cd_digito_sql":"9","cd_logradouro":"077330","nm_logradouro_completo":"R GALVAO BUENO","cd_numero_porta":"385","tx_complemento_endereco":"CS 4","tx_situ_lote":"ATIVO","cd_tipo_uso_imovel":"10","dc_tipo_uso_imovel":"Residencial","cd_tipo_terreno_imovel":4,"qt_area_terreno":64,"qt_area_construida":42}}},{"type":"Feature","geometry":{"type":"Polygon","coordinates":[[[-45.028485,-23.540297],[-45.028484,-23.54029],[-45.028484,-23.540114],[-45.028484,-23.540041],[-45.028485,-23.540022],[-45.028485,-23.539953],[-45.028485,-23.539956],[-45.028485,-23.540085],[-45.028485,-23.540104],[-45.028485,-23.540297]]]},"properties":{"sqlu":"SP-005-822381","inscription":"SP-GEOSAMPA-6822381","inscricaoImobiliaria":"SP-IMO-6822381","setor":"005","quadra":"071","lote":"0004","sourceType":"OFFICIAL_IMPORT","mainAddress":"Setor Fiscal 005","zoneamento":"RESIDENCIAL","statusCadastral":"ATIVO","workflowStatus":"PENDENTE","isOfficial":true,"rawProperties":{"cd_identificador":6822381,"cd_identificador_original_lote":8891187,"cd_setor_fiscal":"005","cd_tipo_quadra":"F","tx_tipo_quadra":"FISCAL","cd_quadra_fiscal":"071","cd_subquadra_fiscal":null,"cd_condominio":"00","cd_tipo_lote":"F","tx_tipo_lote":"FISCAL","cd_lote":"0004","cd_situacao":1,"cd_digito_sql":"2","cd_logradouro":"080292","nm_logradouro_completo":"R DA GLORIA","cd_numero_porta":"875","tx_complemento_endereco":"E 877","tx_situ_lote":"ATIVO","cd_tipo_uso_imovel":"42","dc_tipo_uso_imovel":"Não residencial","cd_tipo_terreno_imovel":1,"qt_area_terreno":192,"qt_area_construida":460}}},{"type":"Feature","geometry":{"type":"Polygon","coordinates":[[[-45.028592,-23.529376],[-45.028592,-23.529353],[-45.028593,-23.529338],[-45.028592,-23.529299],[-45.028593,-23.529282],[-45.028592,-23.529245],[-45.028593,-23.52924],[-45.028593,-23.52924],[-45.028595,-23.529234],[-45.028595,-23.529462],[-45.028593,-23.529407],[-45.028592,-23.529376]]]},"properties":{"sqlu":"SP-005-822406","inscription":"SP-GEOSAMPA-6822406","inscricaoImobiliaria":"SP-IMO-6822406","setor":"005","quadra":"007","lote":"0015","sourceType":"OFFICIAL_IMPORT","mainAddress":"Setor Fiscal 005","zoneamento":"RESIDENCIAL","statusCadastral":"ATIVO","workflowStatus":"PENDENTE","isOfficial":true,"rawProperties":{"cd_identificador":6822406,"cd_identificador_original_lote":8892070,"cd_setor_fiscal":"005","cd_tipo_quadra":"F","tx_tipo_quadra":"FISCAL","cd_quadra_fiscal":"007","cd_subquadra_fiscal":null,"cd_condominio":"00","cd_tipo_lote":"F","tx_tipo_lote":"FISCAL","cd_lote":"0015","cd_situacao":1,"cd_digito_sql":"1","cd_logradouro":"027952","nm_logradouro_completo":"PC DA BANDEIRA","cd_numero_porta":"27","tx_complemento_endereco":"31 39 47","tx_situ_lote":"ATIVO","cd_tipo_uso_imovel":"80","dc_tipo_uso_imovel":"Não residencial","cd_tipo_terreno_imovel":1,"qt_area_terreno":266,"qt_area_construida":2128}}},{"type":"Feature","geometry":{"type":"Polygon","coordinates":[[[-45.028548,-23.53164],[-45.028549,-23.531623],[-45.02855,-23.531605],[-45.028551,-23.531584],[-45.028552,-23.531567],[-45.028555,-23.531506],[-45.028554,-23.531442],[-45.028552,-23.531224],[-45.028561,-23.53102],[-45.028561,-23.531027],[-45.028563,-23.531224],[-45.028562,-23.531242],[-45.028564,-23.531367],[-45.028566,-23.531589],[-45.028565,-23.531583],[-45.028565,-23.53159],[-45.028559,-23.531976],[-45.028558,-23.531959],[-45.02855,-23.531827],[-45.028549,-23.531817],[-45.028548,-23.532073],[-45.028548,-23.532128],[-45.028547,-23.532185],[-45.028547,-23.532175],[-45.028547,-23.532133],[-45.028547,-23.532131],[-45.028547,-23.532058],[-45.028548,-23.532057],[-45.028547,-23.531933],[-45.028547,-23.531796],[-45.028549,-23.531778],[-45.028548,-23.53164]]]},"properties":{"sqlu":"SP-005-822395","inscription":"SP-GEOSAMPA-6822395","inscricaoImobiliaria":"SP-IMO-6822395","setor":"005","quadra":"025","lote":"0403","sourceType":"OFFICIAL_IMPORT","mainAddress":"Setor Fiscal 005","zoneamento":"RESIDENCIAL","statusCadastral":"ATIVO","workflowStatus":"PENDENTE","isOfficial":true,"rawProperties":{"cd_identificador":6822395,"cd_identificador_original_lote":10680186,"cd_setor_fiscal":"005","cd_tipo_quadra":"F","tx_tipo_quadra":"FISCAL","cd_quadra_fiscal":"025","cd_subquadra_fiscal":null,"cd_condominio":"00","cd_tipo_lote":"F","tx_tipo_lote":"FISCAL","cd_lote":"0403","cd_situacao":1,"cd_digito_sql":"1","cd_logradouro":"121657","nm_logradouro_completo":"AV BRIG LUIS ANTONIO","cd_numero_porta":"35","tx_complemento_endereco":null,"tx_situ_lote":"ATIVO","cd_tipo_uso_imovel":"31","dc_tipo_uso_imovel":"Não residencial","cd_tipo_terreno_imovel":3,"qt_area_terreno":8168,"qt_area_construida":29028}}},{"type":"Feature","geometry":{"type":"Polygon","coordinates":[[[-45.028589,-23.529493],[-45.028588,-23.529525],[-45.028588,-23.529542],[-45.028585,-23.529404],[-45.028586,-23.529356],[-45.028588,-23.529442],[-45.028588,-23.529455],[-45.028589,-23.529493]]]},"properties":{"sqlu":"SP-005-822396","inscription":"SP-GEOSAMPA-6822396","inscricaoImobiliaria":"SP-IMO-6822396","setor":"005","quadra":"007","lote":"0005","sourceType":"OFFICIAL_IMPORT","mainAddress":"Setor Fiscal 005","zoneamento":"RESIDENCIAL","statusCadastral":"ATIVO","workflowStatus":"PENDENTE","isOfficial":true,"rawProperties":{"cd_identificador":6822396,"cd_identificador_original_lote":8892068,"cd_setor_fiscal":"005","cd_tipo_quadra":"F","tx_tipo_quadra":"FISCAL","cd_quadra_fiscal":"007","cd_subquadra_fiscal":null,"cd_condominio":"00","cd_tipo_lote":"F","tx_tipo_lote":"FISCAL","cd_lote":"0005","cd_situacao":1,"cd_digito_sql":"2","cd_logradouro":"073369","nm_logradouro_completo":"R S FRANCISCO","cd_numero_porta":"71","tx_complemento_endereco":null,"tx_situ_lote":"ATIVO","cd_tipo_uso_imovel":"31","dc_tipo_uso_imovel":"Não residencial","cd_tipo_terreno_imovel":2,"qt_area_terreno":124,"qt_area_construida":1088}}},{"type":"Feature","geometry":{"type":"Polygon","coordinates":[[[-45.028525,-23.539219],[-45.028525,-23.539219],[-45.028525,-23.539219],[-45.028526,-23.53922],[-45.028526,-23.539222],[-45.028527,-23.539229],[-45.028528,-23.539234],[-45.028531,-23.539247],[-45.028531,-23.539306],[-45.028526,-23.539282],[-45.028525,-23.539278],[-45.028525,-23.539219]]]},"properties":{"sqlu":"SP-005-822754","inscription":"SP-GEOSAMPA-6822754","inscricaoImobiliaria":"SP-IMO-6822754","setor":"005","quadra":"069","lote":"0085","sourceType":"OFFICIAL_IMPORT","mainAddress":"Setor Fiscal 005","zoneamento":"RESIDENCIAL","statusCadastral":"ATIVO","workflowStatus":"PENDENTE","isOfficial":true,"rawProperties":{"cd_identificador":6822754,"cd_identificador_original_lote":10680155,"cd_setor_fiscal":"005","cd_tipo_quadra":"F","tx_tipo_quadra":"FISCAL","cd_quadra_fiscal":"069","cd_subquadra_fiscal":null,"cd_condominio":"00","cd_tipo_lote":"F","tx_tipo_lote":"FISCAL","cd_lote":"0085","cd_situacao":1,"cd_digito_sql":"1","cd_logradouro":"077330","nm_logradouro_completo":"R GALVAO BUENO","cd_numero_porta":"379","tx_complemento_endereco":"E 381","tx_situ_lote":"ATIVO","cd_tipo_uso_imovel":"43","dc_tipo_uso_imovel":"Não residencial","cd_tipo_terreno_imovel":1,"qt_area_terreno":240,"qt_area_construida":426}}},{"type":"Feature","geometry":{"type":"Polygon","coordinates":[[[-45.028543,-23.531585],[-45.028542,-23.531479],[-45.028544,-23.531449],[-45.028544,-23.531555],[-45.028543,-23.531572],[-45.028543,-23.531585]]]},"properties":{"sqlu":"SP-005-822755","inscription":"SP-GEOSAMPA-6822755","inscricaoImobiliaria":"SP-IMO-6822755","setor":"005","quadra":"025","lote":"0009","sourceType":"OFFICIAL_IMPORT","mainAddress":"Setor Fiscal 005","zoneamento":"RESIDENCIAL","statusCadastral":"ATIVO","workflowStatus":"PENDENTE","isOfficial":true,"rawProperties":{"cd_identificador":6822755,"cd_identificador_original_lote":8892025,"cd_setor_fiscal":"005","cd_tipo_quadra":"F","tx_tipo_quadra":"FISCAL","cd_quadra_fiscal":"025","cd_subquadra_fiscal":null,"cd_condominio":"00","cd_tipo_lote":"F","tx_tipo_lote":"FISCAL","cd_lote":"0009","cd_situacao":1,"cd_digito_sql":"3","cd_logradouro":"170259","nm_logradouro_completo":"R RIACHUELO","cd_numero_porta":"25","tx_complemento_endereco":"29 E 31","tx_situ_lote":"ATIVO","cd_tipo_uso_imovel":"40","dc_tipo_uso_imovel":"Não residencial","cd_tipo_terreno_imovel":1,"qt_area_terreno":96,"qt_area_construida":288}}},{"type":"Feature","geometry":{"type":"Polygon","coordinates":[[[-45.028503,-23.534236],[-45.028506,-23.534246],[-45.028507,-23.534249],[-45.028507,-23.534309],[-45.028503,-23.534296],[-45.028503,-23.534236]]]},"properties":{"sqlu":"SP-005-822587","inscription":"SP-GEOSAMPA-6822587","inscricaoImobiliaria":"SP-IMO-6822587","setor":"005","quadra":"040","lote":"0021","sourceType":"OFFICIAL_IMPORT","mainAddress":"Setor Fiscal 005","zoneamento":"RESIDENCIAL","statusCadastral":"ATIVO","workflowStatus":"PENDENTE","isOfficial":true,"rawProperties":{"cd_identificador":6822587,"cd_identificador_original_lote":10680203,"cd_setor_fiscal":"005","cd_tipo_quadra":"F","tx_tipo_quadra":"FISCAL","cd_quadra_fiscal":"040","cd_subquadra_fiscal":null,"cd_condominio":"00","cd_tipo_lote":"F","tx_tipo_lote":"FISCAL","cd_lote":"0021","cd_situacao":1,"cd_digito_sql":"7","cd_logradouro":"076643","nm_logradouro_completo":"R CONS FURTADO","cd_numero_porta":"124","tx_complemento_endereco":"E 126","tx_situ_lote":"ATIVO","cd_tipo_uso_imovel":"43","dc_tipo_uso_imovel":"Não residencial","cd_tipo_terreno_imovel":1,"qt_area_terreno":206,"qt_area_construida":800}}},{"type":"Feature","geometry":{"type":"Polygon","coordinates":[[[-45.028465,-23.534636],[-45.028466,-23.534637],[-45.028466,-23.534637],[-45.028467,-23.534637],[-45.028467,-23.534644],[-45.028467,-23.534675],[-45.028467,-23.534691],[-45.028467,-23.5347],[-45.028466,-23.5347],[-45.028466,-23.5347],[-45.028465,-23.534699],[-45.028465,-23.534636]]]},"properties":{"sqlu":"SP-005-822581","inscription":"SP-GEOSAMPA-6822581","inscricaoImobiliaria":"SP-IMO-6822581","setor":"005","quadra":"046","lote":"0000","sourceType":"OFFICIAL_IMPORT","mainAddress":"Setor Fiscal 005","zoneamento":"RESIDENCIAL","statusCadastral":"ATIVO","workflowStatus":"PENDENTE","isOfficial":true,"rawProperties":{"cd_identificador":6822581,"cd_identificador_original_lote":10680105,"cd_setor_fiscal":"005","cd_tipo_quadra":"F","tx_tipo_quadra":"FISCAL","cd_quadra_fiscal":"046","cd_subquadra_fiscal":null,"cd_condominio":"05","cd_tipo_lote":"F","tx_tipo_lote":"FISCAL","cd_lote":"0000","cd_situacao":1,"cd_digito_sql":null,"cd_logradouro":"204242","nm_logradouro_completo":"R ANITA FERRAZ","cd_numero_porta":"42 44","tx_complemento_endereco":null,"tx_situ_lote":null,"cd_tipo_uso_imovel":"XX","dc_tipo_uso_imovel":"Condomínio","cd_tipo_terreno_imovel":99,"qt_area_terreno":85,"qt_area_construida":null}}},{"type":"Feature","geometry":{"type":"Polygon","coordinates":[[[-45.028515,-23.540074],[-45.028517,-23.53996],[-45.028521,-23.540246],[-45.028521,-23.540296],[-45.028529,-23.540334],[-45.028529,-23.540688],[-45.028528,-23.540673],[-45.028526,-23.540634],[-45.028524,-23.540627],[-45.028522,-23.540622],[-45.028521,-23.540608],[-45.028517,-23.540879],[-45.028509,-23.540581],[-45.028513,-23.540288],[-45.028512,-23.540218],[-45.028512,-23.540196],[-45.028513,-23.540094],[-45.028513,-23.540068],[-45.028515,-23.540103],[-45.028515,-23.540074]]]},"properties":{"sqlu":"SP-005-822582","inscription":"SP-GEOSAMPA-6822582","inscricaoImobiliaria":"SP-IMO-6822582","setor":"005","quadra":"069","lote":"0000","sourceType":"OFFICIAL_IMPORT","mainAddress":"Setor Fiscal 005","zoneamento":"RESIDENCIAL","statusCadastral":"ATIVO","workflowStatus":"PENDENTE","isOfficial":true,"rawProperties":{"cd_identificador":6822582,"cd_identificador_original_lote":8891416,"cd_setor_fiscal":"005","cd_tipo_quadra":"F","tx_tipo_quadra":"FISCAL","cd_quadra_fiscal":"069","cd_subquadra_fiscal":null,"cd_condominio":"09","cd_tipo_lote":"F","tx_tipo_lote":"FISCAL","cd_lote":"0000","cd_situacao":1,"cd_digito_sql":null,"cd_logradouro":"077330","nm_logradouro_completo":"R GALVAO BUENO","cd_numero_porta":"499","tx_complemento_endereco":null,"tx_situ_lote":null,"cd_tipo_uso_imovel":"XX","dc_tipo_uso_imovel":"Condomínio","cd_tipo_terreno_imovel":99,"qt_area_terreno":5922,"qt_area_construida":null}}},{"type":"Feature","geometry":{"type":"Polygon","coordinates":[[[-45.028591,-23.530907],[-45.028591,-23.53086],[-45.028598,-23.530969],[-45.028598,-23.531014],[-45.028595,-23.530971],[-45.028592,-23.53093],[-45.028591,-23.530907]]]},"properties":{"sqlu":"SP-005-822746","inscription":"SP-GEOSAMPA-6822746","inscricaoImobiliaria":"SP-IMO-6822746","setor":"005","quadra":"016","lote":"0007","sourceType":"OFFICIAL_IMPORT","mainAddress":"Setor Fiscal 005","zoneamento":"RESIDENCIAL","statusCadastral":"ATIVO","workflowStatus":"PENDENTE","isOfficial":true,"rawProperties":{"cd_identificador":6822746,"cd_identificador_original_lote":8890982,"cd_setor_fiscal":"005","cd_tipo_quadra":"F","tx_tipo_quadra":"FISCAL","cd_quadra_fiscal":"016","cd_subquadra_fiscal":null,"cd_condominio":"00","cd_tipo_lote":"F","tx_tipo_lote":"FISCAL","cd_lote":"0007","cd_situacao":1,"cd_digito_sql":"8","cd_logradouro":"023981","nm_logradouro_completo":"R ASDRUBAL DO NASCIMENTO","cd_numero_porta":"124","tx_complemento_endereco":"E 126","tx_situ_lote":"ATIVO","cd_tipo_uso_imovel":"40","dc_tipo_uso_imovel":"Não residencial","cd_tipo_terreno_imovel":1,"qt_area_terreno":223,"qt_area_construida":400}}},{"type":"Feature","geometry":{"type":"Polygon","coordinates":[[[-45.028493,-23.534413],[-45.028496,-23.534365],[-45.028497,-23.534441],[-45.028498,-23.534446],[-45.028498,-23.534492],[-45.028498,-23.53452],[-45.028493,-23.534507],[-45.028493,-23.534468],[-45.028493,-23.534413]]]},"properties":{"sqlu":"SP-005-822747","inscription":"SP-GEOSAMPA-6822747","inscricaoImobiliaria":"SP-IMO-6822747","setor":"005","quadra":"044","lote":"0000","sourceType":"OFFICIAL_IMPORT","mainAddress":"Setor Fiscal 005","zoneamento":"RESIDENCIAL","statusCadastral":"ATIVO","workflowStatus":"PENDENTE","isOfficial":true,"rawProperties":{"cd_identificador":6822747,"cd_identificador_original_lote":10680193,"cd_setor_fiscal":"005","cd_tipo_quadra":"F","tx_tipo_quadra":"FISCAL","cd_quadra_fiscal":"044","cd_subquadra_fiscal":null,"cd_condominio":"02","cd_tipo_lote":"F","tx_tipo_lote":"FISCAL","cd_lote":"0000","cd_situacao":1,"cd_digito_sql":null,"cd_logradouro":"076643","nm_logradouro_completo":"R CONS FURTADO","cd_numero_porta":"147 151","tx_complemento_endereco":null,"tx_situ_lote":null,"cd_tipo_uso_imovel":"XX","dc_tipo_uso_imovel":"Condomínio","cd_tipo_terreno_imovel":99,"qt_area_terreno":303,"qt_area_construida":null}}},{"type":"Feature","geometry":{"type":"Polygon","coordinates":[[[-45.028492,-23.534504],[-45.028493,-23.534507],[-45.028498,-23.53452],[-45.028498,-23.534579],[-45.028498,-23.534589],[-45.028492,-23.53457],[-45.028492,-23.534504]]]},"properties":{"sqlu":"SP-005-822689","inscription":"SP-GEOSAMPA-6822689","inscricaoImobiliaria":"SP-IMO-6822689","setor":"005","quadra":"044","lote":"0008","sourceType":"OFFICIAL_IMPORT","mainAddress":"Setor Fiscal 005","zoneamento":"RESIDENCIAL","statusCadastral":"ATIVO","workflowStatus":"PENDENTE","isOfficial":true,"rawProperties":{"cd_identificador":6822689,"cd_identificador_original_lote":10680194,"cd_setor_fiscal":"005","cd_tipo_quadra":"F","tx_tipo_quadra":"FISCAL","cd_quadra_fiscal":"044","cd_subquadra_fiscal":null,"cd_condominio":"00","cd_tipo_lote":"F","tx_tipo_lote":"FISCAL","cd_lote":"0008","cd_situacao":1,"cd_digito_sql":"8","cd_logradouro":"076643","nm_logradouro_completo":"R CONS FURTADO","cd_numero_porta":"155","tx_complemento_endereco":"E 161","tx_situ_lote":"ATIVO","cd_tipo_uso_imovel":"14","dc_tipo_uso_imovel":"Residencial","cd_tipo_terreno_imovel":1,"qt_area_terreno":232,"qt_area_construida":180}}},{"type":"Feature","geometry":{"type":"Polygon","coordinates":[[[-45.02852,-23.539225],[-45.02852,-23.539185],[-45.028523,-23.539186],[-45.028523,-23.539224],[-45.02852,-23.539225]]]},"properties":{"sqlu":"SP-005-822643","inscription":"SP-GEOSAMPA-6822643","inscricaoImobiliaria":"SP-IMO-6822643","setor":"005","quadra":"069","lote":"0079","sourceType":"OFFICIAL_IMPORT","mainAddress":"Setor Fiscal 005","zoneamento":"RESIDENCIAL","statusCadastral":"ATIVO","workflowStatus":"PENDENTE","isOfficial":true,"rawProperties":{"cd_identificador":6822643,"cd_identificador_original_lote":8891427,"cd_setor_fiscal":"005","cd_tipo_quadra":"F","tx_tipo_quadra":"FISCAL","cd_quadra_fiscal":"069","cd_subquadra_fiscal":null,"cd_condominio":"00","cd_tipo_lote":"F","tx_tipo_lote":"FISCAL","cd_lote":"0079","cd_situacao":1,"cd_digito_sql":"7","cd_logradouro":"077330","nm_logradouro_completo":"R GALVAO BUENO","cd_numero_porta":"385","tx_complemento_endereco":"CS 5","tx_situ_lote":"ATIVO","cd_tipo_uso_imovel":"10","dc_tipo_uso_imovel":"Residencial","cd_tipo_terreno_imovel":4,"qt_area_terreno":64,"qt_area_construida":42}}},{"type":"Feature","geometry":{"type":"Polygon","coordinates":[[[-45.028488,-23.534559],[-45.028498,-23.534589],[-45.028498,-23.534596],[-45.028498,-23.534664],[-45.028497,-23.53466],[-45.028494,-23.534649],[-45.028494,-23.534648],[-45.028493,-23.534649],[-45.028492,-23.534649],[-45.028489,-23.53465],[-45.028489,-23.534668],[-45.028489,-23.53467],[-45.028488,-23.534671],[-45.028488,-23.534666],[-45.028488,-23.534559],[-45.028488,-23.534559]]]},"properties":{"sqlu":"SP-005-822749","inscription":"SP-GEOSAMPA-6822749","inscricaoImobiliaria":"SP-IMO-6822749","setor":"005","quadra":"044","lote":"0009","sourceType":"OFFICIAL_IMPORT","mainAddress":"Setor Fiscal 005","zoneamento":"RESIDENCIAL","statusCadastral":"ATIVO","workflowStatus":"PENDENTE","isOfficial":true,"rawProperties":{"cd_identificador":6822749,"cd_identificador_original_lote":10680195,"cd_setor_fiscal":"005","cd_tipo_quadra":"F","tx_tipo_quadra":"FISCAL","cd_quadra_fiscal":"044","cd_subquadra_fiscal":null,"cd_condominio":"00","cd_tipo_lote":"F","tx_tipo_lote":"FISCAL","cd_lote":"0009","cd_situacao":1,"cd_digito_sql":"6","cd_logradouro":"076643","nm_logradouro_completo":"R CONS FURTADO","cd_numero_porta":"167","tx_complemento_endereco":null,"tx_situ_lote":"ATIVO","cd_tipo_uso_imovel":"43","dc_tipo_uso_imovel":"Não residencial","cd_tipo_terreno_imovel":1,"qt_area_terreno":484,"qt_area_construida":580}}},{"type":"Feature","geometry":{"type":"Polygon","coordinates":[[[-45.02851,-23.534092],[-45.028519,-23.534119],[-45.028519,-23.53431],[-45.028516,-23.534299],[-45.028515,-23.534295],[-45.028515,-23.534295],[-45.028515,-23.534271],[-45.028507,-23.534249],[-45.028506,-23.534246],[-45.028506,-23.534199],[-45.028507,-23.534143],[-45.02851,-23.534153],[-45.02851,-23.534092]]]},"properties":{"sqlu":"SP-005-822753","inscription":"SP-GEOSAMPA-6822753","inscricaoImobiliaria":"SP-IMO-6822753","setor":"005","quadra":"040","lote":"0993","sourceType":"OFFICIAL_IMPORT","mainAddress":"Setor Fiscal 005","zoneamento":"RESIDENCIAL","statusCadastral":"ATIVO","workflowStatus":"PENDENTE","isOfficial":true,"rawProperties":{"cd_identificador":6822753,"cd_identificador_original_lote":10680200,"cd_setor_fiscal":"005","cd_tipo_quadra":"F","tx_tipo_quadra":"FISCAL","cd_quadra_fiscal":"040","cd_subquadra_fiscal":null,"cd_condominio":"00","cd_tipo_lote":"F","tx_tipo_lote":"FISCAL","cd_lote":"0993","cd_situacao":1,"cd_digito_sql":"1","cd_logradouro":"080292","nm_logradouro_completo":"R DA GLORIA","cd_numero_porta":"75","tx_complemento_endereco":null,"tx_situ_lote":"ATIVO","cd_tipo_uso_imovel":"62","dc_tipo_uso_imovel":"Não residencial","cd_tipo_terreno_imovel":1,"qt_area_terreno":1283,"qt_area_construida":1299}}},{"type":"Feature","geometry":{"type":"Polygon","coordinates":[[[-45.028521,-23.539302],[-45.028521,-23.539266],[-45.028523,-23.539263],[-45.028523,-23.539299],[-45.028521,-23.539302]]]},"properties":{"sqlu":"SP-005-822543","inscription":"SP-GEOSAMPA-6822543","inscricaoImobiliaria":"SP-IMO-6822543","setor":"005","quadra":"069","lote":"0077","sourceType":"OFFICIAL_IMPORT","mainAddress":"Setor Fiscal 005","zoneamento":"RESIDENCIAL","statusCadastral":"ATIVO","workflowStatus":"PENDENTE","isOfficial":true,"rawProperties":{"cd_identificador":6822543,"cd_identificador_original_lote":8891425,"cd_setor_fiscal":"005","cd_tipo_quadra":"F","tx_tipo_quadra":"FISCAL","cd_quadra_fiscal":"069","cd_subquadra_fiscal":null,"cd_condominio":"00","cd_tipo_lote":"F","tx_tipo_lote":"FISCAL","cd_lote":"0077","cd_situacao":1,"cd_digito_sql":"0","cd_logradouro":"077330","nm_logradouro_completo":"R GALVAO BUENO","cd_numero_porta":"385","tx_complemento_endereco":"CS 3","tx_situ_lote":"ATIVO","cd_tipo_uso_imovel":"10","dc_tipo_uso_imovel":"Residencial","cd_tipo_terreno_imovel":4,"qt_area_terreno":64,"qt_area_construida":42}}},{"type":"Feature","geometry":{"type":"Polygon","coordinates":[[[-45.028587,-23.529312],[-45.028588,-23.52924],[-45.028589,-23.529307],[-45.02859,-23.529339],[-45.028589,-23.529396],[-45.028589,-23.529406],[-45.028588,-23.529392],[-45.028588,-23.529376],[-45.028587,-23.529312]]]},"properties":{"sqlu":"SP-005-822598","inscription":"SP-GEOSAMPA-6822598","inscricaoImobiliaria":"SP-IMO-6822598","setor":"005","quadra":"007","lote":"0003","sourceType":"OFFICIAL_IMPORT","mainAddress":"Setor Fiscal 005","zoneamento":"RESIDENCIAL","statusCadastral":"ATIVO","workflowStatus":"PENDENTE","isOfficial":true,"rawProperties":{"cd_identificador":6822598,"cd_identificador_original_lote":10680098,"cd_setor_fiscal":"005","cd_tipo_quadra":"F","tx_tipo_quadra":"FISCAL","cd_quadra_fiscal":"007","cd_subquadra_fiscal":null,"cd_condominio":"00","cd_tipo_lote":"F","tx_tipo_lote":"FISCAL","cd_lote":"0003","cd_situacao":1,"cd_digito_sql":"6","cd_logradouro":"073369","nm_logradouro_completo":"R S FRANCISCO","cd_numero_porta":"77","tx_complemento_endereco":"81 E 85","tx_situ_lote":"ATIVO","cd_tipo_uso_imovel":"31","dc_tipo_uso_imovel":"Não residencial","cd_tipo_terreno_imovel":1,"qt_area_terreno":173,"qt_area_construida":980}}},{"type":"Feature","geometry":{"type":"Polygon","coordinates":[[[-45.028466,-23.534508],[-45.028466,-23.534493],[-45.028466,-23.534444],[-45.028466,-23.534429],[-45.028466,-23.534406],[-45.028466,-23.53428],[-45.028469,-23.534248],[-45.028469,-23.534491],[-45.028469,-23.53464],[-45.028469,-23.534679],[-45.028468,-23.53468],[-45.028468,-23.534684],[-45.028467,-23.534691],[-45.028467,-23.534675],[-45.028467,-23.534644],[-45.028467,-23.534637],[-45.028467,-23.53461],[-45.028467,-23.534575],[-45.028467,-23.534546],[-45.028466,-23.534508]]]},"properties":{"sqlu":"SP-005-822524","inscription":"SP-GEOSAMPA-6822524","inscricaoImobiliaria":"SP-IMO-6822524","setor":"005","quadra":"046","lote":"0000","sourceType":"OFFICIAL_IMPORT","mainAddress":"Setor Fiscal 005","zoneamento":"RESIDENCIAL","statusCadastral":"ATIVO","workflowStatus":"PENDENTE","isOfficial":true,"rawProperties":{"cd_identificador":6822524,"cd_identificador_original_lote":8892151,"cd_setor_fiscal":"005","cd_tipo_quadra":"F","tx_tipo_quadra":"FISCAL","cd_quadra_fiscal":"046","cd_subquadra_fiscal":null,"cd_condominio":"17","cd_tipo_lote":"F","tx_tipo_lote":"FISCAL","cd_lote":"0000","cd_situacao":1,"cd_digito_sql":null,"cd_logradouro":"178640","nm_logradouro_completo":"R CD DE SARZEDAS","cd_numero_porta":"190 194","tx_complemento_endereco":null,"tx_situ_lote":null,"cd_tipo_uso_imovel":"XX","dc_tipo_uso_imovel":"Condomínio","cd_tipo_terreno_imovel":99,"qt_area_terreno":572,"qt_area_construida":null}}},{"type":"Feature","geometry":{"type":"Polygon","coordinates":[[[-45.028468,-23.534843],[-45.028471,-23.534849],[-45.028471,-23.534893],[-45.028468,-23.534886],[-45.028468,-23.534878],[-45.028468,-23.534843]]]},"properties":{"sqlu":"SP-005-822528","inscription":"SP-GEOSAMPA-6822528","inscricaoImobiliaria":"SP-IMO-6822528","setor":"005","quadra":"046","lote":"0146","sourceType":"OFFICIAL_IMPORT","mainAddress":"Setor Fiscal 005","zoneamento":"RESIDENCIAL","statusCadastral":"ATIVO","workflowStatus":"PENDENTE","isOfficial":true,"rawProperties":{"cd_identificador":6822528,"cd_identificador_original_lote":8892154,"cd_setor_fiscal":"005","cd_tipo_quadra":"F","tx_tipo_quadra":"FISCAL","cd_quadra_fiscal":"046","cd_subquadra_fiscal":null,"cd_condominio":"00","cd_tipo_lote":"F","tx_tipo_lote":"FISCAL","cd_lote":"0146","cd_situacao":1,"cd_digito_sql":"6","cd_logradouro":"204242","nm_logradouro_completo":"R ANITA FERRAZ","cd_numero_porta":"0","tx_complemento_endereco":null,"tx_situ_lote":"ATIVO","cd_tipo_uso_imovel":"00","dc_tipo_uso_imovel":"Terreno","cd_tipo_terreno_imovel":4,"qt_area_terreno":90,"qt_area_construida":0}}},{"type":"Feature","geometry":{"type":"Polygon","coordinates":[[[-45.028521,-23.539343],[-45.028524,-23.539355],[-45.028525,-23.539359],[-45.028525,-23.539359],[-45.028525,-23.539363],[-45.028525,-23.539441],[-45.028526,-23.539444],[-45.028526,-23.539445],[-45.028527,-23.53945],[-45.028528,-23.539453],[-45.028529,-23.539458],[-45.028531,-23.539465],[-45.02853,-23.539665],[-45.028529,-23.539659],[-45.028529,-23.539659],[-45.028528,-23.539654],[-45.028527,-23.539651],[-45.028526,-23.539647],[-45.028525,-23.539641],[-45.028523,-23.539498],[-45.028523,-23.539471],[-45.028522,-23.539428],[-45.028521,-23.539343]]]},"properties":{"sqlu":"SP-005-822572","inscription":"SP-GEOSAMPA-6822572","inscricaoImobiliaria":"SP-IMO-6822572","setor":"005","quadra":"069","lote":"0000","sourceType":"OFFICIAL_IMPORT","mainAddress":"Setor Fiscal 005","zoneamento":"RESIDENCIAL","statusCadastral":"ATIVO","workflowStatus":"PENDENTE","isOfficial":true,"rawProperties":{"cd_identificador":6822572,"cd_identificador_original_lote":8891420,"cd_setor_fiscal":"005","cd_tipo_quadra":"F","tx_tipo_quadra":"FISCAL","cd_quadra_fiscal":"069","cd_subquadra_fiscal":null,"cd_condominio":"06","cd_tipo_lote":"F","tx_tipo_lote":"FISCAL","cd_lote":"0000","cd_situacao":1,"cd_digito_sql":null,"cd_logradouro":"077330","nm_logradouro_completo":"R GALVAO BUENO","cd_numero_porta":"401 409 415","tx_complemento_endereco":null,"tx_situ_lote":null,"cd_tipo_uso_imovel":"XX","dc_tipo_uso_imovel":"Condomínio","cd_tipo_terreno_imovel":99,"qt_area_terreno":1091,"qt_area_construida":null}}},{"type":"Feature","geometry":{"type":"Polygon","coordinates":[[[-45.028521,-23.539343],[-45.028521,-23.539302],[-45.028523,-23.539299],[-45.028524,-23.539355],[-45.028521,-23.539343]]]},"properties":{"sqlu":"SP-005-822573","inscription":"SP-GEOSAMPA-6822573","inscricaoImobiliaria":"SP-IMO-6822573","setor":"005","quadra":"069","lote":"0076","sourceType":"OFFICIAL_IMPORT","mainAddress":"Setor Fiscal 005","zoneamento":"RESIDENCIAL","statusCadastral":"ATIVO","workflowStatus":"PENDENTE","isOfficial":true,"rawProperties":{"cd_identificador":6822573,"cd_identificador_original_lote":8891424,"cd_setor_fiscal":"005","cd_tipo_quadra":"F","tx_tipo_quadra":"FISCAL","cd_quadra_fiscal":"069","cd_subquadra_fiscal":null,"cd_condominio":"00","cd_tipo_lote":"F","tx_tipo_lote":"FISCAL","cd_lote":"0076","cd_situacao":1,"cd_digito_sql":"2","cd_logradouro":"077330","nm_logradouro_completo":"R GALVAO BUENO","cd_numero_porta":"385","tx_complemento_endereco":"CS 2","tx_situ_lote":"ATIVO","cd_tipo_uso_imovel":"10","dc_tipo_uso_imovel":"Residencial","cd_tipo_terreno_imovel":4,"qt_area_terreno":64,"qt_area_construida":42}}},{"type":"Feature","geometry":{"type":"Polygon","coordinates":[[[-45.028546,-23.531943],[-45.028546,-23.531941],[-45.028547,-23.531933],[-45.028548,-23.532057],[-45.028547,-23.532058],[-45.028546,-23.532063],[-45.028546,-23.531943]]]},"properties":{"sqlu":"SP-005-822520","inscription":"SP-GEOSAMPA-6822520","inscricaoImobiliaria":"SP-IMO-6822520","setor":"005","quadra":"025","lote":"0407","sourceType":"OFFICIAL_IMPORT","mainAddress":"Setor Fiscal 005","zoneamento":"RESIDENCIAL","statusCadastral":"ATIVO","workflowStatus":"PENDENTE","isOfficial":true,"rawProperties":{"cd_identificador":6822520,"cd_identificador_original_lote":10680189,"cd_setor_fiscal":"005","cd_tipo_quadra":"F","tx_tipo_quadra":"FISCAL","cd_quadra_fiscal":"025","cd_subquadra_fiscal":null,"cd_condominio":"00","cd_tipo_lote":"F","tx_tipo_lote":"FISCAL","cd_lote":"0407","cd_situacao":1,"cd_digito_sql":"2","cd_logradouro":"103764","nm_logradouro_completo":"PC DR JOAO MENDES","cd_numero_porta":"S/N","tx_complemento_endereco":null,"tx_situ_lote":"ATIVO","cd_tipo_uso_imovel":"00","dc_tipo_uso_imovel":"Terreno","cd_tipo_terreno_imovel":5,"qt_area_terreno":107,"qt_area_construida":0}}},{"type":"Feature","geometry":{"type":"Polygon","coordinates":[[[-45.028478,-23.53505],[-45.028473,-23.535066],[-45.028473,-23.535018],[-45.028478,-23.534989],[-45.028478,-23.53505]]]},"properties":{"sqlu":"SP-005-822485","inscription":"SP-GEOSAMPA-6822485","inscricaoImobiliaria":"SP-IMO-6822485","setor":"005","quadra":"046","lote":"0016","sourceType":"OFFICIAL_IMPORT","mainAddress":"Setor Fiscal 005","zoneamento":"RESIDENCIAL","statusCadastral":"ATIVO","workflowStatus":"PENDENTE","isOfficial":true,"rawProperties":{"cd_identificador":6822485,"cd_identificador_original_lote":8892139,"cd_setor_fiscal":"005","cd_tipo_quadra":"F","tx_tipo_quadra":"FISCAL","cd_quadra_fiscal":"046","cd_subquadra_fiscal":null,"cd_condominio":"00","cd_tipo_lote":"F","tx_tipo_lote":"FISCAL","cd_lote":"0016","cd_situacao":1,"cd_digito_sql":"8","cd_logradouro":"190500","nm_logradouro_completo":"R DR TOMAS DE LIMA","cd_numero_porta":"S/N","tx_complemento_endereco":"105","tx_situ_lote":"ATIVO","cd_tipo_uso_imovel":"00","dc_tipo_uso_imovel":"Terreno","cd_tipo_terreno_imovel":1,"qt_area_terreno":190,"qt_area_construida":0}}},{"type":"Feature","geometry":{"type":"Polygon","coordinates":[[[-45.028496,-23.534301],[-45.028496,-23.534299],[-45.028497,-23.534298],[-45.028497,-23.534331],[-45.028498,-23.534335],[-45.028498,-23.534388],[-45.028498,-23.534446],[-45.028497,-23.534441],[-45.028496,-23.534365],[-45.028496,-23.534344],[-45.028496,-23.534344],[-45.028496,-23.534301]]]},"properties":{"sqlu":"SP-005-822680","inscription":"SP-GEOSAMPA-6822680","inscricaoImobiliaria":"SP-IMO-6822680","setor":"005","quadra":"044","lote":"0006","sourceType":"OFFICIAL_IMPORT","mainAddress":"Setor Fiscal 005","zoneamento":"RESIDENCIAL","statusCadastral":"ATIVO","workflowStatus":"PENDENTE","isOfficial":true,"rawProperties":{"cd_identificador":6822680,"cd_identificador_original_lote":8891122,"cd_setor_fiscal":"005","cd_tipo_quadra":"F","tx_tipo_quadra":"FISCAL","cd_quadra_fiscal":"044","cd_subquadra_fiscal":null,"cd_condominio":"00","cd_tipo_lote":"F","tx_tipo_lote":"FISCAL","cd_lote":"0006","cd_situacao":1,"cd_digito_sql":"1","cd_logradouro":"076643","nm_logradouro_completo":"R CONS FURTADO","cd_numero_porta":"135","tx_complemento_endereco":"135A E 135B","tx_situ_lote":"ATIVO","cd_tipo_uso_imovel":"42","dc_tipo_uso_imovel":"Não residencial","cd_tipo_terreno_imovel":1,"qt_area_terreno":144,"qt_area_construida":476}}},{"type":"Feature","geometry":{"type":"Polygon","coordinates":[[[-45.028496,-23.534301],[-45.028496,-23.534344],[-45.028496,-23.534344],[-45.028496,-23.534365],[-45.028493,-23.534413],[-45.028492,-23.534437],[-45.028491,-23.53444],[-45.028492,-23.534504],[-45.028492,-23.53457],[-45.028488,-23.534559],[-45.028488,-23.534518],[-45.028484,-23.53451],[-45.028482,-23.534507],[-45.028481,-23.534504],[-45.02848,-23.534504],[-45.02848,-23.534084],[-45.02848,-23.534074],[-45.028483,-23.534039],[-45.028483,-23.534048],[-45.028492,-23.533916],[-45.028494,-23.533899],[-45.028495,-23.53411],[-45.028495,-23.534143],[-45.028496,-23.534258],[-45.028496,-23.534301]]]},"properties":{"sqlu":"SP-005-822681","inscription":"SP-GEOSAMPA-6822681","inscricaoImobiliaria":"SP-IMO-6822681","setor":"005","quadra":"044","lote":"0122","sourceType":"OFFICIAL_IMPORT","mainAddress":"Setor Fiscal 005","zoneamento":"RESIDENCIAL","statusCadastral":"ATIVO","workflowStatus":"PENDENTE","isOfficial":true,"rawProperties":{"cd_identificador":6822681,"cd_identificador_original_lote":10680213,"cd_setor_fiscal":"005","cd_tipo_quadra":"F","tx_tipo_quadra":"FISCAL","cd_quadra_fiscal":"044","cd_subquadra_fiscal":null,"cd_condominio":"00","cd_tipo_lote":"F","tx_tipo_lote":"FISCAL","cd_lote":"0122","cd_situacao":1,"cd_digito_sql":"1","cd_logradouro":"178640","nm_logradouro_completo":"R CD DE SARZEDAS","cd_numero_porta":"100","tx_complemento_endereco":null,"tx_situ_lote":"ATIVO","cd_tipo_uso_imovel":"31","dc_tipo_uso_imovel":"Não residencial","cd_tipo_terreno_imovel":2,"qt_area_terreno":4847,"qt_area_construida":42901}}},{"type":"Feature","geometry":{"type":"Polygon","coordinates":[[[-45.028523,-23.539108],[-45.028524,-23.539095],[-45.028524,-23.539159],[-45.028524,-23.539155],[-45.028523,-23.539108]]]},"properties":{"sqlu":"SP-005-822729","inscription":"SP-GEOSAMPA-6822729","inscricaoImobiliaria":"SP-IMO-6822729","setor":"005","quadra":"069","lote":"0083","sourceType":"OFFICIAL_IMPORT","mainAddress":"Setor Fiscal 005","zoneamento":"RESIDENCIAL","statusCadastral":"ATIVO","workflowStatus":"PENDENTE","isOfficial":true,"rawProperties":{"cd_identificador":6822729,"cd_identificador_original_lote":8891450,"cd_setor_fiscal":"005","cd_tipo_quadra":"F","tx_tipo_quadra":"FISCAL","cd_quadra_fiscal":"069","cd_subquadra_fiscal":null,"cd_condominio":"00","cd_tipo_lote":"F","tx_tipo_lote":"FISCAL","cd_lote":"0083","cd_situacao":1,"cd_digito_sql":"5","cd_logradouro":"077330","nm_logradouro_completo":"R GALVAO BUENO","cd_numero_porta":"385","tx_complemento_endereco":"CS 9","tx_situ_lote":"ATIVO","cd_tipo_uso_imovel":"10","dc_tipo_uso_imovel":"Residencial","cd_tipo_terreno_imovel":4,"qt_area_terreno":48,"qt_area_construida":48}}},{"type":"Feature","geometry":{"type":"Polygon","coordinates":[[[-45.028474,-23.534178],[-45.028475,-23.534161],[-45.028475,-23.534279],[-45.028475,-23.534358],[-45.028475,-23.534366],[-45.028475,-23.534387],[-45.028475,-23.534447],[-45.028475,-23.534459],[-45.028475,-23.53451],[-45.028475,-23.53461],[-45.028473,-23.534625],[-45.028473,-23.53461],[-45.028473,-23.534457],[-45.028474,-23.534178]]]},"properties":{"sqlu":"SP-005-822733","inscription":"SP-GEOSAMPA-6822733","inscricaoImobiliaria":"SP-IMO-6822733","setor":"005","quadra":"046","lote":"0166","sourceType":"OFFICIAL_IMPORT","mainAddress":"Setor Fiscal 005","zoneamento":"RESIDENCIAL","statusCadastral":"ATIVO","workflowStatus":"PENDENTE","isOfficial":true,"rawProperties":{"cd_identificador":6822733,"cd_identificador_original_lote":8892148,"cd_setor_fiscal":"005","cd_tipo_quadra":"F","tx_tipo_quadra":"FISCAL","cd_quadra_fiscal":"046","cd_subquadra_fiscal":null,"cd_condominio":"00","cd_tipo_lote":"F","tx_tipo_lote":"FISCAL","cd_lote":"0166","cd_situacao":1,"cd_digito_sql":"0","cd_logradouro":"178640","nm_logradouro_completo":"R CD DE SARZEDAS","cd_numero_porta":"150","tx_complemento_endereco":null,"tx_situ_lote":"ATIVO","cd_tipo_uso_imovel":"62","dc_tipo_uso_imovel":"Não residencial","cd_tipo_terreno_imovel":1,"qt_area_terreno":400,"qt_area_construida":171}}},{"type":"Feature","geometry":{"type":"Polygon","coordinates":[[[-45.028523,-23.540126],[-45.028524,-23.540048],[-45.028525,-23.540051],[-45.028525,-23.540051],[-45.028528,-23.540064],[-45.02853,-23.540069],[-45.02853,-23.540155],[-45.028528,-23.540149],[-45.028527,-23.540145],[-45.028526,-23.540138],[-45.028525,-23.540135],[-45.028525,-23.540134],[-45.028524,-23.540128],[-45.028523,-23.540126]]]},"properties":{"sqlu":"SP-005-822734","inscription":"SP-GEOSAMPA-6822734","inscricaoImobiliaria":"SP-IMO-6822734","setor":"005","quadra":"069","lote":"0061","sourceType":"OFFICIAL_IMPORT","mainAddress":"Setor Fiscal 005","zoneamento":"RESIDENCIAL","statusCadastral":"ATIVO","workflowStatus":"PENDENTE","isOfficial":true,"rawProperties":{"cd_identificador":6822734,"cd_identificador_original_lote":8891469,"cd_setor_fiscal":"005","cd_tipo_quadra":"F","tx_tipo_quadra":"FISCAL","cd_quadra_fiscal":"069","cd_subquadra_fiscal":null,"cd_condominio":"00","cd_tipo_lote":"F","tx_tipo_lote":"FISCAL","cd_lote":"0061","cd_situacao":1,"cd_digito_sql":"4","cd_logradouro":"077330","nm_logradouro_completo":"R GALVAO BUENO","cd_numero_porta":"475","tx_complemento_endereco":null,"tx_situ_lote":"ATIVO","cd_tipo_uso_imovel":"40","dc_tipo_uso_imovel":"Não residencial","cd_tipo_terreno_imovel":1,"qt_area_terreno":334,"qt_area_construida":903}}},{"type":"Feature","geometry":{"type":"Polygon","coordinates":[[[-45.028597,-23.531173],[-45.028597,-23.53117],[-45.028597,-23.531117],[-45.028599,-23.53115],[-45.028598,-23.531206],[-45.028597,-23.531173]]]},"properties":{"sqlu":"SP-005-822454","inscription":"SP-GEOSAMPA-6822454","inscricaoImobiliaria":"SP-IMO-6822454","setor":"005","quadra":"016","lote":"0020","sourceType":"OFFICIAL_IMPORT","mainAddress":"Setor Fiscal 005","zoneamento":"RESIDENCIAL","statusCadastral":"ATIVO","workflowStatus":"PENDENTE","isOfficial":true,"rawProperties":{"cd_identificador":6822454,"cd_identificador_original_lote":8890992,"cd_setor_fiscal":"005","cd_tipo_quadra":"F","tx_tipo_quadra":"FISCAL","cd_quadra_fiscal":"016","cd_subquadra_fiscal":null,"cd_condominio":"00","cd_tipo_lote":"F","tx_tipo_lote":"FISCAL","cd_lote":"0020","cd_situacao":1,"cd_digito_sql":"5","cd_logradouro":"146757","nm_logradouro_completo":"TV NOSCHESE","cd_numero_porta":"8","tx_complemento_endereco":null,"tx_situ_lote":"ATIVO","cd_tipo_uso_imovel":"10","dc_tipo_uso_imovel":"Residencial","cd_tipo_terreno_imovel":1,"qt_area_terreno":64,"qt_area_construida":60}}},{"type":"Feature","geometry":{"type":"Polygon","coordinates":[[[-45.028595,-23.531486],[-45.028596,-23.531362],[-45.028596,-23.531329],[-45.028597,-23.531341],[-45.028596,-23.531458],[-45.028596,-23.531455],[-45.028595,-23.531493],[-45.028595,-23.531486]]]},"properties":{"sqlu":"SP-005-822539","inscription":"SP-GEOSAMPA-6822539","inscricaoImobiliaria":"SP-IMO-6822539","setor":"005","quadra":"016","lote":"0016","sourceType":"OFFICIAL_IMPORT","mainAddress":"Setor Fiscal 005","zoneamento":"RESIDENCIAL","statusCadastral":"ATIVO","workflowStatus":"PENDENTE","isOfficial":true,"rawProperties":{"cd_identificador":6822539,"cd_identificador_original_lote":8890988,"cd_setor_fiscal":"005","cd_tipo_quadra":"F","tx_tipo_quadra":"FISCAL","cd_quadra_fiscal":"016","cd_subquadra_fiscal":null,"cd_condominio":"00","cd_tipo_lote":"F","tx_tipo_lote":"FISCAL","cd_lote":"0016","cd_situacao":1,"cd_digito_sql":"7","cd_logradouro":"146757","nm_logradouro_completo":"TV NOSCHESE","cd_numero_porta":"2","tx_complemento_endereco":"A","tx_situ_lote":"ATIVO","cd_tipo_uso_imovel":"10","dc_tipo_uso_imovel":"Residencial","cd_tipo_terreno_imovel":2,"qt_area_terreno":61,"qt_area_construida":120}}},{"type":"Feature","geometry":{"type":"Polygon","coordinates":[[[-45.028411,-23.532553],[-45.028412,-23.532557],[-45.028412,-23.532656],[-45.028412,-23.532755],[-45.028412,-23.532786],[-45.028411,-23.532822],[-45.028411,-23.532857],[-45.02841,-23.532831],[-45.02841,-23.532784],[-45.02841,-23.532715],[-45.02841,-23.5327],[-45.02841,-23.532642],[-45.028411,-23.532553]]]},"properties":{"sqlu":"SP-005-969181","inscription":"SP-GEOSAMPA-1969181","inscricaoImobiliaria":"SP-IMO-1969181","setor":"005","quadra":"076","lote":"0159","sourceType":"OFFICIAL_IMPORT","mainAddress":"Setor Fiscal 005","zoneamento":"RESIDENCIAL","statusCadastral":"ATIVO","workflowStatus":"PENDENTE","isOfficial":true,"rawProperties":{"cd_identificador":1969181,"cd_identificador_original_lote":8891764,"cd_setor_fiscal":"005","cd_tipo_quadra":"F","tx_tipo_quadra":"FISCAL","cd_quadra_fiscal":"076","cd_subquadra_fiscal":null,"cd_condominio":"00","cd_tipo_lote":"F","tx_tipo_lote":"FISCAL","cd_lote":"0159","cd_situacao":1,"cd_digito_sql":"9","cd_logradouro":"185566","nm_logradouro_completo":"R TABATINGUERA","cd_numero_porta":"492","tx_complemento_endereco":null,"tx_situ_lote":"ATIVO","cd_tipo_uso_imovel":"31","dc_tipo_uso_imovel":"Não residencial","cd_tipo_terreno_imovel":1,"qt_area_terreno":270,"qt_area_construida":676}}},{"type":"Feature","geometry":{"type":"Polygon","coordinates":[[[-45.028461,-23.534573],[-45.028461,-23.534574],[-45.028462,-23.534574],[-45.028463,-23.534575],[-45.028463,-23.534638],[-45.028462,-23.534637],[-45.028461,-23.534637],[-45.028461,-23.534636],[-45.028461,-23.534573]]]},"properties":{"sqlu":"SP-005-822570","inscription":"SP-GEOSAMPA-6822570","inscricaoImobiliaria":"SP-IMO-6822570","setor":"005","quadra":"046","lote":"0000","sourceType":"OFFICIAL_IMPORT","mainAddress":"Setor Fiscal 005","zoneamento":"RESIDENCIAL","statusCadastral":"ATIVO","workflowStatus":"PENDENTE","isOfficial":true,"rawProperties":{"cd_identificador":6822570,"cd_identificador_original_lote":10680110,"cd_setor_fiscal":"005","cd_tipo_quadra":"F","tx_tipo_quadra":"FISCAL","cd_quadra_fiscal":"046","cd_subquadra_fiscal":null,"cd_condominio":"09","cd_tipo_lote":"F","tx_tipo_lote":"FISCAL","cd_lote":"0000","cd_situacao":1,"cd_digito_sql":null,"cd_logradouro":"204242","nm_logradouro_completo":"R ANITA FERRAZ","cd_numero_porta":"35 37","tx_complemento_endereco":null,"tx_situ_lote":null,"cd_tipo_uso_imovel":"XX","dc_tipo_uso_imovel":"Condomínio","cd_tipo_terreno_imovel":99,"qt_area_terreno":79,"qt_area_construida":null}}},{"type":"Feature","geometry":{"type":"Polygon","coordinates":[[[-45.028465,-23.534758],[-45.028466,-23.534759],[-45.028467,-23.53476],[-45.028467,-23.534799],[-45.028467,-23.534825],[-45.028466,-23.534823],[-45.028465,-23.534821],[-45.028465,-23.534758]]]},"properties":{"sqlu":"SP-005-822668","inscription":"SP-GEOSAMPA-6822668","inscricaoImobiliaria":"SP-IMO-6822668","setor":"005","quadra":"046","lote":"0000","sourceType":"OFFICIAL_IMPORT","mainAddress":"Setor Fiscal 005","zoneamento":"RESIDENCIAL","statusCadastral":"ATIVO","workflowStatus":"PENDENTE","isOfficial":true,"rawProperties":{"cd_identificador":6822668,"cd_identificador_original_lote":10680107,"cd_setor_fiscal":"005","cd_tipo_quadra":"F","tx_tipo_quadra":"FISCAL","cd_quadra_fiscal":"046","cd_subquadra_fiscal":null,"cd_condominio":"04","cd_tipo_lote":"F","tx_tipo_lote":"FISCAL","cd_lote":"0000","cd_situacao":1,"cd_digito_sql":null,"cd_logradouro":"204242","nm_logradouro_completo":"R ANITA FERRAZ","cd_numero_porta":"56 58","tx_complemento_endereco":null,"tx_situ_lote":null,"cd_tipo_uso_imovel":"XX","dc_tipo_uso_imovel":"Condomínio","cd_tipo_terreno_imovel":99,"qt_area_terreno":85,"qt_area_construida":null}}},{"type":"Feature","geometry":{"type":"Polygon","coordinates":[[[-45.028487,-23.534698],[-45.028488,-23.5347],[-45.028488,-23.53472],[-45.028488,-23.534743],[-45.028488,-23.534757],[-45.028488,-23.534819],[-45.028488,-23.534898],[-45.028487,-23.534894],[-45.028487,-23.534823],[-45.028487,-23.5348],[-45.028487,-23.53474],[-45.028487,-23.534731],[-45.028487,-23.534698]]]},"properties":{"sqlu":"SP-005-822694","inscription":"SP-GEOSAMPA-6822694","inscricaoImobiliaria":"SP-IMO-6822694","setor":"005","quadra":"044","lote":"0017","sourceType":"OFFICIAL_IMPORT","mainAddress":"Setor Fiscal 005","zoneamento":"RESIDENCIAL","statusCadastral":"ATIVO","workflowStatus":"PENDENTE","isOfficial":true,"rawProperties":{"cd_identificador":6822694,"cd_identificador_original_lote":10680206,"cd_setor_fiscal":"005","cd_tipo_quadra":"F","tx_tipo_quadra":"FISCAL","cd_quadra_fiscal":"044","cd_subquadra_fiscal":null,"cd_condominio":"00","cd_tipo_lote":"F","tx_tipo_lote":"FISCAL","cd_lote":"0017","cd_situacao":1,"cd_digito_sql":"7","cd_logradouro":"123889","nm_logradouro_completo":"R STA LUZIA","cd_numero_porta":"61","tx_complemento_endereco":"63","tx_situ_lote":"ATIVO","cd_tipo_uso_imovel":"12","dc_tipo_uso_imovel":"Residencial","cd_tipo_terreno_imovel":1,"qt_area_terreno":330,"qt_area_construida":200}}},{"type":"Feature","geometry":{"type":"Polygon","coordinates":[[[-45.028592,-23.529299],[-45.028591,-23.529266],[-45.02859,-23.529215],[-45.028589,-23.529163],[-45.02859,-23.529141],[-45.028592,-23.528994],[-45.028593,-23.529006],[-45.028594,-23.529003],[-45.028595,-23.529207],[-45.028595,-23.529234],[-45.028593,-23.52924],[-45.028593,-23.52924],[-45.028592,-23.529245],[-45.028593,-23.529282],[-45.028592,-23.529299]]]},"properties":{"sqlu":"SP-005-822530","inscription":"SP-GEOSAMPA-6822530","inscricaoImobiliaria":"SP-IMO-6822530","setor":"005","quadra":"007","lote":"0000","sourceType":"OFFICIAL_IMPORT","mainAddress":"Setor Fiscal 005","zoneamento":"RESIDENCIAL","statusCadastral":"ATIVO","workflowStatus":"PENDENTE","isOfficial":true,"rawProperties":{"cd_identificador":6822530,"cd_identificador_original_lote":10644761,"cd_setor_fiscal":"005","cd_tipo_quadra":"F","tx_tipo_quadra":"FISCAL","cd_quadra_fiscal":"007","cd_subquadra_fiscal":null,"cd_condominio":"02","cd_tipo_lote":"F","tx_tipo_lote":"FISCAL","cd_lote":"0000","cd_situacao":1,"cd_digito_sql":null,"cd_logradouro":"027952","nm_logradouro_completo":"PC DA BANDEIRA","cd_numero_porta":"15","tx_complemento_endereco":null,"tx_situ_lote":null,"cd_tipo_uso_imovel":"XX","dc_tipo_uso_imovel":"Condomínio","cd_tipo_terreno_imovel":99,"qt_area_terreno":747,"qt_area_construida":null}}},{"type":"Feature","geometry":{"type":"Polygon","coordinates":[[[-45.028465,-23.534296],[-45.028466,-23.53428],[-45.028466,-23.534406],[-45.028465,-23.534409],[-45.028465,-23.534376],[-45.028465,-23.534296]]]},"properties":{"sqlu":"SP-005-822532","inscription":"SP-GEOSAMPA-6822532","inscricaoImobiliaria":"SP-IMO-6822532","setor":"005","quadra":"046","lote":"0161","sourceType":"OFFICIAL_IMPORT","mainAddress":"Setor Fiscal 005","zoneamento":"RESIDENCIAL","statusCadastral":"ATIVO","workflowStatus":"PENDENTE","isOfficial":true,"rawProperties":{"cd_identificador":6822532,"cd_identificador_original_lote":8892121,"cd_setor_fiscal":"005","cd_tipo_quadra":"F","tx_tipo_quadra":"FISCAL","cd_quadra_fiscal":"046","cd_subquadra_fiscal":null,"cd_condominio":"00","cd_tipo_lote":"F","tx_tipo_lote":"FISCAL","cd_lote":"0161","cd_situacao":1,"cd_digito_sql":"1","cd_logradouro":"178640","nm_logradouro_completo":"R CD DE SARZEDAS","cd_numero_porta":"202","tx_complemento_endereco":"E 204","tx_situ_lote":"ATIVO","cd_tipo_uso_imovel":"43","dc_tipo_uso_imovel":"Não residencial","cd_tipo_terreno_imovel":3,"qt_area_terreno":98,"qt_area_construida":150}}},{"type":"Feature","geometry":{"type":"Polygon","coordinates":[[[-45.028465,-23.534296],[-45.028465,-23.534376],[-45.028465,-23.534409],[-45.028464,-23.534411],[-45.028464,-23.5344],[-45.028464,-23.5344],[-45.028464,-23.534312],[-45.028465,-23.534296]]]},"properties":{"sqlu":"SP-005-822533","inscription":"SP-GEOSAMPA-6822533","inscricaoImobiliaria":"SP-IMO-6822533","setor":"005","quadra":"046","lote":"0160","sourceType":"OFFICIAL_IMPORT","mainAddress":"Setor Fiscal 005","zoneamento":"RESIDENCIAL","statusCadastral":"ATIVO","workflowStatus":"PENDENTE","isOfficial":true,"rawProperties":{"cd_identificador":6822533,"cd_identificador_original_lote":8892122,"cd_setor_fiscal":"005","cd_tipo_quadra":"F","tx_tipo_quadra":"FISCAL","cd_quadra_fiscal":"046","cd_subquadra_fiscal":null,"cd_condominio":"00","cd_tipo_lote":"F","tx_tipo_lote":"FISCAL","cd_lote":"0160","cd_situacao":1,"cd_digito_sql":"1","cd_logradouro":"178640","nm_logradouro_completo":"R CD DE SARZEDAS","cd_numero_porta":"208","tx_complemento_endereco":"210 E 212","tx_situ_lote":"ATIVO","cd_tipo_uso_imovel":"91","dc_tipo_uso_imovel":null,"cd_tipo_terreno_imovel":1,"qt_area_terreno":96,"qt_area_construida":152}}},{"type":"Feature","geometry":{"type":"Polygon","coordinates":[[[-45.028486,-23.539959],[-45.028486,-23.539961],[-45.028486,-23.540009],[-45.028486,-23.540062],[-45.028486,-23.540219],[-45.028486,-23.540298],[-45.028486,-23.540305],[-45.028485,-23.540297],[-45.028485,-23.540104],[-45.028485,-23.540085],[-45.028485,-23.539956],[-45.028486,-23.539959]]]},"properties":{"sqlu":"SP-005-822536","inscription":"SP-GEOSAMPA-6822536","inscricaoImobiliaria":"SP-IMO-6822536","setor":"005","quadra":"071","lote":"0003","sourceType":"OFFICIAL_IMPORT","mainAddress":"Setor Fiscal 005","zoneamento":"RESIDENCIAL","statusCadastral":"ATIVO","workflowStatus":"PENDENTE","isOfficial":true,"rawProperties":{"cd_identificador":6822536,"cd_identificador_original_lote":8891186,"cd_setor_fiscal":"005","cd_tipo_quadra":"F","tx_tipo_quadra":"FISCAL","cd_quadra_fiscal":"071","cd_subquadra_fiscal":null,"cd_condominio":"00","cd_tipo_lote":"F","tx_tipo_lote":"FISCAL","cd_lote":"0003","cd_situacao":1,"cd_digito_sql":"4","cd_logradouro":"080292","nm_logradouro_completo":"R DA GLORIA","cd_numero_porta":"869","tx_complemento_endereco":"871","tx_situ_lote":"ATIVO","cd_tipo_uso_imovel":"42","dc_tipo_uso_imovel":"Não residencial","cd_tipo_terreno_imovel":1,"qt_area_terreno":192,"qt_area_construida":460}}},{"type":"Feature","geometry":{"type":"Polygon","coordinates":[[[-45.028503,-23.53446],[-45.028506,-23.534468],[-45.028508,-23.534477],[-45.028509,-23.534481],[-45.02851,-23.534486],[-45.028511,-23.534491],[-45.02851,-23.534531],[-45.02851,-23.534529],[-45.02851,-23.534545],[-45.02851,-23.534544],[-45.028509,-23.534542],[-45.028508,-23.534537],[-45.028502,-23.534514],[-45.028503,-23.53446]]]},"properties":{"sqlu":"SP-005-822696","inscription":"SP-GEOSAMPA-6822696","inscricaoImobiliaria":"SP-IMO-6822696","setor":"005","quadra":"040","lote":"0025","sourceType":"OFFICIAL_IMPORT","mainAddress":"Setor Fiscal 005","zoneamento":"RESIDENCIAL","statusCadastral":"ATIVO","workflowStatus":"PENDENTE","isOfficial":true,"rawProperties":{"cd_identificador":6822696,"cd_identificador_original_lote":10680184,"cd_setor_fiscal":"005","cd_tipo_quadra":"F","tx_tipo_quadra":"FISCAL","cd_quadra_fiscal":"040","cd_subquadra_fiscal":null,"cd_condominio":"00","cd_tipo_lote":"F","tx_tipo_lote":"FISCAL","cd_lote":"0025","cd_situacao":1,"cd_digito_sql":"1","cd_logradouro":"076643","nm_logradouro_completo":"R CONS FURTADO","cd_numero_porta":"150","tx_complemento_endereco":null,"tx_situ_lote":"ATIVO","cd_tipo_uso_imovel":"00","dc_tipo_uso_imovel":"Terreno","cd_tipo_terreno_imovel":1,"qt_area_terreno":275,"qt_area_construida":0}}},{"type":"Feature","geometry":{"type":"Polygon","coordinates":[[[-45.028606,-23.532049],[-45.028605,-23.532072],[-45.028602,-23.53182],[-45.028601,-23.53167],[-45.028601,-23.531659],[-45.028602,-23.531645],[-45.028603,-23.531796],[-45.028603,-23.53182],[-45.028604,-23.531875],[-45.028604,-23.531903],[-45.028605,-23.531939],[-45.028605,-23.531973],[-45.028606,-23.532049]]]},"properties":{"sqlu":"SP-005-969182","inscription":"SP-GEOSAMPA-1969182","inscricaoImobiliaria":"SP-IMO-1969182","setor":"005","quadra":"017","lote":"0000","sourceType":"OFFICIAL_IMPORT","mainAddress":"Setor Fiscal 005","zoneamento":"RESIDENCIAL","statusCadastral":"ATIVO","workflowStatus":"PENDENTE","isOfficial":true,"rawProperties":{"cd_identificador":1969182,"cd_identificador_original_lote":8891973,"cd_setor_fiscal":"005","cd_tipo_quadra":"F","tx_tipo_quadra":"FISCAL","cd_quadra_fiscal":"017","cd_subquadra_fiscal":null,"cd_condominio":"11","cd_tipo_lote":"F","tx_tipo_lote":"FISCAL","cd_lote":"0000","cd_situacao":1,"cd_digito_sql":null,"cd_logradouro":"133175","nm_logradouro_completo":"R MARIA PAULA","cd_numero_porta":"166 168","tx_complemento_endereco":null,"tx_situ_lote":null,"cd_tipo_uso_imovel":"XX","dc_tipo_uso_imovel":"Condomínio","cd_tipo_terreno_imovel":99,"qt_area_terreno":300,"qt_area_construida":null}}},{"type":"Feature","geometry":{"type":"Polygon","coordinates":[[[-45.028483,-23.540013],[-45.028485,-23.540022],[-45.028484,-23.540041],[-45.028484,-23.540114],[-45.028484,-23.54029],[-45.028483,-23.540284],[-45.028482,-23.540278],[-45.028483,-23.540175],[-45.028483,-23.540104],[-45.028483,-23.540013]]]},"properties":{"sqlu":"SP-005-822565","inscription":"SP-GEOSAMPA-6822565","inscricaoImobiliaria":"SP-IMO-6822565","setor":"005","quadra":"071","lote":"0077","sourceType":"OFFICIAL_IMPORT","mainAddress":"Setor Fiscal 005","zoneamento":"RESIDENCIAL","statusCadastral":"ATIVO","workflowStatus":"PENDENTE","isOfficial":true,"rawProperties":{"cd_identificador":6822565,"cd_identificador_original_lote":10680210,"cd_setor_fiscal":"005","cd_tipo_quadra":"F","tx_tipo_quadra":"FISCAL","cd_quadra_fiscal":"071","cd_subquadra_fiscal":null,"cd_condominio":"00","cd_tipo_lote":"F","tx_tipo_lote":"FISCAL","cd_lote":"0077","cd_situacao":1,"cd_digito_sql":"8","cd_logradouro":"080292","nm_logradouro_completo":"R DA GLORIA","cd_numero_porta":"879","tx_complemento_endereco":"887","tx_situ_lote":"ATIVO","cd_tipo_uso_imovel":"00","dc_tipo_uso_imovel":"Terreno","cd_tipo_terreno_imovel":1,"qt_area_terreno":144,"qt_area_construida":0}}},{"type":"Feature","geometry":{"type":"Polygon","coordinates":[[[-45.028461,-23.5347],[-45.028461,-23.5347],[-45.028462,-23.5347],[-45.028463,-23.534701],[-45.028463,-23.534757],[-45.028462,-23.534759],[-45.028461,-23.53476],[-45.028461,-23.534761],[-45.028461,-23.534747],[-45.028461,-23.534743],[-45.028461,-23.5347]]]},"properties":{"sqlu":"SP-005-822588","inscription":"SP-GEOSAMPA-6822588","inscricaoImobiliaria":"SP-IMO-6822588","setor":"005","quadra":"046","lote":"0000","sourceType":"OFFICIAL_IMPORT","mainAddress":"Setor Fiscal 005","zoneamento":"RESIDENCIAL","statusCadastral":"ATIVO","workflowStatus":"PENDENTE","isOfficial":true,"rawProperties":{"cd_identificador":6822588,"cd_identificador_original_lote":10680134,"cd_setor_fiscal":"005","cd_tipo_quadra":"F","tx_tipo_quadra":"FISCAL","cd_quadra_fiscal":"046","cd_subquadra_fiscal":null,"cd_condominio":"03","cd_tipo_lote":"F","tx_tipo_lote":"FISCAL","cd_lote":"0000","cd_situacao":1,"cd_digito_sql":null,"cd_logradouro":"204242","nm_logradouro_completo":"R ANITA FERRAZ","cd_numero_porta":"49 51","tx_complemento_endereco":null,"tx_situ_lote":null,"cd_tipo_uso_imovel":"XX","dc_tipo_uso_imovel":"Condomínio","cd_tipo_terreno_imovel":99,"qt_area_terreno":79,"qt_area_construida":null}}},{"type":"Feature","geometry":{"type":"Polygon","coordinates":[[[-45.028482,-23.540278],[-45.028481,-23.54027],[-45.028482,-23.540177],[-45.028482,-23.540076],[-45.028482,-23.540025],[-45.028482,-23.539936],[-45.028483,-23.539944],[-45.028483,-23.540013],[-45.028483,-23.540104],[-45.028483,-23.540175],[-45.028482,-23.540278]]]},"properties":{"sqlu":"SP-005-822450","inscription":"SP-GEOSAMPA-6822450","inscricaoImobiliaria":"SP-IMO-6822450","setor":"005","quadra":"071","lote":"0006","sourceType":"OFFICIAL_IMPORT","mainAddress":"Setor Fiscal 005","zoneamento":"RESIDENCIAL","statusCadastral":"ATIVO","workflowStatus":"PENDENTE","isOfficial":true,"rawProperties":{"cd_identificador":6822450,"cd_identificador_original_lote":8891183,"cd_setor_fiscal":"005","cd_tipo_quadra":"F","tx_tipo_quadra":"FISCAL","cd_quadra_fiscal":"071","cd_subquadra_fiscal":null,"cd_condominio":"00","cd_tipo_lote":"F","tx_tipo_lote":"FISCAL","cd_lote":"0006","cd_situacao":1,"cd_digito_sql":"9","cd_logradouro":"080292","nm_logradouro_completo":"R DA GLORIA","cd_numero_porta":"891","tx_complemento_endereco":"E 893","tx_situ_lote":"ATIVO","cd_tipo_uso_imovel":"43","dc_tipo_uso_imovel":"Não residencial","cd_tipo_terreno_imovel":1,"qt_area_terreno":255,"qt_area_construida":370}}},{"type":"Feature","geometry":{"type":"Polygon","coordinates":[[[-45.028517,-23.53996],[-45.028515,-23.540074],[-45.028515,-23.540053],[-45.028514,-23.54003],[-45.028515,-23.539975],[-45.028509,-23.539775],[-45.02851,-23.53968],[-45.028512,-23.53955],[-45.028513,-23.53961],[-45.028513,-23.539614],[-45.028514,-23.539709],[-45.028514,-23.539716],[-45.028515,-23.539776],[-45.028516,-23.53984],[-45.028517,-23.53996]]]},"properties":{"sqlu":"SP-005-822452","inscription":"SP-GEOSAMPA-6822452","inscricaoImobiliaria":"SP-IMO-6822452","setor":"005","quadra":"069","lote":"0124","sourceType":"OFFICIAL_IMPORT","mainAddress":"Setor Fiscal 005","zoneamento":"RESIDENCIAL","statusCadastral":"ATIVO","workflowStatus":"PENDENTE","isOfficial":true,"rawProperties":{"cd_identificador":6822452,"cd_identificador_original_lote":8891433,"cd_setor_fiscal":"005","cd_tipo_quadra":"F","tx_tipo_quadra":"FISCAL","cd_quadra_fiscal":"069","cd_subquadra_fiscal":null,"cd_condominio":"00","cd_tipo_lote":"F","tx_tipo_lote":"FISCAL","cd_lote":"0124","cd_situacao":1,"cd_digito_sql":"6","cd_logradouro":"080292","nm_logradouro_completo":"R DA GLORIA","cd_numero_porta":"676","tx_complemento_endereco":null,"tx_situ_lote":"ATIVO","cd_tipo_uso_imovel":"81","dc_tipo_uso_imovel":"Não residencial","cd_tipo_terreno_imovel":1,"qt_area_terreno":1433,"qt_area_construida":9739}}},{"type":"Feature","geometry":{"type":"Polygon","coordinates":[[[-45.028597,-23.531173],[-45.028598,-23.531206],[-45.028598,-23.53126],[-45.028596,-23.531227],[-45.028596,-23.531211],[-45.028597,-23.531173]]]},"properties":{"sqlu":"SP-005-822453","inscription":"SP-GEOSAMPA-6822453","inscricaoImobiliaria":"SP-IMO-6822453","setor":"005","quadra":"016","lote":"0019","sourceType":"OFFICIAL_IMPORT","mainAddress":"Setor Fiscal 005","zoneamento":"RESIDENCIAL","statusCadastral":"ATIVO","workflowStatus":"PENDENTE","isOfficial":true,"rawProperties":{"cd_identificador":6822453,"cd_identificador_original_lote":8890991,"cd_setor_fiscal":"005","cd_tipo_quadra":"F","tx_tipo_quadra":"FISCAL","cd_quadra_fiscal":"016","cd_subquadra_fiscal":null,"cd_condominio":"00","cd_tipo_lote":"F","tx_tipo_lote":"FISCAL","cd_lote":"0019","cd_situacao":1,"cd_digito_sql":"1","cd_logradouro":"146757","nm_logradouro_completo":"TV NOSCHESE","cd_numero_porta":"6","tx_complemento_endereco":null,"tx_situ_lote":"ATIVO","cd_tipo_uso_imovel":"10","dc_tipo_uso_imovel":"Residencial","cd_tipo_terreno_imovel":1,"qt_area_terreno":66,"qt_area_construida":60}}},{"type":"Feature","geometry":{"type":"Polygon","coordinates":[[[-45.028469,-23.534679],[-45.028469,-23.53464],[-45.028469,-23.534491],[-45.028469,-23.534248],[-45.028472,-23.534199],[-45.028472,-23.534366],[-45.028472,-23.534599],[-45.028472,-23.534607],[-45.028472,-23.534644],[-45.028472,-23.534646],[-45.028471,-23.53465],[-45.02847,-23.534658],[-45.028469,-23.53467],[-45.028469,-23.534679]]]},"properties":{"sqlu":"SP-005-822652","inscription":"SP-GEOSAMPA-6822652","inscricaoImobiliaria":"SP-IMO-6822652","setor":"005","quadra":"046","lote":"0164","sourceType":"OFFICIAL_IMPORT","mainAddress":"Setor Fiscal 005","zoneamento":"RESIDENCIAL","statusCadastral":"ATIVO","workflowStatus":"PENDENTE","isOfficial":true,"rawProperties":{"cd_identificador":6822652,"cd_identificador_original_lote":8892150,"cd_setor_fiscal":"005","cd_tipo_quadra":"F","tx_tipo_quadra":"FISCAL","cd_quadra_fiscal":"046","cd_subquadra_fiscal":null,"cd_condominio":"00","cd_tipo_lote":"F","tx_tipo_lote":"FISCAL","cd_lote":"0164","cd_situacao":1,"cd_digito_sql":"4","cd_logradouro":"178640","nm_logradouro_completo":"R CD DE SARZEDAS","cd_numero_porta":"168","tx_complemento_endereco":"170 E 184","tx_situ_lote":"ATIVO","cd_tipo_uso_imovel":"62","dc_tipo_uso_imovel":"Não residencial","cd_tipo_terreno_imovel":1,"qt_area_terreno":927,"qt_area_construida":289}}},{"type":"Feature","geometry":{"type":"Polygon","coordinates":[[[-45.028523,-23.539224],[-45.028523,-23.539186],[-45.028522,-23.539146],[-45.028522,-23.539103],[-45.028522,-23.539102],[-45.028523,-23.539102],[-45.028523,-23.53911],[-45.028523,-23.539108],[-45.028524,-23.539155],[-45.028524,-23.539218],[-45.028525,-23.539219],[-45.028525,-23.539278],[-45.028526,-23.539282],[-45.028531,-23.539306],[-45.028531,-23.539315],[-45.02853,-23.539312],[-45.028526,-23.539295],[-45.028525,-23.539287],[-45.028525,-23.539359],[-45.028524,-23.539355],[-45.028523,-23.539299],[-45.028523,-23.539263],[-45.028523,-23.539224]]]},"properties":{"sqlu":"SP-005-822653","inscription":"SP-GEOSAMPA-6822653","inscricaoImobiliaria":"SP-IMO-6822653","setor":"005","quadra":"069","lote":"0001","sourceType":"OFFICIAL_IMPORT","mainAddress":"Setor Fiscal 005","zoneamento":"RESIDENCIAL","statusCadastral":"ATIVO","workflowStatus":"PENDENTE","isOfficial":true,"rawProperties":{"cd_identificador":6822653,"cd_identificador_original_lote":10680159,"cd_setor_fiscal":"005","cd_tipo_quadra":"F","tx_tipo_quadra":"FISCAL","cd_quadra_fiscal":"069","cd_subquadra_fiscal":null,"cd_condominio":"00","cd_tipo_lote":"V","tx_tipo_lote":"Via de Acesso","cd_lote":"0001","cd_situacao":1,"cd_digito_sql":null,"cd_logradouro":null,"nm_logradouro_completo":null,"cd_numero_porta":null,"tx_complemento_endereco":null,"tx_situ_lote":null,"cd_tipo_uso_imovel":null,"dc_tipo_uso_imovel":null,"cd_tipo_terreno_imovel":null,"qt_area_terreno":null,"qt_area_construida":null}}},{"type":"Feature","geometry":{"type":"Polygon","coordinates":[[[-45.028552,-23.531567],[-45.028551,-23.531584],[-45.028551,-23.531532],[-45.02855,-23.531511],[-45.028549,-23.531308],[-45.02855,-23.531285],[-45.028551,-23.531388],[-45.028551,-23.531422],[-45.028551,-23.531494],[-45.028552,-23.531567]]]},"properties":{"sqlu":"SP-005-822655","inscription":"SP-GEOSAMPA-6822655","inscricaoImobiliaria":"SP-IMO-6822655","setor":"005","quadra":"025","lote":"0003","sourceType":"OFFICIAL_IMPORT","mainAddress":"Setor Fiscal 005","zoneamento":"RESIDENCIAL","statusCadastral":"ATIVO","workflowStatus":"PENDENTE","isOfficial":true,"rawProperties":{"cd_identificador":6822655,"cd_identificador_original_lote":8892029,"cd_setor_fiscal":"005","cd_tipo_quadra":"F","tx_tipo_quadra":"FISCAL","cd_quadra_fiscal":"025","cd_subquadra_fiscal":null,"cd_condominio":"00","cd_tipo_lote":"F","tx_tipo_lote":"FISCAL","cd_lote":"0003","cd_situacao":1,"cd_digito_sql":"4","cd_logradouro":"170259","nm_logradouro_completo":"R RIACHUELO","cd_numero_porta":"71","tx_complemento_endereco":"E 73","tx_situ_lote":"ATIVO","cd_tipo_uso_imovel":"31","dc_tipo_uso_imovel":"Não residencial","cd_tipo_terreno_imovel":1,"qt_area_terreno":195,"qt_area_construida":900}}},{"type":"Feature","geometry":{"type":"Polygon","coordinates":[[[-45.028465,-23.534573],[-45.028466,-23.534574],[-45.028466,-23.534574],[-45.028467,-23.534575],[-45.028467,-23.53461],[-45.028467,-23.534637],[-45.028466,-23.534637],[-45.028466,-23.534637],[-45.028465,-23.534636],[-45.028465,-23.534573]]]},"properties":{"sqlu":"SP-005-822611","inscription":"SP-GEOSAMPA-6822611","inscricaoImobiliaria":"SP-IMO-6822611","setor":"005","quadra":"046","lote":"0000","sourceType":"OFFICIAL_IMPORT","mainAddress":"Setor Fiscal 005","zoneamento":"RESIDENCIAL","statusCadastral":"ATIVO","workflowStatus":"PENDENTE","isOfficial":true,"rawProperties":{"cd_identificador":6822611,"cd_identificador_original_lote":10680104,"cd_setor_fiscal":"005","cd_tipo_quadra":"F","tx_tipo_quadra":"FISCAL","cd_quadra_fiscal":"046","cd_subquadra_fiscal":null,"cd_condominio":"06","cd_tipo_lote":"F","tx_tipo_lote":"FISCAL","cd_lote":"0000","cd_situacao":1,"cd_digito_sql":null,"cd_logradouro":"204242","nm_logradouro_completo":"R ANITA FERRAZ","cd_numero_porta":"36 38","tx_complemento_endereco":null,"tx_situ_lote":null,"cd_tipo_uso_imovel":"XX","dc_tipo_uso_imovel":"Condomínio","cd_tipo_terreno_imovel":99,"qt_area_terreno":85,"qt_area_construida":null}}},{"type":"Feature","geometry":{"type":"Polygon","coordinates":[[[-45.028596,-23.530469],[-45.028594,-23.530426],[-45.028595,-23.530199],[-45.028596,-23.530074],[-45.028596,-23.530069],[-45.028596,-23.530065],[-45.028596,-23.530063],[-45.028597,-23.530063],[-45.028597,-23.530064],[-45.028597,-23.530067],[-45.028598,-23.530116],[-45.028599,-23.530153],[-45.028596,-23.530469]]]},"properties":{"sqlu":"SP-005-822659","inscription":"SP-GEOSAMPA-6822659","inscricaoImobiliaria":"SP-IMO-6822659","setor":"005","quadra":"016","lote":"0034","sourceType":"OFFICIAL_IMPORT","mainAddress":"Setor Fiscal 005","zoneamento":"RESIDENCIAL","statusCadastral":"ATIVO","workflowStatus":"PENDENTE","isOfficial":true,"rawProperties":{"cd_identificador":6822659,"cd_identificador_original_lote":8890977,"cd_setor_fiscal":"005","cd_tipo_quadra":"F","tx_tipo_quadra":"FISCAL","cd_quadra_fiscal":"016","cd_subquadra_fiscal":null,"cd_condominio":"00","cd_tipo_lote":"F","tx_tipo_lote":"FISCAL","cd_lote":"0034","cd_situacao":1,"cd_digito_sql":"5","cd_logradouro":"027952","nm_logradouro_completo":"PC DA BANDEIRA","cd_numero_porta":"137","tx_complemento_endereco":null,"tx_situ_lote":"ATIVO","cd_tipo_uso_imovel":"74","dc_tipo_uso_imovel":"Não residencial","cd_tipo_terreno_imovel":2,"qt_area_terreno":749,"qt_area_construida":1905}}},{"type":"Feature","geometry":{"type":"Polygon","coordinates":[[[-45.028596,-23.530469],[-45.028599,-23.530153],[-45.028599,-23.530156],[-45.028599,-23.530165],[-45.028599,-23.530171],[-45.028599,-23.530177],[-45.0286,-23.530283],[-45.0286,-23.530407],[-45.0286,-23.530411],[-45.0286,-23.53042],[-45.028599,-23.530444],[-45.028599,-23.530467],[-45.028598,-23.530475],[-45.028597,-23.530478],[-45.028597,-23.530471],[-45.028596,-23.530469]]]},"properties":{"sqlu":"SP-005-822660","inscription":"SP-GEOSAMPA-6822660","inscricaoImobiliaria":"SP-IMO-6822660","setor":"005","quadra":"016","lote":"0200","sourceType":"OFFICIAL_IMPORT","mainAddress":"Setor Fiscal 005","zoneamento":"RESIDENCIAL","statusCadastral":"ATIVO","workflowStatus":"PENDENTE","isOfficial":true,"rawProperties":{"cd_identificador":6822660,"cd_identificador_original_lote":8890978,"cd_setor_fiscal":"005","cd_tipo_quadra":"F","tx_tipo_quadra":"FISCAL","cd_quadra_fiscal":"016","cd_subquadra_fiscal":null,"cd_condominio":"00","cd_tipo_lote":"F","tx_tipo_lote":"FISCAL","cd_lote":"0200","cd_situacao":1,"cd_digito_sql":"3","cd_logradouro":"027952","nm_logradouro_completo":"PC DA BANDEIRA","cd_numero_porta":"S/N","tx_complemento_endereco":"AO LADO N  137","tx_situ_lote":"ATIVO","cd_tipo_uso_imovel":"84","dc_tipo_uso_imovel":"Não residencial","cd_tipo_terreno_imovel":2,"qt_area_terreno":394,"qt_area_construida":381}}},{"type":"Feature","geometry":{"type":"Polygon","coordinates":[[[-45.028526,-23.539291],[-45.028526,-23.539295],[-45.02853,-23.539312],[-45.028531,-23.539315],[-45.028531,-23.539385],[-45.02853,-23.539382],[-45.028526,-23.539367],[-45.028525,-23.539363],[-45.028526,-23.539291]]]},"properties":{"sqlu":"SP-005-822556","inscription":"SP-GEOSAMPA-6822556","inscricaoImobiliaria":"SP-IMO-6822556","setor":"005","quadra":"069","lote":"0074","sourceType":"OFFICIAL_IMPORT","mainAddress":"Setor Fiscal 005","zoneamento":"RESIDENCIAL","statusCadastral":"ATIVO","workflowStatus":"PENDENTE","isOfficial":true,"rawProperties":{"cd_identificador":6822556,"cd_identificador_original_lote":8891422,"cd_setor_fiscal":"005","cd_tipo_quadra":"F","tx_tipo_quadra":"FISCAL","cd_quadra_fiscal":"069","cd_subquadra_fiscal":null,"cd_condominio":"00","cd_tipo_lote":"F","tx_tipo_lote":"FISCAL","cd_lote":"0074","cd_situacao":1,"cd_digito_sql":"6","cd_logradouro":"077330","nm_logradouro_completo":"R GALVAO BUENO","cd_numero_porta":"387","tx_complemento_endereco":null,"tx_situ_lote":"ATIVO","cd_tipo_uso_imovel":"31","dc_tipo_uso_imovel":"Não residencial","cd_tipo_terreno_imovel":1,"qt_area_terreno":244,"qt_area_construida":1047}}},{"type":"Feature","geometry":{"type":"Polygon","coordinates":[[[-45.028522,-23.539146],[-45.02852,-23.539147],[-45.02852,-23.539107],[-45.028521,-23.539105],[-45.028522,-23.539104],[-45.028522,-23.539103],[-45.028522,-23.539146]]]},"properties":{"sqlu":"SP-005-822708","inscription":"SP-GEOSAMPA-6822708","inscricaoImobiliaria":"SP-IMO-6822708","setor":"005","quadra":"069","lote":"0081","sourceType":"OFFICIAL_IMPORT","mainAddress":"Setor Fiscal 005","zoneamento":"RESIDENCIAL","statusCadastral":"ATIVO","workflowStatus":"PENDENTE","isOfficial":true,"rawProperties":{"cd_identificador":6822708,"cd_identificador_original_lote":8891428,"cd_setor_fiscal":"005","cd_tipo_quadra":"F","tx_tipo_quadra":"FISCAL","cd_quadra_fiscal":"069","cd_subquadra_fiscal":null,"cd_condominio":"00","cd_tipo_lote":"F","tx_tipo_lote":"FISCAL","cd_lote":"0081","cd_situacao":1,"cd_digito_sql":"9","cd_logradouro":"077330","nm_logradouro_completo":"R GALVAO BUENO","cd_numero_porta":"385","tx_complemento_endereco":"CS 7","tx_situ_lote":"ATIVO","cd_tipo_uso_imovel":"10","dc_tipo_uso_imovel":"Residencial","cd_tipo_terreno_imovel":4,"qt_area_terreno":64,"qt_area_construida":42}}},{"type":"Feature","geometry":{"type":"Polygon","coordinates":[[[-45.028522,-23.539146],[-45.028523,-23.539186],[-45.02852,-23.539185],[-45.02852,-23.539147],[-45.028522,-23.539146]]]},"properties":{"sqlu":"SP-005-822709","inscription":"SP-GEOSAMPA-6822709","inscricaoImobiliaria":"SP-IMO-6822709","setor":"005","quadra":"069","lote":"0080","sourceType":"OFFICIAL_IMPORT","mainAddress":"Setor Fiscal 005","zoneamento":"RESIDENCIAL","statusCadastral":"ATIVO","workflowStatus":"PENDENTE","isOfficial":true,"rawProperties":{"cd_identificador":6822709,"cd_identificador_original_lote":8891448,"cd_setor_fiscal":"005","cd_tipo_quadra":"F","tx_tipo_quadra":"FISCAL","cd_quadra_fiscal":"069","cd_subquadra_fiscal":null,"cd_condominio":"00","cd_tipo_lote":"F","tx_tipo_lote":"FISCAL","cd_lote":"0080","cd_situacao":1,"cd_digito_sql":"0","cd_logradouro":"077330","nm_logradouro_completo":"R GALVAO BUENO","cd_numero_porta":"385","tx_complemento_endereco":"CS 6","tx_situ_lote":"ATIVO","cd_tipo_uso_imovel":"10","dc_tipo_uso_imovel":"Residencial","cd_tipo_terreno_imovel":4,"qt_area_terreno":64,"qt_area_construida":42}}},{"type":"Feature","geometry":{"type":"Polygon","coordinates":[[[-45.028462,-23.534345],[-45.028462,-23.534437],[-45.028463,-23.534437],[-45.028463,-23.534449],[-45.028462,-23.53445],[-45.028461,-23.53445],[-45.028461,-23.53445],[-45.028461,-23.534438],[-45.028461,-23.534362],[-45.028462,-23.534345]]]},"properties":{"sqlu":"SP-005-822710","inscription":"SP-GEOSAMPA-6822710","inscricaoImobiliaria":"SP-IMO-6822710","setor":"005","quadra":"046","lote":"0132","sourceType":"OFFICIAL_IMPORT","mainAddress":"Setor Fiscal 005","zoneamento":"RESIDENCIAL","statusCadastral":"ATIVO","workflowStatus":"PENDENTE","isOfficial":true,"rawProperties":{"cd_identificador":6822710,"cd_identificador_original_lote":8891325,"cd_setor_fiscal":"005","cd_tipo_quadra":"F","tx_tipo_quadra":"FISCAL","cd_quadra_fiscal":"046","cd_subquadra_fiscal":null,"cd_condominio":"00","cd_tipo_lote":"F","tx_tipo_lote":"FISCAL","cd_lote":"0132","cd_situacao":1,"cd_digito_sql":"6","cd_logradouro":"178640","nm_logradouro_completo":"R CD DE SARZEDAS","cd_numero_porta":"230","tx_complemento_endereco":"232","tx_situ_lote":"ATIVO","cd_tipo_uso_imovel":"43","dc_tipo_uso_imovel":"Não residencial","cd_tipo_terreno_imovel":1,"qt_area_terreno":87,"qt_area_construida":150}}},{"type":"Feature","geometry":{"type":"Polygon","coordinates":[[[-45.028524,-23.539996],[-45.028523,-23.539866],[-45.028524,-23.539869],[-45.028529,-23.539884],[-45.028529,-23.539885],[-45.02853,-23.539888],[-45.02853,-23.540012],[-45.028529,-23.54001],[-45.028524,-23.539996],[-45.028524,-23.539996]]]},"properties":{"sqlu":"SP-005-822713","inscription":"SP-GEOSAMPA-6822713","inscricaoImobiliaria":"SP-IMO-6822713","setor":"005","quadra":"069","lote":"0409","sourceType":"OFFICIAL_IMPORT","mainAddress":"Setor Fiscal 005","zoneamento":"RESIDENCIAL","statusCadastral":"ATIVO","workflowStatus":"PENDENTE","isOfficial":true,"rawProperties":{"cd_identificador":6822713,"cd_identificador_original_lote":8891471,"cd_setor_fiscal":"005","cd_tipo_quadra":"F","tx_tipo_quadra":"FISCAL","cd_quadra_fiscal":"069","cd_subquadra_fiscal":null,"cd_condominio":"00","cd_tipo_lote":"F","tx_tipo_lote":"FISCAL","cd_lote":"0409","cd_situacao":1,"cd_digito_sql":"1","cd_logradouro":"077330","nm_logradouro_completo":"R GALVAO BUENO","cd_numero_porta":"451","tx_complemento_endereco":"453","tx_situ_lote":"ATIVO","cd_tipo_uso_imovel":"40","dc_tipo_uso_imovel":"Não residencial","cd_tipo_terreno_imovel":1,"qt_area_terreno":560,"qt_area_construida":1882}}},{"type":"Feature","geometry":{"type":"Polygon","coordinates":[[[-45.028597,-23.531341],[-45.028596,-23.531329],[-45.028596,-23.531281],[-45.028596,-23.531277],[-45.028598,-23.53131],[-45.028598,-23.531348],[-45.028597,-23.531354],[-45.028597,-23.531341]]]},"properties":{"sqlu":"SP-005-822716","inscription":"SP-GEOSAMPA-6822716","inscricaoImobiliaria":"SP-IMO-6822716","setor":"005","quadra":"016","lote":"0017","sourceType":"OFFICIAL_IMPORT","mainAddress":"Setor Fiscal 005","zoneamento":"RESIDENCIAL","statusCadastral":"ATIVO","workflowStatus":"PENDENTE","isOfficial":true,"rawProperties":{"cd_identificador":6822716,"cd_identificador_original_lote":8890989,"cd_setor_fiscal":"005","cd_tipo_quadra":"F","tx_tipo_quadra":"FISCAL","cd_quadra_fiscal":"016","cd_subquadra_fiscal":null,"cd_condominio":"00","cd_tipo_lote":"F","tx_tipo_lote":"FISCAL","cd_lote":"0017","cd_situacao":1,"cd_digito_sql":"5","cd_logradouro":"146757","nm_logradouro_completo":"TV NOSCHESE","cd_numero_porta":"2","tx_complemento_endereco":null,"tx_situ_lote":"ATIVO","cd_tipo_uso_imovel":"10","dc_tipo_uso_imovel":"Residencial","cd_tipo_terreno_imovel":2,"qt_area_terreno":57,"qt_area_construida":50}}},{"type":"Feature","geometry":{"type":"Polygon","coordinates":[[[-45.028525,-23.539219],[-45.028524,-23.539218],[-45.028524,-23.539155],[-45.028524,-23.539159],[-45.028525,-23.53916],[-45.028525,-23.539176],[-45.028525,-23.539219],[-45.028525,-23.539219]]]},"properties":{"sqlu":"SP-005-822497","inscription":"SP-GEOSAMPA-6822497","inscricaoImobiliaria":"SP-IMO-6822497","setor":"005","quadra":"069","lote":"0084","sourceType":"OFFICIAL_IMPORT","mainAddress":"Setor Fiscal 005","zoneamento":"RESIDENCIAL","statusCadastral":"ATIVO","workflowStatus":"PENDENTE","isOfficial":true,"rawProperties":{"cd_identificador":6822497,"cd_identificador_original_lote":8891449,"cd_setor_fiscal":"005","cd_tipo_quadra":"F","tx_tipo_quadra":"FISCAL","cd_quadra_fiscal":"069","cd_subquadra_fiscal":null,"cd_condominio":"00","cd_tipo_lote":"F","tx_tipo_lote":"FISCAL","cd_lote":"0084","cd_situacao":1,"cd_digito_sql":"3","cd_logradouro":"077330","nm_logradouro_completo":"R GALVAO BUENO","cd_numero_porta":"385","tx_complemento_endereco":"CS 10","tx_situ_lote":"ATIVO","cd_tipo_uso_imovel":"10","dc_tipo_uso_imovel":"Residencial","cd_tipo_terreno_imovel":4,"qt_area_terreno":48,"qt_area_construida":48}}},{"type":"Feature","geometry":{"type":"Polygon","coordinates":[[[-45.028541,-23.531876],[-45.028545,-23.531826],[-45.028545,-23.531815],[-45.028546,-23.531941],[-45.028546,-23.531943],[-45.028545,-23.531947],[-45.028542,-23.531971],[-45.028541,-23.531876]]]},"properties":{"sqlu":"SP-005-822600","inscription":"SP-GEOSAMPA-6822600","inscricaoImobiliaria":"SP-IMO-6822600","setor":"005","quadra":"025","lote":"0000","sourceType":"OFFICIAL_IMPORT","mainAddress":"Setor Fiscal 005","zoneamento":"RESIDENCIAL","statusCadastral":"ATIVO","workflowStatus":"PENDENTE","isOfficial":true,"rawProperties":{"cd_identificador":6822600,"cd_identificador_original_lote":10680191,"cd_setor_fiscal":"005","cd_tipo_quadra":"F","tx_tipo_quadra":"FISCAL","cd_quadra_fiscal":"025","cd_subquadra_fiscal":null,"cd_condominio":"01","cd_tipo_lote":"F","tx_tipo_lote":"FISCAL","cd_lote":"0000","cd_situacao":1,"cd_digito_sql":null,"cd_logradouro":"103764","nm_logradouro_completo":"PC DR JOAO MENDES","cd_numero_porta":"52 58","tx_complemento_endereco":null,"tx_situ_lote":null,"cd_tipo_uso_imovel":"XX","dc_tipo_uso_imovel":"Condomínio","cd_tipo_terreno_imovel":99,"qt_area_terreno":345,"qt_area_construida":null}}},{"type":"Feature","geometry":{"type":"Polygon","coordinates":[[[-45.028473,-23.534907],[-45.028471,-23.534893],[-45.028471,-23.534849],[-45.028468,-23.534843],[-45.028468,-23.534828],[-45.028468,-23.534829],[-45.028472,-23.534839],[-45.028473,-23.534847],[-45.028473,-23.534846],[-45.028473,-23.534908],[-45.028473,-23.534907]]]},"properties":{"sqlu":"SP-005-822603","inscription":"SP-GEOSAMPA-6822603","inscricaoImobiliaria":"SP-IMO-6822603","setor":"005","quadra":"046","lote":"0147","sourceType":"OFFICIAL_IMPORT","mainAddress":"Setor Fiscal 005","zoneamento":"RESIDENCIAL","statusCadastral":"ATIVO","workflowStatus":"PENDENTE","isOfficial":true,"rawProperties":{"cd_identificador":6822603,"cd_identificador_original_lote":8892142,"cd_setor_fiscal":"005","cd_tipo_quadra":"F","tx_tipo_quadra":"FISCAL","cd_quadra_fiscal":"046","cd_subquadra_fiscal":null,"cd_condominio":"00","cd_tipo_lote":"F","tx_tipo_lote":"FISCAL","cd_lote":"0147","cd_situacao":1,"cd_digito_sql":"4","cd_logradouro":"204242","nm_logradouro_completo":"R ANITA FERRAZ","cd_numero_porta":"0","tx_complemento_endereco":null,"tx_situ_lote":"ATIVO","cd_tipo_uso_imovel":"00","dc_tipo_uso_imovel":"Terreno","cd_tipo_terreno_imovel":4,"qt_area_terreno":100,"qt_area_construida":0}}},{"type":"Feature","geometry":{"type":"Polygon","coordinates":[[[-45.028463,-23.534757],[-45.028463,-23.534823],[-45.028461,-23.534822],[-45.028461,-23.534822],[-45.028461,-23.534822],[-45.028461,-23.534766],[-45.028461,-23.534761],[-45.028461,-23.53476],[-45.028462,-23.534759],[-45.028463,-23.534757]]]},"properties":{"sqlu":"SP-005-822553","inscription":"SP-GEOSAMPA-6822553","inscricaoImobiliaria":"SP-IMO-6822553","setor":"005","quadra":"046","lote":"0141","sourceType":"OFFICIAL_IMPORT","mainAddress":"Setor Fiscal 005","zoneamento":"RESIDENCIAL","statusCadastral":"ATIVO","workflowStatus":"PENDENTE","isOfficial":true,"rawProperties":{"cd_identificador":6822553,"cd_identificador_original_lote":8891331,"cd_setor_fiscal":"005","cd_tipo_quadra":"F","tx_tipo_quadra":"FISCAL","cd_quadra_fiscal":"046","cd_subquadra_fiscal":null,"cd_condominio":"00","cd_tipo_lote":"F","tx_tipo_lote":"FISCAL","cd_lote":"0141","cd_situacao":1,"cd_digito_sql":"5","cd_logradouro":"204242","nm_logradouro_completo":"R ANITA FERRAZ","cd_numero_porta":"57","tx_complemento_endereco":"59 E 69","tx_situ_lote":"ATIVO","cd_tipo_uso_imovel":"12","dc_tipo_uso_imovel":"Residencial","cd_tipo_terreno_imovel":4,"qt_area_terreno":105,"qt_area_construida":56}}},{"type":"Feature","geometry":{"type":"Polygon","coordinates":[[[-45.028544,-23.531555],[-45.028545,-23.531708],[-45.028546,-23.53181],[-45.028545,-23.531815],[-45.028545,-23.531826],[-45.028541,-23.531876],[-45.02854,-23.531655],[-45.028543,-23.531585],[-45.028543,-23.531572],[-45.028544,-23.531555]]]},"properties":{"sqlu":"SP-005-822699","inscription":"SP-GEOSAMPA-6822699","inscricaoImobiliaria":"SP-IMO-6822699","setor":"005","quadra":"025","lote":"0000","sourceType":"OFFICIAL_IMPORT","mainAddress":"Setor Fiscal 005","zoneamento":"RESIDENCIAL","statusCadastral":"ATIVO","workflowStatus":"PENDENTE","isOfficial":true,"rawProperties":{"cd_identificador":6822699,"cd_identificador_original_lote":8892019,"cd_setor_fiscal":"005","cd_tipo_quadra":"F","tx_tipo_quadra":"FISCAL","cd_quadra_fiscal":"025","cd_subquadra_fiscal":null,"cd_condominio":"04","cd_tipo_lote":"F","tx_tipo_lote":"FISCAL","cd_lote":"0000","cd_situacao":1,"cd_digito_sql":null,"cd_logradouro":"103764","nm_logradouro_completo":"PC DR JOAO MENDES","cd_numero_porta":"24 42 48","tx_complemento_endereco":null,"tx_situ_lote":null,"cd_tipo_uso_imovel":"XX","dc_tipo_uso_imovel":"Condomínio","cd_tipo_terreno_imovel":99,"qt_area_terreno":766,"qt_area_construida":null}}},{"type":"Feature","geometry":{"type":"Polygon","coordinates":[[[-45.028461,-23.534515],[-45.028461,-23.534537],[-45.028461,-23.534573],[-45.028461,-23.534636],[-45.028461,-23.534659],[-45.028461,-23.5347],[-45.028461,-23.534743],[-45.028461,-23.534747],[-45.028461,-23.534761],[-45.028461,-23.534766],[-45.028461,-23.534822],[-45.028461,-23.534862],[-45.028461,-23.534902],[-45.028461,-23.534927],[-45.028459,-23.534944],[-45.028459,-23.534832],[-45.028459,-23.534808],[-45.028459,-23.53471],[-45.02846,-23.534708],[-45.02846,-23.534651],[-45.02846,-23.534627],[-45.02846,-23.53462],[-45.028459,-23.534379],[-45.02846,-23.534373],[-45.028461,-23.534362],[-45.028461,-23.534438],[-45.028461,-23.53445],[-45.028461,-23.534453],[-45.028461,-23.534468],[-45.028461,-23.534515]]]},"properties":{"sqlu":"SP-005-822469","inscription":"SP-GEOSAMPA-6822469","inscricaoImobiliaria":"SP-IMO-6822469","setor":"005","quadra":"046","lote":"0131","sourceType":"OFFICIAL_IMPORT","mainAddress":"Setor Fiscal 005","zoneamento":"RESIDENCIAL","statusCadastral":"ATIVO","workflowStatus":"PENDENTE","isOfficial":true,"rawProperties":{"cd_identificador":6822469,"cd_identificador_original_lote":8891352,"cd_setor_fiscal":"005","cd_tipo_quadra":"F","tx_tipo_quadra":"FISCAL","cd_quadra_fiscal":"046","cd_subquadra_fiscal":null,"cd_condominio":"00","cd_tipo_lote":"F","tx_tipo_lote":"FISCAL","cd_lote":"0131","cd_situacao":1,"cd_digito_sql":"8","cd_logradouro":"178640","nm_logradouro_completo":"R CD DE SARZEDAS","cd_numero_porta":"238","tx_complemento_endereco":"242","tx_situ_lote":"ATIVO","cd_tipo_uso_imovel":"42","dc_tipo_uso_imovel":"Não residencial","cd_tipo_terreno_imovel":1,"qt_area_terreno":486,"qt_area_construida":400}}},{"type":"Feature","geometry":{"type":"Polygon","coordinates":[[[-45.028461,-23.534515],[-45.028462,-23.534514],[-45.028463,-23.534513],[-45.028463,-23.534575],[-45.028462,-23.534574],[-45.028461,-23.534574],[-45.028461,-23.534573],[-45.028461,-23.534537],[-45.028461,-23.534515]]]},"properties":{"sqlu":"SP-005-822470","inscription":"SP-GEOSAMPA-6822470","inscricaoImobiliaria":"SP-IMO-6822470","setor":"005","quadra":"046","lote":"0000","sourceType":"OFFICIAL_IMPORT","mainAddress":"Setor Fiscal 005","zoneamento":"RESIDENCIAL","statusCadastral":"ATIVO","workflowStatus":"PENDENTE","isOfficial":true,"rawProperties":{"cd_identificador":6822470,"cd_identificador_original_lote":10680109,"cd_setor_fiscal":"005","cd_tipo_quadra":"F","tx_tipo_quadra":"FISCAL","cd_quadra_fiscal":"046","cd_subquadra_fiscal":null,"cd_condominio":"08","cd_tipo_lote":"F","tx_tipo_lote":"FISCAL","cd_lote":"0000","cd_situacao":1,"cd_digito_sql":null,"cd_logradouro":"204242","nm_logradouro_completo":"R ANITA FERRAZ","cd_numero_porta":"29 31","tx_complemento_endereco":null,"tx_situ_lote":null,"cd_tipo_uso_imovel":"XX","dc_tipo_uso_imovel":"Condomínio","cd_tipo_terreno_imovel":99,"qt_area_terreno":79,"qt_area_construida":null}}},{"type":"Feature","geometry":{"type":"Polygon","coordinates":[[[-45.02855,-23.531605],[-45.028549,-23.531623],[-45.028547,-23.531355],[-45.028548,-23.531332],[-45.02855,-23.531551],[-45.02855,-23.531605]]]},"properties":{"sqlu":"SP-005-822516","inscription":"SP-GEOSAMPA-6822516","inscricaoImobiliaria":"SP-IMO-6822516","setor":"005","quadra":"025","lote":"0005","sourceType":"OFFICIAL_IMPORT","mainAddress":"Setor Fiscal 005","zoneamento":"RESIDENCIAL","statusCadastral":"ATIVO","workflowStatus":"PENDENTE","isOfficial":true,"rawProperties":{"cd_identificador":6822516,"cd_identificador_original_lote":8892031,"cd_setor_fiscal":"005","cd_tipo_quadra":"F","tx_tipo_quadra":"FISCAL","cd_quadra_fiscal":"025","cd_subquadra_fiscal":null,"cd_condominio":"00","cd_tipo_lote":"F","tx_tipo_lote":"FISCAL","cd_lote":"0005","cd_situacao":1,"cd_digito_sql":"0","cd_logradouro":"170259","nm_logradouro_completo":"R RIACHUELO","cd_numero_porta":"59","tx_complemento_endereco":null,"tx_situ_lote":"ATIVO","cd_tipo_uso_imovel":"40","dc_tipo_uso_imovel":"Não residencial","cd_tipo_terreno_imovel":1,"qt_area_terreno":201,"qt_area_construida":258}}},{"type":"Feature","geometry":{"type":"Polygon","coordinates":[[[-45.028525,-23.539287],[-45.028526,-23.539291],[-45.028525,-23.539363],[-45.028525,-23.539359],[-45.028525,-23.539359],[-45.028525,-23.539287]]]},"properties":{"sqlu":"SP-005-822617","inscription":"SP-GEOSAMPA-6822617","inscricaoImobiliaria":"SP-IMO-6822617","setor":"005","quadra":"069","lote":"0075","sourceType":"OFFICIAL_IMPORT","mainAddress":"Setor Fiscal 005","zoneamento":"RESIDENCIAL","statusCadastral":"ATIVO","workflowStatus":"PENDENTE","isOfficial":true,"rawProperties":{"cd_identificador":6822617,"cd_identificador_original_lote":10680156,"cd_setor_fiscal":"005","cd_tipo_quadra":"F","tx_tipo_quadra":"FISCAL","cd_quadra_fiscal":"069","cd_subquadra_fiscal":null,"cd_condominio":"00","cd_tipo_lote":"F","tx_tipo_lote":"FISCAL","cd_lote":"0075","cd_situacao":1,"cd_digito_sql":"4","cd_logradouro":"077330","nm_logradouro_completo":"R GALVAO BUENO","cd_numero_porta":"385","tx_complemento_endereco":"CS 1","tx_situ_lote":"ATIVO","cd_tipo_uso_imovel":"10","dc_tipo_uso_imovel":"Residencial","cd_tipo_terreno_imovel":4,"qt_area_terreno":64,"qt_area_construida":48}}},{"type":"Feature","geometry":{"type":"Polygon","coordinates":[[[-45.028586,-23.529356],[-45.028587,-23.529312],[-45.028588,-23.529376],[-45.028588,-23.529392],[-45.02859,-23.529452],[-45.02859,-23.529454],[-45.028589,-23.529493],[-45.028588,-23.529455],[-45.028588,-23.529442],[-45.028586,-23.529356]]]},"properties":{"sqlu":"SP-005-822722","inscription":"SP-GEOSAMPA-6822722","inscricaoImobiliaria":"SP-IMO-6822722","setor":"005","quadra":"007","lote":"0000","sourceType":"OFFICIAL_IMPORT","mainAddress":"Setor Fiscal 005","zoneamento":"RESIDENCIAL","statusCadastral":"ATIVO","workflowStatus":"PENDENTE","isOfficial":true,"rawProperties":{"cd_identificador":6822722,"cd_identificador_original_lote":10680099,"cd_setor_fiscal":"005","cd_tipo_quadra":"F","tx_tipo_quadra":"FISCAL","cd_quadra_fiscal":"007","cd_subquadra_fiscal":null,"cd_condominio":"01","cd_tipo_lote":"F","tx_tipo_lote":"FISCAL","cd_lote":"0000","cd_situacao":1,"cd_digito_sql":null,"cd_logradouro":"152617","nm_logradouro_completo":"R DO OUVIDOR","cd_numero_porta":"54","tx_complemento_endereco":null,"tx_situ_lote":null,"cd_tipo_uso_imovel":"XX","dc_tipo_uso_imovel":"Condomínio","cd_tipo_terreno_imovel":99,"qt_area_terreno":228,"qt_area_construida":null}}},{"type":"Feature","geometry":{"type":"Polygon","coordinates":[[[-45.028554,-23.535023],[-45.028555,-23.53511],[-45.028555,-23.535161],[-45.028554,-23.535191],[-45.028552,-23.535243],[-45.028551,-23.535291],[-45.028549,-23.535359],[-45.028548,-23.53537],[-45.028548,-23.535309],[-45.028547,-23.535227],[-45.028551,-23.535108],[-45.028553,-23.53506],[-45.028554,-23.535023]]]},"properties":{"sqlu":"SP-005-822468","inscription":"SP-GEOSAMPA-6822468","inscricaoImobiliaria":"SP-IMO-6822468","setor":"005","quadra":"082","lote":"0000","sourceType":"OFFICIAL_IMPORT","mainAddress":"Setor Fiscal 005","zoneamento":"RESIDENCIAL","statusCadastral":"ATIVO","workflowStatus":"PENDENTE","isOfficial":true,"rawProperties":{"cd_identificador":6822468,"cd_identificador_original_lote":10680266,"cd_setor_fiscal":"005","cd_tipo_quadra":"F","tx_tipo_quadra":"FISCAL","cd_quadra_fiscal":"082","cd_subquadra_fiscal":null,"cd_condominio":"04","cd_tipo_lote":"F","tx_tipo_lote":"FISCAL","cd_lote":"0000","cd_situacao":1,"cd_digito_sql":null,"cd_logradouro":"118206","nm_logradouro_completo":"PC DA LIBERDADE AFRICA-JAPAO","cd_numero_porta":"128 130 134","tx_complemento_endereco":null,"tx_situ_lote":null,"cd_tipo_uso_imovel":"XX","dc_tipo_uso_imovel":"Condomínio","cd_tipo_terreno_imovel":99,"qt_area_terreno":874,"qt_area_construida":null}}},{"type":"Feature","geometry":{"type":"Polygon","coordinates":[[[-45.028463,-23.534437],[-45.028462,-23.534437],[-45.028462,-23.534345],[-45.028463,-23.534327],[-45.028463,-23.534437],[-45.028463,-23.534437]]]},"properties":{"sqlu":"SP-005-822558","inscription":"SP-GEOSAMPA-6822558","inscricaoImobiliaria":"SP-IMO-6822558","setor":"005","quadra":"046","lote":"0133","sourceType":"OFFICIAL_IMPORT","mainAddress":"Setor Fiscal 005","zoneamento":"RESIDENCIAL","statusCadastral":"ATIVO","workflowStatus":"PENDENTE","isOfficial":true,"rawProperties":{"cd_identificador":6822558,"cd_identificador_original_lote":8891324,"cd_setor_fiscal":"005","cd_tipo_quadra":"F","tx_tipo_quadra":"FISCAL","cd_quadra_fiscal":"046","cd_subquadra_fiscal":null,"cd_condominio":"00","cd_tipo_lote":"F","tx_tipo_lote":"FISCAL","cd_lote":"0133","cd_situacao":1,"cd_digito_sql":"4","cd_logradouro":"178640","nm_logradouro_completo":"R CD DE SARZEDAS","cd_numero_porta":"222","tx_complemento_endereco":"E 224","tx_situ_lote":"ATIVO","cd_tipo_uso_imovel":"14","dc_tipo_uso_imovel":"Residencial","cd_tipo_terreno_imovel":1,"qt_area_terreno":84,"qt_area_construida":190}}},{"type":"Feature","geometry":{"type":"Polygon","coordinates":[[[-45.028591,-23.530954],[-45.028591,-23.530907],[-45.028592,-23.53093],[-45.028595,-23.530971],[-45.028598,-23.531014],[-45.028597,-23.531063],[-45.028595,-23.531026],[-45.028593,-23.530998],[-45.028593,-23.530984],[-45.028591,-23.530954]]]},"properties":{"sqlu":"SP-005-822506","inscription":"SP-GEOSAMPA-6822506","inscricaoImobiliaria":"SP-IMO-6822506","setor":"005","quadra":"016","lote":"0008","sourceType":"OFFICIAL_IMPORT","mainAddress":"Setor Fiscal 005","zoneamento":"RESIDENCIAL","statusCadastral":"ATIVO","workflowStatus":"PENDENTE","isOfficial":true,"rawProperties":{"cd_identificador":6822506,"cd_identificador_original_lote":8890981,"cd_setor_fiscal":"005","cd_tipo_quadra":"F","tx_tipo_quadra":"FISCAL","cd_quadra_fiscal":"016","cd_subquadra_fiscal":null,"cd_condominio":"00","cd_tipo_lote":"F","tx_tipo_lote":"FISCAL","cd_lote":"0008","cd_situacao":1,"cd_digito_sql":"6","cd_logradouro":"023981","nm_logradouro_completo":"R ASDRUBAL DO NASCIMENTO","cd_numero_porta":"128","tx_complemento_endereco":"/130","tx_situ_lote":"ATIVO","cd_tipo_uso_imovel":"60","dc_tipo_uso_imovel":"Não residencial","cd_tipo_terreno_imovel":1,"qt_area_terreno":225,"qt_area_construida":140}}},{"type":"Feature","geometry":{"type":"Polygon","coordinates":[[[-45.028484,-23.536416],[-45.028484,-23.536493],[-45.028484,-23.536528],[-45.028484,-23.536553],[-45.028483,-23.536547],[-45.028483,-23.536512],[-45.028483,-23.536498],[-45.028483,-23.536424],[-45.028484,-23.536416]]]},"properties":{"sqlu":"SP-005-975792","inscription":"SP-GEOSAMPA-1975792","inscricaoImobiliaria":"SP-IMO-1975792","setor":"005","quadra":"083","lote":"0002","sourceType":"OFFICIAL_IMPORT","mainAddress":"Setor Fiscal 005","zoneamento":"RESIDENCIAL","statusCadastral":"ATIVO","workflowStatus":"PENDENTE","isOfficial":true,"rawProperties":{"cd_identificador":1975792,"cd_identificador_original_lote":8890600,"cd_setor_fiscal":"005","cd_tipo_quadra":"F","tx_tipo_quadra":"FISCAL","cd_quadra_fiscal":"083","cd_subquadra_fiscal":null,"cd_condominio":"00","cd_tipo_lote":"F","tx_tipo_lote":"FISCAL","cd_lote":"0002","cd_situacao":1,"cd_digito_sql":"9","cd_logradouro":"123650","nm_logradouro_completo":"R DR LUND","cd_numero_porta":"72","tx_complemento_endereco":"78","tx_situ_lote":"ATIVO","cd_tipo_uso_imovel":"12","dc_tipo_uso_imovel":"Residencial","cd_tipo_terreno_imovel":1,"qt_area_terreno":85,"qt_area_construida":140}}},{"type":"Feature","geometry":{"type":"Polygon","coordinates":[[[-45.028452,-23.535763],[-45.028452,-23.535762],[-45.028452,-23.535761],[-45.028452,-23.535701],[-45.028452,-23.535621],[-45.028452,-23.535624],[-45.028452,-23.535738],[-45.028452,-23.535763]]]},"properties":{"sqlu":"SP-005-975709","inscription":"SP-GEOSAMPA-1975709","inscricaoImobiliaria":"SP-IMO-1975709","setor":"005","quadra":"090","lote":"0015","sourceType":"OFFICIAL_IMPORT","mainAddress":"Setor Fiscal 005","zoneamento":"RESIDENCIAL","statusCadastral":"ATIVO","workflowStatus":"PENDENTE","isOfficial":true,"rawProperties":{"cd_identificador":1975709,"cd_identificador_original_lote":8890850,"cd_setor_fiscal":"005","cd_tipo_quadra":"F","tx_tipo_quadra":"FISCAL","cd_quadra_fiscal":"090","cd_subquadra_fiscal":null,"cd_condominio":"00","cd_tipo_lote":"F","tx_tipo_lote":"FISCAL","cd_lote":"0015","cd_situacao":1,"cd_digito_sql":"0","cd_logradouro":"067083","nm_logradouro_completo":"R DOS ESTUDANTES","cd_numero_porta":"486","tx_complemento_endereco":null,"tx_situ_lote":"ATIVO","cd_tipo_uso_imovel":"10","dc_tipo_uso_imovel":"Residencial","cd_tipo_terreno_imovel":1,"qt_area_terreno":61,"qt_area_construida":40}}},{"type":"Feature","geometry":{"type":"Polygon","coordinates":[[[-45.028556,-23.538594],[-45.028555,-23.538602],[-45.028556,-23.538405],[-45.028556,-23.538396],[-45.028556,-23.538392],[-45.028556,-23.538594]]]},"properties":{"sqlu":"SP-005-976255","inscription":"SP-GEOSAMPA-1976255","inscricaoImobiliaria":"SP-IMO-1976255","setor":"005","quadra":"067","lote":"0010","sourceType":"OFFICIAL_IMPORT","mainAddress":"Setor Fiscal 005","zoneamento":"RESIDENCIAL","statusCadastral":"ATIVO","workflowStatus":"PENDENTE","isOfficial":true,"rawProperties":{"cd_identificador":1976255,"cd_identificador_original_lote":8890638,"cd_setor_fiscal":"005","cd_tipo_quadra":"F","tx_tipo_quadra":"FISCAL","cd_quadra_fiscal":"067","cd_subquadra_fiscal":null,"cd_condominio":"00","cd_tipo_lote":"F","tx_tipo_lote":"FISCAL","cd_lote":"0010","cd_situacao":1,"cd_digito_sql":"0","cd_logradouro":"090328","nm_logradouro_completo":"R BR DE IGUAPE","cd_numero_porta":"57","tx_complemento_endereco":"E 59","tx_situ_lote":"ATIVO","cd_tipo_uso_imovel":"42","dc_tipo_uso_imovel":"Não residencial","cd_tipo_terreno_imovel":1,"qt_area_terreno":116,"qt_area_construida":200}}},{"type":"Feature","geometry":{"type":"Polygon","coordinates":[[[-45.028517,-23.529546],[-45.028515,-23.529565],[-45.028514,-23.529274],[-45.028515,-23.529258],[-45.028515,-23.529343],[-45.028516,-23.529422],[-45.028516,-23.529511],[-45.028517,-23.529546]]]},"properties":{"sqlu":"SP-005-976158","inscription":"SP-GEOSAMPA-1976158","inscricaoImobiliaria":"SP-IMO-1976158","setor":"005","quadra":"012","lote":"0007","sourceType":"OFFICIAL_IMPORT","mainAddress":"Setor Fiscal 005","zoneamento":"RESIDENCIAL","statusCadastral":"ATIVO","workflowStatus":"PENDENTE","isOfficial":true,"rawProperties":{"cd_identificador":1976158,"cd_identificador_original_lote":8890957,"cd_setor_fiscal":"005","cd_tipo_quadra":"F","tx_tipo_quadra":"FISCAL","cd_quadra_fiscal":"012","cd_subquadra_fiscal":null,"cd_condominio":"00","cd_tipo_lote":"F","tx_tipo_lote":"FISCAL","cd_lote":"0007","cd_situacao":1,"cd_digito_sql":"1","cd_logradouro":"059447","nm_logradouro_completo":"R DIREITA","cd_numero_porta":"33","tx_complemento_endereco":null,"tx_situ_lote":"ATIVO","cd_tipo_uso_imovel":"40","dc_tipo_uso_imovel":"Não residencial","cd_tipo_terreno_imovel":1,"qt_area_terreno":246,"qt_area_construida":741}}},{"type":"Feature","geometry":{"type":"Polygon","coordinates":[[[-45.028542,-23.529703],[-45.028543,-23.5297],[-45.028544,-23.529697],[-45.028544,-23.529767],[-45.028544,-23.529779],[-45.028545,-23.529853],[-45.028545,-23.529892],[-45.028545,-23.529914],[-45.028545,-23.529965],[-45.028543,-23.529989],[-45.028543,-23.529912],[-45.028543,-23.529868],[-45.028542,-23.529797],[-45.028542,-23.529758],[-45.028542,-23.529703]]]},"properties":{"sqlu":"SP-005-976011","inscription":"SP-GEOSAMPA-1976011","inscricaoImobiliaria":"SP-IMO-1976011","setor":"005","quadra":"011","lote":"0026","sourceType":"OFFICIAL_IMPORT","mainAddress":"Setor Fiscal 005","zoneamento":"RESIDENCIAL","statusCadastral":"ATIVO","workflowStatus":"PENDENTE","isOfficial":true,"rawProperties":{"cd_identificador":1976011,"cd_identificador_original_lote":8891258,"cd_setor_fiscal":"005","cd_tipo_quadra":"F","tx_tipo_quadra":"FISCAL","cd_quadra_fiscal":"011","cd_subquadra_fiscal":null,"cd_condominio":"00","cd_tipo_lote":"F","tx_tipo_lote":"FISCAL","cd_lote":"0026","cd_situacao":1,"cd_digito_sql":"1","cd_logradouro":"031895","nm_logradouro_completo":"R BENJAMIM CONSTANT","cd_numero_porta":"162","tx_complemento_endereco":"166 E 170","tx_situ_lote":"ATIVO","cd_tipo_uso_imovel":"31","dc_tipo_uso_imovel":"Não residencial","cd_tipo_terreno_imovel":1,"qt_area_terreno":357,"qt_area_construida":3523}}},{"type":"Feature","geometry":{"type":"Polygon","coordinates":[[[-45.028539,-23.538973],[-45.028538,-23.538716],[-45.028539,-23.538718],[-45.02854,-23.538974],[-45.028539,-23.538973]]]},"properties":{"sqlu":"SP-005-976096","inscription":"SP-GEOSAMPA-1976096","inscricaoImobiliaria":"SP-IMO-1976096","setor":"005","quadra":"068","lote":"0046","sourceType":"OFFICIAL_IMPORT","mainAddress":"Setor Fiscal 005","zoneamento":"RESIDENCIAL","statusCadastral":"ATIVO","workflowStatus":"PENDENTE","isOfficial":true,"rawProperties":{"cd_identificador":1976096,"cd_identificador_original_lote":8890790,"cd_setor_fiscal":"005","cd_tipo_quadra":"F","tx_tipo_quadra":"FISCAL","cd_quadra_fiscal":"068","cd_subquadra_fiscal":null,"cd_condominio":"00","cd_tipo_lote":"F","tx_tipo_lote":"FISCAL","cd_lote":"0046","cd_situacao":1,"cd_digito_sql":"6","cd_logradouro":"090328","nm_logradouro_completo":"R BR DE IGUAPE","cd_numero_porta":"164","tx_complemento_endereco":null,"tx_situ_lote":"ATIVO","cd_tipo_uso_imovel":"43","dc_tipo_uso_imovel":"Não residencial","cd_tipo_terreno_imovel":1,"qt_area_terreno":150,"qt_area_construida":291}}},{"type":"Feature","geometry":{"type":"Polygon","coordinates":[[[-45.028534,-23.531285],[-45.028538,-23.53125],[-45.028539,-23.531419],[-45.028537,-23.531397],[-45.028537,-23.531404],[-45.028535,-23.531423],[-45.028535,-23.531411],[-45.028534,-23.531316],[-45.028534,-23.531285]]]},"properties":{"sqlu":"SP-005-976022","inscription":"SP-GEOSAMPA-1976022","inscricaoImobiliaria":"SP-IMO-1976022","setor":"005","quadra":"022","lote":"0000","sourceType":"OFFICIAL_IMPORT","mainAddress":"Setor Fiscal 005","zoneamento":"RESIDENCIAL","statusCadastral":"ATIVO","workflowStatus":"PENDENTE","isOfficial":true,"rawProperties":{"cd_identificador":1976022,"cd_identificador_original_lote":8892008,"cd_setor_fiscal":"005","cd_tipo_quadra":"F","tx_tipo_quadra":"FISCAL","cd_quadra_fiscal":"022","cd_subquadra_fiscal":null,"cd_condominio":"04","cd_tipo_lote":"F","tx_tipo_lote":"FISCAL","cd_lote":"0000","cd_situacao":1,"cd_digito_sql":null,"cd_logradouro":"167444","nm_logradouro_completo":"R QUINTINO BOCAIUVA","cd_numero_porta":"261 267 277","tx_complemento_endereco":null,"tx_situ_lote":null,"cd_tipo_uso_imovel":"XX","dc_tipo_uso_imovel":"Condomínio","cd_tipo_terreno_imovel":99,"qt_area_terreno":349,"qt_area_construida":null}}},{"type":"Feature","geometry":{"type":"Polygon","coordinates":[[[-45.028613,-23.533423],[-45.028611,-23.533479],[-45.02861,-23.533484],[-45.02861,-23.533488],[-45.02861,-23.533442],[-45.02861,-23.533437],[-45.028611,-23.533422],[-45.028613,-23.533366],[-45.028613,-23.533423]]]},"properties":{"sqlu":"SP-005-976375","inscription":"SP-GEOSAMPA-1976375","inscricaoImobiliaria":"SP-IMO-1976375","setor":"005","quadra":"023","lote":"0028","sourceType":"OFFICIAL_IMPORT","mainAddress":"Setor Fiscal 005","zoneamento":"RESIDENCIAL","statusCadastral":"ATIVO","workflowStatus":"PENDENTE","isOfficial":true,"rawProperties":{"cd_identificador":1976375,"cd_identificador_original_lote":8891014,"cd_setor_fiscal":"005","cd_tipo_quadra":"F","tx_tipo_quadra":"FISCAL","cd_quadra_fiscal":"023","cd_subquadra_fiscal":null,"cd_condominio":"00","cd_tipo_lote":"F","tx_tipo_lote":"FISCAL","cd_lote":"0028","cd_situacao":1,"cd_digito_sql":"0","cd_logradouro":"078530","nm_logradouro_completo":"R GENEBRA","cd_numero_porta":"251","tx_complemento_endereco":null,"tx_situ_lote":"ATIVO","cd_tipo_uso_imovel":"60","dc_tipo_uso_imovel":"Não residencial","cd_tipo_terreno_imovel":1,"qt_area_terreno":96,"qt_area_construida":96}}},{"type":"Feature","geometry":{"type":"Polygon","coordinates":[[[-45.028467,-23.535141],[-45.028468,-23.535142],[-45.028468,-23.535362],[-45.028467,-23.535361],[-45.028467,-23.535361],[-45.028467,-23.535338],[-45.028467,-23.535338],[-45.028467,-23.535141]]]},"properties":{"sqlu":"SP-005-976541","inscription":"SP-GEOSAMPA-1976541","inscricaoImobiliaria":"SP-IMO-1976541","setor":"005","quadra":"046","lote":"0185","sourceType":"OFFICIAL_IMPORT","mainAddress":"Setor Fiscal 005","zoneamento":"RESIDENCIAL","statusCadastral":"ATIVO","workflowStatus":"PENDENTE","isOfficial":true,"rawProperties":{"cd_identificador":1976541,"cd_identificador_original_lote":8892164,"cd_setor_fiscal":"005","cd_tipo_quadra":"F","tx_tipo_quadra":"FISCAL","cd_quadra_fiscal":"046","cd_subquadra_fiscal":null,"cd_condominio":"00","cd_tipo_lote":"F","tx_tipo_lote":"FISCAL","cd_lote":"0185","cd_situacao":1,"cd_digito_sql":"7","cd_logradouro":"067083","nm_logradouro_completo":"R DOS ESTUDANTES","cd_numero_porta":"403","tx_complemento_endereco":"CS 1 A 6","tx_situ_lote":"ATIVO","cd_tipo_uso_imovel":"12","dc_tipo_uso_imovel":"Residencial","cd_tipo_terreno_imovel":5,"qt_area_terreno":104,"qt_area_construida":130}}},{"type":"Feature","geometry":{"type":"Polygon","coordinates":[[[-45.028614,-23.537203],[-45.028618,-23.537148],[-45.028621,-23.537093],[-45.028623,-23.53719],[-45.028617,-23.537452],[-45.028616,-23.537484],[-45.028616,-23.53747],[-45.028616,-23.537451],[-45.028615,-23.537415],[-45.028614,-23.53738],[-45.028615,-23.537348],[-45.028614,-23.537276],[-45.028614,-23.53728],[-45.028614,-23.537275],[-45.028614,-23.537273],[-45.028614,-23.53726],[-45.028615,-23.537244],[-45.028614,-23.537203]]]},"properties":{"sqlu":"SP-005-976331","inscription":"SP-GEOSAMPA-1976331","inscricaoImobiliaria":"SP-IMO-1976331","setor":"005","quadra":"048","lote":"1192","sourceType":"OFFICIAL_IMPORT","mainAddress":"Setor Fiscal 005","zoneamento":"RESIDENCIAL","statusCadastral":"ATIVO","workflowStatus":"PENDENTE","isOfficial":true,"rawProperties":{"cd_identificador":1976331,"cd_identificador_original_lote":8891409,"cd_setor_fiscal":"005","cd_tipo_quadra":"F","tx_tipo_quadra":"FISCAL","cd_quadra_fiscal":"048","cd_subquadra_fiscal":null,"cd_condominio":"00","cd_tipo_lote":"F","tx_tipo_lote":"FISCAL","cd_lote":"1192","cd_situacao":1,"cd_digito_sql":"4","cd_logradouro":"121657","nm_logradouro_completo":"AV BRIG LUIS ANTONIO","cd_numero_porta":"767","tx_complemento_endereco":null,"tx_situ_lote":"ATIVO","cd_tipo_uso_imovel":"43","dc_tipo_uso_imovel":"Não residencial","cd_tipo_terreno_imovel":3,"qt_area_terreno":1052,"qt_area_construida":1268}}},{"type":"Feature","geometry":{"type":"Polygon","coordinates":[[[-45.028539,-23.529741],[-45.028537,-23.529763],[-45.028536,-23.529586],[-45.028536,-23.52935],[-45.028538,-23.529346],[-45.028538,-23.529525],[-45.028539,-23.529687],[-45.028539,-23.529741]]]},"properties":{"sqlu":"SP-005-976898","inscription":"SP-GEOSAMPA-1976898","inscricaoImobiliaria":"SP-IMO-1976898","setor":"005","quadra":"011","lote":"0005","sourceType":"OFFICIAL_IMPORT","mainAddress":"Setor Fiscal 005","zoneamento":"RESIDENCIAL","statusCadastral":"ATIVO","workflowStatus":"PENDENTE","isOfficial":true,"rawProperties":{"cd_identificador":1976898,"cd_identificador_original_lote":8891269,"cd_setor_fiscal":"005","cd_tipo_quadra":"F","tx_tipo_quadra":"FISCAL","cd_quadra_fiscal":"011","cd_subquadra_fiscal":null,"cd_condominio":"00","cd_tipo_lote":"F","tx_tipo_lote":"FISCAL","cd_lote":"0005","cd_situacao":1,"cd_digito_sql":"9","cd_logradouro":"108138","nm_logradouro_completo":"R JOSE BONIFACIO","cd_numero_porta":"99","tx_complemento_endereco":"/107","tx_situ_lote":"ATIVO","cd_tipo_uso_imovel":"40","dc_tipo_uso_imovel":"Não residencial","cd_tipo_terreno_imovel":1,"qt_area_terreno":580,"qt_area_construida":2847}}},{"type":"Feature","geometry":{"type":"Polygon","coordinates":[[[-45.028502,-23.539491],[-45.028502,-23.539436],[-45.028503,-23.539439],[-45.028505,-23.539443],[-45.028508,-23.539452],[-45.028509,-23.539457],[-45.028509,-23.539508],[-45.028503,-23.539494],[-45.028503,-23.539494],[-45.028502,-23.539491]]]},"properties":{"sqlu":"SP-005-976843","inscription":"SP-GEOSAMPA-1976843","inscricaoImobiliaria":"SP-IMO-1976843","setor":"005","quadra":"070","lote":"0000","sourceType":"OFFICIAL_IMPORT","mainAddress":"Setor Fiscal 005","zoneamento":"RESIDENCIAL","statusCadastral":"ATIVO","workflowStatus":"PENDENTE","isOfficial":true,"rawProperties":{"cd_identificador":1976843,"cd_identificador_original_lote":8890452,"cd_setor_fiscal":"005","cd_tipo_quadra":"F","tx_tipo_quadra":"FISCAL","cd_quadra_fiscal":"070","cd_subquadra_fiscal":null,"cd_condominio":"01","cd_tipo_lote":"F","tx_tipo_lote":"FISCAL","cd_lote":"0000","cd_situacao":1,"cd_digito_sql":null,"cd_logradouro":"080292","nm_logradouro_completo":"R DA GLORIA","cd_numero_porta":"675 679","tx_complemento_endereco":null,"tx_situ_lote":null,"cd_tipo_uso_imovel":"XX","dc_tipo_uso_imovel":"Condomínio","cd_tipo_terreno_imovel":99,"qt_area_terreno":264,"qt_area_construida":null}}},{"type":"Feature","geometry":{"type":"Polygon","coordinates":[[[-45.028513,-23.52929],[-45.028514,-23.529274],[-45.028515,-23.529565],[-45.028515,-23.529576],[-45.028514,-23.529583],[-45.028514,-23.529587],[-45.028512,-23.529619],[-45.028511,-23.529518],[-45.028514,-23.529487],[-45.028513,-23.529442],[-45.028513,-23.529368],[-45.028513,-23.52929]]]},"properties":{"sqlu":"SP-005-978473","inscription":"SP-GEOSAMPA-1978473","inscricaoImobiliaria":"SP-IMO-1978473","setor":"005","quadra":"012","lote":"0092","sourceType":"OFFICIAL_IMPORT","mainAddress":"Setor Fiscal 005","zoneamento":"RESIDENCIAL","statusCadastral":"ATIVO","workflowStatus":"PENDENTE","isOfficial":true,"rawProperties":{"cd_identificador":1978473,"cd_identificador_original_lote":8890955,"cd_setor_fiscal":"005","cd_tipo_quadra":"F","tx_tipo_quadra":"FISCAL","cd_quadra_fiscal":"012","cd_subquadra_fiscal":null,"cd_condominio":"00","cd_tipo_lote":"F","tx_tipo_lote":"FISCAL","cd_lote":"0092","cd_situacao":1,"cd_digito_sql":"4","cd_logradouro":"175455","nm_logradouro_completo":"PC DA SE","cd_numero_porta":"32","tx_complemento_endereco":null,"tx_situ_lote":"ATIVO","cd_tipo_uso_imovel":"40","dc_tipo_uso_imovel":"Não residencial","cd_tipo_terreno_imovel":3,"qt_area_terreno":433,"qt_area_construida":1432}}},{"type":"Feature","geometry":{"type":"Polygon","coordinates":[[[-45.02846,-23.538017],[-45.028461,-23.538021],[-45.028461,-23.538112],[-45.028461,-23.538127],[-45.028461,-23.538184],[-45.028461,-23.538328],[-45.02846,-23.538325],[-45.02846,-23.538324],[-45.02846,-23.538228],[-45.02846,-23.538108],[-45.02846,-23.538017]]]},"properties":{"sqlu":"SP-005-977001","inscription":"SP-GEOSAMPA-1977001","inscricaoImobiliaria":"SP-IMO-1977001","setor":"005","quadra":"066","lote":"0039","sourceType":"OFFICIAL_IMPORT","mainAddress":"Setor Fiscal 005","zoneamento":"RESIDENCIAL","statusCadastral":"ATIVO","workflowStatus":"PENDENTE","isOfficial":true,"rawProperties":{"cd_identificador":1977001,"cd_identificador_original_lote":8890388,"cd_setor_fiscal":"005","cd_tipo_quadra":"F","tx_tipo_quadra":"FISCAL","cd_quadra_fiscal":"066","cd_subquadra_fiscal":null,"cd_condominio":"00","cd_tipo_lote":"F","tx_tipo_lote":"FISCAL","cd_lote":"0039","cd_situacao":1,"cd_digito_sql":"4","cd_logradouro":"090328","nm_logradouro_completo":"R BR DE IGUAPE","cd_numero_porta":"623","tx_complemento_endereco":null,"tx_situ_lote":"ATIVO","cd_tipo_uso_imovel":"10","dc_tipo_uso_imovel":"Residencial","cd_tipo_terreno_imovel":1,"qt_area_terreno":207,"qt_area_construida":150}}},{"type":"Feature","geometry":{"type":"Polygon","coordinates":[[[-45.028495,-23.537555],[-45.028495,-23.537601],[-45.028492,-23.537596],[-45.028492,-23.537594],[-45.028492,-23.537594],[-45.028487,-23.537606],[-45.028487,-23.537558],[-45.028488,-23.537556],[-45.028491,-23.537548],[-45.028491,-23.537547],[-45.028492,-23.537546],[-45.028495,-23.537555]]]},"properties":{"sqlu":"SP-005-977097","inscription":"SP-GEOSAMPA-1977097","inscricaoImobiliaria":"SP-IMO-1977097","setor":"005","quadra":"064","lote":"0004","sourceType":"OFFICIAL_IMPORT","mainAddress":"Setor Fiscal 005","zoneamento":"RESIDENCIAL","statusCadastral":"ATIVO","workflowStatus":"PENDENTE","isOfficial":true,"rawProperties":{"cd_identificador":1977097,"cd_identificador_original_lote":8891158,"cd_setor_fiscal":"005","cd_tipo_quadra":"F","tx_tipo_quadra":"FISCAL","cd_quadra_fiscal":"064","cd_subquadra_fiscal":null,"cd_condominio":"00","cd_tipo_lote":"F","tx_tipo_lote":"FISCAL","cd_lote":"0004","cd_situacao":1,"cd_digito_sql":"2","cd_logradouro":"076643","nm_logradouro_completo":"R CONS FURTADO","cd_numero_porta":"493","tx_complemento_endereco":"E 495","tx_situ_lote":"ATIVO","cd_tipo_uso_imovel":"62","dc_tipo_uso_imovel":"Não residencial","cd_tipo_terreno_imovel":1,"qt_area_terreno":215,"qt_area_construida":210}}},{"type":"Feature","geometry":{"type":"Polygon","coordinates":[[[-45.028493,-23.538829],[-45.028493,-23.538873],[-45.028487,-23.538919],[-45.028486,-23.538925],[-45.028486,-23.538894],[-45.028486,-23.538877],[-45.028487,-23.538872],[-45.028493,-23.538829]]]},"properties":{"sqlu":"SP-005-977198","inscription":"SP-GEOSAMPA-1977198","inscricaoImobiliaria":"SP-IMO-1977198","setor":"005","quadra":"071","lote":"0050","sourceType":"OFFICIAL_IMPORT","mainAddress":"Setor Fiscal 005","zoneamento":"RESIDENCIAL","statusCadastral":"ATIVO","workflowStatus":"PENDENTE","isOfficial":true,"rawProperties":{"cd_identificador":1977198,"cd_identificador_original_lote":8891203,"cd_setor_fiscal":"005","cd_tipo_quadra":"F","tx_tipo_quadra":"FISCAL","cd_quadra_fiscal":"071","cd_subquadra_fiscal":null,"cd_condominio":"00","cd_tipo_lote":"F","tx_tipo_lote":"FISCAL","cd_lote":"0050","cd_situacao":1,"cd_digito_sql":"6","cd_logradouro":"076643","nm_logradouro_completo":"R CONS FURTADO","cd_numero_porta":"637","tx_complemento_endereco":null,"tx_situ_lote":"ATIVO","cd_tipo_uso_imovel":"42","dc_tipo_uso_imovel":"Não residencial","cd_tipo_terreno_imovel":1,"qt_area_terreno":108,"qt_area_construida":132}}},{"type":"Feature","geometry":{"type":"Polygon","coordinates":[[[-45.028493,-23.538829],[-45.028487,-23.538872],[-45.028486,-23.538877],[-45.028486,-23.538831],[-45.028486,-23.53882],[-45.028487,-23.538815],[-45.028488,-23.53881],[-45.028493,-23.538787],[-45.028493,-23.538829]]]},"properties":{"sqlu":"SP-005-977199","inscription":"SP-GEOSAMPA-1977199","inscricaoImobiliaria":"SP-IMO-1977199","setor":"005","quadra":"071","lote":"0049","sourceType":"OFFICIAL_IMPORT","mainAddress":"Setor Fiscal 005","zoneamento":"RESIDENCIAL","statusCadastral":"ATIVO","workflowStatus":"PENDENTE","isOfficial":true,"rawProperties":{"cd_identificador":1977199,"cd_identificador_original_lote":8891204,"cd_setor_fiscal":"005","cd_tipo_quadra":"F","tx_tipo_quadra":"FISCAL","cd_quadra_fiscal":"071","cd_subquadra_fiscal":null,"cd_condominio":"00","cd_tipo_lote":"F","tx_tipo_lote":"FISCAL","cd_lote":"0049","cd_situacao":1,"cd_digito_sql":"2","cd_logradouro":"076643","nm_logradouro_completo":"R CONS FURTADO","cd_numero_porta":"629","tx_complemento_endereco":null,"tx_situ_lote":"ATIVO","cd_tipo_uso_imovel":"40","dc_tipo_uso_imovel":"Não residencial","cd_tipo_terreno_imovel":1,"qt_area_terreno":206,"qt_area_construida":75}}},{"type":"Feature","geometry":{"type":"Polygon","coordinates":[[[-45.028524,-23.537634],[-45.028524,-23.537692],[-45.028522,-23.537678],[-45.028518,-23.537646],[-45.028518,-23.537587],[-45.02852,-23.5376],[-45.02852,-23.537606],[-45.028521,-23.537612],[-45.028522,-23.537616],[-45.028522,-23.537619],[-45.028523,-23.537626],[-45.028524,-23.537634]]]},"properties":{"sqlu":"SP-005-977159","inscription":"SP-GEOSAMPA-1977159","inscricaoImobiliaria":"SP-IMO-1977159","setor":"005","quadra":"062","lote":"0000","sourceType":"OFFICIAL_IMPORT","mainAddress":"Setor Fiscal 005","zoneamento":"RESIDENCIAL","statusCadastral":"ATIVO","workflowStatus":"PENDENTE","isOfficial":true,"rawProperties":{"cd_identificador":1977159,"cd_identificador_original_lote":8891886,"cd_setor_fiscal":"005","cd_tipo_quadra":"F","tx_tipo_quadra":"FISCAL","cd_quadra_fiscal":"062","cd_subquadra_fiscal":null,"cd_condominio":"03","cd_tipo_lote":"F","tx_tipo_lote":"FISCAL","cd_lote":"0000","cd_situacao":1,"cd_digito_sql":null,"cd_logradouro":"080292","nm_logradouro_completo":"R DA GLORIA","cd_numero_porta":"458 460","tx_complemento_endereco":null,"tx_situ_lote":null,"cd_tipo_uso_imovel":"XX","dc_tipo_uso_imovel":"Condomínio","cd_tipo_terreno_imovel":99,"qt_area_terreno":245,"qt_area_construida":null}}},{"type":"Feature","geometry":{"type":"Polygon","coordinates":[[[-45.028545,-23.535847],[-45.028546,-23.535887],[-45.028546,-23.536012],[-45.028546,-23.536025],[-45.028546,-23.536121],[-45.028546,-23.536276],[-45.028545,-23.53627],[-45.028544,-23.535848],[-45.028545,-23.535847],[-45.028545,-23.535847]]]},"properties":{"sqlu":"SP-005-977047","inscription":"SP-GEOSAMPA-1977047","inscricaoImobiliaria":"SP-IMO-1977047","setor":"005","quadra":"079","lote":"0014","sourceType":"OFFICIAL_IMPORT","mainAddress":"Setor Fiscal 005","zoneamento":"RESIDENCIAL","statusCadastral":"ATIVO","workflowStatus":"PENDENTE","isOfficial":true,"rawProperties":{"cd_identificador":1977047,"cd_identificador_original_lote":8890207,"cd_setor_fiscal":"005","cd_tipo_quadra":"F","tx_tipo_quadra":"FISCAL","cd_quadra_fiscal":"079","cd_subquadra_fiscal":null,"cd_condominio":"00","cd_tipo_lote":"F","tx_tipo_lote":"FISCAL","cd_lote":"0014","cd_situacao":1,"cd_digito_sql":"6","cd_logradouro":"118206","nm_logradouro_completo":"PC DA LIBERDADE AFRICA-JAPAO","cd_numero_porta":"244","tx_complemento_endereco":"248","tx_situ_lote":"ATIVO","cd_tipo_uso_imovel":"43","dc_tipo_uso_imovel":"Não residencial","cd_tipo_terreno_imovel":1,"qt_area_terreno":268,"qt_area_construida":450}}},{"type":"Feature","geometry":{"type":"Polygon","coordinates":[[[-45.028545,-23.535847],[-45.028546,-23.535846],[-45.028546,-23.535882],[-45.028548,-23.536284],[-45.028546,-23.536276],[-45.028546,-23.536121],[-45.028546,-23.536025],[-45.028546,-23.536012],[-45.028546,-23.535887],[-45.028545,-23.535847]]]},"properties":{"sqlu":"SP-005-977048","inscription":"SP-GEOSAMPA-1977048","inscricaoImobiliaria":"SP-IMO-1977048","setor":"005","quadra":"079","lote":"0015","sourceType":"OFFICIAL_IMPORT","mainAddress":"Setor Fiscal 005","zoneamento":"RESIDENCIAL","statusCadastral":"ATIVO","workflowStatus":"PENDENTE","isOfficial":true,"rawProperties":{"cd_identificador":1977048,"cd_identificador_original_lote":8890208,"cd_setor_fiscal":"005","cd_tipo_quadra":"F","tx_tipo_quadra":"FISCAL","cd_quadra_fiscal":"079","cd_subquadra_fiscal":null,"cd_condominio":"00","cd_tipo_lote":"F","tx_tipo_lote":"FISCAL","cd_lote":"0015","cd_situacao":1,"cd_digito_sql":"4","cd_logradouro":"118206","nm_logradouro_completo":"PC DA LIBERDADE AFRICA-JAPAO","cd_numero_porta":"238","tx_complemento_endereco":null,"tx_situ_lote":"ATIVO","cd_tipo_uso_imovel":"72","dc_tipo_uso_imovel":"Não residencial","cd_tipo_terreno_imovel":1,"qt_area_terreno":315,"qt_area_construida":610}}},{"type":"Feature","geometry":{"type":"Polygon","coordinates":[[[-45.028591,-23.534119],[-45.028592,-23.534224],[-45.02859,-23.534266],[-45.028589,-23.534287],[-45.028588,-23.53433],[-45.028586,-23.534383],[-45.028584,-23.534432],[-45.028583,-23.534326],[-45.028585,-23.534279],[-45.028585,-23.53427],[-45.028587,-23.534226],[-45.028588,-23.534187],[-45.028588,-23.534184],[-45.028589,-23.534162],[-45.028591,-23.534119]]]},"properties":{"sqlu":"SP-005-977417","inscription":"SP-GEOSAMPA-1977417","inscricaoImobiliaria":"SP-IMO-1977417","setor":"005","quadra":"035","lote":"0019","sourceType":"OFFICIAL_IMPORT","mainAddress":"Setor Fiscal 005","zoneamento":"RESIDENCIAL","statusCadastral":"ATIVO","workflowStatus":"PENDENTE","isOfficial":true,"rawProperties":{"cd_identificador":1977417,"cd_identificador_original_lote":8890250,"cd_setor_fiscal":"005","cd_tipo_quadra":"F","tx_tipo_quadra":"FISCAL","cd_quadra_fiscal":"035","cd_subquadra_fiscal":null,"cd_condominio":"00","cd_tipo_lote":"F","tx_tipo_lote":"FISCAL","cd_lote":"0019","cd_situacao":1,"cd_digito_sql":"4","cd_logradouro":"121657","nm_logradouro_completo":"AV BRIG LUIS ANTONIO","cd_numero_porta":"389","tx_complemento_endereco":"393 E 395","tx_situ_lote":"ATIVO","cd_tipo_uso_imovel":"31","dc_tipo_uso_imovel":"Não residencial","cd_tipo_terreno_imovel":1,"qt_area_terreno":650,"qt_area_construida":2644}}},{"type":"Feature","geometry":{"type":"Polygon","coordinates":[[[-45.02855,-23.533413],[-45.02855,-23.533456],[-45.02855,-23.533538],[-45.028549,-23.533537],[-45.028549,-23.533536],[-45.028546,-23.533529],[-45.028546,-23.533427],[-45.028549,-23.533419],[-45.028549,-23.533416],[-45.028549,-23.533416],[-45.02855,-23.533415],[-45.02855,-23.533415],[-45.02855,-23.533413]]]},"properties":{"sqlu":"SP-005-977374","inscription":"SP-GEOSAMPA-1977374","inscricaoImobiliaria":"SP-IMO-1977374","setor":"005","quadra":"082","lote":"0000","sourceType":"OFFICIAL_IMPORT","mainAddress":"Setor Fiscal 005","zoneamento":"RESIDENCIAL","statusCadastral":"ATIVO","workflowStatus":"PENDENTE","isOfficial":true,"rawProperties":{"cd_identificador":1977374,"cd_identificador_original_lote":8891493,"cd_setor_fiscal":"005","cd_tipo_quadra":"F","tx_tipo_quadra":"FISCAL","cd_quadra_fiscal":"082","cd_subquadra_fiscal":null,"cd_condominio":"08","cd_tipo_lote":"F","tx_tipo_lote":"FISCAL","cd_lote":"0000","cd_situacao":1,"cd_digito_sql":null,"cd_logradouro":"043680","nm_logradouro_completo":"PC CARLOS GOMES","cd_numero_porta":"62","tx_complemento_endereco":null,"tx_situ_lote":null,"cd_tipo_uso_imovel":"XX","dc_tipo_uso_imovel":"Condomínio","cd_tipo_terreno_imovel":99,"qt_area_terreno":286,"qt_area_construida":null}}},{"type":"Feature","geometry":{"type":"Polygon","coordinates":[[[-45.02854,-23.538322],[-45.02854,-23.538113],[-45.028542,-23.53811],[-45.028542,-23.538282],[-45.028542,-23.538329],[-45.028541,-23.538325],[-45.02854,-23.538322]]]},"properties":{"sqlu":"SP-005-977409","inscription":"SP-GEOSAMPA-1977409","inscricaoImobiliaria":"SP-IMO-1977409","setor":"005","quadra":"067","lote":"0068","sourceType":"OFFICIAL_IMPORT","mainAddress":"Setor Fiscal 005","zoneamento":"RESIDENCIAL","statusCadastral":"ATIVO","workflowStatus":"PENDENTE","isOfficial":true,"rawProperties":{"cd_identificador":1977409,"cd_identificador_original_lote":8890617,"cd_setor_fiscal":"005","cd_tipo_quadra":"F","tx_tipo_quadra":"FISCAL","cd_quadra_fiscal":"067","cd_subquadra_fiscal":null,"cd_condominio":"00","cd_tipo_lote":"F","tx_tipo_lote":"FISCAL","cd_lote":"0068","cd_situacao":1,"cd_digito_sql":"2","cd_logradouro":"190560","nm_logradouro_completo":"R THOMAZ GONZAGA","cd_numero_porta":"84","tx_complemento_endereco":"90 92 E 96","tx_situ_lote":"ATIVO","cd_tipo_uso_imovel":"43","dc_tipo_uso_imovel":"Não residencial","cd_tipo_terreno_imovel":1,"qt_area_terreno":300,"qt_area_construida":500}}},{"type":"Feature","geometry":{"type":"Polygon","coordinates":[[[-45.028534,-23.538966],[-45.028534,-23.53873],[-45.028534,-23.538719],[-45.028534,-23.538711],[-45.028534,-23.538706],[-45.028537,-23.538713],[-45.028537,-23.538751],[-45.028537,-23.538839],[-45.028538,-23.538971],[-45.028536,-23.538969],[-45.028534,-23.538967],[-45.028534,-23.538966]]]},"properties":{"sqlu":"SP-005-977739","inscription":"SP-GEOSAMPA-1977739","inscricaoImobiliaria":"SP-IMO-1977739","setor":"005","quadra":"068","lote":"0000","sourceType":"OFFICIAL_IMPORT","mainAddress":"Setor Fiscal 005","zoneamento":"RESIDENCIAL","statusCadastral":"ATIVO","workflowStatus":"PENDENTE","isOfficial":true,"rawProperties":{"cd_identificador":1977739,"cd_identificador_original_lote":8890791,"cd_setor_fiscal":"005","cd_tipo_quadra":"F","tx_tipo_quadra":"FISCAL","cd_quadra_fiscal":"068","cd_subquadra_fiscal":null,"cd_condominio":"02","cd_tipo_lote":"F","tx_tipo_lote":"FISCAL","cd_lote":"0000","cd_situacao":1,"cd_digito_sql":null,"cd_logradouro":"077330","nm_logradouro_completo":"R GALVAO BUENO","cd_numero_porta":"318 332 338","tx_complemento_endereco":null,"tx_situ_lote":null,"cd_tipo_uso_imovel":"XX","dc_tipo_uso_imovel":"Condomínio","cd_tipo_terreno_imovel":99,"qt_area_terreno":562,"qt_area_construida":null}}},{"type":"Feature","geometry":{"type":"Polygon","coordinates":[[[-45.028581,-23.531957],[-45.02858,-23.531978],[-45.028578,-23.532034],[-45.028578,-23.532022],[-45.028578,-23.532001],[-45.02858,-23.531932],[-45.028581,-23.531911],[-45.028581,-23.531951],[-45.028581,-23.531957]]]},"properties":{"sqlu":"SP-005-977605","inscription":"SP-GEOSAMPA-1977605","inscricaoImobiliaria":"SP-IMO-1977605","setor":"005","quadra":"075","lote":"0003","sourceType":"OFFICIAL_IMPORT","mainAddress":"Setor Fiscal 005","zoneamento":"RESIDENCIAL","statusCadastral":"ATIVO","workflowStatus":"PENDENTE","isOfficial":true,"rawProperties":{"cd_identificador":1977605,"cd_identificador_original_lote":8890829,"cd_setor_fiscal":"005","cd_tipo_quadra":"F","tx_tipo_quadra":"FISCAL","cd_quadra_fiscal":"075","cd_subquadra_fiscal":null,"cd_condominio":"00","cd_tipo_lote":"F","tx_tipo_lote":"FISCAL","cd_lote":"0003","cd_situacao":1,"cd_digito_sql":"2","cd_logradouro":"081914","nm_logradouro_completo":"TV GRASSI","cd_numero_porta":"4","tx_complemento_endereco":null,"tx_situ_lote":"ATIVO","cd_tipo_uso_imovel":"64","dc_tipo_uso_imovel":"Não residencial","cd_tipo_terreno_imovel":1,"qt_area_terreno":81,"qt_area_construida":80}}},{"type":"Feature","geometry":{"type":"Polygon","coordinates":[[[-45.028502,-23.534831],[-45.028502,-23.534784],[-45.028505,-23.534797],[-45.028506,-23.534801],[-45.028506,-23.534802],[-45.028506,-23.534844],[-45.028505,-23.534842],[-45.028505,-23.534841],[-45.028502,-23.534831]]]},"properties":{"sqlu":"SP-005-977520","inscription":"SP-GEOSAMPA-1977520","inscricaoImobiliaria":"SP-IMO-1977520","setor":"005","quadra":"040","lote":"0032","sourceType":"OFFICIAL_IMPORT","mainAddress":"Setor Fiscal 005","zoneamento":"RESIDENCIAL","statusCadastral":"ATIVO","workflowStatus":"PENDENTE","isOfficial":true,"rawProperties":{"cd_identificador":1977520,"cd_identificador_original_lote":8890914,"cd_setor_fiscal":"005","cd_tipo_quadra":"F","tx_tipo_quadra":"FISCAL","cd_quadra_fiscal":"040","cd_subquadra_fiscal":null,"cd_condominio":"00","cd_tipo_lote":"F","tx_tipo_lote":"FISCAL","cd_lote":"0032","cd_situacao":1,"cd_digito_sql":"2","cd_logradouro":"076643","nm_logradouro_completo":"R CONS FURTADO","cd_numero_porta":"184","tx_complemento_endereco":null,"tx_situ_lote":"ATIVO","cd_tipo_uso_imovel":"43","dc_tipo_uso_imovel":"Não residencial","cd_tipo_terreno_imovel":1,"qt_area_terreno":115,"qt_area_construida":423}}},{"type":"Feature","geometry":{"type":"Polygon","coordinates":[[[-45.028457,-23.538469],[-45.028457,-23.53865],[-45.028457,-23.538656],[-45.028456,-23.538613],[-45.028456,-23.538593],[-45.028456,-23.538564],[-45.028456,-23.538544],[-45.028456,-23.538466],[-45.028457,-23.538469]]]},"properties":{"sqlu":"SP-005-977939","inscription":"SP-GEOSAMPA-1977939","inscricaoImobiliaria":"SP-IMO-1977939","setor":"005","quadra":"073","lote":"0064","sourceType":"OFFICIAL_IMPORT","mainAddress":"Setor Fiscal 005","zoneamento":"RESIDENCIAL","statusCadastral":"ATIVO","workflowStatus":"PENDENTE","isOfficial":true,"rawProperties":{"cd_identificador":1977939,"cd_identificador_original_lote":8890530,"cd_setor_fiscal":"005","cd_tipo_quadra":"F","tx_tipo_quadra":"FISCAL","cd_quadra_fiscal":"073","cd_subquadra_fiscal":null,"cd_condominio":"00","cd_tipo_lote":"F","tx_tipo_lote":"FISCAL","cd_lote":"0064","cd_situacao":1,"cd_digito_sql":"5","cd_logradouro":"090328","nm_logradouro_completo":"R BR DE IGUAPE","cd_numero_porta":"642","tx_complemento_endereco":null,"tx_situ_lote":"ATIVO","cd_tipo_uso_imovel":"14","dc_tipo_uso_imovel":"Residencial","cd_tipo_terreno_imovel":1,"qt_area_terreno":92,"qt_area_construida":100}}},{"type":"Feature","geometry":{"type":"Polygon","coordinates":[[[-45.028449,-23.535725],[-45.028449,-23.535754],[-45.028447,-23.535748],[-45.028447,-23.53572],[-45.028448,-23.535722],[-45.028449,-23.535725]]]},"properties":{"sqlu":"SP-005-977949","inscription":"SP-GEOSAMPA-1977949","inscricaoImobiliaria":"SP-IMO-1977949","setor":"005","quadra":"056","lote":"0028","sourceType":"OFFICIAL_IMPORT","mainAddress":"Setor Fiscal 005","zoneamento":"RESIDENCIAL","statusCadastral":"ATIVO","workflowStatus":"PENDENTE","isOfficial":true,"rawProperties":{"cd_identificador":1977949,"cd_identificador_original_lote":8891879,"cd_setor_fiscal":"005","cd_tipo_quadra":"F","tx_tipo_quadra":"FISCAL","cd_quadra_fiscal":"056","cd_subquadra_fiscal":null,"cd_condominio":"00","cd_tipo_lote":"F","tx_tipo_lote":"FISCAL","cd_lote":"0028","cd_situacao":1,"cd_digito_sql":"5","cd_logradouro":"009130","nm_logradouro_completo":"R LIVR ALVES","cd_numero_porta":"1","tx_complemento_endereco":"A","tx_situ_lote":"ATIVO","cd_tipo_uso_imovel":"10","dc_tipo_uso_imovel":"Residencial","cd_tipo_terreno_imovel":1,"qt_area_terreno":80,"qt_area_construida":40}}},{"type":"Feature","geometry":{"type":"Polygon","coordinates":[[[-45.028581,-23.531869],[-45.028581,-23.531911],[-45.02858,-23.531932],[-45.028578,-23.532001],[-45.028577,-23.531966],[-45.02858,-23.531894],[-45.028581,-23.531869]]]},"properties":{"sqlu":"SP-005-977927","inscription":"SP-GEOSAMPA-1977927","inscricaoImobiliaria":"SP-IMO-1977927","setor":"005","quadra":"075","lote":"0002","sourceType":"OFFICIAL_IMPORT","mainAddress":"Setor Fiscal 005","zoneamento":"RESIDENCIAL","statusCadastral":"ATIVO","workflowStatus":"PENDENTE","isOfficial":true,"rawProperties":{"cd_identificador":1977927,"cd_identificador_original_lote":8890828,"cd_setor_fiscal":"005","cd_tipo_quadra":"F","tx_tipo_quadra":"FISCAL","cd_quadra_fiscal":"075","cd_subquadra_fiscal":null,"cd_condominio":"00","cd_tipo_lote":"F","tx_tipo_lote":"FISCAL","cd_lote":"0002","cd_situacao":1,"cd_digito_sql":"4","cd_logradouro":"081914","nm_logradouro_completo":"TV GRASSI","cd_numero_porta":"6","tx_complemento_endereco":null,"tx_situ_lote":"ATIVO","cd_tipo_uso_imovel":"00","dc_tipo_uso_imovel":"Terreno","cd_tipo_terreno_imovel":1,"qt_area_terreno":89,"qt_area_construida":0}}},{"type":"Feature","geometry":{"type":"Polygon","coordinates":[[[-45.028434,-23.534744],[-45.028434,-23.534808],[-45.028432,-23.53486],[-45.028432,-23.53484],[-45.028432,-23.534822],[-45.028432,-23.534816],[-45.028432,-23.534799],[-45.028432,-23.534793],[-45.028432,-23.534787],[-45.028433,-23.534765],[-45.028433,-23.534751],[-45.028434,-23.534746],[-45.028434,-23.534744]]]},"properties":{"sqlu":"SP-005-977974","inscription":"SP-GEOSAMPA-1977974","inscricaoImobiliaria":"SP-IMO-1977974","setor":"005","quadra":"046","lote":"0103","sourceType":"OFFICIAL_IMPORT","mainAddress":"Setor Fiscal 005","zoneamento":"RESIDENCIAL","statusCadastral":"ATIVO","workflowStatus":"PENDENTE","isOfficial":true,"rawProperties":{"cd_identificador":1977974,"cd_identificador_original_lote":8891321,"cd_setor_fiscal":"005","cd_tipo_quadra":"F","tx_tipo_quadra":"FISCAL","cd_quadra_fiscal":"046","cd_subquadra_fiscal":null,"cd_condominio":"00","cd_tipo_lote":"F","tx_tipo_lote":"FISCAL","cd_lote":"0103","cd_situacao":1,"cd_digito_sql":"2","cd_logradouro":"178640","nm_logradouro_completo":"R CD DE SARZEDAS","cd_numero_porta":"402","tx_complemento_endereco":"408","tx_situ_lote":"ATIVO","cd_tipo_uso_imovel":"42","dc_tipo_uso_imovel":"Não residencial","cd_tipo_terreno_imovel":2,"qt_area_terreno":88,"qt_area_construida":96}}},{"type":"Feature","geometry":{"type":"Polygon","coordinates":[[[-45.028466,-23.536256],[-45.028466,-23.536203],[-45.028466,-23.536147],[-45.028466,-23.536091],[-45.028466,-23.536037],[-45.028466,-23.535982],[-45.028466,-23.53593],[-45.028466,-23.535875],[-45.028467,-23.535821],[-45.028467,-23.535796],[-45.028467,-23.535768],[-45.028467,-23.535682],[-45.028468,-23.535688],[-45.02847,-23.535694],[-45.028469,-23.535995],[-45.028472,-23.536002],[-45.028471,-23.536261],[-45.02847,-23.536277],[-45.028469,-23.53627],[-45.028466,-23.536256]]]},"properties":{"sqlu":"SP-005-978185","inscription":"SP-GEOSAMPA-1978185","inscricaoImobiliaria":"SP-IMO-1978185","setor":"005","quadra":"091","lote":"0012","sourceType":"OFFICIAL_IMPORT","mainAddress":"Setor Fiscal 005","zoneamento":"RESIDENCIAL","statusCadastral":"ATIVO","workflowStatus":"PENDENTE","isOfficial":true,"rawProperties":{"cd_identificador":1978185,"cd_identificador_original_lote":8890308,"cd_setor_fiscal":"005","cd_tipo_quadra":"F","tx_tipo_quadra":"FISCAL","cd_quadra_fiscal":"091","cd_subquadra_fiscal":null,"cd_condominio":"00","cd_tipo_lote":"F","tx_tipo_lote":"FISCAL","cd_lote":"0012","cd_situacao":1,"cd_digito_sql":"0","cd_logradouro":"067083","nm_logradouro_completo":"R DOS ESTUDANTES","cd_numero_porta":"S/N","tx_complemento_endereco":"E 394","tx_situ_lote":"CANCELADO","cd_tipo_uso_imovel":"00","dc_tipo_uso_imovel":"Terreno","cd_tipo_terreno_imovel":3,"qt_area_terreno":1429,"qt_area_construida":0}}},{"type":"Feature","geometry":{"type":"Polygon","coordinates":[[[-45.028605,-23.531335],[-45.028606,-23.53125],[-45.028606,-23.53126],[-45.028607,-23.531293],[-45.028608,-23.531211],[-45.028609,-23.531135],[-45.02861,-23.531079],[-45.028612,-23.531155],[-45.02861,-23.531247],[-45.02861,-23.531283],[-45.028609,-23.531324],[-45.028609,-23.531359],[-45.028608,-23.531393],[-45.028607,-23.531445],[-45.028606,-23.531409],[-45.028606,-23.531378],[-45.028605,-23.531346],[-45.028605,-23.531335]]]},"properties":{"sqlu":"SP-005-978049","inscription":"SP-GEOSAMPA-1978049","inscricaoImobiliaria":"SP-IMO-1978049","setor":"005","quadra":"017","lote":"0000","sourceType":"OFFICIAL_IMPORT","mainAddress":"Setor Fiscal 005","zoneamento":"RESIDENCIAL","statusCadastral":"ATIVO","workflowStatus":"PENDENTE","isOfficial":true,"rawProperties":{"cd_identificador":1978049,"cd_identificador_original_lote":8891981,"cd_setor_fiscal":"005","cd_tipo_quadra":"F","tx_tipo_quadra":"FISCAL","cd_quadra_fiscal":"017","cd_subquadra_fiscal":null,"cd_condominio":"08","cd_tipo_lote":"F","tx_tipo_lote":"FISCAL","cd_lote":"0000","cd_situacao":1,"cd_digito_sql":null,"cd_logradouro":"010030","nm_logradouro_completo":"R STO AMARO","cd_numero_porta":"71 79","tx_complemento_endereco":null,"tx_situ_lote":null,"cd_tipo_uso_imovel":"XX","dc_tipo_uso_imovel":"Condomínio","cd_tipo_terreno_imovel":99,"qt_area_terreno":711,"qt_area_construida":null}}},{"type":"Feature","geometry":{"type":"Polygon","coordinates":[[[-45.028596,-23.537637],[-45.028596,-23.537702],[-45.028594,-23.537751],[-45.028593,-23.537786],[-45.028592,-23.537795],[-45.028592,-23.537726],[-45.028593,-23.53769],[-45.028595,-23.537654],[-45.028596,-23.537637]]]},"properties":{"sqlu":"SP-005-977857","inscription":"SP-GEOSAMPA-1977857","inscricaoImobiliaria":"SP-IMO-1977857","setor":"005","quadra":"086","lote":"0050","sourceType":"OFFICIAL_IMPORT","mainAddress":"Setor Fiscal 005","zoneamento":"RESIDENCIAL","statusCadastral":"ATIVO","workflowStatus":"PENDENTE","isOfficial":true,"rawProperties":{"cd_identificador":1977857,"cd_identificador_original_lote":8890842,"cd_setor_fiscal":"005","cd_tipo_quadra":"F","tx_tipo_quadra":"FISCAL","cd_quadra_fiscal":"086","cd_subquadra_fiscal":null,"cd_condominio":"00","cd_tipo_lote":"F","tx_tipo_lote":"FISCAL","cd_lote":"0050","cd_situacao":1,"cd_digito_sql":"2","cd_logradouro":"178128","nm_logradouro_completo":"R CD DE SAO JOAQUIM","cd_numero_porta":"149","tx_complemento_endereco":null,"tx_situ_lote":"ATIVO","cd_tipo_uso_imovel":"00","dc_tipo_uso_imovel":"Terreno","cd_tipo_terreno_imovel":1,"qt_area_terreno":198,"qt_area_construida":0}}},{"type":"Feature","geometry":{"type":"Polygon","coordinates":[[[-45.028434,-23.534744],[-45.028434,-23.534735],[-45.028435,-23.534728],[-45.028435,-23.534838],[-45.028435,-23.534866],[-45.028435,-23.534885],[-45.028435,-23.534888],[-45.028435,-23.534893],[-45.028435,-23.534898],[-45.028435,-23.534876],[-45.028434,-23.534846],[-45.028434,-23.53484],[-45.028434,-23.534808],[-45.028434,-23.534744]]]},"properties":{"sqlu":"SP-005-977973","inscription":"SP-GEOSAMPA-1977973","inscricaoImobiliaria":"SP-IMO-1977973","setor":"005","quadra":"046","lote":"0104","sourceType":"OFFICIAL_IMPORT","mainAddress":"Setor Fiscal 005","zoneamento":"RESIDENCIAL","statusCadastral":"ATIVO","workflowStatus":"PENDENTE","isOfficial":true,"rawProperties":{"cd_identificador":1977973,"cd_identificador_original_lote":8891320,"cd_setor_fiscal":"005","cd_tipo_quadra":"F","tx_tipo_quadra":"FISCAL","cd_quadra_fiscal":"046","cd_subquadra_fiscal":null,"cd_condominio":"00","cd_tipo_lote":"F","tx_tipo_lote":"FISCAL","cd_lote":"0104","cd_situacao":1,"cd_digito_sql":"0","cd_logradouro":"178640","nm_logradouro_completo":"R CD DE SARZEDAS","cd_numero_porta":"398","tx_complemento_endereco":null,"tx_situ_lote":"ATIVO","cd_tipo_uso_imovel":"43","dc_tipo_uso_imovel":"Não residencial","cd_tipo_terreno_imovel":1,"qt_area_terreno":116,"qt_area_construida":180}}},{"type":"Feature","geometry":{"type":"Polygon","coordinates":[[[-45.028525,-23.536023],[-45.028524,-23.536024],[-45.028524,-23.536024],[-45.028523,-23.536024],[-45.028522,-23.536025],[-45.028522,-23.53598],[-45.028522,-23.53595],[-45.028522,-23.535874],[-45.028523,-23.535874],[-45.028524,-23.535873],[-45.028524,-23.535872],[-45.028525,-23.535871],[-45.028525,-23.535871],[-45.028525,-23.535873],[-45.028525,-23.535933],[-45.028525,-23.536023]]]},"properties":{"sqlu":"SP-005-978350","inscription":"SP-GEOSAMPA-1978350","inscricaoImobiliaria":"SP-IMO-1978350","setor":"005","quadra":"051","lote":"0000","sourceType":"OFFICIAL_IMPORT","mainAddress":"Setor Fiscal 005","zoneamento":"RESIDENCIAL","statusCadastral":"ATIVO","workflowStatus":"PENDENTE","isOfficial":true,"rawProperties":{"cd_identificador":1978350,"cd_identificador_original_lote":8891843,"cd_setor_fiscal":"005","cd_tipo_quadra":"F","tx_tipo_quadra":"FISCAL","cd_quadra_fiscal":"051","cd_subquadra_fiscal":null,"cd_condominio":"03","cd_tipo_lote":"F","tx_tipo_lote":"FISCAL","cd_lote":"0000","cd_situacao":1,"cd_digito_sql":null,"cd_logradouro":"067083","nm_logradouro_completo":"R DOS ESTUDANTES","cd_numero_porta":"64 74","tx_complemento_endereco":null,"tx_situ_lote":null,"cd_tipo_uso_imovel":"XX","dc_tipo_uso_imovel":"Condomínio","cd_tipo_terreno_imovel":99,"qt_area_terreno":220,"qt_area_construida":null}}},{"type":"Feature","geometry":{"type":"Polygon","coordinates":[[[-45.028479,-23.539598],[-45.028479,-23.539543],[-45.028485,-23.539549],[-45.028486,-23.53955],[-45.028486,-23.539603],[-45.028481,-23.539599],[-45.02848,-23.539598],[-45.028479,-23.539598]]]},"properties":{"sqlu":"SP-005-978374","inscription":"SP-GEOSAMPA-1978374","inscricaoImobiliaria":"SP-IMO-1978374","setor":"005","quadra":"071","lote":"0016","sourceType":"OFFICIAL_IMPORT","mainAddress":"Setor Fiscal 005","zoneamento":"RESIDENCIAL","statusCadastral":"ATIVO","workflowStatus":"PENDENTE","isOfficial":true,"rawProperties":{"cd_identificador":1978374,"cd_identificador_original_lote":8891216,"cd_setor_fiscal":"005","cd_tipo_quadra":"F","tx_tipo_quadra":"FISCAL","cd_quadra_fiscal":"071","cd_subquadra_fiscal":null,"cd_condominio":"00","cd_tipo_lote":"F","tx_tipo_lote":"FISCAL","cd_lote":"0016","cd_situacao":1,"cd_digito_sql":"6","cd_logradouro":"465194","nm_logradouro_completo":"R MITUTO MIZUMOTO","cd_numero_porta":"612","tx_complemento_endereco":null,"tx_situ_lote":"ATIVO","cd_tipo_uso_imovel":"80","dc_tipo_uso_imovel":"Não residencial","cd_tipo_terreno_imovel":1,"qt_area_terreno":234,"qt_area_construida":443}}},{"type":"Feature","geometry":{"type":"Polygon","coordinates":[[[-45.028555,-23.528607],[-45.028556,-23.528725],[-45.028553,-23.528819],[-45.028552,-23.528828],[-45.028552,-23.52878],[-45.028552,-23.528773],[-45.028551,-23.528741],[-45.028551,-23.528718],[-45.028552,-23.528687],[-45.028553,-23.52866],[-45.028554,-23.528645],[-45.028555,-23.528607]]]},"properties":{"sqlu":"SP-005-978301","inscription":"SP-GEOSAMPA-1978301","inscricaoImobiliaria":"SP-IMO-1978301","setor":"005","quadra":"004","lote":"0000","sourceType":"OFFICIAL_IMPORT","mainAddress":"Setor Fiscal 005","zoneamento":"RESIDENCIAL","statusCadastral":"ATIVO","workflowStatus":"PENDENTE","isOfficial":true,"rawProperties":{"cd_identificador":1978301,"cd_identificador_original_lote":8892096,"cd_setor_fiscal":"005","cd_tipo_quadra":"F","tx_tipo_quadra":"FISCAL","cd_quadra_fiscal":"004","cd_subquadra_fiscal":null,"cd_condominio":"02","cd_tipo_lote":"F","tx_tipo_lote":"FISCAL","cd_lote":"0000","cd_situacao":1,"cd_digito_sql":null,"cd_logradouro":"032107","nm_logradouro_completo":"R S BENTO","cd_numero_porta":"70 82","tx_complemento_endereco":null,"tx_situ_lote":null,"cd_tipo_uso_imovel":"XX","dc_tipo_uso_imovel":"Condomínio","cd_tipo_terreno_imovel":99,"qt_area_terreno":420,"qt_area_construida":null}}},{"type":"Feature","geometry":{"type":"Polygon","coordinates":[[[-45.028446,-23.537205],[-45.028448,-23.53721],[-45.028448,-23.537288],[-45.028448,-23.537311],[-45.028448,-23.537388],[-45.028448,-23.537392],[-45.028448,-23.537435],[-45.028448,-23.537443],[-45.028446,-23.537443],[-45.028446,-23.53743],[-45.028446,-23.537415],[-45.028446,-23.537387],[-45.028446,-23.537348],[-45.028446,-23.537312],[-45.028446,-23.537271],[-45.028446,-23.537205]]]},"properties":{"sqlu":"SP-005-978200","inscription":"SP-GEOSAMPA-1978200","inscricaoImobiliaria":"SP-IMO-1978200","setor":"005","quadra":"066","lote":"0091","sourceType":"OFFICIAL_IMPORT","mainAddress":"Setor Fiscal 005","zoneamento":"RESIDENCIAL","statusCadastral":"ATIVO","workflowStatus":"PENDENTE","isOfficial":true,"rawProperties":{"cd_identificador":1978200,"cd_identificador_original_lote":8890432,"cd_setor_fiscal":"005","cd_tipo_quadra":"F","tx_tipo_quadra":"FISCAL","cd_quadra_fiscal":"066","cd_subquadra_fiscal":null,"cd_condominio":"00","cd_tipo_lote":"F","tx_tipo_lote":"FISCAL","cd_lote":"0091","cd_situacao":1,"cd_digito_sql":"2","cd_logradouro":"156744","nm_logradouro_completo":"R S PAULO","cd_numero_porta":"280","tx_complemento_endereco":"E 282","tx_situ_lote":"ATIVO","cd_tipo_uso_imovel":"22","dc_tipo_uso_imovel":"Residencial","cd_tipo_terreno_imovel":1,"qt_area_terreno":215,"qt_area_construida":537}}},{"type":"Feature","geometry":{"type":"Polygon","coordinates":[[[-45.02844,-23.534656],[-45.02844,-23.534826],[-45.02844,-23.534836],[-45.02844,-23.534843],[-45.028439,-23.534667],[-45.028439,-23.534659],[-45.02844,-23.534656]]]},"properties":{"sqlu":"SP-005-978389","inscription":"SP-GEOSAMPA-1978389","inscricaoImobiliaria":"SP-IMO-1978389","setor":"005","quadra":"046","lote":"0110","sourceType":"OFFICIAL_IMPORT","mainAddress":"Setor Fiscal 005","zoneamento":"RESIDENCIAL","statusCadastral":"ATIVO","workflowStatus":"PENDENTE","isOfficial":true,"rawProperties":{"cd_identificador":1978389,"cd_identificador_original_lote":8891314,"cd_setor_fiscal":"005","cd_tipo_quadra":"F","tx_tipo_quadra":"FISCAL","cd_quadra_fiscal":"046","cd_subquadra_fiscal":null,"cd_condominio":"00","cd_tipo_lote":"F","tx_tipo_lote":"FISCAL","cd_lote":"0110","cd_situacao":1,"cd_digito_sql":"5","cd_logradouro":"178640","nm_logradouro_completo":"R CD DE SARZEDAS","cd_numero_porta":"364","tx_complemento_endereco":null,"tx_situ_lote":"ATIVO","cd_tipo_uso_imovel":"40","dc_tipo_uso_imovel":"Não residencial","cd_tipo_terreno_imovel":1,"qt_area_terreno":104,"qt_area_construida":70}}},{"type":"Feature","geometry":{"type":"Polygon","coordinates":[[[-45.028418,-23.534141],[-45.028417,-23.534049],[-45.028418,-23.53403],[-45.028418,-23.534018],[-45.02842,-23.533981],[-45.02842,-23.533969],[-45.028421,-23.533932],[-45.028421,-23.533935],[-45.028422,-23.534022],[-45.02842,-23.534086],[-45.02842,-23.534093],[-45.028419,-23.534105],[-45.028418,-23.534124],[-45.028418,-23.534141]]]},"properties":{"sqlu":"SP-005-978847","inscription":"SP-GEOSAMPA-1978847","inscricaoImobiliaria":"SP-IMO-1978847","setor":"005","quadra":"078","lote":"0016","sourceType":"OFFICIAL_IMPORT","mainAddress":"Setor Fiscal 005","zoneamento":"RESIDENCIAL","statusCadastral":"ATIVO","workflowStatus":"PENDENTE","isOfficial":true,"rawProperties":{"cd_identificador":1978847,"cd_identificador_original_lote":8890774,"cd_setor_fiscal":"005","cd_tipo_quadra":"F","tx_tipo_quadra":"FISCAL","cd_quadra_fiscal":"078","cd_subquadra_fiscal":null,"cd_condominio":"00","cd_tipo_lote":"F","tx_tipo_lote":"FISCAL","cd_lote":"0016","cd_situacao":1,"cd_digito_sql":"8","cd_logradouro":"086398","nm_logradouro_completo":"R HELENA ZERRENER","cd_numero_porta":"84","tx_complemento_endereco":null,"tx_situ_lote":"ATIVO","cd_tipo_uso_imovel":"40","dc_tipo_uso_imovel":"Não residencial","cd_tipo_terreno_imovel":1,"qt_area_terreno":450,"qt_area_construida":433}}},{"type":"Feature","geometry":{"type":"Polygon","coordinates":[[[-45.028545,-23.534842],[-45.028545,-23.534725],[-45.028545,-23.534694],[-45.028547,-23.53471],[-45.028548,-23.534713],[-45.028551,-23.534721],[-45.028552,-23.534851],[-45.02855,-23.534865],[-45.028549,-23.534866],[-45.028549,-23.534866],[-45.028547,-23.534857],[-45.028545,-23.534842]]]},"properties":{"sqlu":"SP-005-978566","inscription":"SP-GEOSAMPA-1978566","inscricaoImobiliaria":"SP-IMO-1978566","setor":"005","quadra":"082","lote":"0025","sourceType":"OFFICIAL_IMPORT","mainAddress":"Setor Fiscal 005","zoneamento":"RESIDENCIAL","statusCadastral":"ATIVO","workflowStatus":"PENDENTE","isOfficial":true,"rawProperties":{"cd_identificador":1978566,"cd_identificador_original_lote":8891506,"cd_setor_fiscal":"005","cd_tipo_quadra":"F","tx_tipo_quadra":"FISCAL","cd_quadra_fiscal":"082","cd_subquadra_fiscal":null,"cd_condominio":"00","cd_tipo_lote":"F","tx_tipo_lote":"FISCAL","cd_lote":"0025","cd_situacao":1,"cd_digito_sql":"3","cd_logradouro":"118206","nm_logradouro_completo":"PC DA LIBERDADE AFRICA-JAPAO","cd_numero_porta":"80","tx_complemento_endereco":"84 E 86","tx_situ_lote":"ATIVO","cd_tipo_uso_imovel":"31","dc_tipo_uso_imovel":"Não residencial","cd_tipo_terreno_imovel":1,"qt_area_terreno":647,"qt_area_construida":3338}}},{"type":"Feature","geometry":{"type":"Polygon","coordinates":[[[-45.028513,-23.536114],[-45.028513,-23.536039],[-45.028514,-23.536041],[-45.028515,-23.536045],[-45.028517,-23.536055],[-45.028517,-23.536129],[-45.028514,-23.536119],[-45.028513,-23.536114]]]},"properties":{"sqlu":"SP-005-978606","inscription":"SP-GEOSAMPA-1978606","inscricaoImobiliaria":"SP-IMO-1978606","setor":"005","quadra":"052","lote":"0073","sourceType":"OFFICIAL_IMPORT","mainAddress":"Setor Fiscal 005","zoneamento":"RESIDENCIAL","statusCadastral":"ATIVO","workflowStatus":"PENDENTE","isOfficial":true,"rawProperties":{"cd_identificador":1978606,"cd_identificador_original_lote":8890260,"cd_setor_fiscal":"005","cd_tipo_quadra":"F","tx_tipo_quadra":"FISCAL","cd_quadra_fiscal":"052","cd_subquadra_fiscal":null,"cd_condominio":"00","cd_tipo_lote":"F","tx_tipo_lote":"FISCAL","cd_lote":"0073","cd_situacao":1,"cd_digito_sql":"2","cd_logradouro":"080292","nm_logradouro_completo":"R DA GLORIA","cd_numero_porta":"295","tx_complemento_endereco":"293","tx_situ_lote":"ATIVO","cd_tipo_uso_imovel":"91","dc_tipo_uso_imovel":null,"cd_tipo_terreno_imovel":1,"qt_area_terreno":129,"qt_area_construida":491}}},{"type":"Feature","geometry":{"type":"Polygon","coordinates":[[[-45.028455,-23.537235],[-45.028456,-23.537243],[-45.028456,-23.537556],[-45.028454,-23.537556],[-45.028454,-23.537442],[-45.028454,-23.53741],[-45.028454,-23.537383],[-45.028454,-23.537306],[-45.028455,-23.537265],[-45.028455,-23.537235]]]},"properties":{"sqlu":"SP-005-978750","inscription":"SP-GEOSAMPA-1978750","inscricaoImobiliaria":"SP-IMO-1978750","setor":"005","quadra":"066","lote":"0484","sourceType":"OFFICIAL_IMPORT","mainAddress":"Setor Fiscal 005","zoneamento":"RESIDENCIAL","statusCadastral":"ATIVO","workflowStatus":"PENDENTE","isOfficial":true,"rawProperties":{"cd_identificador":1978750,"cd_identificador_original_lote":8890427,"cd_setor_fiscal":"005","cd_tipo_quadra":"F","tx_tipo_quadra":"FISCAL","cd_quadra_fiscal":"066","cd_subquadra_fiscal":null,"cd_condominio":"00","cd_tipo_lote":"F","tx_tipo_lote":"FISCAL","cd_lote":"0484","cd_situacao":1,"cd_digito_sql":"5","cd_logradouro":"156744","nm_logradouro_completo":"R S PAULO","cd_numero_porta":"232","tx_complemento_endereco":"226","tx_situ_lote":"ATIVO","cd_tipo_uso_imovel":"60","dc_tipo_uso_imovel":"Não residencial","cd_tipo_terreno_imovel":1,"qt_area_terreno":381,"qt_area_construida":278}}},{"type":"Feature","geometry":{"type":"Polygon","coordinates":[[[-45.028474,-23.53981],[-45.028474,-23.539767],[-45.028474,-23.539725],[-45.028474,-23.539699],[-45.028474,-23.539698],[-45.028476,-23.53969],[-45.028477,-23.539687],[-45.028477,-23.539808],[-45.028477,-23.539809],[-45.028475,-23.539809],[-45.028474,-23.53981]]]},"properties":{"sqlu":"SP-005-979133","inscription":"SP-GEOSAMPA-1979133","inscricaoImobiliaria":"SP-IMO-1979133","setor":"005","quadra":"072","lote":"0055","sourceType":"OFFICIAL_IMPORT","mainAddress":"Setor Fiscal 005","zoneamento":"RESIDENCIAL","statusCadastral":"ATIVO","workflowStatus":"PENDENTE","isOfficial":true,"rawProperties":{"cd_identificador":1979133,"cd_identificador_original_lote":8891939,"cd_setor_fiscal":"005","cd_tipo_quadra":"F","tx_tipo_quadra":"FISCAL","cd_quadra_fiscal":"072","cd_subquadra_fiscal":null,"cd_condominio":"00","cd_tipo_lote":"F","tx_tipo_lote":"FISCAL","cd_lote":"0055","cd_situacao":1,"cd_digito_sql":"1","cd_logradouro":"465194","nm_logradouro_completo":"R MITUTO MIZUMOTO","cd_numero_porta":"309","tx_complemento_endereco":null,"tx_situ_lote":"ATIVO","cd_tipo_uso_imovel":"74","dc_tipo_uso_imovel":"Não residencial","cd_tipo_terreno_imovel":1,"qt_area_terreno":278,"qt_area_construida":298}}},{"type":"Feature","geometry":{"type":"Polygon","coordinates":[[[-45.028474,-23.53981],[-45.028475,-23.539809],[-45.028475,-23.539873],[-45.028475,-23.539933],[-45.028475,-23.540136],[-45.028475,-23.540218],[-45.028474,-23.540207],[-45.028474,-23.53981]]]},"properties":{"sqlu":"SP-005-979134","inscription":"SP-GEOSAMPA-1979134","inscricaoImobiliaria":"SP-IMO-1979134","setor":"005","quadra":"072","lote":"0002","sourceType":"OFFICIAL_IMPORT","mainAddress":"Setor Fiscal 005","zoneamento":"RESIDENCIAL","statusCadastral":"ATIVO","workflowStatus":"PENDENTE","isOfficial":true,"rawProperties":{"cd_identificador":1979134,"cd_identificador_original_lote":8891959,"cd_setor_fiscal":"005","cd_tipo_quadra":"F","tx_tipo_quadra":"FISCAL","cd_quadra_fiscal":"072","cd_subquadra_fiscal":null,"cd_condominio":"00","cd_tipo_lote":"F","tx_tipo_lote":"FISCAL","cd_lote":"0002","cd_situacao":1,"cd_digito_sql":"0","cd_logradouro":"080292","nm_logradouro_completo":"R DA GLORIA","cd_numero_porta":"935","tx_complemento_endereco":"E 939","tx_situ_lote":"ATIVO","cd_tipo_uso_imovel":"60","dc_tipo_uso_imovel":"Não residencial","cd_tipo_terreno_imovel":1,"qt_area_terreno":409,"qt_area_construida":417}}},{"type":"Feature","geometry":{"type":"Polygon","coordinates":[[[-45.028503,-23.538469],[-45.028502,-23.538467],[-45.028502,-23.538397],[-45.028502,-23.538368],[-45.028502,-23.538283],[-45.028503,-23.538285],[-45.028503,-23.538383],[-45.028503,-23.538469]]]},"properties":{"sqlu":"SP-005-979361","inscription":"SP-GEOSAMPA-1979361","inscricaoImobiliaria":"SP-IMO-1979361","setor":"005","quadra":"063","lote":"0030","sourceType":"OFFICIAL_IMPORT","mainAddress":"Setor Fiscal 005","zoneamento":"RESIDENCIAL","statusCadastral":"ATIVO","workflowStatus":"PENDENTE","isOfficial":true,"rawProperties":{"cd_identificador":1979361,"cd_identificador_original_lote":8890370,"cd_setor_fiscal":"005","cd_tipo_quadra":"F","tx_tipo_quadra":"FISCAL","cd_quadra_fiscal":"063","cd_subquadra_fiscal":null,"cd_condominio":"00","cd_tipo_lote":"F","tx_tipo_lote":"FISCAL","cd_lote":"0030","cd_situacao":1,"cd_digito_sql":"7","cd_logradouro":"090328","nm_logradouro_completo":"R BR DE IGUAPE","cd_numero_porta":"373","tx_complemento_endereco":null,"tx_situ_lote":"ATIVO","cd_tipo_uso_imovel":"42","dc_tipo_uso_imovel":"Não residencial","cd_tipo_terreno_imovel":1,"qt_area_terreno":76,"qt_area_construida":120}}},{"type":"Feature","geometry":{"type":"Polygon","coordinates":[[[-45.028534,-23.530977],[-45.028536,-23.530949],[-45.028536,-23.53095],[-45.028536,-23.530954],[-45.028536,-23.530962],[-45.028537,-23.531121],[-45.028535,-23.531145],[-45.028535,-23.531127],[-45.028535,-23.531115],[-45.028535,-23.531012],[-45.028534,-23.53099],[-45.028534,-23.530977]]]},"properties":{"sqlu":"SP-005-979256","inscription":"SP-GEOSAMPA-1979256","inscricaoImobiliaria":"SP-IMO-1979256","setor":"005","quadra":"022","lote":"0000","sourceType":"OFFICIAL_IMPORT","mainAddress":"Setor Fiscal 005","zoneamento":"RESIDENCIAL","statusCadastral":"ATIVO","workflowStatus":"PENDENTE","isOfficial":true,"rawProperties":{"cd_identificador":1979256,"cd_identificador_original_lote":8892016,"cd_setor_fiscal":"005","cd_tipo_quadra":"F","tx_tipo_quadra":"FISCAL","cd_quadra_fiscal":"022","cd_subquadra_fiscal":null,"cd_condominio":"05","cd_tipo_lote":"F","tx_tipo_lote":"FISCAL","cd_lote":"0000","cd_situacao":1,"cd_digito_sql":null,"cd_logradouro":"167444","nm_logradouro_completo":"R QUINTINO BOCAIUVA","cd_numero_porta":"219 231 237","tx_complemento_endereco":null,"tx_situ_lote":null,"cd_tipo_uso_imovel":"XX","dc_tipo_uso_imovel":"Condomínio","cd_tipo_terreno_imovel":99,"qt_area_terreno":254,"qt_area_construida":null}}},{"type":"Feature","geometry":{"type":"Polygon","coordinates":[[[-45.028571,-23.529018],[-45.028571,-23.529015],[-45.02857,-23.528898],[-45.02857,-23.528857],[-45.02857,-23.528845],[-45.028572,-23.528809],[-45.028573,-23.528961],[-45.028572,-23.529006],[-45.028571,-23.529016],[-45.028571,-23.529018]]]},"properties":{"sqlu":"SP-005-979448","inscription":"SP-GEOSAMPA-1979448","inscricaoImobiliaria":"SP-IMO-1979448","setor":"005","quadra":"003","lote":"0018","sourceType":"OFFICIAL_IMPORT","mainAddress":"Setor Fiscal 005","zoneamento":"RESIDENCIAL","statusCadastral":"ATIVO","workflowStatus":"PENDENTE","isOfficial":true,"rawProperties":{"cd_identificador":1979448,"cd_identificador_original_lote":8891245,"cd_setor_fiscal":"005","cd_tipo_quadra":"F","tx_tipo_quadra":"FISCAL","cd_quadra_fiscal":"003","cd_subquadra_fiscal":null,"cd_condominio":"00","cd_tipo_lote":"F","tx_tipo_lote":"FISCAL","cd_lote":"0018","cd_situacao":1,"cd_digito_sql":"6","cd_logradouro":"118249","nm_logradouro_completo":"R LIBERO BADARO","cd_numero_porta":"94","tx_complemento_endereco":"100 106 E 110","tx_situ_lote":"ATIVO","cd_tipo_uso_imovel":"31","dc_tipo_uso_imovel":"Não residencial","cd_tipo_terreno_imovel":1,"qt_area_terreno":268,"qt_area_construida":1597}}},{"type":"Feature","geometry":{"type":"Polygon","coordinates":[[[-45.028587,-23.529174],[-45.028585,-23.529251],[-45.028584,-23.529198],[-45.028584,-23.529205],[-45.028583,-23.529119],[-45.028584,-23.529092],[-45.028585,-23.529174],[-45.028586,-23.529152],[-45.028587,-23.529174]]]},"properties":{"sqlu":"SP-005-979319","inscription":"SP-GEOSAMPA-1979319","inscricaoImobiliaria":"SP-IMO-1979319","setor":"005","quadra":"006","lote":"0000","sourceType":"OFFICIAL_IMPORT","mainAddress":"Setor Fiscal 005","zoneamento":"RESIDENCIAL","statusCadastral":"ATIVO","workflowStatus":"PENDENTE","isOfficial":true,"rawProperties":{"cd_identificador":1979319,"cd_identificador_original_lote":8892102,"cd_setor_fiscal":"005","cd_tipo_quadra":"F","tx_tipo_quadra":"FISCAL","cd_quadra_fiscal":"006","cd_subquadra_fiscal":null,"cd_condominio":"02","cd_tipo_lote":"F","tx_tipo_lote":"FISCAL","cd_lote":"0000","cd_situacao":1,"cd_digito_sql":null,"cd_logradouro":"073369","nm_logradouro_completo":"R S FRANCISCO","cd_numero_porta":"80 84","tx_complemento_endereco":null,"tx_situ_lote":null,"cd_tipo_uso_imovel":"XX","dc_tipo_uso_imovel":"Condomínio","cd_tipo_terreno_imovel":99,"qt_area_terreno":145,"qt_area_construida":null}}},{"type":"Feature","geometry":{"type":"Polygon","coordinates":[[[-45.028457,-23.533836],[-45.028457,-23.533825],[-45.028458,-23.533999],[-45.028458,-23.534002],[-45.028458,-23.534011],[-45.028457,-23.533978],[-45.028457,-23.533973],[-45.028457,-23.533912],[-45.028457,-23.533836]]]},"properties":{"sqlu":"SP-005-979809","inscription":"SP-GEOSAMPA-1979809","inscricaoImobiliaria":"SP-IMO-1979809","setor":"005","quadra":"043","lote":"0026","sourceType":"OFFICIAL_IMPORT","mainAddress":"Setor Fiscal 005","zoneamento":"RESIDENCIAL","statusCadastral":"ATIVO","workflowStatus":"PENDENTE","isOfficial":true,"rawProperties":{"cd_identificador":1979809,"cd_identificador_original_lote":8892170,"cd_setor_fiscal":"005","cd_tipo_quadra":"F","tx_tipo_quadra":"FISCAL","cd_quadra_fiscal":"043","cd_subquadra_fiscal":null,"cd_condominio":"00","cd_tipo_lote":"F","tx_tipo_lote":"FISCAL","cd_lote":"0026","cd_situacao":1,"cd_digito_sql":"1","cd_logradouro":"044873","nm_logradouro_completo":"R CAROLINA AUGUSTA","cd_numero_porta":"55","tx_complemento_endereco":"ANTIGO  13","tx_situ_lote":"ATIVO","cd_tipo_uso_imovel":"10","dc_tipo_uso_imovel":"Residencial","cd_tipo_terreno_imovel":1,"qt_area_terreno":100,"qt_area_construida":70}}},{"type":"Feature","geometry":{"type":"Polygon","coordinates":[[[-45.02844,-23.535569],[-45.02844,-23.535574],[-45.02844,-23.535706],[-45.02844,-23.535719],[-45.02844,-23.535717],[-45.02844,-23.535715],[-45.028439,-23.535714],[-45.028439,-23.53567],[-45.028439,-23.535663],[-45.02844,-23.535569]]]},"properties":{"sqlu":"SP-005-979813","inscription":"SP-GEOSAMPA-1979813","inscricaoImobiliaria":"SP-IMO-1979813","setor":"005","quadra":"057","lote":"0004","sourceType":"OFFICIAL_IMPORT","mainAddress":"Setor Fiscal 005","zoneamento":"RESIDENCIAL","statusCadastral":"ATIVO","workflowStatus":"PENDENTE","isOfficial":true,"rawProperties":{"cd_identificador":1979813,"cd_identificador_original_lote":8890280,"cd_setor_fiscal":"005","cd_tipo_quadra":"F","tx_tipo_quadra":"FISCAL","cd_quadra_fiscal":"057","cd_subquadra_fiscal":null,"cd_condominio":"00","cd_tipo_lote":"F","tx_tipo_lote":"FISCAL","cd_lote":"0004","cd_situacao":1,"cd_digito_sql":"2","cd_logradouro":"067083","nm_logradouro_completo":"R DOS ESTUDANTES","cd_numero_porta":"556","tx_complemento_endereco":null,"tx_situ_lote":"ATIVO","cd_tipo_uso_imovel":"10","dc_tipo_uso_imovel":"Residencial","cd_tipo_terreno_imovel":1,"qt_area_terreno":75,"qt_area_construida":40}}},{"type":"Feature","geometry":{"type":"Polygon","coordinates":[[[-45.028574,-23.531336],[-45.028574,-23.531389],[-45.028571,-23.531579],[-45.02857,-23.531448],[-45.028574,-23.531336]]]},"properties":{"sqlu":"SP-005-980065","inscription":"SP-GEOSAMPA-1980065","inscricaoImobiliaria":"SP-IMO-1980065","setor":"005","quadra":"019","lote":"1034","sourceType":"OFFICIAL_IMPORT","mainAddress":"Setor Fiscal 005","zoneamento":"RESIDENCIAL","statusCadastral":"ATIVO","workflowStatus":"PENDENTE","isOfficial":true,"rawProperties":{"cd_identificador":1980065,"cd_identificador_original_lote":8890535,"cd_setor_fiscal":"005","cd_tipo_quadra":"F","tx_tipo_quadra":"FISCAL","cd_quadra_fiscal":"019","cd_subquadra_fiscal":null,"cd_condominio":"00","cd_tipo_lote":"F","tx_tipo_lote":"FISCAL","cd_lote":"1034","cd_situacao":1,"cd_digito_sql":"4","cd_logradouro":"197645","nm_logradouro_completo":"AV VINTE E TRES DE MAIO","cd_numero_porta":"S/N","tx_complemento_endereco":null,"tx_situ_lote":"ATIVO","cd_tipo_uso_imovel":"00","dc_tipo_uso_imovel":"Terreno","cd_tipo_terreno_imovel":2,"qt_area_terreno":211,"qt_area_construida":0}}},{"type":"Feature","geometry":{"type":"Polygon","coordinates":[[[-45.028486,-23.538568],[-45.028487,-23.538571],[-45.028487,-23.538572],[-45.028488,-23.538575],[-45.028488,-23.538751],[-45.028488,-23.538764],[-45.028487,-23.538815],[-45.028486,-23.53882],[-45.028487,-23.538764],[-45.028487,-23.538759],[-45.028487,-23.538756],[-45.028486,-23.538755],[-45.028486,-23.538704],[-45.028486,-23.538668],[-45.028486,-23.538668],[-45.028486,-23.538641],[-45.028486,-23.538568]]]},"properties":{"sqlu":"SP-005-979710","inscription":"SP-GEOSAMPA-1979710","inscricaoImobiliaria":"SP-IMO-1979710","setor":"005","quadra":"071","lote":"0483","sourceType":"OFFICIAL_IMPORT","mainAddress":"Setor Fiscal 005","zoneamento":"RESIDENCIAL","statusCadastral":"ATIVO","workflowStatus":"PENDENTE","isOfficial":true,"rawProperties":{"cd_identificador":1979710,"cd_identificador_original_lote":8891219,"cd_setor_fiscal":"005","cd_tipo_quadra":"F","tx_tipo_quadra":"FISCAL","cd_quadra_fiscal":"071","cd_subquadra_fiscal":null,"cd_condominio":"00","cd_tipo_lote":"F","tx_tipo_lote":"FISCAL","cd_lote":"0483","cd_situacao":1,"cd_digito_sql":"8","cd_logradouro":"090328","nm_logradouro_completo":"R BR DE IGUAPE","cd_numero_porta":"456","tx_complemento_endereco":"E 466","tx_situ_lote":"ATIVO","cd_tipo_uso_imovel":"14","dc_tipo_uso_imovel":"Residencial","cd_tipo_terreno_imovel":1,"qt_area_terreno":299,"qt_area_construida":374}}},{"type":"Feature","geometry":{"type":"Polygon","coordinates":[[[-45.02852,-23.535633],[-45.02852,-23.535544],[-45.028526,-23.535555],[-45.028526,-23.535603],[-45.028526,-23.53565],[-45.028525,-23.535646],[-45.02852,-23.535633]]]},"properties":{"sqlu":"SP-005-980080","inscription":"SP-GEOSAMPA-1980080","inscricaoImobiliaria":"SP-IMO-1980080","setor":"005","quadra":"039","lote":"1140","sourceType":"OFFICIAL_IMPORT","mainAddress":"Setor Fiscal 005","zoneamento":"RESIDENCIAL","statusCadastral":"ATIVO","workflowStatus":"PENDENTE","isOfficial":true,"rawProperties":{"cd_identificador":1980080,"cd_identificador_original_lote":8891057,"cd_setor_fiscal":"005","cd_tipo_quadra":"F","tx_tipo_quadra":"FISCAL","cd_quadra_fiscal":"039","cd_subquadra_fiscal":null,"cd_condominio":"00","cd_tipo_lote":"F","tx_tipo_lote":"FISCAL","cd_lote":"1140","cd_situacao":1,"cd_digito_sql":"2","cd_logradouro":"080292","nm_logradouro_completo":"R DA GLORIA","cd_numero_porta":"234","tx_complemento_endereco":"236 E 240","tx_situ_lote":"ATIVO","cd_tipo_uso_imovel":"43","dc_tipo_uso_imovel":"Não residencial","cd_tipo_terreno_imovel":1,"qt_area_terreno":328,"qt_area_construida":437}}},{"type":"Feature","geometry":{"type":"Polygon","coordinates":[[[-45.028442,-23.536784],[-45.028443,-23.53679],[-45.028443,-23.536831],[-45.028442,-23.537008],[-45.028442,-23.537056],[-45.028441,-23.537054],[-45.028441,-23.537003],[-45.028442,-23.536827],[-45.028442,-23.536784]]]},"properties":{"sqlu":"SP-005-979964","inscription":"SP-GEOSAMPA-1979964","inscricaoImobiliaria":"SP-IMO-1979964","setor":"005","quadra":"092","lote":"0025","sourceType":"OFFICIAL_IMPORT","mainAddress":"Setor Fiscal 005","zoneamento":"RESIDENCIAL","statusCadastral":"ATIVO","workflowStatus":"PENDENTE","isOfficial":true,"rawProperties":{"cd_identificador":1979964,"cd_identificador_original_lote":8890331,"cd_setor_fiscal":"005","cd_tipo_quadra":"F","tx_tipo_quadra":"FISCAL","cd_quadra_fiscal":"092","cd_subquadra_fiscal":null,"cd_condominio":"00","cd_tipo_lote":"F","tx_tipo_lote":"FISCAL","cd_lote":"0025","cd_situacao":1,"cd_digito_sql":"7","cd_logradouro":"156744","nm_logradouro_completo":"R S PAULO","cd_numero_porta":"319","tx_complemento_endereco":null,"tx_situ_lote":"ATIVO","cd_tipo_uso_imovel":"60","dc_tipo_uso_imovel":"Não residencial","cd_tipo_terreno_imovel":1,"qt_area_terreno":179,"qt_area_construida":200}}},{"type":"Feature","geometry":{"type":"Polygon","coordinates":[[[-45.02846,-23.535854],[-45.02846,-23.535835],[-45.02846,-23.535796],[-45.028463,-23.535806],[-45.028463,-23.535865],[-45.028461,-23.535859],[-45.028461,-23.535858],[-45.028461,-23.535857],[-45.02846,-23.535854]]]},"properties":{"sqlu":"SP-005-980099","inscription":"SP-GEOSAMPA-1980099","inscricaoImobiliaria":"SP-IMO-1980099","setor":"005","quadra":"093","lote":"0004","sourceType":"OFFICIAL_IMPORT","mainAddress":"Setor Fiscal 005","zoneamento":"RESIDENCIAL","statusCadastral":"ATIVO","workflowStatus":"PENDENTE","isOfficial":true,"rawProperties":{"cd_identificador":1980099,"cd_identificador_original_lote":8891816,"cd_setor_fiscal":"005","cd_tipo_quadra":"F","tx_tipo_quadra":"FISCAL","cd_quadra_fiscal":"093","cd_subquadra_fiscal":null,"cd_condominio":"00","cd_tipo_lote":"F","tx_tipo_lote":"FISCAL","cd_lote":"0004","cd_situacao":1,"cd_digito_sql":"9","cd_logradouro":"012190","nm_logradouro_completo":"R EGAS MONIZ DE ARAGAO","cd_numero_porta":"23","tx_complemento_endereco":null,"tx_situ_lote":"ATIVO","cd_tipo_uso_imovel":"10","dc_tipo_uso_imovel":"Residencial","cd_tipo_terreno_imovel":1,"qt_area_terreno":70,"qt_area_construida":60}}},{"type":"Feature","geometry":{"type":"Polygon","coordinates":[[[-45.028432,-23.535614],[-45.028432,-23.535662],[-45.02843,-23.535716],[-45.02843,-23.53567],[-45.028431,-23.535628],[-45.028432,-23.535614]]]},"properties":{"sqlu":"SP-005-979899","inscription":"SP-GEOSAMPA-1979899","inscricaoImobiliaria":"SP-IMO-1979899","setor":"005","quadra":"089","lote":"0020","sourceType":"OFFICIAL_IMPORT","mainAddress":"Setor Fiscal 005","zoneamento":"RESIDENCIAL","statusCadastral":"ATIVO","workflowStatus":"PENDENTE","isOfficial":true,"rawProperties":{"cd_identificador":1979899,"cd_identificador_original_lote":8891792,"cd_setor_fiscal":"005","cd_tipo_quadra":"F","tx_tipo_quadra":"FISCAL","cd_quadra_fiscal":"089","cd_subquadra_fiscal":null,"cd_condominio":"00","cd_tipo_lote":"F","tx_tipo_lote":"FISCAL","cd_lote":"0020","cd_situacao":1,"cd_digito_sql":"4","cd_logradouro":"067105","nm_logradouro_completo":"VL DOS ESTUDANTES","cd_numero_porta":"7","tx_complemento_endereco":null,"tx_situ_lote":"ATIVO","cd_tipo_uso_imovel":"10","dc_tipo_uso_imovel":"Residencial","cd_tipo_terreno_imovel":1,"qt_area_terreno":74,"qt_area_construida":40}}},{"type":"Feature","geometry":{"type":"Polygon","coordinates":[[[-45.028513,-23.536203],[-45.028513,-23.536161],[-45.028514,-23.536163],[-45.028517,-23.536176],[-45.028517,-23.536213],[-45.028517,-23.536218],[-45.028513,-23.536203]]]},"properties":{"sqlu":"SP-005-979916","inscription":"SP-GEOSAMPA-1979916","inscricaoImobiliaria":"SP-IMO-1979916","setor":"005","quadra":"052","lote":"0006","sourceType":"OFFICIAL_IMPORT","mainAddress":"Setor Fiscal 005","zoneamento":"RESIDENCIAL","statusCadastral":"ATIVO","workflowStatus":"PENDENTE","isOfficial":true,"rawProperties":{"cd_identificador":1979916,"cd_identificador_original_lote":8890258,"cd_setor_fiscal":"005","cd_tipo_quadra":"F","tx_tipo_quadra":"FISCAL","cd_quadra_fiscal":"052","cd_subquadra_fiscal":null,"cd_condominio":"00","cd_tipo_lote":"F","tx_tipo_lote":"FISCAL","cd_lote":"0006","cd_situacao":1,"cd_digito_sql":"6","cd_logradouro":"080292","nm_logradouro_completo":"R DA GLORIA","cd_numero_porta":"303","tx_complemento_endereco":null,"tx_situ_lote":"ATIVO","cd_tipo_uso_imovel":"40","dc_tipo_uso_imovel":"Não residencial","cd_tipo_terreno_imovel":1,"qt_area_terreno":86,"qt_area_construida":100}}},{"type":"Feature","geometry":{"type":"Polygon","coordinates":[[[-45.028514,-23.533944],[-45.028514,-23.533697],[-45.028514,-23.533666],[-45.02852,-23.533877],[-45.02852,-23.533904],[-45.02852,-23.533961],[-45.028519,-23.533959],[-45.028518,-23.533957],[-45.028518,-23.533955],[-45.028516,-23.533952],[-45.028514,-23.533944]]]},"properties":{"sqlu":"SP-005-979952","inscription":"SP-GEOSAMPA-1979952","inscricaoImobiliaria":"SP-IMO-1979952","setor":"005","quadra":"040","lote":"0000","sourceType":"OFFICIAL_IMPORT","mainAddress":"Setor Fiscal 005","zoneamento":"RESIDENCIAL","statusCadastral":"ATIVO","workflowStatus":"PENDENTE","isOfficial":true,"rawProperties":{"cd_identificador":1979952,"cd_identificador_original_lote":8890927,"cd_setor_fiscal":"005","cd_tipo_quadra":"F","tx_tipo_quadra":"FISCAL","cd_quadra_fiscal":"040","cd_subquadra_fiscal":null,"cd_condominio":"02","cd_tipo_lote":"F","tx_tipo_lote":"FISCAL","cd_lote":"0000","cd_situacao":1,"cd_digito_sql":null,"cd_logradouro":"162493","nm_logradouro_completo":"R CD DO PINHAL","cd_numero_porta":"4 20","tx_complemento_endereco":null,"tx_situ_lote":null,"cd_tipo_uso_imovel":"XX","dc_tipo_uso_imovel":"Condomínio","cd_tipo_terreno_imovel":99,"qt_area_terreno":732,"qt_area_construida":null}}},{"type":"Feature","geometry":{"type":"Polygon","coordinates":[[[-45.028441,-23.535461],[-45.028441,-23.535365],[-45.028441,-23.535334],[-45.028441,-23.535281],[-45.028442,-23.535279],[-45.028442,-23.535465],[-45.028441,-23.535461]]]},"properties":{"sqlu":"SP-005-980315","inscription":"SP-GEOSAMPA-1980315","inscricaoImobiliaria":"SP-IMO-1980315","setor":"005","quadra":"046","lote":"0067","sourceType":"OFFICIAL_IMPORT","mainAddress":"Setor Fiscal 005","zoneamento":"RESIDENCIAL","statusCadastral":"ATIVO","workflowStatus":"PENDENTE","isOfficial":true,"rawProperties":{"cd_identificador":1980315,"cd_identificador_original_lote":8891305,"cd_setor_fiscal":"005","cd_tipo_quadra":"F","tx_tipo_quadra":"FISCAL","cd_quadra_fiscal":"046","cd_subquadra_fiscal":null,"cd_condominio":"00","cd_tipo_lote":"F","tx_tipo_lote":"FISCAL","cd_lote":"0067","cd_situacao":1,"cd_digito_sql":"2","cd_logradouro":"067083","nm_logradouro_completo":"R DOS ESTUDANTES","cd_numero_porta":"549","tx_complemento_endereco":null,"tx_situ_lote":"ATIVO","cd_tipo_uso_imovel":"10","dc_tipo_uso_imovel":"Residencial","cd_tipo_terreno_imovel":1,"qt_area_terreno":102,"qt_area_construida":70}}},{"type":"Feature","geometry":{"type":"Polygon","coordinates":[[[-45.028441,-23.535461],[-45.02844,-23.535459],[-45.02844,-23.535458],[-45.02844,-23.535281],[-45.02844,-23.535281],[-45.028441,-23.53528],[-45.028441,-23.535281],[-45.028441,-23.535334],[-45.028441,-23.535365],[-45.028441,-23.535461]]]},"properties":{"sqlu":"SP-005-980316","inscription":"SP-GEOSAMPA-1980316","inscricaoImobiliaria":"SP-IMO-1980316","setor":"005","quadra":"046","lote":"0068","sourceType":"OFFICIAL_IMPORT","mainAddress":"Setor Fiscal 005","zoneamento":"RESIDENCIAL","statusCadastral":"ATIVO","workflowStatus":"PENDENTE","isOfficial":true,"rawProperties":{"cd_identificador":1980316,"cd_identificador_original_lote":8891306,"cd_setor_fiscal":"005","cd_tipo_quadra":"F","tx_tipo_quadra":"FISCAL","cd_quadra_fiscal":"046","cd_subquadra_fiscal":null,"cd_condominio":"00","cd_tipo_lote":"F","tx_tipo_lote":"FISCAL","cd_lote":"0068","cd_situacao":1,"cd_digito_sql":"0","cd_logradouro":"067083","nm_logradouro_completo":"R DOS ESTUDANTES","cd_numero_porta":"559","tx_complemento_endereco":null,"tx_situ_lote":"ATIVO","cd_tipo_uso_imovel":"10","dc_tipo_uso_imovel":"Residencial","cd_tipo_terreno_imovel":1,"qt_area_terreno":76,"qt_area_construida":50}}},{"type":"Feature","geometry":{"type":"Polygon","coordinates":[[[-45.028405,-23.53254],[-45.028405,-23.532613],[-45.028405,-23.532714],[-45.028404,-23.5327],[-45.028402,-23.532666],[-45.028403,-23.532589],[-45.028403,-23.532583],[-45.028403,-23.532578],[-45.028403,-23.532572],[-45.028403,-23.532567],[-45.028404,-23.532562],[-45.028404,-23.532557],[-45.028404,-23.532553],[-45.028404,-23.53255],[-45.028404,-23.532546],[-45.028404,-23.532544],[-45.028404,-23.532541],[-45.028404,-23.53254],[-45.028404,-23.532538],[-45.028405,-23.53254]]]},"properties":{"sqlu":"SP-005-980318","inscription":"SP-GEOSAMPA-1980318","inscricaoImobiliaria":"SP-IMO-1980318","setor":"005","quadra":"076","lote":"0151","sourceType":"OFFICIAL_IMPORT","mainAddress":"Setor Fiscal 005","zoneamento":"RESIDENCIAL","statusCadastral":"ATIVO","workflowStatus":"PENDENTE","isOfficial":true,"rawProperties":{"cd_identificador":1980318,"cd_identificador_original_lote":8891752,"cd_setor_fiscal":"005","cd_tipo_quadra":"F","tx_tipo_quadra":"FISCAL","cd_quadra_fiscal":"076","cd_subquadra_fiscal":null,"cd_condominio":"00","cd_tipo_lote":"F","tx_tipo_lote":"FISCAL","cd_lote":"0151","cd_situacao":1,"cd_digito_sql":"3","cd_logradouro":"185566","nm_logradouro_completo":"R TABATINGUERA","cd_numero_porta":"548","tx_complemento_endereco":"550","tx_situ_lote":"ATIVO","cd_tipo_uso_imovel":"40","dc_tipo_uso_imovel":"Não residencial","cd_tipo_terreno_imovel":1,"qt_area_terreno":263,"qt_area_construida":524}}},{"type":"Feature","geometry":{"type":"Polygon","coordinates":[[[-45.02844,-23.535173],[-45.028443,-23.535157],[-45.028443,-23.535195],[-45.028443,-23.535198],[-45.028442,-23.535202],[-45.028441,-23.535212],[-45.02844,-23.535173]]]},"properties":{"sqlu":"SP-005-980475","inscription":"SP-GEOSAMPA-1980475","inscricaoImobiliaria":"SP-IMO-1980475","setor":"005","quadra":"046","lote":"0083","sourceType":"OFFICIAL_IMPORT","mainAddress":"Setor Fiscal 005","zoneamento":"RESIDENCIAL","statusCadastral":"ATIVO","workflowStatus":"PENDENTE","isOfficial":true,"rawProperties":{"cd_identificador":1980475,"cd_identificador_original_lote":8891301,"cd_setor_fiscal":"005","cd_tipo_quadra":"F","tx_tipo_quadra":"FISCAL","cd_quadra_fiscal":"046","cd_subquadra_fiscal":null,"cd_condominio":"00","cd_tipo_lote":"F","tx_tipo_lote":"FISCAL","cd_lote":"0083","cd_situacao":1,"cd_digito_sql":"4","cd_logradouro":"185167","nm_logradouro_completo":"VL SUICA","cd_numero_porta":"24","tx_complemento_endereco":null,"tx_situ_lote":"ATIVO","cd_tipo_uso_imovel":"10","dc_tipo_uso_imovel":"Residencial","cd_tipo_terreno_imovel":1,"qt_area_terreno":84,"qt_area_construida":60}}},{"type":"Feature","geometry":{"type":"Polygon","coordinates":[[[-45.028546,-23.531047],[-45.028547,-23.531125],[-45.028545,-23.531141],[-45.028545,-23.531152],[-45.028544,-23.531159],[-45.028542,-23.531203],[-45.028541,-23.531231],[-45.02854,-23.531137],[-45.028542,-23.531112],[-45.028542,-23.531105],[-45.028543,-23.531087],[-45.028544,-23.531081],[-45.028544,-23.531074],[-45.028545,-23.531063],[-45.028546,-23.531047]]]},"properties":{"sqlu":"SP-005-980341","inscription":"SP-GEOSAMPA-1980341","inscricaoImobiliaria":"SP-IMO-1980341","setor":"005","quadra":"020","lote":"0038","sourceType":"OFFICIAL_IMPORT","mainAddress":"Setor Fiscal 005","zoneamento":"RESIDENCIAL","statusCadastral":"ATIVO","workflowStatus":"PENDENTE","isOfficial":true,"rawProperties":{"cd_identificador":1980341,"cd_identificador_original_lote":8891572,"cd_setor_fiscal":"005","cd_tipo_quadra":"F","tx_tipo_quadra":"FISCAL","cd_quadra_fiscal":"020","cd_subquadra_fiscal":null,"cd_condominio":"00","cd_tipo_lote":"F","tx_tipo_lote":"FISCAL","cd_lote":"0038","cd_situacao":1,"cd_digito_sql":"4","cd_logradouro":"167444","nm_logradouro_completo":"R QUINTINO BOCAIUVA","cd_numero_porta":"254","tx_complemento_endereco":"258 E 262","tx_situ_lote":"ATIVO","cd_tipo_uso_imovel":"40","dc_tipo_uso_imovel":"Não residencial","cd_tipo_terreno_imovel":1,"qt_area_terreno":361,"qt_area_construida":600}}},{"type":"Feature","geometry":{"type":"Polygon","coordinates":[[[-45.02857,-23.534511],[-45.02857,-23.534512],[-45.028571,-23.534515],[-45.028571,-23.534523],[-45.028572,-23.534659],[-45.028575,-23.534868],[-45.028575,-23.534871],[-45.028575,-23.534875],[-45.028575,-23.53488],[-45.028575,-23.534883],[-45.028575,-23.534884],[-45.028575,-23.534881],[-45.028575,-23.53488],[-45.028574,-23.53488],[-45.028574,-23.534887],[-45.028573,-23.534897],[-45.028573,-23.534916],[-45.028572,-23.534942],[-45.028572,-23.53496],[-45.028572,-23.53497],[-45.028572,-23.534982],[-45.028572,-23.534993],[-45.028571,-23.535004],[-45.028571,-23.53502],[-45.028571,-23.535033],[-45.028571,-23.535057],[-45.028571,-23.535091],[-45.028571,-23.534992],[-45.02857,-23.534789],[-45.02857,-23.534777],[-45.02857,-23.534764],[-45.02857,-23.534737],[-45.02857,-23.534708],[-45.02857,-23.534687],[-45.02857,-23.534517],[-45.02857,-23.534513],[-45.02857,-23.534511]]]},"properties":{"sqlu":"SP-005-980728","inscription":"SP-GEOSAMPA-1980728","inscricaoImobiliaria":"SP-IMO-1980728","setor":"005","quadra":"001","lote":"0006","sourceType":"OFFICIAL_IMPORT","mainAddress":"Setor Fiscal 005","zoneamento":"RESIDENCIAL","statusCadastral":"ATIVO","workflowStatus":"PENDENTE","isOfficial":true,"rawProperties":{"cd_identificador":1980728,"cd_identificador_original_lote":8892066,"cd_setor_fiscal":"005","cd_tipo_quadra":"M","tx_tipo_quadra":"MUNICIPAL","cd_quadra_fiscal":"001","cd_subquadra_fiscal":null,"cd_condominio":"00","cd_tipo_lote":"M","tx_tipo_lote":"MUNICIPAL","cd_lote":"0006","cd_situacao":1,"cd_digito_sql":null,"cd_logradouro":null,"nm_logradouro_completo":null,"cd_numero_porta":null,"tx_complemento_endereco":null,"tx_situ_lote":null,"cd_tipo_uso_imovel":null,"dc_tipo_uso_imovel":null,"cd_tipo_terreno_imovel":null,"qt_area_terreno":null,"qt_area_construida":null}}},{"type":"Feature","geometry":{"type":"Polygon","coordinates":[[[-45.028514,-23.539277],[-45.028514,-23.539271],[-45.028515,-23.539138],[-45.028515,-23.539138],[-45.028515,-23.539139],[-45.028518,-23.539172],[-45.02852,-23.539185],[-45.02852,-23.539225],[-45.028521,-23.539257],[-45.028517,-23.539406],[-45.028517,-23.53939],[-45.028516,-23.53934],[-45.028514,-23.539277]]]},"properties":{"sqlu":"SP-005-980730","inscription":"SP-GEOSAMPA-1980730","inscricaoImobiliaria":"SP-IMO-1980730","setor":"005","quadra":"069","lote":"0000","sourceType":"OFFICIAL_IMPORT","mainAddress":"Setor Fiscal 005","zoneamento":"RESIDENCIAL","statusCadastral":"ATIVO","workflowStatus":"PENDENTE","isOfficial":true,"rawProperties":{"cd_identificador":1980730,"cd_identificador_original_lote":8891430,"cd_setor_fiscal":"005","cd_tipo_quadra":"F","tx_tipo_quadra":"FISCAL","cd_quadra_fiscal":"069","cd_subquadra_fiscal":null,"cd_condominio":"08","cd_tipo_lote":"F","tx_tipo_lote":"FISCAL","cd_lote":"0000","cd_situacao":1,"cd_digito_sql":null,"cd_logradouro":"080292","nm_logradouro_completo":"R DA GLORIA","cd_numero_porta":"632","tx_complemento_endereco":null,"tx_situ_lote":null,"cd_tipo_uso_imovel":"XX","dc_tipo_uso_imovel":"Condomínio","cd_tipo_terreno_imovel":99,"qt_area_terreno":654,"qt_area_construida":null}}},{"type":"Feature","geometry":{"type":"Polygon","coordinates":[[[-45.028468,-23.539632],[-45.028468,-23.539596],[-45.028468,-23.539591],[-45.028472,-23.539589],[-45.028472,-23.539593],[-45.028472,-23.539625],[-45.028472,-23.539628],[-45.028471,-23.539629],[-45.028468,-23.539632]]]},"properties":{"sqlu":"SP-005-980445","inscription":"SP-GEOSAMPA-1980445","inscricaoImobiliaria":"SP-IMO-1980445","setor":"005","quadra":"072","lote":"0015","sourceType":"OFFICIAL_IMPORT","mainAddress":"Setor Fiscal 005","zoneamento":"RESIDENCIAL","statusCadastral":"ATIVO","workflowStatus":"PENDENTE","isOfficial":true,"rawProperties":{"cd_identificador":1980445,"cd_identificador_original_lote":8891947,"cd_setor_fiscal":"005","cd_tipo_quadra":"F","tx_tipo_quadra":"FISCAL","cd_quadra_fiscal":"072","cd_subquadra_fiscal":null,"cd_condominio":"00","cd_tipo_lote":"F","tx_tipo_lote":"FISCAL","cd_lote":"0015","cd_situacao":1,"cd_digito_sql":"2","cd_logradouro":"183270","nm_logradouro_completo":"R SINIMBU","cd_numero_porta":"256","tx_complemento_endereco":null,"tx_situ_lote":"ATIVO","cd_tipo_uso_imovel":"10","dc_tipo_uso_imovel":"Residencial","cd_tipo_terreno_imovel":1,"qt_area_terreno":108,"qt_area_construida":80}}},{"type":"Feature","geometry":{"type":"Polygon","coordinates":[[[-45.02849,-23.538302],[-45.028489,-23.538424],[-45.028488,-23.53842],[-45.028488,-23.538297],[-45.028489,-23.538299],[-45.02849,-23.538302]]]},"properties":{"sqlu":"SP-005-980646","inscription":"SP-GEOSAMPA-1980646","inscricaoImobiliaria":"SP-IMO-1980646","setor":"005","quadra":"064","lote":"0018","sourceType":"OFFICIAL_IMPORT","mainAddress":"Setor Fiscal 005","zoneamento":"RESIDENCIAL","statusCadastral":"ATIVO","workflowStatus":"PENDENTE","isOfficial":true,"rawProperties":{"cd_identificador":1980646,"cd_identificador_original_lote":8891174,"cd_setor_fiscal":"005","cd_tipo_quadra":"F","tx_tipo_quadra":"FISCAL","cd_quadra_fiscal":"064","cd_subquadra_fiscal":null,"cd_condominio":"00","cd_tipo_lote":"F","tx_tipo_lote":"FISCAL","cd_lote":"0018","cd_situacao":1,"cd_digito_sql":"2","cd_logradouro":"090328","nm_logradouro_completo":"R BR DE IGUAPE","cd_numero_porta":"451","tx_complemento_endereco":"E 455","tx_situ_lote":"ATIVO","cd_tipo_uso_imovel":"43","dc_tipo_uso_imovel":"Não residencial","cd_tipo_terreno_imovel":1,"qt_area_terreno":118,"qt_area_construida":250}}},{"type":"Feature","geometry":{"type":"Polygon","coordinates":[[[-45.028499,-23.538614],[-45.028499,-23.538889],[-45.028498,-23.538883],[-45.028498,-23.538609],[-45.028499,-23.538614]]]},"properties":{"sqlu":"SP-005-980713","inscription":"SP-GEOSAMPA-1980713","inscricaoImobiliaria":"SP-IMO-1980713","setor":"005","quadra":"070","lote":"0000","sourceType":"OFFICIAL_IMPORT","mainAddress":"Setor Fiscal 005","zoneamento":"RESIDENCIAL","statusCadastral":"ATIVO","workflowStatus":"PENDENTE","isOfficial":true,"rawProperties":{"cd_identificador":1980713,"cd_identificador_original_lote":8890445,"cd_setor_fiscal":"005","cd_tipo_quadra":"F","tx_tipo_quadra":"FISCAL","cd_quadra_fiscal":"070","cd_subquadra_fiscal":null,"cd_condominio":"03","cd_tipo_lote":"F","tx_tipo_lote":"FISCAL","cd_lote":"0000","cd_situacao":1,"cd_digito_sql":null,"cd_logradouro":"076643","nm_logradouro_completo":"R CONS FURTADO","cd_numero_porta":"622 630 644","tx_complemento_endereco":null,"tx_situ_lote":null,"cd_tipo_uso_imovel":"XX","dc_tipo_uso_imovel":"Condomínio","cd_tipo_terreno_imovel":99,"qt_area_terreno":288,"qt_area_construida":null}}},{"type":"Feature","geometry":{"type":"Polygon","coordinates":[[[-45.028443,-23.53761],[-45.028443,-23.537574],[-45.028451,-23.53757],[-45.028451,-23.537616],[-45.028447,-23.537613],[-45.028443,-23.53761]]]},"properties":{"sqlu":"SP-005-981031","inscription":"SP-GEOSAMPA-1981031","inscricaoImobiliaria":"SP-IMO-1981031","setor":"005","quadra":"066","lote":"0061","sourceType":"OFFICIAL_IMPORT","mainAddress":"Setor Fiscal 005","zoneamento":"RESIDENCIAL","statusCadastral":"ATIVO","workflowStatus":"PENDENTE","isOfficial":true,"rawProperties":{"cd_identificador":1981031,"cd_identificador_original_lote":8890407,"cd_setor_fiscal":"005","cd_tipo_quadra":"F","tx_tipo_quadra":"FISCAL","cd_quadra_fiscal":"066","cd_subquadra_fiscal":null,"cd_condominio":"00","cd_tipo_lote":"F","tx_tipo_lote":"FISCAL","cd_lote":"0061","cd_situacao":1,"cd_digito_sql":"0","cd_logradouro":"080241","nm_logradouro_completo":"R GLICERIO","cd_numero_porta":"580","tx_complemento_endereco":null,"tx_situ_lote":"ATIVO","cd_tipo_uso_imovel":"31","dc_tipo_uso_imovel":"Não residencial","cd_tipo_terreno_imovel":1,"qt_area_terreno":279,"qt_area_construida":826}}},{"type":"Feature","geometry":{"type":"Polygon","coordinates":[[[-45.028544,-23.536362],[-45.028544,-23.536295],[-45.028543,-23.536289],[-45.028543,-23.536288],[-45.028541,-23.536283],[-45.02854,-23.536279],[-45.028539,-23.536274],[-45.028538,-23.536271],[-45.028537,-23.536265],[-45.028537,-23.536195],[-45.028543,-23.536219],[-45.028544,-23.536224],[-45.028544,-23.536266],[-45.028545,-23.53627],[-45.028546,-23.536276],[-45.028548,-23.536284],[-45.028549,-23.536291],[-45.028549,-23.536302],[-45.02855,-23.53636],[-45.02855,-23.536377],[-45.028544,-23.536362]]]},"properties":{"sqlu":"SP-005-980546","inscription":"SP-GEOSAMPA-1980546","inscricaoImobiliaria":"SP-IMO-1980546","setor":"005","quadra":"079","lote":"0024","sourceType":"OFFICIAL_IMPORT","mainAddress":"Setor Fiscal 005","zoneamento":"RESIDENCIAL","statusCadastral":"ATIVO","workflowStatus":"PENDENTE","isOfficial":true,"rawProperties":{"cd_identificador":1980546,"cd_identificador_original_lote":8890196,"cd_setor_fiscal":"005","cd_tipo_quadra":"F","tx_tipo_quadra":"FISCAL","cd_quadra_fiscal":"079","cd_subquadra_fiscal":null,"cd_condominio":"00","cd_tipo_lote":"F","tx_tipo_lote":"FISCAL","cd_lote":"0024","cd_situacao":1,"cd_digito_sql":"3","cd_logradouro":"118184","nm_logradouro_completo":"AV DA LIBERDADE","cd_numero_porta":"363","tx_complemento_endereco":null,"tx_situ_lote":"ATIVO","cd_tipo_uso_imovel":"40","dc_tipo_uso_imovel":"Não residencial","cd_tipo_terreno_imovel":3,"qt_area_terreno":662,"qt_area_construida":3498}}},{"type":"Feature","geometry":{"type":"Polygon","coordinates":[[[-45.028544,-23.536362],[-45.028544,-23.536409],[-45.028544,-23.536427],[-45.028537,-23.536399],[-45.028537,-23.536396],[-45.028537,-23.536332],[-45.028538,-23.536336],[-45.02854,-23.536343],[-45.028541,-23.536348],[-45.028543,-23.536355],[-45.028543,-23.536356],[-45.028544,-23.536362]]]},"properties":{"sqlu":"SP-005-980547","inscription":"SP-GEOSAMPA-1980547","inscricaoImobiliaria":"SP-IMO-1980547","setor":"005","quadra":"079","lote":"0002","sourceType":"OFFICIAL_IMPORT","mainAddress":"Setor Fiscal 005","zoneamento":"RESIDENCIAL","statusCadastral":"ATIVO","workflowStatus":"PENDENTE","isOfficial":true,"rawProperties":{"cd_identificador":1980547,"cd_identificador_original_lote":8890198,"cd_setor_fiscal":"005","cd_tipo_quadra":"F","tx_tipo_quadra":"FISCAL","cd_quadra_fiscal":"079","cd_subquadra_fiscal":null,"cd_condominio":"00","cd_tipo_lote":"F","tx_tipo_lote":"FISCAL","cd_lote":"0002","cd_situacao":1,"cd_digito_sql":"2","cd_logradouro":"077330","nm_logradouro_completo":"R GALVAO BUENO","cd_numero_porta":"54","tx_complemento_endereco":"E 60","tx_situ_lote":"ATIVO","cd_tipo_uso_imovel":"40","dc_tipo_uso_imovel":"Não residencial","cd_tipo_terreno_imovel":1,"qt_area_terreno":297,"qt_area_construida":710}}},{"type":"Feature","geometry":{"type":"Polygon","coordinates":[[[-45.028535,-23.529139],[-45.028534,-23.529145],[-45.028532,-23.52915],[-45.028532,-23.529104],[-45.028532,-23.529069],[-45.028532,-23.529012],[-45.028531,-23.528908],[-45.028532,-23.528865],[-45.028533,-23.528977],[-45.028535,-23.529139]]]},"properties":{"sqlu":"SP-005-980599","inscription":"SP-GEOSAMPA-1980599","inscricaoImobiliaria":"SP-IMO-1980599","setor":"005","quadra":"004","lote":"0012","sourceType":"OFFICIAL_IMPORT","mainAddress":"Setor Fiscal 005","zoneamento":"RESIDENCIAL","statusCadastral":"ATIVO","workflowStatus":"PENDENTE","isOfficial":true,"rawProperties":{"cd_identificador":1980599,"cd_identificador_original_lote":8892086,"cd_setor_fiscal":"005","cd_tipo_quadra":"F","tx_tipo_quadra":"FISCAL","cd_quadra_fiscal":"004","cd_subquadra_fiscal":null,"cd_condominio":"00","cd_tipo_lote":"F","tx_tipo_lote":"FISCAL","cd_lote":"0012","cd_situacao":1,"cd_digito_sql":"1","cd_logradouro":"059447","nm_logradouro_completo":"R DIREITA","cd_numero_porta":"137","tx_complemento_endereco":"141","tx_situ_lote":"ATIVO","cd_tipo_uso_imovel":"40","dc_tipo_uso_imovel":"Não residencial","cd_tipo_terreno_imovel":1,"qt_area_terreno":357,"qt_area_construida":1346}}},{"type":"Feature","geometry":{"type":"Polygon","coordinates":[[[-45.028467,-23.535142],[-45.028467,-23.535141],[-45.028467,-23.535338],[-45.028467,-23.535338],[-45.028467,-23.535361],[-45.028467,-23.535361],[-45.028467,-23.535395],[-45.028467,-23.535438],[-45.028467,-23.535438],[-45.028467,-23.535522],[-45.028467,-23.535564],[-45.028467,-23.535563],[-45.028467,-23.535534],[-45.028467,-23.535522],[-45.028467,-23.535468],[-45.028467,-23.535422],[-45.028467,-23.53537],[-45.028467,-23.535333],[-45.028467,-23.535142]]]},"properties":{"sqlu":"SP-005-981144","inscription":"SP-GEOSAMPA-1981144","inscricaoImobiliaria":"SP-IMO-1981144","setor":"005","quadra":"046","lote":"0001","sourceType":"OFFICIAL_IMPORT","mainAddress":"Setor Fiscal 005","zoneamento":"RESIDENCIAL","statusCadastral":"ATIVO","workflowStatus":"PENDENTE","isOfficial":true,"rawProperties":{"cd_identificador":1981144,"cd_identificador_original_lote":8892165,"cd_setor_fiscal":"005","cd_tipo_quadra":"F","tx_tipo_quadra":"FISCAL","cd_quadra_fiscal":"046","cd_subquadra_fiscal":null,"cd_condominio":"00","cd_tipo_lote":"V","tx_tipo_lote":"Via de Acesso","cd_lote":"0001","cd_situacao":1,"cd_digito_sql":null,"cd_logradouro":null,"nm_logradouro_completo":null,"cd_numero_porta":null,"tx_complemento_endereco":null,"tx_situ_lote":null,"cd_tipo_uso_imovel":null,"dc_tipo_uso_imovel":null,"cd_tipo_terreno_imovel":null,"qt_area_terreno":null,"qt_area_construida":null}}},{"type":"Feature","geometry":{"type":"Polygon","coordinates":[[[-45.028456,-23.533849],[-45.028457,-23.533836],[-45.028457,-23.533912],[-45.028457,-23.533973],[-45.028457,-23.533978],[-45.028458,-23.534011],[-45.028457,-23.534024],[-45.028456,-23.533949],[-45.028456,-23.533926],[-45.028456,-23.533849]]]},"properties":{"sqlu":"SP-005-980846","inscription":"SP-GEOSAMPA-1980846","inscricaoImobiliaria":"SP-IMO-1980846","setor":"005","quadra":"043","lote":"0025","sourceType":"OFFICIAL_IMPORT","mainAddress":"Setor Fiscal 005","zoneamento":"RESIDENCIAL","statusCadastral":"ATIVO","workflowStatus":"PENDENTE","isOfficial":true,"rawProperties":{"cd_identificador":1980846,"cd_identificador_original_lote":8892171,"cd_setor_fiscal":"005","cd_tipo_quadra":"F","tx_tipo_quadra":"FISCAL","cd_quadra_fiscal":"043","cd_subquadra_fiscal":null,"cd_condominio":"00","cd_tipo_lote":"F","tx_tipo_lote":"FISCAL","cd_lote":"0025","cd_situacao":1,"cd_digito_sql":"3","cd_logradouro":"044873","nm_logradouro_completo":"R CAROLINA AUGUSTA","cd_numero_porta":"49","tx_complemento_endereco":null,"tx_situ_lote":"ATIVO","cd_tipo_uso_imovel":"10","dc_tipo_uso_imovel":"Residencial","cd_tipo_terreno_imovel":1,"qt_area_terreno":100,"qt_area_construida":70}}},{"type":"Feature","geometry":{"type":"Polygon","coordinates":[[[-45.028528,-23.535559],[-45.028528,-23.535527],[-45.028528,-23.535479],[-45.028528,-23.535479],[-45.028529,-23.535478],[-45.02853,-23.535478],[-45.028531,-23.535476],[-45.028531,-23.535476],[-45.028532,-23.535466],[-45.028532,-23.535466],[-45.028533,-23.535467],[-45.028534,-23.535468],[-45.028536,-23.535471],[-45.028535,-23.535661],[-45.028534,-23.535659],[-45.028533,-23.535658],[-45.028533,-23.535657],[-45.028533,-23.535657],[-45.028532,-23.535656],[-45.028531,-23.535656],[-45.02853,-23.535655],[-45.028528,-23.535655],[-45.028528,-23.535653],[-45.028528,-23.535614],[-45.028528,-23.535559]]]},"properties":{"sqlu":"SP-005-981025","inscription":"SP-GEOSAMPA-1981025","inscricaoImobiliaria":"SP-IMO-1981025","setor":"005","quadra":"039","lote":"0101","sourceType":"OFFICIAL_IMPORT","mainAddress":"Setor Fiscal 005","zoneamento":"RESIDENCIAL","statusCadastral":"ATIVO","workflowStatus":"PENDENTE","isOfficial":true,"rawProperties":{"cd_identificador":1981025,"cd_identificador_original_lote":8891101,"cd_setor_fiscal":"005","cd_tipo_quadra":"F","tx_tipo_quadra":"FISCAL","cd_quadra_fiscal":"039","cd_subquadra_fiscal":null,"cd_condominio":"00","cd_tipo_lote":"F","tx_tipo_lote":"FISCAL","cd_lote":"0101","cd_situacao":1,"cd_digito_sql":"6","cd_logradouro":"118206","nm_logradouro_completo":"PC DA LIBERDADE AFRICA-JAPAO","cd_numero_porta":"143","tx_complemento_endereco":"145 149 153 159","tx_situ_lote":"ATIVO","cd_tipo_uso_imovel":"84","dc_tipo_uso_imovel":"Não residencial","cd_tipo_terreno_imovel":1,"qt_area_terreno":968,"qt_area_construida":4914}}},{"type":"Feature","geometry":{"type":"Polygon","coordinates":[[[-45.028528,-23.535559],[-45.028528,-23.535614],[-45.028528,-23.535653],[-45.028528,-23.535655],[-45.028528,-23.535698],[-45.028528,-23.535697],[-45.028529,-23.535757],[-45.028528,-23.535758],[-45.028528,-23.535703],[-45.028527,-23.535702],[-45.028526,-23.535702],[-45.028526,-23.53565],[-45.028526,-23.535603],[-45.028526,-23.535555],[-45.028527,-23.535558],[-45.028528,-23.535559]]]},"properties":{"sqlu":"SP-005-981023","inscription":"SP-GEOSAMPA-1981023","inscricaoImobiliaria":"SP-IMO-1981023","setor":"005","quadra":"039","lote":"0027","sourceType":"OFFICIAL_IMPORT","mainAddress":"Setor Fiscal 005","zoneamento":"RESIDENCIAL","statusCadastral":"ATIVO","workflowStatus":"PENDENTE","isOfficial":true,"rawProperties":{"cd_identificador":1981023,"cd_identificador_original_lote":8891072,"cd_setor_fiscal":"005","cd_tipo_quadra":"F","tx_tipo_quadra":"FISCAL","cd_quadra_fiscal":"039","cd_subquadra_fiscal":null,"cd_condominio":"00","cd_tipo_lote":"F","tx_tipo_lote":"FISCAL","cd_lote":"0027","cd_situacao":1,"cd_digito_sql":"3","cd_logradouro":"067083","nm_logradouro_completo":"R DOS ESTUDANTES","cd_numero_porta":"41","tx_complemento_endereco":null,"tx_situ_lote":"ATIVO","cd_tipo_uso_imovel":"40","dc_tipo_uso_imovel":"Não residencial","cd_tipo_terreno_imovel":1,"qt_area_terreno":195,"qt_area_construida":300}}},{"type":"Feature","geometry":{"type":"Polygon","coordinates":[[[-45.028528,-23.535559],[-45.028527,-23.535558],[-45.028526,-23.535555],[-45.02852,-23.535544],[-45.02852,-23.535522],[-45.02852,-23.53551],[-45.028527,-23.535526],[-45.028528,-23.535527],[-45.028528,-23.535559]]]},"properties":{"sqlu":"SP-005-981024","inscription":"SP-GEOSAMPA-1981024","inscricaoImobiliaria":"SP-IMO-1981024","setor":"005","quadra":"039","lote":"0980","sourceType":"OFFICIAL_IMPORT","mainAddress":"Setor Fiscal 005","zoneamento":"RESIDENCIAL","statusCadastral":"ATIVO","workflowStatus":"PENDENTE","isOfficial":true,"rawProperties":{"cd_identificador":1981024,"cd_identificador_original_lote":8891084,"cd_setor_fiscal":"005","cd_tipo_quadra":"F","tx_tipo_quadra":"FISCAL","cd_quadra_fiscal":"039","cd_subquadra_fiscal":null,"cd_condominio":"00","cd_tipo_lote":"F","tx_tipo_lote":"FISCAL","cd_lote":"0980","cd_situacao":1,"cd_digito_sql":"7","cd_logradouro":"080292","nm_logradouro_completo":"R DA GLORIA","cd_numero_porta":"228","tx_complemento_endereco":null,"tx_situ_lote":"ATIVO","cd_tipo_uso_imovel":"40","dc_tipo_uso_imovel":"Não residencial","cd_tipo_terreno_imovel":1,"qt_area_terreno":91,"qt_area_construida":68}}},{"type":"Feature","geometry":{"type":"Polygon","coordinates":[[[-45.028471,-23.538923],[-45.028471,-23.538896],[-45.028477,-23.538917],[-45.028477,-23.538972],[-45.028471,-23.538946],[-45.028471,-23.538923]]]},"properties":{"sqlu":"SP-005-981203","inscription":"SP-GEOSAMPA-1981203","inscricaoImobiliaria":"SP-IMO-1981203","setor":"005","quadra":"072","lote":"0042","sourceType":"OFFICIAL_IMPORT","mainAddress":"Setor Fiscal 005","zoneamento":"RESIDENCIAL","statusCadastral":"ATIVO","workflowStatus":"PENDENTE","isOfficial":true,"rawProperties":{"cd_identificador":1981203,"cd_identificador_original_lote":8891921,"cd_setor_fiscal":"005","cd_tipo_quadra":"F","tx_tipo_quadra":"FISCAL","cd_quadra_fiscal":"072","cd_subquadra_fiscal":null,"cd_condominio":"00","cd_tipo_lote":"F","tx_tipo_lote":"FISCAL","cd_lote":"0042","cd_situacao":1,"cd_digito_sql":"1","cd_logradouro":"465194","nm_logradouro_completo":"R MITUTO MIZUMOTO","cd_numero_porta":"S/N","tx_complemento_endereco":null,"tx_situ_lote":"ATIVO","cd_tipo_uso_imovel":"00","dc_tipo_uso_imovel":"Terreno","cd_tipo_terreno_imovel":1,"qt_area_terreno":246,"qt_area_construida":0}}},{"type":"Feature","geometry":{"type":"Polygon","coordinates":[[[-45.02858,-23.53419],[-45.02858,-23.534166],[-45.02858,-23.534142],[-45.02858,-23.534136],[-45.02858,-23.534133],[-45.028584,-23.534016],[-45.028585,-23.533989],[-45.028586,-23.533979],[-45.028586,-23.533966],[-45.028586,-23.533958],[-45.028587,-23.533949],[-45.028587,-23.53393],[-45.028588,-23.533925],[-45.028589,-23.533897],[-45.028589,-23.533947],[-45.028587,-23.534014],[-45.028585,-23.534045],[-45.028585,-23.534066],[-45.028583,-23.534096],[-45.028581,-23.534166],[-45.02858,-23.534183],[-45.02858,-23.53419]]]},"properties":{"sqlu":"SP-005-981109","inscription":"SP-GEOSAMPA-1981109","inscricaoImobiliaria":"SP-IMO-1981109","setor":"005","quadra":"035","lote":"0774","sourceType":"OFFICIAL_IMPORT","mainAddress":"Setor Fiscal 005","zoneamento":"RESIDENCIAL","statusCadastral":"ATIVO","workflowStatus":"PENDENTE","isOfficial":true,"rawProperties":{"cd_identificador":1981109,"cd_identificador_original_lote":8890243,"cd_setor_fiscal":"005","cd_tipo_quadra":"F","tx_tipo_quadra":"FISCAL","cd_quadra_fiscal":"035","cd_subquadra_fiscal":null,"cd_condominio":"00","cd_tipo_lote":"F","tx_tipo_lote":"FISCAL","cd_lote":"0774","cd_situacao":1,"cd_digito_sql":"1","cd_logradouro":"121657","nm_logradouro_completo":"AV BRIG LUIS ANTONIO","cd_numero_porta":"361","tx_complemento_endereco":"E 363","tx_situ_lote":"ATIVO","cd_tipo_uso_imovel":"43","dc_tipo_uso_imovel":"Não residencial","cd_tipo_terreno_imovel":1,"qt_area_terreno":360,"qt_area_construida":1119}}},{"type":"Feature","geometry":{"type":"Polygon","coordinates":[[[-45.028546,-23.537754],[-45.028546,-23.53784],[-45.028546,-23.537876],[-45.028546,-23.537986],[-45.028545,-23.53799],[-45.028545,-23.537752],[-45.028546,-23.537754]]]},"properties":{"sqlu":"SP-005-980835","inscription":"SP-GEOSAMPA-1980835","inscricaoImobiliaria":"SP-IMO-1980835","setor":"005","quadra":"061","lote":"0016","sourceType":"OFFICIAL_IMPORT","mainAddress":"Setor Fiscal 005","zoneamento":"RESIDENCIAL","statusCadastral":"ATIVO","workflowStatus":"PENDENTE","isOfficial":true,"rawProperties":{"cd_identificador":1980835,"cd_identificador_original_lote":8891134,"cd_setor_fiscal":"005","cd_tipo_quadra":"F","tx_tipo_quadra":"FISCAL","cd_quadra_fiscal":"061","cd_subquadra_fiscal":null,"cd_condominio":"00","cd_tipo_lote":"F","tx_tipo_lote":"FISCAL","cd_lote":"0016","cd_situacao":1,"cd_digito_sql":"2","cd_logradouro":"190560","nm_logradouro_completo":"R THOMAZ GONZAGA","cd_numero_porta":"65","tx_complemento_endereco":null,"tx_situ_lote":"ATIVO","cd_tipo_uso_imovel":"40","dc_tipo_uso_imovel":"Não residencial","cd_tipo_terreno_imovel":1,"qt_area_terreno":157,"qt_area_construida":243}}},{"type":"Feature","geometry":{"type":"Polygon","coordinates":[[[-45.028601,-23.538277],[-45.028601,-23.538331],[-45.0286,-23.538378],[-45.028598,-23.538422],[-45.028598,-23.538405],[-45.028597,-23.538337],[-45.028598,-23.538322],[-45.028599,-23.538305],[-45.028601,-23.538277]]]},"properties":{"sqlu":"SP-005-981339","inscription":"SP-GEOSAMPA-1981339","inscricaoImobiliaria":"SP-IMO-1981339","setor":"005","quadra":"086","lote":"0059","sourceType":"OFFICIAL_IMPORT","mainAddress":"Setor Fiscal 005","zoneamento":"RESIDENCIAL","statusCadastral":"ATIVO","workflowStatus":"PENDENTE","isOfficial":true,"rawProperties":{"cd_identificador":1981339,"cd_identificador_original_lote":8890834,"cd_setor_fiscal":"005","cd_tipo_quadra":"F","tx_tipo_quadra":"FISCAL","cd_quadra_fiscal":"086","cd_subquadra_fiscal":null,"cd_condominio":"00","cd_tipo_lote":"F","tx_tipo_lote":"FISCAL","cd_lote":"0059","cd_situacao":1,"cd_digito_sql":"6","cd_logradouro":"178128","nm_logradouro_completo":"R CD DE SAO JOAQUIM","cd_numero_porta":"231","tx_complemento_endereco":null,"tx_situ_lote":"ATIVO","cd_tipo_uso_imovel":"12","dc_tipo_uso_imovel":"Residencial","cd_tipo_terreno_imovel":1,"qt_area_terreno":146,"qt_area_construida":200}}},{"type":"Feature","geometry":{"type":"Polygon","coordinates":[[[-45.028528,-23.535655],[-45.02853,-23.535655],[-45.02853,-23.535756],[-45.028529,-23.535757],[-45.028528,-23.535697],[-45.028528,-23.535698],[-45.028528,-23.535655]]]},"properties":{"sqlu":"SP-005-981480","inscription":"SP-GEOSAMPA-1981480","inscricaoImobiliaria":"SP-IMO-1981480","setor":"005","quadra":"039","lote":"0026","sourceType":"OFFICIAL_IMPORT","mainAddress":"Setor Fiscal 005","zoneamento":"RESIDENCIAL","statusCadastral":"ATIVO","workflowStatus":"PENDENTE","isOfficial":true,"rawProperties":{"cd_identificador":1981480,"cd_identificador_original_lote":8891103,"cd_setor_fiscal":"005","cd_tipo_quadra":"F","tx_tipo_quadra":"FISCAL","cd_quadra_fiscal":"039","cd_subquadra_fiscal":null,"cd_condominio":"00","cd_tipo_lote":"F","tx_tipo_lote":"FISCAL","cd_lote":"0026","cd_situacao":1,"cd_digito_sql":"5","cd_logradouro":"067083","nm_logradouro_completo":"R DOS ESTUDANTES","cd_numero_porta":"35","tx_complemento_endereco":"E 37","tx_situ_lote":"ATIVO","cd_tipo_uso_imovel":"80","dc_tipo_uso_imovel":"Não residencial","cd_tipo_terreno_imovel":1,"qt_area_terreno":81,"qt_area_construida":260}}},{"type":"Feature","geometry":{"type":"Polygon","coordinates":[[[-45.028534,-23.530842],[-45.028532,-23.530874],[-45.028531,-23.530781],[-45.028532,-23.530769],[-45.028533,-23.530754],[-45.028533,-23.530786],[-45.028534,-23.530842]]]},"properties":{"sqlu":"SP-005-981715","inscription":"SP-GEOSAMPA-1981715","inscricaoImobiliaria":"SP-IMO-1981715","setor":"005","quadra":"021","lote":"0000","sourceType":"OFFICIAL_IMPORT","mainAddress":"Setor Fiscal 005","zoneamento":"RESIDENCIAL","statusCadastral":"ATIVO","workflowStatus":"PENDENTE","isOfficial":true,"rawProperties":{"cd_identificador":1981715,"cd_identificador_original_lote":8891008,"cd_setor_fiscal":"005","cd_tipo_quadra":"F","tx_tipo_quadra":"FISCAL","cd_quadra_fiscal":"021","cd_subquadra_fiscal":null,"cd_condominio":"09","cd_tipo_lote":"F","tx_tipo_lote":"FISCAL","cd_lote":"0000","cd_situacao":1,"cd_digito_sql":null,"cd_logradouro":"069337","nm_logradouro_completo":"R SEN FEIJO","cd_numero_porta":"60 64 68","tx_complemento_endereco":null,"tx_situ_lote":null,"cd_tipo_uso_imovel":"XX","dc_tipo_uso_imovel":"Condomínio","cd_tipo_terreno_imovel":99,"qt_area_terreno":121,"qt_area_construida":null}}},{"type":"Feature","geometry":{"type":"Polygon","coordinates":[[[-45.028494,-23.538199],[-45.028494,-23.53826],[-45.028489,-23.538243],[-45.028489,-23.538242],[-45.028488,-23.538241],[-45.028488,-23.538238],[-45.028487,-23.538236],[-45.028487,-23.538215],[-45.028487,-23.538177],[-45.028488,-23.53818],[-45.02849,-23.538185],[-45.028491,-23.53819],[-45.028492,-23.538192],[-45.028494,-23.538199]]]},"properties":{"sqlu":"SP-005-981619","inscription":"SP-GEOSAMPA-1981619","inscricaoImobiliaria":"SP-IMO-1981619","setor":"005","quadra":"064","lote":"0015","sourceType":"OFFICIAL_IMPORT","mainAddress":"Setor Fiscal 005","zoneamento":"RESIDENCIAL","statusCadastral":"ATIVO","workflowStatus":"PENDENTE","isOfficial":true,"rawProperties":{"cd_identificador":1981619,"cd_identificador_original_lote":8891153,"cd_setor_fiscal":"005","cd_tipo_quadra":"F","tx_tipo_quadra":"FISCAL","cd_quadra_fiscal":"064","cd_subquadra_fiscal":null,"cd_condominio":"00","cd_tipo_lote":"F","tx_tipo_lote":"FISCAL","cd_lote":"0015","cd_situacao":1,"cd_digito_sql":"8","cd_logradouro":"076643","nm_logradouro_completo":"R CONS FURTADO","cd_numero_porta":"567","tx_complemento_endereco":"E 569","tx_situ_lote":"ATIVO","cd_tipo_uso_imovel":"42","dc_tipo_uso_imovel":"Não residencial","cd_tipo_terreno_imovel":1,"qt_area_terreno":280,"qt_area_construida":490}}},{"type":"Feature","geometry":{"type":"Polygon","coordinates":[[[-45.028456,-23.533446],[-45.028454,-23.533466],[-45.02845,-23.533497],[-45.02845,-23.533426],[-45.02845,-23.533279],[-45.02845,-23.533224],[-45.02845,-23.533224],[-45.02845,-23.533156],[-45.02845,-23.533026],[-45.02845,-23.532895],[-45.02845,-23.532895],[-45.028452,-23.532895],[-45.028453,-23.532895],[-45.028453,-23.533154],[-45.028453,-23.533219],[-45.028456,-23.533215],[-45.028456,-23.533228],[-45.028456,-23.533362],[-45.028456,-23.533446]]]},"properties":{"sqlu":"SP-005-981755","inscription":"SP-GEOSAMPA-1981755","inscricaoImobiliaria":"SP-IMO-1981755","setor":"005","quadra":"076","lote":"2473","sourceType":"OFFICIAL_IMPORT","mainAddress":"Setor Fiscal 005","zoneamento":"RESIDENCIAL","statusCadastral":"ATIVO","workflowStatus":"PENDENTE","isOfficial":true,"rawProperties":{"cd_identificador":1981755,"cd_identificador_original_lote":8891747,"cd_setor_fiscal":"005","cd_tipo_quadra":"F","tx_tipo_quadra":"FISCAL","cd_quadra_fiscal":"076","cd_subquadra_fiscal":null,"cd_condominio":"00","cd_tipo_lote":"F","tx_tipo_lote":"FISCAL","cd_lote":"2473","cd_situacao":1,"cd_digito_sql":"4","cd_logradouro":"185566","nm_logradouro_completo":"R TABATINGUERA","cd_numero_porta":"278","tx_complemento_endereco":null,"tx_situ_lote":"ATIVO","cd_tipo_uso_imovel":"70","dc_tipo_uso_imovel":"Não residencial","cd_tipo_terreno_imovel":1,"qt_area_terreno":1761,"qt_area_construida":4944}}},{"type":"Feature","geometry":{"type":"Polygon","coordinates":[[[-45.028532,-23.540174],[-45.028532,-23.539998],[-45.028535,-23.539996],[-45.028535,-23.540126],[-45.028532,-23.540174]]]},"properties":{"sqlu":"SP-005-981921","inscription":"SP-GEOSAMPA-1981921","inscricaoImobiliaria":"SP-IMO-1981921","setor":"005","quadra":"068","lote":"0034","sourceType":"OFFICIAL_IMPORT","mainAddress":"Setor Fiscal 005","zoneamento":"RESIDENCIAL","statusCadastral":"ATIVO","workflowStatus":"PENDENTE","isOfficial":true,"rawProperties":{"cd_identificador":1981921,"cd_identificador_original_lote":8890799,"cd_setor_fiscal":"005","cd_tipo_quadra":"F","tx_tipo_quadra":"FISCAL","cd_quadra_fiscal":"068","cd_subquadra_fiscal":null,"cd_condominio":"00","cd_tipo_lote":"F","tx_tipo_lote":"FISCAL","cd_lote":"0034","cd_situacao":1,"cd_digito_sql":"2","cd_logradouro":"077330","nm_logradouro_completo":"R GALVAO BUENO","cd_numero_porta":"466","tx_complemento_endereco":"470 E 476","tx_situ_lote":"ATIVO","cd_tipo_uso_imovel":"22","dc_tipo_uso_imovel":"Residencial","cd_tipo_terreno_imovel":1,"qt_area_terreno":330,"qt_area_construida":1080}}},{"type":"Feature","geometry":{"type":"Polygon","coordinates":[[[-45.028545,-23.531141],[-45.028546,-23.531256],[-45.028542,-23.53137],[-45.028541,-23.531359],[-45.028541,-23.531231],[-45.028542,-23.531203],[-45.028544,-23.531159],[-45.028545,-23.531152],[-45.028545,-23.531141]]]},"properties":{"sqlu":"SP-005-985586","inscription":"SP-GEOSAMPA-1985586","inscricaoImobiliaria":"SP-IMO-1985586","setor":"005","quadra":"020","lote":"0000","sourceType":"OFFICIAL_IMPORT","mainAddress":"Setor Fiscal 005","zoneamento":"RESIDENCIAL","statusCadastral":"ATIVO","workflowStatus":"PENDENTE","isOfficial":true,"rawProperties":{"cd_identificador":1985586,"cd_identificador_original_lote":8891569,"cd_setor_fiscal":"005","cd_tipo_quadra":"F","tx_tipo_quadra":"FISCAL","cd_quadra_fiscal":"020","cd_subquadra_fiscal":null,"cd_condominio":"05","cd_tipo_lote":"F","tx_tipo_lote":"FISCAL","cd_lote":"0000","cd_situacao":1,"cd_digito_sql":null,"cd_logradouro":"170259","nm_logradouro_completo":"R RIACHUELO","cd_numero_porta":"36 44 52","tx_complemento_endereco":null,"tx_situ_lote":null,"cd_tipo_uso_imovel":"XX","dc_tipo_uso_imovel":"Condomínio","cd_tipo_terreno_imovel":99,"qt_area_terreno":465,"qt_area_construida":null}}},{"type":"Feature","geometry":{"type":"Polygon","coordinates":[[[-45.028546,-23.533427],[-45.028546,-23.533322],[-45.028548,-23.533317],[-45.028548,-23.533317],[-45.028549,-23.533313],[-45.028549,-23.533311],[-45.02855,-23.533311],[-45.02855,-23.53331],[-45.02855,-23.533308],[-45.02855,-23.533413],[-45.02855,-23.533415],[-45.02855,-23.533415],[-45.028549,-23.533416],[-45.028549,-23.533416],[-45.028549,-23.533419],[-45.028546,-23.533427]]]},"properties":{"sqlu":"SP-005-981975","inscription":"SP-GEOSAMPA-1981975","inscricaoImobiliaria":"SP-IMO-1981975","setor":"005","quadra":"082","lote":"0000","sourceType":"OFFICIAL_IMPORT","mainAddress":"Setor Fiscal 005","zoneamento":"RESIDENCIAL","statusCadastral":"ATIVO","workflowStatus":"PENDENTE","isOfficial":true,"rawProperties":{"cd_identificador":1981975,"cd_identificador_original_lote":8891492,"cd_setor_fiscal":"005","cd_tipo_quadra":"F","tx_tipo_quadra":"FISCAL","cd_quadra_fiscal":"082","cd_subquadra_fiscal":null,"cd_condominio":"05","cd_tipo_lote":"F","tx_tipo_lote":"FISCAL","cd_lote":"0000","cd_situacao":1,"cd_digito_sql":null,"cd_logradouro":"043680","nm_logradouro_completo":"PC CARLOS GOMES","cd_numero_porta":"52 60","tx_complemento_endereco":null,"tx_situ_lote":null,"cd_tipo_uso_imovel":"XX","dc_tipo_uso_imovel":"Condomínio","cd_tipo_terreno_imovel":99,"qt_area_terreno":267,"qt_area_construida":null}}},{"type":"Feature","geometry":{"type":"Polygon","coordinates":[[[-45.02848,-23.538023],[-45.02848,-23.53802],[-45.02848,-23.537994],[-45.028484,-23.538004],[-45.028485,-23.538006],[-45.028487,-23.538011],[-45.028487,-23.538038],[-45.028487,-23.53804],[-45.028487,-23.53804],[-45.028485,-23.538036],[-45.028484,-23.538034],[-45.028481,-23.538025],[-45.02848,-23.538023]]]},"properties":{"sqlu":"SP-005-981817","inscription":"SP-GEOSAMPA-1981817","inscricaoImobiliaria":"SP-IMO-1981817","setor":"005","quadra":"064","lote":"0032","sourceType":"OFFICIAL_IMPORT","mainAddress":"Setor Fiscal 005","zoneamento":"RESIDENCIAL","statusCadastral":"ATIVO","workflowStatus":"PENDENTE","isOfficial":true,"rawProperties":{"cd_identificador":1981817,"cd_identificador_original_lote":8891165,"cd_setor_fiscal":"005","cd_tipo_quadra":"F","tx_tipo_quadra":"FISCAL","cd_quadra_fiscal":"064","cd_subquadra_fiscal":null,"cd_condominio":"00","cd_tipo_lote":"F","tx_tipo_lote":"FISCAL","cd_lote":"0032","cd_situacao":1,"cd_digito_sql":"8","cd_logradouro":"465194","nm_logradouro_completo":"R MITUTO MIZUMOTO","cd_numero_porta":"112","tx_complemento_endereco":null,"tx_situ_lote":"ATIVO","cd_tipo_uso_imovel":"10","dc_tipo_uso_imovel":"Residencial","cd_tipo_terreno_imovel":1,"qt_area_terreno":160,"qt_area_construida":100}}},{"type":"Feature","geometry":{"type":"Polygon","coordinates":[[[-45.028539,-23.537738],[-45.028536,-23.537731],[-45.028535,-23.537729],[-45.028535,-23.537518],[-45.02854,-23.537531],[-45.028539,-23.53764],[-45.028539,-23.53768],[-45.028539,-23.537695],[-45.028539,-23.537738]]]},"properties":{"sqlu":"SP-005-981931","inscription":"SP-GEOSAMPA-1981931","inscricaoImobiliaria":"SP-IMO-1981931","setor":"005","quadra":"061","lote":"0105","sourceType":"OFFICIAL_IMPORT","mainAddress":"Setor Fiscal 005","zoneamento":"RESIDENCIAL","statusCadastral":"ATIVO","workflowStatus":"PENDENTE","isOfficial":true,"rawProperties":{"cd_identificador":1981931,"cd_identificador_original_lote":8891128,"cd_setor_fiscal":"005","cd_tipo_quadra":"F","tx_tipo_quadra":"FISCAL","cd_quadra_fiscal":"061","cd_subquadra_fiscal":null,"cd_condominio":"00","cd_tipo_lote":"F","tx_tipo_lote":"FISCAL","cd_lote":"0105","cd_situacao":1,"cd_digito_sql":"3","cd_logradouro":"077330","nm_logradouro_completo":"R GALVAO BUENO","cd_numero_porta":"200","tx_complemento_endereco":null,"tx_situ_lote":"ATIVO","cd_tipo_uso_imovel":"64","dc_tipo_uso_imovel":"Não residencial","cd_tipo_terreno_imovel":2,"qt_area_terreno":547,"qt_area_construida":4603}}},{"type":"Feature","geometry":{"type":"Polygon","coordinates":[[[-45.028541,-23.530694],[-45.028538,-23.53075],[-45.028538,-23.530736],[-45.028537,-23.530592],[-45.028538,-23.530578],[-45.028538,-23.530556],[-45.028538,-23.530517],[-45.028538,-23.530515],[-45.02854,-23.530483],[-45.02854,-23.530476],[-45.02854,-23.53048],[-45.02854,-23.530504],[-45.02854,-23.530511],[-45.02854,-23.530514],[-45.02854,-23.530557],[-45.02854,-23.53057],[-45.028541,-23.530615],[-45.028541,-23.530628],[-45.028541,-23.530694]]]},"properties":{"sqlu":"SP-005-981802","inscription":"SP-GEOSAMPA-1981802","inscricaoImobiliaria":"SP-IMO-1981802","setor":"005","quadra":"014","lote":"0005","sourceType":"OFFICIAL_IMPORT","mainAddress":"Setor Fiscal 005","zoneamento":"RESIDENCIAL","statusCadastral":"ATIVO","workflowStatus":"PENDENTE","isOfficial":true,"rawProperties":{"cd_identificador":1981802,"cd_identificador_original_lote":8890970,"cd_setor_fiscal":"005","cd_tipo_quadra":"F","tx_tipo_quadra":"FISCAL","cd_quadra_fiscal":"014","cd_subquadra_fiscal":null,"cd_condominio":"00","cd_tipo_lote":"F","tx_tipo_lote":"FISCAL","cd_lote":"0005","cd_situacao":1,"cd_digito_sql":"2","cd_logradouro":"069337","nm_logradouro_completo":"R SEN FEIJO","cd_numero_porta":"102","tx_complemento_endereco":"106 E 110","tx_situ_lote":"ATIVO","cd_tipo_uso_imovel":"43","dc_tipo_uso_imovel":"Não residencial","cd_tipo_terreno_imovel":2,"qt_area_terreno":390,"qt_area_construida":1609}}},{"type":"Feature","geometry":{"type":"Polygon","coordinates":[[[-45.028585,-23.535187],[-45.028585,-23.535134],[-45.02859,-23.534999],[-45.02859,-23.535057],[-45.02859,-23.53506],[-45.02859,-23.535075],[-45.028588,-23.535129],[-45.028585,-23.535187]]]},"properties":{"sqlu":"SP-005-982229","inscription":"SP-GEOSAMPA-1982229","inscricaoImobiliaria":"SP-IMO-1982229","setor":"005","quadra":"035","lote":"0034","sourceType":"OFFICIAL_IMPORT","mainAddress":"Setor Fiscal 005","zoneamento":"RESIDENCIAL","statusCadastral":"ATIVO","workflowStatus":"PENDENTE","isOfficial":true,"rawProperties":{"cd_identificador":1982229,"cd_identificador_original_lote":8890216,"cd_setor_fiscal":"005","cd_tipo_quadra":"F","tx_tipo_quadra":"FISCAL","cd_quadra_fiscal":"035","cd_subquadra_fiscal":null,"cd_condominio":"00","cd_tipo_lote":"F","tx_tipo_lote":"FISCAL","cd_lote":"0034","cd_situacao":1,"cd_digito_sql":"8","cd_logradouro":"098957","nm_logradouro_completo":"R JANDAIA","cd_numero_porta":"142","tx_complemento_endereco":null,"tx_situ_lote":"ATIVO","cd_tipo_uso_imovel":"80","dc_tipo_uso_imovel":"Não residencial","cd_tipo_terreno_imovel":1,"qt_area_terreno":224,"qt_area_construida":220}}},{"type":"Feature","geometry":{"type":"Polygon","coordinates":[[[-45.028526,-23.530053],[-45.028524,-23.530071],[-45.028524,-23.530076],[-45.028523,-23.529842],[-45.028525,-23.529825],[-45.028525,-23.529912],[-45.028525,-23.529947],[-45.028526,-23.530024],[-45.028526,-23.530053]]]},"properties":{"sqlu":"SP-005-982344","inscription":"SP-GEOSAMPA-1982344","inscricaoImobiliaria":"SP-IMO-1982344","setor":"005","quadra":"015","lote":"0004","sourceType":"OFFICIAL_IMPORT","mainAddress":"Setor Fiscal 005","zoneamento":"RESIDENCIAL","statusCadastral":"ATIVO","workflowStatus":"PENDENTE","isOfficial":true,"rawProperties":{"cd_identificador":1982344,"cd_identificador_original_lote":8891564,"cd_setor_fiscal":"005","cd_tipo_quadra":"F","tx_tipo_quadra":"FISCAL","cd_quadra_fiscal":"015","cd_subquadra_fiscal":null,"cd_condominio":"00","cd_tipo_lote":"F","tx_tipo_lote":"FISCAL","cd_lote":"0004","cd_situacao":1,"cd_digito_sql":"9","cd_logradouro":"154733","nm_logradouro_completo":"R BR DE PARANAPIACABA","cd_numero_porta":"59","tx_complemento_endereco":"63 E 69","tx_situ_lote":"ATIVO","cd_tipo_uso_imovel":"31","dc_tipo_uso_imovel":"Não residencial","cd_tipo_terreno_imovel":1,"qt_area_terreno":300,"qt_area_construida":2169}}},{"type":"Feature","geometry":{"type":"Polygon","coordinates":[[[-45.028456,-23.53805],[-45.028457,-23.538051],[-45.028456,-23.538313],[-45.028456,-23.53831],[-45.028456,-23.538121],[-45.028456,-23.538097],[-45.028456,-23.538077],[-45.028456,-23.53805]]]},"properties":{"sqlu":"SP-005-982248","inscription":"SP-GEOSAMPA-1982248","inscricaoImobiliaria":"SP-IMO-1982248","setor":"005","quadra":"066","lote":"0043","sourceType":"OFFICIAL_IMPORT","mainAddress":"Setor Fiscal 005","zoneamento":"RESIDENCIAL","statusCadastral":"ATIVO","workflowStatus":"PENDENTE","isOfficial":true,"rawProperties":{"cd_identificador":1982248,"cd_identificador_original_lote":8890386,"cd_setor_fiscal":"005","cd_tipo_quadra":"F","tx_tipo_quadra":"FISCAL","cd_quadra_fiscal":"066","cd_subquadra_fiscal":null,"cd_condominio":"00","cd_tipo_lote":"F","tx_tipo_lote":"FISCAL","cd_lote":"0043","cd_situacao":1,"cd_digito_sql":"2","cd_logradouro":"090328","nm_logradouro_completo":"R BR DE IGUAPE","cd_numero_porta":"645","tx_complemento_endereco":"E 647","tx_situ_lote":"ATIVO","cd_tipo_uso_imovel":"42","dc_tipo_uso_imovel":"Não residencial","cd_tipo_terreno_imovel":1,"qt_area_terreno":110,"qt_area_construida":140}}},{"type":"Feature","geometry":{"type":"Polygon","coordinates":[[[-45.028552,-23.5343],[-45.028552,-23.534397],[-45.028545,-23.534401],[-45.028545,-23.534304],[-45.02855,-23.534301],[-45.028552,-23.5343]]]},"properties":{"sqlu":"SP-005-982273","inscription":"SP-GEOSAMPA-1982273","inscricaoImobiliaria":"SP-IMO-1982273","setor":"005","quadra":"082","lote":"0019","sourceType":"OFFICIAL_IMPORT","mainAddress":"Setor Fiscal 005","zoneamento":"RESIDENCIAL","statusCadastral":"ATIVO","workflowStatus":"PENDENTE","isOfficial":true,"rawProperties":{"cd_identificador":1982273,"cd_identificador_original_lote":8891500,"cd_setor_fiscal":"005","cd_tipo_quadra":"F","tx_tipo_quadra":"FISCAL","cd_quadra_fiscal":"082","cd_subquadra_fiscal":null,"cd_condominio":"00","cd_tipo_lote":"F","tx_tipo_lote":"FISCAL","cd_lote":"0019","cd_situacao":1,"cd_digito_sql":"9","cd_logradouro":"043680","nm_logradouro_completo":"PC CARLOS GOMES","cd_numero_porta":"158","tx_complemento_endereco":null,"tx_situ_lote":"ATIVO","cd_tipo_uso_imovel":"40","dc_tipo_uso_imovel":"Não residencial","cd_tipo_terreno_imovel":1,"qt_area_terreno":341,"qt_area_construida":750}}},{"type":"Feature","geometry":{"type":"Polygon","coordinates":[[[-45.028466,-23.539241],[-45.028466,-23.539271],[-45.028465,-23.539265],[-45.028464,-23.539259],[-45.028462,-23.539253],[-45.028462,-23.539202],[-45.028464,-23.53921],[-45.028465,-23.539227],[-45.028466,-23.539241]]]},"properties":{"sqlu":"SP-005-982274","inscription":"SP-GEOSAMPA-1982274","inscricaoImobiliaria":"SP-IMO-1982274","setor":"005","quadra":"073","lote":"0015","sourceType":"OFFICIAL_IMPORT","mainAddress":"Setor Fiscal 005","zoneamento":"RESIDENCIAL","statusCadastral":"ATIVO","workflowStatus":"PENDENTE","isOfficial":true,"rawProperties":{"cd_identificador":1982274,"cd_identificador_original_lote":8890533,"cd_setor_fiscal":"005","cd_tipo_quadra":"F","tx_tipo_quadra":"FISCAL","cd_quadra_fiscal":"073","cd_subquadra_fiscal":null,"cd_condominio":"00","cd_tipo_lote":"F","tx_tipo_lote":"FISCAL","cd_lote":"0015","cd_situacao":1,"cd_digito_sql":"7","cd_logradouro":"183270","nm_logradouro_completo":"R SINIMBU","cd_numero_porta":"219","tx_complemento_endereco":null,"tx_situ_lote":"ATIVO","cd_tipo_uso_imovel":"00","dc_tipo_uso_imovel":"Terreno","cd_tipo_terreno_imovel":1,"qt_area_terreno":82,"qt_area_construida":0}}},{"type":"Feature","geometry":{"type":"Polygon","coordinates":[[[-45.028552,-23.529619],[-45.028552,-23.529541],[-45.028556,-23.529532],[-45.028556,-23.529562],[-45.028556,-23.529592],[-45.028557,-23.529588],[-45.028557,-23.529606],[-45.028558,-23.529605],[-45.028558,-23.529604],[-45.028559,-23.529809],[-45.028556,-23.529842],[-45.028556,-23.529841],[-45.028556,-23.529841],[-45.028556,-23.529839],[-45.028556,-23.529837],[-45.028555,-23.529835],[-45.028555,-23.529832],[-45.028555,-23.529828],[-45.028555,-23.529823],[-45.028552,-23.529619]]]},"properties":{"sqlu":"SP-005-982497","inscription":"SP-GEOSAMPA-1982497","inscricaoImobiliaria":"SP-IMO-1982497","setor":"005","quadra":"010","lote":"0000","sourceType":"OFFICIAL_IMPORT","mainAddress":"Setor Fiscal 005","zoneamento":"RESIDENCIAL","statusCadastral":"ATIVO","workflowStatus":"PENDENTE","isOfficial":true,"rawProperties":{"cd_identificador":1982497,"cd_identificador_original_lote":8890950,"cd_setor_fiscal":"005","cd_tipo_quadra":"F","tx_tipo_quadra":"FISCAL","cd_quadra_fiscal":"010","cd_subquadra_fiscal":null,"cd_condominio":"01","cd_tipo_lote":"F","tx_tipo_lote":"FISCAL","cd_lote":"0000","cd_situacao":1,"cd_digito_sql":null,"cd_logradouro":"157392","nm_logradouro_completo":"R SEN PAULO EGIDIO","cd_numero_porta":"64 72","tx_complemento_endereco":null,"tx_situ_lote":null,"cd_tipo_uso_imovel":"XX","dc_tipo_uso_imovel":"Condomínio","cd_tipo_terreno_imovel":99,"qt_area_terreno":927,"qt_area_construida":null}}},{"type":"Feature","geometry":{"type":"Polygon","coordinates":[[[-45.028472,-23.538703],[-45.028471,-23.5387],[-45.02847,-23.538694],[-45.02847,-23.538525],[-45.02847,-23.53851],[-45.028472,-23.538517],[-45.028472,-23.538589],[-45.028472,-23.538628],[-45.028472,-23.538652],[-45.028472,-23.538703]]]},"properties":{"sqlu":"SP-005-982850","inscription":"SP-GEOSAMPA-1982850","inscricaoImobiliaria":"SP-IMO-1982850","setor":"005","quadra":"072","lote":"0000","sourceType":"OFFICIAL_IMPORT","mainAddress":"Setor Fiscal 005","zoneamento":"RESIDENCIAL","statusCadastral":"ATIVO","workflowStatus":"PENDENTE","isOfficial":true,"rawProperties":{"cd_identificador":1982850,"cd_identificador_original_lote":8891930,"cd_setor_fiscal":"005","cd_tipo_quadra":"F","tx_tipo_quadra":"FISCAL","cd_quadra_fiscal":"072","cd_subquadra_fiscal":null,"cd_condominio":"01","cd_tipo_lote":"F","tx_tipo_lote":"FISCAL","cd_lote":"0000","cd_situacao":1,"cd_digito_sql":null,"cd_logradouro":"183270","nm_logradouro_completo":"R SINIMBU","cd_numero_porta":"144 148 150","tx_complemento_endereco":null,"tx_situ_lote":null,"cd_tipo_uso_imovel":"XX","dc_tipo_uso_imovel":"Condomínio","cd_tipo_terreno_imovel":99,"qt_area_terreno":243,"qt_area_construida":null}}},{"type":"Feature","geometry":{"type":"Polygon","coordinates":[[[-45.028544,-23.532409],[-45.028545,-23.532414],[-45.028546,-23.532438],[-45.028547,-23.53245],[-45.028547,-23.532456],[-45.028547,-23.532487],[-45.028541,-23.532501],[-45.028541,-23.532442],[-45.028541,-23.532442],[-45.028544,-23.532435],[-45.028544,-23.532409]]]},"properties":{"sqlu":"SP-005-982965","inscription":"SP-GEOSAMPA-1982965","inscricaoImobiliaria":"SP-IMO-1982965","setor":"005","quadra":"029","lote":"0002","sourceType":"OFFICIAL_IMPORT","mainAddress":"Setor Fiscal 005","zoneamento":"RESIDENCIAL","statusCadastral":"ATIVO","workflowStatus":"PENDENTE","isOfficial":true,"rawProperties":{"cd_identificador":1982965,"cd_identificador_original_lote":8891596,"cd_setor_fiscal":"005","cd_tipo_quadra":"F","tx_tipo_quadra":"FISCAL","cd_quadra_fiscal":"029","cd_subquadra_fiscal":null,"cd_condominio":"00","cd_tipo_lote":"F","tx_tipo_lote":"FISCAL","cd_lote":"0002","cd_situacao":1,"cd_digito_sql":"4","cd_logradouro":"172936","nm_logradouro_completo":"R DR RODRIGO SILVA","cd_numero_porta":"34","tx_complemento_endereco":null,"tx_situ_lote":"ATIVO","cd_tipo_uso_imovel":"43","dc_tipo_uso_imovel":"Não residencial","cd_tipo_terreno_imovel":3,"qt_area_terreno":204,"qt_area_construida":474}}},{"type":"Feature","geometry":{"type":"Polygon","coordinates":[[[-45.028498,-23.539974],[-45.028498,-23.539931],[-45.028499,-23.539878],[-45.028499,-23.539865],[-45.028499,-23.53982],[-45.0285,-23.539834],[-45.0285,-23.539839],[-45.0285,-23.539862],[-45.028501,-23.539835],[-45.028504,-23.539928],[-45.028504,-23.53994],[-45.028502,-23.540086],[-45.028501,-23.540063],[-45.0285,-23.540052],[-45.0285,-23.540025],[-45.028499,-23.54001],[-45.028499,-23.539988],[-45.028498,-23.539974]]]},"properties":{"sqlu":"SP-005-982478","inscription":"SP-GEOSAMPA-1982478","inscricaoImobiliaria":"SP-IMO-1982478","setor":"005","quadra":"070","lote":"0060","sourceType":"OFFICIAL_IMPORT","mainAddress":"Setor Fiscal 005","zoneamento":"RESIDENCIAL","statusCadastral":"ATIVO","workflowStatus":"PENDENTE","isOfficial":true,"rawProperties":{"cd_identificador":1982478,"cd_identificador_original_lote":8890459,"cd_setor_fiscal":"005","cd_tipo_quadra":"F","tx_tipo_quadra":"FISCAL","cd_quadra_fiscal":"070","cd_subquadra_fiscal":null,"cd_condominio":"00","cd_tipo_lote":"F","tx_tipo_lote":"FISCAL","cd_lote":"0060","cd_situacao":1,"cd_digito_sql":"9","cd_logradouro":"080292","nm_logradouro_completo":"R DA GLORIA","cd_numero_porta":"739","tx_complemento_endereco":"743 747 751 755","tx_situ_lote":"ATIVO","cd_tipo_uso_imovel":"22","dc_tipo_uso_imovel":"Residencial","cd_tipo_terreno_imovel":1,"qt_area_terreno":590,"qt_area_construida":2640}}},{"type":"Feature","geometry":{"type":"Polygon","coordinates":[[[-45.028471,-23.539513],[-45.028471,-23.539474],[-45.028472,-23.539474],[-45.028472,-23.539475],[-45.028472,-23.539475],[-45.028475,-23.539477],[-45.028477,-23.539478],[-45.028477,-23.539509],[-45.028477,-23.53954],[-45.028476,-23.539539],[-45.028476,-23.539538],[-45.028475,-23.539537],[-45.028474,-23.539536],[-45.028474,-23.539536],[-45.028474,-23.539535],[-45.028471,-23.539533],[-45.028471,-23.539521],[-45.028471,-23.539513]]]},"properties":{"sqlu":"SP-005-982727","inscription":"SP-GEOSAMPA-1982727","inscricaoImobiliaria":"SP-IMO-1982727","setor":"005","quadra":"072","lote":"0052","sourceType":"OFFICIAL_IMPORT","mainAddress":"Setor Fiscal 005","zoneamento":"RESIDENCIAL","statusCadastral":"ATIVO","workflowStatus":"PENDENTE","isOfficial":true,"rawProperties":{"cd_identificador":1982727,"cd_identificador_original_lote":8891936,"cd_setor_fiscal":"005","cd_tipo_quadra":"F","tx_tipo_quadra":"FISCAL","cd_quadra_fiscal":"072","cd_subquadra_fiscal":null,"cd_condominio":"00","cd_tipo_lote":"F","tx_tipo_lote":"FISCAL","cd_lote":"0052","cd_situacao":1,"cd_digito_sql":"7","cd_logradouro":"465194","nm_logradouro_completo":"R MITUTO MIZUMOTO","cd_numero_porta":"285","tx_complemento_endereco":null,"tx_situ_lote":"ATIVO","cd_tipo_uso_imovel":"10","dc_tipo_uso_imovel":"Residencial","cd_tipo_terreno_imovel":1,"qt_area_terreno":241,"qt_area_construida":241}}},{"type":"Feature","geometry":{"type":"Polygon","coordinates":[[[-45.028471,-23.539513],[-45.02847,-23.53951],[-45.028469,-23.539508],[-45.028469,-23.539507],[-45.028468,-23.539504],[-45.028468,-23.539479],[-45.028468,-23.539462],[-45.028471,-23.539474],[-45.028471,-23.539474],[-45.028471,-23.539513]]]},"properties":{"sqlu":"SP-005-982728","inscription":"SP-GEOSAMPA-1982728","inscricaoImobiliaria":"SP-IMO-1982728","setor":"005","quadra":"072","lote":"0018","sourceType":"OFFICIAL_IMPORT","mainAddress":"Setor Fiscal 005","zoneamento":"RESIDENCIAL","statusCadastral":"ATIVO","workflowStatus":"PENDENTE","isOfficial":true,"rawProperties":{"cd_identificador":1982728,"cd_identificador_original_lote":8891944,"cd_setor_fiscal":"005","cd_tipo_quadra":"F","tx_tipo_quadra":"FISCAL","cd_quadra_fiscal":"072","cd_subquadra_fiscal":null,"cd_condominio":"00","cd_tipo_lote":"F","tx_tipo_lote":"FISCAL","cd_lote":"0018","cd_situacao":1,"cd_digito_sql":"7","cd_logradouro":"183270","nm_logradouro_completo":"R SINIMBU","cd_numero_porta":"244","tx_complemento_endereco":null,"tx_situ_lote":"ATIVO","cd_tipo_uso_imovel":"12","dc_tipo_uso_imovel":"Residencial","cd_tipo_terreno_imovel":1,"qt_area_terreno":138,"qt_area_construida":100}}},{"type":"Feature","geometry":{"type":"Polygon","coordinates":[[[-45.028504,-23.533529],[-45.028504,-23.533531],[-45.028505,-23.533555],[-45.028507,-23.533572],[-45.028507,-23.533618],[-45.028504,-23.533594],[-45.028504,-23.533549],[-45.028504,-23.533529]]]},"properties":{"sqlu":"SP-005-982971","inscription":"SP-GEOSAMPA-1982971","inscricaoImobiliaria":"SP-IMO-1982971","setor":"005","quadra":"040","lote":"0541","sourceType":"OFFICIAL_IMPORT","mainAddress":"Setor Fiscal 005","zoneamento":"RESIDENCIAL","statusCadastral":"ATIVO","workflowStatus":"PENDENTE","isOfficial":true,"rawProperties":{"cd_identificador":1982971,"cd_identificador_original_lote":8890931,"cd_setor_fiscal":"005","cd_tipo_quadra":"F","tx_tipo_quadra":"FISCAL","cd_quadra_fiscal":"040","cd_subquadra_fiscal":null,"cd_condominio":"00","cd_tipo_lote":"F","tx_tipo_lote":"FISCAL","cd_lote":"0541","cd_situacao":1,"cd_digito_sql":"3","cd_logradouro":"076643","nm_logradouro_completo":"R CONS FURTADO","cd_numero_porta":"46","tx_complemento_endereco":null,"tx_situ_lote":"ATIVO","cd_tipo_uso_imovel":"40","dc_tipo_uso_imovel":"Não residencial","cd_tipo_terreno_imovel":1,"qt_area_terreno":92,"qt_area_construida":69}}},{"type":"Feature","geometry":{"type":"Polygon","coordinates":[[[-45.028474,-23.537191],[-45.028474,-23.536947],[-45.028475,-23.536953],[-45.028475,-23.537195],[-45.028474,-23.537191]]]},"properties":{"sqlu":"SP-005-982972","inscription":"SP-GEOSAMPA-1982972","inscricaoImobiliaria":"SP-IMO-1982972","setor":"005","quadra":"092","lote":"0003","sourceType":"OFFICIAL_IMPORT","mainAddress":"Setor Fiscal 005","zoneamento":"RESIDENCIAL","statusCadastral":"ATIVO","workflowStatus":"PENDENTE","isOfficial":true,"rawProperties":{"cd_identificador":1982972,"cd_identificador_original_lote":8890316,"cd_setor_fiscal":"005","cd_tipo_quadra":"F","tx_tipo_quadra":"FISCAL","cd_quadra_fiscal":"092","cd_subquadra_fiscal":null,"cd_condominio":"00","cd_tipo_lote":"F","tx_tipo_lote":"FISCAL","cd_lote":"0003","cd_situacao":1,"cd_digito_sql":"6","cd_logradouro":"156744","nm_logradouro_completo":"R S PAULO","cd_numero_porta":"119","tx_complemento_endereco":"E 123","tx_situ_lote":"ATIVO","cd_tipo_uso_imovel":"42","dc_tipo_uso_imovel":"Não residencial","cd_tipo_terreno_imovel":1,"qt_area_terreno":180,"qt_area_construida":175}}},{"type":"Feature","geometry":{"type":"Polygon","coordinates":[[[-45.028444,-23.535792],[-45.028444,-23.535741],[-45.028445,-23.535743],[-45.028446,-23.535745],[-45.028446,-23.535746],[-45.028446,-23.535746],[-45.028446,-23.535746],[-45.028446,-23.535747],[-45.028446,-23.535793],[-45.028446,-23.535798],[-45.028446,-23.535797],[-45.028446,-23.535797],[-45.028444,-23.535792]]]},"properties":{"sqlu":"SP-005-983009","inscription":"SP-GEOSAMPA-1983009","inscricaoImobiliaria":"SP-IMO-1983009","setor":"005","quadra":"056","lote":"0006","sourceType":"OFFICIAL_IMPORT","mainAddress":"Setor Fiscal 005","zoneamento":"RESIDENCIAL","statusCadastral":"ATIVO","workflowStatus":"PENDENTE","isOfficial":true,"rawProperties":{"cd_identificador":1983009,"cd_identificador_original_lote":8891877,"cd_setor_fiscal":"005","cd_tipo_quadra":"F","tx_tipo_quadra":"FISCAL","cd_quadra_fiscal":"056","cd_subquadra_fiscal":null,"cd_condominio":"00","cd_tipo_lote":"F","tx_tipo_lote":"FISCAL","cd_lote":"0006","cd_situacao":1,"cd_digito_sql":"4","cd_logradouro":"067105","nm_logradouro_completo":"VL DOS ESTUDANTES","cd_numero_porta":"4","tx_complemento_endereco":"E 4A","tx_situ_lote":"ATIVO","cd_tipo_uso_imovel":"12","dc_tipo_uso_imovel":"Residencial","cd_tipo_terreno_imovel":1,"qt_area_terreno":78,"qt_area_construida":80}}},{"type":"Feature","geometry":{"type":"Polygon","coordinates":[[[-45.028519,-23.539005],[-45.028518,-23.539],[-45.028517,-23.538996],[-45.028516,-23.538993],[-45.028515,-23.538988],[-45.028516,-23.538896],[-45.028516,-23.538898],[-45.028519,-23.538914],[-45.028519,-23.53898],[-45.028519,-23.539005]]]},"properties":{"sqlu":"SP-005-982958","inscription":"SP-GEOSAMPA-1982958","inscricaoImobiliaria":"SP-IMO-1982958","setor":"005","quadra":"069","lote":"0003","sourceType":"OFFICIAL_IMPORT","mainAddress":"Setor Fiscal 005","zoneamento":"RESIDENCIAL","statusCadastral":"ATIVO","workflowStatus":"PENDENTE","isOfficial":true,"rawProperties":{"cd_identificador":1982958,"cd_identificador_original_lote":8891443,"cd_setor_fiscal":"005","cd_tipo_quadra":"F","tx_tipo_quadra":"FISCAL","cd_quadra_fiscal":"069","cd_subquadra_fiscal":null,"cd_condominio":"00","cd_tipo_lote":"F","tx_tipo_lote":"FISCAL","cd_lote":"0003","cd_situacao":1,"cd_digito_sql":"7","cd_logradouro":"080292","nm_logradouro_completo":"R DA GLORIA","cd_numero_porta":"606","tx_complemento_endereco":"E 608","tx_situ_lote":"ATIVO","cd_tipo_uso_imovel":"40","dc_tipo_uso_imovel":"Não residencial","cd_tipo_terreno_imovel":1,"qt_area_terreno":231,"qt_area_construida":680}}},{"type":"Feature","geometry":{"type":"Polygon","coordinates":[[[-45.028582,-23.534667],[-45.028583,-23.534712],[-45.028582,-23.534729],[-45.02858,-23.534796],[-45.028579,-23.534751],[-45.02858,-23.534734],[-45.028581,-23.534722],[-45.028582,-23.534667]]]},"properties":{"sqlu":"SP-005-982954","inscription":"SP-GEOSAMPA-1982954","inscricaoImobiliaria":"SP-IMO-1982954","setor":"005","quadra":"035","lote":"0041","sourceType":"OFFICIAL_IMPORT","mainAddress":"Setor Fiscal 005","zoneamento":"RESIDENCIAL","statusCadastral":"ATIVO","workflowStatus":"PENDENTE","isOfficial":true,"rawProperties":{"cd_identificador":1982954,"cd_identificador_original_lote":8890229,"cd_setor_fiscal":"005","cd_tipo_quadra":"F","tx_tipo_quadra":"FISCAL","cd_quadra_fiscal":"035","cd_subquadra_fiscal":null,"cd_condominio":"00","cd_tipo_lote":"F","tx_tipo_lote":"FISCAL","cd_lote":"0041","cd_situacao":1,"cd_digito_sql":"0","cd_logradouro":"098957","nm_logradouro_completo":"R JANDAIA","cd_numero_porta":"86","tx_complemento_endereco":null,"tx_situ_lote":"ATIVO","cd_tipo_uso_imovel":"40","dc_tipo_uso_imovel":"Não residencial","cd_tipo_terreno_imovel":1,"qt_area_terreno":130,"qt_area_construida":358}}},{"type":"Feature","geometry":{"type":"Polygon","coordinates":[[[-45.028519,-23.539005],[-45.02852,-23.539094],[-45.028518,-23.539086],[-45.028515,-23.539072],[-45.028515,-23.538988],[-45.028516,-23.538993],[-45.028517,-23.538996],[-45.028518,-23.539],[-45.028519,-23.539005]]]},"properties":{"sqlu":"SP-005-982959","inscription":"SP-GEOSAMPA-1982959","inscricaoImobiliaria":"SP-IMO-1982959","setor":"005","quadra":"069","lote":"0000","sourceType":"OFFICIAL_IMPORT","mainAddress":"Setor Fiscal 005","zoneamento":"RESIDENCIAL","statusCadastral":"ATIVO","workflowStatus":"PENDENTE","isOfficial":true,"rawProperties":{"cd_identificador":1982959,"cd_identificador_original_lote":8891474,"cd_setor_fiscal":"005","cd_tipo_quadra":"F","tx_tipo_quadra":"FISCAL","cd_quadra_fiscal":"069","cd_subquadra_fiscal":null,"cd_condominio":"03","cd_tipo_lote":"F","tx_tipo_lote":"FISCAL","cd_lote":"0000","cd_situacao":1,"cd_digito_sql":null,"cd_logradouro":"080292","nm_logradouro_completo":"R DA GLORIA","cd_numero_porta":"618 620","tx_complemento_endereco":null,"tx_situ_lote":null,"cd_tipo_uso_imovel":"XX","dc_tipo_uso_imovel":"Condomínio","cd_tipo_terreno_imovel":99,"qt_area_terreno":257,"qt_area_construida":null}}},{"type":"Feature","geometry":{"type":"Polygon","coordinates":[[[-45.028426,-23.533203],[-45.028427,-23.533224],[-45.028429,-23.533261],[-45.028431,-23.533303],[-45.02843,-23.533359],[-45.02843,-23.533364],[-45.02843,-23.533384],[-45.02843,-23.533444],[-45.028429,-23.533486],[-45.028429,-23.533546],[-45.028424,-23.533449],[-45.028425,-23.533387],[-45.028425,-23.533368],[-45.028425,-23.533346],[-45.028425,-23.533341],[-45.028425,-23.533284],[-45.028426,-23.53326],[-45.028426,-23.533203]]]},"properties":{"sqlu":"SP-005-983127","inscription":"SP-GEOSAMPA-1983127","inscricaoImobiliaria":"SP-IMO-1983127","setor":"005","quadra":"076","lote":"0000","sourceType":"OFFICIAL_IMPORT","mainAddress":"Setor Fiscal 005","zoneamento":"RESIDENCIAL","statusCadastral":"ATIVO","workflowStatus":"PENDENTE","isOfficial":true,"rawProperties":{"cd_identificador":1983127,"cd_identificador_original_lote":8891758,"cd_setor_fiscal":"005","cd_tipo_quadra":"F","tx_tipo_quadra":"FISCAL","cd_quadra_fiscal":"076","cd_subquadra_fiscal":null,"cd_condominio":"16","cd_tipo_lote":"F","tx_tipo_lote":"FISCAL","cd_lote":"0000","cd_situacao":1,"cd_digito_sql":null,"cd_logradouro":"151017","nm_logradouro_completo":"R OSCAR CINTRA GORDINHO","cd_numero_porta":"151","tx_complemento_endereco":null,"tx_situ_lote":null,"cd_tipo_uso_imovel":"XX","dc_tipo_uso_imovel":"Condomínio","cd_tipo_terreno_imovel":99,"qt_area_terreno":870,"qt_area_construida":null}}},{"type":"Feature","geometry":{"type":"Polygon","coordinates":[[[-45.028471,-23.539513],[-45.028471,-23.539521],[-45.028471,-23.539533],[-45.028472,-23.539552],[-45.028468,-23.539549],[-45.028468,-23.539518],[-45.028468,-23.539504],[-45.028469,-23.539507],[-45.028469,-23.539508],[-45.02847,-23.53951],[-45.028471,-23.539513]]]},"properties":{"sqlu":"SP-005-982729","inscription":"SP-GEOSAMPA-1982729","inscricaoImobiliaria":"SP-IMO-1982729","setor":"005","quadra":"072","lote":"0017","sourceType":"OFFICIAL_IMPORT","mainAddress":"Setor Fiscal 005","zoneamento":"RESIDENCIAL","statusCadastral":"ATIVO","workflowStatus":"PENDENTE","isOfficial":true,"rawProperties":{"cd_identificador":1982729,"cd_identificador_original_lote":8891945,"cd_setor_fiscal":"005","cd_tipo_quadra":"F","tx_tipo_quadra":"FISCAL","cd_quadra_fiscal":"072","cd_subquadra_fiscal":null,"cd_condominio":"00","cd_tipo_lote":"F","tx_tipo_lote":"FISCAL","cd_lote":"0017","cd_situacao":1,"cd_digito_sql":"9","cd_logradouro":"183270","nm_logradouro_completo":"R SINIMBU","cd_numero_porta":"246","tx_complemento_endereco":null,"tx_situ_lote":"ATIVO","cd_tipo_uso_imovel":"10","dc_tipo_uso_imovel":"Residencial","cd_tipo_terreno_imovel":1,"qt_area_terreno":98,"qt_area_construida":80}}},{"type":"Feature","geometry":{"type":"Polygon","coordinates":[[[-45.028567,-23.528832],[-45.028567,-23.528814],[-45.028566,-23.528759],[-45.028567,-23.528748],[-45.02857,-23.528641],[-45.028571,-23.528701],[-45.02857,-23.528733],[-45.02857,-23.528749],[-45.028567,-23.528832]]]},"properties":{"sqlu":"SP-005-982731","inscription":"SP-GEOSAMPA-1982731","inscricaoImobiliaria":"SP-IMO-1982731","setor":"005","quadra":"003","lote":"0020","sourceType":"OFFICIAL_IMPORT","mainAddress":"Setor Fiscal 005","zoneamento":"RESIDENCIAL","statusCadastral":"ATIVO","workflowStatus":"PENDENTE","isOfficial":true,"rawProperties":{"cd_identificador":1982731,"cd_identificador_original_lote":8891251,"cd_setor_fiscal":"005","cd_tipo_quadra":"F","tx_tipo_quadra":"FISCAL","cd_quadra_fiscal":"003","cd_subquadra_fiscal":null,"cd_condominio":"00","cd_tipo_lote":"F","tx_tipo_lote":"FISCAL","cd_lote":"0020","cd_situacao":1,"cd_digito_sql":"8","cd_logradouro":"118249","nm_logradouro_completo":"R LIBERO BADARO","cd_numero_porta":"130","tx_complemento_endereco":null,"tx_situ_lote":"ATIVO","cd_tipo_uso_imovel":"40","dc_tipo_uso_imovel":"Não residencial","cd_tipo_terreno_imovel":1,"qt_area_terreno":196,"qt_area_construida":375}}},{"type":"Feature","geometry":{"type":"Polygon","coordinates":[[[-45.028448,-23.535798],[-45.028446,-23.535793],[-45.028446,-23.535747],[-45.028447,-23.535748],[-45.028449,-23.535754],[-45.028448,-23.535798]]]},"properties":{"sqlu":"SP-005-983197","inscription":"SP-GEOSAMPA-1983197","inscricaoImobiliaria":"SP-IMO-1983197","setor":"005","quadra":"056","lote":"0027","sourceType":"OFFICIAL_IMPORT","mainAddress":"Setor Fiscal 005","zoneamento":"RESIDENCIAL","statusCadastral":"ATIVO","workflowStatus":"PENDENTE","isOfficial":true,"rawProperties":{"cd_identificador":1983197,"cd_identificador_original_lote":8891878,"cd_setor_fiscal":"005","cd_tipo_quadra":"F","tx_tipo_quadra":"FISCAL","cd_quadra_fiscal":"056","cd_subquadra_fiscal":null,"cd_condominio":"00","cd_tipo_lote":"F","tx_tipo_lote":"FISCAL","cd_lote":"0027","cd_situacao":1,"cd_digito_sql":"7","cd_logradouro":"009130","nm_logradouro_completo":"R LIVR ALVES","cd_numero_porta":"1","tx_complemento_endereco":null,"tx_situ_lote":"ATIVO","cd_tipo_uso_imovel":"10","dc_tipo_uso_imovel":"Residencial","cd_tipo_terreno_imovel":1,"qt_area_terreno":69,"qt_area_construida":60}}},{"type":"Feature","geometry":{"type":"Polygon","coordinates":[[[-45.028504,-23.538994],[-45.028503,-23.53899],[-45.028503,-23.538904],[-45.028502,-23.538899],[-45.0285,-23.538893],[-45.028499,-23.53889],[-45.028499,-23.538889],[-45.028499,-23.538614],[-45.028502,-23.538622],[-45.028502,-23.538623],[-45.028504,-23.538632],[-45.028504,-23.538669],[-45.028504,-23.538839],[-45.028504,-23.538907],[-45.028504,-23.538994]]]},"properties":{"sqlu":"SP-005-983019","inscription":"SP-GEOSAMPA-1983019","inscricaoImobiliaria":"SP-IMO-1983019","setor":"005","quadra":"070","lote":"0138","sourceType":"OFFICIAL_IMPORT","mainAddress":"Setor Fiscal 005","zoneamento":"RESIDENCIAL","statusCadastral":"ATIVO","workflowStatus":"PENDENTE","isOfficial":true,"rawProperties":{"cd_identificador":1983019,"cd_identificador_original_lote":8890444,"cd_setor_fiscal":"005","cd_tipo_quadra":"F","tx_tipo_quadra":"FISCAL","cd_quadra_fiscal":"070","cd_subquadra_fiscal":null,"cd_condominio":"00","cd_tipo_lote":"F","tx_tipo_lote":"FISCAL","cd_lote":"0138","cd_situacao":1,"cd_digito_sql":"9","cd_logradouro":"090328","nm_logradouro_completo":"R BR DE IGUAPE","cd_numero_porta":"370","tx_complemento_endereco":null,"tx_situ_lote":"ATIVO","cd_tipo_uso_imovel":"62","dc_tipo_uso_imovel":"Não residencial","cd_tipo_terreno_imovel":1,"qt_area_terreno":905,"qt_area_construida":628}}},{"type":"Feature","geometry":{"type":"Polygon","coordinates":[[[-45.028477,-23.535841],[-45.028478,-23.535841],[-45.028478,-23.535876],[-45.028478,-23.535876],[-45.028477,-23.535876],[-45.028477,-23.535876],[-45.028477,-23.535855],[-45.028477,-23.535841]]]},"properties":{"sqlu":"SP-005-983140","inscription":"SP-GEOSAMPA-1983140","inscricaoImobiliaria":"SP-IMO-1983140","setor":"005","quadra":"054","lote":"0034","sourceType":"OFFICIAL_IMPORT","mainAddress":"Setor Fiscal 005","zoneamento":"RESIDENCIAL","statusCadastral":"ATIVO","workflowStatus":"PENDENTE","isOfficial":true,"rawProperties":{"cd_identificador":1983140,"cd_identificador_original_lote":8890732,"cd_setor_fiscal":"005","cd_tipo_quadra":"F","tx_tipo_quadra":"FISCAL","cd_quadra_fiscal":"054","cd_subquadra_fiscal":null,"cd_condominio":"00","cd_tipo_lote":"F","tx_tipo_lote":"FISCAL","cd_lote":"0034","cd_situacao":1,"cd_digito_sql":"0","cd_logradouro":"190500","nm_logradouro_completo":"R DR TOMAS DE LIMA","cd_numero_porta":"197","tx_complemento_endereco":null,"tx_situ_lote":"ATIVO","cd_tipo_uso_imovel":"10","dc_tipo_uso_imovel":"Residencial","cd_tipo_terreno_imovel":1,"qt_area_terreno":34,"qt_area_construida":30}}},{"type":"Feature","geometry":{"type":"Polygon","coordinates":[[[-45.028476,-23.53696],[-45.028476,-23.536995],[-45.028476,-23.5372],[-45.028475,-23.537195],[-45.028475,-23.536953],[-45.028476,-23.53696]]]},"properties":{"sqlu":"SP-005-983473","inscription":"SP-GEOSAMPA-1983473","inscricaoImobiliaria":"SP-IMO-1983473","setor":"005","quadra":"092","lote":"0002","sourceType":"OFFICIAL_IMPORT","mainAddress":"Setor Fiscal 005","zoneamento":"RESIDENCIAL","statusCadastral":"ATIVO","workflowStatus":"PENDENTE","isOfficial":true,"rawProperties":{"cd_identificador":1983473,"cd_identificador_original_lote":8890327,"cd_setor_fiscal":"005","cd_tipo_quadra":"F","tx_tipo_quadra":"FISCAL","cd_quadra_fiscal":"092","cd_subquadra_fiscal":null,"cd_condominio":"00","cd_tipo_lote":"F","tx_tipo_lote":"FISCAL","cd_lote":"0002","cd_situacao":1,"cd_digito_sql":"8","cd_logradouro":"156744","nm_logradouro_completo":"R S PAULO","cd_numero_porta":"113","tx_complemento_endereco":"117","tx_situ_lote":"ATIVO","cd_tipo_uso_imovel":"22","dc_tipo_uso_imovel":"Residencial","cd_tipo_terreno_imovel":3,"qt_area_terreno":130,"qt_area_construida":602}}},{"type":"Feature","geometry":{"type":"Polygon","coordinates":[[[-45.028476,-23.53696],[-45.028478,-23.536969],[-45.028478,-23.537001],[-45.028477,-23.536998],[-45.028476,-23.536995],[-45.028476,-23.53696]]]},"properties":{"sqlu":"SP-005-983472","inscription":"SP-GEOSAMPA-1983472","inscricaoImobiliaria":"SP-IMO-1983472","setor":"005","quadra":"092","lote":"0056","sourceType":"OFFICIAL_IMPORT","mainAddress":"Setor Fiscal 005","zoneamento":"RESIDENCIAL","statusCadastral":"ATIVO","workflowStatus":"PENDENTE","isOfficial":true,"rawProperties":{"cd_identificador":1983472,"cd_identificador_original_lote":8890326,"cd_setor_fiscal":"005","cd_tipo_quadra":"F","tx_tipo_quadra":"FISCAL","cd_quadra_fiscal":"092","cd_subquadra_fiscal":null,"cd_condominio":"00","cd_tipo_lote":"F","tx_tipo_lote":"FISCAL","cd_lote":"0056","cd_situacao":1,"cd_digito_sql":"7","cd_logradouro":"465194","nm_logradouro_completo":"R MITUTO MIZUMOTO","cd_numero_porta":"S/N","tx_complemento_endereco":null,"tx_situ_lote":"ATIVO","cd_tipo_uso_imovel":"00","dc_tipo_uso_imovel":"Terreno","cd_tipo_terreno_imovel":1,"qt_area_terreno":74,"qt_area_construida":0}}},{"type":"Feature","geometry":{"type":"Polygon","coordinates":[[[-45.028475,-23.534387],[-45.028475,-23.534366],[-45.028475,-23.534358],[-45.028475,-23.534279],[-45.028475,-23.534161],[-45.028475,-23.534157],[-45.028478,-23.534123],[-45.028478,-23.534133],[-45.028478,-23.534355],[-45.028478,-23.53439],[-45.028477,-23.534389],[-45.028477,-23.534389],[-45.028476,-23.534389],[-45.028476,-23.534388],[-45.028476,-23.534388],[-45.028475,-23.534387],[-45.028475,-23.534387]]]},"properties":{"sqlu":"SP-005-983508","inscription":"SP-GEOSAMPA-1983508","inscricaoImobiliaria":"SP-IMO-1983508","setor":"005","quadra":"046","lote":"0167","sourceType":"OFFICIAL_IMPORT","mainAddress":"Setor Fiscal 005","zoneamento":"RESIDENCIAL","statusCadastral":"ATIVO","workflowStatus":"PENDENTE","isOfficial":true,"rawProperties":{"cd_identificador":1983508,"cd_identificador_original_lote":8892143,"cd_setor_fiscal":"005","cd_tipo_quadra":"F","tx_tipo_quadra":"FISCAL","cd_quadra_fiscal":"046","cd_subquadra_fiscal":null,"cd_condominio":"00","cd_tipo_lote":"F","tx_tipo_lote":"FISCAL","cd_lote":"0167","cd_situacao":1,"cd_digito_sql":"9","cd_logradouro":"178640","nm_logradouro_completo":"R CD DE SARZEDAS","cd_numero_porta":"134","tx_complemento_endereco":"136146148","tx_situ_lote":"ATIVO","cd_tipo_uso_imovel":"42","dc_tipo_uso_imovel":"Não residencial","cd_tipo_terreno_imovel":2,"qt_area_terreno":560,"qt_area_construida":500}}},{"type":"Feature","geometry":{"type":"Polygon","coordinates":[[[-45.028411,-23.532857],[-45.028411,-23.532822],[-45.028412,-23.532786],[-45.028412,-23.532755],[-45.028412,-23.532656],[-45.028412,-23.532557],[-45.028413,-23.53256],[-45.028413,-23.532605],[-45.028413,-23.53265],[-45.028413,-23.532663],[-45.028413,-23.532677],[-45.028413,-23.532717],[-45.028413,-23.532758],[-45.028413,-23.532766],[-45.028413,-23.532774],[-45.028413,-23.532774],[-45.028413,-23.532827],[-45.028412,-23.53288],[-45.028412,-23.532878],[-45.028412,-23.532868],[-45.028411,-23.532857]]]},"properties":{"sqlu":"SP-005-983286","inscription":"SP-GEOSAMPA-1983286","inscricaoImobiliaria":"SP-IMO-1983286","setor":"005","quadra":"076","lote":"0160","sourceType":"OFFICIAL_IMPORT","mainAddress":"Setor Fiscal 005","zoneamento":"RESIDENCIAL","statusCadastral":"ATIVO","workflowStatus":"PENDENTE","isOfficial":true,"rawProperties":{"cd_identificador":1983286,"cd_identificador_original_lote":8891765,"cd_setor_fiscal":"005","cd_tipo_quadra":"F","tx_tipo_quadra":"FISCAL","cd_quadra_fiscal":"076","cd_subquadra_fiscal":null,"cd_condominio":"00","cd_tipo_lote":"F","tx_tipo_lote":"FISCAL","cd_lote":"0160","cd_situacao":1,"cd_digito_sql":"2","cd_logradouro":"185566","nm_logradouro_completo":"R TABATINGUERA","cd_numero_porta":"486","tx_complemento_endereco":null,"tx_situ_lote":"ATIVO","cd_tipo_uso_imovel":"10","dc_tipo_uso_imovel":"Residencial","cd_tipo_terreno_imovel":1,"qt_area_terreno":241,"qt_area_construida":100}}},{"type":"Feature","geometry":{"type":"Polygon","coordinates":[[[-45.028486,-23.539],[-45.028486,-23.539064],[-45.028484,-23.539065],[-45.028483,-23.539065],[-45.028482,-23.539064],[-45.028481,-23.539063],[-45.02848,-23.539061],[-45.02848,-23.539019],[-45.028482,-23.539019],[-45.028482,-23.539019],[-45.028482,-23.539029],[-45.028483,-23.539029],[-45.028484,-23.539017],[-45.028484,-23.539017],[-45.028486,-23.539]]]},"properties":{"sqlu":"SP-005-983328","inscription":"SP-GEOSAMPA-1983328","inscricaoImobiliaria":"SP-IMO-1983328","setor":"005","quadra":"071","lote":"0028","sourceType":"OFFICIAL_IMPORT","mainAddress":"Setor Fiscal 005","zoneamento":"RESIDENCIAL","statusCadastral":"ATIVO","workflowStatus":"PENDENTE","isOfficial":true,"rawProperties":{"cd_identificador":1983328,"cd_identificador_original_lote":8891209,"cd_setor_fiscal":"005","cd_tipo_quadra":"F","tx_tipo_quadra":"FISCAL","cd_quadra_fiscal":"071","cd_subquadra_fiscal":null,"cd_condominio":"00","cd_tipo_lote":"F","tx_tipo_lote":"FISCAL","cd_lote":"0028","cd_situacao":1,"cd_digito_sql":"1","cd_logradouro":"465194","nm_logradouro_completo":"R MITUTO MIZUMOTO","cd_numero_porta":"548","tx_complemento_endereco":null,"tx_situ_lote":"ATIVO","cd_tipo_uso_imovel":"71","dc_tipo_uso_imovel":"Não residencial","cd_tipo_terreno_imovel":1,"qt_area_terreno":180,"qt_area_construida":100}}},{"type":"Feature","geometry":{"type":"Polygon","coordinates":[[[-45.028482,-23.535579],[-45.028481,-23.535575],[-45.028481,-23.535492],[-45.028482,-23.535493],[-45.028482,-23.535579]]]},"properties":{"sqlu":"SP-005-983331","inscription":"SP-GEOSAMPA-1983331","inscricaoImobiliaria":"SP-IMO-1983331","setor":"005","quadra":"045","lote":"0036","sourceType":"OFFICIAL_IMPORT","mainAddress":"Setor Fiscal 005","zoneamento":"RESIDENCIAL","statusCadastral":"ATIVO","workflowStatus":"PENDENTE","isOfficial":true,"rawProperties":{"cd_identificador":1983331,"cd_identificador_original_lote":8892052,"cd_setor_fiscal":"005","cd_tipo_quadra":"F","tx_tipo_quadra":"FISCAL","cd_quadra_fiscal":"045","cd_subquadra_fiscal":null,"cd_condominio":"00","cd_tipo_lote":"F","tx_tipo_lote":"FISCAL","cd_lote":"0036","cd_situacao":1,"cd_digito_sql":"8","cd_logradouro":"190500","nm_logradouro_completo":"R DR TOMAS DE LIMA","cd_numero_porta":"166","tx_complemento_endereco":null,"tx_situ_lote":"ATIVO","cd_tipo_uso_imovel":"40","dc_tipo_uso_imovel":"Não residencial","cd_tipo_terreno_imovel":1,"qt_area_terreno":29,"qt_area_construida":39}}},{"type":"Feature","geometry":{"type":"Polygon","coordinates":[[[-45.028428,-23.535505],[-45.028428,-23.535511],[-45.028427,-23.535527],[-45.028427,-23.535536],[-45.028426,-23.53555],[-45.028425,-23.535583],[-45.028425,-23.535534],[-45.028428,-23.535456],[-45.028428,-23.535471],[-45.028428,-23.535483],[-45.028428,-23.535505]]]},"properties":{"sqlu":"SP-005-983682","inscription":"SP-GEOSAMPA-1983682","inscricaoImobiliaria":"SP-IMO-1983682","setor":"005","quadra":"089","lote":"0013","sourceType":"OFFICIAL_IMPORT","mainAddress":"Setor Fiscal 005","zoneamento":"RESIDENCIAL","statusCadastral":"ATIVO","workflowStatus":"PENDENTE","isOfficial":true,"rawProperties":{"cd_identificador":1983682,"cd_identificador_original_lote":8891779,"cd_setor_fiscal":"005","cd_tipo_quadra":"F","tx_tipo_quadra":"FISCAL","cd_quadra_fiscal":"089","cd_subquadra_fiscal":null,"cd_condominio":"00","cd_tipo_lote":"F","tx_tipo_lote":"FISCAL","cd_lote":"0013","cd_situacao":1,"cd_digito_sql":"1","cd_logradouro":"080241","nm_logradouro_completo":"R GLICERIO","cd_numero_porta":"326","tx_complemento_endereco":null,"tx_situ_lote":"ATIVO","cd_tipo_uso_imovel":"50","dc_tipo_uso_imovel":"Não residencial","cd_tipo_terreno_imovel":1,"qt_area_terreno":121,"qt_area_construida":269}}},{"type":"Feature","geometry":{"type":"Polygon","coordinates":[[[-45.028606,-23.535311],[-45.028605,-23.535191],[-45.028607,-23.535145],[-45.028607,-23.535134],[-45.028608,-23.535113],[-45.02861,-23.535067],[-45.02861,-23.535059],[-45.02861,-23.535049],[-45.028611,-23.535041],[-45.028612,-23.535164],[-45.028611,-23.535172],[-45.028611,-23.535189],[-45.02861,-23.535199],[-45.028606,-23.535311]]]},"properties":{"sqlu":"SP-005-983641","inscription":"SP-GEOSAMPA-1983641","inscricaoImobiliaria":"SP-IMO-1983641","setor":"005","quadra":"034","lote":"0121","sourceType":"OFFICIAL_IMPORT","mainAddress":"Setor Fiscal 005","zoneamento":"RESIDENCIAL","statusCadastral":"ATIVO","workflowStatus":"PENDENTE","isOfficial":true,"rawProperties":{"cd_identificador":1983641,"cd_identificador_original_lote":8890703,"cd_setor_fiscal":"005","cd_tipo_quadra":"F","tx_tipo_quadra":"FISCAL","cd_quadra_fiscal":"034","cd_subquadra_fiscal":null,"cd_condominio":"00","cd_tipo_lote":"F","tx_tipo_lote":"FISCAL","cd_lote":"0121","cd_situacao":1,"cd_digito_sql":"8","cd_logradouro":"121657","nm_logradouro_completo":"AV BRIG LUIS ANTONIO","cd_numero_porta":"544","tx_complemento_endereco":"550 E 554","tx_situ_lote":"ATIVO","cd_tipo_uso_imovel":"31","dc_tipo_uso_imovel":"Não residencial","cd_tipo_terreno_imovel":1,"qt_area_terreno":615,"qt_area_construida":3503}}},{"type":"Feature","geometry":{"type":"Polygon","coordinates":[[[-45.02853,-23.532889],[-45.02853,-23.532892],[-45.028529,-23.532899],[-45.028528,-23.532938],[-45.028527,-23.532852],[-45.028528,-23.532816],[-45.028529,-23.532803],[-45.028529,-23.532863],[-45.02853,-23.532889]]]},"properties":{"sqlu":"SP-005-983741","inscription":"SP-GEOSAMPA-1983741","inscricaoImobiliaria":"SP-IMO-1983741","setor":"005","quadra":"030","lote":"0000","sourceType":"OFFICIAL_IMPORT","mainAddress":"Setor Fiscal 005","zoneamento":"RESIDENCIAL","statusCadastral":"ATIVO","workflowStatus":"PENDENTE","isOfficial":true,"rawProperties":{"cd_identificador":1983741,"cd_identificador_original_lote":8890573,"cd_setor_fiscal":"005","cd_tipo_quadra":"F","tx_tipo_quadra":"FISCAL","cd_quadra_fiscal":"030","cd_subquadra_fiscal":null,"cd_condominio":"01","cd_tipo_lote":"F","tx_tipo_lote":"FISCAL","cd_lote":"0000","cd_situacao":1,"cd_digito_sql":null,"cd_logradouro":"181153","nm_logradouro_completo":"LG SETE DE SETEMBRO","cd_numero_porta":"30 34","tx_complemento_endereco":null,"tx_situ_lote":null,"cd_tipo_uso_imovel":"XX","dc_tipo_uso_imovel":"Condomínio","cd_tipo_terreno_imovel":99,"qt_area_terreno":137,"qt_area_construida":null}}},{"type":"Feature","geometry":{"type":"Polygon","coordinates":[[[-45.02853,-23.532889],[-45.02853,-23.532907],[-45.028531,-23.532881],[-45.028531,-23.532877],[-45.028532,-23.532856],[-45.028532,-23.532892],[-45.028532,-23.532901],[-45.028531,-23.532908],[-45.028528,-23.532989],[-45.028528,-23.532938],[-45.028529,-23.532899],[-45.02853,-23.532892],[-45.02853,-23.532889]]]},"properties":{"sqlu":"SP-005-983742","inscription":"SP-GEOSAMPA-1983742","inscricaoImobiliaria":"SP-IMO-1983742","setor":"005","quadra":"030","lote":"0006","sourceType":"OFFICIAL_IMPORT","mainAddress":"Setor Fiscal 005","zoneamento":"RESIDENCIAL","statusCadastral":"ATIVO","workflowStatus":"PENDENTE","isOfficial":true,"rawProperties":{"cd_identificador":1983742,"cd_identificador_original_lote":8890574,"cd_setor_fiscal":"005","cd_tipo_quadra":"F","tx_tipo_quadra":"FISCAL","cd_quadra_fiscal":"030","cd_subquadra_fiscal":null,"cd_condominio":"00","cd_tipo_lote":"F","tx_tipo_lote":"FISCAL","cd_lote":"0006","cd_situacao":1,"cd_digito_sql":"1","cd_logradouro":"181153","nm_logradouro_completo":"LG SETE DE SETEMBRO","cd_numero_porta":"38","tx_complemento_endereco":"/40","tx_situ_lote":"ATIVO","cd_tipo_uso_imovel":"31","dc_tipo_uso_imovel":"Não residencial","cd_tipo_terreno_imovel":1,"qt_area_terreno":112,"qt_area_construida":417}}},{"type":"Feature","geometry":{"type":"Polygon","coordinates":[[[-45.028519,-23.530923],[-45.028519,-23.530918],[-45.02852,-23.530922],[-45.02852,-23.530928],[-45.02852,-23.530941],[-45.028521,-23.53096],[-45.028522,-23.531094],[-45.028527,-23.531795],[-45.028528,-23.531862],[-45.028528,-23.531909],[-45.028528,-23.531947],[-45.028528,-23.531976],[-45.028527,-23.531993],[-45.028527,-23.532025],[-45.028526,-23.53205],[-45.028525,-23.532071],[-45.028524,-23.532095],[-45.028523,-23.532109],[-45.028522,-23.532104],[-45.028521,-23.532076],[-45.02852,-23.53204],[-45.02852,-23.53198],[-45.028517,-23.531642],[-45.028513,-23.531144],[-45.028512,-23.531125],[-45.028512,-23.531109],[-45.028512,-23.531089],[-45.028513,-23.531076],[-45.028513,-23.531066],[-45.028519,-23.530923]]]},"properties":{"sqlu":"SP-005-984093","inscription":"SP-GEOSAMPA-1984093","inscricaoImobiliaria":"SP-IMO-1984093","setor":"005","quadra":"026","lote":"0001","sourceType":"OFFICIAL_IMPORT","mainAddress":"Setor Fiscal 005","zoneamento":"RESIDENCIAL","statusCadastral":"ATIVO","workflowStatus":"PENDENTE","isOfficial":true,"rawProperties":{"cd_identificador":1984093,"cd_identificador_original_lote":8890566,"cd_setor_fiscal":"005","cd_tipo_quadra":"F","tx_tipo_quadra":"FISCAL","cd_quadra_fiscal":"026","cd_subquadra_fiscal":null,"cd_condominio":"00","cd_tipo_lote":"F","tx_tipo_lote":"FISCAL","cd_lote":"0001","cd_situacao":1,"cd_digito_sql":"2","cd_logradouro":"175455","nm_logradouro_completo":"PC DA SE","cd_numero_porta":"S/N","tx_complemento_endereco":null,"tx_situ_lote":"ATIVO","cd_tipo_uso_imovel":"72","dc_tipo_uso_imovel":"Não residencial","cd_tipo_terreno_imovel":2,"qt_area_terreno":5700,"qt_area_construida":5700}}},{"type":"Feature","geometry":{"type":"Polygon","coordinates":[[[-45.028526,-23.535702],[-45.028526,-23.53576],[-45.028523,-23.535762],[-45.028523,-23.535706],[-45.028525,-23.535704],[-45.028526,-23.535702]]]},"properties":{"sqlu":"SP-005-983923","inscription":"SP-GEOSAMPA-1983923","inscricaoImobiliaria":"SP-IMO-1983923","setor":"005","quadra":"039","lote":"0030","sourceType":"OFFICIAL_IMPORT","mainAddress":"Setor Fiscal 005","zoneamento":"RESIDENCIAL","statusCadastral":"ATIVO","workflowStatus":"PENDENTE","isOfficial":true,"rawProperties":{"cd_identificador":1983923,"cd_identificador_original_lote":8891085,"cd_setor_fiscal":"005","cd_tipo_quadra":"F","tx_tipo_quadra":"FISCAL","cd_quadra_fiscal":"039","cd_subquadra_fiscal":null,"cd_condominio":"00","cd_tipo_lote":"F","tx_tipo_lote":"FISCAL","cd_lote":"0030","cd_situacao":1,"cd_digito_sql":"3","cd_logradouro":"067083","nm_logradouro_completo":"R DOS ESTUDANTES","cd_numero_porta":"57","tx_complemento_endereco":"61 E 69  ANTIGO","tx_situ_lote":"ATIVO","cd_tipo_uso_imovel":"40","dc_tipo_uso_imovel":"Não residencial","cd_tipo_terreno_imovel":1,"qt_area_terreno":72,"qt_area_construida":150}}},{"type":"Feature","geometry":{"type":"Polygon","coordinates":[[[-45.028457,-23.53912],[-45.028457,-23.539075],[-45.028461,-23.538964],[-45.028461,-23.539014],[-45.028461,-23.539032],[-45.028459,-23.53907],[-45.028459,-23.539083],[-45.028457,-23.53912]]]},"properties":{"sqlu":"SP-005-984041","inscription":"SP-GEOSAMPA-1984041","inscricaoImobiliaria":"SP-IMO-1984041","setor":"005","quadra":"073","lote":"0038","sourceType":"OFFICIAL_IMPORT","mainAddress":"Setor Fiscal 005","zoneamento":"RESIDENCIAL","statusCadastral":"ATIVO","workflowStatus":"PENDENTE","isOfficial":true,"rawProperties":{"cd_identificador":1984041,"cd_identificador_original_lote":8890517,"cd_setor_fiscal":"005","cd_tipo_quadra":"F","tx_tipo_quadra":"FISCAL","cd_quadra_fiscal":"073","cd_subquadra_fiscal":null,"cd_condominio":"00","cd_tipo_lote":"F","tx_tipo_lote":"FISCAL","cd_lote":"0038","cd_situacao":1,"cd_digito_sql":"6","cd_logradouro":"080241","nm_logradouro_completo":"R GLICERIO","cd_numero_porta":"762","tx_complemento_endereco":null,"tx_situ_lote":"ATIVO","cd_tipo_uso_imovel":"60","dc_tipo_uso_imovel":"Não residencial","cd_tipo_terreno_imovel":1,"qt_area_terreno":161,"qt_area_construida":56}}},{"type":"Feature","geometry":{"type":"Polygon","coordinates":[[[-45.028433,-23.53571],[-45.028433,-23.535756],[-45.028431,-23.53581],[-45.028431,-23.535763],[-45.028431,-23.535743],[-45.028433,-23.53571]]]},"properties":{"sqlu":"SP-005-983994","inscription":"SP-GEOSAMPA-1983994","inscricaoImobiliaria":"SP-IMO-1983994","setor":"005","quadra":"089","lote":"0022","sourceType":"OFFICIAL_IMPORT","mainAddress":"Setor Fiscal 005","zoneamento":"RESIDENCIAL","statusCadastral":"ATIVO","workflowStatus":"PENDENTE","isOfficial":true,"rawProperties":{"cd_identificador":1983994,"cd_identificador_original_lote":8891790,"cd_setor_fiscal":"005","cd_tipo_quadra":"F","tx_tipo_quadra":"FISCAL","cd_quadra_fiscal":"089","cd_subquadra_fiscal":null,"cd_condominio":"00","cd_tipo_lote":"F","tx_tipo_lote":"FISCAL","cd_lote":"0022","cd_situacao":1,"cd_digito_sql":"0","cd_logradouro":"067105","nm_logradouro_completo":"VL DOS ESTUDANTES","cd_numero_porta":"11","tx_complemento_endereco":null,"tx_situ_lote":"ATIVO","cd_tipo_uso_imovel":"10","dc_tipo_uso_imovel":"Residencial","cd_tipo_terreno_imovel":1,"qt_area_terreno":70,"qt_area_construida":40}}},{"type":"Feature","geometry":{"type":"Polygon","coordinates":[[[-45.028433,-23.53571],[-45.028431,-23.535743],[-45.028431,-23.535763],[-45.02843,-23.535752],[-45.02843,-23.535737],[-45.02843,-23.535716],[-45.028432,-23.535662],[-45.028433,-23.53571]]]},"properties":{"sqlu":"SP-005-983995","inscription":"SP-GEOSAMPA-1983995","inscricaoImobiliaria":"SP-IMO-1983995","setor":"005","quadra":"089","lote":"0021","sourceType":"OFFICIAL_IMPORT","mainAddress":"Setor Fiscal 005","zoneamento":"RESIDENCIAL","statusCadastral":"ATIVO","workflowStatus":"PENDENTE","isOfficial":true,"rawProperties":{"cd_identificador":1983995,"cd_identificador_original_lote":8891791,"cd_setor_fiscal":"005","cd_tipo_quadra":"F","tx_tipo_quadra":"FISCAL","cd_quadra_fiscal":"089","cd_subquadra_fiscal":null,"cd_condominio":"00","cd_tipo_lote":"F","tx_tipo_lote":"FISCAL","cd_lote":"0021","cd_situacao":1,"cd_digito_sql":"2","cd_logradouro":"067105","nm_logradouro_completo":"VL DOS ESTUDANTES","cd_numero_porta":"9","tx_complemento_endereco":null,"tx_situ_lote":"ATIVO","cd_tipo_uso_imovel":"10","dc_tipo_uso_imovel":"Residencial","cd_tipo_terreno_imovel":1,"qt_area_terreno":67,"qt_area_construida":40}}},{"type":"Feature","geometry":{"type":"Polygon","coordinates":[[[-45.028523,-23.529507],[-45.028522,-23.529515],[-45.028522,-23.529519],[-45.028521,-23.529273],[-45.028523,-23.52929],[-45.028523,-23.529471],[-45.028523,-23.529507]]]},"properties":{"sqlu":"SP-005-984359","inscription":"SP-GEOSAMPA-1984359","inscricaoImobiliaria":"SP-IMO-1984359","setor":"005","quadra":"012","lote":"0003","sourceType":"OFFICIAL_IMPORT","mainAddress":"Setor Fiscal 005","zoneamento":"RESIDENCIAL","statusCadastral":"ATIVO","workflowStatus":"PENDENTE","isOfficial":true,"rawProperties":{"cd_identificador":1984359,"cd_identificador_original_lote":8890964,"cd_setor_fiscal":"005","cd_tipo_quadra":"F","tx_tipo_quadra":"FISCAL","cd_quadra_fiscal":"012","cd_subquadra_fiscal":null,"cd_condominio":"00","cd_tipo_lote":"F","tx_tipo_lote":"FISCAL","cd_lote":"0003","cd_situacao":1,"cd_digito_sql":"7","cd_logradouro":"108138","nm_logradouro_completo":"R JOSE BONIFACIO","cd_numero_porta":"13","tx_complemento_endereco":null,"tx_situ_lote":"ATIVO","cd_tipo_uso_imovel":"40","dc_tipo_uso_imovel":"Não residencial","cd_tipo_terreno_imovel":1,"qt_area_terreno":270,"qt_area_construida":648}}},{"type":"Feature","geometry":{"type":"Polygon","coordinates":[[[-45.028554,-23.538416],[-45.028554,-23.538414],[-45.028554,-23.538542],[-45.028554,-23.538615],[-45.028553,-23.538628],[-45.028553,-23.538429],[-45.028553,-23.538423],[-45.028554,-23.538428],[-45.028554,-23.538429],[-45.028554,-23.538416]]]},"properties":{"sqlu":"SP-005-984337","inscription":"SP-GEOSAMPA-1984337","inscricaoImobiliaria":"SP-IMO-1984337","setor":"005","quadra":"067","lote":"0000","sourceType":"OFFICIAL_IMPORT","mainAddress":"Setor Fiscal 005","zoneamento":"RESIDENCIAL","statusCadastral":"ATIVO","workflowStatus":"PENDENTE","isOfficial":true,"rawProperties":{"cd_identificador":1984337,"cd_identificador_original_lote":8890636,"cd_setor_fiscal":"005","cd_tipo_quadra":"F","tx_tipo_quadra":"FISCAL","cd_quadra_fiscal":"067","cd_subquadra_fiscal":null,"cd_condominio":"02","cd_tipo_lote":"F","tx_tipo_lote":"FISCAL","cd_lote":"0000","cd_situacao":1,"cd_digito_sql":null,"cd_logradouro":"090328","nm_logradouro_completo":"R BR DE IGUAPE","cd_numero_porta":"73 77","tx_complemento_endereco":null,"tx_situ_lote":null,"cd_tipo_uso_imovel":"XX","dc_tipo_uso_imovel":"Condomínio","cd_tipo_terreno_imovel":99,"qt_area_terreno":201,"qt_area_construida":null}}},{"type":"Feature","geometry":{"type":"Polygon","coordinates":[[[-45.028554,-23.538416],[-45.028554,-23.538429],[-45.028554,-23.538428],[-45.028553,-23.538423],[-45.028553,-23.538396],[-45.028553,-23.538328],[-45.028553,-23.538147],[-45.028553,-23.53814],[-45.028553,-23.538098],[-45.028554,-23.538097],[-45.028554,-23.538122],[-45.028554,-23.538203],[-45.028554,-23.538255],[-45.028554,-23.538333],[-45.028554,-23.538399],[-45.028554,-23.538416]]]},"properties":{"sqlu":"SP-005-984338","inscription":"SP-GEOSAMPA-1984338","inscricaoImobiliaria":"SP-IMO-1984338","setor":"005","quadra":"067","lote":"0042","sourceType":"OFFICIAL_IMPORT","mainAddress":"Setor Fiscal 005","zoneamento":"RESIDENCIAL","statusCadastral":"ATIVO","workflowStatus":"PENDENTE","isOfficial":true,"rawProperties":{"cd_identificador":1984338,"cd_identificador_original_lote":8890647,"cd_setor_fiscal":"005","cd_tipo_quadra":"F","tx_tipo_quadra":"FISCAL","cd_quadra_fiscal":"067","cd_subquadra_fiscal":null,"cd_condominio":"00","cd_tipo_lote":"F","tx_tipo_lote":"FISCAL","cd_lote":"0042","cd_situacao":1,"cd_digito_sql":"9","cd_logradouro":"190560","nm_logradouro_completo":"R THOMAZ GONZAGA","cd_numero_porta":"18","tx_complemento_endereco":"E 20","tx_situ_lote":"ATIVO","cd_tipo_uso_imovel":"43","dc_tipo_uso_imovel":"Não residencial","cd_tipo_terreno_imovel":1,"qt_area_terreno":196,"qt_area_construida":555}}},{"type":"Feature","geometry":{"type":"Polygon","coordinates":[[[-45.028611,-23.533537],[-45.028611,-23.533597],[-45.028609,-23.53365],[-45.028608,-23.533593],[-45.028611,-23.533537]]]},"properties":{"sqlu":"SP-005-984732","inscription":"SP-GEOSAMPA-1984732","inscricaoImobiliaria":"SP-IMO-1984732","setor":"005","quadra":"023","lote":"0084","sourceType":"OFFICIAL_IMPORT","mainAddress":"Setor Fiscal 005","zoneamento":"RESIDENCIAL","statusCadastral":"ATIVO","workflowStatus":"PENDENTE","isOfficial":true,"rawProperties":{"cd_identificador":1984732,"cd_identificador_original_lote":8891040,"cd_setor_fiscal":"005","cd_tipo_quadra":"F","tx_tipo_quadra":"FISCAL","cd_quadra_fiscal":"023","cd_subquadra_fiscal":null,"cd_condominio":"00","cd_tipo_lote":"F","tx_tipo_lote":"FISCAL","cd_lote":"0084","cd_situacao":1,"cd_digito_sql":"1","cd_logradouro":"073296","nm_logradouro_completo":"R FRANCISCA MIQUELINA","cd_numero_porta":"156","tx_complemento_endereco":"E N158","tx_situ_lote":"ATIVO","cd_tipo_uso_imovel":"43","dc_tipo_uso_imovel":"Não residencial","cd_tipo_terreno_imovel":1,"qt_area_terreno":94,"qt_area_construida":420}}},{"type":"Feature","geometry":{"type":"Polygon","coordinates":[[[-45.028509,-23.537686],[-45.028509,-23.537636],[-45.028509,-23.537522],[-45.028509,-23.537428],[-45.028515,-23.537449],[-45.028515,-23.537462],[-45.028515,-23.537511],[-45.028515,-23.537568],[-45.028515,-23.537704],[-45.028514,-23.537703],[-45.028514,-23.537702],[-45.028512,-23.537694],[-45.02851,-23.53769],[-45.028509,-23.537686]]]},"properties":{"sqlu":"SP-005-984576","inscription":"SP-GEOSAMPA-1984576","inscricaoImobiliaria":"SP-IMO-1984576","setor":"005","quadra":"063","lote":"0000","sourceType":"OFFICIAL_IMPORT","mainAddress":"Setor Fiscal 005","zoneamento":"RESIDENCIAL","statusCadastral":"ATIVO","workflowStatus":"PENDENTE","isOfficial":true,"rawProperties":{"cd_identificador":1984576,"cd_identificador_original_lote":8890354,"cd_setor_fiscal":"005","cd_tipo_quadra":"F","tx_tipo_quadra":"FISCAL","cd_quadra_fiscal":"063","cd_subquadra_fiscal":null,"cd_condominio":"04","cd_tipo_lote":"F","tx_tipo_lote":"FISCAL","cd_lote":"0000","cd_situacao":1,"cd_digito_sql":null,"cd_logradouro":"080292","nm_logradouro_completo":"R DA GLORIA","cd_numero_porta":"459","tx_complemento_endereco":null,"tx_situ_lote":null,"cd_tipo_uso_imovel":"XX","dc_tipo_uso_imovel":"Condomínio","cd_tipo_terreno_imovel":99,"qt_area_terreno":991,"qt_area_construida":null}}},{"type":"Feature","geometry":{"type":"Polygon","coordinates":[[[-45.028535,-23.535661],[-45.028535,-23.535747],[-45.028533,-23.535752],[-45.028531,-23.535754],[-45.028531,-23.535699],[-45.028531,-23.535656],[-45.028532,-23.535656],[-45.028533,-23.535657],[-45.028533,-23.535657],[-45.028533,-23.535658],[-45.028534,-23.535659],[-45.028535,-23.535661]]]},"properties":{"sqlu":"SP-005-984569","inscription":"SP-GEOSAMPA-1984569","inscricaoImobiliaria":"SP-IMO-1984569","setor":"005","quadra":"039","lote":"0000","sourceType":"OFFICIAL_IMPORT","mainAddress":"Setor Fiscal 005","zoneamento":"RESIDENCIAL","statusCadastral":"ATIVO","workflowStatus":"PENDENTE","isOfficial":true,"rawProperties":{"cd_identificador":1984569,"cd_identificador_original_lote":8891075,"cd_setor_fiscal":"005","cd_tipo_quadra":"F","tx_tipo_quadra":"FISCAL","cd_quadra_fiscal":"039","cd_subquadra_fiscal":null,"cd_condominio":"11","cd_tipo_lote":"F","tx_tipo_lote":"FISCAL","cd_lote":"0000","cd_situacao":1,"cd_digito_sql":null,"cd_logradouro":"067083","nm_logradouro_completo":"R DOS ESTUDANTES","cd_numero_porta":"15 19","tx_complemento_endereco":null,"tx_situ_lote":null,"cd_tipo_uso_imovel":"XX","dc_tipo_uso_imovel":"Condomínio","cd_tipo_terreno_imovel":99,"qt_area_terreno":232,"qt_area_construida":null}}},{"type":"Feature","geometry":{"type":"Polygon","coordinates":[[[-45.028472,-23.539811],[-45.028473,-23.53981],[-45.028474,-23.53981],[-45.028474,-23.540207],[-45.028471,-23.540184],[-45.028472,-23.53997],[-45.028472,-23.539916],[-45.028472,-23.539869],[-45.028472,-23.539862],[-45.028472,-23.539832],[-45.028472,-23.539811]]]},"properties":{"sqlu":"SP-005-984666","inscription":"SP-GEOSAMPA-1984666","inscricaoImobiliaria":"SP-IMO-1984666","setor":"005","quadra":"072","lote":"0000","sourceType":"OFFICIAL_IMPORT","mainAddress":"Setor Fiscal 005","zoneamento":"RESIDENCIAL","statusCadastral":"ATIVO","workflowStatus":"PENDENTE","isOfficial":true,"rawProperties":{"cd_identificador":1984666,"cd_identificador_original_lote":8891910,"cd_setor_fiscal":"005","cd_tipo_quadra":"F","tx_tipo_quadra":"FISCAL","cd_quadra_fiscal":"072","cd_subquadra_fiscal":null,"cd_condominio":"03","cd_tipo_lote":"F","tx_tipo_lote":"FISCAL","cd_lote":"0000","cd_situacao":1,"cd_digito_sql":null,"cd_logradouro":"080292","nm_logradouro_completo":"R DA GLORIA","cd_numero_porta":"945 953","tx_complemento_endereco":null,"tx_situ_lote":null,"cd_tipo_uso_imovel":"XX","dc_tipo_uso_imovel":"Condomínio","cd_tipo_terreno_imovel":99,"qt_area_terreno":465,"qt_area_construida":null}}},{"type":"Feature","geometry":{"type":"Polygon","coordinates":[[[-45.028472,-23.539811],[-45.028472,-23.539832],[-45.028472,-23.539862],[-45.028472,-23.539869],[-45.028471,-23.539868],[-45.028468,-23.539863],[-45.028468,-23.539812],[-45.028469,-23.539812],[-45.028471,-23.539811],[-45.028472,-23.539811]]]},"properties":{"sqlu":"SP-005-984667","inscription":"SP-GEOSAMPA-1984667","inscricaoImobiliaria":"SP-IMO-1984667","setor":"005","quadra":"072","lote":"0010","sourceType":"OFFICIAL_IMPORT","mainAddress":"Setor Fiscal 005","zoneamento":"RESIDENCIAL","statusCadastral":"ATIVO","workflowStatus":"PENDENTE","isOfficial":true,"rawProperties":{"cd_identificador":1984667,"cd_identificador_original_lote":8891952,"cd_setor_fiscal":"005","cd_tipo_quadra":"F","tx_tipo_quadra":"FISCAL","cd_quadra_fiscal":"072","cd_subquadra_fiscal":null,"cd_condominio":"00","cd_tipo_lote":"F","tx_tipo_lote":"FISCAL","cd_lote":"0010","cd_situacao":1,"cd_digito_sql":"1","cd_logradouro":"183270","nm_logradouro_completo":"R SINIMBU","cd_numero_porta":"284","tx_complemento_endereco":null,"tx_situ_lote":"ATIVO","cd_tipo_uso_imovel":"00","dc_tipo_uso_imovel":"Terreno","cd_tipo_terreno_imovel":1,"qt_area_terreno":142,"qt_area_construida":0}}},{"type":"Feature","geometry":{"type":"Polygon","coordinates":[[[-45.028578,-23.534632],[-45.028576,-23.534514],[-45.028582,-23.534365],[-45.028583,-23.534326],[-45.028584,-23.534432],[-45.028583,-23.534465],[-45.028583,-23.534468],[-45.028583,-23.5345],[-45.028582,-23.534528],[-45.028581,-23.534551],[-45.028579,-23.534592],[-45.028579,-23.534606],[-45.028578,-23.534632]]]},"properties":{"sqlu":"SP-005-984624","inscription":"SP-GEOSAMPA-1984624","inscricaoImobiliaria":"SP-IMO-1984624","setor":"005","quadra":"035","lote":"0043","sourceType":"OFFICIAL_IMPORT","mainAddress":"Setor Fiscal 005","zoneamento":"RESIDENCIAL","statusCadastral":"ATIVO","workflowStatus":"PENDENTE","isOfficial":true,"rawProperties":{"cd_identificador":1984624,"cd_identificador_original_lote":8890249,"cd_setor_fiscal":"005","cd_tipo_quadra":"F","tx_tipo_quadra":"FISCAL","cd_quadra_fiscal":"035","cd_subquadra_fiscal":null,"cd_condominio":"00","cd_tipo_lote":"F","tx_tipo_lote":"FISCAL","cd_lote":"0043","cd_situacao":1,"cd_digito_sql":"7","cd_logradouro":"098957","nm_logradouro_completo":"R JANDAIA","cd_numero_porta":"58","tx_complemento_endereco":"E 64","tx_situ_lote":"ATIVO","cd_tipo_uso_imovel":"22","dc_tipo_uso_imovel":"Residencial","cd_tipo_terreno_imovel":1,"qt_area_terreno":800,"qt_area_construida":1805}}},{"type":"Feature","geometry":{"type":"Polygon","coordinates":[[[-45.02856,-23.529296],[-45.028562,-23.529292],[-45.028562,-23.529293],[-45.028562,-23.529298],[-45.028562,-23.529305],[-45.028566,-23.529702],[-45.028566,-23.529711],[-45.028566,-23.529719],[-45.028565,-23.529727],[-45.028561,-23.529783],[-45.028561,-23.529635],[-45.028561,-23.529561],[-45.02856,-23.529435],[-45.02856,-23.529392],[-45.02856,-23.529296]]]},"properties":{"sqlu":"SP-005-984652","inscription":"SP-GEOSAMPA-1984652","inscricaoImobiliaria":"SP-IMO-1984652","setor":"005","quadra":"014","lote":"0001","sourceType":"OFFICIAL_IMPORT","mainAddress":"Setor Fiscal 005","zoneamento":"RESIDENCIAL","statusCadastral":"ATIVO","workflowStatus":"PENDENTE","isOfficial":true,"rawProperties":{"cd_identificador":1984652,"cd_identificador_original_lote":8890297,"cd_setor_fiscal":"005","cd_tipo_quadra":"M","tx_tipo_quadra":"MUNICIPAL","cd_quadra_fiscal":"014","cd_subquadra_fiscal":null,"cd_condominio":"00","cd_tipo_lote":"M","tx_tipo_lote":"MUNICIPAL","cd_lote":"0001","cd_situacao":1,"cd_digito_sql":null,"cd_logradouro":null,"nm_logradouro_completo":null,"cd_numero_porta":null,"tx_complemento_endereco":null,"tx_situ_lote":null,"cd_tipo_uso_imovel":null,"dc_tipo_uso_imovel":null,"cd_tipo_terreno_imovel":null,"qt_area_terreno":null,"qt_area_construida":null}}},{"type":"Feature","geometry":{"type":"Polygon","coordinates":[[[-45.028583,-23.532317],[-45.028585,-23.532354],[-45.028586,-23.532369],[-45.028585,-23.532406],[-45.028585,-23.532415],[-45.028585,-23.532405],[-45.028582,-23.532369],[-45.028583,-23.532317]]]},"properties":{"sqlu":"SP-005-984881","inscription":"SP-GEOSAMPA-1984881","inscricaoImobiliaria":"SP-IMO-1984881","setor":"005","quadra":"017","lote":"0017","sourceType":"OFFICIAL_IMPORT","mainAddress":"Setor Fiscal 005","zoneamento":"RESIDENCIAL","statusCadastral":"ATIVO","workflowStatus":"PENDENTE","isOfficial":true,"rawProperties":{"cd_identificador":1984881,"cd_identificador_original_lote":8891986,"cd_setor_fiscal":"005","cd_tipo_quadra":"F","tx_tipo_quadra":"FISCAL","cd_quadra_fiscal":"017","cd_subquadra_fiscal":null,"cd_condominio":"00","cd_tipo_lote":"F","tx_tipo_lote":"FISCAL","cd_lote":"0017","cd_situacao":1,"cd_digito_sql":"1","cd_logradouro":"023981","nm_logradouro_completo":"R ASDRUBAL DO NASCIMENTO","cd_numero_porta":"294","tx_complemento_endereco":null,"tx_situ_lote":"ATIVO","cd_tipo_uso_imovel":"14","dc_tipo_uso_imovel":"Residencial","cd_tipo_terreno_imovel":1,"qt_area_terreno":85,"qt_area_construida":76}}},{"type":"Feature","geometry":{"type":"Polygon","coordinates":[[[-45.028451,-23.534096],[-45.028452,-23.534084],[-45.028452,-23.534115],[-45.028453,-23.53418],[-45.028454,-23.534344],[-45.028453,-23.534357],[-45.028452,-23.534285],[-45.028452,-23.534226],[-45.028452,-23.534208],[-45.028452,-23.534182],[-45.028452,-23.534164],[-45.028452,-23.534115],[-45.028451,-23.534096]]]},"properties":{"sqlu":"SP-005-984961","inscription":"SP-GEOSAMPA-1984961","inscricaoImobiliaria":"SP-IMO-1984961","setor":"005","quadra":"043","lote":"0013","sourceType":"OFFICIAL_IMPORT","mainAddress":"Setor Fiscal 005","zoneamento":"RESIDENCIAL","statusCadastral":"ATIVO","workflowStatus":"PENDENTE","isOfficial":true,"rawProperties":{"cd_identificador":1984961,"cd_identificador_original_lote":8892181,"cd_setor_fiscal":"005","cd_tipo_quadra":"F","tx_tipo_quadra":"FISCAL","cd_quadra_fiscal":"043","cd_subquadra_fiscal":null,"cd_condominio":"00","cd_tipo_lote":"F","tx_tipo_lote":"FISCAL","cd_lote":"0013","cd_situacao":1,"cd_digito_sql":"1","cd_logradouro":"178640","nm_logradouro_completo":"R CD DE SARZEDAS","cd_numero_porta":"277","tx_complemento_endereco":null,"tx_situ_lote":"ATIVO","cd_tipo_uso_imovel":"14","dc_tipo_uso_imovel":"Residencial","cd_tipo_terreno_imovel":1,"qt_area_terreno":150,"qt_area_construida":160}}},{"type":"Feature","geometry":{"type":"Polygon","coordinates":[[[-45.028441,-23.537054],[-45.02844,-23.537049],[-45.028439,-23.537031],[-45.02844,-23.536899],[-45.02844,-23.5369],[-45.02844,-23.536824],[-45.02844,-23.536772],[-45.028442,-23.536784],[-45.028442,-23.536827],[-45.028441,-23.537003],[-45.028441,-23.537054]]]},"properties":{"sqlu":"SP-005-984906","inscription":"SP-GEOSAMPA-1984906","inscricaoImobiliaria":"SP-IMO-1984906","setor":"005","quadra":"092","lote":"0026","sourceType":"OFFICIAL_IMPORT","mainAddress":"Setor Fiscal 005","zoneamento":"RESIDENCIAL","statusCadastral":"ATIVO","workflowStatus":"PENDENTE","isOfficial":true,"rawProperties":{"cd_identificador":1984906,"cd_identificador_original_lote":8890330,"cd_setor_fiscal":"005","cd_tipo_quadra":"F","tx_tipo_quadra":"FISCAL","cd_quadra_fiscal":"092","cd_subquadra_fiscal":null,"cd_condominio":"00","cd_tipo_lote":"F","tx_tipo_lote":"FISCAL","cd_lote":"0026","cd_situacao":1,"cd_digito_sql":"5","cd_logradouro":"156744","nm_logradouro_completo":"R S PAULO","cd_numero_porta":"321","tx_complemento_endereco":"E 323","tx_situ_lote":"ATIVO","cd_tipo_uso_imovel":"40","dc_tipo_uso_imovel":"Não residencial","cd_tipo_terreno_imovel":3,"qt_area_terreno":246,"qt_area_construida":371}}},{"type":"Feature","geometry":{"type":"Polygon","coordinates":[[[-45.028574,-23.536963],[-45.028576,-23.537174],[-45.028576,-23.537181],[-45.028576,-23.537184],[-45.028576,-23.537185],[-45.028576,-23.537183],[-45.028575,-23.537169],[-45.028575,-23.537159],[-45.028571,-23.537033],[-45.028573,-23.536991],[-45.028574,-23.536963]]]},"properties":{"sqlu":"SP-005-985134","inscription":"SP-GEOSAMPA-1985134","inscricaoImobiliaria":"SP-IMO-1985134","setor":"005","quadra":"088","lote":"0003","sourceType":"OFFICIAL_IMPORT","mainAddress":"Setor Fiscal 005","zoneamento":"RESIDENCIAL","statusCadastral":"ATIVO","workflowStatus":"PENDENTE","isOfficial":true,"rawProperties":{"cd_identificador":1985134,"cd_identificador_original_lote":8890610,"cd_setor_fiscal":"005","cd_tipo_quadra":"F","tx_tipo_quadra":"FISCAL","cd_quadra_fiscal":"088","cd_subquadra_fiscal":null,"cd_condominio":"00","cd_tipo_lote":"M","tx_tipo_lote":"MUNICIPAL","cd_lote":"0003","cd_situacao":1,"cd_digito_sql":null,"cd_logradouro":null,"nm_logradouro_completo":null,"cd_numero_porta":null,"tx_complemento_endereco":null,"tx_situ_lote":null,"cd_tipo_uso_imovel":null,"dc_tipo_uso_imovel":null,"cd_tipo_terreno_imovel":null,"qt_area_terreno":null,"qt_area_construida":null}}},{"type":"Feature","geometry":{"type":"Polygon","coordinates":[[[-45.028574,-23.536963],[-45.028573,-23.536991],[-45.028571,-23.537033],[-45.028571,-23.537029],[-45.028571,-23.536953],[-45.02857,-23.536885],[-45.02857,-23.536827],[-45.028569,-23.536791],[-45.028571,-23.536756],[-45.028572,-23.536743],[-45.028573,-23.536727],[-45.028574,-23.536963]]]},"properties":{"sqlu":"SP-005-985135","inscription":"SP-GEOSAMPA-1985135","inscricaoImobiliaria":"SP-IMO-1985135","setor":"005","quadra":"088","lote":"0000","sourceType":"OFFICIAL_IMPORT","mainAddress":"Setor Fiscal 005","zoneamento":"RESIDENCIAL","statusCadastral":"ATIVO","workflowStatus":"PENDENTE","isOfficial":true,"rawProperties":{"cd_identificador":1985135,"cd_identificador_original_lote":8890612,"cd_setor_fiscal":"005","cd_tipo_quadra":"F","tx_tipo_quadra":"FISCAL","cd_quadra_fiscal":"088","cd_subquadra_fiscal":null,"cd_condominio":"01","cd_tipo_lote":"F","tx_tipo_lote":"FISCAL","cd_lote":"0000","cd_situacao":1,"cd_digito_sql":null,"cd_logradouro":"097632","nm_logradouro_completo":"R JACEGUAI","cd_numero_porta":"87","tx_complemento_endereco":null,"tx_situ_lote":null,"cd_tipo_uso_imovel":"XX","dc_tipo_uso_imovel":"Condomínio","cd_tipo_terreno_imovel":99,"qt_area_terreno":569,"qt_area_construida":null}}},{"type":"Feature","geometry":{"type":"Polygon","coordinates":[[[-45.028536,-23.531509],[-45.028537,-23.53151],[-45.028538,-23.531533],[-45.028537,-23.531569],[-45.028536,-23.531574],[-45.028536,-23.531509]]]},"properties":{"sqlu":"SP-005-985097","inscription":"SP-GEOSAMPA-1985097","inscricaoImobiliaria":"SP-IMO-1985097","setor":"005","quadra":"022","lote":"0013","sourceType":"OFFICIAL_IMPORT","mainAddress":"Setor Fiscal 005","zoneamento":"RESIDENCIAL","statusCadastral":"ATIVO","workflowStatus":"PENDENTE","isOfficial":true,"rawProperties":{"cd_identificador":1985097,"cd_identificador_original_lote":8892003,"cd_setor_fiscal":"005","cd_tipo_quadra":"F","tx_tipo_quadra":"FISCAL","cd_quadra_fiscal":"022","cd_subquadra_fiscal":null,"cd_condominio":"00","cd_tipo_lote":"F","tx_tipo_lote":"FISCAL","cd_lote":"0013","cd_situacao":1,"cd_digito_sql":"8","cd_logradouro":"167444","nm_logradouro_completo":"R QUINTINO BOCAIUVA","cd_numero_porta":"295","tx_complemento_endereco":null,"tx_situ_lote":"ATIVO","cd_tipo_uso_imovel":"40","dc_tipo_uso_imovel":"N��o residencial","cd_tipo_terreno_imovel":1,"qt_area_terreno":46,"qt_area_construida":84}}},{"type":"Feature","geometry":{"type":"Polygon","coordinates":[[[-45.028444,-23.537691],[-45.028443,-23.53761],[-45.028447,-23.537613],[-45.028451,-23.537616],[-45.028451,-23.53757],[-45.028451,-23.537556],[-45.028452,-23.537556],[-45.028452,-23.537556],[-45.028453,-23.537556],[-45.028454,-23.537556],[-45.028456,-23.537556],[-45.028457,-23.537556],[-45.028457,-23.537563],[-45.028457,-23.53764],[-45.028457,-23.537678],[-45.028457,-23.5377],[-45.028457,-23.537725],[-45.028455,-23.537728],[-45.028452,-23.537734],[-45.028452,-23.537734],[-45.028451,-23.537734],[-45.028451,-23.537705],[-45.028451,-23.537687],[-45.02845,-23.53769],[-45.028448,-23.537691],[-45.028444,-23.537691]]]},"properties":{"sqlu":"SP-005-985231","inscription":"SP-GEOSAMPA-1985231","inscricaoImobiliaria":"SP-IMO-1985231","setor":"005","quadra":"066","lote":"0060","sourceType":"OFFICIAL_IMPORT","mainAddress":"Setor Fiscal 005","zoneamento":"RESIDENCIAL","statusCadastral":"ATIVO","workflowStatus":"PENDENTE","isOfficial":true,"rawProperties":{"cd_identificador":1985231,"cd_identificador_original_lote":8890408,"cd_setor_fiscal":"005","cd_tipo_quadra":"F","tx_tipo_quadra":"FISCAL","cd_quadra_fiscal":"066","cd_subquadra_fiscal":null,"cd_condominio":"00","cd_tipo_lote":"F","tx_tipo_lote":"FISCAL","cd_lote":"0060","cd_situacao":1,"cd_digito_sql":"2","cd_logradouro":"080241","nm_logradouro_completo":"R GLICERIO","cd_numero_porta":"582","tx_complemento_endereco":"586 588","tx_situ_lote":"ATIVO","cd_tipo_uso_imovel":"13","dc_tipo_uso_imovel":"Residencial","cd_tipo_terreno_imovel":3,"qt_area_terreno":1140,"qt_area_construida":700}}},{"type":"Feature","geometry":{"type":"Polygon","coordinates":[[[-45.028539,-23.533945],[-45.028539,-23.533954],[-45.028537,-23.534003],[-45.028536,-23.533949],[-45.028539,-23.533898],[-45.028539,-23.533883],[-45.028542,-23.53383],[-45.028542,-23.533898],[-45.02854,-23.533934],[-45.028539,-23.533945]]]},"properties":{"sqlu":"SP-005-985206","inscription":"SP-GEOSAMPA-1985206","inscricaoImobiliaria":"SP-IMO-1985206","setor":"005","quadra":"038","lote":"0008","sourceType":"OFFICIAL_IMPORT","mainAddress":"Setor Fiscal 005","zoneamento":"RESIDENCIAL","statusCadastral":"ATIVO","workflowStatus":"PENDENTE","isOfficial":true,"rawProperties":{"cd_identificador":1985206,"cd_identificador_original_lote":8890724,"cd_setor_fiscal":"005","cd_tipo_quadra":"F","tx_tipo_quadra":"FISCAL","cd_quadra_fiscal":"038","cd_subquadra_fiscal":null,"cd_condominio":"00","cd_tipo_lote":"F","tx_tipo_lote":"FISCAL","cd_lote":"0008","cd_situacao":1,"cd_digito_sql":"2","cd_logradouro":"118184","nm_logradouro_completo":"AV DA LIBERDADE","cd_numero_porta":"86","tx_complemento_endereco":null,"tx_situ_lote":"ATIVO","cd_tipo_uso_imovel":"40","dc_tipo_uso_imovel":"Não residencial","cd_tipo_terreno_imovel":3,"qt_area_terreno":224,"qt_area_construida":400}}},{"type":"Feature","geometry":{"type":"Polygon","coordinates":[[[-45.028562,-23.529086],[-45.028563,-23.529047],[-45.028565,-23.528994],[-45.028566,-23.529072],[-45.028566,-23.529183],[-45.028565,-23.529184],[-45.028563,-23.52919],[-45.028563,-23.52919],[-45.028563,-23.529188],[-45.028562,-23.529183],[-45.028562,-23.529177],[-45.028562,-23.529106],[-45.028562,-23.529086]]]},"properties":{"sqlu":"SP-005-985073","inscription":"SP-GEOSAMPA-1985073","inscricaoImobiliaria":"SP-IMO-1985073","setor":"005","quadra":"003","lote":"0000","sourceType":"OFFICIAL_IMPORT","mainAddress":"Setor Fiscal 005","zoneamento":"RESIDENCIAL","statusCadastral":"ATIVO","workflowStatus":"PENDENTE","isOfficial":true,"rawProperties":{"cd_identificador":1985073,"cd_identificador_original_lote":8891231,"cd_setor_fiscal":"005","cd_tipo_quadra":"F","tx_tipo_quadra":"FISCAL","cd_quadra_fiscal":"003","cd_subquadra_fiscal":null,"cd_condominio":"06","cd_tipo_lote":"F","tx_tipo_lote":"FISCAL","cd_lote":"0000","cd_situacao":1,"cd_digito_sql":null,"cd_logradouro":"108138","nm_logradouro_completo":"R JOSE BONIFACIO","cd_numero_porta":"250 254","tx_complemento_endereco":null,"tx_situ_lote":null,"cd_tipo_uso_imovel":"XX","dc_tipo_uso_imovel":"Condomínio","cd_tipo_terreno_imovel":99,"qt_area_terreno":250,"qt_area_construida":null}}},{"type":"Feature","geometry":{"type":"Polygon","coordinates":[[[-45.028472,-23.531629],[-45.028473,-23.531578],[-45.028477,-23.531769],[-45.028476,-23.531817],[-45.028472,-23.531629]]]},"properties":{"sqlu":"SP-005-985544","inscription":"SP-GEOSAMPA-1985544","inscricaoImobiliaria":"SP-IMO-1985544","setor":"005","quadra":"033","lote":"0002","sourceType":"OFFICIAL_IMPORT","mainAddress":"Setor Fiscal 005","zoneamento":"RESIDENCIAL","statusCadastral":"ATIVO","workflowStatus":"PENDENTE","isOfficial":true,"rawProperties":{"cd_identificador":1985544,"cd_identificador_original_lote":8890668,"cd_setor_fiscal":"005","cd_tipo_quadra":"F","tx_tipo_quadra":"FISCAL","cd_quadra_fiscal":"033","cd_subquadra_fiscal":null,"cd_condominio":"00","cd_tipo_lote":"F","tx_tipo_lote":"FISCAL","cd_lote":"0002","cd_situacao":1,"cd_digito_sql":"0","cd_logradouro":"182109","nm_logradouro_completo":"R SILVEIRA MARTINS","cd_numero_porta":"20","tx_complemento_endereco":null,"tx_situ_lote":"ATIVO","cd_tipo_uso_imovel":"91","dc_tipo_uso_imovel":null,"cd_tipo_terreno_imovel":1,"qt_area_terreno":280,"qt_area_construida":565}}},{"type":"Feature","geometry":{"type":"Polygon","coordinates":[[[-45.028548,-23.53071],[-45.02855,-23.530663],[-45.028552,-23.530862],[-45.028551,-23.530888],[-45.028549,-23.530915],[-45.028549,-23.53086],[-45.028548,-23.530747],[-45.028548,-23.53071]]]},"properties":{"sqlu":"SP-005-985312","inscription":"SP-GEOSAMPA-1985312","inscricaoImobiliaria":"SP-IMO-1985312","setor":"005","quadra":"020","lote":"0000","sourceType":"OFFICIAL_IMPORT","mainAddress":"Setor Fiscal 005","zoneamento":"RESIDENCIAL","statusCadastral":"ATIVO","workflowStatus":"PENDENTE","isOfficial":true,"rawProperties":{"cd_identificador":1985312,"cd_identificador_original_lote":8891581,"cd_setor_fiscal":"005","cd_tipo_quadra":"F","tx_tipo_quadra":"FISCAL","cd_quadra_fiscal":"020","cd_subquadra_fiscal":null,"cd_condominio":"06","cd_tipo_lote":"F","tx_tipo_lote":"FISCAL","cd_lote":"0000","cd_situacao":1,"cd_digito_sql":null,"cd_logradouro":"069337","nm_logradouro_completo":"R SEN FEIJO","cd_numero_porta":"155 161 163","tx_complemento_endereco":null,"tx_situ_lote":null,"cd_tipo_uso_imovel":"XX","dc_tipo_uso_imovel":"Condomínio","cd_tipo_terreno_imovel":99,"qt_area_terreno":333,"qt_area_construida":null}}},{"type":"Feature","geometry":{"type":"Polygon","coordinates":[[[-45.028595,-23.533769],[-45.028594,-23.533802],[-45.028592,-23.533849],[-45.02859,-23.533652],[-45.028591,-23.533631],[-45.028592,-23.533605],[-45.028593,-23.533571],[-45.028593,-23.53359],[-45.028595,-23.533769]]]},"properties":{"sqlu":"SP-005-985456","inscription":"SP-GEOSAMPA-1985456","inscricaoImobiliaria":"SP-IMO-1985456","setor":"005","quadra":"024","lote":"0000","sourceType":"OFFICIAL_IMPORT","mainAddress":"Setor Fiscal 005","zoneamento":"RESIDENCIAL","statusCadastral":"ATIVO","workflowStatus":"PENDENTE","isOfficial":true,"rawProperties":{"cd_identificador":1985456,"cd_identificador_original_lote":8890554,"cd_setor_fiscal":"005","cd_tipo_quadra":"F","tx_tipo_quadra":"FISCAL","cd_quadra_fiscal":"024","cd_subquadra_fiscal":null,"cd_condominio":"08","cd_tipo_lote":"F","tx_tipo_lote":"FISCAL","cd_lote":"0000","cd_situacao":1,"cd_digito_sql":null,"cd_logradouro":"121657","nm_logradouro_completo":"AV BRIG LUIS ANTONIO","cd_numero_porta":"344 350 354","tx_complemento_endereco":null,"tx_situ_lote":null,"cd_tipo_uso_imovel":"XX","dc_tipo_uso_imovel":"Condomínio","cd_tipo_terreno_imovel":99,"qt_area_terreno":490,"qt_area_construida":null}}},{"type":"Feature","geometry":{"type":"Polygon","coordinates":[[[-45.028595,-23.533769],[-45.028593,-23.53359],[-45.028593,-23.533571],[-45.028592,-23.533605],[-45.028591,-23.533631],[-45.02859,-23.533652],[-45.028589,-23.533587],[-45.02859,-23.533567],[-45.028593,-23.533504],[-45.028594,-23.53348],[-45.028596,-23.533426],[-45.028597,-23.533384],[-45.028598,-23.53345],[-45.028598,-23.533473],[-45.028601,-23.5334],[-45.028603,-23.533342],[-45.028605,-23.533514],[-45.028602,-23.53357],[-45.0286,-23.533635],[-45.0286,-23.533643],[-45.028598,-23.533686],[-45.028596,-23.533744],[-45.028595,-23.533769]]]},"properties":{"sqlu":"SP-005-985457","inscription":"SP-GEOSAMPA-1985457","inscricaoImobiliaria":"SP-IMO-1985457","setor":"005","quadra":"024","lote":"0507","sourceType":"OFFICIAL_IMPORT","mainAddress":"Setor Fiscal 005","zoneamento":"RESIDENCIAL","statusCadastral":"ATIVO","workflowStatus":"PENDENTE","isOfficial":true,"rawProperties":{"cd_identificador":1985457,"cd_identificador_original_lote":8890555,"cd_setor_fiscal":"005","cd_tipo_quadra":"F","tx_tipo_quadra":"FISCAL","cd_quadra_fiscal":"024","cd_subquadra_fiscal":null,"cd_condominio":"00","cd_tipo_lote":"F","tx_tipo_lote":"FISCAL","cd_lote":"0507","cd_situacao":1,"cd_digito_sql":"4","cd_logradouro":"073296","nm_logradouro_completo":"R FRANCISCA MIQUELINA","cd_numero_porta":"123","tx_complemento_endereco":null,"tx_situ_lote":"ATIVO","cd_tipo_uso_imovel":"31","dc_tipo_uso_imovel":"Não residencial","cd_tipo_terreno_imovel":3,"qt_area_terreno":1835,"qt_area_construida":14847}}},{"type":"Feature","geometry":{"type":"Polygon","coordinates":[[[-45.028464,-23.53274],[-45.028464,-23.532714],[-45.028464,-23.532528],[-45.028464,-23.532523],[-45.028465,-23.5325],[-45.028466,-23.532489],[-45.028466,-23.532569],[-45.028466,-23.53274],[-45.028464,-23.53274]]]},"properties":{"sqlu":"SP-005-985338","inscription":"SP-GEOSAMPA-1985338","inscricaoImobiliaria":"SP-IMO-1985338","setor":"005","quadra":"033","lote":"0300","sourceType":"OFFICIAL_IMPORT","mainAddress":"Setor Fiscal 005","zoneamento":"RESIDENCIAL","statusCadastral":"ATIVO","workflowStatus":"PENDENTE","isOfficial":true,"rawProperties":{"cd_identificador":1985338,"cd_identificador_original_lote":8890685,"cd_setor_fiscal":"005","cd_tipo_quadra":"F","tx_tipo_quadra":"FISCAL","cd_quadra_fiscal":"033","cd_subquadra_fiscal":null,"cd_condominio":"00","cd_tipo_lote":"F","tx_tipo_lote":"FISCAL","cd_lote":"0300","cd_situacao":1,"cd_digito_sql":"3","cd_logradouro":"185566","nm_logradouro_completo":"R TABATINGUERA","cd_numero_porta":"187","tx_complemento_endereco":"/193","tx_situ_lote":"ATIVO","cd_tipo_uso_imovel":"22","dc_tipo_uso_imovel":"Residencial","cd_tipo_terreno_imovel":1,"qt_area_terreno":327,"qt_area_construida":900}}},{"type":"Feature","geometry":{"type":"Polygon","coordinates":[[[-45.028444,-23.536077],[-45.028444,-23.536077],[-45.028444,-23.536131],[-45.028444,-23.536202],[-45.028444,-23.536202],[-45.028444,-23.53613],[-45.028444,-23.536077]]]},"properties":{"sqlu":"SP-005-985419","inscription":"SP-GEOSAMPA-1985419","inscricaoImobiliaria":"SP-IMO-1985419","setor":"005","quadra":"056","lote":"0013","sourceType":"OFFICIAL_IMPORT","mainAddress":"Setor Fiscal 005","zoneamento":"RESIDENCIAL","statusCadastral":"ATIVO","workflowStatus":"PENDENTE","isOfficial":true,"rawProperties":{"cd_identificador":1985419,"cd_identificador_original_lote":8891868,"cd_setor_fiscal":"005","cd_tipo_quadra":"F","tx_tipo_quadra":"FISCAL","cd_quadra_fiscal":"056","cd_subquadra_fiscal":null,"cd_condominio":"00","cd_tipo_lote":"F","tx_tipo_lote":"FISCAL","cd_lote":"0013","cd_situacao":1,"cd_digito_sql":"7","cd_logradouro":"067105","nm_logradouro_completo":"VL DOS ESTUDANTES","cd_numero_porta":"16","tx_complemento_endereco":"A","tx_situ_lote":"ATIVO","cd_tipo_uso_imovel":"10","dc_tipo_uso_imovel":"Residencial","cd_tipo_terreno_imovel":2,"qt_area_terreno":31,"qt_area_construida":40}}},{"type":"Feature","geometry":{"type":"Polygon","coordinates":[[[-45.028446,-23.534925],[-45.028447,-23.534922],[-45.028447,-23.534919],[-45.028448,-23.534917],[-45.028448,-23.534976],[-45.028448,-23.535168],[-45.028448,-23.535257],[-45.028449,-23.535281],[-45.028449,-23.535376],[-45.028449,-23.535401],[-45.028449,-23.535494],[-45.028448,-23.535489],[-45.028447,-23.535363],[-45.028447,-23.535328],[-45.028447,-23.535177],[-45.028446,-23.534926],[-45.028446,-23.534925]]]},"properties":{"sqlu":"SP-005-985631","inscription":"SP-GEOSAMPA-1985631","inscricaoImobiliaria":"SP-IMO-1985631","setor":"005","quadra":"046","lote":"0061","sourceType":"OFFICIAL_IMPORT","mainAddress":"Setor Fiscal 005","zoneamento":"RESIDENCIAL","statusCadastral":"ATIVO","workflowStatus":"PENDENTE","isOfficial":true,"rawProperties":{"cd_identificador":1985631,"cd_identificador_original_lote":8891358,"cd_setor_fiscal":"005","cd_tipo_quadra":"F","tx_tipo_quadra":"FISCAL","cd_quadra_fiscal":"046","cd_subquadra_fiscal":null,"cd_condominio":"00","cd_tipo_lote":"F","tx_tipo_lote":"FISCAL","cd_lote":"0061","cd_situacao":1,"cd_digito_sql":"3","cd_logradouro":"067083","nm_logradouro_completo":"R DOS ESTUDANTES","cd_numero_porta":"509","tx_complemento_endereco":"511","tx_situ_lote":"ATIVO","cd_tipo_uso_imovel":"43","dc_tipo_uso_imovel":"Não residencial","cd_tipo_terreno_imovel":1,"qt_area_terreno":415,"qt_area_construida":1064}}},{"type":"Feature","geometry":{"type":"Polygon","coordinates":[[[-45.028497,-23.535598],[-45.028497,-23.53569],[-45.028493,-23.535673],[-45.028493,-23.535581],[-45.028493,-23.535582],[-45.028494,-23.535584],[-45.028497,-23.535598]]]},"properties":{"sqlu":"SP-005-985918","inscription":"SP-GEOSAMPA-1985918","inscricaoImobiliaria":"SP-IMO-1985918","setor":"005","quadra":"045","lote":"0000","sourceType":"OFFICIAL_IMPORT","mainAddress":"Setor Fiscal 005","zoneamento":"RESIDENCIAL","statusCadastral":"ATIVO","workflowStatus":"PENDENTE","isOfficial":true,"rawProperties":{"cd_identificador":1985918,"cd_identificador_original_lote":8892040,"cd_setor_fiscal":"005","cd_tipo_quadra":"F","tx_tipo_quadra":"FISCAL","cd_quadra_fiscal":"045","cd_subquadra_fiscal":null,"cd_condominio":"02","cd_tipo_lote":"F","tx_tipo_lote":"FISCAL","cd_lote":"0000","cd_situacao":1,"cd_digito_sql":null,"cd_logradouro":"067083","nm_logradouro_completo":"R DOS ESTUDANTES","cd_numero_porta":"241 247","tx_complemento_endereco":null,"tx_situ_lote":null,"cd_tipo_uso_imovel":"XX","dc_tipo_uso_imovel":"Condomínio","cd_tipo_terreno_imovel":99,"qt_area_terreno":220,"qt_area_construida":null}}},{"type":"Feature","geometry":{"type":"Polygon","coordinates":[[[-45.028539,-23.528672],[-45.02854,-23.528642],[-45.028543,-23.52895],[-45.028543,-23.528952],[-45.028542,-23.528981],[-45.028542,-23.528939],[-45.028541,-23.528851],[-45.02854,-23.52872],[-45.028539,-23.528672]]]},"properties":{"sqlu":"SP-005-985738","inscription":"SP-GEOSAMPA-1985738","inscricaoImobiliaria":"SP-IMO-1985738","setor":"005","quadra":"004","lote":"0006","sourceType":"OFFICIAL_IMPORT","mainAddress":"Setor Fiscal 005","zoneamento":"RESIDENCIAL","statusCadastral":"ATIVO","workflowStatus":"PENDENTE","isOfficial":true,"rawProperties":{"cd_identificador":1985738,"cd_identificador_original_lote":8892091,"cd_setor_fiscal":"005","cd_tipo_quadra":"F","tx_tipo_quadra":"FISCAL","cd_quadra_fiscal":"004","cd_subquadra_fiscal":null,"cd_condominio":"00","cd_tipo_lote":"F","tx_tipo_lote":"FISCAL","cd_lote":"0006","cd_situacao":1,"cd_digito_sql":"7","cd_logradouro":"059447","nm_logradouro_completo":"R DIREITA","cd_numero_porta":"193","tx_complemento_endereco":null,"tx_situ_lote":"ATIVO","cd_tipo_uso_imovel":"40","dc_tipo_uso_imovel":"Não residencial","cd_tipo_terreno_imovel":1,"qt_area_terreno":303,"qt_area_construida":613}}},{"type":"Feature","geometry":{"type":"Polygon","coordinates":[[[-45.028446,-23.535798],[-45.028446,-23.535793],[-45.028448,-23.535798],[-45.028448,-23.535831],[-45.028447,-23.535828],[-45.028447,-23.535827],[-45.028446,-23.535827],[-45.028446,-23.535826],[-45.028446,-23.535811],[-45.028446,-23.535798]]]},"properties":{"sqlu":"SP-005-985984","inscription":"SP-GEOSAMPA-1985984","inscricaoImobiliaria":"SP-IMO-1985984","setor":"005","quadra":"056","lote":"0026","sourceType":"OFFICIAL_IMPORT","mainAddress":"Setor Fiscal 005","zoneamento":"RESIDENCIAL","statusCadastral":"ATIVO","workflowStatus":"PENDENTE","isOfficial":true,"rawProperties":{"cd_identificador":1985984,"cd_identificador_original_lote":8891869,"cd_setor_fiscal":"005","cd_tipo_quadra":"F","tx_tipo_quadra":"FISCAL","cd_quadra_fiscal":"056","cd_subquadra_fiscal":null,"cd_condominio":"00","cd_tipo_lote":"F","tx_tipo_lote":"FISCAL","cd_lote":"0026","cd_situacao":1,"cd_digito_sql":"9","cd_logradouro":"009130","nm_logradouro_completo":"R LIVR ALVES","cd_numero_porta":"3","tx_complemento_endereco":null,"tx_situ_lote":"ATIVO","cd_tipo_uso_imovel":"10","dc_tipo_uso_imovel":"Residencial","cd_tipo_terreno_imovel":1,"qt_area_terreno":64,"qt_area_construida":40}}},{"type":"Feature","geometry":{"type":"Polygon","coordinates":[[[-45.028446,-23.535798],[-45.028446,-23.535811],[-45.028446,-23.535826],[-45.028446,-23.535836],[-45.028446,-23.535835],[-45.028444,-23.53583],[-45.028444,-23.535792],[-45.028446,-23.535797],[-45.028446,-23.535797],[-45.028446,-23.535798]]]},"properties":{"sqlu":"SP-005-985985","inscription":"SP-GEOSAMPA-1985985","inscricaoImobiliaria":"SP-IMO-1985985","setor":"005","quadra":"056","lote":"0032","sourceType":"OFFICIAL_IMPORT","mainAddress":"Setor Fiscal 005","zoneamento":"RESIDENCIAL","statusCadastral":"ATIVO","workflowStatus":"PENDENTE","isOfficial":true,"rawProperties":{"cd_identificador":1985985,"cd_identificador_original_lote":8891870,"cd_setor_fiscal":"005","cd_tipo_quadra":"F","tx_tipo_quadra":"FISCAL","cd_quadra_fiscal":"056","cd_subquadra_fiscal":null,"cd_condominio":"00","cd_tipo_lote":"F","tx_tipo_lote":"FISCAL","cd_lote":"0032","cd_situacao":1,"cd_digito_sql":"3","cd_logradouro":"067105","nm_logradouro_completo":"VL DOS ESTUDANTES","cd_numero_porta":"6","tx_complemento_endereco":null,"tx_situ_lote":"ATIVO","cd_tipo_uso_imovel":"10","dc_tipo_uso_imovel":"Residencial","cd_tipo_terreno_imovel":1,"qt_area_terreno":52,"qt_area_construida":60}}},{"type":"Feature","geometry":{"type":"Polygon","coordinates":[[[-45.028542,-23.540067],[-45.028541,-23.540086],[-45.02854,-23.539865],[-45.02854,-23.53984],[-45.028539,-23.539814],[-45.028539,-23.539756],[-45.02854,-23.539749],[-45.02854,-23.539765],[-45.02854,-23.539795],[-45.02854,-23.539821],[-45.028541,-23.539856],[-45.028542,-23.540067]]]},"properties":{"sqlu":"SP-005-986241","inscription":"SP-GEOSAMPA-1986241","inscricaoImobiliaria":"SP-IMO-1986241","setor":"005","quadra":"068","lote":"0026","sourceType":"OFFICIAL_IMPORT","mainAddress":"Setor Fiscal 005","zoneamento":"RESIDENCIAL","statusCadastral":"ATIVO","workflowStatus":"PENDENTE","isOfficial":true,"rawProperties":{"cd_identificador":1986241,"cd_identificador_original_lote":8890803,"cd_setor_fiscal":"005","cd_tipo_quadra":"F","tx_tipo_quadra":"FISCAL","cd_quadra_fiscal":"068","cd_subquadra_fiscal":null,"cd_condominio":"00","cd_tipo_lote":"F","tx_tipo_lote":"FISCAL","cd_lote":"0026","cd_situacao":1,"cd_digito_sql":"1","cd_logradouro":"068802","nm_logradouro_completo":"R FAGUNDES","cd_numero_porta":"199","tx_complemento_endereco":"E 201","tx_situ_lote":"ATIVO","cd_tipo_uso_imovel":"43","dc_tipo_uso_imovel":"Não residencial","cd_tipo_terreno_imovel":1,"qt_area_terreno":209,"qt_area_construida":566}}},{"type":"Feature","geometry":{"type":"Polygon","coordinates":[[[-45.028501,-23.53968],[-45.028501,-23.539698],[-45.028501,-23.539715],[-45.028501,-23.539713],[-45.0285,-23.539712],[-45.0285,-23.539711],[-45.028498,-23.539705],[-45.028497,-23.539703],[-45.028497,-23.539702],[-45.028497,-23.539691],[-45.028497,-23.539649],[-45.028501,-23.53966],[-45.028501,-23.53968]]]},"properties":{"sqlu":"SP-005-986597","inscription":"SP-GEOSAMPA-1986597","inscricaoImobiliaria":"SP-IMO-1986597","setor":"005","quadra":"070","lote":"0030","sourceType":"OFFICIAL_IMPORT","mainAddress":"Setor Fiscal 005","zoneamento":"RESIDENCIAL","statusCadastral":"ATIVO","workflowStatus":"PENDENTE","isOfficial":true,"rawProperties":{"cd_identificador":1986597,"cd_identificador_original_lote":8890467,"cd_setor_fiscal":"005","cd_tipo_quadra":"F","tx_tipo_quadra":"FISCAL","cd_quadra_fiscal":"070","cd_subquadra_fiscal":null,"cd_condominio":"00","cd_tipo_lote":"F","tx_tipo_lote":"FISCAL","cd_lote":"0030","cd_situacao":1,"cd_digito_sql":"7","cd_logradouro":"076643","nm_logradouro_completo":"R CONS FURTADO","cd_numero_porta":"728","tx_complemento_endereco":null,"tx_situ_lote":"ATIVO","cd_tipo_uso_imovel":"42","dc_tipo_uso_imovel":"Não residencial","cd_tipo_terreno_imovel":1,"qt_area_terreno":160,"qt_area_construida":112}}},{"type":"Feature","geometry":{"type":"Polygon","coordinates":[[[-45.028448,-23.537078],[-45.028447,-23.537074],[-45.028447,-23.536826],[-45.028447,-23.536817],[-45.028448,-23.536824],[-45.028448,-23.536962],[-45.028448,-23.537011],[-45.028448,-23.537078]]]},"properties":{"sqlu":"SP-005-986377","inscription":"SP-GEOSAMPA-1986377","inscricaoImobiliaria":"SP-IMO-1986377","setor":"005","quadra":"092","lote":"0020","sourceType":"OFFICIAL_IMPORT","mainAddress":"Setor Fiscal 005","zoneamento":"RESIDENCIAL","statusCadastral":"ATIVO","workflowStatus":"PENDENTE","isOfficial":true,"rawProperties":{"cd_identificador":1986377,"cd_identificador_original_lote":8890337,"cd_setor_fiscal":"005","cd_tipo_quadra":"F","tx_tipo_quadra":"FISCAL","cd_quadra_fiscal":"092","cd_subquadra_fiscal":null,"cd_condominio":"00","cd_tipo_lote":"F","tx_tipo_lote":"FISCAL","cd_lote":"0020","cd_situacao":1,"cd_digito_sql":"6","cd_logradouro":"156744","nm_logradouro_completo":"R S PAULO","cd_numero_porta":"279","tx_complemento_endereco":null,"tx_situ_lote":"ATIVO","cd_tipo_uso_imovel":"42","dc_tipo_uso_imovel":"Não residencial","cd_tipo_terreno_imovel":1,"qt_area_terreno":194,"qt_area_construida":185}}},{"type":"Feature","geometry":{"type":"Polygon","coordinates":[[[-45.028477,-23.53954],[-45.028477,-23.539597],[-45.028476,-23.539597],[-45.028474,-23.539595],[-45.028474,-23.539595],[-45.028472,-23.539593],[-45.028472,-23.539589],[-45.028472,-23.539572],[-45.028472,-23.539552],[-45.028471,-23.539533],[-45.028474,-23.539535],[-45.028474,-23.539536],[-45.028474,-23.539536],[-45.028475,-23.539537],[-45.028476,-23.539538],[-45.028476,-23.539539],[-45.028477,-23.53954]]]},"properties":{"sqlu":"SP-005-986296","inscription":"SP-GEOSAMPA-1986296","inscricaoImobiliaria":"SP-IMO-1986296","setor":"005","quadra":"072","lote":"0053","sourceType":"OFFICIAL_IMPORT","mainAddress":"Setor Fiscal 005","zoneamento":"RESIDENCIAL","statusCadastral":"ATIVO","workflowStatus":"PENDENTE","isOfficial":true,"rawProperties":{"cd_identificador":1986296,"cd_identificador_original_lote":8891937,"cd_setor_fiscal":"005","cd_tipo_quadra":"F","tx_tipo_quadra":"FISCAL","cd_quadra_fiscal":"072","cd_subquadra_fiscal":null,"cd_condominio":"00","cd_tipo_lote":"F","tx_tipo_lote":"FISCAL","cd_lote":"0053","cd_situacao":1,"cd_digito_sql":"5","cd_logradouro":"465194","nm_logradouro_completo":"R MITUTO MIZUMOTO","cd_numero_porta":"287","tx_complemento_endereco":null,"tx_situ_lote":"ATIVO","cd_tipo_uso_imovel":"10","dc_tipo_uso_imovel":"Residencial","cd_tipo_terreno_imovel":1,"qt_area_terreno":217,"qt_area_construida":386}}},{"type":"Feature","geometry":{"type":"Polygon","coordinates":[[[-45.028588,-23.536009],[-45.028588,-23.536048],[-45.028587,-23.536064],[-45.028586,-23.536036],[-45.028588,-23.536009]]]},"properties":{"sqlu":"SP-005-986686","inscription":"SP-GEOSAMPA-1986686","inscricaoImobiliaria":"SP-IMO-1986686","setor":"005","quadra":"001","lote":"0001","sourceType":"OFFICIAL_IMPORT","mainAddress":"Setor Fiscal 005","zoneamento":"RESIDENCIAL","statusCadastral":"ATIVO","workflowStatus":"PENDENTE","isOfficial":true,"rawProperties":{"cd_identificador":1986686,"cd_identificador_original_lote":8892063,"cd_setor_fiscal":"005","cd_tipo_quadra":"M","tx_tipo_quadra":"MUNICIPAL","cd_quadra_fiscal":"001","cd_subquadra_fiscal":null,"cd_condominio":"00","cd_tipo_lote":"M","tx_tipo_lote":"MUNICIPAL","cd_lote":"0001","cd_situacao":1,"cd_digito_sql":null,"cd_logradouro":null,"nm_logradouro_completo":null,"cd_numero_porta":null,"tx_complemento_endereco":null,"tx_situ_lote":null,"cd_tipo_uso_imovel":null,"dc_tipo_uso_imovel":null,"cd_tipo_terreno_imovel":null,"qt_area_terreno":null,"qt_area_construida":null}}},{"type":"Feature","geometry":{"type":"Polygon","coordinates":[[[-45.028467,-23.539916],[-45.028468,-23.539863],[-45.028471,-23.539868],[-45.028472,-23.539869],[-45.028472,-23.539916],[-45.028471,-23.539916],[-45.028467,-23.539916]]]},"properties":{"sqlu":"SP-005-986799","inscription":"SP-GEOSAMPA-1986799","inscricaoImobiliaria":"SP-IMO-1986799","setor":"005","quadra":"072","lote":"0009","sourceType":"OFFICIAL_IMPORT","mainAddress":"Setor Fiscal 005","zoneamento":"RESIDENCIAL","statusCadastral":"ATIVO","workflowStatus":"PENDENTE","isOfficial":true,"rawProperties":{"cd_identificador":1986799,"cd_identificador_original_lote":8891953,"cd_setor_fiscal":"005","cd_tipo_quadra":"F","tx_tipo_quadra":"FISCAL","cd_quadra_fiscal":"072","cd_subquadra_fiscal":null,"cd_condominio":"00","cd_tipo_lote":"F","tx_tipo_lote":"FISCAL","cd_lote":"0009","cd_situacao":1,"cd_digito_sql":"8","cd_logradouro":"183270","nm_logradouro_completo":"R SINIMBU","cd_numero_porta":"286","tx_complemento_endereco":null,"tx_situ_lote":"ATIVO","cd_tipo_uso_imovel":"00","dc_tipo_uso_imovel":"Terreno","cd_tipo_terreno_imovel":1,"qt_area_terreno":142,"qt_area_construida":0}}},{"type":"Feature","geometry":{"type":"Polygon","coordinates":[[[-45.02846,-23.534259],[-45.028458,-23.534279],[-45.028458,-23.534284],[-45.028457,-23.534213],[-45.028457,-23.534181],[-45.028456,-23.534026],[-45.028457,-23.534024],[-45.028458,-23.534011],[-45.028458,-23.534002],[-45.028459,-23.534091],[-45.028459,-23.534135],[-45.028459,-23.534207],[-45.02846,-23.534259]]]},"properties":{"sqlu":"SP-005-986719","inscription":"SP-GEOSAMPA-1986719","inscricaoImobiliaria":"SP-IMO-1986719","setor":"005","quadra":"043","lote":"0204","sourceType":"OFFICIAL_IMPORT","mainAddress":"Setor Fiscal 005","zoneamento":"RESIDENCIAL","statusCadastral":"ATIVO","workflowStatus":"PENDENTE","isOfficial":true,"rawProperties":{"cd_identificador":1986719,"cd_identificador_original_lote":8892169,"cd_setor_fiscal":"005","cd_tipo_quadra":"F","tx_tipo_quadra":"FISCAL","cd_quadra_fiscal":"043","cd_subquadra_fiscal":null,"cd_condominio":"00","cd_tipo_lote":"F","tx_tipo_lote":"FISCAL","cd_lote":"0204","cd_situacao":1,"cd_digito_sql":"3","cd_logradouro":"178640","nm_logradouro_completo":"R CD DE SARZEDAS","cd_numero_porta":"245","tx_complemento_endereco":null,"tx_situ_lote":"ATIVO","cd_tipo_uso_imovel":"62","dc_tipo_uso_imovel":"Não residencial","cd_tipo_terreno_imovel":1,"qt_area_terreno":300,"qt_area_construida":200}}},{"type":"Feature","geometry":{"type":"Polygon","coordinates":[[[-45.028463,-23.539404],[-45.028466,-23.539414],[-45.028466,-23.539476],[-45.028465,-23.539472],[-45.028464,-23.539471],[-45.028463,-23.539467],[-45.028463,-23.539467],[-45.028463,-23.539432],[-45.028463,-23.539403],[-45.028463,-23.539404]]]},"properties":{"sqlu":"SP-005-986599","inscription":"SP-GEOSAMPA-1986599","inscricaoImobiliaria":"SP-IMO-1986599","setor":"005","quadra":"073","lote":"0019","sourceType":"OFFICIAL_IMPORT","mainAddress":"Setor Fiscal 005","zoneamento":"RESIDENCIAL","statusCadastral":"ATIVO","workflowStatus":"PENDENTE","isOfficial":true,"rawProperties":{"cd_identificador":1986599,"cd_identificador_original_lote":8890506,"cd_setor_fiscal":"005","cd_tipo_quadra":"F","tx_tipo_quadra":"FISCAL","cd_quadra_fiscal":"073","cd_subquadra_fiscal":null,"cd_condominio":"00","cd_tipo_lote":"F","tx_tipo_lote":"FISCAL","cd_lote":"0019","cd_situacao":1,"cd_digito_sql":"1","cd_logradouro":"183270","nm_logradouro_completo":"R SINIMBU","cd_numero_porta":"237","tx_complemento_endereco":"E 243","tx_situ_lote":"ATIVO","cd_tipo_uso_imovel":"10","dc_tipo_uso_imovel":"Residencial","cd_tipo_terreno_imovel":1,"qt_area_terreno":112,"qt_area_construida":200}}},{"type":"Feature","geometry":{"type":"Polygon","coordinates":[[[-45.028442,-23.537282],[-45.028442,-23.537281],[-45.028442,-23.537279],[-45.028442,-23.537281],[-45.028441,-23.53729],[-45.02844,-23.537195],[-45.02844,-23.537181],[-45.028442,-23.53719],[-45.028442,-23.537222],[-45.028442,-23.537254],[-45.028442,-23.537259],[-45.028442,-23.537282]]]},"properties":{"sqlu":"SP-005-986892","inscription":"SP-GEOSAMPA-1986892","inscricaoImobiliaria":"SP-IMO-1986892","setor":"005","quadra":"066","lote":"0067","sourceType":"OFFICIAL_IMPORT","mainAddress":"Setor Fiscal 005","zoneamento":"RESIDENCIAL","statusCadastral":"ATIVO","workflowStatus":"PENDENTE","isOfficial":true,"rawProperties":{"cd_identificador":1986892,"cd_identificador_original_lote":8890401,"cd_setor_fiscal":"005","cd_tipo_quadra":"F","tx_tipo_quadra":"FISCAL","cd_quadra_fiscal":"066","cd_subquadra_fiscal":null,"cd_condominio":"00","cd_tipo_lote":"F","tx_tipo_lote":"FISCAL","cd_lote":"0067","cd_situacao":1,"cd_digito_sql":"1","cd_logradouro":"156744","nm_logradouro_completo":"R S PAULO","cd_numero_porta":"312","tx_complemento_endereco":"E 314","tx_situ_lote":"ATIVO","cd_tipo_uso_imovel":"22","dc_tipo_uso_imovel":"Residencial","cd_tipo_terreno_imovel":2,"qt_area_terreno":200,"qt_area_construida":468}}},{"type":"Feature","geometry":{"type":"Polygon","coordinates":[[[-45.028471,-23.530645],[-45.028471,-23.530647],[-45.028473,-23.530684],[-45.028473,-23.530697],[-45.028474,-23.530717],[-45.028475,-23.53074],[-45.028475,-23.530766],[-45.028476,-23.530793],[-45.028476,-23.530822],[-45.028476,-23.530832],[-45.028474,-23.530871],[-45.028473,-23.530981],[-45.028473,-23.531054],[-45.028473,-23.531122],[-45.028472,-23.531178],[-45.028472,-23.531215],[-45.028471,-23.531215],[-45.02847,-23.531199],[-45.028468,-23.531143],[-45.028467,-23.531074],[-45.028467,-23.530996],[-45.028467,-23.530951],[-45.028471,-23.530645]]]},"properties":{"sqlu":"SP-005-987097","inscription":"SP-GEOSAMPA-1987097","inscricaoImobiliaria":"SP-IMO-1987097","setor":"005","quadra":"012","lote":"0002","sourceType":"OFFICIAL_IMPORT","mainAddress":"Setor Fiscal 005","zoneamento":"RESIDENCIAL","statusCadastral":"ATIVO","workflowStatus":"PENDENTE","isOfficial":true,"rawProperties":{"cd_identificador":1987097,"cd_identificador_original_lote":8891542,"cd_setor_fiscal":"005","cd_tipo_quadra":"M","tx_tipo_quadra":"MUNICIPAL","cd_quadra_fiscal":"012","cd_subquadra_fiscal":null,"cd_condominio":"00","cd_tipo_lote":"M","tx_tipo_lote":"MUNICIPAL","cd_lote":"0002","cd_situacao":1,"cd_digito_sql":null,"cd_logradouro":null,"nm_logradouro_completo":null,"cd_numero_porta":null,"tx_complemento_endereco":null,"tx_situ_lote":null,"cd_tipo_uso_imovel":null,"dc_tipo_uso_imovel":null,"cd_tipo_terreno_imovel":null,"qt_area_terreno":null,"qt_area_construida":null}}},{"type":"Feature","geometry":{"type":"Polygon","coordinates":[[[-45.028609,-23.531324],[-45.02861,-23.531283],[-45.02861,-23.531247],[-45.028612,-23.531155],[-45.028613,-23.531194],[-45.028613,-23.531201],[-45.028613,-23.53121],[-45.028613,-23.531219],[-45.028613,-23.53123],[-45.028613,-23.531332],[-45.028609,-23.531326],[-45.028609,-23.531326],[-45.028609,-23.531324]]]},"properties":{"sqlu":"SP-005-987360","inscription":"SP-GEOSAMPA-1987360","inscricaoImobiliaria":"SP-IMO-1987360","setor":"005","quadra":"017","lote":"0043","sourceType":"OFFICIAL_IMPORT","mainAddress":"Setor Fiscal 005","zoneamento":"RESIDENCIAL","statusCadastral":"ATIVO","workflowStatus":"PENDENTE","isOfficial":true,"rawProperties":{"cd_identificador":1987360,"cd_identificador_original_lote":8891988,"cd_setor_fiscal":"005","cd_tipo_quadra":"F","tx_tipo_quadra":"FISCAL","cd_quadra_fiscal":"017","cd_subquadra_fiscal":null,"cd_condominio":"00","cd_tipo_lote":"F","tx_tipo_lote":"FISCAL","cd_lote":"0043","cd_situacao":1,"cd_digito_sql":"9","cd_logradouro":"078530","nm_logradouro_completo":"R GENEBRA","cd_numero_porta":"13","tx_complemento_endereco":"17 E 19","tx_situ_lote":"ATIVO","cd_tipo_uso_imovel":"31","dc_tipo_uso_imovel":"Não residencial","cd_tipo_terreno_imovel":2,"qt_area_terreno":267,"qt_area_construida":930}}},{"type":"Feature","geometry":{"type":"Polygon","coordinates":[[[-45.028547,-23.530323],[-45.028547,-23.530362],[-45.028548,-23.530425],[-45.028548,-23.530469],[-45.028548,-23.530487],[-45.028548,-23.53055],[-45.028547,-23.530579],[-45.028546,-23.53045],[-45.028545,-23.530303],[-45.028546,-23.530292],[-45.028546,-23.5303],[-45.028546,-23.530337],[-45.028547,-23.530323]]]},"properties":{"sqlu":"SP-005-987176","inscription":"SP-GEOSAMPA-1987176","inscricaoImobiliaria":"SP-IMO-1987176","setor":"005","quadra":"014","lote":"0000","sourceType":"OFFICIAL_IMPORT","mainAddress":"Setor Fiscal 005","zoneamento":"RESIDENCIAL","statusCadastral":"ATIVO","workflowStatus":"PENDENTE","isOfficial":true,"rawProperties":{"cd_identificador":1987176,"cd_identificador_original_lote":8890971,"cd_setor_fiscal":"005","cd_tipo_quadra":"F","tx_tipo_quadra":"FISCAL","cd_quadra_fiscal":"014","cd_subquadra_fiscal":null,"cd_condominio":"02","cd_tipo_lote":"F","tx_tipo_lote":"FISCAL","cd_lote":"0000","cd_situacao":1,"cd_digito_sql":null,"cd_logradouro":"069337","nm_logradouro_completo":"R SEN FEIJO","cd_numero_porta":"154 158","tx_complemento_endereco":null,"tx_situ_lote":null,"cd_tipo_uso_imovel":"XX","dc_tipo_uso_imovel":"Condomínio","cd_tipo_terreno_imovel":99,"qt_area_terreno":252,"qt_area_construida":null}}},{"type":"Feature","geometry":{"type":"Polygon","coordinates":[[[-45.028451,-23.534238],[-45.028452,-23.534369],[-45.028451,-23.534378],[-45.028451,-23.534379],[-45.028451,-23.534306],[-45.028451,-23.534249],[-45.028451,-23.534244],[-45.028451,-23.534238]]]},"properties":{"sqlu":"SP-005-987152","inscription":"SP-GEOSAMPA-1987152","inscricaoImobiliaria":"SP-IMO-1987152","setor":"005","quadra":"043","lote":"0032","sourceType":"OFFICIAL_IMPORT","mainAddress":"Setor Fiscal 005","zoneamento":"RESIDENCIAL","statusCadastral":"ATIVO","workflowStatus":"PENDENTE","isOfficial":true,"rawProperties":{"cd_identificador":1987152,"cd_identificador_original_lote":8892179,"cd_setor_fiscal":"005","cd_tipo_quadra":"F","tx_tipo_quadra":"FISCAL","cd_quadra_fiscal":"043","cd_subquadra_fiscal":null,"cd_condominio":"00","cd_tipo_lote":"F","tx_tipo_lote":"FISCAL","cd_lote":"0032","cd_situacao":1,"cd_digito_sql":"6","cd_logradouro":"178640","nm_logradouro_completo":"R CD DE SARZEDAS","cd_numero_porta":"287","tx_complemento_endereco":null,"tx_situ_lote":"ATIVO","cd_tipo_uso_imovel":"14","dc_tipo_uso_imovel":"Residencial","cd_tipo_terreno_imovel":2,"qt_area_terreno":100,"qt_area_construida":130}}},{"type":"Feature","geometry":{"type":"Polygon","coordinates":[[[-45.028547,-23.530323],[-45.028547,-23.530314],[-45.028547,-23.530325],[-45.028548,-23.530313],[-45.028548,-23.530286],[-45.028547,-23.530213],[-45.028547,-23.530183],[-45.028547,-23.530168],[-45.028547,-23.530085],[-45.028549,-23.530063],[-45.02855,-23.530217],[-45.02855,-23.530324],[-45.028551,-23.530493],[-45.028548,-23.53055],[-45.028548,-23.530487],[-45.028548,-23.530469],[-45.028548,-23.530425],[-45.028547,-23.530362],[-45.028547,-23.530323]]]},"properties":{"sqlu":"SP-005-987177","inscription":"SP-GEOSAMPA-1987177","inscricaoImobiliaria":"SP-IMO-1987177","setor":"005","quadra":"014","lote":"0001","sourceType":"OFFICIAL_IMPORT","mainAddress":"Setor Fiscal 005","zoneamento":"RESIDENCIAL","statusCadastral":"ATIVO","workflowStatus":"PENDENTE","isOfficial":true,"rawProperties":{"cd_identificador":1987177,"cd_identificador_original_lote":8890973,"cd_setor_fiscal":"005","cd_tipo_quadra":"F","tx_tipo_quadra":"FISCAL","cd_quadra_fiscal":"014","cd_subquadra_fiscal":null,"cd_condominio":"00","cd_tipo_lote":"F","tx_tipo_lote":"FISCAL","cd_lote":"0001","cd_situacao":1,"cd_digito_sql":"1","cd_logradouro":"069337","nm_logradouro_completo":"R SEN FEIJO","cd_numero_porta":"164","tx_complemento_endereco":"A 176","tx_situ_lote":"ATIVO","cd_tipo_uso_imovel":"31","dc_tipo_uso_imovel":"Não residencial","cd_tipo_terreno_imovel":3,"qt_area_terreno":468,"qt_area_construida":4399}}},{"type":"Feature","geometry":{"type":"Polygon","coordinates":[[[-45.028477,-23.539416],[-45.028477,-23.539434],[-45.028477,-23.539478],[-45.028475,-23.539477],[-45.028472,-23.539475],[-45.028472,-23.539475],[-45.028472,-23.539474],[-45.028472,-23.539411],[-45.028473,-23.539412],[-45.028477,-23.539416]]]},"properties":{"sqlu":"SP-005-987531","inscription":"SP-GEOSAMPA-1987531","inscricaoImobiliaria":"SP-IMO-1987531","setor":"005","quadra":"072","lote":"0051","sourceType":"OFFICIAL_IMPORT","mainAddress":"Setor Fiscal 005","zoneamento":"RESIDENCIAL","statusCadastral":"ATIVO","workflowStatus":"PENDENTE","isOfficial":true,"rawProperties":{"cd_identificador":1987531,"cd_identificador_original_lote":8891934,"cd_setor_fiscal":"005","cd_tipo_quadra":"F","tx_tipo_quadra":"FISCAL","cd_quadra_fiscal":"072","cd_subquadra_fiscal":null,"cd_condominio":"00","cd_tipo_lote":"F","tx_tipo_lote":"FISCAL","cd_lote":"0051","cd_situacao":1,"cd_digito_sql":"9","cd_logradouro":"465194","nm_logradouro_completo":"R MITUTO MIZUMOTO","cd_numero_porta":"275","tx_complemento_endereco":null,"tx_situ_lote":"ATIVO","cd_tipo_uso_imovel":"10","dc_tipo_uso_imovel":"Residencial","cd_tipo_terreno_imovel":1,"qt_area_terreno":238,"qt_area_construida":100}}},{"type":"Feature","geometry":{"type":"Polygon","coordinates":[[[-45.028543,-23.540047],[-45.028542,-23.540067],[-45.028541,-23.539856],[-45.02854,-23.539821],[-45.02854,-23.539795],[-45.02854,-23.539765],[-45.02854,-23.539749],[-45.028539,-23.539702],[-45.02854,-23.539706],[-45.028541,-23.539741],[-45.028541,-23.539746],[-45.028541,-23.539782],[-45.028541,-23.539807],[-45.028542,-23.539837],[-45.028543,-23.540047]]]},"properties":{"sqlu":"SP-005-987529","inscription":"SP-GEOSAMPA-1987529","inscricaoImobiliaria":"SP-IMO-1987529","setor":"005","quadra":"068","lote":"0025","sourceType":"OFFICIAL_IMPORT","mainAddress":"Setor Fiscal 005","zoneamento":"RESIDENCIAL","statusCadastral":"ATIVO","workflowStatus":"PENDENTE","isOfficial":true,"rawProperties":{"cd_identificador":1987529,"cd_identificador_original_lote":8890804,"cd_setor_fiscal":"005","cd_tipo_quadra":"F","tx_tipo_quadra":"FISCAL","cd_quadra_fiscal":"068","cd_subquadra_fiscal":null,"cd_condominio":"00","cd_tipo_lote":"F","tx_tipo_lote":"FISCAL","cd_lote":"0025","cd_situacao":1,"cd_digito_sql":"3","cd_logradouro":"068802","nm_logradouro_completo":"R FAGUNDES","cd_numero_porta":"195","tx_complemento_endereco":"195 A","tx_situ_lote":"ATIVO","cd_tipo_uso_imovel":"40","dc_tipo_uso_imovel":"Não residencial","cd_tipo_terreno_imovel":1,"qt_area_terreno":252,"qt_area_construida":290}}},{"type":"Feature","geometry":{"type":"Polygon","coordinates":[[[-45.028523,-23.535706],[-45.02852,-23.535711],[-45.02852,-23.535674],[-45.02852,-23.535633],[-45.028525,-23.535646],[-45.028526,-23.53565],[-45.028526,-23.535702],[-45.028526,-23.535702],[-45.028525,-23.535704],[-45.028523,-23.535706]]]},"properties":{"sqlu":"SP-005-987502","inscription":"SP-GEOSAMPA-1987502","inscricaoImobiliaria":"SP-IMO-1987502","setor":"005","quadra":"039","lote":"0032","sourceType":"OFFICIAL_IMPORT","mainAddress":"Setor Fiscal 005","zoneamento":"RESIDENCIAL","statusCadastral":"ATIVO","workflowStatus":"PENDENTE","isOfficial":true,"rawProperties":{"cd_identificador":1987502,"cd_identificador_original_lote":8891073,"cd_setor_fiscal":"005","cd_tipo_quadra":"F","tx_tipo_quadra":"FISCAL","cd_quadra_fiscal":"039","cd_subquadra_fiscal":null,"cd_condominio":"00","cd_tipo_lote":"F","tx_tipo_lote":"FISCAL","cd_lote":"0032","cd_situacao":1,"cd_digito_sql":"1","cd_logradouro":"080292","nm_logradouro_completo":"R DA GLORIA","cd_numero_porta":"242","tx_complemento_endereco":"E 246","tx_situ_lote":"ATIVO","cd_tipo_uso_imovel":"40","dc_tipo_uso_imovel":"Não residencial","cd_tipo_terreno_imovel":1,"qt_area_terreno":285,"qt_area_construida":1636}}},{"type":"Feature","geometry":{"type":"Polygon","coordinates":[[[-45.028452,-23.536188],[-45.028452,-23.53615],[-45.028453,-23.536153],[-45.028453,-23.536156],[-45.028453,-23.536146],[-45.028454,-23.536148],[-45.028455,-23.536152],[-45.028455,-23.536153],[-45.028457,-23.536161],[-45.028457,-23.536211],[-45.028457,-23.536208],[-45.028455,-23.536203],[-45.028454,-23.536197],[-45.028453,-23.536192],[-45.028452,-23.536191],[-45.028452,-23.536188]]]},"properties":{"sqlu":"SP-005-987858","inscription":"SP-GEOSAMPA-1987858","inscricaoImobiliaria":"SP-IMO-1987858","setor":"005","quadra":"090","lote":"0006","sourceType":"OFFICIAL_IMPORT","mainAddress":"Setor Fiscal 005","zoneamento":"RESIDENCIAL","statusCadastral":"ATIVO","workflowStatus":"PENDENTE","isOfficial":true,"rawProperties":{"cd_identificador":1987858,"cd_identificador_original_lote":8890863,"cd_setor_fiscal":"005","cd_tipo_quadra":"F","tx_tipo_quadra":"FISCAL","cd_quadra_fiscal":"090","cd_subquadra_fiscal":null,"cd_condominio":"00","cd_tipo_lote":"F","tx_tipo_lote":"FISCAL","cd_lote":"0006","cd_situacao":1,"cd_digito_sql":"1","cd_logradouro":"175137","nm_logradouro_completo":"TV RUGERO","cd_numero_porta":"9","tx_complemento_endereco":null,"tx_situ_lote":"ATIVO","cd_tipo_uso_imovel":"10","dc_tipo_uso_imovel":"Residencial","cd_tipo_terreno_imovel":1,"qt_area_terreno":90,"qt_area_construida":40}}},{"type":"Feature","geometry":{"type":"Polygon","coordinates":[[[-45.028593,-23.536607],[-45.028593,-23.536653],[-45.028591,-23.536689],[-45.028591,-23.536684],[-45.028591,-23.536675],[-45.028592,-23.536664],[-45.028592,-23.53664],[-45.028592,-23.536629],[-45.028592,-23.536621],[-45.028593,-23.536607]]]},"properties":{"sqlu":"SP-005-987881","inscription":"SP-GEOSAMPA-1987881","inscricaoImobiliaria":"SP-IMO-1987881","setor":"005","quadra":"048","lote":"0060","sourceType":"OFFICIAL_IMPORT","mainAddress":"Setor Fiscal 005","zoneamento":"RESIDENCIAL","statusCadastral":"ATIVO","workflowStatus":"PENDENTE","isOfficial":true,"rawProperties":{"cd_identificador":1987881,"cd_identificador_original_lote":8891387,"cd_setor_fiscal":"005","cd_tipo_quadra":"F","tx_tipo_quadra":"FISCAL","cd_quadra_fiscal":"048","cd_subquadra_fiscal":null,"cd_condominio":"00","cd_tipo_lote":"F","tx_tipo_lote":"FISCAL","cd_lote":"0060","cd_situacao":1,"cd_digito_sql":"4","cd_logradouro":"178128","nm_logradouro_completo":"R CD DE SAO JOAQUIM","cd_numero_porta":"S/N","tx_complemento_endereco":null,"tx_situ_lote":"ATIVO","cd_tipo_uso_imovel":"00","dc_tipo_uso_imovel":"Terreno","cd_tipo_terreno_imovel":2,"qt_area_terreno":46,"qt_area_construida":0}}},{"type":"Feature","geometry":{"type":"Polygon","coordinates":[[[-45.028446,-23.53608],[-45.028445,-23.536079],[-45.028444,-23.536077],[-45.028444,-23.536077],[-45.028444,-23.536042],[-45.028444,-23.53603],[-45.028444,-23.536032],[-45.028445,-23.536033],[-45.028445,-23.536033],[-45.028446,-23.536037],[-45.028446,-23.536038],[-45.028446,-23.536062],[-45.028446,-23.536067],[-45.028446,-23.536077],[-45.028446,-23.53608],[-45.028446,-23.53608]]]},"properties":{"sqlu":"SP-005-988138","inscription":"SP-GEOSAMPA-1988138","inscricaoImobiliaria":"SP-IMO-1988138","setor":"005","quadra":"056","lote":"0012","sourceType":"OFFICIAL_IMPORT","mainAddress":"Setor Fiscal 005","zoneamento":"RESIDENCIAL","statusCadastral":"ATIVO","workflowStatus":"PENDENTE","isOfficial":true,"rawProperties":{"cd_identificador":1988138,"cd_identificador_original_lote":8891860,"cd_setor_fiscal":"005","cd_tipo_quadra":"F","tx_tipo_quadra":"FISCAL","cd_quadra_fiscal":"056","cd_subquadra_fiscal":null,"cd_condominio":"00","cd_tipo_lote":"F","tx_tipo_lote":"FISCAL","cd_lote":"0012","cd_situacao":1,"cd_digito_sql":"9","cd_logradouro":"067105","nm_logradouro_completo":"VL DOS ESTUDANTES","cd_numero_porta":"16","tx_complemento_endereco":null,"tx_situ_lote":"ATIVO","cd_tipo_uso_imovel":"10","dc_tipo_uso_imovel":"Residencial","cd_tipo_terreno_imovel":1,"qt_area_terreno":65,"qt_area_construida":40}}},{"type":"Feature","geometry":{"type":"Polygon","coordinates":[[[-45.028605,-23.538052],[-45.028603,-23.538141],[-45.028602,-23.538087],[-45.028603,-23.538065],[-45.028606,-23.537943],[-45.028607,-23.537906],[-45.028608,-23.537951],[-45.028607,-23.537989],[-45.028606,-23.538009],[-45.028605,-23.538033],[-45.028605,-23.538052]]]},"properties":{"sqlu":"SP-005-987924","inscription":"SP-GEOSAMPA-1987924","inscricaoImobiliaria":"SP-IMO-1987924","setor":"005","quadra":"048","lote":"0040","sourceType":"OFFICIAL_IMPORT","mainAddress":"Setor Fiscal 005","zoneamento":"RESIDENCIAL","statusCadastral":"ATIVO","workflowStatus":"PENDENTE","isOfficial":true,"rawProperties":{"cd_identificador":1987924,"cd_identificador_original_lote":8891371,"cd_setor_fiscal":"005","cd_tipo_quadra":"F","tx_tipo_quadra":"FISCAL","cd_quadra_fiscal":"048","cd_subquadra_fiscal":null,"cd_condominio":"00","cd_tipo_lote":"F","tx_tipo_lote":"FISCAL","cd_lote":"0040","cd_situacao":1,"cd_digito_sql":"1","cd_logradouro":"178128","nm_logradouro_completo":"R CD DE SAO JOAQUIM","cd_numero_porta":"210","tx_complemento_endereco":"210A","tx_situ_lote":"ATIVO","cd_tipo_uso_imovel":"14","dc_tipo_uso_imovel":"Residencial","cd_tipo_terreno_imovel":1,"qt_area_terreno":234,"qt_area_construida":280}}}]}