{"type":"FeatureCollection","features":[{"type":"Feature","geometry":{"type":"Polygon","coordinates":[[[-45.02854,-23.519751],[-45.028535,-23.519824],[-45.028535,-23.519819],[-45.028535,-23.519743],[-45.02854,-23.519668],[-45.02854,-23.519689],[-45.02854,-23.519751]]]},"properties":{"sqlu":"SP-001-775618","inscription":"SP-GEOSAMPA-6775618","inscricaoImobiliaria":"SP-IMO-6775618","setor":"001","quadra":"036","lote":"0428","sourceType":"OFFICIAL_IMPORT","mainAddress":"Setor Fiscal 001","zoneamento":"RESIDENCIAL","statusCadastral":"ATIVO","workflowStatus":"PENDENTE","isOfficial":true,"rawProperties":{"cd_identificador":6775618,"cd_identificador_original_lote":10631454,"cd_setor_fiscal":"001","cd_tipo_quadra":"F","tx_tipo_quadra":"FISCAL","cd_quadra_fiscal":"036","cd_subquadra_fiscal":null,"cd_condominio":"00","cd_tipo_lote":"F","tx_tipo_lote":"FISCAL","cd_lote":"0428","cd_situacao":1,"cd_digito_sql":"6","cd_logradouro":"190179","nm_logradouro_completo":"R BRIG TOBIAS","cd_numero_porta":"S/N","tx_complemento_endereco":null,"tx_situ_lote":"ATIVO","cd_tipo_uso_imovel":"62","dc_tipo_uso_imovel":"Não residencial","cd_tipo_terreno_imovel":1,"qt_area_terreno":298,"qt_area_construida":9}}},{"type":"Feature","geometry":{"type":"Polygon","coordinates":[[[-45.028405,-23.516156],[-45.028405,-23.516126],[-45.028407,-23.516084],[-45.028407,-23.516114],[-45.028405,-23.516156]]]},"properties":{"sqlu":"SP-001-027781","inscription":"SP-GEOSAMPA-2027781","inscricaoImobiliaria":"SP-IMO-2027781","setor":"001","quadra":"014","lote":"0014","sourceType":"OFFICIAL_IMPORT","mainAddress":"Setor Fiscal 001","zoneamento":"RESIDENCIAL","statusCadastral":"ATIVO","workflowStatus":"PENDENTE","isOfficial":true,"rawProperties":{"cd_identificador":2027781,"cd_identificador_original_lote":8801172,"cd_setor_fiscal":"001","cd_tipo_quadra":"F","tx_tipo_quadra":"FISCAL","cd_quadra_fiscal":"014","cd_subquadra_fiscal":null,"cd_condominio":"00","cd_tipo_lote":"F","tx_tipo_lote":"FISCAL","cd_lote":"0014","cd_situacao":1,"cd_digito_sql":"4","cd_logradouro":"165433","nm_logradouro_completo":"R POSSIDONIO INACIO","cd_numero_porta":"51","tx_complemento_endereco":null,"tx_situ_lote":"ATIVO","cd_tipo_uso_imovel":"40","dc_tipo_uso_imovel":"Não residencial","cd_tipo_terreno_imovel":1,"qt_area_terreno":40,"qt_area_construida":40}}},{"type":"Feature","geometry":{"type":"Polygon","coordinates":[[[-45.028535,-23.519824],[-45.02854,-23.519751],[-45.028541,-23.519841],[-45.028536,-23.519918],[-45.028536,-23.519873],[-45.028535,-23.519824]]]},"properties":{"sqlu":"SP-001-775548","inscription":"SP-GEOSAMPA-6775548","inscricaoImobiliaria":"SP-IMO-6775548","setor":"001","quadra":"036","lote":"0427","sourceType":"OFFICIAL_IMPORT","mainAddress":"Setor Fiscal 001","zoneamento":"RESIDENCIAL","statusCadastral":"ATIVO","workflowStatus":"PENDENTE","isOfficial":true,"rawProperties":{"cd_identificador":6775548,"cd_identificador_original_lote":10631453,"cd_setor_fiscal":"001","cd_tipo_quadra":"F","tx_tipo_quadra":"FISCAL","cd_quadra_fiscal":"036","cd_subquadra_fiscal":null,"cd_condominio":"00","cd_tipo_lote":"F","tx_tipo_lote":"FISCAL","cd_lote":"0427","cd_situacao":1,"cd_digito_sql":"8","cd_logradouro":"190179","nm_logradouro_completo":"R BRIG TOBIAS","cd_numero_porta":"391","tx_complemento_endereco":null,"tx_situ_lote":"ATIVO","cd_tipo_uso_imovel":"62","dc_tipo_uso_imovel":"Não residencial","cd_tipo_terreno_imovel":1,"qt_area_terreno":308,"qt_area_construida":31}}},{"type":"Feature","geometry":{"type":"Polygon","coordinates":[[[-45.0285,-23.522894],[-45.0285,-23.522767],[-45.028504,-23.522674],[-45.028505,-23.522653],[-45.028506,-23.522637],[-45.028507,-23.522613],[-45.028511,-23.522518],[-45.028512,-23.522637],[-45.028513,-23.522711],[-45.028522,-23.522537],[-45.028522,-23.52257],[-45.028519,-23.522622],[-45.028515,-23.522714],[-45.028513,-23.522748],[-45.028512,-23.522768],[-45.028511,-23.522791],[-45.028507,-23.522873],[-45.028506,-23.522899],[-45.028506,-23.522911],[-45.028503,-23.522965],[-45.028502,-23.522985],[-45.028501,-23.523009],[-45.0285,-23.522894]]]},"properties":{"sqlu":"SP-001-775202","inscription":"SP-GEOSAMPA-6775202","inscricaoImobiliaria":"SP-IMO-6775202","setor":"001","quadra":"049","lote":"0824","sourceType":"OFFICIAL_IMPORT","mainAddress":"Setor Fiscal 001","zoneamento":"RESIDENCIAL","statusCadastral":"ATIVO","workflowStatus":"PENDENTE","isOfficial":true,"rawProperties":{"cd_identificador":6775202,"cd_identificador_original_lote":10631480,"cd_setor_fiscal":"001","cd_tipo_quadra":"F","tx_tipo_quadra":"FISCAL","cd_quadra_fiscal":"049","cd_subquadra_fiscal":null,"cd_condominio":"00","cd_tipo_lote":"F","tx_tipo_lote":"FISCAL","cd_lote":"0824","cd_situacao":1,"cd_digito_sql":"6","cd_logradouro":"072044","nm_logradouro_completo":"R FLORENCIO DE ABREU","cd_numero_porta":"181","tx_complemento_endereco":null,"tx_situ_lote":"ATIVO","cd_tipo_uso_imovel":"40","dc_tipo_uso_imovel":"Não residencial","cd_tipo_terreno_imovel":3,"qt_area_terreno":2862,"qt_area_construida":11258}}},{"type":"Feature","geometry":{"type":"Polygon","coordinates":[[[-45.028468,-23.524567],[-45.028467,-23.524745],[-45.028467,-23.524747],[-45.028466,-23.524752],[-45.028467,-23.52456],[-45.028468,-23.524567]]]},"properties":{"sqlu":"SP-001-957367","inscription":"SP-GEOSAMPA-1957367","inscricaoImobiliaria":"SP-IMO-1957367","setor":"001","quadra":"077","lote":"0007","sourceType":"OFFICIAL_IMPORT","mainAddress":"Setor Fiscal 001","zoneamento":"RESIDENCIAL","statusCadastral":"ATIVO","workflowStatus":"PENDENTE","isOfficial":true,"rawProperties":{"cd_identificador":1957367,"cd_identificador_original_lote":8800263,"cd_setor_fiscal":"001","cd_tipo_quadra":"F","tx_tipo_quadra":"FISCAL","cd_quadra_fiscal":"077","cd_subquadra_fiscal":null,"cd_condominio":"00","cd_tipo_lote":"F","tx_tipo_lote":"FISCAL","cd_lote":"0007","cd_situacao":1,"cd_digito_sql":"7","cd_logradouro":"029505","nm_logradouro_completo":"R CAVLH BASILIO JAFET","cd_numero_porta":"130","tx_complemento_endereco":"E 134","tx_situ_lote":"ATIVO","cd_tipo_uso_imovel":"40","dc_tipo_uso_imovel":"Não residencial","cd_tipo_terreno_imovel":1,"qt_area_terreno":136,"qt_area_construida":320}}},{"type":"Feature","geometry":{"type":"Polygon","coordinates":[[[-45.028468,-23.524567],[-45.028469,-23.524573],[-45.028469,-23.524594],[-45.02847,-23.524731],[-45.028468,-23.524744],[-45.028467,-23.524745],[-45.028468,-23.524567]]]},"properties":{"sqlu":"SP-001-957368","inscription":"SP-GEOSAMPA-1957368","inscricaoImobiliaria":"SP-IMO-1957368","setor":"001","quadra":"077","lote":"0006","sourceType":"OFFICIAL_IMPORT","mainAddress":"Setor Fiscal 001","zoneamento":"RESIDENCIAL","statusCadastral":"ATIVO","workflowStatus":"PENDENTE","isOfficial":true,"rawProperties":{"cd_identificador":1957368,"cd_identificador_original_lote":8800271,"cd_setor_fiscal":"001","cd_tipo_quadra":"F","tx_tipo_quadra":"FISCAL","cd_quadra_fiscal":"077","cd_subquadra_fiscal":null,"cd_condominio":"00","cd_tipo_lote":"F","tx_tipo_lote":"FISCAL","cd_lote":"0006","cd_situacao":1,"cd_digito_sql":"9","cd_logradouro":"029505","nm_logradouro_completo":"R CAVLH BASILIO JAFET","cd_numero_porta":"128","tx_complemento_endereco":null,"tx_situ_lote":"ATIVO","cd_tipo_uso_imovel":"40","dc_tipo_uso_imovel":"Não residencial","cd_tipo_terreno_imovel":2,"qt_area_terreno":180,"qt_area_construida":430}}},{"type":"Feature","geometry":{"type":"Polygon","coordinates":[[[-45.028454,-23.521783],[-45.028457,-23.521771],[-45.028458,-23.521946],[-45.028458,-23.521952],[-45.028457,-23.521972],[-45.028455,-23.521983],[-45.028455,-23.521984],[-45.028454,-23.521783]]]},"properties":{"sqlu":"SP-001-957490","inscription":"SP-GEOSAMPA-1957490","inscricaoImobiliaria":"SP-IMO-1957490","setor":"001","quadra":"052","lote":"0001","sourceType":"OFFICIAL_IMPORT","mainAddress":"Setor Fiscal 001","zoneamento":"RESIDENCIAL","statusCadastral":"ATIVO","workflowStatus":"PENDENTE","isOfficial":true,"rawProperties":{"cd_identificador":1957490,"cd_identificador_original_lote":8800154,"cd_setor_fiscal":"001","cd_tipo_quadra":"F","tx_tipo_quadra":"FISCAL","cd_quadra_fiscal":"052","cd_subquadra_fiscal":null,"cd_condominio":"00","cd_tipo_lote":"F","tx_tipo_lote":"FISCAL","cd_lote":"0001","cd_situacao":1,"cd_digito_sql":"8","cd_logradouro":"061360","nm_logradouro_completo":"R BR DE DUPRAT","cd_numero_porta":"286","tx_complemento_endereco":"290 292 296 300","tx_situ_lote":"ATIVO","cd_tipo_uso_imovel":"31","dc_tipo_uso_imovel":"Não residencial","cd_tipo_terreno_imovel":2,"qt_area_terreno":414,"qt_area_construida":1035}}},{"type":"Feature","geometry":{"type":"Polygon","coordinates":[[[-45.028462,-23.521756],[-45.028463,-23.522012],[-45.028462,-23.522001],[-45.028461,-23.521753],[-45.028461,-23.521754],[-45.028462,-23.521755],[-45.028462,-23.521756]]]},"properties":{"sqlu":"SP-001-957478","inscription":"SP-GEOSAMPA-1957478","inscricaoImobiliaria":"SP-IMO-1957478","setor":"001","quadra":"051","lote":"0043","sourceType":"OFFICIAL_IMPORT","mainAddress":"Setor Fiscal 001","zoneamento":"RESIDENCIAL","statusCadastral":"ATIVO","workflowStatus":"PENDENTE","isOfficial":true,"rawProperties":{"cd_identificador":1957478,"cd_identificador_original_lote":8800506,"cd_setor_fiscal":"001","cd_tipo_quadra":"F","tx_tipo_quadra":"FISCAL","cd_quadra_fiscal":"051","cd_subquadra_fiscal":null,"cd_condominio":"00","cd_tipo_lote":"F","tx_tipo_lote":"FISCAL","cd_lote":"0043","cd_situacao":1,"cd_digito_sql":"9","cd_logradouro":"002755","nm_logradouro_completo":"R COMEN AFONSO KHERLAKIAN","cd_numero_porta":"123","tx_complemento_endereco":"/125","tx_situ_lote":"ATIVO","cd_tipo_uso_imovel":"40","dc_tipo_uso_imovel":"Não residencial","cd_tipo_terreno_imovel":1,"qt_area_terreno":183,"qt_area_construida":316}}},{"type":"Feature","geometry":{"type":"Polygon","coordinates":[[[-45.028494,-23.520013],[-45.02849,-23.520004],[-45.028488,-23.52],[-45.028488,-23.519998],[-45.028488,-23.519954],[-45.028487,-23.519952],[-45.028487,-23.519951],[-45.028487,-23.519927],[-45.028488,-23.51991],[-45.028493,-23.51984],[-45.028493,-23.519839],[-45.028493,-23.51984],[-45.028494,-23.519843],[-45.028494,-23.519848],[-45.028494,-23.519854],[-45.028494,-23.51986],[-45.028494,-23.519969],[-45.028494,-23.520013]]]},"properties":{"sqlu":"SP-001-957593","inscription":"SP-GEOSAMPA-1957593","inscricaoImobiliaria":"SP-IMO-1957593","setor":"001","quadra":"041","lote":"0020","sourceType":"OFFICIAL_IMPORT","mainAddress":"Setor Fiscal 001","zoneamento":"RESIDENCIAL","statusCadastral":"ATIVO","workflowStatus":"PENDENTE","isOfficial":true,"rawProperties":{"cd_identificador":1957593,"cd_identificador_original_lote":8801037,"cd_setor_fiscal":"001","cd_tipo_quadra":"F","tx_tipo_quadra":"FISCAL","cd_quadra_fiscal":"041","cd_subquadra_fiscal":null,"cd_condominio":"00","cd_tipo_lote":"F","tx_tipo_lote":"FISCAL","cd_lote":"0020","cd_situacao":1,"cd_digito_sql":"6","cd_logradouro":"167258","nm_logradouro_completo":"AV SEN QUEIROS","cd_numero_porta":"360","tx_complemento_endereco":"ESQUINA DA RUA","tx_situ_lote":"ATIVO","cd_tipo_uso_imovel":"64","dc_tipo_uso_imovel":"Não residencial","cd_tipo_terreno_imovel":2,"qt_area_terreno":528,"qt_area_construida":1439}}},{"type":"Feature","geometry":{"type":"Polygon","coordinates":[[[-45.028437,-23.514709],[-45.028437,-23.514667],[-45.028438,-23.514653],[-45.028441,-23.514615],[-45.028442,-23.514662],[-45.02844,-23.51468],[-45.028437,-23.514709]]]},"properties":{"sqlu":"SP-001-957548","inscription":"SP-GEOSAMPA-1957548","inscricaoImobiliaria":"SP-IMO-1957548","setor":"001","quadra":"007","lote":"0072","sourceType":"OFFICIAL_IMPORT","mainAddress":"Setor Fiscal 001","zoneamento":"RESIDENCIAL","statusCadastral":"ATIVO","workflowStatus":"PENDENTE","isOfficial":true,"rawProperties":{"cd_identificador":1957548,"cd_identificador_original_lote":8799859,"cd_setor_fiscal":"001","cd_tipo_quadra":"F","tx_tipo_quadra":"FISCAL","cd_quadra_fiscal":"007","cd_subquadra_fiscal":null,"cd_condominio":"00","cd_tipo_lote":"F","tx_tipo_lote":"FISCAL","cd_lote":"0072","cd_situacao":1,"cd_digito_sql":"1","cd_logradouro":"084921","nm_logradouro_completo":"R GUILHERME MAW","cd_numero_porta":"72","tx_complemento_endereco":"E 74","tx_situ_lote":"ATIVO","cd_tipo_uso_imovel":"42","dc_tipo_uso_imovel":"Não residencial","cd_tipo_terreno_imovel":1,"qt_area_terreno":158,"qt_area_construida":270}}},{"type":"Feature","geometry":{"type":"Polygon","coordinates":[[[-45.02849,-23.513643],[-45.02849,-23.513709],[-45.028485,-23.51379],[-45.028485,-23.513719],[-45.028485,-23.51371],[-45.028486,-23.513704],[-45.028486,-23.513698],[-45.028487,-23.51369],[-45.028488,-23.513671],[-45.028488,-23.513663],[-45.02849,-23.513643]]]},"properties":{"sqlu":"SP-001-957502","inscription":"SP-GEOSAMPA-1957502","inscricaoImobiliaria":"SP-IMO-1957502","setor":"001","quadra":"003","lote":"0000","sourceType":"OFFICIAL_IMPORT","mainAddress":"Setor Fiscal 001","zoneamento":"RESIDENCIAL","statusCadastral":"ATIVO","workflowStatus":"PENDENTE","isOfficial":true,"rawProperties":{"cd_identificador":1957502,"cd_identificador_original_lote":8800542,"cd_setor_fiscal":"001","cd_tipo_quadra":"F","tx_tipo_quadra":"FISCAL","cd_quadra_fiscal":"003","cd_subquadra_fiscal":null,"cd_condominio":"02","cd_tipo_lote":"F","tx_tipo_lote":"FISCAL","cd_lote":"0000","cd_situacao":1,"cd_digito_sql":null,"cd_logradouro":"189936","nm_logradouro_completo":"AV TIRADENTES","cd_numero_porta":"258 262","tx_complemento_endereco":null,"tx_situ_lote":null,"cd_tipo_uso_imovel":"XX","dc_tipo_uso_imovel":"Condomínio","cd_tipo_terreno_imovel":99,"qt_area_terreno":283,"qt_area_construida":null}}},{"type":"Feature","geometry":{"type":"Polygon","coordinates":[[[-45.028445,-23.514275],[-45.028442,-23.514305],[-45.028442,-23.514268],[-45.028442,-23.514204],[-45.028443,-23.514192],[-45.028443,-23.514188],[-45.028445,-23.51417],[-45.028445,-23.514275]]]},"properties":{"sqlu":"SP-001-786900","inscription":"SP-GEOSAMPA-6786900","inscricaoImobiliaria":"SP-IMO-6786900","setor":"001","quadra":"006","lote":"0056","sourceType":"OFFICIAL_IMPORT","mainAddress":"Setor Fiscal 001","zoneamento":"RESIDENCIAL","statusCadastral":"ATIVO","workflowStatus":"PENDENTE","isOfficial":true,"rawProperties":{"cd_identificador":6786900,"cd_identificador_original_lote":8799839,"cd_setor_fiscal":"001","cd_tipo_quadra":"F","tx_tipo_quadra":"FISCAL","cd_quadra_fiscal":"006","cd_subquadra_fiscal":null,"cd_condominio":"00","cd_tipo_lote":"F","tx_tipo_lote":"FISCAL","cd_lote":"0056","cd_situacao":1,"cd_digito_sql":"5","cd_logradouro":"084921","nm_logradouro_completo":"R GUILHERME MAW","cd_numero_porta":"109","tx_complemento_endereco":"113 E 119","tx_situ_lote":"ATIVO","cd_tipo_uso_imovel":"40","dc_tipo_uso_imovel":"Não residencial","cd_tipo_terreno_imovel":3,"qt_area_terreno":228,"qt_area_construida":648}}},{"type":"Feature","geometry":{"type":"Polygon","coordinates":[[[-45.028547,-23.517274],[-45.028547,-23.517204],[-45.028549,-23.517178],[-45.02855,-23.517158],[-45.028552,-23.517139],[-45.028552,-23.517133],[-45.028556,-23.517084],[-45.028556,-23.517161],[-45.028552,-23.517211],[-45.028547,-23.517274]]]},"properties":{"sqlu":"SP-001-786902","inscription":"SP-GEOSAMPA-6786902","inscricaoImobiliaria":"SP-IMO-6786902","setor":"001","quadra":"019","lote":"0000","sourceType":"OFFICIAL_IMPORT","mainAddress":"Setor Fiscal 001","zoneamento":"RESIDENCIAL","statusCadastral":"ATIVO","workflowStatus":"PENDENTE","isOfficial":true,"rawProperties":{"cd_identificador":6786902,"cd_identificador_original_lote":8799652,"cd_setor_fiscal":"001","cd_tipo_quadra":"F","tx_tipo_quadra":"FISCAL","cd_quadra_fiscal":"019","cd_subquadra_fiscal":null,"cd_condominio":"07","cd_tipo_lote":"F","tx_tipo_lote":"FISCAL","cd_lote":"0000","cd_situacao":1,"cd_digito_sql":null,"cd_logradouro":"045411","nm_logradouro_completo":"AV CASPER LIBERO","cd_numero_porta":"515 517","tx_complemento_endereco":null,"tx_situ_lote":null,"cd_tipo_uso_imovel":"XX","dc_tipo_uso_imovel":"Condomínio","cd_tipo_terreno_imovel":99,"qt_area_terreno":415,"qt_area_construida":null}}},{"type":"Feature","geometry":{"type":"Polygon","coordinates":[[[-45.028578,-23.522049],[-45.028578,-23.522081],[-45.028576,-23.522232],[-45.028576,-23.522214],[-45.028576,-23.522211],[-45.028575,-23.522204],[-45.028575,-23.522236],[-45.028575,-23.522253],[-45.028574,-23.522339],[-45.028574,-23.522354],[-45.028574,-23.522342],[-45.02857,-23.522197],[-45.02857,-23.522186],[-45.028565,-23.522028],[-45.028565,-23.522023],[-45.028565,-23.522019],[-45.028565,-23.522013],[-45.028565,-23.522007],[-45.028565,-23.522],[-45.028565,-23.521994],[-45.028565,-23.521987],[-45.028565,-23.52198],[-45.028565,-23.521975],[-45.028567,-23.521821],[-45.028567,-23.521803],[-45.028569,-23.521856],[-45.028571,-23.521942],[-45.028572,-23.521974],[-45.028573,-23.521886],[-45.028574,-23.521919],[-45.028578,-23.522038],[-45.028578,-23.522049]]]},"properties":{"sqlu":"SP-001-771442","inscription":"SP-GEOSAMPA-6771442","inscricaoImobiliaria":"SP-IMO-6771442","setor":"001","quadra":"053","lote":"0000","sourceType":"OFFICIAL_IMPORT","mainAddress":"Setor Fiscal 001","zoneamento":"RESIDENCIAL","statusCadastral":"ATIVO","workflowStatus":"PENDENTE","isOfficial":true,"rawProperties":{"cd_identificador":6771442,"cd_identificador_original_lote":10625088,"cd_setor_fiscal":"001","cd_tipo_quadra":"F","tx_tipo_quadra":"FISCAL","cd_quadra_fiscal":"053","cd_subquadra_fiscal":null,"cd_condominio":"06","cd_tipo_lote":"F","tx_tipo_lote":"FISCAL","cd_lote":"0000","cd_situacao":1,"cd_digito_sql":null,"cd_logradouro":"016675","nm_logradouro_completo":"R ANTONIO DE GODOI","cd_numero_porta":"83","tx_complemento_endereco":null,"tx_situ_lote":null,"cd_tipo_uso_imovel":"XX","dc_tipo_uso_imovel":"Condomínio","cd_tipo_terreno_imovel":99,"qt_area_terreno":2163,"qt_area_construida":null}}},{"type":"Feature","geometry":{"type":"Polygon","coordinates":[[[-45.028419,-23.516579],[-45.028418,-23.516593],[-45.028418,-23.516568],[-45.028418,-23.516572],[-45.028417,-23.516532],[-45.028421,-23.516468],[-45.028421,-23.516526],[-45.028419,-23.516566],[-45.028419,-23.516579]]]},"properties":{"sqlu":"SP-001-957633","inscription":"SP-GEOSAMPA-1957633","inscricaoImobiliaria":"SP-IMO-1957633","setor":"001","quadra":"015","lote":"0045","sourceType":"OFFICIAL_IMPORT","mainAddress":"Setor Fiscal 001","zoneamento":"RESIDENCIAL","statusCadastral":"ATIVO","workflowStatus":"PENDENTE","isOfficial":true,"rawProperties":{"cd_identificador":1957633,"cd_identificador_original_lote":8801185,"cd_setor_fiscal":"001","cd_tipo_quadra":"F","tx_tipo_quadra":"FISCAL","cd_quadra_fiscal":"015","cd_subquadra_fiscal":null,"cd_condominio":"00","cd_tipo_lote":"F","tx_tipo_lote":"FISCAL","cd_lote":"0045","cd_situacao":1,"cd_digito_sql":"9","cd_logradouro":"116637","nm_logradouro_completo":"R S LAZARO","cd_numero_porta":"50","tx_complemento_endereco":null,"tx_situ_lote":"ATIVO","cd_tipo_uso_imovel":"40","dc_tipo_uso_imovel":"Não residencial","cd_tipo_terreno_imovel":1,"qt_area_terreno":137,"qt_area_construida":116}}},{"type":"Feature","geometry":{"type":"Polygon","coordinates":[[[-45.028419,-23.516579],[-45.028419,-23.516566],[-45.028421,-23.516526],[-45.028422,-23.51665],[-45.028419,-23.516686],[-45.028419,-23.516579]]]},"properties":{"sqlu":"SP-001-957634","inscription":"SP-GEOSAMPA-1957634","inscricaoImobiliaria":"SP-IMO-1957634","setor":"001","quadra":"015","lote":"0000","sourceType":"OFFICIAL_IMPORT","mainAddress":"Setor Fiscal 001","zoneamento":"RESIDENCIAL","statusCadastral":"ATIVO","workflowStatus":"PENDENTE","isOfficial":true,"rawProperties":{"cd_identificador":1957634,"cd_identificador_original_lote":8801194,"cd_setor_fiscal":"001","cd_tipo_quadra":"F","tx_tipo_quadra":"FISCAL","cd_quadra_fiscal":"015","cd_subquadra_fiscal":null,"cd_condominio":"01","cd_tipo_lote":"F","tx_tipo_lote":"FISCAL","cd_lote":"0000","cd_situacao":1,"cd_digito_sql":null,"cd_logradouro":"116637","nm_logradouro_completo":"R S LAZARO","cd_numero_porta":"34 44","tx_complemento_endereco":null,"tx_situ_lote":null,"cd_tipo_uso_imovel":"XX","dc_tipo_uso_imovel":"Condomínio","cd_tipo_terreno_imovel":99,"qt_area_terreno":223,"qt_area_construida":null}}},{"type":"Feature","geometry":{"type":"Polygon","coordinates":[[[-45.028411,-23.514676],[-45.028412,-23.514662],[-45.028415,-23.514634],[-45.028415,-23.51463],[-45.028415,-23.514624],[-45.028416,-23.514631],[-45.028416,-23.514667],[-45.028416,-23.514674],[-45.028417,-23.514666],[-45.028419,-23.514643],[-45.02842,-23.514625],[-45.028424,-23.514586],[-45.028424,-23.514717],[-45.028421,-23.514755],[-45.02842,-23.514762],[-45.028417,-23.514799],[-45.028417,-23.514761],[-45.028412,-23.514805],[-45.028411,-23.514763],[-45.028411,-23.514676]]]},"properties":{"sqlu":"SP-001-957553","inscription":"SP-GEOSAMPA-1957553","inscricaoImobiliaria":"SP-IMO-1957553","setor":"001","quadra":"008","lote":"0089","sourceType":"OFFICIAL_IMPORT","mainAddress":"Setor Fiscal 001","zoneamento":"RESIDENCIAL","statusCadastral":"ATIVO","workflowStatus":"PENDENTE","isOfficial":true,"rawProperties":{"cd_identificador":1957553,"cd_identificador_original_lote":8800643,"cd_setor_fiscal":"001","cd_tipo_quadra":"F","tx_tipo_quadra":"FISCAL","cd_quadra_fiscal":"008","cd_subquadra_fiscal":null,"cd_condominio":"00","cd_tipo_lote":"F","tx_tipo_lote":"FISCAL","cd_lote":"0089","cd_situacao":1,"cd_digito_sql":"0","cd_logradouro":"059633","nm_logradouro_completo":"R DJALMA DUTRA","cd_numero_porta":"192","tx_complemento_endereco":null,"tx_situ_lote":"ATIVO","cd_tipo_uso_imovel":"50","dc_tipo_uso_imovel":"Não residencial","cd_tipo_terreno_imovel":3,"qt_area_terreno":1147,"qt_area_construida":2134}}},{"type":"Feature","geometry":{"type":"Polygon","coordinates":[[[-45.02841,-23.514507],[-45.028409,-23.514466],[-45.028411,-23.51445],[-45.028411,-23.514446],[-45.028413,-23.514424],[-45.028413,-23.514455],[-45.028413,-23.514466],[-45.028413,-23.514471],[-45.02841,-23.514507]]]},"properties":{"sqlu":"SP-001-957763","inscription":"SP-GEOSAMPA-1957763","inscricaoImobiliaria":"SP-IMO-1957763","setor":"001","quadra":"008","lote":"0026","sourceType":"OFFICIAL_IMPORT","mainAddress":"Setor Fiscal 001","zoneamento":"RESIDENCIAL","statusCadastral":"ATIVO","workflowStatus":"PENDENTE","isOfficial":true,"rawProperties":{"cd_identificador":1957763,"cd_identificador_original_lote":8800629,"cd_setor_fiscal":"001","cd_tipo_quadra":"F","tx_tipo_quadra":"FISCAL","cd_quadra_fiscal":"008","cd_subquadra_fiscal":null,"cd_condominio":"00","cd_tipo_lote":"F","tx_tipo_lote":"FISCAL","cd_lote":"0026","cd_situacao":1,"cd_digito_sql":"2","cd_logradouro":"116637","nm_logradouro_completo":"R S LAZARO","cd_numero_porta":"279","tx_complemento_endereco":"E 281","tx_situ_lote":"ATIVO","cd_tipo_uso_imovel":"40","dc_tipo_uso_imovel":"Não residencial","cd_tipo_terreno_imovel":1,"qt_area_terreno":112,"qt_area_construida":160}}},{"type":"Feature","geometry":{"type":"Polygon","coordinates":[[[-45.028435,-23.515636],[-45.028435,-23.515638],[-45.028434,-23.515648],[-45.028433,-23.515459],[-45.028435,-23.515449],[-45.028435,-23.515588],[-45.028435,-23.515636]]]},"properties":{"sqlu":"SP-001-957786","inscription":"SP-GEOSAMPA-1957786","inscricaoImobiliaria":"SP-IMO-1957786","setor":"001","quadra":"011","lote":"0046","sourceType":"OFFICIAL_IMPORT","mainAddress":"Setor Fiscal 001","zoneamento":"RESIDENCIAL","statusCadastral":"ATIVO","workflowStatus":"PENDENTE","isOfficial":true,"rawProperties":{"cd_identificador":1957786,"cd_identificador_original_lote":8800665,"cd_setor_fiscal":"001","cd_tipo_quadra":"F","tx_tipo_quadra":"FISCAL","cd_quadra_fiscal":"011","cd_subquadra_fiscal":null,"cd_condominio":"00","cd_tipo_lote":"F","tx_tipo_lote":"FISCAL","cd_lote":"0046","cd_situacao":1,"cd_digito_sql":"9","cd_logradouro":"038121","nm_logradouro_completo":"R S CAETANO","cd_numero_porta":"374","tx_complemento_endereco":null,"tx_situ_lote":"ATIVO","cd_tipo_uso_imovel":"40","dc_tipo_uso_imovel":"Não residencial","cd_tipo_terreno_imovel":1,"qt_area_terreno":140,"qt_area_construida":110}}},{"type":"Feature","geometry":{"type":"Polygon","coordinates":[[[-45.028436,-23.519797],[-45.028436,-23.519846],[-45.028431,-23.519909],[-45.028431,-23.519882],[-45.028431,-23.519856],[-45.028433,-23.519831],[-45.028436,-23.519797]]]},"properties":{"sqlu":"SP-001-957927","inscription":"SP-GEOSAMPA-1957927","inscricaoImobiliaria":"SP-IMO-1957927","setor":"001","quadra":"035","lote":"0005","sourceType":"OFFICIAL_IMPORT","mainAddress":"Setor Fiscal 001","zoneamento":"RESIDENCIAL","statusCadastral":"ATIVO","workflowStatus":"PENDENTE","isOfficial":true,"rawProperties":{"cd_identificador":1957927,"cd_identificador_original_lote":8800894,"cd_setor_fiscal":"001","cd_tipo_quadra":"F","tx_tipo_quadra":"FISCAL","cd_quadra_fiscal":"035","cd_subquadra_fiscal":null,"cd_condominio":"00","cd_tipo_lote":"F","tx_tipo_lote":"FISCAL","cd_lote":"0005","cd_situacao":1,"cd_digito_sql":"7","cd_logradouro":"041467","nm_logradouro_completo":"R DA CANTAREIRA","cd_numero_porta":"531","tx_complemento_endereco":null,"tx_situ_lote":"ATIVO","cd_tipo_uso_imovel":"40","dc_tipo_uso_imovel":"Não residencial","cd_tipo_terreno_imovel":2,"qt_area_terreno":162,"qt_area_construida":256}}},{"type":"Feature","geometry":{"type":"Polygon","coordinates":[[[-45.028457,-23.523374],[-45.02846,-23.523342],[-45.02846,-23.523508],[-45.02846,-23.523515],[-45.02846,-23.523522],[-45.02846,-23.523528],[-45.02846,-23.523534],[-45.02846,-23.523539],[-45.02846,-23.523543],[-45.02846,-23.523547],[-45.02846,-23.52355],[-45.028459,-23.523553],[-45.028459,-23.523554],[-45.028459,-23.523555],[-45.028459,-23.523555],[-45.028459,-23.523554],[-45.028459,-23.523552],[-45.028459,-23.523549],[-45.028459,-23.523546],[-45.028459,-23.523542],[-45.028458,-23.523537],[-45.028458,-23.523532],[-45.028458,-23.523526],[-45.028457,-23.523374]]]},"properties":{"sqlu":"SP-001-957945","inscription":"SP-GEOSAMPA-1957945","inscricaoImobiliaria":"SP-IMO-1957945","setor":"001","quadra":"069","lote":"0007","sourceType":"OFFICIAL_IMPORT","mainAddress":"Setor Fiscal 001","zoneamento":"RESIDENCIAL","statusCadastral":"ATIVO","workflowStatus":"PENDENTE","isOfficial":true,"rawProperties":{"cd_identificador":1957945,"cd_identificador_original_lote":8800467,"cd_setor_fiscal":"001","cd_tipo_quadra":"F","tx_tipo_quadra":"FISCAL","cd_quadra_fiscal":"069","cd_subquadra_fiscal":null,"cd_condominio":"00","cd_tipo_lote":"F","tx_tipo_lote":"FISCAL","cd_lote":"0007","cd_situacao":1,"cd_digito_sql":"2","cd_logradouro":"061360","nm_logradouro_completo":"R BR DE DUPRAT","cd_numero_porta":"112","tx_complemento_endereco":"116 126 ANTIGOS","tx_situ_lote":"ATIVO","cd_tipo_uso_imovel":"31","dc_tipo_uso_imovel":"Não residencial","cd_tipo_terreno_imovel":2,"qt_area_terreno":294,"qt_area_construida":3801}}},{"type":"Feature","geometry":{"type":"Polygon","coordinates":[[[-45.028466,-23.514023],[-45.028463,-23.514052],[-45.028463,-23.514008],[-45.028465,-23.51399],[-45.028465,-23.513986],[-45.028466,-23.513979],[-45.028466,-23.513993],[-45.028466,-23.514023]]]},"properties":{"sqlu":"SP-001-958108","inscription":"SP-GEOSAMPA-1958108","inscricaoImobiliaria":"SP-IMO-1958108","setor":"001","quadra":"004","lote":"0035","sourceType":"OFFICIAL_IMPORT","mainAddress":"Setor Fiscal 001","zoneamento":"RESIDENCIAL","statusCadastral":"ATIVO","workflowStatus":"PENDENTE","isOfficial":true,"rawProperties":{"cd_identificador":1958108,"cd_identificador_original_lote":8799583,"cd_setor_fiscal":"001","cd_tipo_quadra":"F","tx_tipo_quadra":"FISCAL","cd_quadra_fiscal":"004","cd_subquadra_fiscal":null,"cd_condominio":"00","cd_tipo_lote":"F","tx_tipo_lote":"FISCAL","cd_lote":"0035","cd_situacao":1,"cd_digito_sql":"3","cd_logradouro":"016730","nm_logradouro_completo":"R DOM ANTONIO DE MELO","cd_numero_porta":"155","tx_complemento_endereco":"CS 2","tx_situ_lote":"ATIVO","cd_tipo_uso_imovel":"10","dc_tipo_uso_imovel":"Residencial","cd_tipo_terreno_imovel":4,"qt_area_terreno":60,"qt_area_construida":30}}},{"type":"Feature","geometry":{"type":"Polygon","coordinates":[[[-45.028474,-23.517993],[-45.028475,-23.517984],[-45.028476,-23.518179],[-45.028476,-23.518223],[-45.028476,-23.518244],[-45.028476,-23.518287],[-45.028475,-23.518305],[-45.028474,-23.518002],[-45.028474,-23.517993]]]},"properties":{"sqlu":"SP-001-958262","inscription":"SP-GEOSAMPA-1958262","inscricaoImobiliaria":"SP-IMO-1958262","setor":"001","quadra":"023","lote":"0014","sourceType":"OFFICIAL_IMPORT","mainAddress":"Setor Fiscal 001","zoneamento":"RESIDENCIAL","statusCadastral":"ATIVO","workflowStatus":"PENDENTE","isOfficial":true,"rawProperties":{"cd_identificador":1958262,"cd_identificador_original_lote":8801275,"cd_setor_fiscal":"001","cd_tipo_quadra":"F","tx_tipo_quadra":"FISCAL","cd_quadra_fiscal":"023","cd_subquadra_fiscal":null,"cd_condominio":"00","cd_tipo_lote":"F","tx_tipo_lote":"FISCAL","cd_lote":"0014","cd_situacao":1,"cd_digito_sql":"3","cd_logradouro":"156299","nm_logradouro_completo":"R PAULA SOUSA","cd_numero_porta":"121","tx_complemento_endereco":"E 123","tx_situ_lote":"ATIVO","cd_tipo_uso_imovel":"42","dc_tipo_uso_imovel":"Não residencial","cd_tipo_terreno_imovel":1,"qt_area_terreno":262,"qt_area_construida":350}}},{"type":"Feature","geometry":{"type":"Polygon","coordinates":[[[-45.028428,-23.519475],[-45.028433,-23.519414],[-45.028433,-23.519403],[-45.028434,-23.519398],[-45.028434,-23.519393],[-45.028435,-23.519386],[-45.028435,-23.519377],[-45.028437,-23.519634],[-45.028435,-23.519656],[-45.028434,-23.519672],[-45.02843,-23.51972],[-45.02843,-23.519707],[-45.028428,-23.519475]]]},"properties":{"sqlu":"SP-001-958391","inscription":"SP-GEOSAMPA-1958391","inscricaoImobiliaria":"SP-IMO-1958391","setor":"001","quadra":"034","lote":"0043","sourceType":"OFFICIAL_IMPORT","mainAddress":"Setor Fiscal 001","zoneamento":"RESIDENCIAL","statusCadastral":"ATIVO","workflowStatus":"PENDENTE","isOfficial":true,"rawProperties":{"cd_identificador":1958391,"cd_identificador_original_lote":8800852,"cd_setor_fiscal":"001","cd_tipo_quadra":"F","tx_tipo_quadra":"FISCAL","cd_quadra_fiscal":"034","cd_subquadra_fiscal":null,"cd_condominio":"00","cd_tipo_lote":"F","tx_tipo_lote":"FISCAL","cd_lote":"0043","cd_situacao":1,"cd_digito_sql":"5","cd_logradouro":"041467","nm_logradouro_completo":"R DA CANTAREIRA","cd_numero_porta":"557","tx_complemento_endereco":"561 E 575","tx_situ_lote":"ATIVO","cd_tipo_uso_imovel":"40","dc_tipo_uso_imovel":"Não residencial","cd_tipo_terreno_imovel":2,"qt_area_terreno":1218,"qt_area_construida":1420}}},{"type":"Feature","geometry":{"type":"Polygon","coordinates":[[[-45.028465,-23.513852],[-45.028466,-23.513844],[-45.02847,-23.513793],[-45.02847,-23.51389],[-45.028466,-23.513942],[-45.028465,-23.513949],[-45.028465,-23.513935],[-45.028465,-23.513898],[-45.028465,-23.513891],[-45.028465,-23.513852]]]},"properties":{"sqlu":"SP-001-958392","inscription":"SP-GEOSAMPA-1958392","inscricaoImobiliaria":"SP-IMO-1958392","setor":"001","quadra":"004","lote":"0000","sourceType":"OFFICIAL_IMPORT","mainAddress":"Setor Fiscal 001","zoneamento":"RESIDENCIAL","statusCadastral":"ATIVO","workflowStatus":"PENDENTE","isOfficial":true,"rawProperties":{"cd_identificador":1958392,"cd_identificador_original_lote":8799528,"cd_setor_fiscal":"001","cd_tipo_quadra":"F","tx_tipo_quadra":"FISCAL","cd_quadra_fiscal":"004","cd_subquadra_fiscal":null,"cd_condominio":"01","cd_tipo_lote":"F","tx_tipo_lote":"FISCAL","cd_lote":"0000","cd_situacao":1,"cd_digito_sql":null,"cd_logradouro":"061565","nm_logradouro_completo":"R DUTRA RODRIGUES","cd_numero_porta":"130","tx_complemento_endereco":null,"tx_situ_lote":null,"cd_tipo_uso_imovel":"XX","dc_tipo_uso_imovel":"Condomínio","cd_tipo_terreno_imovel":99,"qt_area_terreno":300,"qt_area_construida":null}}},{"type":"Feature","geometry":{"type":"Polygon","coordinates":[[[-45.028458,-23.51823],[-45.028455,-23.518278],[-45.028454,-23.518184],[-45.028457,-23.518134],[-45.028457,-23.518147],[-45.028458,-23.51823]]]},"properties":{"sqlu":"SP-001-958394","inscription":"SP-GEOSAMPA-1958394","inscricaoImobiliaria":"SP-IMO-1958394","setor":"001","quadra":"023","lote":"0216","sourceType":"OFFICIAL_IMPORT","mainAddress":"Setor Fiscal 001","zoneamento":"RESIDENCIAL","statusCadastral":"ATIVO","workflowStatus":"PENDENTE","isOfficial":true,"rawProperties":{"cd_identificador":1958394,"cd_identificador_original_lote":8801283,"cd_setor_fiscal":"001","cd_tipo_quadra":"F","tx_tipo_quadra":"FISCAL","cd_quadra_fiscal":"023","cd_subquadra_fiscal":null,"cd_condominio":"00","cd_tipo_lote":"F","tx_tipo_lote":"FISCAL","cd_lote":"0216","cd_situacao":1,"cd_digito_sql":"2","cd_logradouro":"018147","nm_logradouro_completo":"R ANTONIO PAIS","cd_numero_porta":"43","tx_complemento_endereco":"E 45","tx_situ_lote":"ATIVO","cd_tipo_uso_imovel":"42","dc_tipo_uso_imovel":"Não residencial","cd_tipo_terreno_imovel":2,"qt_area_terreno":242,"qt_area_construida":400}}},{"type":"Feature","geometry":{"type":"Polygon","coordinates":[[[-45.028458,-23.51823],[-45.028457,-23.518147],[-45.028457,-23.518134],[-45.028459,-23.518116],[-45.028459,-23.518129],[-45.028459,-23.518211],[-45.028459,-23.518212],[-45.028458,-23.51823]]]},"properties":{"sqlu":"SP-001-958395","inscription":"SP-GEOSAMPA-1958395","inscricaoImobiliaria":"SP-IMO-1958395","setor":"001","quadra":"023","lote":"0029","sourceType":"OFFICIAL_IMPORT","mainAddress":"Setor Fiscal 001","zoneamento":"RESIDENCIAL","statusCadastral":"ATIVO","workflowStatus":"PENDENTE","isOfficial":true,"rawProperties":{"cd_identificador":1958395,"cd_identificador_original_lote":8801284,"cd_setor_fiscal":"001","cd_tipo_quadra":"F","tx_tipo_quadra":"FISCAL","cd_quadra_fiscal":"023","cd_subquadra_fiscal":null,"cd_condominio":"00","cd_tipo_lote":"F","tx_tipo_lote":"FISCAL","cd_lote":"0029","cd_situacao":1,"cd_digito_sql":"1","cd_logradouro":"050083","nm_logradouro_completo":"TV ROSARIO FUSCO","cd_numero_porta":"5","tx_complemento_endereco":"CS 5","tx_situ_lote":"ATIVO","cd_tipo_uso_imovel":"10","dc_tipo_uso_imovel":"Residencial","cd_tipo_terreno_imovel":1,"qt_area_terreno":88,"qt_area_construida":80}}},{"type":"Feature","geometry":{"type":"Polygon","coordinates":[[[-45.028547,-23.526595],[-45.02855,-23.526522],[-45.028551,-23.526642],[-45.028548,-23.526712],[-45.028548,-23.526691],[-45.028548,-23.526669],[-45.028548,-23.526643],[-45.028548,-23.526639],[-45.028547,-23.526595]]]},"properties":{"sqlu":"SP-001-958432","inscription":"SP-GEOSAMPA-1958432","inscricaoImobiliaria":"SP-IMO-1958432","setor":"001","quadra":"080","lote":"0000","sourceType":"OFFICIAL_IMPORT","mainAddress":"Setor Fiscal 001","zoneamento":"RESIDENCIAL","statusCadastral":"ATIVO","workflowStatus":"PENDENTE","isOfficial":true,"rawProperties":{"cd_identificador":1958432,"cd_identificador_original_lote":8800341,"cd_setor_fiscal":"001","cd_tipo_quadra":"F","tx_tipo_quadra":"FISCAL","cd_quadra_fiscal":"080","cd_subquadra_fiscal":null,"cd_condominio":"05","cd_tipo_lote":"F","tx_tipo_lote":"FISCAL","cd_lote":"0000","cd_situacao":1,"cd_digito_sql":null,"cd_logradouro":"118249","nm_logradouro_completo":"R LIBERO BADARO","cd_numero_porta":"386 394","tx_complemento_endereco":null,"tx_situ_lote":null,"cd_tipo_uso_imovel":"XX","dc_tipo_uso_imovel":"Condomínio","cd_tipo_terreno_imovel":99,"qt_area_terreno":284,"qt_area_construida":null}}},{"type":"Feature","geometry":{"type":"Polygon","coordinates":[[[-45.028547,-23.526595],[-45.028547,-23.526606],[-45.028547,-23.526619],[-45.028546,-23.526637],[-45.028543,-23.526723],[-45.028542,-23.526771],[-45.028539,-23.526837],[-45.028538,-23.526699],[-45.028546,-23.526496],[-45.028549,-23.526415],[-45.02855,-23.526522],[-45.028547,-23.526595]]]},"properties":{"sqlu":"SP-001-958433","inscription":"SP-GEOSAMPA-1958433","inscricaoImobiliaria":"SP-IMO-1958433","setor":"001","quadra":"080","lote":"0000","sourceType":"OFFICIAL_IMPORT","mainAddress":"Setor Fiscal 001","zoneamento":"RESIDENCIAL","statusCadastral":"ATIVO","workflowStatus":"PENDENTE","isOfficial":true,"rawProperties":{"cd_identificador":1958433,"cd_identificador_original_lote":8800343,"cd_setor_fiscal":"001","cd_tipo_quadra":"F","tx_tipo_quadra":"FISCAL","cd_quadra_fiscal":"080","cd_subquadra_fiscal":null,"cd_condominio":"03","cd_tipo_lote":"F","tx_tipo_lote":"FISCAL","cd_lote":"0000","cd_situacao":1,"cd_digito_sql":null,"cd_logradouro":"118249","nm_logradouro_completo":"R LIBERO BADARO","cd_numero_porta":"400 408","tx_complemento_endereco":null,"tx_situ_lote":null,"cd_tipo_uso_imovel":"XX","dc_tipo_uso_imovel":"Condomínio","cd_tipo_terreno_imovel":99,"qt_area_terreno":1075,"qt_area_construida":null}}},{"type":"Feature","geometry":{"type":"Polygon","coordinates":[[[-45.028432,-23.51798],[-45.028432,-23.518052],[-45.028427,-23.518141],[-45.028426,-23.518152],[-45.028425,-23.518079],[-45.028428,-23.518045],[-45.028432,-23.51798]]]},"properties":{"sqlu":"SP-001-958597","inscription":"SP-GEOSAMPA-1958597","inscricaoImobiliaria":"SP-IMO-1958597","setor":"001","quadra":"025","lote":"0042","sourceType":"OFFICIAL_IMPORT","mainAddress":"Setor Fiscal 001","zoneamento":"RESIDENCIAL","statusCadastral":"ATIVO","workflowStatus":"PENDENTE","isOfficial":true,"rawProperties":{"cd_identificador":1958597,"cd_identificador_original_lote":8799700,"cd_setor_fiscal":"001","cd_tipo_quadra":"F","tx_tipo_quadra":"FISCAL","cd_quadra_fiscal":"025","cd_subquadra_fiscal":null,"cd_condominio":"00","cd_tipo_lote":"F","tx_tipo_lote":"FISCAL","cd_lote":"0042","cd_situacao":1,"cd_digito_sql":"8","cd_logradouro":"164380","nm_logradouro_completo":"R PLINIO RAMOS","cd_numero_porta":"104","tx_complemento_endereco":null,"tx_situ_lote":"ATIVO","cd_tipo_uso_imovel":"31","dc_tipo_uso_imovel":"Não residencial","cd_tipo_terreno_imovel":1,"qt_area_terreno":354,"qt_area_construida":550}}},{"type":"Feature","geometry":{"type":"Polygon","coordinates":[[[-45.028511,-23.528033],[-45.028511,-23.52806],[-45.028511,-23.528091],[-45.028512,-23.528094],[-45.028511,-23.528155],[-45.02851,-23.528142],[-45.028509,-23.528138],[-45.028508,-23.528015],[-45.028511,-23.528032],[-45.028511,-23.528033]]]},"properties":{"sqlu":"SP-001-958675","inscription":"SP-GEOSAMPA-1958675","inscricaoImobiliaria":"SP-IMO-1958675","setor":"001","quadra":"083","lote":"0008","sourceType":"OFFICIAL_IMPORT","mainAddress":"Setor Fiscal 001","zoneamento":"RESIDENCIAL","statusCadastral":"ATIVO","workflowStatus":"PENDENTE","isOfficial":true,"rawProperties":{"cd_identificador":1958675,"cd_identificador_original_lote":8800361,"cd_setor_fiscal":"001","cd_tipo_quadra":"F","tx_tipo_quadra":"FISCAL","cd_quadra_fiscal":"083","cd_subquadra_fiscal":null,"cd_condominio":"00","cd_tipo_lote":"F","tx_tipo_lote":"FISCAL","cd_lote":"0008","cd_situacao":1,"cd_digito_sql":"0","cd_logradouro":"044695","nm_logradouro_completo":"R GAL CARNEIRO","cd_numero_porta":"31","tx_complemento_endereco":"E 41","tx_situ_lote":"ATIVO","cd_tipo_uso_imovel":"31","dc_tipo_uso_imovel":"Não residencial","cd_tipo_terreno_imovel":1,"qt_area_terreno":324,"qt_area_construida":3776}}},{"type":"Feature","geometry":{"type":"Polygon","coordinates":[[[-45.02842,-23.516793],[-45.028421,-23.516782],[-45.028422,-23.516852],[-45.028422,-23.516881],[-45.028422,-23.516948],[-45.028422,-23.517012],[-45.028423,-23.517037],[-45.028423,-23.517064],[-45.028422,-23.517074],[-45.028422,-23.517058],[-45.028422,-23.517023],[-45.028421,-23.516968],[-45.028421,-23.516958],[-45.028421,-23.51694],[-45.028421,-23.516915],[-45.028421,-23.516885],[-45.02842,-23.516793]]]},"properties":{"sqlu":"SP-001-958757","inscription":"SP-GEOSAMPA-1958757","inscricaoImobiliaria":"SP-IMO-1958757","setor":"001","quadra":"016","lote":"0002","sourceType":"OFFICIAL_IMPORT","mainAddress":"Setor Fiscal 001","zoneamento":"RESIDENCIAL","statusCadastral":"ATIVO","workflowStatus":"PENDENTE","isOfficial":true,"rawProperties":{"cd_identificador":1958757,"cd_identificador_original_lote":8799509,"cd_setor_fiscal":"001","cd_tipo_quadra":"F","tx_tipo_quadra":"FISCAL","cd_quadra_fiscal":"016","cd_subquadra_fiscal":null,"cd_condominio":"00","cd_tipo_lote":"F","tx_tipo_lote":"FISCAL","cd_lote":"0002","cd_situacao":1,"cd_digito_sql":"1","cd_logradouro":"050954","nm_logradouro_completo":"R DOS CLERIGOS","cd_numero_porta":"20","tx_complemento_endereco":null,"tx_situ_lote":"ATIVO","cd_tipo_uso_imovel":"10","dc_tipo_uso_imovel":"Residencial","cd_tipo_terreno_imovel":1,"qt_area_terreno":140,"qt_area_construida":160}}},{"type":"Feature","geometry":{"type":"Polygon","coordinates":[[[-45.028455,-23.514072],[-45.028456,-23.514175],[-45.028454,-23.514189],[-45.028454,-23.514192],[-45.028453,-23.5142],[-45.028452,-23.514207],[-45.028452,-23.514212],[-45.028451,-23.514159],[-45.028451,-23.514115],[-45.028451,-23.514108],[-45.028451,-23.514107],[-45.028452,-23.514103],[-45.028455,-23.514072]]]},"properties":{"sqlu":"SP-001-958798","inscription":"SP-GEOSAMPA-1958798","inscricaoImobiliaria":"SP-IMO-1958798","setor":"001","quadra":"005","lote":"0086","sourceType":"OFFICIAL_IMPORT","mainAddress":"Setor Fiscal 001","zoneamento":"RESIDENCIAL","statusCadastral":"ATIVO","workflowStatus":"PENDENTE","isOfficial":true,"rawProperties":{"cd_identificador":1958798,"cd_identificador_original_lote":8800743,"cd_setor_fiscal":"001","cd_tipo_quadra":"F","tx_tipo_quadra":"FISCAL","cd_quadra_fiscal":"005","cd_subquadra_fiscal":null,"cd_condominio":"00","cd_tipo_lote":"F","tx_tipo_lote":"FISCAL","cd_lote":"0086","cd_situacao":1,"cd_digito_sql":"2","cd_logradouro":"016730","nm_logradouro_completo":"R DOM ANTONIO DE MELO","cd_numero_porta":"110","tx_complemento_endereco":"108 114 118","tx_situ_lote":"CANCELADO","cd_tipo_uso_imovel":"43","dc_tipo_uso_imovel":"Não residencial","cd_tipo_terreno_imovel":1,"qt_area_terreno":302,"qt_area_construida":734}}},{"type":"Feature","geometry":{"type":"Polygon","coordinates":[[[-45.028412,-23.516081],[-45.028409,-23.516136],[-45.028409,-23.5161],[-45.028411,-23.516073],[-45.028411,-23.516061],[-45.028411,-23.516057],[-45.028412,-23.516046],[-45.028412,-23.516081]]]},"properties":{"sqlu":"SP-001-958925","inscription":"SP-GEOSAMPA-1958925","inscricaoImobiliaria":"SP-IMO-1958925","setor":"001","quadra":"013","lote":"0027","sourceType":"OFFICIAL_IMPORT","mainAddress":"Setor Fiscal 001","zoneamento":"RESIDENCIAL","statusCadastral":"ATIVO","workflowStatus":"PENDENTE","isOfficial":true,"rawProperties":{"cd_identificador":1958925,"cd_identificador_original_lote":8799463,"cd_setor_fiscal":"001","cd_tipo_quadra":"F","tx_tipo_quadra":"FISCAL","cd_quadra_fiscal":"013","cd_subquadra_fiscal":null,"cd_condominio":"00","cd_tipo_lote":"F","tx_tipo_lote":"FISCAL","cd_lote":"0027","cd_situacao":1,"cd_digito_sql":"1","cd_logradouro":"165433","nm_logradouro_completo":"R POSSIDONIO INACIO","cd_numero_porta":"56","tx_complemento_endereco":null,"tx_situ_lote":"ATIVO","cd_tipo_uso_imovel":"10","dc_tipo_uso_imovel":"Residencial","cd_tipo_terreno_imovel":1,"qt_area_terreno":77,"qt_area_construida":50}}},{"type":"Feature","geometry":{"type":"Polygon","coordinates":[[[-45.028441,-23.514079],[-45.028442,-23.514066],[-45.028442,-23.514064],[-45.028443,-23.514058],[-45.028443,-23.514092],[-45.028443,-23.514122],[-45.028442,-23.514141],[-45.028441,-23.514079]]]},"properties":{"sqlu":"SP-001-958923","inscription":"SP-GEOSAMPA-1958923","inscricaoImobiliaria":"SP-IMO-1958923","setor":"001","quadra":"006","lote":"0023","sourceType":"OFFICIAL_IMPORT","mainAddress":"Setor Fiscal 001","zoneamento":"RESIDENCIAL","statusCadastral":"ATIVO","workflowStatus":"PENDENTE","isOfficial":true,"rawProperties":{"cd_identificador":1958923,"cd_identificador_original_lote":8799831,"cd_setor_fiscal":"001","cd_tipo_quadra":"F","tx_tipo_quadra":"FISCAL","cd_quadra_fiscal":"006","cd_subquadra_fiscal":null,"cd_condominio":"00","cd_tipo_lote":"F","tx_tipo_lote":"FISCAL","cd_lote":"0023","cd_situacao":1,"cd_digito_sql":"9","cd_logradouro":"084921","nm_logradouro_completo":"R GUILHERME MAW","cd_numero_porta":"127","tx_complemento_endereco":null,"tx_situ_lote":"ATIVO","cd_tipo_uso_imovel":"10","dc_tipo_uso_imovel":"Residencial","cd_tipo_terreno_imovel":1,"qt_area_terreno":70,"qt_area_construida":140}}},{"type":"Feature","geometry":{"type":"Polygon","coordinates":[[[-45.028412,-23.516081],[-45.028413,-23.516123],[-45.02841,-23.516181],[-45.028409,-23.516136],[-45.028412,-23.516081]]]},"properties":{"sqlu":"SP-001-958924","inscription":"SP-GEOSAMPA-1958924","inscricaoImobiliaria":"SP-IMO-1958924","setor":"001","quadra":"013","lote":"0028","sourceType":"OFFICIAL_IMPORT","mainAddress":"Setor Fiscal 001","zoneamento":"RESIDENCIAL","statusCadastral":"ATIVO","workflowStatus":"PENDENTE","isOfficial":true,"rawProperties":{"cd_identificador":1958924,"cd_identificador_original_lote":8799462,"cd_setor_fiscal":"001","cd_tipo_quadra":"F","tx_tipo_quadra":"FISCAL","cd_quadra_fiscal":"013","cd_subquadra_fiscal":null,"cd_condominio":"00","cd_tipo_lote":"F","tx_tipo_lote":"FISCAL","cd_lote":"0028","cd_situacao":1,"cd_digito_sql":"1","cd_logradouro":"165433","nm_logradouro_completo":"R POSSIDONIO INACIO","cd_numero_porta":"60","tx_complemento_endereco":null,"tx_situ_lote":"ATIVO","cd_tipo_uso_imovel":"22","dc_tipo_uso_imovel":"Residencial","cd_tipo_terreno_imovel":2,"qt_area_terreno":90,"qt_area_construida":400}}},{"type":"Feature","geometry":{"type":"Polygon","coordinates":[[[-45.028493,-23.525129],[-45.028494,-23.525162],[-45.028495,-23.525089],[-45.028495,-23.525098],[-45.028496,-23.525134],[-45.028496,-23.525154],[-45.028498,-23.52521],[-45.028498,-23.525239],[-45.028499,-23.525252],[-45.0285,-23.525289],[-45.0285,-23.525305],[-45.028502,-23.52537],[-45.028504,-23.525281],[-45.028507,-23.525455],[-45.028507,-23.52547],[-45.028507,-23.52555],[-45.028504,-23.525528],[-45.028503,-23.525504],[-45.028503,-23.525513],[-45.0285,-23.525485],[-45.028493,-23.525425],[-45.028492,-23.525416],[-45.028491,-23.525399],[-45.02849,-23.525387],[-45.028491,-23.52534],[-45.028491,-23.525279],[-45.028491,-23.525241],[-45.028491,-23.525209],[-45.028492,-23.525148],[-45.028492,-23.525169],[-45.028493,-23.525129]]]},"properties":{"sqlu":"SP-001-775096","inscription":"SP-GEOSAMPA-6775096","inscricaoImobiliaria":"SP-IMO-6775096","setor":"001","quadra":"075","lote":"0000","sourceType":"OFFICIAL_IMPORT","mainAddress":"Setor Fiscal 001","zoneamento":"RESIDENCIAL","statusCadastral":"ATIVO","workflowStatus":"PENDENTE","isOfficial":true,"rawProperties":{"cd_identificador":6775096,"cd_identificador_original_lote":10630400,"cd_setor_fiscal":"001","cd_tipo_quadra":"F","tx_tipo_quadra":"FISCAL","cd_quadra_fiscal":"075","cd_subquadra_fiscal":null,"cd_condominio":"12","cd_tipo_lote":"F","tx_tipo_lote":"FISCAL","cd_lote":"0000","cd_situacao":1,"cd_digito_sql":null,"cd_logradouro":"034037","nm_logradouro_completo":"R BOA VISTA","cd_numero_porta":"280","tx_complemento_endereco":null,"tx_situ_lote":null,"cd_tipo_uso_imovel":"XX","dc_tipo_uso_imovel":"Condomínio","cd_tipo_terreno_imovel":99,"qt_area_terreno":2556,"qt_area_construida":null}}},{"type":"Feature","geometry":{"type":"Polygon","coordinates":[[[-45.028451,-23.519675],[-45.028451,-23.51959],[-45.028455,-23.519529],[-45.028456,-23.519547],[-45.028456,-23.519612],[-45.028451,-23.519675]]]},"properties":{"sqlu":"SP-001-958988","inscription":"SP-GEOSAMPA-1958988","inscricaoImobiliaria":"SP-IMO-1958988","setor":"001","quadra":"035","lote":"0015","sourceType":"OFFICIAL_IMPORT","mainAddress":"Setor Fiscal 001","zoneamento":"RESIDENCIAL","statusCadastral":"ATIVO","workflowStatus":"PENDENTE","isOfficial":true,"rawProperties":{"cd_identificador":1958988,"cd_identificador_original_lote":8800880,"cd_setor_fiscal":"001","cd_tipo_quadra":"F","tx_tipo_quadra":"FISCAL","cd_quadra_fiscal":"035","cd_subquadra_fiscal":null,"cd_condominio":"00","cd_tipo_lote":"F","tx_tipo_lote":"FISCAL","cd_lote":"0015","cd_situacao":1,"cd_digito_sql":"4","cd_logradouro":"061360","nm_logradouro_completo":"R BR DE DUPRAT","cd_numero_porta":"544","tx_complemento_endereco":null,"tx_situ_lote":"ATIVO","cd_tipo_uso_imovel":"40","dc_tipo_uso_imovel":"Não residencial","cd_tipo_terreno_imovel":2,"qt_area_terreno":290,"qt_area_construida":295}}},{"type":"Feature","geometry":{"type":"Polygon","coordinates":[[[-45.02849,-23.517898],[-45.02849,-23.517822],[-45.028491,-23.517823],[-45.028496,-23.517839],[-45.028496,-23.517911],[-45.028493,-23.517904],[-45.028491,-23.517901],[-45.02849,-23.517898]]]},"properties":{"sqlu":"SP-001-959058","inscription":"SP-GEOSAMPA-1959058","inscricaoImobiliaria":"SP-IMO-1959058","setor":"001","quadra":"023","lote":"0189","sourceType":"OFFICIAL_IMPORT","mainAddress":"Setor Fiscal 001","zoneamento":"RESIDENCIAL","statusCadastral":"ATIVO","workflowStatus":"PENDENTE","isOfficial":true,"rawProperties":{"cd_identificador":1959058,"cd_identificador_original_lote":8801287,"cd_setor_fiscal":"001","cd_tipo_quadra":"F","tx_tipo_quadra":"FISCAL","cd_quadra_fiscal":"023","cd_subquadra_fiscal":null,"cd_condominio":"00","cd_tipo_lote":"F","tx_tipo_lote":"FISCAL","cd_lote":"0189","cd_situacao":1,"cd_digito_sql":"1","cd_logradouro":"072044","nm_logradouro_completo":"R FLORENCIO DE ABREU","cd_numero_porta":"730","tx_complemento_endereco":"E 732","tx_situ_lote":"ATIVO","cd_tipo_uso_imovel":"42","dc_tipo_uso_imovel":"Não residencial","cd_tipo_terreno_imovel":1,"qt_area_terreno":260,"qt_area_construida":920}}},{"type":"Feature","geometry":{"type":"Polygon","coordinates":[[[-45.02849,-23.517898],[-45.028491,-23.517901],[-45.028493,-23.517904],[-45.028492,-23.518064],[-45.028492,-23.518062],[-45.02849,-23.518085],[-45.02849,-23.517898]]]},"properties":{"sqlu":"SP-001-959059","inscription":"SP-GEOSAMPA-1959059","inscricaoImobiliaria":"SP-IMO-1959059","setor":"001","quadra":"023","lote":"0002","sourceType":"OFFICIAL_IMPORT","mainAddress":"Setor Fiscal 001","zoneamento":"RESIDENCIAL","statusCadastral":"ATIVO","workflowStatus":"PENDENTE","isOfficial":true,"rawProperties":{"cd_identificador":1959059,"cd_identificador_original_lote":8801373,"cd_setor_fiscal":"001","cd_tipo_quadra":"F","tx_tipo_quadra":"FISCAL","cd_quadra_fiscal":"023","cd_subquadra_fiscal":null,"cd_condominio":"00","cd_tipo_lote":"F","tx_tipo_lote":"FISCAL","cd_lote":"0002","cd_situacao":1,"cd_digito_sql":"1","cd_logradouro":"156299","nm_logradouro_completo":"R PAULA SOUSA","cd_numero_porta":"29","tx_complemento_endereco":"E 35","tx_situ_lote":"ATIVO","cd_tipo_uso_imovel":"42","dc_tipo_uso_imovel":"Não residencial","cd_tipo_terreno_imovel":1,"qt_area_terreno":176,"qt_area_construida":200}}},{"type":"Feature","geometry":{"type":"Polygon","coordinates":[[[-45.028434,-23.514871],[-45.028432,-23.51489],[-45.028432,-23.514868],[-45.028432,-23.514845],[-45.028434,-23.514827],[-45.028434,-23.514871]]]},"properties":{"sqlu":"SP-001-959114","inscription":"SP-GEOSAMPA-1959114","inscricaoImobiliaria":"SP-IMO-1959114","setor":"001","quadra":"007","lote":"0095","sourceType":"OFFICIAL_IMPORT","mainAddress":"Setor Fiscal 001","zoneamento":"RESIDENCIAL","statusCadastral":"ATIVO","workflowStatus":"PENDENTE","isOfficial":true,"rawProperties":{"cd_identificador":1959114,"cd_identificador_original_lote":8799882,"cd_setor_fiscal":"001","cd_tipo_quadra":"F","tx_tipo_quadra":"FISCAL","cd_quadra_fiscal":"007","cd_subquadra_fiscal":null,"cd_condominio":"00","cd_tipo_lote":"F","tx_tipo_lote":"FISCAL","cd_lote":"0095","cd_situacao":1,"cd_digito_sql":"0","cd_logradouro":"084921","nm_logradouro_completo":"R GUILHERME MAW","cd_numero_porta":"64","tx_complemento_endereco":"C 4","tx_situ_lote":"ATIVO","cd_tipo_uso_imovel":"10","dc_tipo_uso_imovel":"Residencial","cd_tipo_terreno_imovel":4,"qt_area_terreno":45,"qt_area_construida":50}}},{"type":"Feature","geometry":{"type":"Polygon","coordinates":[[[-45.02847,-23.518884],[-45.02847,-23.518891],[-45.028469,-23.518896],[-45.028468,-23.51891],[-45.028468,-23.518923],[-45.028467,-23.518841],[-45.028467,-23.518577],[-45.02847,-23.51854],[-45.02847,-23.518615],[-45.02847,-23.518838],[-45.02847,-23.51885],[-45.02847,-23.518884]]]},"properties":{"sqlu":"SP-001-959115","inscription":"SP-GEOSAMPA-1959115","inscricaoImobiliaria":"SP-IMO-1959115","setor":"001","quadra":"032","lote":"0038","sourceType":"OFFICIAL_IMPORT","mainAddress":"Setor Fiscal 001","zoneamento":"RESIDENCIAL","statusCadastral":"ATIVO","workflowStatus":"PENDENTE","isOfficial":true,"rawProperties":{"cd_identificador":1959115,"cd_identificador_original_lote":8800824,"cd_setor_fiscal":"001","cd_tipo_quadra":"F","tx_tipo_quadra":"FISCAL","cd_quadra_fiscal":"032","cd_subquadra_fiscal":null,"cd_condominio":"00","cd_tipo_lote":"F","tx_tipo_lote":"FISCAL","cd_lote":"0038","cd_situacao":1,"cd_digito_sql":"1","cd_logradouro":"156299","nm_logradouro_completo":"R PAULA SOUSA","cd_numero_porta":"166","tx_complemento_endereco":"E 172","tx_situ_lote":"ATIVO","cd_tipo_uso_imovel":"31","dc_tipo_uso_imovel":"Não residencial","cd_tipo_terreno_imovel":1,"qt_area_terreno":593,"qt_area_construida":3700}}},{"type":"Feature","geometry":{"type":"Polygon","coordinates":[[[-45.02847,-23.518884],[-45.028471,-23.518996],[-45.028471,-23.519001],[-45.028471,-23.519002],[-45.028471,-23.519005],[-45.028471,-23.51901],[-45.028471,-23.519014],[-45.028471,-23.51902],[-45.028471,-23.519026],[-45.028471,-23.519032],[-45.028471,-23.519036],[-45.02847,-23.519039],[-45.02847,-23.519043],[-45.02847,-23.51901],[-45.028469,-23.518896],[-45.02847,-23.518891],[-45.02847,-23.518884]]]},"properties":{"sqlu":"SP-001-959116","inscription":"SP-GEOSAMPA-1959116","inscricaoImobiliaria":"SP-IMO-1959116","setor":"001","quadra":"032","lote":"0020","sourceType":"OFFICIAL_IMPORT","mainAddress":"Setor Fiscal 001","zoneamento":"RESIDENCIAL","statusCadastral":"ATIVO","workflowStatus":"PENDENTE","isOfficial":true,"rawProperties":{"cd_identificador":1959116,"cd_identificador_original_lote":8800825,"cd_setor_fiscal":"001","cd_tipo_quadra":"F","tx_tipo_quadra":"FISCAL","cd_quadra_fiscal":"032","cd_subquadra_fiscal":null,"cd_condominio":"00","cd_tipo_lote":"F","tx_tipo_lote":"FISCAL","cd_lote":"0020","cd_situacao":1,"cd_digito_sql":"7","cd_logradouro":"329843","nm_logradouro_completo":"R ILHA DAS FLORES","cd_numero_porta":"153","tx_complemento_endereco":null,"tx_situ_lote":"ATIVO","cd_tipo_uso_imovel":"10","dc_tipo_uso_imovel":"Residencial","cd_tipo_terreno_imovel":1,"qt_area_terreno":136,"qt_area_construida":100}}},{"type":"Feature","geometry":{"type":"Polygon","coordinates":[[[-45.028466,-23.513349],[-45.028465,-23.513203],[-45.028467,-23.513184],[-45.028467,-23.513329],[-45.028466,-23.513349]]]},"properties":{"sqlu":"SP-001-959093","inscription":"SP-GEOSAMPA-1959093","inscricaoImobiliaria":"SP-IMO-1959093","setor":"001","quadra":"004","lote":"0054","sourceType":"OFFICIAL_IMPORT","mainAddress":"Setor Fiscal 001","zoneamento":"RESIDENCIAL","statusCadastral":"ATIVO","workflowStatus":"PENDENTE","isOfficial":true,"rawProperties":{"cd_identificador":1959093,"cd_identificador_original_lote":8799520,"cd_setor_fiscal":"001","cd_tipo_quadra":"F","tx_tipo_quadra":"FISCAL","cd_quadra_fiscal":"004","cd_subquadra_fiscal":null,"cd_condominio":"00","cd_tipo_lote":"F","tx_tipo_lote":"FISCAL","cd_lote":"0054","cd_situacao":1,"cd_digito_sql":"1","cd_logradouro":"104850","nm_logradouro_completo":"R JOAO TEODORO","cd_numero_porta":"128","tx_complemento_endereco":null,"tx_situ_lote":"ATIVO","cd_tipo_uso_imovel":"43","dc_tipo_uso_imovel":"Não residencial","cd_tipo_terreno_imovel":2,"qt_area_terreno":143,"qt_area_construida":286}}},{"type":"Feature","geometry":{"type":"Polygon","coordinates":[[[-45.028466,-23.513349],[-45.028465,-23.513365],[-45.028464,-23.513219],[-45.028465,-23.513203],[-45.028466,-23.513349]]]},"properties":{"sqlu":"SP-001-959094","inscription":"SP-GEOSAMPA-1959094","inscricaoImobiliaria":"SP-IMO-1959094","setor":"001","quadra":"004","lote":"0053","sourceType":"OFFICIAL_IMPORT","mainAddress":"Setor Fiscal 001","zoneamento":"RESIDENCIAL","statusCadastral":"ATIVO","workflowStatus":"PENDENTE","isOfficial":true,"rawProperties":{"cd_identificador":1959094,"cd_identificador_original_lote":8799574,"cd_setor_fiscal":"001","cd_tipo_quadra":"F","tx_tipo_quadra":"FISCAL","cd_quadra_fiscal":"004","cd_subquadra_fiscal":null,"cd_condominio":"00","cd_tipo_lote":"F","tx_tipo_lote":"FISCAL","cd_lote":"0053","cd_situacao":1,"cd_digito_sql":"1","cd_logradouro":"104850","nm_logradouro_completo":"R JOAO TEODORO","cd_numero_porta":"134","tx_complemento_endereco":"E 136","tx_situ_lote":"ATIVO","cd_tipo_uso_imovel":"40","dc_tipo_uso_imovel":"Não residencial","cd_tipo_terreno_imovel":1,"qt_area_terreno":96,"qt_area_construida":80}}},{"type":"Feature","geometry":{"type":"Polygon","coordinates":[[[-45.02844,-23.521022],[-45.028446,-23.520889],[-45.028448,-23.520859],[-45.028448,-23.520655],[-45.028449,-23.520663],[-45.028455,-23.520717],[-45.028456,-23.52072],[-45.028456,-23.520724],[-45.028456,-23.520729],[-45.028456,-23.520734],[-45.028456,-23.52074],[-45.028456,-23.520746],[-45.028456,-23.520753],[-45.028457,-23.521192],[-45.028457,-23.52139],[-45.02845,-23.521421],[-45.02845,-23.52142],[-45.02845,-23.521357],[-45.02845,-23.521294],[-45.028449,-23.521232],[-45.028449,-23.521168],[-45.028449,-23.521142],[-45.028449,-23.521107],[-45.028448,-23.521122],[-45.028442,-23.521255],[-45.028441,-23.521207],[-45.028441,-23.521184],[-45.02844,-23.521087],[-45.02844,-23.521066],[-45.02844,-23.521022]]]},"properties":{"sqlu":"SP-001-959206","inscription":"SP-GEOSAMPA-1959206","inscricaoImobiliaria":"SP-IMO-1959206","setor":"001","quadra":"052","lote":"0006","sourceType":"OFFICIAL_IMPORT","mainAddress":"Setor Fiscal 001","zoneamento":"RESIDENCIAL","statusCadastral":"ATIVO","workflowStatus":"PENDENTE","isOfficial":true,"rawProperties":{"cd_identificador":1959206,"cd_identificador_original_lote":8800172,"cd_setor_fiscal":"001","cd_tipo_quadra":"F","tx_tipo_quadra":"FISCAL","cd_quadra_fiscal":"052","cd_subquadra_fiscal":null,"cd_condominio":"00","cd_tipo_lote":"F","tx_tipo_lote":"FISCAL","cd_lote":"0006","cd_situacao":1,"cd_digito_sql":"9","cd_logradouro":"041467","nm_logradouro_completo":"R DA CANTAREIRA","cd_numero_porta":"377","tx_complemento_endereco":null,"tx_situ_lote":"ATIVO","cd_tipo_uso_imovel":"51","dc_tipo_uso_imovel":"Não residencial","cd_tipo_terreno_imovel":2,"qt_area_terreno":4695,"qt_area_construida":3356}}},{"type":"Feature","geometry":{"type":"Polygon","coordinates":[[[-45.028423,-23.514498],[-45.028424,-23.51454],[-45.028416,-23.514626],[-45.028416,-23.514631],[-45.028415,-23.514624],[-45.028415,-23.514585],[-45.028416,-23.514579],[-45.028419,-23.514541],[-45.028423,-23.514498]]]},"properties":{"sqlu":"SP-001-959426","inscription":"SP-GEOSAMPA-1959426","inscricaoImobiliaria":"SP-IMO-1959426","setor":"001","quadra":"008","lote":"0055","sourceType":"OFFICIAL_IMPORT","mainAddress":"Setor Fiscal 001","zoneamento":"RESIDENCIAL","statusCadastral":"ATIVO","workflowStatus":"PENDENTE","isOfficial":true,"rawProperties":{"cd_identificador":1959426,"cd_identificador_original_lote":8800636,"cd_setor_fiscal":"001","cd_tipo_quadra":"F","tx_tipo_quadra":"FISCAL","cd_quadra_fiscal":"008","cd_subquadra_fiscal":null,"cd_condominio":"00","cd_tipo_lote":"F","tx_tipo_lote":"FISCAL","cd_lote":"0055","cd_situacao":1,"cd_digito_sql":"6","cd_logradouro":"059633","nm_logradouro_completo":"R DJALMA DUTRA","cd_numero_porta":"214","tx_complemento_endereco":null,"tx_situ_lote":"ATIVO","cd_tipo_uso_imovel":"80","dc_tipo_uso_imovel":"Não residencial","cd_tipo_terreno_imovel":1,"qt_area_terreno":233,"qt_area_construida":391}}},{"type":"Feature","geometry":{"type":"Polygon","coordinates":[[[-45.028404,-23.51426],[-45.028403,-23.514275],[-45.028402,-23.514245],[-45.028401,-23.514102],[-45.028401,-23.514095],[-45.028402,-23.514082],[-45.028403,-23.514145],[-45.028403,-23.514155],[-45.028403,-23.514185],[-45.028403,-23.514209],[-45.028404,-23.51426]]]},"properties":{"sqlu":"SP-001-959773","inscription":"SP-GEOSAMPA-1959773","inscricaoImobiliaria":"SP-IMO-1959773","setor":"001","quadra":"009","lote":"0016","sourceType":"OFFICIAL_IMPORT","mainAddress":"Setor Fiscal 001","zoneamento":"RESIDENCIAL","statusCadastral":"ATIVO","workflowStatus":"PENDENTE","isOfficial":true,"rawProperties":{"cd_identificador":1959773,"cd_identificador_original_lote":8799965,"cd_setor_fiscal":"001","cd_tipo_quadra":"F","tx_tipo_quadra":"FISCAL","cd_quadra_fiscal":"009","cd_subquadra_fiscal":null,"cd_condominio":"00","cd_tipo_lote":"F","tx_tipo_lote":"FISCAL","cd_lote":"0016","cd_situacao":1,"cd_digito_sql":"1","cd_logradouro":"104850","nm_logradouro_completo":"R JOAO TEODORO","cd_numero_porta":"514","tx_complemento_endereco":"E 516","tx_situ_lote":"ATIVO","cd_tipo_uso_imovel":"22","dc_tipo_uso_imovel":"Residencial","cd_tipo_terreno_imovel":1,"qt_area_terreno":88,"qt_area_construida":300}}},{"type":"Feature","geometry":{"type":"Polygon","coordinates":[[[-45.028487,-23.520476],[-45.028486,-23.520473],[-45.028486,-23.520405],[-45.028486,-23.520402],[-45.028488,-23.520406],[-45.028493,-23.520424],[-45.028493,-23.520493],[-45.028487,-23.520476]]]},"properties":{"sqlu":"SP-001-959757","inscription":"SP-GEOSAMPA-1959757","inscricaoImobiliaria":"SP-IMO-1959757","setor":"001","quadra":"041","lote":"0017","sourceType":"OFFICIAL_IMPORT","mainAddress":"Setor Fiscal 001","zoneamento":"RESIDENCIAL","statusCadastral":"ATIVO","workflowStatus":"PENDENTE","isOfficial":true,"rawProperties":{"cd_identificador":1959757,"cd_identificador_original_lote":8801040,"cd_setor_fiscal":"001","cd_tipo_quadra":"F","tx_tipo_quadra":"FISCAL","cd_quadra_fiscal":"041","cd_subquadra_fiscal":null,"cd_condominio":"00","cd_tipo_lote":"F","tx_tipo_lote":"FISCAL","cd_lote":"0017","cd_situacao":1,"cd_digito_sql":"6","cd_logradouro":"072044","nm_logradouro_completo":"R FLORENCIO DE ABREU","cd_numero_porta":"444","tx_complemento_endereco":"E 446","tx_situ_lote":"ATIVO","cd_tipo_uso_imovel":"43","dc_tipo_uso_imovel":"Não residencial","cd_tipo_terreno_imovel":1,"qt_area_terreno":239,"qt_area_construida":1229}}},{"type":"Feature","geometry":{"type":"Polygon","coordinates":[[[-45.02845,-23.521484],[-45.02845,-23.521421],[-45.028457,-23.52139],[-45.028457,-23.521457],[-45.028455,-23.521464],[-45.028454,-23.52147],[-45.028452,-23.521477],[-45.02845,-23.521484]]]},"properties":{"sqlu":"SP-001-959870","inscription":"SP-GEOSAMPA-1959870","inscricaoImobiliaria":"SP-IMO-1959870","setor":"001","quadra":"052","lote":"0005","sourceType":"OFFICIAL_IMPORT","mainAddress":"Setor Fiscal 001","zoneamento":"RESIDENCIAL","statusCadastral":"ATIVO","workflowStatus":"PENDENTE","isOfficial":true,"rawProperties":{"cd_identificador":1959870,"cd_identificador_original_lote":8800153,"cd_setor_fiscal":"001","cd_tipo_quadra":"F","tx_tipo_quadra":"FISCAL","cd_quadra_fiscal":"052","cd_subquadra_fiscal":null,"cd_condominio":"00","cd_tipo_lote":"F","tx_tipo_lote":"FISCAL","cd_lote":"0005","cd_situacao":1,"cd_digito_sql":"0","cd_logradouro":"061360","nm_logradouro_completo":"R BR DE DUPRAT","cd_numero_porta":"338","tx_complemento_endereco":"342","tx_situ_lote":"ATIVO","cd_tipo_uso_imovel":"43","dc_tipo_uso_imovel":"Não residencial","cd_tipo_terreno_imovel":1,"qt_area_terreno":276,"qt_area_construida":577}}},{"type":"Feature","geometry":{"type":"Polygon","coordinates":[[[-45.02845,-23.521484],[-45.028452,-23.521477],[-45.028454,-23.52147],[-45.028455,-23.521464],[-45.028457,-23.521457],[-45.028457,-23.52158],[-45.028456,-23.521587],[-45.028454,-23.521593],[-45.028452,-23.5216],[-45.028452,-23.521602],[-45.028451,-23.521606],[-45.028451,-23.521544],[-45.02845,-23.521514],[-45.02845,-23.521484]]]},"properties":{"sqlu":"SP-001-959871","inscription":"SP-GEOSAMPA-1959871","inscricaoImobiliaria":"SP-IMO-1959871","setor":"001","quadra":"052","lote":"0000","sourceType":"OFFICIAL_IMPORT","mainAddress":"Setor Fiscal 001","zoneamento":"RESIDENCIAL","statusCadastral":"ATIVO","workflowStatus":"PENDENTE","isOfficial":true,"rawProperties":{"cd_identificador":1959871,"cd_identificador_original_lote":8800159,"cd_setor_fiscal":"001","cd_tipo_quadra":"F","tx_tipo_quadra":"FISCAL","cd_quadra_fiscal":"052","cd_subquadra_fiscal":null,"cd_condominio":"01","cd_tipo_lote":"F","tx_tipo_lote":"FISCAL","cd_lote":"0000","cd_situacao":1,"cd_digito_sql":null,"cd_logradouro":"061360","nm_logradouro_completo":"R BR DE DUPRAT","cd_numero_porta":"326 330 334","tx_complemento_endereco":null,"tx_situ_lote":null,"cd_tipo_uso_imovel":"XX","dc_tipo_uso_imovel":"Condomínio","cd_tipo_terreno_imovel":99,"qt_area_terreno":530,"qt_area_construida":null}}},{"type":"Feature","geometry":{"type":"Polygon","coordinates":[[[-45.028421,-23.514094],[-45.028422,-23.514142],[-45.02842,-23.514159],[-45.028418,-23.514182],[-45.028417,-23.514195],[-45.028416,-23.514156],[-45.028417,-23.514148],[-45.028421,-23.514094]]]},"properties":{"sqlu":"SP-001-959877","inscription":"SP-GEOSAMPA-1959877","inscricaoImobiliaria":"SP-IMO-1959877","setor":"001","quadra":"008","lote":"0047","sourceType":"OFFICIAL_IMPORT","mainAddress":"Setor Fiscal 001","zoneamento":"RESIDENCIAL","statusCadastral":"ATIVO","workflowStatus":"PENDENTE","isOfficial":true,"rawProperties":{"cd_identificador":1959877,"cd_identificador_original_lote":8800631,"cd_setor_fiscal":"001","cd_tipo_quadra":"F","tx_tipo_quadra":"FISCAL","cd_quadra_fiscal":"008","cd_subquadra_fiscal":null,"cd_condominio":"00","cd_tipo_lote":"F","tx_tipo_lote":"FISCAL","cd_lote":"0047","cd_situacao":1,"cd_digito_sql":"5","cd_logradouro":"059633","nm_logradouro_completo":"R DJALMA DUTRA","cd_numero_porta":"258","tx_complemento_endereco":null,"tx_situ_lote":"ATIVO","cd_tipo_uso_imovel":"13","dc_tipo_uso_imovel":"Residencial","cd_tipo_terreno_imovel":1,"qt_area_terreno":125,"qt_area_construida":110}}},{"type":"Feature","geometry":{"type":"Polygon","coordinates":[[[-45.028421,-23.514094],[-45.028417,-23.514148],[-45.028416,-23.514156],[-45.028416,-23.514118],[-45.028417,-23.514111],[-45.028417,-23.514106],[-45.028418,-23.514093],[-45.028418,-23.514089],[-45.02842,-23.514071],[-45.02842,-23.514068],[-45.028421,-23.514052],[-45.028421,-23.514094]]]},"properties":{"sqlu":"SP-001-959878","inscription":"SP-GEOSAMPA-1959878","inscricaoImobiliaria":"SP-IMO-1959878","setor":"001","quadra":"008","lote":"0046","sourceType":"OFFICIAL_IMPORT","mainAddress":"Setor Fiscal 001","zoneamento":"RESIDENCIAL","statusCadastral":"ATIVO","workflowStatus":"PENDENTE","isOfficial":true,"rawProperties":{"cd_identificador":1959878,"cd_identificador_original_lote":8800649,"cd_setor_fiscal":"001","cd_tipo_quadra":"F","tx_tipo_quadra":"FISCAL","cd_quadra_fiscal":"008","cd_subquadra_fiscal":null,"cd_condominio":"00","cd_tipo_lote":"F","tx_tipo_lote":"FISCAL","cd_lote":"0046","cd_situacao":1,"cd_digito_sql":"7","cd_logradouro":"059633","nm_logradouro_completo":"R DJALMA DUTRA","cd_numero_porta":"266","tx_complemento_endereco":"E 268","tx_situ_lote":"ATIVO","cd_tipo_uso_imovel":"22","dc_tipo_uso_imovel":"Residencial","cd_tipo_terreno_imovel":1,"qt_area_terreno":154,"qt_area_construida":400}}},{"type":"Feature","geometry":{"type":"Polygon","coordinates":[[[-45.028568,-23.523552],[-45.028567,-23.523535],[-45.028566,-23.523529],[-45.028566,-23.523485],[-45.028566,-23.523461],[-45.028566,-23.523367],[-45.028567,-23.523369],[-45.028567,-23.52337],[-45.028568,-23.523373],[-45.028568,-23.523376],[-45.028568,-23.523377],[-45.028568,-23.523469],[-45.028568,-23.523495],[-45.028568,-23.523515],[-45.028568,-23.523552]]]},"properties":{"sqlu":"SP-001-959801","inscription":"SP-GEOSAMPA-1959801","inscricaoImobiliaria":"SP-IMO-1959801","setor":"001","quadra":"058","lote":"0000","sourceType":"OFFICIAL_IMPORT","mainAddress":"Setor Fiscal 001","zoneamento":"RESIDENCIAL","statusCadastral":"ATIVO","workflowStatus":"PENDENTE","isOfficial":true,"rawProperties":{"cd_identificador":1959801,"cd_identificador_original_lote":8800205,"cd_setor_fiscal":"001","cd_tipo_quadra":"F","tx_tipo_quadra":"FISCAL","cd_quadra_fiscal":"058","cd_subquadra_fiscal":null,"cd_condominio":"02","cd_tipo_lote":"F","tx_tipo_lote":"FISCAL","cd_lote":"0000","cd_situacao":1,"cd_digito_sql":null,"cd_logradouro":"176338","nm_logradouro_completo":"R CAP SALOMAO","cd_numero_porta":"63 65 69","tx_complemento_endereco":null,"tx_situ_lote":null,"cd_tipo_uso_imovel":"XX","dc_tipo_uso_imovel":"Condomínio","cd_tipo_terreno_imovel":99,"qt_area_terreno":198,"qt_area_construida":null}}},{"type":"Feature","geometry":{"type":"Polygon","coordinates":[[[-45.028507,-23.51887],[-45.028503,-23.518853],[-45.028503,-23.518852],[-45.028503,-23.518792],[-45.028504,-23.518796],[-45.028505,-23.518798],[-45.028505,-23.518798],[-45.028505,-23.518798],[-45.028507,-23.518802],[-45.028507,-23.51887]]]},"properties":{"sqlu":"SP-001-960123","inscription":"SP-GEOSAMPA-1960123","inscricaoImobiliaria":"SP-IMO-1960123","setor":"001","quadra":"030","lote":"0023","sourceType":"OFFICIAL_IMPORT","mainAddress":"Setor Fiscal 001","zoneamento":"RESIDENCIAL","statusCadastral":"ATIVO","workflowStatus":"PENDENTE","isOfficial":true,"rawProperties":{"cd_identificador":1960123,"cd_identificador_original_lote":8799435,"cd_setor_fiscal":"001","cd_tipo_quadra":"F","tx_tipo_quadra":"FISCAL","cd_quadra_fiscal":"030","cd_subquadra_fiscal":null,"cd_condominio":"00","cd_tipo_lote":"F","tx_tipo_lote":"FISCAL","cd_lote":"0023","cd_situacao":1,"cd_digito_sql":"2","cd_logradouro":"165930","nm_logradouro_completo":"AV PRESTES MAIA","cd_numero_porta":"702","tx_complemento_endereco":"E 706","tx_situ_lote":"ATIVO","cd_tipo_uso_imovel":"31","dc_tipo_uso_imovel":"Não residencial","cd_tipo_terreno_imovel":1,"qt_area_terreno":117,"qt_area_construida":1835}}},{"type":"Feature","geometry":{"type":"Polygon","coordinates":[[[-45.028464,-23.524772],[-45.028463,-23.524811],[-45.028461,-23.524661],[-45.028461,-23.524618],[-45.028464,-23.524772]]]},"properties":{"sqlu":"SP-001-960097","inscription":"SP-GEOSAMPA-1960097","inscricaoImobiliaria":"SP-IMO-1960097","setor":"001","quadra":"077","lote":"0010","sourceType":"OFFICIAL_IMPORT","mainAddress":"Setor Fiscal 001","zoneamento":"RESIDENCIAL","statusCadastral":"ATIVO","workflowStatus":"PENDENTE","isOfficial":true,"rawProperties":{"cd_identificador":1960097,"cd_identificador_original_lote":8800265,"cd_setor_fiscal":"001","cd_tipo_quadra":"F","tx_tipo_quadra":"FISCAL","cd_quadra_fiscal":"077","cd_subquadra_fiscal":null,"cd_condominio":"00","cd_tipo_lote":"F","tx_tipo_lote":"FISCAL","cd_lote":"0010","cd_situacao":1,"cd_digito_sql":"7","cd_logradouro":"029505","nm_logradouro_completo":"R CAVLH BASILIO JAFET","cd_numero_porta":"180","tx_complemento_endereco":null,"tx_situ_lote":"ATIVO","cd_tipo_uso_imovel":"40","dc_tipo_uso_imovel":"Não residencial","cd_tipo_terreno_imovel":1,"qt_area_terreno":158,"qt_area_construida":316}}},{"type":"Feature","geometry":{"type":"Polygon","coordinates":[[[-45.028467,-23.524939],[-45.028468,-23.524932],[-45.02847,-23.52492],[-45.02847,-23.525042],[-45.02847,-23.525044],[-45.02847,-23.525051],[-45.02847,-23.525057],[-45.02847,-23.525063],[-45.02847,-23.525069],[-45.02847,-23.525074],[-45.02847,-23.525079],[-45.02847,-23.525084],[-45.02847,-23.525088],[-45.02847,-23.525092],[-45.02847,-23.525095],[-45.028468,-23.525118],[-45.028467,-23.524957],[-45.028467,-23.524939]]]},"properties":{"sqlu":"SP-001-960196","inscription":"SP-GEOSAMPA-1960196","inscricaoImobiliaria":"SP-IMO-1960196","setor":"001","quadra":"077","lote":"0003","sourceType":"OFFICIAL_IMPORT","mainAddress":"Setor Fiscal 001","zoneamento":"RESIDENCIAL","statusCadastral":"ATIVO","workflowStatus":"PENDENTE","isOfficial":true,"rawProperties":{"cd_identificador":1960196,"cd_identificador_original_lote":8800267,"cd_setor_fiscal":"001","cd_tipo_quadra":"F","tx_tipo_quadra":"FISCAL","cd_quadra_fiscal":"077","cd_subquadra_fiscal":null,"cd_condominio":"00","cd_tipo_lote":"F","tx_tipo_lote":"FISCAL","cd_lote":"0003","cd_situacao":1,"cd_digito_sql":"4","cd_logradouro":"106674","nm_logradouro_completo":"R JORGE AZEM","cd_numero_porta":"18","tx_complemento_endereco":"E 24","tx_situ_lote":"ATIVO","cd_tipo_uso_imovel":"40","dc_tipo_uso_imovel":"Não residencial","cd_tipo_terreno_imovel":2,"qt_area_terreno":300,"qt_area_construida":1260}}},{"type":"Feature","geometry":{"type":"Polygon","coordinates":[[[-45.028611,-23.522648],[-45.028612,-23.522708],[-45.028613,-23.522799],[-45.028614,-23.522833],[-45.028611,-23.522908],[-45.028609,-23.522818],[-45.028608,-23.522783],[-45.028607,-23.522746],[-45.028608,-23.522712],[-45.028608,-23.52269],[-45.028609,-23.522639],[-45.02861,-23.522586],[-45.028611,-23.522614],[-45.028611,-23.522636],[-45.028611,-23.522648]]]},"properties":{"sqlu":"SP-001-960200","inscription":"SP-GEOSAMPA-1960200","inscricaoImobiliaria":"SP-IMO-1960200","setor":"001","quadra":"055","lote":"0004","sourceType":"OFFICIAL_IMPORT","mainAddress":"Setor Fiscal 001","zoneamento":"RESIDENCIAL","statusCadastral":"ATIVO","workflowStatus":"PENDENTE","isOfficial":true,"rawProperties":{"cd_identificador":1960200,"cd_identificador_original_lote":8800210,"cd_setor_fiscal":"001","cd_tipo_quadra":"F","tx_tipo_quadra":"FISCAL","cd_quadra_fiscal":"055","cd_subquadra_fiscal":null,"cd_condominio":"00","cd_tipo_lote":"F","tx_tipo_lote":"FISCAL","cd_lote":"0004","cd_situacao":1,"cd_digito_sql":"6","cd_logradouro":"101010","nm_logradouro_completo":"AV S JOAO","cd_numero_porta":"578","tx_complemento_endereco":"582 588","tx_situ_lote":"ATIVO","cd_tipo_uso_imovel":"84","dc_tipo_uso_imovel":"Não residencial","cd_tipo_terreno_imovel":1,"qt_area_terreno":666,"qt_area_construida":3690}}},{"type":"Feature","geometry":{"type":"Polygon","coordinates":[[[-45.028469,-23.522911],[-45.028462,-23.522974],[-45.028462,-23.522852],[-45.028466,-23.522825],[-45.028469,-23.522801],[-45.028469,-23.522836],[-45.028469,-23.522911]]]},"properties":{"sqlu":"SP-001-960184","inscription":"SP-GEOSAMPA-1960184","inscricaoImobiliaria":"SP-IMO-1960184","setor":"001","quadra":"067","lote":"0249","sourceType":"OFFICIAL_IMPORT","mainAddress":"Setor Fiscal 001","zoneamento":"RESIDENCIAL","statusCadastral":"ATIVO","workflowStatus":"PENDENTE","isOfficial":true,"rawProperties":{"cd_identificador":1960184,"cd_identificador_original_lote":8800387,"cd_setor_fiscal":"001","cd_tipo_quadra":"F","tx_tipo_quadra":"FISCAL","cd_quadra_fiscal":"067","cd_subquadra_fiscal":null,"cd_condominio":"00","cd_tipo_lote":"F","tx_tipo_lote":"FISCAL","cd_lote":"0249","cd_situacao":1,"cd_digito_sql":"1","cd_logradouro":"061360","nm_logradouro_completo":"R BR DE DUPRAT","cd_numero_porta":"171","tx_complemento_endereco":"177","tx_situ_lote":"ATIVO","cd_tipo_uso_imovel":"40","dc_tipo_uso_imovel":"Não residencial","cd_tipo_terreno_imovel":1,"qt_area_terreno":556,"qt_area_construida":2174}}},{"type":"Feature","geometry":{"type":"Polygon","coordinates":[[[-45.028469,-23.522911],[-45.028469,-23.522836],[-45.02847,-23.522829],[-45.028476,-23.522774],[-45.028476,-23.522849],[-45.02847,-23.522904],[-45.02847,-23.522907],[-45.028469,-23.522911]]]},"properties":{"sqlu":"SP-001-960185","inscription":"SP-GEOSAMPA-1960185","inscricaoImobiliaria":"SP-IMO-1960185","setor":"001","quadra":"067","lote":"0018","sourceType":"OFFICIAL_IMPORT","mainAddress":"Setor Fiscal 001","zoneamento":"RESIDENCIAL","statusCadastral":"ATIVO","workflowStatus":"PENDENTE","isOfficial":true,"rawProperties":{"cd_identificador":1960185,"cd_identificador_original_lote":8800412,"cd_setor_fiscal":"001","cd_tipo_quadra":"F","tx_tipo_quadra":"FISCAL","cd_quadra_fiscal":"067","cd_subquadra_fiscal":null,"cd_condominio":"00","cd_tipo_lote":"F","tx_tipo_lote":"FISCAL","cd_lote":"0018","cd_situacao":1,"cd_digito_sql":"9","cd_logradouro":"213705","nm_logradouro_completo":"R COMEN ABDO SCHAHIN","cd_numero_porta":"196","tx_complemento_endereco":"202","tx_situ_lote":"ATIVO","cd_tipo_uso_imovel":"31","dc_tipo_uso_imovel":"Não residencial","cd_tipo_terreno_imovel":1,"qt_area_terreno":344,"qt_area_construida":2556}}},{"type":"Feature","geometry":{"type":"Polygon","coordinates":[[[-45.028418,-23.515198],[-45.028417,-23.515206],[-45.028416,-23.515214],[-45.028415,-23.515229],[-45.028414,-23.515188],[-45.028419,-23.515145],[-45.02842,-23.515138],[-45.02842,-23.515178],[-45.02842,-23.515179],[-45.02842,-23.515182],[-45.028419,-23.515185],[-45.028419,-23.51519],[-45.028418,-23.515198]]]},"properties":{"sqlu":"SP-001-960306","inscription":"SP-GEOSAMPA-1960306","inscricaoImobiliaria":"SP-IMO-1960306","setor":"001","quadra":"008","lote":"0013","sourceType":"OFFICIAL_IMPORT","mainAddress":"Setor Fiscal 001","zoneamento":"RESIDENCIAL","statusCadastral":"ATIVO","workflowStatus":"PENDENTE","isOfficial":true,"rawProperties":{"cd_identificador":1960306,"cd_identificador_original_lote":8800610,"cd_setor_fiscal":"001","cd_tipo_quadra":"F","tx_tipo_quadra":"FISCAL","cd_quadra_fiscal":"008","cd_subquadra_fiscal":null,"cd_condominio":"00","cd_tipo_lote":"F","tx_tipo_lote":"FISCAL","cd_lote":"0013","cd_situacao":1,"cd_digito_sql":"0","cd_logradouro":"116637","nm_logradouro_completo":"R S LAZARO","cd_numero_porta":"195","tx_complemento_endereco":"E 197","tx_situ_lote":"ATIVO","cd_tipo_uso_imovel":"42","dc_tipo_uso_imovel":"Não residencial","cd_tipo_terreno_imovel":1,"qt_area_terreno":155,"qt_area_construida":226}}},{"type":"Feature","geometry":{"type":"Polygon","coordinates":[[[-45.02852,-23.527537],[-45.028521,-23.527341],[-45.028524,-23.527346],[-45.028525,-23.527358],[-45.028525,-23.527364],[-45.028525,-23.527383],[-45.028526,-23.527397],[-45.028527,-23.527419],[-45.028528,-23.527428],[-45.028529,-23.527437],[-45.028527,-23.527654],[-45.028524,-23.527604],[-45.028524,-23.527587],[-45.028524,-23.527582],[-45.02852,-23.527537]]]},"properties":{"sqlu":"SP-001-960472","inscription":"SP-GEOSAMPA-1960472","inscricaoImobiliaria":"SP-IMO-1960472","setor":"001","quadra":"082","lote":"0004","sourceType":"OFFICIAL_IMPORT","mainAddress":"Setor Fiscal 001","zoneamento":"RESIDENCIAL","statusCadastral":"ATIVO","workflowStatus":"PENDENTE","isOfficial":true,"rawProperties":{"cd_identificador":1960472,"cd_identificador_original_lote":8799504,"cd_setor_fiscal":"001","cd_tipo_quadra":"F","tx_tipo_quadra":"FISCAL","cd_quadra_fiscal":"082","cd_subquadra_fiscal":null,"cd_condominio":"00","cd_tipo_lote":"F","tx_tipo_lote":"FISCAL","cd_lote":"0004","cd_situacao":1,"cd_digito_sql":"3","cd_logradouro":"167495","nm_logradouro_completo":"R QUINZE DE NOVEMBRO","cd_numero_porta":"213","tx_complemento_endereco":null,"tx_situ_lote":"ATIVO","cd_tipo_uso_imovel":"31","dc_tipo_uso_imovel":"Não residencial","cd_tipo_terreno_imovel":3,"qt_area_terreno":1129,"qt_area_construida":5497}}},{"type":"Feature","geometry":{"type":"Polygon","coordinates":[[[-45.028417,-23.516258],[-45.028417,-23.516216],[-45.028419,-23.516182],[-45.028419,-23.516224],[-45.028417,-23.516258]]]},"properties":{"sqlu":"SP-001-960566","inscription":"SP-GEOSAMPA-1960566","inscricaoImobiliaria":"SP-IMO-1960566","setor":"001","quadra":"015","lote":"0037","sourceType":"OFFICIAL_IMPORT","mainAddress":"Setor Fiscal 001","zoneamento":"RESIDENCIAL","statusCadastral":"ATIVO","workflowStatus":"PENDENTE","isOfficial":true,"rawProperties":{"cd_identificador":1960566,"cd_identificador_original_lote":8801188,"cd_setor_fiscal":"001","cd_tipo_quadra":"F","tx_tipo_quadra":"FISCAL","cd_quadra_fiscal":"015","cd_subquadra_fiscal":null,"cd_condominio":"00","cd_tipo_lote":"F","tx_tipo_lote":"FISCAL","cd_lote":"0037","cd_situacao":1,"cd_digito_sql":"8","cd_logradouro":"116637","nm_logradouro_completo":"R S LAZARO","cd_numero_porta":"84","tx_complemento_endereco":null,"tx_situ_lote":"ATIVO","cd_tipo_uso_imovel":"10","dc_tipo_uso_imovel":"Residencial","cd_tipo_terreno_imovel":1,"qt_area_terreno":58,"qt_area_construida":150}}},{"type":"Feature","geometry":{"type":"Polygon","coordinates":[[[-45.02846,-23.517511],[-45.02846,-23.517556],[-45.02846,-23.517563],[-45.028459,-23.517576],[-45.028458,-23.517587],[-45.028457,-23.517611],[-45.028456,-23.517621],[-45.028456,-23.517575],[-45.02846,-23.517511]]]},"properties":{"sqlu":"SP-001-960597","inscription":"SP-GEOSAMPA-1960597","inscricaoImobiliaria":"SP-IMO-1960597","setor":"001","quadra":"023","lote":"0131","sourceType":"OFFICIAL_IMPORT","mainAddress":"Setor Fiscal 001","zoneamento":"RESIDENCIAL","statusCadastral":"ATIVO","workflowStatus":"PENDENTE","isOfficial":true,"rawProperties":{"cd_identificador":1960597,"cd_identificador_original_lote":8801340,"cd_setor_fiscal":"001","cd_tipo_quadra":"F","tx_tipo_quadra":"FISCAL","cd_quadra_fiscal":"023","cd_subquadra_fiscal":null,"cd_condominio":"00","cd_tipo_lote":"F","tx_tipo_lote":"FISCAL","cd_lote":"0131","cd_situacao":1,"cd_digito_sql":"1","cd_logradouro":"003760","nm_logradouro_completo":"R AGUIAR ANDRADE","cd_numero_porta":"15","tx_complemento_endereco":"CS 15","tx_situ_lote":"ATIVO","cd_tipo_uso_imovel":"10","dc_tipo_uso_imovel":"Residencial","cd_tipo_terreno_imovel":1,"qt_area_terreno":135,"qt_area_construida":152}}},{"type":"Feature","geometry":{"type":"Polygon","coordinates":[[[-45.028476,-23.517833],[-45.028476,-23.517807],[-45.028476,-23.517725],[-45.028478,-23.517696],[-45.028479,-23.517688],[-45.028478,-23.517781],[-45.028478,-23.517803],[-45.028478,-23.517813],[-45.028478,-23.517816],[-45.028477,-23.517823],[-45.028477,-23.517829],[-45.028476,-23.517833]]]},"properties":{"sqlu":"SP-001-960695","inscription":"SP-GEOSAMPA-1960695","inscricaoImobiliaria":"SP-IMO-1960695","setor":"001","quadra":"023","lote":"0043","sourceType":"OFFICIAL_IMPORT","mainAddress":"Setor Fiscal 001","zoneamento":"RESIDENCIAL","statusCadastral":"ATIVO","workflowStatus":"PENDENTE","isOfficial":true,"rawProperties":{"cd_identificador":1960695,"cd_identificador_original_lote":8801320,"cd_setor_fiscal":"001","cd_tipo_quadra":"F","tx_tipo_quadra":"FISCAL","cd_quadra_fiscal":"023","cd_subquadra_fiscal":null,"cd_condominio":"00","cd_tipo_lote":"F","tx_tipo_lote":"FISCAL","cd_lote":"0043","cd_situacao":1,"cd_digito_sql":"7","cd_logradouro":"050083","nm_logradouro_completo":"TV ROSARIO FUSCO","cd_numero_porta":"30","tx_complemento_endereco":"CS 30","tx_situ_lote":"ATIVO","cd_tipo_uso_imovel":"10","dc_tipo_uso_imovel":"Residencial","cd_tipo_terreno_imovel":3,"qt_area_terreno":169,"qt_area_construida":80}}},{"type":"Feature","geometry":{"type":"Polygon","coordinates":[[[-45.028491,-23.513778],[-45.028491,-23.513893],[-45.028486,-23.513974],[-45.028486,-23.513934],[-45.028486,-23.513924],[-45.028486,-23.5139],[-45.028485,-23.513857],[-45.028491,-23.513778]]]},"properties":{"sqlu":"SP-001-960694","inscription":"SP-GEOSAMPA-1960694","inscricaoImobiliaria":"SP-IMO-1960694","setor":"001","quadra":"003","lote":"0135","sourceType":"OFFICIAL_IMPORT","mainAddress":"Setor Fiscal 001","zoneamento":"RESIDENCIAL","statusCadastral":"ATIVO","workflowStatus":"PENDENTE","isOfficial":true,"rawProperties":{"cd_identificador":1960694,"cd_identificador_original_lote":8800543,"cd_setor_fiscal":"001","cd_tipo_quadra":"F","tx_tipo_quadra":"FISCAL","cd_quadra_fiscal":"003","cd_subquadra_fiscal":null,"cd_condominio":"00","cd_tipo_lote":"F","tx_tipo_lote":"FISCAL","cd_lote":"0135","cd_situacao":1,"cd_digito_sql":"5","cd_logradouro":"189936","nm_logradouro_completo":"AV TIRADENTES","cd_numero_porta":"238","tx_complemento_endereco":"E242","tx_situ_lote":"ATIVO","cd_tipo_uso_imovel":"40","dc_tipo_uso_imovel":"Não residencial","cd_tipo_terreno_imovel":1,"qt_area_terreno":444,"qt_area_construida":2000}}},{"type":"Feature","geometry":{"type":"Polygon","coordinates":[[[-45.028468,-23.517534],[-45.028466,-23.517554],[-45.028466,-23.517472],[-45.028467,-23.517452],[-45.028468,-23.517534]]]},"properties":{"sqlu":"SP-001-960664","inscription":"SP-GEOSAMPA-1960664","inscricaoImobiliaria":"SP-IMO-1960664","setor":"001","quadra":"023","lote":"0098","sourceType":"OFFICIAL_IMPORT","mainAddress":"Setor Fiscal 001","zoneamento":"RESIDENCIAL","statusCadastral":"ATIVO","workflowStatus":"PENDENTE","isOfficial":true,"rawProperties":{"cd_identificador":1960664,"cd_identificador_original_lote":8801230,"cd_setor_fiscal":"001","cd_tipo_quadra":"F","tx_tipo_quadra":"FISCAL","cd_quadra_fiscal":"023","cd_subquadra_fiscal":null,"cd_condominio":"00","cd_tipo_lote":"F","tx_tipo_lote":"FISCAL","cd_lote":"0098","cd_situacao":1,"cd_digito_sql":"4","cd_logradouro":"325490","nm_logradouro_completo":"TV MURILO RUBIAO","cd_numero_porta":"40","tx_complemento_endereco":"CS 40","tx_situ_lote":"ATIVO","cd_tipo_uso_imovel":"10","dc_tipo_uso_imovel":"Residencial","cd_tipo_terreno_imovel":1,"qt_area_terreno":80,"qt_area_construida":50}}},{"type":"Feature","geometry":{"type":"Polygon","coordinates":[[[-45.028468,-23.517534],[-45.028467,-23.517452],[-45.028469,-23.517431],[-45.028469,-23.517514],[-45.028468,-23.517534]]]},"properties":{"sqlu":"SP-001-960665","inscription":"SP-GEOSAMPA-1960665","inscricaoImobiliaria":"SP-IMO-1960665","setor":"001","quadra":"023","lote":"0097","sourceType":"OFFICIAL_IMPORT","mainAddress":"Setor Fiscal 001","zoneamento":"RESIDENCIAL","statusCadastral":"ATIVO","workflowStatus":"PENDENTE","isOfficial":true,"rawProperties":{"cd_identificador":1960665,"cd_identificador_original_lote":8801231,"cd_setor_fiscal":"001","cd_tipo_quadra":"F","tx_tipo_quadra":"FISCAL","cd_quadra_fiscal":"023","cd_subquadra_fiscal":null,"cd_condominio":"00","cd_tipo_lote":"F","tx_tipo_lote":"FISCAL","cd_lote":"0097","cd_situacao":1,"cd_digito_sql":"6","cd_logradouro":"325490","nm_logradouro_completo":"TV MURILO RUBIAO","cd_numero_porta":"42","tx_complemento_endereco":"CS 42","tx_situ_lote":"ATIVO","cd_tipo_uso_imovel":"10","dc_tipo_uso_imovel":"Residencial","cd_tipo_terreno_imovel":1,"qt_area_terreno":83,"qt_area_construida":180}}},{"type":"Feature","geometry":{"type":"Polygon","coordinates":[[[-45.028424,-23.515557],[-45.028425,-23.515543],[-45.028427,-23.515789],[-45.028425,-23.515813],[-45.028424,-23.515637],[-45.028424,-23.515577],[-45.028424,-23.515557]]]},"properties":{"sqlu":"SP-001-960667","inscription":"SP-GEOSAMPA-1960667","inscricaoImobiliaria":"SP-IMO-1960667","setor":"001","quadra":"012","lote":"0034","sourceType":"OFFICIAL_IMPORT","mainAddress":"Setor Fiscal 001","zoneamento":"RESIDENCIAL","statusCadastral":"ATIVO","workflowStatus":"PENDENTE","isOfficial":true,"rawProperties":{"cd_identificador":1960667,"cd_identificador_original_lote":8800734,"cd_setor_fiscal":"001","cd_tipo_quadra":"F","tx_tipo_quadra":"FISCAL","cd_quadra_fiscal":"012","cd_subquadra_fiscal":null,"cd_condominio":"00","cd_tipo_lote":"F","tx_tipo_lote":"FISCAL","cd_lote":"0034","cd_situacao":1,"cd_digito_sql":"1","cd_logradouro":"038121","nm_logradouro_completo":"R S CAETANO","cd_numero_porta":"434","tx_complemento_endereco":null,"tx_situ_lote":"ATIVO","cd_tipo_uso_imovel":"40","dc_tipo_uso_imovel":"Não residencial","cd_tipo_terreno_imovel":1,"qt_area_terreno":225,"qt_area_construida":190}}},{"type":"Feature","geometry":{"type":"Polygon","coordinates":[[[-45.028412,-23.513948],[-45.028413,-23.513937],[-45.028414,-23.514156],[-45.028414,-23.514182],[-45.028414,-23.51422],[-45.028413,-23.514229],[-45.028413,-23.514192],[-45.028413,-23.514173],[-45.028413,-23.514169],[-45.028412,-23.513948]]]},"properties":{"sqlu":"SP-001-960779","inscription":"SP-GEOSAMPA-1960779","inscricaoImobiliaria":"SP-IMO-1960779","setor":"001","quadra":"008","lote":"0038","sourceType":"OFFICIAL_IMPORT","mainAddress":"Setor Fiscal 001","zoneamento":"RESIDENCIAL","statusCadastral":"ATIVO","workflowStatus":"PENDENTE","isOfficial":true,"rawProperties":{"cd_identificador":1960779,"cd_identificador_original_lote":8800620,"cd_setor_fiscal":"001","cd_tipo_quadra":"F","tx_tipo_quadra":"FISCAL","cd_quadra_fiscal":"008","cd_subquadra_fiscal":null,"cd_condominio":"00","cd_tipo_lote":"F","tx_tipo_lote":"FISCAL","cd_lote":"0038","cd_situacao":1,"cd_digito_sql":"6","cd_logradouro":"104850","nm_logradouro_completo":"R JOAO TEODORO","cd_numero_porta":"450","tx_complemento_endereco":null,"tx_situ_lote":"ATIVO","cd_tipo_uso_imovel":"12","dc_tipo_uso_imovel":"Residencial","cd_tipo_terreno_imovel":1,"qt_area_terreno":160,"qt_area_construida":200}}},{"type":"Feature","geometry":{"type":"Polygon","coordinates":[[[-45.028461,-23.513738],[-45.028456,-23.513797],[-45.028456,-23.513745],[-45.028461,-23.513683],[-45.028461,-23.513738]]]},"properties":{"sqlu":"SP-001-960780","inscription":"SP-GEOSAMPA-1960780","inscricaoImobiliaria":"SP-IMO-1960780","setor":"001","quadra":"004","lote":"0033","sourceType":"OFFICIAL_IMPORT","mainAddress":"Setor Fiscal 001","zoneamento":"RESIDENCIAL","statusCadastral":"ATIVO","workflowStatus":"PENDENTE","isOfficial":true,"rawProperties":{"cd_identificador":1960780,"cd_identificador_original_lote":8799580,"cd_setor_fiscal":"001","cd_tipo_quadra":"F","tx_tipo_quadra":"FISCAL","cd_quadra_fiscal":"004","cd_subquadra_fiscal":null,"cd_condominio":"00","cd_tipo_lote":"F","tx_tipo_lote":"FISCAL","cd_lote":"0033","cd_situacao":1,"cd_digito_sql":"7","cd_logradouro":"016730","nm_logradouro_completo":"R DOM ANTONIO DE MELO","cd_numero_porta":"149","tx_complemento_endereco":null,"tx_situ_lote":"ATIVO","cd_tipo_uso_imovel":"40","dc_tipo_uso_imovel":"Não residencial","cd_tipo_terreno_imovel":1,"qt_area_terreno":156,"qt_area_construida":175}}},{"type":"Feature","geometry":{"type":"Polygon","coordinates":[[[-45.028497,-23.523431],[-45.0285,-23.523351],[-45.028501,-23.523411],[-45.028498,-23.523485],[-45.028497,-23.523502],[-45.028497,-23.523471],[-45.028497,-23.523431]]]},"properties":{"sqlu":"SP-001-960782","inscription":"SP-GEOSAMPA-1960782","inscricaoImobiliaria":"SP-IMO-1960782","setor":"001","quadra":"050","lote":"0003","sourceType":"OFFICIAL_IMPORT","mainAddress":"Setor Fiscal 001","zoneamento":"RESIDENCIAL","statusCadastral":"ATIVO","workflowStatus":"PENDENTE","isOfficial":true,"rawProperties":{"cd_identificador":1960782,"cd_identificador_original_lote":8801106,"cd_setor_fiscal":"001","cd_tipo_quadra":"F","tx_tipo_quadra":"FISCAL","cd_quadra_fiscal":"050","cd_subquadra_fiscal":null,"cd_condominio":"00","cd_tipo_lote":"F","tx_tipo_lote":"FISCAL","cd_lote":"0003","cd_situacao":1,"cd_digito_sql":"5","cd_logradouro":"072044","nm_logradouro_completo":"R FLORENCIO DE ABREU","cd_numero_porta":"120","tx_complemento_endereco":"124","tx_situ_lote":"ATIVO","cd_tipo_uso_imovel":"43","dc_tipo_uso_imovel":"Não residencial","cd_tipo_terreno_imovel":1,"qt_area_terreno":184,"qt_area_construida":400}}},{"type":"Feature","geometry":{"type":"Polygon","coordinates":[[[-45.028497,-23.523431],[-45.028497,-23.523471],[-45.028497,-23.523502],[-45.028497,-23.523533],[-45.028498,-23.523568],[-45.028498,-23.523632],[-45.028497,-23.523662],[-45.028496,-23.523457],[-45.028497,-23.523431]]]},"properties":{"sqlu":"SP-001-960783","inscription":"SP-GEOSAMPA-1960783","inscricaoImobiliaria":"SP-IMO-1960783","setor":"001","quadra":"050","lote":"0093","sourceType":"OFFICIAL_IMPORT","mainAddress":"Setor Fiscal 001","zoneamento":"RESIDENCIAL","statusCadastral":"ATIVO","workflowStatus":"PENDENTE","isOfficial":true,"rawProperties":{"cd_identificador":1960783,"cd_identificador_original_lote":8801153,"cd_setor_fiscal":"001","cd_tipo_quadra":"F","tx_tipo_quadra":"FISCAL","cd_quadra_fiscal":"050","cd_subquadra_fiscal":null,"cd_condominio":"00","cd_tipo_lote":"F","tx_tipo_lote":"FISCAL","cd_lote":"0093","cd_situacao":1,"cd_digito_sql":"0","cd_logradouro":"052612","nm_logradouro_completo":"LD CONSTITUICAO","cd_numero_porta":"31","tx_complemento_endereco":"E 33","tx_situ_lote":"ATIVO","cd_tipo_uso_imovel":"43","dc_tipo_uso_imovel":"Não residencial","cd_tipo_terreno_imovel":1,"qt_area_terreno":180,"qt_area_construida":630}}},{"type":"Feature","geometry":{"type":"Polygon","coordinates":[[[-45.028404,-23.516024],[-45.028404,-23.516061],[-45.028405,-23.516111],[-45.028403,-23.516135],[-45.028403,-23.516047],[-45.028404,-23.516024]]]},"properties":{"sqlu":"SP-001-960878","inscription":"SP-GEOSAMPA-1960878","inscricaoImobiliaria":"SP-IMO-1960878","setor":"001","quadra":"014","lote":"0032","sourceType":"OFFICIAL_IMPORT","mainAddress":"Setor Fiscal 001","zoneamento":"RESIDENCIAL","statusCadastral":"ATIVO","workflowStatus":"PENDENTE","isOfficial":true,"rawProperties":{"cd_identificador":1960878,"cd_identificador_original_lote":8801167,"cd_setor_fiscal":"001","cd_tipo_quadra":"F","tx_tipo_quadra":"FISCAL","cd_quadra_fiscal":"014","cd_subquadra_fiscal":null,"cd_condominio":"00","cd_tipo_lote":"F","tx_tipo_lote":"FISCAL","cd_lote":"0032","cd_situacao":1,"cd_digito_sql":"2","cd_logradouro":"041467","nm_logradouro_completo":"R DA CANTAREIRA","cd_numero_porta":"979","tx_complemento_endereco":"E 983","tx_situ_lote":"ATIVO","cd_tipo_uso_imovel":"43","dc_tipo_uso_imovel":"Não residencial","cd_tipo_terreno_imovel":1,"qt_area_terreno":85,"qt_area_construida":235}}},{"type":"Feature","geometry":{"type":"Polygon","coordinates":[[[-45.028404,-23.516024],[-45.028403,-23.516047],[-45.028402,-23.515955],[-45.028403,-23.515929],[-45.028403,-23.515944],[-45.028404,-23.516001],[-45.028404,-23.516024]]]},"properties":{"sqlu":"SP-001-960879","inscription":"SP-GEOSAMPA-1960879","inscricaoImobiliaria":"SP-IMO-1960879","setor":"001","quadra":"014","lote":"0033","sourceType":"OFFICIAL_IMPORT","mainAddress":"Setor Fiscal 001","zoneamento":"RESIDENCIAL","statusCadastral":"ATIVO","workflowStatus":"PENDENTE","isOfficial":true,"rawProperties":{"cd_identificador":1960879,"cd_identificador_original_lote":8801176,"cd_setor_fiscal":"001","cd_tipo_quadra":"F","tx_tipo_quadra":"FISCAL","cd_quadra_fiscal":"014","cd_subquadra_fiscal":null,"cd_condominio":"00","cd_tipo_lote":"F","tx_tipo_lote":"FISCAL","cd_lote":"0033","cd_situacao":1,"cd_digito_sql":"0","cd_logradouro":"041467","nm_logradouro_completo":"R DA CANTAREIRA","cd_numero_porta":"991","tx_complemento_endereco":"E 999","tx_situ_lote":"ATIVO","cd_tipo_uso_imovel":"42","dc_tipo_uso_imovel":"Não residencial","cd_tipo_terreno_imovel":1,"qt_area_terreno":85,"qt_area_construida":160}}},{"type":"Feature","geometry":{"type":"Polygon","coordinates":[[[-45.028548,-23.521862],[-45.028549,-23.521848],[-45.02855,-23.521832],[-45.02855,-23.52182],[-45.028552,-23.521786],[-45.028553,-23.521866],[-45.028554,-23.52199],[-45.028554,-23.522006],[-45.028554,-23.522039],[-45.028555,-23.522136],[-45.028552,-23.522265],[-45.028552,-23.52227],[-45.028552,-23.522272],[-45.028552,-23.522272],[-45.028551,-23.522271],[-45.028551,-23.522267],[-45.028551,-23.52226],[-45.028551,-23.522247],[-45.028548,-23.521862]]]},"properties":{"sqlu":"SP-001-960869","inscription":"SP-GEOSAMPA-1960869","inscricaoImobiliaria":"SP-IMO-1960869","setor":"001","quadra":"046","lote":"0003","sourceType":"OFFICIAL_IMPORT","mainAddress":"Setor Fiscal 001","zoneamento":"RESIDENCIAL","statusCadastral":"ATIVO","workflowStatus":"PENDENTE","isOfficial":true,"rawProperties":{"cd_identificador":1960869,"cd_identificador_original_lote":8801072,"cd_setor_fiscal":"001","cd_tipo_quadra":"F","tx_tipo_quadra":"FISCAL","cd_quadra_fiscal":"046","cd_subquadra_fiscal":null,"cd_condominio":"00","cd_tipo_lote":"F","tx_tipo_lote":"FISCAL","cd_lote":"0003","cd_situacao":1,"cd_digito_sql":"9","cd_logradouro":"190179","nm_logradouro_completo":"R BRIG TOBIAS","cd_numero_porta":"111","tx_complemento_endereco":"A 157","tx_situ_lote":"ATIVO","cd_tipo_uso_imovel":"31","dc_tipo_uso_imovel":"Não residencial","cd_tipo_terreno_imovel":3,"qt_area_terreno":1320,"qt_area_construida":17000}}},{"type":"Feature","geometry":{"type":"Polygon","coordinates":[[[-45.028445,-23.517361],[-45.028448,-23.517737],[-45.028441,-23.517834],[-45.028441,-23.517835],[-45.028441,-23.517839],[-45.028441,-23.517847],[-45.028435,-23.517941],[-45.028433,-23.517804],[-45.028432,-23.517559],[-45.028438,-23.51746],[-45.028439,-23.517456],[-45.02844,-23.51744],[-45.02844,-23.517432],[-45.028445,-23.517361]]]},"properties":{"sqlu":"SP-001-960963","inscription":"SP-GEOSAMPA-1960963","inscricaoImobiliaria":"SP-IMO-1960963","setor":"001","quadra":"024","lote":"0027","sourceType":"OFFICIAL_IMPORT","mainAddress":"Setor Fiscal 001","zoneamento":"RESIDENCIAL","statusCadastral":"ATIVO","workflowStatus":"PENDENTE","isOfficial":true,"rawProperties":{"cd_identificador":1960963,"cd_identificador_original_lote":8799735,"cd_setor_fiscal":"001","cd_tipo_quadra":"F","tx_tipo_quadra":"FISCAL","cd_quadra_fiscal":"024","cd_subquadra_fiscal":null,"cd_condominio":"00","cd_tipo_lote":"F","tx_tipo_lote":"FISCAL","cd_lote":"0027","cd_situacao":1,"cd_digito_sql":"1","cd_logradouro":"018147","nm_logradouro_completo":"R ANTONIO PAIS","cd_numero_porta":"114","tx_complemento_endereco":null,"tx_situ_lote":"ATIVO","cd_tipo_uso_imovel":"31","dc_tipo_uso_imovel":"Não residencial","cd_tipo_terreno_imovel":3,"qt_area_terreno":3637,"qt_area_construida":9207}}},{"type":"Feature","geometry":{"type":"Polygon","coordinates":[[[-45.028493,-23.525129],[-45.028491,-23.525038],[-45.028489,-23.524967],[-45.02849,-23.524857],[-45.028494,-23.525045],[-45.028495,-23.525089],[-45.028494,-23.525162],[-45.028493,-23.525129]]]},"properties":{"sqlu":"SP-001-960995","inscription":"SP-GEOSAMPA-1960995","inscricaoImobiliaria":"SP-IMO-1960995","setor":"001","quadra":"075","lote":"0023","sourceType":"OFFICIAL_IMPORT","mainAddress":"Setor Fiscal 001","zoneamento":"RESIDENCIAL","statusCadastral":"ATIVO","workflowStatus":"PENDENTE","isOfficial":true,"rawProperties":{"cd_identificador":1960995,"cd_identificador_original_lote":8800086,"cd_setor_fiscal":"001","cd_tipo_quadra":"F","tx_tipo_quadra":"FISCAL","cd_quadra_fiscal":"075","cd_subquadra_fiscal":null,"cd_condominio":"00","cd_tipo_lote":"F","tx_tipo_lote":"FISCAL","cd_lote":"0023","cd_situacao":1,"cd_digito_sql":"1","cd_logradouro":"197459","nm_logradouro_completo":"R VINTE E CINCO DE MARCO","cd_numero_porta":"587","tx_complemento_endereco":"591 593 E 595","tx_situ_lote":"ATIVO","cd_tipo_uso_imovel":"40","dc_tipo_uso_imovel":"Não residencial","cd_tipo_terreno_imovel":1,"qt_area_terreno":500,"qt_area_construida":1505}}},{"type":"Feature","geometry":{"type":"Polygon","coordinates":[[[-45.028493,-23.525129],[-45.028492,-23.525169],[-45.028492,-23.525148],[-45.028491,-23.525209],[-45.028491,-23.525241],[-45.02849,-23.525205],[-45.028487,-23.52514],[-45.028487,-23.525137],[-45.028488,-23.525018],[-45.02849,-23.525076],[-45.028491,-23.525038],[-45.028493,-23.525129]]]},"properties":{"sqlu":"SP-001-960997","inscription":"SP-GEOSAMPA-1960997","inscricaoImobiliaria":"SP-IMO-1960997","setor":"001","quadra":"075","lote":"0134","sourceType":"OFFICIAL_IMPORT","mainAddress":"Setor Fiscal 001","zoneamento":"RESIDENCIAL","statusCadastral":"ATIVO","workflowStatus":"PENDENTE","isOfficial":true,"rawProperties":{"cd_identificador":1960997,"cd_identificador_original_lote":8800070,"cd_setor_fiscal":"001","cd_tipo_quadra":"F","tx_tipo_quadra":"FISCAL","cd_quadra_fiscal":"075","cd_subquadra_fiscal":null,"cd_condominio":"00","cd_tipo_lote":"F","tx_tipo_lote":"FISCAL","cd_lote":"0134","cd_situacao":1,"cd_digito_sql":"1","cd_logradouro":"197459","nm_logradouro_completo":"R VINTE E CINCO DE MARCO","cd_numero_porta":"567","tx_complemento_endereco":"E 575","tx_situ_lote":"ATIVO","cd_tipo_uso_imovel":"43","dc_tipo_uso_imovel":"Não residencial","cd_tipo_terreno_imovel":1,"qt_area_terreno":428,"qt_area_construida":7051}}},{"type":"Feature","geometry":{"type":"Polygon","coordinates":[[[-45.028491,-23.525751],[-45.028491,-23.525689],[-45.028493,-23.525703],[-45.028495,-23.525719],[-45.028498,-23.52574],[-45.028499,-23.525747],[-45.028502,-23.525769],[-45.028504,-23.525786],[-45.028506,-23.525804],[-45.028506,-23.525954],[-45.028502,-23.525922],[-45.028501,-23.525914],[-45.0285,-23.525905],[-45.028498,-23.525888],[-45.028497,-23.525872],[-45.028494,-23.525852],[-45.028493,-23.525838],[-45.028493,-23.525837],[-45.028492,-23.525821],[-45.028491,-23.525817],[-45.028491,-23.525801],[-45.028491,-23.525776],[-45.028491,-23.525751]]]},"properties":{"sqlu":"SP-001-961189","inscription":"SP-GEOSAMPA-1961189","inscricaoImobiliaria":"SP-IMO-1961189","setor":"001","quadra":"075","lote":"0010","sourceType":"OFFICIAL_IMPORT","mainAddress":"Setor Fiscal 001","zoneamento":"RESIDENCIAL","statusCadastral":"ATIVO","workflowStatus":"PENDENTE","isOfficial":true,"rawProperties":{"cd_identificador":1961189,"cd_identificador_original_lote":8800097,"cd_setor_fiscal":"001","cd_tipo_quadra":"F","tx_tipo_quadra":"FISCAL","cd_quadra_fiscal":"075","cd_subquadra_fiscal":null,"cd_condominio":"00","cd_tipo_lote":"F","tx_tipo_lote":"FISCAL","cd_lote":"0010","cd_situacao":1,"cd_digito_sql":"8","cd_logradouro":"034037","nm_logradouro_completo":"R BOA VISTA","cd_numero_porta":"236","tx_complemento_endereco":"E 242","tx_situ_lote":"ATIVO","cd_tipo_uso_imovel":"31","dc_tipo_uso_imovel":"Não residencial","cd_tipo_terreno_imovel":1,"qt_area_terreno":1391,"qt_area_construida":8046}}},{"type":"Feature","geometry":{"type":"Polygon","coordinates":[[[-45.028557,-23.516527],[-45.028558,-23.516449],[-45.028558,-23.516372],[-45.028559,-23.51637],[-45.028559,-23.516369],[-45.028565,-23.51636],[-45.028565,-23.51652],[-45.028557,-23.516527]]]},"properties":{"sqlu":"SP-001-961174","inscription":"SP-GEOSAMPA-1961174","inscricaoImobiliaria":"SP-IMO-1961174","setor":"001","quadra":"019","lote":"0083","sourceType":"OFFICIAL_IMPORT","mainAddress":"Setor Fiscal 001","zoneamento":"RESIDENCIAL","statusCadastral":"ATIVO","workflowStatus":"PENDENTE","isOfficial":true,"rawProperties":{"cd_identificador":1961174,"cd_identificador_original_lote":8799634,"cd_setor_fiscal":"001","cd_tipo_quadra":"F","tx_tipo_quadra":"FISCAL","cd_quadra_fiscal":"019","cd_subquadra_fiscal":null,"cd_condominio":"00","cd_tipo_lote":"F","tx_tipo_lote":"FISCAL","cd_lote":"0083","cd_situacao":1,"cd_digito_sql":"1","cd_logradouro":"054607","nm_logradouro_completo":"R GAL COUTO DE MAGALHAES","cd_numero_porta":"380","tx_complemento_endereco":"388","tx_situ_lote":"ATIVO","cd_tipo_uso_imovel":"40","dc_tipo_uso_imovel":"Não residencial","cd_tipo_terreno_imovel":1,"qt_area_terreno":746,"qt_area_construida":746}}},{"type":"Feature","geometry":{"type":"Polygon","coordinates":[[[-45.028557,-23.516527],[-45.028565,-23.51652],[-45.028565,-23.516668],[-45.028557,-23.516681],[-45.028557,-23.516604],[-45.028557,-23.516527]]]},"properties":{"sqlu":"SP-001-961175","inscription":"SP-GEOSAMPA-1961175","inscricaoImobiliaria":"SP-IMO-1961175","setor":"001","quadra":"019","lote":"0156","sourceType":"OFFICIAL_IMPORT","mainAddress":"Setor Fiscal 001","zoneamento":"RESIDENCIAL","statusCadastral":"ATIVO","workflowStatus":"PENDENTE","isOfficial":true,"rawProperties":{"cd_identificador":1961175,"cd_identificador_original_lote":8799635,"cd_setor_fiscal":"001","cd_tipo_quadra":"F","tx_tipo_quadra":"FISCAL","cd_quadra_fiscal":"019","cd_subquadra_fiscal":null,"cd_condominio":"00","cd_tipo_lote":"F","tx_tipo_lote":"FISCAL","cd_lote":"0156","cd_situacao":1,"cd_digito_sql":"9","cd_logradouro":"054607","nm_logradouro_completo":"R GAL COUTO DE MAGALHAES","cd_numero_porta":"364","tx_complemento_endereco":"370","tx_situ_lote":"ATIVO","cd_tipo_uso_imovel":"00","dc_tipo_uso_imovel":"Terreno","cd_tipo_terreno_imovel":1,"qt_area_terreno":735,"qt_area_construida":0}}},{"type":"Feature","geometry":{"type":"Polygon","coordinates":[[[-45.028407,-23.516491],[-45.028408,-23.516535],[-45.028407,-23.516558],[-45.028406,-23.516498],[-45.028407,-23.516475],[-45.028407,-23.516491]]]},"properties":{"sqlu":"SP-001-961397","inscription":"SP-GEOSAMPA-1961397","inscricaoImobiliaria":"SP-IMO-1961397","setor":"001","quadra":"014","lote":"0003","sourceType":"OFFICIAL_IMPORT","mainAddress":"Setor Fiscal 001","zoneamento":"RESIDENCIAL","statusCadastral":"ATIVO","workflowStatus":"PENDENTE","isOfficial":true,"rawProperties":{"cd_identificador":1961397,"cd_identificador_original_lote":8801164,"cd_setor_fiscal":"001","cd_tipo_quadra":"F","tx_tipo_quadra":"FISCAL","cd_quadra_fiscal":"014","cd_subquadra_fiscal":null,"cd_condominio":"00","cd_tipo_lote":"F","tx_tipo_lote":"FISCAL","cd_lote":"0003","cd_situacao":1,"cd_digito_sql":"9","cd_logradouro":"041467","nm_logradouro_completo":"R DA CANTAREIRA","cd_numero_porta":"929","tx_complemento_endereco":null,"tx_situ_lote":"ATIVO","cd_tipo_uso_imovel":"42","dc_tipo_uso_imovel":"Não residencial","cd_tipo_terreno_imovel":1,"qt_area_terreno":56,"qt_area_construida":50}}},{"type":"Feature","geometry":{"type":"Polygon","coordinates":[[[-45.02848,-23.524945],[-45.028481,-23.524975],[-45.028483,-23.525019],[-45.028484,-23.525025],[-45.028485,-23.525054],[-45.028484,-23.525145],[-45.028484,-23.525226],[-45.028483,-23.525212],[-45.028481,-23.525164],[-45.028479,-23.525129],[-45.028479,-23.525121],[-45.028479,-23.52512],[-45.02848,-23.524945]]]},"properties":{"sqlu":"SP-001-961466","inscription":"SP-GEOSAMPA-1961466","inscricaoImobiliaria":"SP-IMO-1961466","setor":"001","quadra":"076","lote":"0066","sourceType":"OFFICIAL_IMPORT","mainAddress":"Setor Fiscal 001","zoneamento":"RESIDENCIAL","statusCadastral":"ATIVO","workflowStatus":"PENDENTE","isOfficial":true,"rawProperties":{"cd_identificador":1961466,"cd_identificador_original_lote":8800125,"cd_setor_fiscal":"001","cd_tipo_quadra":"F","tx_tipo_quadra":"FISCAL","cd_quadra_fiscal":"076","cd_subquadra_fiscal":null,"cd_condominio":"00","cd_tipo_lote":"F","tx_tipo_lote":"FISCAL","cd_lote":"0066","cd_situacao":1,"cd_digito_sql":"8","cd_logradouro":"197459","nm_logradouro_completo":"R VINTE E CINCO DE MARCO","cd_numero_porta":"552","tx_complemento_endereco":"556 E 564","tx_situ_lote":"ATIVO","cd_tipo_uso_imovel":"40","dc_tipo_uso_imovel":"Não residencial","cd_tipo_terreno_imovel":2,"qt_area_terreno":625,"qt_area_construida":1614}}},{"type":"Feature","geometry":{"type":"Polygon","coordinates":[[[-45.02848,-23.524945],[-45.028479,-23.52512],[-45.028479,-23.525117],[-45.028479,-23.52511],[-45.028478,-23.525104],[-45.028478,-23.525101],[-45.028479,-23.524935],[-45.028479,-23.52487],[-45.028479,-23.524872],[-45.02848,-23.524874],[-45.028481,-23.52488],[-45.02848,-23.524915],[-45.02848,-23.524945]]]},"properties":{"sqlu":"SP-001-961467","inscription":"SP-GEOSAMPA-1961467","inscricaoImobiliaria":"SP-IMO-1961467","setor":"001","quadra":"076","lote":"0017","sourceType":"OFFICIAL_IMPORT","mainAddress":"Setor Fiscal 001","zoneamento":"RESIDENCIAL","statusCadastral":"ATIVO","workflowStatus":"PENDENTE","isOfficial":true,"rawProperties":{"cd_identificador":1961467,"cd_identificador_original_lote":8800126,"cd_setor_fiscal":"001","cd_tipo_quadra":"F","tx_tipo_quadra":"FISCAL","cd_quadra_fiscal":"076","cd_subquadra_fiscal":null,"cd_condominio":"00","cd_tipo_lote":"F","tx_tipo_lote":"FISCAL","cd_lote":"0017","cd_situacao":1,"cd_digito_sql":"1","cd_logradouro":"159840","nm_logradouro_completo":"PQ DOM PEDRO II","cd_numero_porta":"404","tx_complemento_endereco":"406","tx_situ_lote":"ATIVO","cd_tipo_uso_imovel":"31","dc_tipo_uso_imovel":"Não residencial","cd_tipo_terreno_imovel":1,"qt_area_terreno":181,"qt_area_construida":690}}},{"type":"Feature","geometry":{"type":"Polygon","coordinates":[[[-45.02848,-23.524945],[-45.02848,-23.524915],[-45.028481,-23.52488],[-45.028481,-23.524766],[-45.028482,-23.524785],[-45.028485,-23.524849],[-45.028487,-23.524881],[-45.028485,-23.525054],[-45.028484,-23.525025],[-45.028483,-23.525019],[-45.028481,-23.524975],[-45.02848,-23.524945]]]},"properties":{"sqlu":"SP-001-961468","inscription":"SP-GEOSAMPA-1961468","inscricaoImobiliaria":"SP-IMO-1961468","setor":"001","quadra":"076","lote":"0067","sourceType":"OFFICIAL_IMPORT","mainAddress":"Setor Fiscal 001","zoneamento":"RESIDENCIAL","statusCadastral":"ATIVO","workflowStatus":"PENDENTE","isOfficial":true,"rawProperties":{"cd_identificador":1961468,"cd_identificador_original_lote":8800133,"cd_setor_fiscal":"001","cd_tipo_quadra":"F","tx_tipo_quadra":"FISCAL","cd_quadra_fiscal":"076","cd_subquadra_fiscal":null,"cd_condominio":"00","cd_tipo_lote":"F","tx_tipo_lote":"FISCAL","cd_lote":"0067","cd_situacao":1,"cd_digito_sql":"6","cd_logradouro":"197459","nm_logradouro_completo":"R VINTE E CINCO DE MARCO","cd_numero_porta":"570","tx_complemento_endereco":"A 590","tx_situ_lote":"ATIVO","cd_tipo_uso_imovel":"43","dc_tipo_uso_imovel":"Não residencial","cd_tipo_terreno_imovel":1,"qt_area_terreno":651,"qt_area_construida":5363}}},{"type":"Feature","geometry":{"type":"Polygon","coordinates":[[[-45.028463,-23.513449],[-45.028463,-23.513501],[-45.028463,-23.513554],[-45.028464,-23.513615],[-45.028463,-23.513634],[-45.028462,-23.513506],[-45.028461,-23.513266],[-45.028462,-23.513248],[-45.028463,-23.513395],[-45.028463,-23.513449]]]},"properties":{"sqlu":"SP-001-961513","inscription":"SP-GEOSAMPA-1961513","inscricaoImobiliaria":"SP-IMO-1961513","setor":"001","quadra":"004","lote":"0050","sourceType":"OFFICIAL_IMPORT","mainAddress":"Setor Fiscal 001","zoneamento":"RESIDENCIAL","statusCadastral":"ATIVO","workflowStatus":"PENDENTE","isOfficial":true,"rawProperties":{"cd_identificador":1961513,"cd_identificador_original_lote":8799571,"cd_setor_fiscal":"001","cd_tipo_quadra":"F","tx_tipo_quadra":"FISCAL","cd_quadra_fiscal":"004","cd_subquadra_fiscal":null,"cd_condominio":"00","cd_tipo_lote":"F","tx_tipo_lote":"FISCAL","cd_lote":"0050","cd_situacao":1,"cd_digito_sql":"7","cd_logradouro":"104850","nm_logradouro_completo":"R JOAO TEODORO","cd_numero_porta":"158","tx_complemento_endereco":null,"tx_situ_lote":"ATIVO","cd_tipo_uso_imovel":"80","dc_tipo_uso_imovel":"Não residencial","cd_tipo_terreno_imovel":1,"qt_area_terreno":304,"qt_area_construida":688}}},{"type":"Feature","geometry":{"type":"Polygon","coordinates":[[[-45.028463,-23.513449],[-45.028463,-23.513395],[-45.028462,-23.513248],[-45.028463,-23.513229],[-45.028464,-23.51343],[-45.028463,-23.513449]]]},"properties":{"sqlu":"SP-001-961514","inscription":"SP-GEOSAMPA-1961514","inscricaoImobiliaria":"SP-IMO-1961514","setor":"001","quadra":"004","lote":"0051","sourceType":"OFFICIAL_IMPORT","mainAddress":"Setor Fiscal 001","zoneamento":"RESIDENCIAL","statusCadastral":"ATIVO","workflowStatus":"PENDENTE","isOfficial":true,"rawProperties":{"cd_identificador":1961514,"cd_identificador_original_lote":8799572,"cd_setor_fiscal":"001","cd_tipo_quadra":"F","tx_tipo_quadra":"FISCAL","cd_quadra_fiscal":"004","cd_subquadra_fiscal":null,"cd_condominio":"00","cd_tipo_lote":"F","tx_tipo_lote":"FISCAL","cd_lote":"0051","cd_situacao":1,"cd_digito_sql":"5","cd_logradouro":"104850","nm_logradouro_completo":"R JOAO TEODORO","cd_numero_porta":"146","tx_complemento_endereco":"E 148","tx_situ_lote":"ATIVO","cd_tipo_uso_imovel":"40","dc_tipo_uso_imovel":"Não residencial","cd_tipo_terreno_imovel":1,"qt_area_terreno":169,"qt_area_construida":368}}},{"type":"Feature","geometry":{"type":"Polygon","coordinates":[[[-45.028545,-23.524997],[-45.028545,-23.525003],[-45.028545,-23.525038],[-45.028544,-23.525097],[-45.028544,-23.52505],[-45.028545,-23.524997]]]},"properties":{"sqlu":"SP-001-961636","inscription":"SP-GEOSAMPA-1961636","inscricaoImobiliaria":"SP-IMO-1961636","setor":"001","quadra":"061","lote":"0011","sourceType":"OFFICIAL_IMPORT","mainAddress":"Setor Fiscal 001","zoneamento":"RESIDENCIAL","statusCadastral":"ATIVO","workflowStatus":"PENDENTE","isOfficial":true,"rawProperties":{"cd_identificador":1961636,"cd_identificador_original_lote":8800045,"cd_setor_fiscal":"001","cd_tipo_quadra":"F","tx_tipo_quadra":"FISCAL","cd_quadra_fiscal":"061","cd_subquadra_fiscal":null,"cd_condominio":"00","cd_tipo_lote":"F","tx_tipo_lote":"FISCAL","cd_lote":"0011","cd_situacao":1,"cd_digito_sql":"4","cd_logradouro":"101010","nm_logradouro_completo":"AV S JOAO","cd_numero_porta":"114","tx_complemento_endereco":"118 E 122","tx_situ_lote":"ATIVO","cd_tipo_uso_imovel":"31","dc_tipo_uso_imovel":"Não residencial","cd_tipo_terreno_imovel":1,"qt_area_terreno":34,"qt_area_construida":245}}},{"type":"Feature","geometry":{"type":"Polygon","coordinates":[[[-45.028532,-23.521103],[-45.028534,-23.521069],[-45.028535,-23.521285],[-45.028535,-23.521314],[-45.028536,-23.521308],[-45.028536,-23.521364],[-45.028533,-23.521427],[-45.028532,-23.521339],[-45.028532,-23.52129],[-45.028532,-23.521282],[-45.028532,-23.521191],[-45.028532,-23.521146],[-45.028532,-23.521137],[-45.028532,-23.521103]]]},"properties":{"sqlu":"SP-001-961637","inscription":"SP-GEOSAMPA-1961637","inscricaoImobiliaria":"SP-IMO-1961637","setor":"001","quadra":"037","lote":"0000","sourceType":"OFFICIAL_IMPORT","mainAddress":"Setor Fiscal 001","zoneamento":"RESIDENCIAL","statusCadastral":"ATIVO","workflowStatus":"PENDENTE","isOfficial":true,"rawProperties":{"cd_identificador":1961637,"cd_identificador_original_lote":8800904,"cd_setor_fiscal":"001","cd_tipo_quadra":"F","tx_tipo_quadra":"FISCAL","cd_quadra_fiscal":"037","cd_subquadra_fiscal":null,"cd_condominio":"01","cd_tipo_lote":"F","tx_tipo_lote":"FISCAL","cd_lote":"0000","cd_situacao":1,"cd_digito_sql":null,"cd_logradouro":"100609","nm_logradouro_completo":"R CAPM JERONIMO LEITAO","cd_numero_porta":"108 120","tx_complemento_endereco":null,"tx_situ_lote":null,"cd_tipo_uso_imovel":"XX","dc_tipo_uso_imovel":"Condomínio","cd_tipo_terreno_imovel":99,"qt_area_terreno":767,"qt_area_construida":null}}},{"type":"Feature","geometry":{"type":"Polygon","coordinates":[[[-45.028463,-23.519249],[-45.028463,-23.519301],[-45.028458,-23.519369],[-45.028458,-23.519312],[-45.028463,-23.519249]]]},"properties":{"sqlu":"SP-001-961918","inscription":"SP-GEOSAMPA-1961918","inscricaoImobiliaria":"SP-IMO-1961918","setor":"001","quadra":"033","lote":"0003","sourceType":"OFFICIAL_IMPORT","mainAddress":"Setor Fiscal 001","zoneamento":"RESIDENCIAL","statusCadastral":"ATIVO","workflowStatus":"PENDENTE","isOfficial":true,"rawProperties":{"cd_identificador":1961918,"cd_identificador_original_lote":8800839,"cd_setor_fiscal":"001","cd_tipo_quadra":"F","tx_tipo_quadra":"FISCAL","cd_quadra_fiscal":"033","cd_subquadra_fiscal":null,"cd_condominio":"00","cd_tipo_lote":"F","tx_tipo_lote":"FISCAL","cd_lote":"0003","cd_situacao":1,"cd_digito_sql":"1","cd_logradouro":"061360","nm_logradouro_completo":"R BR DE DUPRAT","cd_numero_porta":"569","tx_complemento_endereco":"E 571","tx_situ_lote":"ATIVO","cd_tipo_uso_imovel":"40","dc_tipo_uso_imovel":"Não residencial","cd_tipo_terreno_imovel":1,"qt_area_terreno":178,"qt_area_construida":356}}},{"type":"Feature","geometry":{"type":"Polygon","coordinates":[[[-45.028464,-23.519593],[-45.028464,-23.519451],[-45.028464,-23.519439],[-45.028465,-23.519582],[-45.028464,-23.519593]]]},"properties":{"sqlu":"SP-001-961923","inscription":"SP-GEOSAMPA-1961923","inscricaoImobiliaria":"SP-IMO-1961923","setor":"001","quadra":"032","lote":"0007","sourceType":"OFFICIAL_IMPORT","mainAddress":"Setor Fiscal 001","zoneamento":"RESIDENCIAL","statusCadastral":"ATIVO","workflowStatus":"PENDENTE","isOfficial":true,"rawProperties":{"cd_identificador":1961923,"cd_identificador_original_lote":8800798,"cd_setor_fiscal":"001","cd_tipo_quadra":"F","tx_tipo_quadra":"FISCAL","cd_quadra_fiscal":"032","cd_subquadra_fiscal":null,"cd_condominio":"00","cd_tipo_lote":"F","tx_tipo_lote":"FISCAL","cd_lote":"0007","cd_situacao":1,"cd_digito_sql":"1","cd_logradouro":"329843","nm_logradouro_completo":"R ILHA DAS FLORES","cd_numero_porta":"41","tx_complemento_endereco":null,"tx_situ_lote":"ATIVO","cd_tipo_uso_imovel":"10","dc_tipo_uso_imovel":"Residencial","cd_tipo_terreno_imovel":1,"qt_area_terreno":72,"qt_area_construida":130}}},{"type":"Feature","geometry":{"type":"Polygon","coordinates":[[[-45.028409,-23.515867],[-45.028408,-23.515878],[-45.028408,-23.515858],[-45.028408,-23.515706],[-45.028409,-23.515698],[-45.028409,-23.515784],[-45.028409,-23.515826],[-45.028409,-23.515835],[-45.028409,-23.515848],[-45.028409,-23.515867]]]},"properties":{"sqlu":"SP-001-961936","inscription":"SP-GEOSAMPA-1961936","inscricaoImobiliaria":"SP-IMO-1961936","setor":"001","quadra":"013","lote":"0016","sourceType":"OFFICIAL_IMPORT","mainAddress":"Setor Fiscal 001","zoneamento":"RESIDENCIAL","statusCadastral":"ATIVO","workflowStatus":"PENDENTE","isOfficial":true,"rawProperties":{"cd_identificador":1961936,"cd_identificador_original_lote":8799466,"cd_setor_fiscal":"001","cd_tipo_quadra":"F","tx_tipo_quadra":"FISCAL","cd_quadra_fiscal":"013","cd_subquadra_fiscal":null,"cd_condominio":"00","cd_tipo_lote":"F","tx_tipo_lote":"FISCAL","cd_lote":"0016","cd_situacao":1,"cd_digito_sql":"6","cd_logradouro":"038121","nm_logradouro_completo":"R S CAETANO","cd_numero_porta":"530","tx_complemento_endereco":"E 532","tx_situ_lote":"ATIVO","cd_tipo_uso_imovel":"42","dc_tipo_uso_imovel":"Não residencial","cd_tipo_terreno_imovel":1,"qt_area_terreno":100,"qt_area_construida":189}}},{"type":"Feature","geometry":{"type":"Polygon","coordinates":[[[-45.028494,-23.522],[-45.028494,-23.522048],[-45.028489,-23.522145],[-45.028489,-23.522093],[-45.028489,-23.52209],[-45.028494,-23.522]]]},"properties":{"sqlu":"SP-001-962078","inscription":"SP-GEOSAMPA-1962078","inscricaoImobiliaria":"SP-IMO-1962078","setor":"001","quadra":"050","lote":"0020","sourceType":"OFFICIAL_IMPORT","mainAddress":"Setor Fiscal 001","zoneamento":"RESIDENCIAL","statusCadastral":"ATIVO","workflowStatus":"PENDENTE","isOfficial":true,"rawProperties":{"cd_identificador":1962078,"cd_identificador_original_lote":8801087,"cd_setor_fiscal":"001","cd_tipo_quadra":"F","tx_tipo_quadra":"FISCAL","cd_quadra_fiscal":"050","cd_subquadra_fiscal":null,"cd_condominio":"00","cd_tipo_lote":"F","tx_tipo_lote":"FISCAL","cd_lote":"0020","cd_situacao":1,"cd_digito_sql":"5","cd_logradouro":"072044","nm_logradouro_completo":"R FLORENCIO DE ABREU","cd_numero_porta":"276","tx_complemento_endereco":null,"tx_situ_lote":"ATIVO","cd_tipo_uso_imovel":"40","dc_tipo_uso_imovel":"Não residencial","cd_tipo_terreno_imovel":1,"qt_area_terreno":140,"qt_area_construida":280}}},{"type":"Feature","geometry":{"type":"Polygon","coordinates":[[[-45.028494,-23.522],[-45.028489,-23.52209],[-45.028489,-23.522093],[-45.028489,-23.522098],[-45.028488,-23.522043],[-45.028489,-23.522034],[-45.028489,-23.522019],[-45.028494,-23.521941],[-45.028494,-23.522]]]},"properties":{"sqlu":"SP-001-962079","inscription":"SP-GEOSAMPA-1962079","inscricaoImobiliaria":"SP-IMO-1962079","setor":"001","quadra":"050","lote":"0000","sourceType":"OFFICIAL_IMPORT","mainAddress":"Setor Fiscal 001","zoneamento":"RESIDENCIAL","statusCadastral":"ATIVO","workflowStatus":"PENDENTE","isOfficial":true,"rawProperties":{"cd_identificador":1962079,"cd_identificador_original_lote":8801088,"cd_setor_fiscal":"001","cd_tipo_quadra":"F","tx_tipo_quadra":"FISCAL","cd_quadra_fiscal":"050","cd_subquadra_fiscal":null,"cd_condominio":"04","cd_tipo_lote":"F","tx_tipo_lote":"FISCAL","cd_lote":"0000","cd_situacao":1,"cd_digito_sql":null,"cd_logradouro":"072044","nm_logradouro_completo":"R FLORENCIO DE ABREU","cd_numero_porta":"282","tx_complemento_endereco":null,"tx_situ_lote":null,"cd_tipo_uso_imovel":"XX","dc_tipo_uso_imovel":"Condomínio","cd_tipo_terreno_imovel":99,"qt_area_terreno":210,"qt_area_construida":null}}},{"type":"Feature","geometry":{"type":"Polygon","coordinates":[[[-45.028581,-23.523762],[-45.028579,-23.523805],[-45.028579,-23.523812],[-45.028575,-23.523927],[-45.028575,-23.523905],[-45.028575,-23.523895],[-45.028574,-23.523833],[-45.028576,-23.523793],[-45.028576,-23.523779],[-45.028578,-23.523748],[-45.028578,-23.523733],[-45.02858,-23.523688],[-45.028581,-23.523762]]]},"properties":{"sqlu":"SP-001-962016","inscription":"SP-GEOSAMPA-1962016","inscricaoImobiliaria":"SP-IMO-1962016","setor":"001","quadra":"058","lote":"0046","sourceType":"OFFICIAL_IMPORT","mainAddress":"Setor Fiscal 001","zoneamento":"RESIDENCIAL","statusCadastral":"ATIVO","workflowStatus":"PENDENTE","isOfficial":true,"rawProperties":{"cd_identificador":1962016,"cd_identificador_original_lote":8800193,"cd_setor_fiscal":"001","cd_tipo_quadra":"F","tx_tipo_quadra":"FISCAL","cd_quadra_fiscal":"058","cd_subquadra_fiscal":null,"cd_condominio":"00","cd_tipo_lote":"F","tx_tipo_lote":"FISCAL","cd_lote":"0046","cd_situacao":1,"cd_digito_sql":"5","cd_logradouro":"153230","nm_logradouro_completo":"LG DO PAICANDU","cd_numero_porta":"32","tx_complemento_endereco":"34 40 46 50","tx_situ_lote":"ATIVO","cd_tipo_uso_imovel":"84","dc_tipo_uso_imovel":"Não residencial","cd_tipo_terreno_imovel":2,"qt_area_terreno":332,"qt_area_construida":2326}}},{"type":"Feature","geometry":{"type":"Polygon","coordinates":[[[-45.028436,-23.515017],[-45.028437,-23.515282],[-45.028436,-23.515289],[-45.028435,-23.515024],[-45.028436,-23.515017]]]},"properties":{"sqlu":"SP-001-962145","inscription":"SP-GEOSAMPA-1962145","inscricaoImobiliaria":"SP-IMO-1962145","setor":"001","quadra":"007","lote":"0009","sourceType":"OFFICIAL_IMPORT","mainAddress":"Setor Fiscal 001","zoneamento":"RESIDENCIAL","statusCadastral":"ATIVO","workflowStatus":"PENDENTE","isOfficial":true,"rawProperties":{"cd_identificador":1962145,"cd_identificador_original_lote":8799938,"cd_setor_fiscal":"001","cd_tipo_quadra":"F","tx_tipo_quadra":"FISCAL","cd_quadra_fiscal":"007","cd_subquadra_fiscal":null,"cd_condominio":"00","cd_tipo_lote":"F","tx_tipo_lote":"FISCAL","cd_lote":"0009","cd_situacao":1,"cd_digito_sql":"8","cd_logradouro":"038121","nm_logradouro_completo":"R S CAETANO","cd_numero_porta":"357","tx_complemento_endereco":null,"tx_situ_lote":"ATIVO","cd_tipo_uso_imovel":"42","dc_tipo_uso_imovel":"Não residencial","cd_tipo_terreno_imovel":1,"qt_area_terreno":150,"qt_area_construida":140}}},{"type":"Feature","geometry":{"type":"Polygon","coordinates":[[[-45.028451,-23.519763],[-45.028456,-23.519705],[-45.028456,-23.519796],[-45.028453,-23.519827],[-45.028452,-23.519841],[-45.028452,-23.519847],[-45.028451,-23.519763]]]},"properties":{"sqlu":"SP-001-962332","inscription":"SP-GEOSAMPA-1962332","inscricaoImobiliaria":"SP-IMO-1962332","setor":"001","quadra":"035","lote":"0017","sourceType":"OFFICIAL_IMPORT","mainAddress":"Setor Fiscal 001","zoneamento":"RESIDENCIAL","statusCadastral":"ATIVO","workflowStatus":"PENDENTE","isOfficial":true,"rawProperties":{"cd_identificador":1962332,"cd_identificador_original_lote":8800883,"cd_setor_fiscal":"001","cd_tipo_quadra":"F","tx_tipo_quadra":"FISCAL","cd_quadra_fiscal":"035","cd_subquadra_fiscal":null,"cd_condominio":"00","cd_tipo_lote":"F","tx_tipo_lote":"FISCAL","cd_lote":"0017","cd_situacao":1,"cd_digito_sql":"0","cd_logradouro":"061360","nm_logradouro_completo":"R BR DE DUPRAT","cd_numero_porta":"526","tx_complemento_endereco":null,"tx_situ_lote":"ATIVO","cd_tipo_uso_imovel":"43","dc_tipo_uso_imovel":"Não residencial","cd_tipo_terreno_imovel":1,"qt_area_terreno":280,"qt_area_construida":400}}},{"type":"Feature","geometry":{"type":"Polygon","coordinates":[[[-45.028465,-23.51734],[-45.028463,-23.517379],[-45.028461,-23.517403],[-45.028461,-23.517362],[-45.028465,-23.517299],[-45.028465,-23.51734]]]},"properties":{"sqlu":"SP-001-962351","inscription":"SP-GEOSAMPA-1962351","inscricaoImobiliaria":"SP-IMO-1962351","setor":"001","quadra":"023","lote":"0135","sourceType":"OFFICIAL_IMPORT","mainAddress":"Setor Fiscal 001","zoneamento":"RESIDENCIAL","statusCadastral":"ATIVO","workflowStatus":"PENDENTE","isOfficial":true,"rawProperties":{"cd_identificador":1962351,"cd_identificador_original_lote":8801377,"cd_setor_fiscal":"001","cd_tipo_quadra":"F","tx_tipo_quadra":"FISCAL","cd_quadra_fiscal":"023","cd_subquadra_fiscal":null,"cd_condominio":"00","cd_tipo_lote":"F","tx_tipo_lote":"FISCAL","cd_lote":"0135","cd_situacao":1,"cd_digito_sql":"2","cd_logradouro":"003760","nm_logradouro_completo":"R AGUIAR ANDRADE","cd_numero_porta":"10","tx_complemento_endereco":"CS 10","tx_situ_lote":"ATIVO","cd_tipo_uso_imovel":"10","dc_tipo_uso_imovel":"Residencial","cd_tipo_terreno_imovel":1,"qt_area_terreno":132,"qt_area_construida":200}}},{"type":"Feature","geometry":{"type":"Polygon","coordinates":[[[-45.028465,-23.51734],[-45.028466,-23.517383],[-45.028465,-23.517387],[-45.028462,-23.517439],[-45.028461,-23.517446],[-45.028461,-23.517417],[-45.028461,-23.517403],[-45.028463,-23.517379],[-45.028465,-23.51734]]]},"properties":{"sqlu":"SP-001-962352","inscription":"SP-GEOSAMPA-1962352","inscricaoImobiliaria":"SP-IMO-1962352","setor":"001","quadra":"023","lote":"0134","sourceType":"OFFICIAL_IMPORT","mainAddress":"Setor Fiscal 001","zoneamento":"RESIDENCIAL","statusCadastral":"ATIVO","workflowStatus":"PENDENTE","isOfficial":true,"rawProperties":{"cd_identificador":1962352,"cd_identificador_original_lote":8801252,"cd_setor_fiscal":"001","cd_tipo_quadra":"F","tx_tipo_quadra":"FISCAL","cd_quadra_fiscal":"023","cd_subquadra_fiscal":null,"cd_condominio":"00","cd_tipo_lote":"F","tx_tipo_lote":"FISCAL","cd_lote":"0134","cd_situacao":1,"cd_digito_sql":"4","cd_logradouro":"003760","nm_logradouro_completo":"R AGUIAR ANDRADE","cd_numero_porta":"12","tx_complemento_endereco":"CS 12","tx_situ_lote":"ATIVO","cd_tipo_uso_imovel":"10","dc_tipo_uso_imovel":"Residencial","cd_tipo_terreno_imovel":1,"qt_area_terreno":157,"qt_area_construida":170}}},{"type":"Feature","geometry":{"type":"Polygon","coordinates":[[[-45.028508,-23.519968],[-45.028508,-23.520272],[-45.028508,-23.520269],[-45.028503,-23.520253],[-45.028504,-23.51996],[-45.028505,-23.519962],[-45.028508,-23.519968],[-45.028508,-23.519968],[-45.028508,-23.519968]]]},"properties":{"sqlu":"SP-001-962359","inscription":"SP-GEOSAMPA-1962359","inscricaoImobiliaria":"SP-IMO-1962359","setor":"001","quadra":"039","lote":"0043","sourceType":"OFFICIAL_IMPORT","mainAddress":"Setor Fiscal 001","zoneamento":"RESIDENCIAL","statusCadastral":"ATIVO","workflowStatus":"PENDENTE","isOfficial":true,"rawProperties":{"cd_identificador":1962359,"cd_identificador_original_lote":8800942,"cd_setor_fiscal":"001","cd_tipo_quadra":"F","tx_tipo_quadra":"FISCAL","cd_quadra_fiscal":"039","cd_subquadra_fiscal":null,"cd_condominio":"00","cd_tipo_lote":"F","tx_tipo_lote":"FISCAL","cd_lote":"0043","cd_situacao":1,"cd_digito_sql":"8","cd_logradouro":"165930","nm_logradouro_completo":"AV PRESTES MAIA","cd_numero_porta":"548","tx_complemento_endereco":null,"tx_situ_lote":"ATIVO","cd_tipo_uso_imovel":"62","dc_tipo_uso_imovel":"Não residencial","cd_tipo_terreno_imovel":3,"qt_area_terreno":893,"qt_area_construida":13208}}},{"type":"Feature","geometry":{"type":"Polygon","coordinates":[[[-45.028405,-23.516126],[-45.028405,-23.516111],[-45.028404,-23.516061],[-45.028405,-23.516052],[-45.028405,-23.516048],[-45.028406,-23.51602],[-45.028407,-23.516084],[-45.028405,-23.516126]]]},"properties":{"sqlu":"SP-001-962407","inscription":"SP-GEOSAMPA-1962407","inscricaoImobiliaria":"SP-IMO-1962407","setor":"001","quadra":"014","lote":"0034","sourceType":"OFFICIAL_IMPORT","mainAddress":"Setor Fiscal 001","zoneamento":"RESIDENCIAL","statusCadastral":"ATIVO","workflowStatus":"PENDENTE","isOfficial":true,"rawProperties":{"cd_identificador":1962407,"cd_identificador_original_lote":8801155,"cd_setor_fiscal":"001","cd_tipo_quadra":"F","tx_tipo_quadra":"FISCAL","cd_quadra_fiscal":"014","cd_subquadra_fiscal":null,"cd_condominio":"00","cd_tipo_lote":"F","tx_tipo_lote":"FISCAL","cd_lote":"0034","cd_situacao":1,"cd_digito_sql":"9","cd_logradouro":"165433","nm_logradouro_completo":"R POSSIDONIO INACIO","cd_numero_porta":"43","tx_complemento_endereco":"E 47","tx_situ_lote":"ATIVO","cd_tipo_uso_imovel":"31","dc_tipo_uso_imovel":"Não residencial","cd_tipo_terreno_imovel":1,"qt_area_terreno":94,"qt_area_construida":324}}},{"type":"Feature","geometry":{"type":"Polygon","coordinates":[[[-45.028405,-23.516126],[-45.028405,-23.516156],[-45.028405,-23.516185],[-45.028405,-23.516196],[-45.028405,-23.516221],[-45.028406,-23.516257],[-45.028406,-23.516288],[-45.028405,-23.516312],[-45.028404,-23.51622],[-45.028403,-23.516135],[-45.028405,-23.516111],[-45.028405,-23.516126]]]},"properties":{"sqlu":"SP-001-962408","inscription":"SP-GEOSAMPA-1962408","inscricaoImobiliaria":"SP-IMO-1962408","setor":"001","quadra":"014","lote":"0005","sourceType":"OFFICIAL_IMPORT","mainAddress":"Setor Fiscal 001","zoneamento":"RESIDENCIAL","statusCadastral":"ATIVO","workflowStatus":"PENDENTE","isOfficial":true,"rawProperties":{"cd_identificador":1962408,"cd_identificador_original_lote":8801166,"cd_setor_fiscal":"001","cd_tipo_quadra":"F","tx_tipo_quadra":"FISCAL","cd_quadra_fiscal":"014","cd_subquadra_fiscal":null,"cd_condominio":"00","cd_tipo_lote":"F","tx_tipo_lote":"FISCAL","cd_lote":"0005","cd_situacao":1,"cd_digito_sql":"5","cd_logradouro":"041467","nm_logradouro_completo":"R DA CANTAREIRA","cd_numero_porta":"957","tx_complemento_endereco":"961 969 E 977","tx_situ_lote":"ATIVO","cd_tipo_uso_imovel":"42","dc_tipo_uso_imovel":"Não residencial","cd_tipo_terreno_imovel":1,"qt_area_terreno":174,"qt_area_construida":300}}},{"type":"Feature","geometry":{"type":"Polygon","coordinates":[[[-45.028423,-23.517064],[-45.028423,-23.517037],[-45.028422,-23.517012],[-45.028422,-23.516948],[-45.028422,-23.516881],[-45.028422,-23.516852],[-45.028421,-23.516782],[-45.028422,-23.516763],[-45.028423,-23.516764],[-45.028424,-23.516906],[-45.028425,-23.517036],[-45.028424,-23.517044],[-45.028423,-23.517064]]]},"properties":{"sqlu":"SP-001-962579","inscription":"SP-GEOSAMPA-1962579","inscricaoImobiliaria":"SP-IMO-1962579","setor":"001","quadra":"016","lote":"0001","sourceType":"OFFICIAL_IMPORT","mainAddress":"Setor Fiscal 001","zoneamento":"RESIDENCIAL","statusCadastral":"ATIVO","workflowStatus":"PENDENTE","isOfficial":true,"rawProperties":{"cd_identificador":1962579,"cd_identificador_original_lote":8799510,"cd_setor_fiscal":"001","cd_tipo_quadra":"F","tx_tipo_quadra":"FISCAL","cd_quadra_fiscal":"016","cd_subquadra_fiscal":null,"cd_condominio":"00","cd_tipo_lote":"F","tx_tipo_lote":"FISCAL","cd_lote":"0001","cd_situacao":1,"cd_digito_sql":"1","cd_logradouro":"116637","nm_logradouro_completo":"R S LAZARO","cd_numero_porta":"2","tx_complemento_endereco":"E 4","tx_situ_lote":"ATIVO","cd_tipo_uso_imovel":"42","dc_tipo_uso_imovel":"Não residencial","cd_tipo_terreno_imovel":2,"qt_area_terreno":318,"qt_area_construida":686}}},{"type":"Feature","geometry":{"type":"Polygon","coordinates":[[[-45.028402,-23.514844],[-45.028402,-23.514717],[-45.028402,-23.514705],[-45.028403,-23.514798],[-45.028403,-23.514833],[-45.028402,-23.514844]]]},"properties":{"sqlu":"SP-001-962479","inscription":"SP-GEOSAMPA-1962479","inscricaoImobiliaria":"SP-IMO-1962479","setor":"001","quadra":"010","lote":"0027","sourceType":"OFFICIAL_IMPORT","mainAddress":"Setor Fiscal 001","zoneamento":"RESIDENCIAL","statusCadastral":"ATIVO","workflowStatus":"PENDENTE","isOfficial":true,"rawProperties":{"cd_identificador":1962479,"cd_identificador_original_lote":8799974,"cd_setor_fiscal":"001","cd_tipo_quadra":"F","tx_tipo_quadra":"FISCAL","cd_quadra_fiscal":"010","cd_subquadra_fiscal":null,"cd_condominio":"00","cd_tipo_lote":"F","tx_tipo_lote":"FISCAL","cd_lote":"0027","cd_situacao":1,"cd_digito_sql":"8","cd_logradouro":"075574","nm_logradouro_completo":"R FRANCISCO SA BARBOSA","cd_numero_porta":"14","tx_complemento_endereco":null,"tx_situ_lote":"ATIVO","cd_tipo_uso_imovel":"42","dc_tipo_uso_imovel":"Não residencial","cd_tipo_terreno_imovel":1,"qt_area_terreno":70,"qt_area_construida":112}}},{"type":"Feature","geometry":{"type":"Polygon","coordinates":[[[-45.028492,-23.522965],[-45.028492,-23.522918],[-45.028494,-23.522903],[-45.028495,-23.522899],[-45.028495,-23.522897],[-45.028498,-23.522882],[-45.028498,-23.522928],[-45.028494,-23.522949],[-45.028493,-23.522958],[-45.028492,-23.522965]]]},"properties":{"sqlu":"SP-001-962773","inscription":"SP-GEOSAMPA-1962773","inscricaoImobiliaria":"SP-IMO-1962773","setor":"001","quadra":"050","lote":"0010","sourceType":"OFFICIAL_IMPORT","mainAddress":"Setor Fiscal 001","zoneamento":"RESIDENCIAL","statusCadastral":"ATIVO","workflowStatus":"PENDENTE","isOfficial":true,"rawProperties":{"cd_identificador":1962773,"cd_identificador_original_lote":8801112,"cd_setor_fiscal":"001","cd_tipo_quadra":"F","tx_tipo_quadra":"FISCAL","cd_quadra_fiscal":"050","cd_subquadra_fiscal":null,"cd_condominio":"00","cd_tipo_lote":"F","tx_tipo_lote":"FISCAL","cd_lote":"0010","cd_situacao":1,"cd_digito_sql":"8","cd_logradouro":"072044","nm_logradouro_completo":"R FLORENCIO DE ABREU","cd_numero_porta":"174","tx_complemento_endereco":null,"tx_situ_lote":"ATIVO","cd_tipo_uso_imovel":"43","dc_tipo_uso_imovel":"Não residencial","cd_tipo_terreno_imovel":1,"qt_area_terreno":125,"qt_area_construida":360}}},{"type":"Feature","geometry":{"type":"Polygon","coordinates":[[[-45.028492,-23.522965],[-45.028487,-23.522996],[-45.028487,-23.522953],[-45.028491,-23.522922],[-45.028492,-23.522918],[-45.028492,-23.522965]]]},"properties":{"sqlu":"SP-001-962774","inscription":"SP-GEOSAMPA-1962774","inscricaoImobiliaria":"SP-IMO-1962774","setor":"001","quadra":"050","lote":"0075","sourceType":"OFFICIAL_IMPORT","mainAddress":"Setor Fiscal 001","zoneamento":"RESIDENCIAL","statusCadastral":"ATIVO","workflowStatus":"PENDENTE","isOfficial":true,"rawProperties":{"cd_identificador":1962774,"cd_identificador_original_lote":8801140,"cd_setor_fiscal":"001","cd_tipo_quadra":"F","tx_tipo_quadra":"FISCAL","cd_quadra_fiscal":"050","cd_subquadra_fiscal":null,"cd_condominio":"00","cd_tipo_lote":"F","tx_tipo_lote":"FISCAL","cd_lote":"0075","cd_situacao":1,"cd_digito_sql":"2","cd_logradouro":"197459","nm_logradouro_completo":"R VINTE E CINCO DE MARCO","cd_numero_porta":"807","tx_complemento_endereco":null,"tx_situ_lote":"ATIVO","cd_tipo_uso_imovel":"40","dc_tipo_uso_imovel":"Não residencial","cd_tipo_terreno_imovel":1,"qt_area_terreno":230,"qt_area_construida":440}}},{"type":"Feature","geometry":{"type":"Polygon","coordinates":[[[-45.028471,-23.514954],[-45.02847,-23.514965],[-45.02847,-23.51484],[-45.02847,-23.514826],[-45.028469,-23.514798],[-45.028471,-23.514784],[-45.028471,-23.514806],[-45.028471,-23.514954]]]},"properties":{"sqlu":"SP-001-962489","inscription":"SP-GEOSAMPA-1962489","inscricaoImobiliaria":"SP-IMO-1962489","setor":"001","quadra":"004","lote":"0003","sourceType":"OFFICIAL_IMPORT","mainAddress":"Setor Fiscal 001","zoneamento":"RESIDENCIAL","statusCadastral":"ATIVO","workflowStatus":"PENDENTE","isOfficial":true,"rawProperties":{"cd_identificador":1962489,"cd_identificador_original_lote":8799544,"cd_setor_fiscal":"001","cd_tipo_quadra":"F","tx_tipo_quadra":"FISCAL","cd_quadra_fiscal":"004","cd_subquadra_fiscal":null,"cd_condominio":"00","cd_tipo_lote":"F","tx_tipo_lote":"FISCAL","cd_lote":"0003","cd_situacao":1,"cd_digito_sql":"5","cd_logradouro":"038121","nm_logradouro_completo":"R S CAETANO","cd_numero_porta":"155","tx_complemento_endereco":"E 157","tx_situ_lote":"ATIVO","cd_tipo_uso_imovel":"43","dc_tipo_uso_imovel":"Não residencial","cd_tipo_terreno_imovel":1,"qt_area_terreno":138,"qt_area_construida":400}}},{"type":"Feature","geometry":{"type":"Polygon","coordinates":[[[-45.028556,-23.51727],[-45.028556,-23.517204],[-45.028557,-23.517202],[-45.028557,-23.517202],[-45.02856,-23.517197],[-45.02856,-23.517226],[-45.02856,-23.517252],[-45.028565,-23.517245],[-45.028565,-23.517257],[-45.028558,-23.517266],[-45.028557,-23.517269],[-45.028556,-23.51727]]]},"properties":{"sqlu":"SP-001-962666","inscription":"SP-GEOSAMPA-1962666","inscricaoImobiliaria":"SP-IMO-1962666","setor":"001","quadra":"019","lote":"0067","sourceType":"OFFICIAL_IMPORT","mainAddress":"Setor Fiscal 001","zoneamento":"RESIDENCIAL","statusCadastral":"ATIVO","workflowStatus":"PENDENTE","isOfficial":true,"rawProperties":{"cd_identificador":1962666,"cd_identificador_original_lote":8799677,"cd_setor_fiscal":"001","cd_tipo_quadra":"F","tx_tipo_quadra":"FISCAL","cd_quadra_fiscal":"019","cd_subquadra_fiscal":null,"cd_condominio":"00","cd_tipo_lote":"F","tx_tipo_lote":"FISCAL","cd_lote":"0067","cd_situacao":1,"cd_digito_sql":"8","cd_logradouro":"054607","nm_logradouro_completo":"R GAL COUTO DE MAGALHAES","cd_numero_porta":"294","tx_complemento_endereco":null,"tx_situ_lote":"ATIVO","cd_tipo_uso_imovel":"80","dc_tipo_uso_imovel":"Não residencial","cd_tipo_terreno_imovel":6,"qt_area_terreno":225,"qt_area_construida":78}}},{"type":"Feature","geometry":{"type":"Polygon","coordinates":[[[-45.028426,-23.515384],[-45.028425,-23.5152],[-45.028427,-23.515189],[-45.028427,-23.515197],[-45.028428,-23.515372],[-45.028426,-23.515384]]]},"properties":{"sqlu":"SP-001-962667","inscription":"SP-GEOSAMPA-1962667","inscricaoImobiliaria":"SP-IMO-1962667","setor":"001","quadra":"008","lote":"0001","sourceType":"OFFICIAL_IMPORT","mainAddress":"Setor Fiscal 001","zoneamento":"RESIDENCIAL","statusCadastral":"ATIVO","workflowStatus":"PENDENTE","isOfficial":true,"rawProperties":{"cd_identificador":1962667,"cd_identificador_original_lote":8800601,"cd_setor_fiscal":"001","cd_tipo_quadra":"F","tx_tipo_quadra":"FISCAL","cd_quadra_fiscal":"008","cd_subquadra_fiscal":null,"cd_condominio":"00","cd_tipo_lote":"F","tx_tipo_lote":"FISCAL","cd_lote":"0001","cd_situacao":1,"cd_digito_sql":"7","cd_logradouro":"038121","nm_logradouro_completo":"R S CAETANO","cd_numero_porta":"417","tx_complemento_endereco":null,"tx_situ_lote":"ATIVO","cd_tipo_uso_imovel":"40","dc_tipo_uso_imovel":"Não residencial","cd_tipo_terreno_imovel":2,"qt_area_terreno":102,"qt_area_construida":86}}},{"type":"Feature","geometry":{"type":"Polygon","coordinates":[[[-45.028421,-23.517465],[-45.028422,-23.517638],[-45.028422,-23.517666],[-45.028421,-23.517687],[-45.028419,-23.517711],[-45.028418,-23.517733],[-45.028418,-23.517737],[-45.028416,-23.517758],[-45.028416,-23.517765],[-45.028415,-23.517586],[-45.028415,-23.517559],[-45.028421,-23.517465]]]},"properties":{"sqlu":"SP-001-962947","inscription":"SP-GEOSAMPA-1962947","inscricaoImobiliaria":"SP-IMO-1962947","setor":"001","quadra":"025","lote":"0056","sourceType":"OFFICIAL_IMPORT","mainAddress":"Setor Fiscal 001","zoneamento":"RESIDENCIAL","statusCadastral":"ATIVO","workflowStatus":"PENDENTE","isOfficial":true,"rawProperties":{"cd_identificador":1962947,"cd_identificador_original_lote":8799686,"cd_setor_fiscal":"001","cd_tipo_quadra":"F","tx_tipo_quadra":"FISCAL","cd_quadra_fiscal":"025","cd_subquadra_fiscal":null,"cd_condominio":"00","cd_tipo_lote":"F","tx_tipo_lote":"FISCAL","cd_lote":"0056","cd_situacao":1,"cd_digito_sql":"8","cd_logradouro":"137332","nm_logradouro_completo":"R MAUA","cd_numero_porta":"1212","tx_complemento_endereco":"1216 1222 1232","tx_situ_lote":"ATIVO","cd_tipo_uso_imovel":"43","dc_tipo_uso_imovel":"Não residencial","cd_tipo_terreno_imovel":2,"qt_area_terreno":960,"qt_area_construida":2920}}},{"type":"Feature","geometry":{"type":"Polygon","coordinates":[[[-45.028516,-23.528833],[-45.028518,-23.528843],[-45.028518,-23.528845],[-45.028518,-23.528914],[-45.028517,-23.528921],[-45.028516,-23.528956],[-45.028517,-23.529122],[-45.028512,-23.529181],[-45.028511,-23.529168],[-45.028511,-23.529157],[-45.028511,-23.529148],[-45.028511,-23.529144],[-45.028511,-23.529142],[-45.028513,-23.52892],[-45.028513,-23.528922],[-45.028516,-23.528912],[-45.028516,-23.528833]]]},"properties":{"sqlu":"SP-001-962831","inscription":"SP-GEOSAMPA-1962831","inscricaoImobiliaria":"SP-IMO-1962831","setor":"001","quadra":"086","lote":"0000","sourceType":"OFFICIAL_IMPORT","mainAddress":"Setor Fiscal 001","zoneamento":"RESIDENCIAL","statusCadastral":"ATIVO","workflowStatus":"PENDENTE","isOfficial":true,"rawProperties":{"cd_identificador":1962831,"cd_identificador_original_lote":8800239,"cd_setor_fiscal":"001","cd_tipo_quadra":"F","tx_tipo_quadra":"FISCAL","cd_quadra_fiscal":"086","cd_subquadra_fiscal":null,"cd_condominio":"02","cd_tipo_lote":"F","tx_tipo_lote":"FISCAL","cd_lote":"0000","cd_situacao":1,"cd_digito_sql":null,"cd_logradouro":"059447","nm_logradouro_completo":"R DIREITA","cd_numero_porta":"18 32 46","tx_complemento_endereco":null,"tx_situ_lote":null,"cd_tipo_uso_imovel":"XX","dc_tipo_uso_imovel":"Condomínio","cd_tipo_terreno_imovel":99,"qt_area_terreno":817,"qt_area_construida":null}}},{"type":"Feature","geometry":{"type":"Polygon","coordinates":[[[-45.028547,-23.516016],[-45.028547,-23.515916],[-45.028546,-23.515693],[-45.028547,-23.515674],[-45.028547,-23.515805],[-45.028548,-23.516],[-45.028547,-23.516014],[-45.028547,-23.516015],[-45.028547,-23.516016]]]},"properties":{"sqlu":"SP-001-962862","inscription":"SP-GEOSAMPA-1962862","inscricaoImobiliaria":"SP-IMO-1962862","setor":"001","quadra":"019","lote":"0024","sourceType":"OFFICIAL_IMPORT","mainAddress":"Setor Fiscal 001","zoneamento":"RESIDENCIAL","statusCadastral":"ATIVO","workflowStatus":"PENDENTE","isOfficial":true,"rawProperties":{"cd_identificador":1962862,"cd_identificador_original_lote":8799664,"cd_setor_fiscal":"001","cd_tipo_quadra":"F","tx_tipo_quadra":"FISCAL","cd_quadra_fiscal":"019","cd_subquadra_fiscal":null,"cd_condominio":"00","cd_tipo_lote":"F","tx_tipo_lote":"FISCAL","cd_lote":"0024","cd_situacao":1,"cd_digito_sql":"4","cd_logradouro":"137332","nm_logradouro_completo":"R MAUA","cd_numero_porta":"422","tx_complemento_endereco":"E 426","tx_situ_lote":"ATIVO","cd_tipo_uso_imovel":"42","dc_tipo_uso_imovel":"Não residencial","cd_tipo_terreno_imovel":1,"qt_area_terreno":304,"qt_area_construida":500}}},{"type":"Feature","geometry":{"type":"Polygon","coordinates":[[[-45.028512,-23.522637],[-45.028511,-23.522518],[-45.028512,-23.52251],[-45.028513,-23.522479],[-45.028516,-23.52243],[-45.028516,-23.52242],[-45.028518,-23.522369],[-45.02852,-23.522344],[-45.028522,-23.522537],[-45.028513,-23.522711],[-45.028512,-23.522637]]]},"properties":{"sqlu":"SP-001-962852","inscription":"SP-GEOSAMPA-1962852","inscricaoImobiliaria":"SP-IMO-1962852","setor":"001","quadra":"049","lote":"0126","sourceType":"OFFICIAL_IMPORT","mainAddress":"Setor Fiscal 001","zoneamento":"RESIDENCIAL","statusCadastral":"ATIVO","workflowStatus":"PENDENTE","isOfficial":true,"rawProperties":{"cd_identificador":1962852,"cd_identificador_original_lote":8800957,"cd_setor_fiscal":"001","cd_tipo_quadra":"F","tx_tipo_quadra":"FISCAL","cd_quadra_fiscal":"049","cd_subquadra_fiscal":null,"cd_condominio":"00","cd_tipo_lote":"F","tx_tipo_lote":"FISCAL","cd_lote":"0126","cd_situacao":1,"cd_digito_sql":"8","cd_logradouro":"165930","nm_logradouro_completo":"AV PRESTES MAIA","cd_numero_porta":"340","tx_complemento_endereco":null,"tx_situ_lote":"ATIVO","cd_tipo_uso_imovel":"43","dc_tipo_uso_imovel":"Não residencial","cd_tipo_terreno_imovel":1,"qt_area_terreno":713,"qt_area_construida":400}}},{"type":"Feature","geometry":{"type":"Polygon","coordinates":[[[-45.028569,-23.523045],[-45.02857,-23.523048],[-45.02857,-23.523061],[-45.02857,-23.5231],[-45.02857,-23.523118],[-45.028569,-23.523204],[-45.028568,-23.523199],[-45.028569,-23.523045]]]},"properties":{"sqlu":"SP-001-963029","inscription":"SP-GEOSAMPA-1963029","inscricaoImobiliaria":"SP-IMO-1963029","setor":"001","quadra":"057","lote":"0025","sourceType":"OFFICIAL_IMPORT","mainAddress":"Setor Fiscal 001","zoneamento":"RESIDENCIAL","statusCadastral":"ATIVO","workflowStatus":"PENDENTE","isOfficial":true,"rawProperties":{"cd_identificador":1963029,"cd_identificador_original_lote":8800484,"cd_setor_fiscal":"001","cd_tipo_quadra":"F","tx_tipo_quadra":"FISCAL","cd_quadra_fiscal":"057","cd_subquadra_fiscal":null,"cd_condominio":"00","cd_tipo_lote":"F","tx_tipo_lote":"FISCAL","cd_lote":"0025","cd_situacao":1,"cd_digito_sql":"8","cd_logradouro":"176338","nm_logradouro_completo":"R CAP SALOMAO","cd_numero_porta":"74","tx_complemento_endereco":null,"tx_situ_lote":"ATIVO","cd_tipo_uso_imovel":"40","dc_tipo_uso_imovel":"Não residencial","cd_tipo_terreno_imovel":1,"qt_area_terreno":118,"qt_area_construida":118}}},{"type":"Feature","geometry":{"type":"Polygon","coordinates":[[[-45.028569,-23.523045],[-45.028568,-23.523199],[-45.028567,-23.523191],[-45.028568,-23.523044],[-45.028569,-23.523045]]]},"properties":{"sqlu":"SP-001-963028","inscription":"SP-GEOSAMPA-1963028","inscricaoImobiliaria":"SP-IMO-1963028","setor":"001","quadra":"057","lote":"0026","sourceType":"OFFICIAL_IMPORT","mainAddress":"Setor Fiscal 001","zoneamento":"RESIDENCIAL","statusCadastral":"ATIVO","workflowStatus":"PENDENTE","isOfficial":true,"rawProperties":{"cd_identificador":1963028,"cd_identificador_original_lote":8800483,"cd_setor_fiscal":"001","cd_tipo_quadra":"F","tx_tipo_quadra":"FISCAL","cd_quadra_fiscal":"057","cd_subquadra_fiscal":null,"cd_condominio":"00","cd_tipo_lote":"F","tx_tipo_lote":"FISCAL","cd_lote":"0026","cd_situacao":1,"cd_digito_sql":"6","cd_logradouro":"176338","nm_logradouro_completo":"R CAP SALOMAO","cd_numero_porta":"68","tx_complemento_endereco":"E 70","tx_situ_lote":"ATIVO","cd_tipo_uso_imovel":"40","dc_tipo_uso_imovel":"Não residencial","cd_tipo_terreno_imovel":1,"qt_area_terreno":118,"qt_area_construida":118}}},{"type":"Feature","geometry":{"type":"Polygon","coordinates":[[[-45.028486,-23.525253],[-45.028487,-23.525191],[-45.028491,-23.525279],[-45.028491,-23.52534],[-45.028486,-23.525253]]]},"properties":{"sqlu":"SP-001-963086","inscription":"SP-GEOSAMPA-1963086","inscricaoImobiliaria":"SP-IMO-1963086","setor":"001","quadra":"075","lote":"0028","sourceType":"OFFICIAL_IMPORT","mainAddress":"Setor Fiscal 001","zoneamento":"RESIDENCIAL","statusCadastral":"ATIVO","workflowStatus":"PENDENTE","isOfficial":true,"rawProperties":{"cd_identificador":1963086,"cd_identificador_original_lote":8800083,"cd_setor_fiscal":"001","cd_tipo_quadra":"F","tx_tipo_quadra":"FISCAL","cd_quadra_fiscal":"075","cd_subquadra_fiscal":null,"cd_condominio":"00","cd_tipo_lote":"F","tx_tipo_lote":"FISCAL","cd_lote":"0028","cd_situacao":1,"cd_digito_sql":"0","cd_logradouro":"197459","nm_logradouro_completo":"R VINTE E CINCO DE MARCO","cd_numero_porta":"553","tx_complemento_endereco":"555","tx_situ_lote":"ATIVO","cd_tipo_uso_imovel":"40","dc_tipo_uso_imovel":"Não residencial","cd_tipo_terreno_imovel":1,"qt_area_terreno":170,"qt_area_construida":340}}},{"type":"Feature","geometry":{"type":"Polygon","coordinates":[[[-45.02845,-23.513848],[-45.028451,-23.513825],[-45.028452,-23.513876],[-45.028452,-23.513876],[-45.02845,-23.513897],[-45.028449,-23.513912],[-45.028446,-23.513955],[-45.028446,-23.513903],[-45.028448,-23.513868],[-45.02845,-23.513848]]]},"properties":{"sqlu":"SP-001-963278","inscription":"SP-GEOSAMPA-1963278","inscricaoImobiliaria":"SP-IMO-1963278","setor":"001","quadra":"005","lote":"0029","sourceType":"OFFICIAL_IMPORT","mainAddress":"Setor Fiscal 001","zoneamento":"RESIDENCIAL","statusCadastral":"ATIVO","workflowStatus":"PENDENTE","isOfficial":true,"rawProperties":{"cd_identificador":1963278,"cd_identificador_original_lote":8800790,"cd_setor_fiscal":"001","cd_tipo_quadra":"F","tx_tipo_quadra":"FISCAL","cd_quadra_fiscal":"005","cd_subquadra_fiscal":null,"cd_condominio":"00","cd_tipo_lote":"F","tx_tipo_lote":"FISCAL","cd_lote":"0029","cd_situacao":1,"cd_digito_sql":"3","cd_logradouro":"158780","nm_logradouro_completo":"R DR PEDRO ARBUES","cd_numero_porta":"147","tx_complemento_endereco":null,"tx_situ_lote":"ATIVO","cd_tipo_uso_imovel":"40","dc_tipo_uso_imovel":"Não residencial","cd_tipo_terreno_imovel":1,"qt_area_terreno":214,"qt_area_construida":300}}},{"type":"Feature","geometry":{"type":"Polygon","coordinates":[[[-45.028466,-23.519654],[-45.028467,-23.519639],[-45.028468,-23.519811],[-45.028467,-23.519826],[-45.028466,-23.519654]]]},"properties":{"sqlu":"SP-001-963348","inscription":"SP-GEOSAMPA-1963348","inscricaoImobiliaria":"SP-IMO-1963348","setor":"001","quadra":"032","lote":"0102","sourceType":"OFFICIAL_IMPORT","mainAddress":"Setor Fiscal 001","zoneamento":"RESIDENCIAL","statusCadastral":"ATIVO","workflowStatus":"PENDENTE","isOfficial":true,"rawProperties":{"cd_identificador":1963348,"cd_identificador_original_lote":8800801,"cd_setor_fiscal":"001","cd_tipo_quadra":"F","tx_tipo_quadra":"FISCAL","cd_quadra_fiscal":"032","cd_subquadra_fiscal":null,"cd_condominio":"00","cd_tipo_lote":"F","tx_tipo_lote":"FISCAL","cd_lote":"0102","cd_situacao":1,"cd_digito_sql":"5","cd_logradouro":"167258","nm_logradouro_completo":"AV SEN QUEIROS","cd_numero_porta":"499","tx_complemento_endereco":"E 503","tx_situ_lote":"ATIVO","cd_tipo_uso_imovel":"43","dc_tipo_uso_imovel":"Não residencial","cd_tipo_terreno_imovel":1,"qt_area_terreno":124,"qt_area_construida":360}}},{"type":"Feature","geometry":{"type":"Polygon","coordinates":[[[-45.028521,-23.51501],[-45.02852,-23.515025],[-45.028511,-23.515159],[-45.02851,-23.515162],[-45.02851,-23.515162],[-45.02851,-23.515161],[-45.02851,-23.515157],[-45.02851,-23.515153],[-45.028508,-23.514791],[-45.028506,-23.514399],[-45.028505,-23.514273],[-45.028516,-23.514113],[-45.028521,-23.51501]]]},"properties":{"sqlu":"SP-001-963422","inscription":"SP-GEOSAMPA-1963422","inscricaoImobiliaria":"SP-IMO-1963422","setor":"001","quadra":"087","lote":"0001","sourceType":"OFFICIAL_IMPORT","mainAddress":"Setor Fiscal 001","zoneamento":"RESIDENCIAL","statusCadastral":"ATIVO","workflowStatus":"PENDENTE","isOfficial":true,"rawProperties":{"cd_identificador":1963422,"cd_identificador_original_lote":8800495,"cd_setor_fiscal":"001","cd_tipo_quadra":"F","tx_tipo_quadra":"FISCAL","cd_quadra_fiscal":"087","cd_subquadra_fiscal":null,"cd_condominio":"00","cd_tipo_lote":"F","tx_tipo_lote":"FISCAL","cd_lote":"0001","cd_situacao":1,"cd_digito_sql":"1","cd_logradouro":"189936","nm_logradouro_completo":"AV TIRADENTES","cd_numero_porta":"141","tx_complemento_endereco":"E 173","tx_situ_lote":"ATIVO","cd_tipo_uso_imovel":"74","dc_tipo_uso_imovel":"Não residencial","cd_tipo_terreno_imovel":2,"qt_area_terreno":6630,"qt_area_construida":10604}}},{"type":"Feature","geometry":{"type":"Polygon","coordinates":[[[-45.028475,-23.520082],[-45.028479,-23.520032],[-45.02848,-23.520041],[-45.02848,-23.520274],[-45.028478,-23.520278],[-45.028478,-23.520279],[-45.028476,-23.520282],[-45.028476,-23.520282],[-45.028476,-23.520284],[-45.028476,-23.520243],[-45.028475,-23.520202],[-45.028475,-23.520159],[-45.028475,-23.520082]]]},"properties":{"sqlu":"SP-001-963481","inscription":"SP-GEOSAMPA-1963481","inscricaoImobiliaria":"SP-IMO-1963481","setor":"001","quadra":"042","lote":"0000","sourceType":"OFFICIAL_IMPORT","mainAddress":"Setor Fiscal 001","zoneamento":"RESIDENCIAL","statusCadastral":"ATIVO","workflowStatus":"PENDENTE","isOfficial":true,"rawProperties":{"cd_identificador":1963481,"cd_identificador_original_lote":8801017,"cd_setor_fiscal":"001","cd_tipo_quadra":"F","tx_tipo_quadra":"FISCAL","cd_quadra_fiscal":"042","cd_subquadra_fiscal":null,"cd_condominio":"04","cd_tipo_lote":"F","tx_tipo_lote":"FISCAL","cd_lote":"0000","cd_situacao":1,"cd_digito_sql":null,"cd_logradouro":"167258","nm_logradouro_completo":"AV SEN QUEIROS","cd_numero_porta":"450 456 460","tx_complemento_endereco":null,"tx_situ_lote":null,"cd_tipo_uso_imovel":"XX","dc_tipo_uso_imovel":"Condomínio","cd_tipo_terreno_imovel":99,"qt_area_terreno":625,"qt_area_construida":null}}},{"type":"Feature","geometry":{"type":"Polygon","coordinates":[[[-45.028475,-23.517687],[-45.028474,-23.517596],[-45.028475,-23.517586],[-45.028476,-23.517577],[-45.028476,-23.517668],[-45.028475,-23.517687]]]},"properties":{"sqlu":"SP-001-963401","inscription":"SP-GEOSAMPA-1963401","inscricaoImobiliaria":"SP-IMO-1963401","setor":"001","quadra":"023","lote":"0065","sourceType":"OFFICIAL_IMPORT","mainAddress":"Setor Fiscal 001","zoneamento":"RESIDENCIAL","statusCadastral":"ATIVO","workflowStatus":"PENDENTE","isOfficial":true,"rawProperties":{"cd_identificador":1963401,"cd_identificador_original_lote":8801270,"cd_setor_fiscal":"001","cd_tipo_quadra":"F","tx_tipo_quadra":"FISCAL","cd_quadra_fiscal":"023","cd_subquadra_fiscal":null,"cd_condominio":"00","cd_tipo_lote":"F","tx_tipo_lote":"FISCAL","cd_lote":"0065","cd_situacao":1,"cd_digito_sql":"8","cd_logradouro":"036960","nm_logradouro_completo":"TV AUGUSTO MEYER","cd_numero_porta":"20","tx_complemento_endereco":"CASA 20","tx_situ_lote":"ATIVO","cd_tipo_uso_imovel":"10","dc_tipo_uso_imovel":"Residencial","cd_tipo_terreno_imovel":1,"qt_area_terreno":83,"qt_area_construida":50}}},{"type":"Feature","geometry":{"type":"Polygon","coordinates":[[[-45.028475,-23.517687],[-45.028473,-23.517707],[-45.028473,-23.517617],[-45.028473,-23.51761],[-45.028474,-23.517601],[-45.028474,-23.517596],[-45.028475,-23.517687]]]},"properties":{"sqlu":"SP-001-963402","inscription":"SP-GEOSAMPA-1963402","inscricaoImobiliaria":"SP-IMO-1963402","setor":"001","quadra":"023","lote":"0066","sourceType":"OFFICIAL_IMPORT","mainAddress":"Setor Fiscal 001","zoneamento":"RESIDENCIAL","statusCadastral":"ATIVO","workflowStatus":"PENDENTE","isOfficial":true,"rawProperties":{"cd_identificador":1963402,"cd_identificador_original_lote":8801325,"cd_setor_fiscal":"001","cd_tipo_quadra":"F","tx_tipo_quadra":"FISCAL","cd_quadra_fiscal":"023","cd_subquadra_fiscal":null,"cd_condominio":"00","cd_tipo_lote":"F","tx_tipo_lote":"FISCAL","cd_lote":"0066","cd_situacao":1,"cd_digito_sql":"6","cd_logradouro":"036960","nm_logradouro_completo":"TV AUGUSTO MEYER","cd_numero_porta":"18","tx_complemento_endereco":"CS 18","tx_situ_lote":"ATIVO","cd_tipo_uso_imovel":"10","dc_tipo_uso_imovel":"Residencial","cd_tipo_terreno_imovel":1,"qt_area_terreno":82,"qt_area_construida":50}}},{"type":"Feature","geometry":{"type":"Polygon","coordinates":[[[-45.028478,-23.517537],[-45.028479,-23.517525],[-45.02848,-23.517617],[-45.028479,-23.517634],[-45.028478,-23.517543],[-45.028478,-23.517537]]]},"properties":{"sqlu":"SP-001-963574","inscription":"SP-GEOSAMPA-1963574","inscricaoImobiliaria":"SP-IMO-1963574","setor":"001","quadra":"023","lote":"0062","sourceType":"OFFICIAL_IMPORT","mainAddress":"Setor Fiscal 001","zoneamento":"RESIDENCIAL","statusCadastral":"ATIVO","workflowStatus":"PENDENTE","isOfficial":true,"rawProperties":{"cd_identificador":1963574,"cd_identificador_original_lote":8801236,"cd_setor_fiscal":"001","cd_tipo_quadra":"F","tx_tipo_quadra":"FISCAL","cd_quadra_fiscal":"023","cd_subquadra_fiscal":null,"cd_condominio":"00","cd_tipo_lote":"F","tx_tipo_lote":"FISCAL","cd_lote":"0062","cd_situacao":1,"cd_digito_sql":"3","cd_logradouro":"036960","nm_logradouro_completo":"TV AUGUSTO MEYER","cd_numero_porta":"26","tx_complemento_endereco":"CS 26","tx_situ_lote":"ATIVO","cd_tipo_uso_imovel":"10","dc_tipo_uso_imovel":"Residencial","cd_tipo_terreno_imovel":1,"qt_area_terreno":74,"qt_area_construida":150}}},{"type":"Feature","geometry":{"type":"Polygon","coordinates":[[[-45.028468,-23.518923],[-45.028467,-23.518924],[-45.028467,-23.518933],[-45.028466,-23.518938],[-45.028465,-23.518953],[-45.028465,-23.51896],[-45.028465,-23.518616],[-45.028467,-23.518577],[-45.028467,-23.518841],[-45.028468,-23.518923]]]},"properties":{"sqlu":"SP-001-963476","inscription":"SP-GEOSAMPA-1963476","inscricaoImobiliaria":"SP-IMO-1963476","setor":"001","quadra":"032","lote":"0479","sourceType":"OFFICIAL_IMPORT","mainAddress":"Setor Fiscal 001","zoneamento":"RESIDENCIAL","statusCadastral":"ATIVO","workflowStatus":"PENDENTE","isOfficial":true,"rawProperties":{"cd_identificador":1963476,"cd_identificador_original_lote":8800823,"cd_setor_fiscal":"001","cd_tipo_quadra":"F","tx_tipo_quadra":"FISCAL","cd_quadra_fiscal":"032","cd_subquadra_fiscal":null,"cd_condominio":"00","cd_tipo_lote":"F","tx_tipo_lote":"FISCAL","cd_lote":"0479","cd_situacao":1,"cd_digito_sql":"2","cd_logradouro":"156299","nm_logradouro_completo":"R PAULA SOUSA","cd_numero_porta":"190","tx_complemento_endereco":null,"tx_situ_lote":"ATIVO","cd_tipo_uso_imovel":"31","dc_tipo_uso_imovel":"Não residencial","cd_tipo_terreno_imovel":1,"qt_area_terreno":605,"qt_area_construida":2712}}},{"type":"Feature","geometry":{"type":"Polygon","coordinates":[[[-45.028546,-23.515693],[-45.028547,-23.515916],[-45.028547,-23.516016],[-45.028546,-23.516033],[-45.028546,-23.51602],[-45.028545,-23.515847],[-45.028544,-23.515712],[-45.028546,-23.515693]]]},"properties":{"sqlu":"SP-001-963661","inscription":"SP-GEOSAMPA-1963661","inscricaoImobiliaria":"SP-IMO-1963661","setor":"001","quadra":"019","lote":"0023","sourceType":"OFFICIAL_IMPORT","mainAddress":"Setor Fiscal 001","zoneamento":"RESIDENCIAL","statusCadastral":"ATIVO","workflowStatus":"PENDENTE","isOfficial":true,"rawProperties":{"cd_identificador":1963661,"cd_identificador_original_lote":8799621,"cd_setor_fiscal":"001","cd_tipo_quadra":"F","tx_tipo_quadra":"FISCAL","cd_quadra_fiscal":"019","cd_subquadra_fiscal":null,"cd_condominio":"00","cd_tipo_lote":"F","tx_tipo_lote":"FISCAL","cd_lote":"0023","cd_situacao":1,"cd_digito_sql":"6","cd_logradouro":"137332","nm_logradouro_completo":"R MAUA","cd_numero_porta":"432","tx_complemento_endereco":"E 436","tx_situ_lote":"ATIVO","cd_tipo_uso_imovel":"42","dc_tipo_uso_imovel":"Não residencial","cd_tipo_terreno_imovel":1,"qt_area_terreno":304,"qt_area_construida":500}}},{"type":"Feature","geometry":{"type":"Polygon","coordinates":[[[-45.028538,-23.51917],[-45.028533,-23.519248],[-45.028532,-23.51922],[-45.028531,-23.519],[-45.028533,-23.518963],[-45.028535,-23.518936],[-45.028537,-23.518901],[-45.02854,-23.518843],[-45.02854,-23.518913],[-45.028538,-23.518945],[-45.028539,-23.519037],[-45.028537,-23.519056],[-45.028538,-23.51917]]]},"properties":{"sqlu":"SP-001-963694","inscription":"SP-GEOSAMPA-1963694","inscricaoImobiliaria":"SP-IMO-1963694","setor":"001","quadra":"027","lote":"0000","sourceType":"OFFICIAL_IMPORT","mainAddress":"Setor Fiscal 001","zoneamento":"RESIDENCIAL","statusCadastral":"ATIVO","workflowStatus":"PENDENTE","isOfficial":true,"rawProperties":{"cd_identificador":1963694,"cd_identificador_original_lote":8799794,"cd_setor_fiscal":"001","cd_tipo_quadra":"F","tx_tipo_quadra":"FISCAL","cd_quadra_fiscal":"027","cd_subquadra_fiscal":null,"cd_condominio":"03","cd_tipo_lote":"F","tx_tipo_lote":"FISCAL","cd_lote":"0000","cd_situacao":1,"cd_digito_sql":null,"cd_logradouro":"167258","nm_logradouro_completo":"AV SEN QUEIROS","cd_numero_porta":"101","tx_complemento_endereco":null,"tx_situ_lote":null,"cd_tipo_uso_imovel":"XX","dc_tipo_uso_imovel":"Condomínio","cd_tipo_terreno_imovel":99,"qt_area_terreno":1221,"qt_area_construida":null}}},{"type":"Feature","geometry":{"type":"Polygon","coordinates":[[[-45.028504,-23.51996],[-45.028504,-23.519801],[-45.028504,-23.51979],[-45.028507,-23.519797],[-45.028508,-23.519809],[-45.028508,-23.519968],[-45.028508,-23.519968],[-45.028508,-23.519968],[-45.028505,-23.519962],[-45.028504,-23.51996]]]},"properties":{"sqlu":"SP-001-963820","inscription":"SP-GEOSAMPA-1963820","inscricaoImobiliaria":"SP-IMO-1963820","setor":"001","quadra":"039","lote":"0000","sourceType":"OFFICIAL_IMPORT","mainAddress":"Setor Fiscal 001","zoneamento":"RESIDENCIAL","statusCadastral":"ATIVO","workflowStatus":"PENDENTE","isOfficial":true,"rawProperties":{"cd_identificador":1963820,"cd_identificador_original_lote":8800943,"cd_setor_fiscal":"001","cd_tipo_quadra":"F","tx_tipo_quadra":"FISCAL","cd_quadra_fiscal":"039","cd_subquadra_fiscal":null,"cd_condominio":"01","cd_tipo_lote":"F","tx_tipo_lote":"FISCAL","cd_lote":"0000","cd_situacao":1,"cd_digito_sql":null,"cd_logradouro":"167258","nm_logradouro_completo":"AV SEN QUEIROS","cd_numero_porta":"268 274","tx_complemento_endereco":null,"tx_situ_lote":null,"cd_tipo_uso_imovel":"XX","dc_tipo_uso_imovel":"Condomínio","cd_tipo_terreno_imovel":99,"qt_area_terreno":460,"qt_area_construida":null}}},{"type":"Feature","geometry":{"type":"Polygon","coordinates":[[[-45.028465,-23.520225],[-45.028467,-23.520186],[-45.028468,-23.520179],[-45.028468,-23.520267],[-45.028468,-23.5203],[-45.028467,-23.520301],[-45.028467,-23.520303],[-45.028466,-23.520305],[-45.028465,-23.520306],[-45.028465,-23.520307],[-45.028465,-23.520308],[-45.028465,-23.520225]]]},"properties":{"sqlu":"SP-001-782889","inscription":"SP-GEOSAMPA-6782889","inscricaoImobiliaria":"SP-IMO-6782889","setor":"001","quadra":"042","lote":"0000","sourceType":"OFFICIAL_IMPORT","mainAddress":"Setor Fiscal 001","zoneamento":"RESIDENCIAL","statusCadastral":"ATIVO","workflowStatus":"PENDENTE","isOfficial":true,"rawProperties":{"cd_identificador":6782889,"cd_identificador_original_lote":10643382,"cd_setor_fiscal":"001","cd_tipo_quadra":"F","tx_tipo_quadra":"FISCAL","cd_quadra_fiscal":"042","cd_subquadra_fiscal":null,"cd_condominio":"09","cd_tipo_lote":"F","tx_tipo_lote":"FISCAL","cd_lote":"0000","cd_situacao":1,"cd_digito_sql":null,"cd_logradouro":"167258","nm_logradouro_completo":"AV SEN QUEIROS","cd_numero_porta":"506 512 520","tx_complemento_endereco":null,"tx_situ_lote":null,"cd_tipo_uso_imovel":"XX","dc_tipo_uso_imovel":"Condomínio","cd_tipo_terreno_imovel":99,"qt_area_terreno":260,"qt_area_construida":null}}},{"type":"Feature","geometry":{"type":"Polygon","coordinates":[[[-45.028546,-23.516854],[-45.028545,-23.516632],[-45.028546,-23.516617],[-45.028548,-23.5166],[-45.028549,-23.516582],[-45.028551,-23.516564],[-45.028552,-23.516791],[-45.028551,-23.516802],[-45.02855,-23.516811],[-45.028549,-23.516816],[-45.028548,-23.516826],[-45.028548,-23.516832],[-45.028547,-23.51684],[-45.028546,-23.516854]]]},"properties":{"sqlu":"SP-001-963893","inscription":"SP-GEOSAMPA-1963893","inscricaoImobiliaria":"SP-IMO-1963893","setor":"001","quadra":"019","lote":"0000","sourceType":"OFFICIAL_IMPORT","mainAddress":"Setor Fiscal 001","zoneamento":"RESIDENCIAL","statusCadastral":"ATIVO","workflowStatus":"PENDENTE","isOfficial":true,"rawProperties":{"cd_identificador":1963893,"cd_identificador_original_lote":8799657,"cd_setor_fiscal":"001","cd_tipo_quadra":"F","tx_tipo_quadra":"FISCAL","cd_quadra_fiscal":"019","cd_subquadra_fiscal":null,"cd_condominio":"02","cd_tipo_lote":"F","tx_tipo_lote":"FISCAL","cd_lote":"0000","cd_situacao":1,"cd_digito_sql":null,"cd_logradouro":"045411","nm_logradouro_completo":"AV CASPER LIBERO","cd_numero_porta":"563 573 575","tx_complemento_endereco":null,"tx_situ_lote":null,"cd_tipo_uso_imovel":"XX","dc_tipo_uso_imovel":"Condomínio","cd_tipo_terreno_imovel":99,"qt_area_terreno":904,"qt_area_construida":null}}},{"type":"Feature","geometry":{"type":"Polygon","coordinates":[[[-45.028476,-23.517971],[-45.028476,-23.517965],[-45.028477,-23.517951],[-45.028478,-23.517932],[-45.028479,-23.517929],[-45.02848,-23.517914],[-45.02848,-23.517911],[-45.02848,-23.517962],[-45.02848,-23.518021],[-45.02848,-23.518045],[-45.028481,-23.518106],[-45.028481,-23.518152],[-45.028481,-23.518169],[-45.028481,-23.518213],[-45.028476,-23.518287],[-45.028476,-23.518244],[-45.028476,-23.518223],[-45.028476,-23.518179],[-45.028475,-23.517984],[-45.028476,-23.517971]]]},"properties":{"sqlu":"SP-001-963889","inscription":"SP-GEOSAMPA-1963889","inscricaoImobiliaria":"SP-IMO-1963889","setor":"001","quadra":"023","lote":"0000","sourceType":"OFFICIAL_IMPORT","mainAddress":"Setor Fiscal 001","zoneamento":"RESIDENCIAL","statusCadastral":"ATIVO","workflowStatus":"PENDENTE","isOfficial":true,"rawProperties":{"cd_identificador":1963889,"cd_identificador_original_lote":8801317,"cd_setor_fiscal":"001","cd_tipo_quadra":"F","tx_tipo_quadra":"FISCAL","cd_quadra_fiscal":"023","cd_subquadra_fiscal":null,"cd_condominio":"02","cd_tipo_lote":"F","tx_tipo_lote":"FISCAL","cd_lote":"0000","cd_situacao":1,"cd_digito_sql":null,"cd_logradouro":"156299","nm_logradouro_completo":"R PAULA SOUSA","cd_numero_porta":"95 105 113","tx_complemento_endereco":null,"tx_situ_lote":null,"cd_tipo_uso_imovel":"XX","dc_tipo_uso_imovel":"Condomínio","cd_tipo_terreno_imovel":99,"qt_area_terreno":1083,"qt_area_construida":null}}},{"type":"Feature","geometry":{"type":"Polygon","coordinates":[[[-45.028409,-23.515698],[-45.028409,-23.51569],[-45.02841,-23.515838],[-45.02841,-23.515856],[-45.02841,-23.515857],[-45.028409,-23.515867],[-45.028409,-23.515848],[-45.028409,-23.515835],[-45.028409,-23.515826],[-45.028409,-23.515784],[-45.028409,-23.515698]]]},"properties":{"sqlu":"SP-001-964429","inscription":"SP-GEOSAMPA-1964429","inscricaoImobiliaria":"SP-IMO-1964429","setor":"001","quadra":"013","lote":"0015","sourceType":"OFFICIAL_IMPORT","mainAddress":"Setor Fiscal 001","zoneamento":"RESIDENCIAL","statusCadastral":"ATIVO","workflowStatus":"PENDENTE","isOfficial":true,"rawProperties":{"cd_identificador":1964429,"cd_identificador_original_lote":8799467,"cd_setor_fiscal":"001","cd_tipo_quadra":"F","tx_tipo_quadra":"FISCAL","cd_quadra_fiscal":"013","cd_subquadra_fiscal":null,"cd_condominio":"00","cd_tipo_lote":"F","tx_tipo_lote":"FISCAL","cd_lote":"0015","cd_situacao":1,"cd_digito_sql":"8","cd_logradouro":"038121","nm_logradouro_completo":"R S CAETANO","cd_numero_porta":"524","tx_complemento_endereco":"E 526","tx_situ_lote":"ATIVO","cd_tipo_uso_imovel":"42","dc_tipo_uso_imovel":"Não residencial","cd_tipo_terreno_imovel":1,"qt_area_terreno":95,"qt_area_construida":180}}},{"type":"Feature","geometry":{"type":"Polygon","coordinates":[[[-45.028507,-23.520916],[-45.028509,-23.520923],[-45.02851,-23.521053],[-45.028507,-23.521046],[-45.028507,-23.521044],[-45.028507,-23.521028],[-45.028507,-23.520983],[-45.028507,-23.520949],[-45.028507,-23.520916]]]},"properties":{"sqlu":"SP-001-964658","inscription":"SP-GEOSAMPA-1964658","inscricaoImobiliaria":"SP-IMO-1964658","setor":"001","quadra":"039","lote":"0039","sourceType":"OFFICIAL_IMPORT","mainAddress":"Setor Fiscal 001","zoneamento":"RESIDENCIAL","statusCadastral":"ATIVO","workflowStatus":"PENDENTE","isOfficial":true,"rawProperties":{"cd_identificador":1964658,"cd_identificador_original_lote":8800952,"cd_setor_fiscal":"001","cd_tipo_quadra":"F","tx_tipo_quadra":"FISCAL","cd_quadra_fiscal":"039","cd_subquadra_fiscal":null,"cd_condominio":"00","cd_tipo_lote":"F","tx_tipo_lote":"FISCAL","cd_lote":"0039","cd_situacao":1,"cd_digito_sql":"1","cd_logradouro":"165930","nm_logradouro_completo":"AV PRESTES MAIA","cd_numero_porta":"460","tx_complemento_endereco":"464 468","tx_situ_lote":"ATIVO","cd_tipo_uso_imovel":"31","dc_tipo_uso_imovel":"Não residencial","cd_tipo_terreno_imovel":1,"qt_area_terreno":242,"qt_area_construida":1060}}},{"type":"Feature","geometry":{"type":"Polygon","coordinates":[[[-45.028442,-23.520777],[-45.028441,-23.520797],[-45.028439,-23.520844],[-45.028438,-23.520779],[-45.028438,-23.520773],[-45.028438,-23.520767],[-45.028438,-23.520761],[-45.028438,-23.520755],[-45.028439,-23.520679],[-45.028441,-23.520738],[-45.028441,-23.520747],[-45.028442,-23.520777]]]},"properties":{"sqlu":"SP-001-964663","inscription":"SP-GEOSAMPA-1964663","inscricaoImobiliaria":"SP-IMO-1964663","setor":"001","quadra":"052","lote":"0012","sourceType":"OFFICIAL_IMPORT","mainAddress":"Setor Fiscal 001","zoneamento":"RESIDENCIAL","statusCadastral":"ATIVO","workflowStatus":"PENDENTE","isOfficial":true,"rawProperties":{"cd_identificador":1964663,"cd_identificador_original_lote":8800175,"cd_setor_fiscal":"001","cd_tipo_quadra":"F","tx_tipo_quadra":"FISCAL","cd_quadra_fiscal":"052","cd_subquadra_fiscal":null,"cd_condominio":"00","cd_tipo_lote":"F","tx_tipo_lote":"FISCAL","cd_lote":"0012","cd_situacao":1,"cd_digito_sql":"3","cd_logradouro":"041467","nm_logradouro_completo":"R DA CANTAREIRA","cd_numero_porta":"421","tx_complemento_endereco":"E 425","tx_situ_lote":"ATIVO","cd_tipo_uso_imovel":"22","dc_tipo_uso_imovel":"Residencial","cd_tipo_terreno_imovel":2,"qt_area_terreno":171,"qt_area_construida":1230}}},{"type":"Feature","geometry":{"type":"Polygon","coordinates":[[[-45.028442,-23.520777],[-45.028441,-23.520747],[-45.028441,-23.520738],[-45.028439,-23.520679],[-45.028441,-23.520603],[-45.028441,-23.520599],[-45.028441,-23.520595],[-45.028441,-23.520592],[-45.028441,-23.520589],[-45.028441,-23.520588],[-45.028441,-23.520587],[-45.028441,-23.520587],[-45.028441,-23.520589],[-45.028442,-23.520597],[-45.028442,-23.520648],[-45.028442,-23.520719],[-45.028442,-23.520734],[-45.028442,-23.520777]]]},"properties":{"sqlu":"SP-001-964664","inscription":"SP-GEOSAMPA-1964664","inscricaoImobiliaria":"SP-IMO-1964664","setor":"001","quadra":"052","lote":"0011","sourceType":"OFFICIAL_IMPORT","mainAddress":"Setor Fiscal 001","zoneamento":"RESIDENCIAL","statusCadastral":"ATIVO","workflowStatus":"PENDENTE","isOfficial":true,"rawProperties":{"cd_identificador":1964664,"cd_identificador_original_lote":8800176,"cd_setor_fiscal":"001","cd_tipo_quadra":"F","tx_tipo_quadra":"FISCAL","cd_quadra_fiscal":"052","cd_subquadra_fiscal":null,"cd_condominio":"00","cd_tipo_lote":"F","tx_tipo_lote":"FISCAL","cd_lote":"0011","cd_situacao":1,"cd_digito_sql":"5","cd_logradouro":"043427","nm_logradouro_completo":"R CARLOS DE SOUSA NAZARE","cd_numero_porta":"446","tx_complemento_endereco":"448 454 E 462","tx_situ_lote":"ATIVO","cd_tipo_uso_imovel":"22","dc_tipo_uso_imovel":"Residencial","cd_tipo_terreno_imovel":2,"qt_area_terreno":194,"qt_area_construida":563}}},{"type":"Feature","geometry":{"type":"Polygon","coordinates":[[[-45.028416,-23.515214],[-45.028417,-23.515206],[-45.028419,-23.515456],[-45.028418,-23.515463],[-45.028417,-23.515305],[-45.028416,-23.515214]]]},"properties":{"sqlu":"SP-001-964864","inscription":"SP-GEOSAMPA-1964864","inscricaoImobiliaria":"SP-IMO-1964864","setor":"001","quadra":"008","lote":"0010","sourceType":"OFFICIAL_IMPORT","mainAddress":"Setor Fiscal 001","zoneamento":"RESIDENCIAL","statusCadastral":"ATIVO","workflowStatus":"PENDENTE","isOfficial":true,"rawProperties":{"cd_identificador":1964864,"cd_identificador_original_lote":8800608,"cd_setor_fiscal":"001","cd_tipo_quadra":"F","tx_tipo_quadra":"FISCAL","cd_quadra_fiscal":"008","cd_subquadra_fiscal":null,"cd_condominio":"00","cd_tipo_lote":"F","tx_tipo_lote":"FISCAL","cd_lote":"0010","cd_situacao":1,"cd_digito_sql":"6","cd_logradouro":"038121","nm_logradouro_completo":"R S CAETANO","cd_numero_porta":"467","tx_complemento_endereco":"E 469","tx_situ_lote":"ATIVO","cd_tipo_uso_imovel":"42","dc_tipo_uso_imovel":"Não residencial","cd_tipo_terreno_imovel":1,"qt_area_terreno":151,"qt_area_construida":250}}},{"type":"Feature","geometry":{"type":"Polygon","coordinates":[[[-45.028416,-23.515214],[-45.028417,-23.515305],[-45.028415,-23.515332],[-45.028415,-23.515229],[-45.028416,-23.515214]]]},"properties":{"sqlu":"SP-001-964865","inscription":"SP-GEOSAMPA-1964865","inscricaoImobiliaria":"SP-IMO-1964865","setor":"001","quadra":"008","lote":"0092","sourceType":"OFFICIAL_IMPORT","mainAddress":"Setor Fiscal 001","zoneamento":"RESIDENCIAL","statusCadastral":"ATIVO","workflowStatus":"PENDENTE","isOfficial":true,"rawProperties":{"cd_identificador":1964865,"cd_identificador_original_lote":8800653,"cd_setor_fiscal":"001","cd_tipo_quadra":"F","tx_tipo_quadra":"FISCAL","cd_quadra_fiscal":"008","cd_subquadra_fiscal":null,"cd_condominio":"00","cd_tipo_lote":"F","tx_tipo_lote":"FISCAL","cd_lote":"0092","cd_situacao":1,"cd_digito_sql":"0","cd_logradouro":"116637","nm_logradouro_completo":"R S LAZARO","cd_numero_porta":"185","tx_complemento_endereco":null,"tx_situ_lote":"ATIVO","cd_tipo_uso_imovel":"40","dc_tipo_uso_imovel":"Não residencial","cd_tipo_terreno_imovel":1,"qt_area_terreno":106,"qt_area_construida":106}}},{"type":"Feature","geometry":{"type":"Polygon","coordinates":[[[-45.028563,-23.522792],[-45.028563,-23.522854],[-45.028559,-23.522838],[-45.028559,-23.522775],[-45.028561,-23.522785],[-45.028562,-23.522787],[-45.028563,-23.522792]]]},"properties":{"sqlu":"SP-001-964902","inscription":"SP-GEOSAMPA-1964902","inscricaoImobiliaria":"SP-IMO-1964902","setor":"001","quadra":"057","lote":"0000","sourceType":"OFFICIAL_IMPORT","mainAddress":"Setor Fiscal 001","zoneamento":"RESIDENCIAL","statusCadastral":"ATIVO","workflowStatus":"PENDENTE","isOfficial":true,"rawProperties":{"cd_identificador":1964902,"cd_identificador_original_lote":8800473,"cd_setor_fiscal":"001","cd_tipo_quadra":"F","tx_tipo_quadra":"FISCAL","cd_quadra_fiscal":"057","cd_subquadra_fiscal":null,"cd_condominio":"02","cd_tipo_lote":"F","tx_tipo_lote":"FISCAL","cd_lote":"0000","cd_situacao":1,"cd_digito_sql":null,"cd_logradouro":"179868","nm_logradouro_completo":"R DO SEMINARIO","cd_numero_porta":"161 165","tx_complemento_endereco":null,"tx_situ_lote":null,"cd_tipo_uso_imovel":"XX","dc_tipo_uso_imovel":"Condomínio","cd_tipo_terreno_imovel":99,"qt_area_terreno":199,"qt_area_construida":null}}},{"type":"Feature","geometry":{"type":"Polygon","coordinates":[[[-45.028563,-23.522792],[-45.028564,-23.522795],[-45.028565,-23.522798],[-45.028566,-23.522803],[-45.028566,-23.522864],[-45.028564,-23.522859],[-45.028564,-23.522857],[-45.028563,-23.522854],[-45.028563,-23.522792]]]},"properties":{"sqlu":"SP-001-964903","inscription":"SP-GEOSAMPA-1964903","inscricaoImobiliaria":"SP-IMO-1964903","setor":"001","quadra":"057","lote":"0221","sourceType":"OFFICIAL_IMPORT","mainAddress":"Setor Fiscal 001","zoneamento":"RESIDENCIAL","statusCadastral":"ATIVO","workflowStatus":"PENDENTE","isOfficial":true,"rawProperties":{"cd_identificador":1964903,"cd_identificador_original_lote":8800488,"cd_setor_fiscal":"001","cd_tipo_quadra":"F","tx_tipo_quadra":"FISCAL","cd_quadra_fiscal":"057","cd_subquadra_fiscal":null,"cd_condominio":"00","cd_tipo_lote":"F","tx_tipo_lote":"FISCAL","cd_lote":"0221","cd_situacao":1,"cd_digito_sql":"8","cd_logradouro":"179868","nm_logradouro_completo":"R DO SEMINARIO","cd_numero_porta":"161","tx_complemento_endereco":"FUNDOS","tx_situ_lote":"ATIVO","cd_tipo_uso_imovel":"40","dc_tipo_uso_imovel":"Não residencial","cd_tipo_terreno_imovel":5,"qt_area_terreno":105,"qt_area_construida":426}}},{"type":"Feature","geometry":{"type":"Polygon","coordinates":[[[-45.028563,-23.522792],[-45.028562,-23.522787],[-45.028561,-23.522785],[-45.028559,-23.522775],[-45.028559,-23.522716],[-45.028563,-23.522732],[-45.028563,-23.522733],[-45.028565,-23.522739],[-45.028566,-23.522747],[-45.028566,-23.522803],[-45.028565,-23.522798],[-45.028564,-23.522795],[-45.028563,-23.522792]]]},"properties":{"sqlu":"SP-001-964904","inscription":"SP-GEOSAMPA-1964904","inscricaoImobiliaria":"SP-IMO-1964904","setor":"001","quadra":"057","lote":"0013","sourceType":"OFFICIAL_IMPORT","mainAddress":"Setor Fiscal 001","zoneamento":"RESIDENCIAL","statusCadastral":"ATIVO","workflowStatus":"PENDENTE","isOfficial":true,"rawProperties":{"cd_identificador":1964904,"cd_identificador_original_lote":8800489,"cd_setor_fiscal":"001","cd_tipo_quadra":"F","tx_tipo_quadra":"FISCAL","cd_quadra_fiscal":"057","cd_subquadra_fiscal":null,"cd_condominio":"00","cd_tipo_lote":"F","tx_tipo_lote":"FISCAL","cd_lote":"0013","cd_situacao":1,"cd_digito_sql":"4","cd_logradouro":"179868","nm_logradouro_completo":"R DO SEMINARIO","cd_numero_porta":"167","tx_complemento_endereco":"E 169","tx_situ_lote":"ATIVO","cd_tipo_uso_imovel":"31","dc_tipo_uso_imovel":"Não residencial","cd_tipo_terreno_imovel":1,"qt_area_terreno":260,"qt_area_construida":1196}}},{"type":"Feature","geometry":{"type":"Polygon","coordinates":[[[-45.028485,-23.513719],[-45.028484,-23.513671],[-45.02849,-23.5136],[-45.02849,-23.513643],[-45.028488,-23.513663],[-45.028488,-23.513671],[-45.028487,-23.51369],[-45.028486,-23.513698],[-45.028486,-23.513704],[-45.028485,-23.51371],[-45.028485,-23.513719]]]},"properties":{"sqlu":"SP-001-965022","inscription":"SP-GEOSAMPA-1965022","inscricaoImobiliaria":"SP-IMO-1965022","setor":"001","quadra":"003","lote":"0061","sourceType":"OFFICIAL_IMPORT","mainAddress":"Setor Fiscal 001","zoneamento":"RESIDENCIAL","statusCadastral":"ATIVO","workflowStatus":"PENDENTE","isOfficial":true,"rawProperties":{"cd_identificador":1965022,"cd_identificador_original_lote":8800541,"cd_setor_fiscal":"001","cd_tipo_quadra":"F","tx_tipo_quadra":"FISCAL","cd_quadra_fiscal":"003","cd_subquadra_fiscal":null,"cd_condominio":"00","cd_tipo_lote":"F","tx_tipo_lote":"FISCAL","cd_lote":"0061","cd_situacao":1,"cd_digito_sql":"8","cd_logradouro":"189936","nm_logradouro_completo":"AV TIRADENTES","cd_numero_porta":"266","tx_complemento_endereco":"E 268","tx_situ_lote":"ATIVO","cd_tipo_uso_imovel":"43","dc_tipo_uso_imovel":"Não residencial","cd_tipo_terreno_imovel":1,"qt_area_terreno":180,"qt_area_construida":403}}},{"type":"Feature","geometry":{"type":"Polygon","coordinates":[[[-45.028483,-23.52153],[-45.028488,-23.521529],[-45.028488,-23.521565],[-45.028483,-23.521567],[-45.028483,-23.52153]]]},"properties":{"sqlu":"SP-001-965141","inscription":"SP-GEOSAMPA-1965141","inscricaoImobiliaria":"SP-IMO-1965141","setor":"001","quadra":"050","lote":"0317","sourceType":"OFFICIAL_IMPORT","mainAddress":"Setor Fiscal 001","zoneamento":"RESIDENCIAL","statusCadastral":"ATIVO","workflowStatus":"PENDENTE","isOfficial":true,"rawProperties":{"cd_identificador":1965141,"cd_identificador_original_lote":8801094,"cd_setor_fiscal":"001","cd_tipo_quadra":"F","tx_tipo_quadra":"FISCAL","cd_quadra_fiscal":"050","cd_subquadra_fiscal":null,"cd_condominio":"00","cd_tipo_lote":"F","tx_tipo_lote":"FISCAL","cd_lote":"0317","cd_situacao":1,"cd_digito_sql":"4","cd_logradouro":"197459","nm_logradouro_completo":"R VINTE E CINCO DE MARCO","cd_numero_porta":"969","tx_complemento_endereco":null,"tx_situ_lote":"ATIVO","cd_tipo_uso_imovel":"40","dc_tipo_uso_imovel":"Não residencial","cd_tipo_terreno_imovel":1,"qt_area_terreno":105,"qt_area_construida":247}}},{"type":"Feature","geometry":{"type":"Polygon","coordinates":[[[-45.028413,-23.515331],[-45.028414,-23.515501],[-45.028414,-23.515502],[-45.028414,-23.515504],[-45.028414,-23.515505],[-45.028413,-23.515514],[-45.028412,-23.51535],[-45.028413,-23.515331]]]},"properties":{"sqlu":"SP-001-964833","inscription":"SP-GEOSAMPA-1964833","inscricaoImobiliaria":"SP-IMO-1964833","setor":"001","quadra":"010","lote":"0001","sourceType":"OFFICIAL_IMPORT","mainAddress":"Setor Fiscal 001","zoneamento":"RESIDENCIAL","statusCadastral":"ATIVO","workflowStatus":"PENDENTE","isOfficial":true,"rawProperties":{"cd_identificador":1964833,"cd_identificador_original_lote":8799993,"cd_setor_fiscal":"001","cd_tipo_quadra":"F","tx_tipo_quadra":"FISCAL","cd_quadra_fiscal":"010","cd_subquadra_fiscal":null,"cd_condominio":"00","cd_tipo_lote":"F","tx_tipo_lote":"FISCAL","cd_lote":"0001","cd_situacao":1,"cd_digito_sql":"4","cd_logradouro":"038121","nm_logradouro_completo":"R S CAETANO","cd_numero_porta":"497","tx_complemento_endereco":null,"tx_situ_lote":"ATIVO","cd_tipo_uso_imovel":"42","dc_tipo_uso_imovel":"Não residencial","cd_tipo_terreno_imovel":2,"qt_area_terreno":120,"qt_area_construida":100}}},{"type":"Feature","geometry":{"type":"Polygon","coordinates":[[[-45.028465,-23.521163],[-45.028465,-23.52119],[-45.028459,-23.521216],[-45.028459,-23.521162],[-45.028461,-23.521162],[-45.028461,-23.521162],[-45.028463,-23.521162],[-45.028463,-23.521162],[-45.028465,-23.521163]]]},"properties":{"sqlu":"SP-001-965110","inscription":"SP-GEOSAMPA-1965110","inscricaoImobiliaria":"SP-IMO-1965110","setor":"001","quadra":"051","lote":"0034","sourceType":"OFFICIAL_IMPORT","mainAddress":"Setor Fiscal 001","zoneamento":"RESIDENCIAL","statusCadastral":"ATIVO","workflowStatus":"PENDENTE","isOfficial":true,"rawProperties":{"cd_identificador":1965110,"cd_identificador_original_lote":8799489,"cd_setor_fiscal":"001","cd_tipo_quadra":"F","tx_tipo_quadra":"FISCAL","cd_quadra_fiscal":"051","cd_subquadra_fiscal":null,"cd_condominio":"00","cd_tipo_lote":"F","tx_tipo_lote":"FISCAL","cd_lote":"0034","cd_situacao":1,"cd_digito_sql":"1","cd_logradouro":"061360","nm_logradouro_completo":"R BR DE DUPRAT","cd_numero_porta":"363","tx_complemento_endereco":"367","tx_situ_lote":"ATIVO","cd_tipo_uso_imovel":"43","dc_tipo_uso_imovel":"Não residencial","cd_tipo_terreno_imovel":1,"qt_area_terreno":188,"qt_area_construida":350}}},{"type":"Feature","geometry":{"type":"Polygon","coordinates":[[[-45.028414,-23.515927],[-45.028415,-23.515911],[-45.028417,-23.515878],[-45.028418,-23.516017],[-45.028415,-23.516062],[-45.028415,-23.516008],[-45.028415,-23.515994],[-45.028414,-23.515927]]]},"properties":{"sqlu":"SP-001-965111","inscription":"SP-GEOSAMPA-1965111","inscricaoImobiliaria":"SP-IMO-1965111","setor":"001","quadra":"013","lote":"0038","sourceType":"OFFICIAL_IMPORT","mainAddress":"Setor Fiscal 001","zoneamento":"RESIDENCIAL","statusCadastral":"ATIVO","workflowStatus":"PENDENTE","isOfficial":true,"rawProperties":{"cd_identificador":1965111,"cd_identificador_original_lote":8799473,"cd_setor_fiscal":"001","cd_tipo_quadra":"F","tx_tipo_quadra":"FISCAL","cd_quadra_fiscal":"013","cd_subquadra_fiscal":null,"cd_condominio":"00","cd_tipo_lote":"F","tx_tipo_lote":"FISCAL","cd_lote":"0038","cd_situacao":1,"cd_digito_sql":"7","cd_logradouro":"119113","nm_logradouro_completo":"R DOM LINO","cd_numero_porta":"13","tx_complemento_endereco":"15 E 17A","tx_situ_lote":"ATIVO","cd_tipo_uso_imovel":"22","dc_tipo_uso_imovel":"Residencial","cd_tipo_terreno_imovel":2,"qt_area_terreno":217,"qt_area_construida":637}}},{"type":"Feature","geometry":{"type":"Polygon","coordinates":[[[-45.028561,-23.517973],[-45.028561,-23.517914],[-45.028559,-23.517915],[-45.028559,-23.517861],[-45.028565,-23.51786],[-45.028565,-23.517969],[-45.028561,-23.517973]]]},"properties":{"sqlu":"SP-001-965113","inscription":"SP-GEOSAMPA-1965113","inscricaoImobiliaria":"SP-IMO-1965113","setor":"001","quadra":"019","lote":"0072","sourceType":"OFFICIAL_IMPORT","mainAddress":"Setor Fiscal 001","zoneamento":"RESIDENCIAL","statusCadastral":"ATIVO","workflowStatus":"PENDENTE","isOfficial":true,"rawProperties":{"cd_identificador":1965113,"cd_identificador_original_lote":8799643,"cd_setor_fiscal":"001","cd_tipo_quadra":"F","tx_tipo_quadra":"FISCAL","cd_quadra_fiscal":"019","cd_subquadra_fiscal":null,"cd_condominio":"00","cd_tipo_lote":"F","tx_tipo_lote":"FISCAL","cd_lote":"0072","cd_situacao":1,"cd_digito_sql":"4","cd_logradouro":"054607","nm_logradouro_completo":"R GAL COUTO DE MAGALHAES","cd_numero_porta":"222","tx_complemento_endereco":null,"tx_situ_lote":"ATIVO","cd_tipo_uso_imovel":"50","dc_tipo_uso_imovel":"Não residencial","cd_tipo_terreno_imovel":1,"qt_area_terreno":368,"qt_area_construida":498}}},{"type":"Feature","geometry":{"type":"Polygon","coordinates":[[[-45.028414,-23.516188],[-45.028415,-23.516171],[-45.028416,-23.516252],[-45.028416,-23.516276],[-45.028416,-23.516307],[-45.028416,-23.516317],[-45.028415,-23.516325],[-45.028415,-23.516293],[-45.028415,-23.51627],[-45.028414,-23.516188]]]},"properties":{"sqlu":"SP-001-965153","inscription":"SP-GEOSAMPA-1965153","inscricaoImobiliaria":"SP-IMO-1965153","setor":"001","quadra":"015","lote":"0019","sourceType":"OFFICIAL_IMPORT","mainAddress":"Setor Fiscal 001","zoneamento":"RESIDENCIAL","statusCadastral":"ATIVO","workflowStatus":"PENDENTE","isOfficial":true,"rawProperties":{"cd_identificador":1965153,"cd_identificador_original_lote":8801209,"cd_setor_fiscal":"001","cd_tipo_quadra":"F","tx_tipo_quadra":"FISCAL","cd_quadra_fiscal":"015","cd_subquadra_fiscal":null,"cd_condominio":"00","cd_tipo_lote":"F","tx_tipo_lote":"FISCAL","cd_lote":"0019","cd_situacao":1,"cd_digito_sql":"1","cd_logradouro":"119113","nm_logradouro_completo":"R DOM LINO","cd_numero_porta":"30","tx_complemento_endereco":null,"tx_situ_lote":"ATIVO","cd_tipo_uso_imovel":"10","dc_tipo_uso_imovel":"Residencial","cd_tipo_terreno_imovel":1,"qt_area_terreno":81,"qt_area_construida":120}}},{"type":"Feature","geometry":{"type":"Polygon","coordinates":[[[-45.028516,-23.516801],[-45.028517,-23.516975],[-45.028515,-23.517006],[-45.028512,-23.517065],[-45.028511,-23.516866],[-45.028516,-23.516801]]]},"properties":{"sqlu":"SP-001-965288","inscription":"SP-GEOSAMPA-1965288","inscricaoImobiliaria":"SP-IMO-1965288","setor":"001","quadra":"021","lote":"0000","sourceType":"OFFICIAL_IMPORT","mainAddress":"Setor Fiscal 001","zoneamento":"RESIDENCIAL","statusCadastral":"ATIVO","workflowStatus":"PENDENTE","isOfficial":true,"rawProperties":{"cd_identificador":1965288,"cd_identificador_original_lote":8799818,"cd_setor_fiscal":"001","cd_tipo_quadra":"F","tx_tipo_quadra":"FISCAL","cd_quadra_fiscal":"021","cd_subquadra_fiscal":null,"cd_condominio":"01","cd_tipo_lote":"F","tx_tipo_lote":"FISCAL","cd_lote":"0000","cd_situacao":1,"cd_digito_sql":null,"cd_logradouro":"165930","nm_logradouro_completo":"AV PRESTES MAIA","cd_numero_porta":"913 919","tx_complemento_endereco":null,"tx_situ_lote":null,"cd_tipo_uso_imovel":"XX","dc_tipo_uso_imovel":"Condomínio","cd_tipo_terreno_imovel":99,"qt_area_terreno":614,"qt_area_construida":null}}},{"type":"Feature","geometry":{"type":"Polygon","coordinates":[[[-45.028521,-23.527341],[-45.028521,-23.527186],[-45.028523,-23.527185],[-45.028525,-23.5272],[-45.028526,-23.527207],[-45.02853,-23.52726],[-45.028529,-23.527437],[-45.028528,-23.527428],[-45.028527,-23.527419],[-45.028526,-23.527397],[-45.028525,-23.527383],[-45.028525,-23.527364],[-45.028525,-23.527358],[-45.028524,-23.527346],[-45.028521,-23.527341]]]},"properties":{"sqlu":"SP-001-965299","inscription":"SP-GEOSAMPA-1965299","inscricaoImobiliaria":"SP-IMO-1965299","setor":"001","quadra":"082","lote":"0016","sourceType":"OFFICIAL_IMPORT","mainAddress":"Setor Fiscal 001","zoneamento":"RESIDENCIAL","statusCadastral":"ATIVO","workflowStatus":"PENDENTE","isOfficial":true,"rawProperties":{"cd_identificador":1965299,"cd_identificador_original_lote":8799497,"cd_setor_fiscal":"001","cd_tipo_quadra":"F","tx_tipo_quadra":"FISCAL","cd_quadra_fiscal":"082","cd_subquadra_fiscal":null,"cd_condominio":"00","cd_tipo_lote":"F","tx_tipo_lote":"FISCAL","cd_lote":"0016","cd_situacao":1,"cd_digito_sql":"7","cd_logradouro":"167495","nm_logradouro_completo":"R QUINZE DE NOVEMBRO","cd_numero_porta":"233","tx_complemento_endereco":null,"tx_situ_lote":"ATIVO","cd_tipo_uso_imovel":"71","dc_tipo_uso_imovel":"Não residencial","cd_tipo_terreno_imovel":3,"qt_area_terreno":953,"qt_area_construida":8602}}},{"type":"Feature","geometry":{"type":"Polygon","coordinates":[[[-45.028555,-23.517773],[-45.028556,-23.517775],[-45.028556,-23.518099],[-45.028556,-23.518131],[-45.028555,-23.51813],[-45.028555,-23.518077],[-45.028555,-23.518077],[-45.028555,-23.517815],[-45.028555,-23.517773]]]},"properties":{"sqlu":"SP-001-965336","inscription":"SP-GEOSAMPA-1965336","inscricaoImobiliaria":"SP-IMO-1965336","setor":"001","quadra":"019","lote":"0080","sourceType":"OFFICIAL_IMPORT","mainAddress":"Setor Fiscal 001","zoneamento":"RESIDENCIAL","statusCadastral":"ATIVO","workflowStatus":"PENDENTE","isOfficial":true,"rawProperties":{"cd_identificador":1965336,"cd_identificador_original_lote":8799674,"cd_setor_fiscal":"001","cd_tipo_quadra":"F","tx_tipo_quadra":"FISCAL","cd_quadra_fiscal":"019","cd_subquadra_fiscal":null,"cd_condominio":"00","cd_tipo_lote":"F","tx_tipo_lote":"FISCAL","cd_lote":"0080","cd_situacao":1,"cd_digito_sql":"5","cd_logradouro":"199320","nm_logradouro_completo":"R WASHINGTON LUIS","cd_numero_porta":"S/N","tx_complemento_endereco":null,"tx_situ_lote":"ATIVO","cd_tipo_uso_imovel":"00","dc_tipo_uso_imovel":"Terreno","cd_tipo_terreno_imovel":1,"qt_area_terreno":312,"qt_area_construida":0}}},{"type":"Feature","geometry":{"type":"Polygon","coordinates":[[[-45.028425,-23.517634],[-45.028425,-23.517592],[-45.028425,-23.517585],[-45.028426,-23.517557],[-45.028428,-23.517518],[-45.028429,-23.517564],[-45.028427,-23.517601],[-45.028425,-23.517627],[-45.028425,-23.517634]]]},"properties":{"sqlu":"SP-001-965503","inscription":"SP-GEOSAMPA-1965503","inscricaoImobiliaria":"SP-IMO-1965503","setor":"001","quadra":"025","lote":"0033","sourceType":"OFFICIAL_IMPORT","mainAddress":"Setor Fiscal 001","zoneamento":"RESIDENCIAL","statusCadastral":"ATIVO","workflowStatus":"PENDENTE","isOfficial":true,"rawProperties":{"cd_identificador":1965503,"cd_identificador_original_lote":8799689,"cd_setor_fiscal":"001","cd_tipo_quadra":"F","tx_tipo_quadra":"FISCAL","cd_quadra_fiscal":"025","cd_subquadra_fiscal":null,"cd_condominio":"00","cd_tipo_lote":"F","tx_tipo_lote":"FISCAL","cd_lote":"0033","cd_situacao":1,"cd_digito_sql":"9","cd_logradouro":"164380","nm_logradouro_completo":"R PLINIO RAMOS","cd_numero_porta":"162","tx_complemento_endereco":"A162A","tx_situ_lote":"ATIVO","cd_tipo_uso_imovel":"42","dc_tipo_uso_imovel":"Não residencial","cd_tipo_terreno_imovel":1,"qt_area_terreno":139,"qt_area_construida":100}}},{"type":"Feature","geometry":{"type":"Polygon","coordinates":[[[-45.028472,-23.517783],[-45.028472,-23.517805],[-45.028472,-23.517868],[-45.028471,-23.517889],[-45.02847,-23.517802],[-45.028471,-23.51779],[-45.028472,-23.517783]]]},"properties":{"sqlu":"SP-001-965574","inscription":"SP-GEOSAMPA-1965574","inscricaoImobiliaria":"SP-IMO-1965574","setor":"001","quadra":"023","lote":"0047","sourceType":"OFFICIAL_IMPORT","mainAddress":"Setor Fiscal 001","zoneamento":"RESIDENCIAL","statusCadastral":"ATIVO","workflowStatus":"PENDENTE","isOfficial":true,"rawProperties":{"cd_identificador":1965574,"cd_identificador_original_lote":8801292,"cd_setor_fiscal":"001","cd_tipo_quadra":"F","tx_tipo_quadra":"FISCAL","cd_quadra_fiscal":"023","cd_subquadra_fiscal":null,"cd_condominio":"00","cd_tipo_lote":"F","tx_tipo_lote":"FISCAL","cd_lote":"0047","cd_situacao":1,"cd_digito_sql":"1","cd_logradouro":"050083","nm_logradouro_completo":"TV ROSARIO FUSCO","cd_numero_porta":"22","tx_complemento_endereco":"CS 22","tx_situ_lote":"ATIVO","cd_tipo_uso_imovel":"10","dc_tipo_uso_imovel":"Residencial","cd_tipo_terreno_imovel":3,"qt_area_terreno":88,"qt_area_construida":80}}},{"type":"Feature","geometry":{"type":"Polygon","coordinates":[[[-45.028429,-23.513703],[-45.02843,-23.513805],[-45.02843,-23.513848],[-45.028431,-23.513944],[-45.02843,-23.513948],[-45.02843,-23.513956],[-45.02843,-23.513915],[-45.028429,-23.513856],[-45.028429,-23.513714],[-45.028429,-23.513705],[-45.028429,-23.513703]]]},"properties":{"sqlu":"SP-001-965741","inscription":"SP-GEOSAMPA-1965741","inscricaoImobiliaria":"SP-IMO-1965741","setor":"001","quadra":"007","lote":"0046","sourceType":"OFFICIAL_IMPORT","mainAddress":"Setor Fiscal 001","zoneamento":"RESIDENCIAL","statusCadastral":"ATIVO","workflowStatus":"PENDENTE","isOfficial":true,"rawProperties":{"cd_identificador":1965741,"cd_identificador_original_lote":8799904,"cd_setor_fiscal":"001","cd_tipo_quadra":"F","tx_tipo_quadra":"FISCAL","cd_quadra_fiscal":"007","cd_subquadra_fiscal":null,"cd_condominio":"00","cd_tipo_lote":"F","tx_tipo_lote":"FISCAL","cd_lote":"0046","cd_situacao":1,"cd_digito_sql":"2","cd_logradouro":"104850","nm_logradouro_completo":"R JOAO TEODORO","cd_numero_porta":"350","tx_complemento_endereco":null,"tx_situ_lote":"ATIVO","cd_tipo_uso_imovel":"14","dc_tipo_uso_imovel":"Residencial","cd_tipo_terreno_imovel":1,"qt_area_terreno":166,"qt_area_construida":100}}},{"type":"Feature","geometry":{"type":"Polygon","coordinates":[[[-45.028476,-23.524849],[-45.028476,-23.524849],[-45.028477,-23.524855],[-45.028478,-23.524859],[-45.028477,-23.524925],[-45.028477,-23.525087],[-45.028477,-23.525085],[-45.028476,-23.525082],[-45.028476,-23.525079],[-45.028476,-23.525078],[-45.028476,-23.524975],[-45.028476,-23.524905],[-45.028476,-23.524889],[-45.028476,-23.524849]]]},"properties":{"sqlu":"SP-001-965650","inscription":"SP-GEOSAMPA-1965650","inscricaoImobiliaria":"SP-IMO-1965650","setor":"001","quadra":"076","lote":"0015","sourceType":"OFFICIAL_IMPORT","mainAddress":"Setor Fiscal 001","zoneamento":"RESIDENCIAL","statusCadastral":"ATIVO","workflowStatus":"PENDENTE","isOfficial":true,"rawProperties":{"cd_identificador":1965650,"cd_identificador_original_lote":8800130,"cd_setor_fiscal":"001","cd_tipo_quadra":"F","tx_tipo_quadra":"FISCAL","cd_quadra_fiscal":"076","cd_subquadra_fiscal":null,"cd_condominio":"00","cd_tipo_lote":"F","tx_tipo_lote":"FISCAL","cd_lote":"0015","cd_situacao":1,"cd_digito_sql":"3","cd_logradouro":"159840","nm_logradouro_completo":"PQ DOM PEDRO II","cd_numero_porta":"392","tx_complemento_endereco":"E 394","tx_situ_lote":"ATIVO","cd_tipo_uso_imovel":"40","dc_tipo_uso_imovel":"Não residencial","cd_tipo_terreno_imovel":1,"qt_area_terreno":177,"qt_area_construida":420}}},{"type":"Feature","geometry":{"type":"Polygon","coordinates":[[[-45.028476,-23.524849],[-45.028476,-23.524844],[-45.028475,-23.524838],[-45.028475,-23.524805],[-45.028475,-23.524711],[-45.028475,-23.524605],[-45.028477,-23.524613],[-45.028476,-23.524813],[-45.028476,-23.524849],[-45.028476,-23.524849]]]},"properties":{"sqlu":"SP-001-965651","inscription":"SP-GEOSAMPA-1965651","inscricaoImobiliaria":"SP-IMO-1965651","setor":"001","quadra":"076","lote":"0065","sourceType":"OFFICIAL_IMPORT","mainAddress":"Setor Fiscal 001","zoneamento":"RESIDENCIAL","statusCadastral":"ATIVO","workflowStatus":"PENDENTE","isOfficial":true,"rawProperties":{"cd_identificador":1965651,"cd_identificador_original_lote":8800131,"cd_setor_fiscal":"001","cd_tipo_quadra":"F","tx_tipo_quadra":"FISCAL","cd_quadra_fiscal":"076","cd_subquadra_fiscal":null,"cd_condominio":"00","cd_tipo_lote":"F","tx_tipo_lote":"FISCAL","cd_lote":"0065","cd_situacao":1,"cd_digito_sql":"1","cd_logradouro":"029505","nm_logradouro_completo":"R CAVLH BASILIO JAFET","cd_numero_porta":"80","tx_complemento_endereco":"E 84","tx_situ_lote":"ATIVO","cd_tipo_uso_imovel":"40","dc_tipo_uso_imovel":"Não residencial","cd_tipo_terreno_imovel":1,"qt_area_terreno":207,"qt_area_construida":480}}},{"type":"Feature","geometry":{"type":"Polygon","coordinates":[[[-45.028427,-23.518241],[-45.028427,-23.51828],[-45.028427,-23.518322],[-45.028427,-23.518327],[-45.02842,-23.518418],[-45.02842,-23.51834],[-45.028426,-23.518246],[-45.028427,-23.518241]]]},"properties":{"sqlu":"SP-001-965772","inscription":"SP-GEOSAMPA-1965772","inscricaoImobiliaria":"SP-IMO-1965772","setor":"001","quadra":"025","lote":"0015","sourceType":"OFFICIAL_IMPORT","mainAddress":"Setor Fiscal 001","zoneamento":"RESIDENCIAL","statusCadastral":"ATIVO","workflowStatus":"PENDENTE","isOfficial":true,"rawProperties":{"cd_identificador":1965772,"cd_identificador_original_lote":8799717,"cd_setor_fiscal":"001","cd_tipo_quadra":"F","tx_tipo_quadra":"FISCAL","cd_quadra_fiscal":"025","cd_subquadra_fiscal":null,"cd_condominio":"00","cd_tipo_lote":"F","tx_tipo_lote":"FISCAL","cd_lote":"0015","cd_situacao":1,"cd_digito_sql":"0","cd_logradouro":"041467","nm_logradouro_completo":"R DA CANTAREIRA","cd_numero_porta":"707","tx_complemento_endereco":"709 E 715","tx_situ_lote":"ATIVO","cd_tipo_uso_imovel":"42","dc_tipo_uso_imovel":"Não residencial","cd_tipo_terreno_imovel":1,"qt_area_terreno":378,"qt_area_construida":853}}},{"type":"Feature","geometry":{"type":"Polygon","coordinates":[[[-45.028405,-23.514431],[-45.028406,-23.514412],[-45.028407,-23.514535],[-45.028406,-23.514554],[-45.028405,-23.514479],[-45.028405,-23.514451],[-45.028405,-23.514431]]]},"properties":{"sqlu":"SP-001-965877","inscription":"SP-GEOSAMPA-1965877","inscricaoImobiliaria":"SP-IMO-1965877","setor":"001","quadra":"009","lote":"0022","sourceType":"OFFICIAL_IMPORT","mainAddress":"Setor Fiscal 001","zoneamento":"RESIDENCIAL","statusCadastral":"ATIVO","workflowStatus":"PENDENTE","isOfficial":true,"rawProperties":{"cd_identificador":1965877,"cd_identificador_original_lote":8799947,"cd_setor_fiscal":"001","cd_tipo_quadra":"F","tx_tipo_quadra":"FISCAL","cd_quadra_fiscal":"009","cd_subquadra_fiscal":null,"cd_condominio":"00","cd_tipo_lote":"F","tx_tipo_lote":"FISCAL","cd_lote":"0022","cd_situacao":1,"cd_digito_sql":"4","cd_logradouro":"116637","nm_logradouro_completo":"R S LAZARO","cd_numero_porta":"288","tx_complemento_endereco":"290 E 292","tx_situ_lote":"ATIVO","cd_tipo_uso_imovel":"22","dc_tipo_uso_imovel":"Residencial","cd_tipo_terreno_imovel":2,"qt_area_terreno":107,"qt_area_construida":800}}},{"type":"Feature","geometry":{"type":"Polygon","coordinates":[[[-45.028405,-23.514431],[-45.028405,-23.514451],[-45.028405,-23.514479],[-45.028406,-23.514554],[-45.028404,-23.514572],[-45.028404,-23.514505],[-45.028404,-23.514489],[-45.028404,-23.514483],[-45.028404,-23.51445],[-45.028405,-23.514431]]]},"properties":{"sqlu":"SP-001-965878","inscription":"SP-GEOSAMPA-1965878","inscricaoImobiliaria":"SP-IMO-1965878","setor":"001","quadra":"009","lote":"0023","sourceType":"OFFICIAL_IMPORT","mainAddress":"Setor Fiscal 001","zoneamento":"RESIDENCIAL","statusCadastral":"ATIVO","workflowStatus":"PENDENTE","isOfficial":true,"rawProperties":{"cd_identificador":1965878,"cd_identificador_original_lote":8799950,"cd_setor_fiscal":"001","cd_tipo_quadra":"F","tx_tipo_quadra":"FISCAL","cd_quadra_fiscal":"009","cd_subquadra_fiscal":null,"cd_condominio":"00","cd_tipo_lote":"F","tx_tipo_lote":"FISCAL","cd_lote":"0023","cd_situacao":1,"cd_digito_sql":"2","cd_logradouro":"075574","nm_logradouro_completo":"R FRANCISCO SA BARBOSA","cd_numero_porta":"1","tx_complemento_endereco":"1A 1 BAIXOS","tx_situ_lote":"ATIVO","cd_tipo_uso_imovel":"42","dc_tipo_uso_imovel":"Não residencial","cd_tipo_terreno_imovel":1,"qt_area_terreno":113,"qt_area_construida":147}}},{"type":"Feature","geometry":{"type":"Polygon","coordinates":[[[-45.028427,-23.518241],[-45.028426,-23.518227],[-45.028427,-23.518217],[-45.028433,-23.518131],[-45.028433,-23.518182],[-45.028427,-23.51828],[-45.028427,-23.518241]]]},"properties":{"sqlu":"SP-001-965771","inscription":"SP-GEOSAMPA-1965771","inscricaoImobiliaria":"SP-IMO-1965771","setor":"001","quadra":"025","lote":"0044","sourceType":"OFFICIAL_IMPORT","mainAddress":"Setor Fiscal 001","zoneamento":"RESIDENCIAL","statusCadastral":"ATIVO","workflowStatus":"PENDENTE","isOfficial":true,"rawProperties":{"cd_identificador":1965771,"cd_identificador_original_lote":8799702,"cd_setor_fiscal":"001","cd_tipo_quadra":"F","tx_tipo_quadra":"FISCAL","cd_quadra_fiscal":"025","cd_subquadra_fiscal":null,"cd_condominio":"00","cd_tipo_lote":"F","tx_tipo_lote":"FISCAL","cd_lote":"0044","cd_situacao":1,"cd_digito_sql":"4","cd_logradouro":"164380","nm_logradouro_completo":"R PLINIO RAMOS","cd_numero_porta":"90","tx_complemento_endereco":null,"tx_situ_lote":"ATIVO","cd_tipo_uso_imovel":"40","dc_tipo_uso_imovel":"Não residencial","cd_tipo_terreno_imovel":1,"qt_area_terreno":240,"qt_area_construida":755}}},{"type":"Feature","geometry":{"type":"Polygon","coordinates":[[[-45.028491,-23.515326],[-45.028491,-23.51508],[-45.028491,-23.514942],[-45.028496,-23.514922],[-45.028496,-23.514924],[-45.028496,-23.514929],[-45.028496,-23.514934],[-45.028497,-23.51494],[-45.028497,-23.514946],[-45.028497,-23.515303],[-45.028494,-23.515317],[-45.028492,-23.515325],[-45.028491,-23.515326]]]},"properties":{"sqlu":"SP-001-965788","inscription":"SP-GEOSAMPA-1965788","inscricaoImobiliaria":"SP-IMO-1965788","setor":"001","quadra":"011","lote":"0002","sourceType":"OFFICIAL_IMPORT","mainAddress":"Setor Fiscal 001","zoneamento":"RESIDENCIAL","statusCadastral":"ATIVO","workflowStatus":"PENDENTE","isOfficial":true,"rawProperties":{"cd_identificador":1965788,"cd_identificador_original_lote":8800706,"cd_setor_fiscal":"001","cd_tipo_quadra":"F","tx_tipo_quadra":"FISCAL","cd_quadra_fiscal":"011","cd_subquadra_fiscal":null,"cd_condominio":"00","cd_tipo_lote":"F","tx_tipo_lote":"FISCAL","cd_lote":"0002","cd_situacao":1,"cd_digito_sql":"7","cd_logradouro":"189936","nm_logradouro_completo":"AV TIRADENTES","cd_numero_porta":"92","tx_complemento_endereco":"A 126","tx_situ_lote":"ATIVO","cd_tipo_uso_imovel":"43","dc_tipo_uso_imovel":"Não residencial","cd_tipo_terreno_imovel":2,"qt_area_terreno":1540,"qt_area_construida":2500}}},{"type":"Feature","geometry":{"type":"Polygon","coordinates":[[[-45.028553,-23.522646],[-45.028555,-23.522623],[-45.028555,-23.522621],[-45.028555,-23.522614],[-45.028555,-23.522613],[-45.028556,-23.522619],[-45.028557,-23.522633],[-45.028557,-23.522885],[-45.028556,-23.522901],[-45.028556,-23.522911],[-45.028556,-23.522917],[-45.028556,-23.522919],[-45.028555,-23.522913],[-45.028555,-23.522903],[-45.028555,-23.522891],[-45.028553,-23.522646]]]},"properties":{"sqlu":"SP-001-966063","inscription":"SP-GEOSAMPA-1966063","inscricaoImobiliaria":"SP-IMO-1966063","setor":"001","quadra":"046","lote":"0000","sourceType":"OFFICIAL_IMPORT","mainAddress":"Setor Fiscal 001","zoneamento":"RESIDENCIAL","statusCadastral":"ATIVO","workflowStatus":"PENDENTE","isOfficial":true,"rawProperties":{"cd_identificador":1966063,"cd_identificador_original_lote":8801078,"cd_setor_fiscal":"001","cd_tipo_quadra":"F","tx_tipo_quadra":"FISCAL","cd_quadra_fiscal":"046","cd_subquadra_fiscal":null,"cd_condominio":"03","cd_tipo_lote":"F","tx_tipo_lote":"FISCAL","cd_lote":"0000","cd_situacao":1,"cd_digito_sql":null,"cd_logradouro":"190179","nm_logradouro_completo":"R BRIG TOBIAS","cd_numero_porta":"51 55 61","tx_complemento_endereco":null,"tx_situ_lote":null,"cd_tipo_uso_imovel":"XX","dc_tipo_uso_imovel":"Condomínio","cd_tipo_terreno_imovel":99,"qt_area_terreno":516,"qt_area_construida":null}}},{"type":"Feature","geometry":{"type":"Polygon","coordinates":[[[-45.028431,-23.514715],[-45.028431,-23.514704],[-45.028431,-23.51467],[-45.028433,-23.514652],[-45.028433,-23.514695],[-45.028431,-23.514715]]]},"properties":{"sqlu":"SP-001-966059","inscription":"SP-GEOSAMPA-1966059","inscricaoImobiliaria":"SP-IMO-1966059","setor":"001","quadra":"007","lote":"0091","sourceType":"OFFICIAL_IMPORT","mainAddress":"Setor Fiscal 001","zoneamento":"RESIDENCIAL","statusCadastral":"ATIVO","workflowStatus":"PENDENTE","isOfficial":true,"rawProperties":{"cd_identificador":1966059,"cd_identificador_original_lote":8799886,"cd_setor_fiscal":"001","cd_tipo_quadra":"F","tx_tipo_quadra":"FISCAL","cd_quadra_fiscal":"007","cd_subquadra_fiscal":null,"cd_condominio":"00","cd_tipo_lote":"F","tx_tipo_lote":"FISCAL","cd_lote":"0091","cd_situacao":1,"cd_digito_sql":"8","cd_logradouro":"084921","nm_logradouro_completo":"R GUILHERME MAW","cd_numero_porta":"64","tx_complemento_endereco":"CS 12","tx_situ_lote":"ATIVO","cd_tipo_uso_imovel":"10","dc_tipo_uso_imovel":"Residencial","cd_tipo_terreno_imovel":4,"qt_area_terreno":50,"qt_area_construida":50}}},{"type":"Feature","geometry":{"type":"Polygon","coordinates":[[[-45.028431,-23.514715],[-45.028431,-23.514726],[-45.028431,-23.514744],[-45.028427,-23.514789],[-45.028427,-23.514746],[-45.028431,-23.51471],[-45.028431,-23.514704],[-45.028431,-23.514715]]]},"properties":{"sqlu":"SP-001-966060","inscription":"SP-GEOSAMPA-1966060","inscricaoImobiliaria":"SP-IMO-1966060","setor":"001","quadra":"007","lote":"0023","sourceType":"OFFICIAL_IMPORT","mainAddress":"Setor Fiscal 001","zoneamento":"RESIDENCIAL","statusCadastral":"ATIVO","workflowStatus":"PENDENTE","isOfficial":true,"rawProperties":{"cd_identificador":1966060,"cd_identificador_original_lote":8799897,"cd_setor_fiscal":"001","cd_tipo_quadra":"F","tx_tipo_quadra":"FISCAL","cd_quadra_fiscal":"007","cd_subquadra_fiscal":null,"cd_condominio":"00","cd_tipo_lote":"F","tx_tipo_lote":"FISCAL","cd_lote":"0023","cd_situacao":1,"cd_digito_sql":"3","cd_logradouro":"059633","nm_logradouro_completo":"R DJALMA DUTRA","cd_numero_porta":"183","tx_complemento_endereco":null,"tx_situ_lote":"ATIVO","cd_tipo_uso_imovel":"40","dc_tipo_uso_imovel":"Não residencial","cd_tipo_terreno_imovel":1,"qt_area_terreno":150,"qt_area_construida":112}}},{"type":"Feature","geometry":{"type":"Polygon","coordinates":[[[-45.028415,-23.5145],[-45.028415,-23.514542],[-45.028415,-23.514558],[-45.028414,-23.514565],[-45.02841,-23.514614],[-45.02841,-23.514551],[-45.028414,-23.514503],[-45.028415,-23.514496],[-45.028415,-23.5145]]]},"properties":{"sqlu":"SP-001-965908","inscription":"SP-GEOSAMPA-1965908","inscricaoImobiliaria":"SP-IMO-1965908","setor":"001","quadra":"008","lote":"0024","sourceType":"OFFICIAL_IMPORT","mainAddress":"Setor Fiscal 001","zoneamento":"RESIDENCIAL","statusCadastral":"ATIVO","workflowStatus":"PENDENTE","isOfficial":true,"rawProperties":{"cd_identificador":1965908,"cd_identificador_original_lote":8800644,"cd_setor_fiscal":"001","cd_tipo_quadra":"F","tx_tipo_quadra":"FISCAL","cd_quadra_fiscal":"008","cd_subquadra_fiscal":null,"cd_condominio":"00","cd_tipo_lote":"F","tx_tipo_lote":"FISCAL","cd_lote":"0024","cd_situacao":1,"cd_digito_sql":"6","cd_logradouro":"116637","nm_logradouro_completo":"R S LAZARO","cd_numero_porta":"267","tx_complemento_endereco":"E 271","tx_situ_lote":"ATIVO","cd_tipo_uso_imovel":"43","dc_tipo_uso_imovel":"Não residencial","cd_tipo_terreno_imovel":1,"qt_area_terreno":210,"qt_area_construida":400}}},{"type":"Feature","geometry":{"type":"Polygon","coordinates":[[[-45.028478,-23.522679],[-45.028478,-23.522614],[-45.028483,-23.522571],[-45.028483,-23.522636],[-45.028478,-23.522679]]]},"properties":{"sqlu":"SP-001-966108","inscription":"SP-GEOSAMPA-1966108","inscricaoImobiliaria":"SP-IMO-1966108","setor":"001","quadra":"065","lote":"0006","sourceType":"OFFICIAL_IMPORT","mainAddress":"Setor Fiscal 001","zoneamento":"RESIDENCIAL","statusCadastral":"ATIVO","workflowStatus":"PENDENTE","isOfficial":true,"rawProperties":{"cd_identificador":1966108,"cd_identificador_original_lote":8800309,"cd_setor_fiscal":"001","cd_tipo_quadra":"F","tx_tipo_quadra":"FISCAL","cd_quadra_fiscal":"065","cd_subquadra_fiscal":null,"cd_condominio":"00","cd_tipo_lote":"F","tx_tipo_lote":"FISCAL","cd_lote":"0006","cd_situacao":1,"cd_digito_sql":"6","cd_logradouro":"197459","nm_logradouro_completo":"R VINTE E CINCO DE MARCO","cd_numero_porta":"850","tx_complemento_endereco":null,"tx_situ_lote":"ATIVO","cd_tipo_uso_imovel":"40","dc_tipo_uso_imovel":"Não residencial","cd_tipo_terreno_imovel":3,"qt_area_terreno":205,"qt_area_construida":445}}},{"type":"Feature","geometry":{"type":"Polygon","coordinates":[[[-45.028412,-23.51418],[-45.028412,-23.514175],[-45.028411,-23.513959],[-45.028412,-23.513948],[-45.028413,-23.514169],[-45.028413,-23.514173],[-45.028413,-23.514192],[-45.028413,-23.514229],[-45.028413,-23.514238],[-45.028412,-23.514203],[-45.028412,-23.51418]]]},"properties":{"sqlu":"SP-001-966234","inscription":"SP-GEOSAMPA-1966234","inscricaoImobiliaria":"SP-IMO-1966234","setor":"001","quadra":"008","lote":"0037","sourceType":"OFFICIAL_IMPORT","mainAddress":"Setor Fiscal 001","zoneamento":"RESIDENCIAL","statusCadastral":"ATIVO","workflowStatus":"PENDENTE","isOfficial":true,"rawProperties":{"cd_identificador":1966234,"cd_identificador_original_lote":8800621,"cd_setor_fiscal":"001","cd_tipo_quadra":"F","tx_tipo_quadra":"FISCAL","cd_quadra_fiscal":"008","cd_subquadra_fiscal":null,"cd_condominio":"00","cd_tipo_lote":"F","tx_tipo_lote":"FISCAL","cd_lote":"0037","cd_situacao":1,"cd_digito_sql":"8","cd_logradouro":"104850","nm_logradouro_completo":"R JOAO TEODORO","cd_numero_porta":"458","tx_complemento_endereco":null,"tx_situ_lote":"ATIVO","cd_tipo_uso_imovel":"80","dc_tipo_uso_imovel":"Não residencial","cd_tipo_terreno_imovel":1,"qt_area_terreno":147,"qt_area_construida":100}}},{"type":"Feature","geometry":{"type":"Polygon","coordinates":[[[-45.028412,-23.51418],[-45.02841,-23.513971],[-45.028411,-23.513959],[-45.028412,-23.514175],[-45.028412,-23.51418]]]},"properties":{"sqlu":"SP-001-966235","inscription":"SP-GEOSAMPA-1966235","inscricaoImobiliaria":"SP-IMO-1966235","setor":"001","quadra":"008","lote":"0036","sourceType":"OFFICIAL_IMPORT","mainAddress":"Setor Fiscal 001","zoneamento":"RESIDENCIAL","statusCadastral":"ATIVO","workflowStatus":"PENDENTE","isOfficial":true,"rawProperties":{"cd_identificador":1966235,"cd_identificador_original_lote":8800622,"cd_setor_fiscal":"001","cd_tipo_quadra":"F","tx_tipo_quadra":"FISCAL","cd_quadra_fiscal":"008","cd_subquadra_fiscal":null,"cd_condominio":"00","cd_tipo_lote":"F","tx_tipo_lote":"FISCAL","cd_lote":"0036","cd_situacao":1,"cd_digito_sql":"1","cd_logradouro":"104850","nm_logradouro_completo":"R JOAO TEODORO","cd_numero_porta":"464","tx_complemento_endereco":null,"tx_situ_lote":"ATIVO","cd_tipo_uso_imovel":"80","dc_tipo_uso_imovel":"Não residencial","cd_tipo_terreno_imovel":1,"qt_area_terreno":80,"qt_area_construida":60}}},{"type":"Feature","geometry":{"type":"Polygon","coordinates":[[[-45.028412,-23.51418],[-45.028412,-23.514203],[-45.028413,-23.514238],[-45.028413,-23.514307],[-45.028413,-23.514329],[-45.028413,-23.514332],[-45.028412,-23.514347],[-45.028412,-23.514323],[-45.028411,-23.514274],[-45.028411,-23.514232],[-45.02841,-23.514158],[-45.02841,-23.514112],[-45.02841,-23.514058],[-45.028409,-23.513987],[-45.02841,-23.513971],[-45.028412,-23.51418]]]},"properties":{"sqlu":"SP-001-966236","inscription":"SP-GEOSAMPA-1966236","inscricaoImobiliaria":"SP-IMO-1966236","setor":"001","quadra":"008","lote":"0000","sourceType":"OFFICIAL_IMPORT","mainAddress":"Setor Fiscal 001","zoneamento":"RESIDENCIAL","statusCadastral":"ATIVO","workflowStatus":"PENDENTE","isOfficial":true,"rawProperties":{"cd_identificador":1966236,"cd_identificador_original_lote":8800623,"cd_setor_fiscal":"001","cd_tipo_quadra":"F","tx_tipo_quadra":"FISCAL","cd_quadra_fiscal":"008","cd_subquadra_fiscal":null,"cd_condominio":"01","cd_tipo_lote":"F","tx_tipo_lote":"FISCAL","cd_lote":"0000","cd_situacao":1,"cd_digito_sql":null,"cd_logradouro":"104850","nm_logradouro_completo":"R JOAO TEODORO","cd_numero_porta":"466 468","tx_complemento_endereco":null,"tx_situ_lote":null,"cd_tipo_uso_imovel":"XX","dc_tipo_uso_imovel":"Condomínio","cd_tipo_terreno_imovel":99,"qt_area_terreno":387,"qt_area_construida":null}}},{"type":"Feature","geometry":{"type":"Polygon","coordinates":[[[-45.028426,-23.515867],[-45.02843,-23.515786],[-45.02843,-23.515828],[-45.028426,-23.51591],[-45.028426,-23.515867]]]},"properties":{"sqlu":"SP-001-966371","inscription":"SP-GEOSAMPA-1966371","inscricaoImobiliaria":"SP-IMO-1966371","setor":"001","quadra":"012","lote":"0029","sourceType":"OFFICIAL_IMPORT","mainAddress":"Setor Fiscal 001","zoneamento":"RESIDENCIAL","statusCadastral":"ATIVO","workflowStatus":"PENDENTE","isOfficial":true,"rawProperties":{"cd_identificador":1966371,"cd_identificador_original_lote":8800712,"cd_setor_fiscal":"001","cd_tipo_quadra":"F","tx_tipo_quadra":"FISCAL","cd_quadra_fiscal":"012","cd_subquadra_fiscal":null,"cd_condominio":"00","cd_tipo_lote":"F","tx_tipo_lote":"FISCAL","cd_lote":"0029","cd_situacao":1,"cd_digito_sql":"3","cd_logradouro":"059633","nm_logradouro_completo":"R DJALMA DUTRA","cd_numero_porta":"60","tx_complemento_endereco":null,"tx_situ_lote":"ATIVO","cd_tipo_uso_imovel":"10","dc_tipo_uso_imovel":"Residencial","cd_tipo_terreno_imovel":1,"qt_area_terreno":150,"qt_area_construida":60}}},{"type":"Feature","geometry":{"type":"Polygon","coordinates":[[[-45.028531,-23.518105],[-45.028529,-23.518104],[-45.028529,-23.518004],[-45.028529,-23.517954],[-45.028529,-23.517854],[-45.028529,-23.517821],[-45.02853,-23.517806],[-45.028532,-23.517791],[-45.028534,-23.51777],[-45.028534,-23.517801],[-45.028534,-23.517814],[-45.028534,-23.517844],[-45.028534,-23.517846],[-45.028534,-23.517879],[-45.028534,-23.51793],[-45.028534,-23.518108],[-45.028532,-23.518107],[-45.028531,-23.518105]]]},"properties":{"sqlu":"SP-001-784116","inscription":"SP-GEOSAMPA-6784116","inscricaoImobiliaria":"SP-IMO-6784116","setor":"001","quadra":"020","lote":"0000","sourceType":"OFFICIAL_IMPORT","mainAddress":"Setor Fiscal 001","zoneamento":"RESIDENCIAL","statusCadastral":"ATIVO","workflowStatus":"PENDENTE","isOfficial":true,"rawProperties":{"cd_identificador":6784116,"cd_identificador_original_lote":10643568,"cd_setor_fiscal":"001","cd_tipo_quadra":"F","tx_tipo_quadra":"FISCAL","cd_quadra_fiscal":"020","cd_subquadra_fiscal":null,"cd_condominio":"08","cd_tipo_lote":"F","tx_tipo_lote":"FISCAL","cd_lote":"0000","cd_situacao":1,"cd_digito_sql":null,"cd_logradouro":"199320","nm_logradouro_completo":"R WASHINGTON LUIS","cd_numero_porta":"196","tx_complemento_endereco":null,"tx_situ_lote":null,"cd_tipo_uso_imovel":"XX","dc_tipo_uso_imovel":"Condomínio","cd_tipo_terreno_imovel":99,"qt_area_terreno":935,"qt_area_construida":null}}},{"type":"Feature","geometry":{"type":"Polygon","coordinates":[[[-45.02847,-23.519327],[-45.02847,-23.519342],[-45.02847,-23.519188],[-45.02847,-23.519185],[-45.028472,-23.519157],[-45.028472,-23.51921],[-45.028471,-23.519313],[-45.02847,-23.519327]]]},"properties":{"sqlu":"SP-001-966554","inscription":"SP-GEOSAMPA-1966554","inscricaoImobiliaria":"SP-IMO-1966554","setor":"001","quadra":"032","lote":"0110","sourceType":"OFFICIAL_IMPORT","mainAddress":"Setor Fiscal 001","zoneamento":"RESIDENCIAL","statusCadastral":"ATIVO","workflowStatus":"PENDENTE","isOfficial":true,"rawProperties":{"cd_identificador":1966554,"cd_identificador_original_lote":8800834,"cd_setor_fiscal":"001","cd_tipo_quadra":"F","tx_tipo_quadra":"FISCAL","cd_quadra_fiscal":"032","cd_subquadra_fiscal":null,"cd_condominio":"00","cd_tipo_lote":"F","tx_tipo_lote":"FISCAL","cd_lote":"0110","cd_situacao":1,"cd_digito_sql":"6","cd_logradouro":"329843","nm_logradouro_completo":"R ILHA DAS FLORES","cd_numero_porta":"99","tx_complemento_endereco":null,"tx_situ_lote":"ATIVO","cd_tipo_uso_imovel":"10","dc_tipo_uso_imovel":"Residencial","cd_tipo_terreno_imovel":1,"qt_area_terreno":132,"qt_area_construida":208}}},{"type":"Feature","geometry":{"type":"Polygon","coordinates":[[[-45.028504,-23.523511],[-45.028504,-23.523418],[-45.028503,-23.523402],[-45.028503,-23.523386],[-45.028503,-23.523344],[-45.028505,-23.523303],[-45.028506,-23.523281],[-45.028515,-23.523086],[-45.028518,-23.523019],[-45.028518,-23.523005],[-45.028519,-23.522992],[-45.028519,-23.523009],[-45.028519,-23.523015],[-45.028519,-23.523039],[-45.02852,-23.52307],[-45.02852,-23.523101],[-45.02852,-23.52314],[-45.028521,-23.523132],[-45.028522,-23.523248],[-45.028523,-23.523377],[-45.028524,-23.523357],[-45.028526,-23.523327],[-45.028527,-23.52331],[-45.028527,-23.523356],[-45.028528,-23.523404],[-45.028528,-23.523415],[-45.028529,-23.523563],[-45.028527,-23.523702],[-45.028524,-23.523884],[-45.028523,-23.523944],[-45.028523,-23.523944],[-45.028511,-23.524256],[-45.028511,-23.524191],[-45.02851,-23.524055],[-45.028507,-23.523821],[-45.028511,-23.523737],[-45.028511,-23.52372],[-45.02851,-23.523628],[-45.02851,-23.523542],[-45.028509,-23.523501],[-45.02851,-23.523481],[-45.02851,-23.523459],[-45.028509,-23.523395],[-45.028507,-23.523451],[-45.028505,-23.52349],[-45.028504,-23.523511]]]},"properties":{"sqlu":"SP-001-966743","inscription":"SP-GEOSAMPA-1966743","inscricaoImobiliaria":"SP-IMO-1966743","setor":"001","quadra":"049","lote":"0235","sourceType":"OFFICIAL_IMPORT","mainAddress":"Setor Fiscal 001","zoneamento":"RESIDENCIAL","statusCadastral":"ATIVO","workflowStatus":"PENDENTE","isOfficial":true,"rawProperties":{"cd_identificador":1966743,"cd_identificador_original_lote":8800972,"cd_setor_fiscal":"001","cd_tipo_quadra":"F","tx_tipo_quadra":"FISCAL","cd_quadra_fiscal":"049","cd_subquadra_fiscal":null,"cd_condominio":"00","cd_tipo_lote":"F","tx_tipo_lote":"FISCAL","cd_lote":"0235","cd_situacao":1,"cd_digito_sql":"3","cd_logradouro":"032093","nm_logradouro_completo":"LG DE SAO BENTO","cd_numero_porta":"1","tx_complemento_endereco":"IGREJA SAO BENTO","tx_situ_lote":"ATIVO","cd_tipo_uso_imovel":"74","dc_tipo_uso_imovel":"Não residencial","cd_tipo_terreno_imovel":2,"qt_area_terreno":10593,"qt_area_construida":18294}}},{"type":"Feature","geometry":{"type":"Polygon","coordinates":[[[-45.028442,-23.519288],[-45.028441,-23.51927],[-45.028441,-23.519188],[-45.02844,-23.51898],[-45.028441,-23.518961],[-45.028442,-23.519168],[-45.028443,-23.519196],[-45.028443,-23.519235],[-45.028443,-23.51927],[-45.028442,-23.519288]]]},"properties":{"sqlu":"SP-001-966768","inscription":"SP-GEOSAMPA-1966768","inscricaoImobiliaria":"SP-IMO-1966768","setor":"001","quadra":"034","lote":"0027","sourceType":"OFFICIAL_IMPORT","mainAddress":"Setor Fiscal 001","zoneamento":"RESIDENCIAL","statusCadastral":"ATIVO","workflowStatus":"PENDENTE","isOfficial":true,"rawProperties":{"cd_identificador":1966768,"cd_identificador_original_lote":8800855,"cd_setor_fiscal":"001","cd_tipo_quadra":"F","tx_tipo_quadra":"FISCAL","cd_quadra_fiscal":"034","cd_subquadra_fiscal":null,"cd_condominio":"00","cd_tipo_lote":"F","tx_tipo_lote":"FISCAL","cd_lote":"0027","cd_situacao":1,"cd_digito_sql":"3","cd_logradouro":"156299","nm_logradouro_completo":"R PAULA SOUSA","cd_numero_porta":"338","tx_complemento_endereco":"E 340","tx_situ_lote":"ATIVO","cd_tipo_uso_imovel":"40","dc_tipo_uso_imovel":"Não residencial","cd_tipo_terreno_imovel":1,"qt_area_terreno":280,"qt_area_construida":670}}},{"type":"Feature","geometry":{"type":"Polygon","coordinates":[[[-45.028455,-23.516956],[-45.028456,-23.516942],[-45.028457,-23.517201],[-45.028458,-23.517219],[-45.028457,-23.517233],[-45.028457,-23.517215],[-45.028455,-23.516956]]]},"properties":{"sqlu":"SP-001-966781","inscription":"SP-GEOSAMPA-1966781","inscricaoImobiliaria":"SP-IMO-1966781","setor":"001","quadra":"023","lote":"0122","sourceType":"OFFICIAL_IMPORT","mainAddress":"Setor Fiscal 001","zoneamento":"RESIDENCIAL","statusCadastral":"ATIVO","workflowStatus":"PENDENTE","isOfficial":true,"rawProperties":{"cd_identificador":1966781,"cd_identificador_original_lote":8801359,"cd_setor_fiscal":"001","cd_tipo_quadra":"F","tx_tipo_quadra":"FISCAL","cd_quadra_fiscal":"023","cd_subquadra_fiscal":null,"cd_condominio":"00","cd_tipo_lote":"F","tx_tipo_lote":"FISCAL","cd_lote":"0122","cd_situacao":1,"cd_digito_sql":"0","cd_logradouro":"137332","nm_logradouro_completo":"R MAUA","cd_numero_porta":"980","tx_complemento_endereco":null,"tx_situ_lote":"ATIVO","cd_tipo_uso_imovel":"50","dc_tipo_uso_imovel":"Não residencial","cd_tipo_terreno_imovel":1,"qt_area_terreno":176,"qt_area_construida":500}}},{"type":"Feature","geometry":{"type":"Polygon","coordinates":[[[-45.028491,-23.525817],[-45.02849,-23.525809],[-45.028483,-23.525724],[-45.028483,-23.525655],[-45.028491,-23.525744],[-45.028491,-23.525751],[-45.028491,-23.525776],[-45.028491,-23.525801],[-45.028491,-23.525817]]]},"properties":{"sqlu":"SP-001-966974","inscription":"SP-GEOSAMPA-1966974","inscricaoImobiliaria":"SP-IMO-1966974","setor":"001","quadra":"075","lote":"0034","sourceType":"OFFICIAL_IMPORT","mainAddress":"Setor Fiscal 001","zoneamento":"RESIDENCIAL","statusCadastral":"ATIVO","workflowStatus":"PENDENTE","isOfficial":true,"rawProperties":{"cd_identificador":1966974,"cd_identificador_original_lote":8800071,"cd_setor_fiscal":"001","cd_tipo_quadra":"F","tx_tipo_quadra":"FISCAL","cd_quadra_fiscal":"075","cd_subquadra_fiscal":null,"cd_condominio":"00","cd_tipo_lote":"F","tx_tipo_lote":"FISCAL","cd_lote":"0034","cd_situacao":1,"cd_digito_sql":"5","cd_logradouro":"197459","nm_logradouro_completo":"R VINTE E CINCO DE MARCO","cd_numero_porta":"501","tx_complemento_endereco":null,"tx_situ_lote":"ATIVO","cd_tipo_uso_imovel":"40","dc_tipo_uso_imovel":"Não residencial","cd_tipo_terreno_imovel":1,"qt_area_terreno":382,"qt_area_construida":479}}},{"type":"Feature","geometry":{"type":"Polygon","coordinates":[[[-45.02847,-23.51806],[-45.028471,-23.518364],[-45.02847,-23.518382],[-45.028469,-23.518142],[-45.028468,-23.518078],[-45.028469,-23.518074],[-45.028469,-23.518067],[-45.028469,-23.518066],[-45.02847,-23.51806]]]},"properties":{"sqlu":"SP-001-966987","inscription":"SP-GEOSAMPA-1966987","inscricaoImobiliaria":"SP-IMO-1966987","setor":"001","quadra":"023","lote":"0017","sourceType":"OFFICIAL_IMPORT","mainAddress":"Setor Fiscal 001","zoneamento":"RESIDENCIAL","statusCadastral":"ATIVO","workflowStatus":"PENDENTE","isOfficial":true,"rawProperties":{"cd_identificador":1966987,"cd_identificador_original_lote":8801288,"cd_setor_fiscal":"001","cd_tipo_quadra":"F","tx_tipo_quadra":"FISCAL","cd_quadra_fiscal":"023","cd_subquadra_fiscal":null,"cd_condominio":"00","cd_tipo_lote":"F","tx_tipo_lote":"FISCAL","cd_lote":"0017","cd_situacao":1,"cd_digito_sql":"8","cd_logradouro":"156299","nm_logradouro_completo":"R PAULA SOUSA","cd_numero_porta":"155","tx_complemento_endereco":null,"tx_situ_lote":"ATIVO","cd_tipo_uso_imovel":"43","dc_tipo_uso_imovel":"Não residencial","cd_tipo_terreno_imovel":1,"qt_area_terreno":280,"qt_area_construida":765}}},{"type":"Feature","geometry":{"type":"Polygon","coordinates":[[[-45.02847,-23.51806],[-45.028469,-23.518066],[-45.028469,-23.518067],[-45.028469,-23.518074],[-45.028468,-23.517998],[-45.028468,-23.517982],[-45.028469,-23.517963],[-45.02847,-23.518041],[-45.02847,-23.518054],[-45.02847,-23.51806]]]},"properties":{"sqlu":"SP-001-966988","inscription":"SP-GEOSAMPA-1966988","inscricaoImobiliaria":"SP-IMO-1966988","setor":"001","quadra":"023","lote":"0036","sourceType":"OFFICIAL_IMPORT","mainAddress":"Setor Fiscal 001","zoneamento":"RESIDENCIAL","statusCadastral":"ATIVO","workflowStatus":"PENDENTE","isOfficial":true,"rawProperties":{"cd_identificador":1966988,"cd_identificador_original_lote":8801290,"cd_setor_fiscal":"001","cd_tipo_quadra":"F","tx_tipo_quadra":"FISCAL","cd_quadra_fiscal":"023","cd_subquadra_fiscal":null,"cd_condominio":"00","cd_tipo_lote":"F","tx_tipo_lote":"FISCAL","cd_lote":"0036","cd_situacao":1,"cd_digito_sql":"4","cd_logradouro":"050083","nm_logradouro_completo":"TV ROSARIO FUSCO","cd_numero_porta":"19","tx_complemento_endereco":"CS 19","tx_situ_lote":"ATIVO","cd_tipo_uso_imovel":"10","dc_tipo_uso_imovel":"Residencial","cd_tipo_terreno_imovel":1,"qt_area_terreno":91,"qt_area_construida":80}}},{"type":"Feature","geometry":{"type":"Polygon","coordinates":[[[-45.028492,-23.521251],[-45.028489,-23.521214],[-45.028488,-23.521212],[-45.028488,-23.521118],[-45.028489,-23.521036],[-45.028492,-23.521074],[-45.028492,-23.521251]]]},"properties":{"sqlu":"SP-001-786250","inscription":"SP-GEOSAMPA-6786250","inscricaoImobiliaria":"SP-IMO-6786250","setor":"001","quadra":"050","lote":"0000","sourceType":"OFFICIAL_IMPORT","mainAddress":"Setor Fiscal 001","zoneamento":"RESIDENCIAL","statusCadastral":"ATIVO","workflowStatus":"PENDENTE","isOfficial":true,"rawProperties":{"cd_identificador":6786250,"cd_identificador_original_lote":10645281,"cd_setor_fiscal":"001","cd_tipo_quadra":"F","tx_tipo_quadra":"FISCAL","cd_quadra_fiscal":"050","cd_subquadra_fiscal":null,"cd_condominio":"06","cd_tipo_lote":"F","tx_tipo_lote":"FISCAL","cd_lote":"0000","cd_situacao":1,"cd_digito_sql":null,"cd_logradouro":"072044","nm_logradouro_completo":"R FLORENCIO DE ABREU","cd_numero_porta":"364 376","tx_complemento_endereco":null,"tx_situ_lote":null,"cd_tipo_uso_imovel":"XX","dc_tipo_uso_imovel":"Condomínio","cd_tipo_terreno_imovel":99,"qt_area_terreno":478,"qt_area_construida":null}}},{"type":"Feature","geometry":{"type":"Polygon","coordinates":[[[-45.028529,-23.526649],[-45.028529,-23.526568],[-45.02853,-23.526538],[-45.028531,-23.526525],[-45.028531,-23.52652],[-45.028533,-23.526464],[-45.028534,-23.526451],[-45.028535,-23.526532],[-45.028535,-23.526535],[-45.028535,-23.526542],[-45.028535,-23.526549],[-45.028535,-23.526555],[-45.028535,-23.526561],[-45.028535,-23.526566],[-45.028534,-23.52657],[-45.028531,-23.526662],[-45.028529,-23.526649]]]},"properties":{"sqlu":"SP-001-786172","inscription":"SP-GEOSAMPA-6786172","inscricaoImobiliaria":"SP-IMO-6786172","setor":"001","quadra":"073","lote":"0000","sourceType":"OFFICIAL_IMPORT","mainAddress":"Setor Fiscal 001","zoneamento":"RESIDENCIAL","statusCadastral":"ATIVO","workflowStatus":"PENDENTE","isOfficial":true,"rawProperties":{"cd_identificador":6786172,"cd_identificador_original_lote":10644758,"cd_setor_fiscal":"001","cd_tipo_quadra":"F","tx_tipo_quadra":"FISCAL","cd_quadra_fiscal":"073","cd_subquadra_fiscal":null,"cd_condominio":"01","cd_tipo_lote":"F","tx_tipo_lote":"FISCAL","cd_lote":"0000","cd_situacao":1,"cd_digito_sql":null,"cd_logradouro":"038423","nm_logradouro_completo":"LG DO CAFE","cd_numero_porta":"4 14","tx_complemento_endereco":null,"tx_situ_lote":null,"cd_tipo_uso_imovel":"XX","dc_tipo_uso_imovel":"Condomínio","cd_tipo_terreno_imovel":99,"qt_area_terreno":464,"qt_area_construida":null}}},{"type":"Feature","geometry":{"type":"Polygon","coordinates":[[[-45.028601,-23.523031],[-45.0286,-23.523008],[-45.0286,-23.522986],[-45.028598,-23.522931],[-45.028598,-23.522923],[-45.028598,-23.522935],[-45.028597,-23.522894],[-45.028597,-23.522878],[-45.028597,-23.522861],[-45.028596,-23.522896],[-45.028596,-23.522893],[-45.028595,-23.52284],[-45.028597,-23.522709],[-45.028598,-23.522775],[-45.028599,-23.522807],[-45.0286,-23.52284],[-45.028602,-23.522936],[-45.028602,-23.522946],[-45.028601,-23.523013],[-45.028601,-23.523031]]]},"properties":{"sqlu":"SP-001-786102","inscription":"SP-GEOSAMPA-6786102","inscricaoImobiliaria":"SP-IMO-6786102","setor":"001","quadra":"055","lote":"0000","sourceType":"OFFICIAL_IMPORT","mainAddress":"Setor Fiscal 001","zoneamento":"RESIDENCIAL","statusCadastral":"ATIVO","workflowStatus":"PENDENTE","isOfficial":true,"rawProperties":{"cd_identificador":6786102,"cd_identificador_original_lote":10644757,"cd_setor_fiscal":"001","cd_tipo_quadra":"F","tx_tipo_quadra":"FISCAL","cd_quadra_fiscal":"055","cd_subquadra_fiscal":null,"cd_condominio":"03","cd_tipo_lote":"F","tx_tipo_lote":"FISCAL","cd_lote":"0000","cd_situacao":1,"cd_digito_sql":null,"cd_logradouro":"009512","nm_logradouro_completo":"R DO BOTICARIO","cd_numero_porta":"31 39 47","tx_complemento_endereco":null,"tx_situ_lote":null,"cd_tipo_uso_imovel":"XX","dc_tipo_uso_imovel":"Condomínio","cd_tipo_terreno_imovel":99,"qt_area_terreno":638,"qt_area_construida":null}}},{"type":"Feature","geometry":{"type":"Polygon","coordinates":[[[-45.028511,-23.516547],[-45.028512,-23.516536],[-45.028515,-23.516497],[-45.028515,-23.516597],[-45.028511,-23.516657],[-45.028511,-23.516588],[-45.028511,-23.516547]]]},"properties":{"sqlu":"SP-001-966955","inscription":"SP-GEOSAMPA-1966955","inscricaoImobiliaria":"SP-IMO-1966955","setor":"001","quadra":"021","lote":"0026","sourceType":"OFFICIAL_IMPORT","mainAddress":"Setor Fiscal 001","zoneamento":"RESIDENCIAL","statusCadastral":"ATIVO","workflowStatus":"PENDENTE","isOfficial":true,"rawProperties":{"cd_identificador":1966955,"cd_identificador_original_lote":8799811,"cd_setor_fiscal":"001","cd_tipo_quadra":"F","tx_tipo_quadra":"FISCAL","cd_quadra_fiscal":"021","cd_subquadra_fiscal":null,"cd_condominio":"00","cd_tipo_lote":"F","tx_tipo_lote":"FISCAL","cd_lote":"0026","cd_situacao":1,"cd_digito_sql":"8","cd_logradouro":"165930","nm_logradouro_completo":"AV PRESTES MAIA","cd_numero_porta":"941","tx_complemento_endereco":"947","tx_situ_lote":"ATIVO","cd_tipo_uso_imovel":"43","dc_tipo_uso_imovel":"Não residencial","cd_tipo_terreno_imovel":3,"qt_area_terreno":275,"qt_area_construida":50}}},{"type":"Feature","geometry":{"type":"Polygon","coordinates":[[[-45.028438,-23.515753],[-45.028438,-23.515798],[-45.028438,-23.51581],[-45.028437,-23.515817],[-45.028434,-23.515892],[-45.028433,-23.515846],[-45.028436,-23.515786],[-45.028437,-23.515772],[-45.028438,-23.515762],[-45.028438,-23.51576],[-45.028438,-23.515753]]]},"properties":{"sqlu":"SP-001-967146","inscription":"SP-GEOSAMPA-1967146","inscricaoImobiliaria":"SP-IMO-1967146","setor":"001","quadra":"011","lote":"0052","sourceType":"OFFICIAL_IMPORT","mainAddress":"Setor Fiscal 001","zoneamento":"RESIDENCIAL","statusCadastral":"ATIVO","workflowStatus":"PENDENTE","isOfficial":true,"rawProperties":{"cd_identificador":1967146,"cd_identificador_original_lote":8800671,"cd_setor_fiscal":"001","cd_tipo_quadra":"F","tx_tipo_quadra":"FISCAL","cd_quadra_fiscal":"011","cd_subquadra_fiscal":null,"cd_condominio":"00","cd_tipo_lote":"F","tx_tipo_lote":"FISCAL","cd_lote":"0052","cd_situacao":1,"cd_digito_sql":"3","cd_logradouro":"059633","nm_logradouro_completo":"R DJALMA DUTRA","cd_numero_porta":"53","tx_complemento_endereco":null,"tx_situ_lote":"ATIVO","cd_tipo_uso_imovel":"10","dc_tipo_uso_imovel":"Residencial","cd_tipo_terreno_imovel":1,"qt_area_terreno":160,"qt_area_construida":106}}},{"type":"Feature","geometry":{"type":"Polygon","coordinates":[[[-45.02855,-23.525464],[-45.028548,-23.525498],[-45.028547,-23.525529],[-45.028546,-23.525559],[-45.028546,-23.52558],[-45.028545,-23.525523],[-45.028546,-23.525505],[-45.028545,-23.52539],[-45.028546,-23.525356],[-45.028547,-23.525323],[-45.028547,-23.525302],[-45.028548,-23.525314],[-45.02855,-23.525464]]]},"properties":{"sqlu":"SP-001-791888","inscription":"SP-GEOSAMPA-6791888","inscricaoImobiliaria":"SP-IMO-6791888","setor":"001","quadra":"071","lote":"0393","sourceType":"OFFICIAL_IMPORT","mainAddress":"Setor Fiscal 001","zoneamento":"RESIDENCIAL","statusCadastral":"ATIVO","workflowStatus":"PENDENTE","isOfficial":true,"rawProperties":{"cd_identificador":6791888,"cd_identificador_original_lote":10647101,"cd_setor_fiscal":"001","cd_tipo_quadra":"F","tx_tipo_quadra":"FISCAL","cd_quadra_fiscal":"071","cd_subquadra_fiscal":null,"cd_condominio":"00","cd_tipo_lote":"F","tx_tipo_lote":"FISCAL","cd_lote":"0393","cd_situacao":1,"cd_digito_sql":"1","cd_logradouro":"101010","nm_logradouro_completo":"AV S JOAO","cd_numero_porta":"119","tx_complemento_endereco":null,"tx_situ_lote":"ATIVO","cd_tipo_uso_imovel":"40","dc_tipo_uso_imovel":"Não residencial","cd_tipo_terreno_imovel":2,"qt_area_terreno":599,"qt_area_construida":1463}}},{"type":"Feature","geometry":{"type":"Polygon","coordinates":[[[-45.028463,-23.517842],[-45.028463,-23.517756],[-45.028464,-23.517736],[-45.028465,-23.517823],[-45.028463,-23.517842]]]},"properties":{"sqlu":"SP-001-967230","inscription":"SP-GEOSAMPA-1967230","inscricaoImobiliaria":"SP-IMO-1967230","setor":"001","quadra":"023","lote":"0073","sourceType":"OFFICIAL_IMPORT","mainAddress":"Setor Fiscal 001","zoneamento":"RESIDENCIAL","statusCadastral":"ATIVO","workflowStatus":"PENDENTE","isOfficial":true,"rawProperties":{"cd_identificador":1967230,"cd_identificador_original_lote":8801238,"cd_setor_fiscal":"001","cd_tipo_quadra":"F","tx_tipo_quadra":"FISCAL","cd_quadra_fiscal":"023","cd_subquadra_fiscal":null,"cd_condominio":"00","cd_tipo_lote":"F","tx_tipo_lote":"FISCAL","cd_lote":"0073","cd_situacao":1,"cd_digito_sql":"9","cd_logradouro":"036960","nm_logradouro_completo":"TV AUGUSTO MEYER","cd_numero_porta":"4","tx_complemento_endereco":"CS 4","tx_situ_lote":"ATIVO","cd_tipo_uso_imovel":"10","dc_tipo_uso_imovel":"Residencial","cd_tipo_terreno_imovel":1,"qt_area_terreno":78,"qt_area_construida":291}}},{"type":"Feature","geometry":{"type":"Polygon","coordinates":[[[-45.028475,-23.517335],[-45.028476,-23.517325],[-45.028476,-23.51741],[-45.028475,-23.517432],[-45.028475,-23.517347],[-45.028475,-23.517335]]]},"properties":{"sqlu":"SP-001-967336","inscription":"SP-GEOSAMPA-1967336","inscricaoImobiliaria":"SP-IMO-1967336","setor":"001","quadra":"023","lote":"0092","sourceType":"OFFICIAL_IMPORT","mainAddress":"Setor Fiscal 001","zoneamento":"RESIDENCIAL","statusCadastral":"ATIVO","workflowStatus":"PENDENTE","isOfficial":true,"rawProperties":{"cd_identificador":1967336,"cd_identificador_original_lote":8801235,"cd_setor_fiscal":"001","cd_tipo_quadra":"F","tx_tipo_quadra":"FISCAL","cd_quadra_fiscal":"023","cd_subquadra_fiscal":null,"cd_condominio":"00","cd_tipo_lote":"F","tx_tipo_lote":"FISCAL","cd_lote":"0092","cd_situacao":1,"cd_digito_sql":"5","cd_logradouro":"325490","nm_logradouro_completo":"TV MURILO RUBIAO","cd_numero_porta":"52","tx_complemento_endereco":"CS 52","tx_situ_lote":"ATIVO","cd_tipo_uso_imovel":"10","dc_tipo_uso_imovel":"Residencial","cd_tipo_terreno_imovel":1,"qt_area_terreno":80,"qt_area_construida":50}}},{"type":"Feature","geometry":{"type":"Polygon","coordinates":[[[-45.028475,-23.517335],[-45.028475,-23.517347],[-45.028474,-23.517351],[-45.028474,-23.517313],[-45.028474,-23.517286],[-45.028473,-23.517174],[-45.028474,-23.517159],[-45.028475,-23.51727],[-45.028475,-23.517296],[-45.028475,-23.517335]]]},"properties":{"sqlu":"SP-001-967337","inscription":"SP-GEOSAMPA-1967337","inscricaoImobiliaria":"SP-IMO-1967337","setor":"001","quadra":"023","lote":"0164","sourceType":"OFFICIAL_IMPORT","mainAddress":"Setor Fiscal 001","zoneamento":"RESIDENCIAL","statusCadastral":"ATIVO","workflowStatus":"PENDENTE","isOfficial":true,"rawProperties":{"cd_identificador":1967337,"cd_identificador_original_lote":8801299,"cd_setor_fiscal":"001","cd_tipo_quadra":"F","tx_tipo_quadra":"FISCAL","cd_quadra_fiscal":"023","cd_subquadra_fiscal":null,"cd_condominio":"00","cd_tipo_lote":"F","tx_tipo_lote":"FISCAL","cd_lote":"0164","cd_situacao":1,"cd_digito_sql":"6","cd_logradouro":"325481","nm_logradouro_completo":"TV ADELCI GROIA PAULINO","cd_numero_porta":"21","tx_complemento_endereco":"CASA 21","tx_situ_lote":"ATIVO","cd_tipo_uso_imovel":"31","dc_tipo_uso_imovel":"Não residencial","cd_tipo_terreno_imovel":1,"qt_area_terreno":172,"qt_area_construida":185}}},{"type":"Feature","geometry":{"type":"Polygon","coordinates":[[[-45.02854,-23.516756],[-45.028541,-23.517025],[-45.028539,-23.517055],[-45.028537,-23.517084],[-45.028537,-23.517089],[-45.028534,-23.517125],[-45.028532,-23.517154],[-45.028531,-23.517169],[-45.028531,-23.517176],[-45.028529,-23.517207],[-45.028529,-23.51721],[-45.028528,-23.51722],[-45.028527,-23.517238],[-45.028526,-23.517249],[-45.028524,-23.517275],[-45.028524,-23.517276],[-45.028522,-23.517306],[-45.02852,-23.516953],[-45.02852,-23.516929],[-45.028519,-23.516764],[-45.028518,-23.516604],[-45.028518,-23.516603],[-45.028517,-23.516425],[-45.028517,-23.516291],[-45.028516,-23.516156],[-45.028516,-23.516147],[-45.028516,-23.51614],[-45.028516,-23.516133],[-45.028516,-23.51613],[-45.02852,-23.516059],[-45.028521,-23.516053],[-45.028524,-23.516011],[-45.028525,-23.515997],[-45.028525,-23.516086],[-45.028526,-23.516172],[-45.028526,-23.516199],[-45.028526,-23.516273],[-45.028528,-23.516251],[-45.028529,-23.516235],[-45.028529,-23.516235],[-45.02853,-23.516209],[-45.028533,-23.516171],[-45.028534,-23.516163],[-45.028534,-23.516158],[-45.028534,-23.516155],[-45.028535,-23.516149],[-45.028538,-23.516103],[-45.028538,-23.516106],[-45.028538,-23.516283],[-45.028539,-23.516469],[-45.028539,-23.516542],[-45.028539,-23.516594],[-45.02854,-23.516739],[-45.02854,-23.516756]]]},"properties":{"sqlu":"SP-001-792585","inscription":"SP-GEOSAMPA-6792585","inscricaoImobiliaria":"SP-IMO-6792585","setor":"001","quadra":"020","lote":"0484","sourceType":"OFFICIAL_IMPORT","mainAddress":"Setor Fiscal 001","zoneamento":"RESIDENCIAL","statusCadastral":"ATIVO","workflowStatus":"PENDENTE","isOfficial":true,"rawProperties":{"cd_identificador":6792585,"cd_identificador_original_lote":10647100,"cd_setor_fiscal":"001","cd_tipo_quadra":"F","tx_tipo_quadra":"FISCAL","cd_quadra_fiscal":"020","cd_subquadra_fiscal":null,"cd_condominio":"00","cd_tipo_lote":"F","tx_tipo_lote":"FISCAL","cd_lote":"0484","cd_situacao":1,"cd_digito_sql":"6","cd_logradouro":"190179","nm_logradouro_completo":"R BRIG TOBIAS","cd_numero_porta":"S/N","tx_complemento_endereco":null,"tx_situ_lote":"ATIVO","cd_tipo_uso_imovel":"74","dc_tipo_uso_imovel":"Não residencial","cd_tipo_terreno_imovel":2,"qt_area_terreno":14184,"qt_area_construida":26142}}},{"type":"Feature","geometry":{"type":"Polygon","coordinates":[[[-45.028462,-23.518165],[-45.028464,-23.518143],[-45.028464,-23.518141],[-45.028465,-23.51831],[-45.028465,-23.518363],[-45.028466,-23.518445],[-45.028464,-23.51847],[-45.028462,-23.518165]]]},"properties":{"sqlu":"SP-001-967357","inscription":"SP-GEOSAMPA-1967357","inscricaoImobiliaria":"SP-IMO-1967357","setor":"001","quadra":"023","lote":"0021","sourceType":"OFFICIAL_IMPORT","mainAddress":"Setor Fiscal 001","zoneamento":"RESIDENCIAL","statusCadastral":"ATIVO","workflowStatus":"PENDENTE","isOfficial":true,"rawProperties":{"cd_identificador":1967357,"cd_identificador_original_lote":8801260,"cd_setor_fiscal":"001","cd_tipo_quadra":"F","tx_tipo_quadra":"FISCAL","cd_quadra_fiscal":"023","cd_subquadra_fiscal":null,"cd_condominio":"00","cd_tipo_lote":"F","tx_tipo_lote":"FISCAL","cd_lote":"0021","cd_situacao":1,"cd_digito_sql":"6","cd_logradouro":"156299","nm_logradouro_completo":"R PAULA SOUSA","cd_numero_porta":"187","tx_complemento_endereco":"E 193","tx_situ_lote":"ATIVO","cd_tipo_uso_imovel":"42","dc_tipo_uso_imovel":"Não residencial","cd_tipo_terreno_imovel":1,"qt_area_terreno":344,"qt_area_construida":400}}},{"type":"Feature","geometry":{"type":"Polygon","coordinates":[[[-45.028462,-23.518165],[-45.028462,-23.518172],[-45.028461,-23.51809],[-45.028461,-23.518078],[-45.028463,-23.51805],[-45.028464,-23.518143],[-45.028462,-23.518165]]]},"properties":{"sqlu":"SP-001-967358","inscription":"SP-GEOSAMPA-1967358","inscricaoImobiliaria":"SP-IMO-1967358","setor":"001","quadra":"023","lote":"0032","sourceType":"OFFICIAL_IMPORT","mainAddress":"Setor Fiscal 001","zoneamento":"RESIDENCIAL","statusCadastral":"ATIVO","workflowStatus":"PENDENTE","isOfficial":true,"rawProperties":{"cd_identificador":1967358,"cd_identificador_original_lote":8801313,"cd_setor_fiscal":"001","cd_tipo_quadra":"F","tx_tipo_quadra":"FISCAL","cd_quadra_fiscal":"023","cd_subquadra_fiscal":null,"cd_condominio":"00","cd_tipo_lote":"F","tx_tipo_lote":"FISCAL","cd_lote":"0032","cd_situacao":1,"cd_digito_sql":"1","cd_logradouro":"050083","nm_logradouro_completo":"TV ROSARIO FUSCO","cd_numero_porta":"11","tx_complemento_endereco":"CS 11","tx_situ_lote":"ATIVO","cd_tipo_uso_imovel":"10","dc_tipo_uso_imovel":"Residencial","cd_tipo_terreno_imovel":1,"qt_area_terreno":88,"qt_area_construida":120}}},{"type":"Feature","geometry":{"type":"Polygon","coordinates":[[[-45.028527,-23.520592],[-45.028527,-23.520506],[-45.028527,-23.520501],[-45.028527,-23.520384],[-45.028527,-23.520373],[-45.028529,-23.520341],[-45.028534,-23.520245],[-45.028535,-23.52036],[-45.028535,-23.520439],[-45.028527,-23.520592]]]},"properties":{"sqlu":"SP-001-795772","inscription":"SP-GEOSAMPA-6795772","inscricaoImobiliaria":"SP-IMO-6795772","setor":"001","quadra":"037","lote":"0000","sourceType":"OFFICIAL_IMPORT","mainAddress":"Setor Fiscal 001","zoneamento":"RESIDENCIAL","statusCadastral":"ATIVO","workflowStatus":"PENDENTE","isOfficial":true,"rawProperties":{"cd_identificador":6795772,"cd_identificador_original_lote":10654573,"cd_setor_fiscal":"001","cd_tipo_quadra":"F","tx_tipo_quadra":"FISCAL","cd_quadra_fiscal":"037","cd_subquadra_fiscal":null,"cd_condominio":"05","cd_tipo_lote":"F","tx_tipo_lote":"FISCAL","cd_lote":"0000","cd_situacao":1,"cd_digito_sql":null,"cd_logradouro":"190179","nm_logradouro_completo":"R BRIG TOBIAS","cd_numero_porta":"334","tx_complemento_endereco":null,"tx_situ_lote":null,"cd_tipo_uso_imovel":"XX","dc_tipo_uso_imovel":"Condomínio","cd_tipo_terreno_imovel":99,"qt_area_terreno":1042,"qt_area_construida":null}}},{"type":"Feature","geometry":{"type":"Polygon","coordinates":[[[-45.02848,-23.523215],[-45.02848,-23.523149],[-45.028484,-23.523106],[-45.028484,-23.523112],[-45.028485,-23.523177],[-45.02848,-23.523215]]]},"properties":{"sqlu":"SP-001-967434","inscription":"SP-GEOSAMPA-1967434","inscricaoImobiliaria":"SP-IMO-1967434","setor":"001","quadra":"066","lote":"0009","sourceType":"OFFICIAL_IMPORT","mainAddress":"Setor Fiscal 001","zoneamento":"RESIDENCIAL","statusCadastral":"ATIVO","workflowStatus":"PENDENTE","isOfficial":true,"rawProperties":{"cd_identificador":1967434,"cd_identificador_original_lote":8800146,"cd_setor_fiscal":"001","cd_tipo_quadra":"F","tx_tipo_quadra":"FISCAL","cd_quadra_fiscal":"066","cd_subquadra_fiscal":null,"cd_condominio":"00","cd_tipo_lote":"F","tx_tipo_lote":"FISCAL","cd_lote":"0009","cd_situacao":1,"cd_digito_sql":"5","cd_logradouro":"197459","nm_logradouro_completo":"R VINTE E CINCO DE MARCO","cd_numero_porta":"792","tx_complemento_endereco":null,"tx_situ_lote":"ATIVO","cd_tipo_uso_imovel":"40","dc_tipo_uso_imovel":"Não residencial","cd_tipo_terreno_imovel":2,"qt_area_terreno":217,"qt_area_construida":641}}},{"type":"Feature","geometry":{"type":"Polygon","coordinates":[[[-45.028425,-23.517684],[-45.028425,-23.517657],[-45.028425,-23.517634],[-45.028425,-23.517627],[-45.028427,-23.517601],[-45.028429,-23.517564],[-45.028429,-23.517613],[-45.028427,-23.51765],[-45.028425,-23.517684]]]},"properties":{"sqlu":"SP-001-967514","inscription":"SP-GEOSAMPA-1967514","inscricaoImobiliaria":"SP-IMO-1967514","setor":"001","quadra":"025","lote":"0034","sourceType":"OFFICIAL_IMPORT","mainAddress":"Setor Fiscal 001","zoneamento":"RESIDENCIAL","statusCadastral":"ATIVO","workflowStatus":"PENDENTE","isOfficial":true,"rawProperties":{"cd_identificador":1967514,"cd_identificador_original_lote":8799695,"cd_setor_fiscal":"001","cd_tipo_quadra":"F","tx_tipo_quadra":"FISCAL","cd_quadra_fiscal":"025","cd_subquadra_fiscal":null,"cd_condominio":"00","cd_tipo_lote":"F","tx_tipo_lote":"FISCAL","cd_lote":"0034","cd_situacao":1,"cd_digito_sql":"7","cd_logradouro":"164380","nm_logradouro_completo":"R PLINIO RAMOS","cd_numero_porta":"160","tx_complemento_endereco":null,"tx_situ_lote":"ATIVO","cd_tipo_uso_imovel":"40","dc_tipo_uso_imovel":"Não residencial","cd_tipo_terreno_imovel":1,"qt_area_terreno":139,"qt_area_construida":100}}},{"type":"Feature","geometry":{"type":"Polygon","coordinates":[[[-45.028425,-23.517684],[-45.028427,-23.51765],[-45.028429,-23.517613],[-45.028429,-23.517667],[-45.028427,-23.5177],[-45.028426,-23.517728],[-45.028425,-23.517684]]]},"properties":{"sqlu":"SP-001-967513","inscription":"SP-GEOSAMPA-1967513","inscricaoImobiliaria":"SP-IMO-1967513","setor":"001","quadra":"025","lote":"0035","sourceType":"OFFICIAL_IMPORT","mainAddress":"Setor Fiscal 001","zoneamento":"RESIDENCIAL","statusCadastral":"ATIVO","workflowStatus":"PENDENTE","isOfficial":true,"rawProperties":{"cd_identificador":1967513,"cd_identificador_original_lote":8799690,"cd_setor_fiscal":"001","cd_tipo_quadra":"F","tx_tipo_quadra":"FISCAL","cd_quadra_fiscal":"025","cd_subquadra_fiscal":null,"cd_condominio":"00","cd_tipo_lote":"F","tx_tipo_lote":"FISCAL","cd_lote":"0035","cd_situacao":1,"cd_digito_sql":"5","cd_logradouro":"164380","nm_logradouro_completo":"R PLINIO RAMOS","cd_numero_porta":"150","tx_complemento_endereco":null,"tx_situ_lote":"ATIVO","cd_tipo_uso_imovel":"40","dc_tipo_uso_imovel":"Não residencial","cd_tipo_terreno_imovel":1,"qt_area_terreno":132,"qt_area_construida":140}}},{"type":"Feature","geometry":{"type":"Polygon","coordinates":[[[-45.028561,-23.523154],[-45.028559,-23.523139],[-45.028558,-23.523129],[-45.028558,-23.523114],[-45.028558,-23.523104],[-45.028558,-23.523035],[-45.028561,-23.523037],[-45.028561,-23.523038],[-45.028561,-23.523079],[-45.028561,-23.523154]]]},"properties":{"sqlu":"SP-001-967685","inscription":"SP-GEOSAMPA-1967685","inscricaoImobiliaria":"SP-IMO-1967685","setor":"001","quadra":"057","lote":"0024","sourceType":"OFFICIAL_IMPORT","mainAddress":"Setor Fiscal 001","zoneamento":"RESIDENCIAL","statusCadastral":"ATIVO","workflowStatus":"PENDENTE","isOfficial":true,"rawProperties":{"cd_identificador":1967685,"cd_identificador_original_lote":8800470,"cd_setor_fiscal":"001","cd_tipo_quadra":"F","tx_tipo_quadra":"FISCAL","cd_quadra_fiscal":"057","cd_subquadra_fiscal":null,"cd_condominio":"00","cd_tipo_lote":"F","tx_tipo_lote":"FISCAL","cd_lote":"0024","cd_situacao":1,"cd_digito_sql":"1","cd_logradouro":"179868","nm_logradouro_completo":"R DO SEMINARIO","cd_numero_porta":"131","tx_complemento_endereco":"E 135","tx_situ_lote":"ATIVO","cd_tipo_uso_imovel":"31","dc_tipo_uso_imovel":"Não residencial","cd_tipo_terreno_imovel":2,"qt_area_terreno":218,"qt_area_construida":1231}}},{"type":"Feature","geometry":{"type":"Polygon","coordinates":[[[-45.028461,-23.521753],[-45.028462,-23.522001],[-45.028461,-23.521993],[-45.028461,-23.521978],[-45.028461,-23.521973],[-45.02846,-23.521751],[-45.028461,-23.521753]]]},"properties":{"sqlu":"SP-001-967662","inscription":"SP-GEOSAMPA-1967662","inscricaoImobiliaria":"SP-IMO-1967662","setor":"001","quadra":"051","lote":"0042","sourceType":"OFFICIAL_IMPORT","mainAddress":"Setor Fiscal 001","zoneamento":"RESIDENCIAL","statusCadastral":"ATIVO","workflowStatus":"PENDENTE","isOfficial":true,"rawProperties":{"cd_identificador":1967662,"cd_identificador_original_lote":8800510,"cd_setor_fiscal":"001","cd_tipo_quadra":"F","tx_tipo_quadra":"FISCAL","cd_quadra_fiscal":"051","cd_subquadra_fiscal":null,"cd_condominio":"00","cd_tipo_lote":"F","tx_tipo_lote":"FISCAL","cd_lote":"0042","cd_situacao":1,"cd_digito_sql":"0","cd_logradouro":"002755","nm_logradouro_completo":"R COMEN AFONSO KHERLAKIAN","cd_numero_porta":"133","tx_complemento_endereco":null,"tx_situ_lote":"ATIVO","cd_tipo_uso_imovel":"40","dc_tipo_uso_imovel":"Não residencial","cd_tipo_terreno_imovel":2,"qt_area_terreno":177,"qt_area_construida":354}}},{"type":"Feature","geometry":{"type":"Polygon","coordinates":[[[-45.028506,-23.521057],[-45.028507,-23.521058],[-45.028507,-23.521085],[-45.028507,-23.521091],[-45.028505,-23.521233],[-45.028504,-23.521203],[-45.028505,-23.521112],[-45.028506,-23.521057]]]},"properties":{"sqlu":"SP-001-967725","inscription":"SP-GEOSAMPA-1967725","inscricaoImobiliaria":"SP-IMO-1967725","setor":"001","quadra":"039","lote":"0005","sourceType":"OFFICIAL_IMPORT","mainAddress":"Setor Fiscal 001","zoneamento":"RESIDENCIAL","statusCadastral":"ATIVO","workflowStatus":"PENDENTE","isOfficial":true,"rawProperties":{"cd_identificador":1967725,"cd_identificador_original_lote":8800940,"cd_setor_fiscal":"001","cd_tipo_quadra":"F","tx_tipo_quadra":"FISCAL","cd_quadra_fiscal":"039","cd_subquadra_fiscal":null,"cd_condominio":"00","cd_tipo_lote":"F","tx_tipo_lote":"FISCAL","cd_lote":"0005","cd_situacao":1,"cd_digito_sql":"5","cd_logradouro":"043427","nm_logradouro_completo":"R CARLOS DE SOUSA NAZARE","cd_numero_porta":"65","tx_complemento_endereco":"E 67","tx_situ_lote":"ATIVO","cd_tipo_uso_imovel":"40","dc_tipo_uso_imovel":"Não residencial","cd_tipo_terreno_imovel":1,"qt_area_terreno":134,"qt_area_construida":230}}},{"type":"Feature","geometry":{"type":"Polygon","coordinates":[[[-45.028506,-23.521057],[-45.028505,-23.521112],[-45.028504,-23.521203],[-45.028502,-23.521138],[-45.028503,-23.521048],[-45.028505,-23.521053],[-45.028505,-23.521055],[-45.028506,-23.521056],[-45.028506,-23.521057]]]},"properties":{"sqlu":"SP-001-967726","inscription":"SP-GEOSAMPA-1967726","inscricaoImobiliaria":"SP-IMO-1967726","setor":"001","quadra":"039","lote":"0041","sourceType":"OFFICIAL_IMPORT","mainAddress":"Setor Fiscal 001","zoneamento":"RESIDENCIAL","statusCadastral":"ATIVO","workflowStatus":"PENDENTE","isOfficial":true,"rawProperties":{"cd_identificador":1967726,"cd_identificador_original_lote":8800947,"cd_setor_fiscal":"001","cd_tipo_quadra":"F","tx_tipo_quadra":"FISCAL","cd_quadra_fiscal":"039","cd_subquadra_fiscal":null,"cd_condominio":"00","cd_tipo_lote":"F","tx_tipo_lote":"FISCAL","cd_lote":"0041","cd_situacao":1,"cd_digito_sql":"1","cd_logradouro":"043427","nm_logradouro_completo":"R CARLOS DE SOUSA NAZARE","cd_numero_porta":"73","tx_complemento_endereco":"77 E 83","tx_situ_lote":"ATIVO","cd_tipo_uso_imovel":"31","dc_tipo_uso_imovel":"Não residencial","cd_tipo_terreno_imovel":2,"qt_area_terreno":235,"qt_area_construida":1477}}},{"type":"Feature","geometry":{"type":"Polygon","coordinates":[[[-45.028545,-23.516596],[-45.028551,-23.516518],[-45.028551,-23.516516],[-45.028552,-23.516511],[-45.028552,-23.516549],[-45.028551,-23.516554],[-45.028551,-23.516564],[-45.028549,-23.516582],[-45.028548,-23.5166],[-45.028546,-23.516617],[-45.028545,-23.516632],[-45.028545,-23.516596]]]},"properties":{"sqlu":"SP-001-967822","inscription":"SP-GEOSAMPA-1967822","inscricaoImobiliaria":"SP-IMO-1967822","setor":"001","quadra":"019","lote":"0015","sourceType":"OFFICIAL_IMPORT","mainAddress":"Setor Fiscal 001","zoneamento":"RESIDENCIAL","statusCadastral":"ATIVO","workflowStatus":"PENDENTE","isOfficial":true,"rawProperties":{"cd_identificador":1967822,"cd_identificador_original_lote":8799660,"cd_setor_fiscal":"001","cd_tipo_quadra":"F","tx_tipo_quadra":"FISCAL","cd_quadra_fiscal":"019","cd_subquadra_fiscal":null,"cd_condominio":"00","cd_tipo_lote":"F","tx_tipo_lote":"FISCAL","cd_lote":"0015","cd_situacao":1,"cd_digito_sql":"5","cd_logradouro":"045411","nm_logradouro_completo":"AV CASPER LIBERO","cd_numero_porta":"587","tx_complemento_endereco":"E 589","tx_situ_lote":"ATIVO","cd_tipo_uso_imovel":"80","dc_tipo_uso_imovel":"Não residencial","cd_tipo_terreno_imovel":1,"qt_area_terreno":175,"qt_area_construida":915}}},{"type":"Feature","geometry":{"type":"Polygon","coordinates":[[[-45.028493,-23.523034],[-45.028493,-23.523019],[-45.028492,-23.523023],[-45.028492,-23.522965],[-45.028493,-23.522958],[-45.028494,-23.522949],[-45.028498,-23.522928],[-45.028498,-23.523004],[-45.028495,-23.523024],[-45.028494,-23.523028],[-45.028494,-23.523029],[-45.028493,-23.523034]]]},"properties":{"sqlu":"SP-001-967896","inscription":"SP-GEOSAMPA-1967896","inscricaoImobiliaria":"SP-IMO-1967896","setor":"001","quadra":"050","lote":"0009","sourceType":"OFFICIAL_IMPORT","mainAddress":"Setor Fiscal 001","zoneamento":"RESIDENCIAL","statusCadastral":"ATIVO","workflowStatus":"PENDENTE","isOfficial":true,"rawProperties":{"cd_identificador":1967896,"cd_identificador_original_lote":8801102,"cd_setor_fiscal":"001","cd_tipo_quadra":"F","tx_tipo_quadra":"FISCAL","cd_quadra_fiscal":"050","cd_subquadra_fiscal":null,"cd_condominio":"00","cd_tipo_lote":"F","tx_tipo_lote":"FISCAL","cd_lote":"0009","cd_situacao":1,"cd_digito_sql":"4","cd_logradouro":"072044","nm_logradouro_completo":"R FLORENCIO DE ABREU","cd_numero_porta":"164","tx_complemento_endereco":null,"tx_situ_lote":"ATIVO","cd_tipo_uso_imovel":"43","dc_tipo_uso_imovel":"Não residencial","cd_tipo_terreno_imovel":1,"qt_area_terreno":278,"qt_area_construida":540}}},{"type":"Feature","geometry":{"type":"Polygon","coordinates":[[[-45.028493,-23.523034],[-45.028494,-23.523029],[-45.028494,-23.523028],[-45.028495,-23.523024],[-45.028498,-23.523004],[-45.028499,-23.523086],[-45.028495,-23.5231],[-45.028495,-23.523102],[-45.028493,-23.523108],[-45.028493,-23.523034]]]},"properties":{"sqlu":"SP-001-967897","inscription":"SP-GEOSAMPA-1967897","inscricaoImobiliaria":"SP-IMO-1967897","setor":"001","quadra":"050","lote":"0008","sourceType":"OFFICIAL_IMPORT","mainAddress":"Setor Fiscal 001","zoneamento":"RESIDENCIAL","statusCadastral":"ATIVO","workflowStatus":"PENDENTE","isOfficial":true,"rawProperties":{"cd_identificador":1967897,"cd_identificador_original_lote":8801111,"cd_setor_fiscal":"001","cd_tipo_quadra":"F","tx_tipo_quadra":"FISCAL","cd_quadra_fiscal":"050","cd_subquadra_fiscal":null,"cd_condominio":"00","cd_tipo_lote":"F","tx_tipo_lote":"FISCAL","cd_lote":"0008","cd_situacao":1,"cd_digito_sql":"6","cd_logradouro":"072044","nm_logradouro_completo":"R FLORENCIO DE ABREU","cd_numero_porta":"156","tx_complemento_endereco":"E 160","tx_situ_lote":"ATIVO","cd_tipo_uso_imovel":"40","dc_tipo_uso_imovel":"Não residencial","cd_tipo_terreno_imovel":1,"qt_area_terreno":287,"qt_area_construida":330}}},{"type":"Feature","geometry":{"type":"Polygon","coordinates":[[[-45.028493,-23.523034],[-45.028493,-23.523108],[-45.028493,-23.523115],[-45.028492,-23.52312],[-45.028488,-23.523133],[-45.028487,-23.523043],[-45.028492,-23.523023],[-45.028493,-23.523019],[-45.028493,-23.523034]]]},"properties":{"sqlu":"SP-001-967898","inscription":"SP-GEOSAMPA-1967898","inscricaoImobiliaria":"SP-IMO-1967898","setor":"001","quadra":"050","lote":"0077","sourceType":"OFFICIAL_IMPORT","mainAddress":"Setor Fiscal 001","zoneamento":"RESIDENCIAL","statusCadastral":"ATIVO","workflowStatus":"PENDENTE","isOfficial":true,"rawProperties":{"cd_identificador":1967898,"cd_identificador_original_lote":8801142,"cd_setor_fiscal":"001","cd_tipo_quadra":"F","tx_tipo_quadra":"FISCAL","cd_quadra_fiscal":"050","cd_subquadra_fiscal":null,"cd_condominio":"00","cd_tipo_lote":"F","tx_tipo_lote":"FISCAL","cd_lote":"0077","cd_situacao":1,"cd_digito_sql":"9","cd_logradouro":"197459","nm_logradouro_completo":"R VINTE E CINCO DE MARCO","cd_numero_porta":"793","tx_complemento_endereco":"795 E 799","tx_situ_lote":"ATIVO","cd_tipo_uso_imovel":"43","dc_tipo_uso_imovel":"Não residencial","cd_tipo_terreno_imovel":1,"qt_area_terreno":340,"qt_area_construida":980}}},{"type":"Feature","geometry":{"type":"Polygon","coordinates":[[[-45.028546,-23.528233],[-45.028546,-23.528257],[-45.028547,-23.528364],[-45.028545,-23.528414],[-45.028544,-23.528273],[-45.028545,-23.528241],[-45.028546,-23.528218],[-45.028546,-23.528233]]]},"properties":{"sqlu":"SP-001-967997","inscription":"SP-GEOSAMPA-1967997","inscricaoImobiliaria":"SP-IMO-1967997","setor":"001","quadra":"084","lote":"0027","sourceType":"OFFICIAL_IMPORT","mainAddress":"Setor Fiscal 001","zoneamento":"RESIDENCIAL","statusCadastral":"ATIVO","workflowStatus":"PENDENTE","isOfficial":true,"rawProperties":{"cd_identificador":1967997,"cd_identificador_original_lote":8800001,"cd_setor_fiscal":"001","cd_tipo_quadra":"F","tx_tipo_quadra":"FISCAL","cd_quadra_fiscal":"084","cd_subquadra_fiscal":null,"cd_condominio":"00","cd_tipo_lote":"F","tx_tipo_lote":"FISCAL","cd_lote":"0027","cd_situacao":1,"cd_digito_sql":"1","cd_logradouro":"059447","nm_logradouro_completo":"R DIREITA","cd_numero_porta":"240","tx_complemento_endereco":"E 246","tx_situ_lote":"ATIVO","cd_tipo_uso_imovel":"31","dc_tipo_uso_imovel":"Não residencial","cd_tipo_terreno_imovel":1,"qt_area_terreno":231,"qt_area_construida":1740}}},{"type":"Feature","geometry":{"type":"Polygon","coordinates":[[[-45.028546,-23.528233],[-45.028547,-23.528207],[-45.028545,-23.528089],[-45.028545,-23.528048],[-45.028549,-23.527952],[-45.028549,-23.527966],[-45.028552,-23.528236],[-45.028549,-23.52832],[-45.028547,-23.528364],[-45.028546,-23.528257],[-45.028546,-23.528233]]]},"properties":{"sqlu":"SP-001-967998","inscription":"SP-GEOSAMPA-1967998","inscricaoImobiliaria":"SP-IMO-1967998","setor":"001","quadra":"084","lote":"0000","sourceType":"OFFICIAL_IMPORT","mainAddress":"Setor Fiscal 001","zoneamento":"RESIDENCIAL","statusCadastral":"ATIVO","workflowStatus":"PENDENTE","isOfficial":true,"rawProperties":{"cd_identificador":1967998,"cd_identificador_original_lote":8800005,"cd_setor_fiscal":"001","cd_tipo_quadra":"F","tx_tipo_quadra":"FISCAL","cd_quadra_fiscal":"084","cd_subquadra_fiscal":null,"cd_condominio":"01","cd_tipo_lote":"F","tx_tipo_lote":"FISCAL","cd_lote":"0000","cd_situacao":1,"cd_digito_sql":null,"cd_logradouro":"059447","nm_logradouro_completo":"R DIREITA","cd_numero_porta":"250 256","tx_complemento_endereco":null,"tx_situ_lote":null,"cd_tipo_uso_imovel":"XX","dc_tipo_uso_imovel":"Condomínio","cd_tipo_terreno_imovel":99,"qt_area_terreno":948,"qt_area_construida":null}}},{"type":"Feature","geometry":{"type":"Polygon","coordinates":[[[-45.028591,-23.52257],[-45.028592,-23.522482],[-45.028592,-23.52248],[-45.028596,-23.52262],[-45.028596,-23.522636],[-45.028595,-23.52271],[-45.028595,-23.522707],[-45.028591,-23.52257]]]},"properties":{"sqlu":"SP-001-810933","inscription":"SP-GEOSAMPA-6810933","inscricaoImobiliaria":"SP-IMO-6810933","setor":"001","quadra":"054","lote":"0008","sourceType":"OFFICIAL_IMPORT","mainAddress":"Setor Fiscal 001","zoneamento":"RESIDENCIAL","statusCadastral":"ATIVO","workflowStatus":"PENDENTE","isOfficial":true,"rawProperties":{"cd_identificador":6810933,"cd_identificador_original_lote":10670888,"cd_setor_fiscal":"001","cd_tipo_quadra":"F","tx_tipo_quadra":"FISCAL","cd_quadra_fiscal":"054","cd_subquadra_fiscal":null,"cd_condominio":"00","cd_tipo_lote":"F","tx_tipo_lote":"FISCAL","cd_lote":"0008","cd_situacao":1,"cd_digito_sql":"4","cd_logradouro":"171158","nm_logradouro_completo":"AV RIO BRANCO","cd_numero_porta":"47","tx_complemento_endereco":null,"tx_situ_lote":"ATIVO","cd_tipo_uso_imovel":"80","dc_tipo_uso_imovel":"Não residencial","cd_tipo_terreno_imovel":3,"qt_area_terreno":281,"qt_area_construida":924}}},{"type":"Feature","geometry":{"type":"Polygon","coordinates":[[[-45.028591,-23.52257],[-45.028595,-23.522707],[-45.028594,-23.522756],[-45.028592,-23.52288],[-45.028588,-23.522746],[-45.028589,-23.522688],[-45.028589,-23.522703],[-45.028591,-23.52257]]]},"properties":{"sqlu":"SP-001-810934","inscription":"SP-GEOSAMPA-6810934","inscricaoImobiliaria":"SP-IMO-6810934","setor":"001","quadra":"054","lote":"0226","sourceType":"OFFICIAL_IMPORT","mainAddress":"Setor Fiscal 001","zoneamento":"RESIDENCIAL","statusCadastral":"ATIVO","workflowStatus":"PENDENTE","isOfficial":true,"rawProperties":{"cd_identificador":6810934,"cd_identificador_original_lote":10670889,"cd_setor_fiscal":"001","cd_tipo_quadra":"F","tx_tipo_quadra":"FISCAL","cd_quadra_fiscal":"054","cd_subquadra_fiscal":null,"cd_condominio":"00","cd_tipo_lote":"F","tx_tipo_lote":"FISCAL","cd_lote":"0226","cd_situacao":1,"cd_digito_sql":"5","cd_logradouro":"009512","nm_logradouro_completo":"R DO BOTICARIO","cd_numero_porta":"16","tx_complemento_endereco":"E 32","tx_situ_lote":"ATIVO","cd_tipo_uso_imovel":"64","dc_tipo_uso_imovel":"Não residencial","cd_tipo_terreno_imovel":3,"qt_area_terreno":675,"qt_area_construida":187}}},{"type":"Feature","geometry":{"type":"Polygon","coordinates":[[[-45.028593,-23.522398],[-45.028593,-23.522345],[-45.028598,-23.52249],[-45.028598,-23.522498],[-45.028598,-23.522508],[-45.028597,-23.522537],[-45.028593,-23.522398]]]},"properties":{"sqlu":"SP-001-810940","inscription":"SP-GEOSAMPA-6810940","inscricaoImobiliaria":"SP-IMO-6810940","setor":"001","quadra":"054","lote":"0006","sourceType":"OFFICIAL_IMPORT","mainAddress":"Setor Fiscal 001","zoneamento":"RESIDENCIAL","statusCadastral":"ATIVO","workflowStatus":"PENDENTE","isOfficial":true,"rawProperties":{"cd_identificador":6810940,"cd_identificador_original_lote":10670886,"cd_setor_fiscal":"001","cd_tipo_quadra":"F","tx_tipo_quadra":"FISCAL","cd_quadra_fiscal":"054","cd_subquadra_fiscal":null,"cd_condominio":"00","cd_tipo_lote":"F","tx_tipo_lote":"FISCAL","cd_lote":"0006","cd_situacao":1,"cd_digito_sql":"8","cd_logradouro":"009512","nm_logradouro_completo":"R DO BOTICARIO","cd_numero_porta":"68","tx_complemento_endereco":null,"tx_situ_lote":"ATIVO","cd_tipo_uso_imovel":"84","dc_tipo_uso_imovel":"Não residencial","cd_tipo_terreno_imovel":3,"qt_area_terreno":247,"qt_area_construida":1130}}},{"type":"Feature","geometry":{"type":"Polygon","coordinates":[[[-45.028593,-23.522398],[-45.028597,-23.522537],[-45.028597,-23.522556],[-45.028596,-23.52262],[-45.028592,-23.52248],[-45.028592,-23.522418],[-45.028593,-23.522398]]]},"properties":{"sqlu":"SP-001-810941","inscription":"SP-GEOSAMPA-6810941","inscricaoImobiliaria":"SP-IMO-6810941","setor":"001","quadra":"054","lote":"0204","sourceType":"OFFICIAL_IMPORT","mainAddress":"Setor Fiscal 001","zoneamento":"RESIDENCIAL","statusCadastral":"ATIVO","workflowStatus":"PENDENTE","isOfficial":true,"rawProperties":{"cd_identificador":6810941,"cd_identificador_original_lote":10670887,"cd_setor_fiscal":"001","cd_tipo_quadra":"F","tx_tipo_quadra":"FISCAL","cd_quadra_fiscal":"054","cd_subquadra_fiscal":null,"cd_condominio":"00","cd_tipo_lote":"F","tx_tipo_lote":"FISCAL","cd_lote":"0204","cd_situacao":1,"cd_digito_sql":"4","cd_logradouro":"171158","nm_logradouro_completo":"AV RIO BRANCO","cd_numero_porta":"49","tx_complemento_endereco":null,"tx_situ_lote":"ATIVO","cd_tipo_uso_imovel":"70","dc_tipo_uso_imovel":"Não residencial","cd_tipo_terreno_imovel":3,"qt_area_terreno":361,"qt_area_construida":1055}}},{"type":"Feature","geometry":{"type":"Polygon","coordinates":[[[-45.028476,-23.516647],[-45.028477,-23.516642],[-45.028478,-23.516617],[-45.028478,-23.516661],[-45.028479,-23.516733],[-45.028477,-23.516764],[-45.028476,-23.516691],[-45.028476,-23.516647]]]},"properties":{"sqlu":"SP-001-968134","inscription":"SP-GEOSAMPA-1968134","inscricaoImobiliaria":"SP-IMO-1968134","setor":"001","quadra":"023","lote":"0154","sourceType":"OFFICIAL_IMPORT","mainAddress":"Setor Fiscal 001","zoneamento":"RESIDENCIAL","statusCadastral":"ATIVO","workflowStatus":"PENDENTE","isOfficial":true,"rawProperties":{"cd_identificador":1968134,"cd_identificador_original_lote":8801268,"cd_setor_fiscal":"001","cd_tipo_quadra":"F","tx_tipo_quadra":"FISCAL","cd_quadra_fiscal":"023","cd_subquadra_fiscal":null,"cd_condominio":"00","cd_tipo_lote":"F","tx_tipo_lote":"FISCAL","cd_lote":"0154","cd_situacao":1,"cd_digito_sql":"9","cd_logradouro":"325481","nm_logradouro_completo":"TV ADELCI GROIA PAULINO","cd_numero_porta":"26","tx_complemento_endereco":"CASA 26","tx_situ_lote":"ATIVO","cd_tipo_uso_imovel":"31","dc_tipo_uso_imovel":"Não residencial","cd_tipo_terreno_imovel":2,"qt_area_terreno":118,"qt_area_construida":198}}},{"type":"Feature","geometry":{"type":"Polygon","coordinates":[[[-45.028421,-23.517465],[-45.028423,-23.517429],[-45.028424,-23.517497],[-45.028425,-23.517592],[-45.028425,-23.517634],[-45.028425,-23.517657],[-45.028425,-23.517684],[-45.028426,-23.517728],[-45.028423,-23.517766],[-45.028422,-23.517669],[-45.028422,-23.517666],[-45.028422,-23.517638],[-45.028421,-23.517465]]]},"properties":{"sqlu":"SP-001-805465","inscription":"SP-GEOSAMPA-6805465","inscricaoImobiliaria":"SP-IMO-6805465","setor":"001","quadra":"025","lote":"0000","sourceType":"OFFICIAL_IMPORT","mainAddress":"Setor Fiscal 001","zoneamento":"RESIDENCIAL","statusCadastral":"ATIVO","workflowStatus":"PENDENTE","isOfficial":true,"rawProperties":{"cd_identificador":6805465,"cd_identificador_original_lote":10665468,"cd_setor_fiscal":"001","cd_tipo_quadra":"F","tx_tipo_quadra":"FISCAL","cd_quadra_fiscal":"025","cd_subquadra_fiscal":null,"cd_condominio":"01","cd_tipo_lote":"F","tx_tipo_lote":"FISCAL","cd_lote":"0000","cd_situacao":1,"cd_digito_sql":null,"cd_logradouro":"137332","nm_logradouro_completo":"R MAUA","cd_numero_porta":"1196 1206","tx_complemento_endereco":null,"tx_situ_lote":null,"cd_tipo_uso_imovel":"XX","dc_tipo_uso_imovel":"Condomínio","cd_tipo_terreno_imovel":99,"qt_area_terreno":540,"qt_area_construida":null}}},{"type":"Feature","geometry":{"type":"Polygon","coordinates":[[[-45.028442,-23.514791],[-45.028438,-23.514828],[-45.028437,-23.514838],[-45.028437,-23.514833],[-45.028437,-23.514786],[-45.028442,-23.514738],[-45.028442,-23.514791]]]},"properties":{"sqlu":"SP-001-967994","inscription":"SP-GEOSAMPA-1967994","inscricaoImobiliaria":"SP-IMO-1967994","setor":"001","quadra":"007","lote":"0097","sourceType":"OFFICIAL_IMPORT","mainAddress":"Setor Fiscal 001","zoneamento":"RESIDENCIAL","statusCadastral":"ATIVO","workflowStatus":"PENDENTE","isOfficial":true,"rawProperties":{"cd_identificador":1967994,"cd_identificador_original_lote":8799857,"cd_setor_fiscal":"001","cd_tipo_quadra":"F","tx_tipo_quadra":"FISCAL","cd_quadra_fiscal":"007","cd_subquadra_fiscal":null,"cd_condominio":"00","cd_tipo_lote":"F","tx_tipo_lote":"FISCAL","cd_lote":"0097","cd_situacao":1,"cd_digito_sql":"7","cd_logradouro":"084921","nm_logradouro_completo":"R GUILHERME MAW","cd_numero_porta":"62","tx_complemento_endereco":null,"tx_situ_lote":"ATIVO","cd_tipo_uso_imovel":"12","dc_tipo_uso_imovel":"Residencial","cd_tipo_terreno_imovel":1,"qt_area_terreno":184,"qt_area_construida":150}}},{"type":"Feature","geometry":{"type":"Polygon","coordinates":[[[-45.028476,-23.524197],[-45.028476,-23.524271],[-45.028477,-23.524374],[-45.028477,-23.524466],[-45.028476,-23.524461],[-45.028475,-23.524204],[-45.028476,-23.524197]]]},"properties":{"sqlu":"SP-001-967995","inscription":"SP-GEOSAMPA-1967995","inscricaoImobiliaria":"SP-IMO-1967995","setor":"001","quadra":"067","lote":"0059","sourceType":"OFFICIAL_IMPORT","mainAddress":"Setor Fiscal 001","zoneamento":"RESIDENCIAL","statusCadastral":"ATIVO","workflowStatus":"PENDENTE","isOfficial":true,"rawProperties":{"cd_identificador":1967995,"cd_identificador_original_lote":8800398,"cd_setor_fiscal":"001","cd_tipo_quadra":"F","tx_tipo_quadra":"FISCAL","cd_quadra_fiscal":"067","cd_subquadra_fiscal":null,"cd_condominio":"00","cd_tipo_lote":"F","tx_tipo_lote":"FISCAL","cd_lote":"0059","cd_situacao":1,"cd_digito_sql":"6","cd_logradouro":"029505","nm_logradouro_completo":"R CAVLH BASILIO JAFET","cd_numero_porta":"79","tx_complemento_endereco":null,"tx_situ_lote":"ATIVO","cd_tipo_uso_imovel":"40","dc_tipo_uso_imovel":"Não residencial","cd_tipo_terreno_imovel":1,"qt_area_terreno":174,"qt_area_construida":180}}},{"type":"Feature","geometry":{"type":"Polygon","coordinates":[[[-45.028476,-23.524197],[-45.028477,-23.524191],[-45.028479,-23.524174],[-45.028479,-23.524169],[-45.02848,-23.52416],[-45.028481,-23.524473],[-45.028481,-23.524484],[-45.028481,-23.524488],[-45.028477,-23.524466],[-45.028477,-23.524374],[-45.028476,-23.524271],[-45.028476,-23.524197]]]},"properties":{"sqlu":"SP-001-967996","inscription":"SP-GEOSAMPA-1967996","inscricaoImobiliaria":"SP-IMO-1967996","setor":"001","quadra":"067","lote":"0063","sourceType":"OFFICIAL_IMPORT","mainAddress":"Setor Fiscal 001","zoneamento":"RESIDENCIAL","statusCadastral":"ATIVO","workflowStatus":"PENDENTE","isOfficial":true,"rawProperties":{"cd_identificador":1967996,"cd_identificador_original_lote":8800399,"cd_setor_fiscal":"001","cd_tipo_quadra":"F","tx_tipo_quadra":"FISCAL","cd_quadra_fiscal":"067","cd_subquadra_fiscal":null,"cd_condominio":"00","cd_tipo_lote":"F","tx_tipo_lote":"FISCAL","cd_lote":"0063","cd_situacao":1,"cd_digito_sql":"4","cd_logradouro":"213705","nm_logradouro_completo":"R COMEN ABDO SCHAHIN","cd_numero_porta":"30","tx_complemento_endereco":"34 E 40","tx_situ_lote":"ATIVO","cd_tipo_uso_imovel":"43","dc_tipo_uso_imovel":"Não residencial","cd_tipo_terreno_imovel":2,"qt_area_terreno":870,"qt_area_construida":2290}}},{"type":"Feature","geometry":{"type":"Polygon","coordinates":[[[-45.028491,-23.524083],[-45.02849,-23.524015],[-45.028495,-23.523901],[-45.028496,-23.524005],[-45.028494,-23.524011],[-45.028494,-23.523979],[-45.028494,-23.523999],[-45.028492,-23.524046],[-45.028491,-23.524083]]]},"properties":{"sqlu":"SP-001-968066","inscription":"SP-GEOSAMPA-1968066","inscricaoImobiliaria":"SP-IMO-1968066","setor":"001","quadra":"064","lote":"0017","sourceType":"OFFICIAL_IMPORT","mainAddress":"Setor Fiscal 001","zoneamento":"RESIDENCIAL","statusCadastral":"ATIVO","workflowStatus":"PENDENTE","isOfficial":true,"rawProperties":{"cd_identificador":1968066,"cd_identificador_original_lote":8800299,"cd_setor_fiscal":"001","cd_tipo_quadra":"F","tx_tipo_quadra":"FISCAL","cd_quadra_fiscal":"064","cd_subquadra_fiscal":null,"cd_condominio":"00","cd_tipo_lote":"F","tx_tipo_lote":"FISCAL","cd_lote":"0017","cd_situacao":1,"cd_digito_sql":"7","cd_logradouro":"197459","nm_logradouro_completo":"R VINTE E CINCO DE MARCO","cd_numero_porta":"687","tx_complemento_endereco":null,"tx_situ_lote":"ATIVO","cd_tipo_uso_imovel":"40","dc_tipo_uso_imovel":"Não residencial","cd_tipo_terreno_imovel":1,"qt_area_terreno":226,"qt_area_construida":362}}},{"type":"Feature","geometry":{"type":"Polygon","coordinates":[[[-45.028593,-23.522345],[-45.028595,-23.522204],[-45.028595,-23.522206],[-45.028597,-23.522282],[-45.0286,-23.522379],[-45.028598,-23.522466],[-45.028598,-23.52249],[-45.028593,-23.522345]]]},"properties":{"sqlu":"SP-001-811106","inscription":"SP-GEOSAMPA-6811106","inscricaoImobiliaria":"SP-IMO-6811106","setor":"001","quadra":"054","lote":"0227","sourceType":"OFFICIAL_IMPORT","mainAddress":"Setor Fiscal 001","zoneamento":"RESIDENCIAL","statusCadastral":"ATIVO","workflowStatus":"PENDENTE","isOfficial":true,"rawProperties":{"cd_identificador":6811106,"cd_identificador_original_lote":10670885,"cd_setor_fiscal":"001","cd_tipo_quadra":"F","tx_tipo_quadra":"FISCAL","cd_quadra_fiscal":"054","cd_subquadra_fiscal":null,"cd_condominio":"00","cd_tipo_lote":"F","tx_tipo_lote":"FISCAL","cd_lote":"0227","cd_situacao":1,"cd_digito_sql":"3","cd_logradouro":"009512","nm_logradouro_completo":"R DO BOTICARIO","cd_numero_porta":"76","tx_complemento_endereco":null,"tx_situ_lote":"ATIVO","cd_tipo_uso_imovel":"62","dc_tipo_uso_imovel":"Não residencial","cd_tipo_terreno_imovel":3,"qt_area_terreno":541,"qt_area_construida":13}}},{"type":"Feature","geometry":{"type":"Polygon","coordinates":[[[-45.028588,-23.522746],[-45.028592,-23.52288],[-45.028592,-23.522884],[-45.028591,-23.522934],[-45.028591,-23.522938],[-45.02859,-23.522899],[-45.028589,-23.522878],[-45.028588,-23.522848],[-45.028587,-23.522819],[-45.028588,-23.522746]]]},"properties":{"sqlu":"SP-001-811130","inscription":"SP-GEOSAMPA-6811130","inscricaoImobiliaria":"SP-IMO-6811130","setor":"001","quadra":"054","lote":"0228","sourceType":"OFFICIAL_IMPORT","mainAddress":"Setor Fiscal 001","zoneamento":"RESIDENCIAL","statusCadastral":"ATIVO","workflowStatus":"PENDENTE","isOfficial":true,"rawProperties":{"cd_identificador":6811130,"cd_identificador_original_lote":10670890,"cd_setor_fiscal":"001","cd_tipo_quadra":"F","tx_tipo_quadra":"FISCAL","cd_quadra_fiscal":"054","cd_subquadra_fiscal":null,"cd_condominio":"00","cd_tipo_lote":"F","tx_tipo_lote":"FISCAL","cd_lote":"0228","cd_situacao":1,"cd_digito_sql":"1","cd_logradouro":"153230","nm_logradouro_completo":"LG DO PAICANDU","cd_numero_porta":"81","tx_complemento_endereco":"87 91 95","tx_situ_lote":"ATIVO","cd_tipo_uso_imovel":"43","dc_tipo_uso_imovel":"Não residencial","cd_tipo_terreno_imovel":2,"qt_area_terreno":231,"qt_area_construida":329}}},{"type":"Feature","geometry":{"type":"Polygon","coordinates":[[[-45.028442,-23.514204],[-45.028442,-23.514141],[-45.028443,-23.514122],[-45.028443,-23.514151],[-45.028443,-23.514188],[-45.028443,-23.514192],[-45.028442,-23.514204]]]},"properties":{"sqlu":"SP-001-968414","inscription":"SP-GEOSAMPA-1968414","inscricaoImobiliaria":"SP-IMO-1968414","setor":"001","quadra":"006","lote":"0022","sourceType":"OFFICIAL_IMPORT","mainAddress":"Setor Fiscal 001","zoneamento":"RESIDENCIAL","statusCadastral":"ATIVO","workflowStatus":"PENDENTE","isOfficial":true,"rawProperties":{"cd_identificador":1968414,"cd_identificador_original_lote":8799830,"cd_setor_fiscal":"001","cd_tipo_quadra":"F","tx_tipo_quadra":"FISCAL","cd_quadra_fiscal":"006","cd_subquadra_fiscal":null,"cd_condominio":"00","cd_tipo_lote":"F","tx_tipo_lote":"FISCAL","cd_lote":"0022","cd_situacao":1,"cd_digito_sql":"0","cd_logradouro":"084921","nm_logradouro_completo":"R GUILHERME MAW","cd_numero_porta":"125","tx_complemento_endereco":null,"tx_situ_lote":"ATIVO","cd_tipo_uso_imovel":"42","dc_tipo_uso_imovel":"Não residencial","cd_tipo_terreno_imovel":1,"qt_area_terreno":69,"qt_area_construida":120}}},{"type":"Feature","geometry":{"type":"Polygon","coordinates":[[[-45.02844,-23.515981],[-45.028441,-23.516231],[-45.028437,-23.516327],[-45.028435,-23.516073],[-45.02844,-23.515981]]]},"properties":{"sqlu":"SP-001-968418","inscription":"SP-GEOSAMPA-1968418","inscricaoImobiliaria":"SP-IMO-1968418","setor":"001","quadra":"012","lote":"0048","sourceType":"OFFICIAL_IMPORT","mainAddress":"Setor Fiscal 001","zoneamento":"RESIDENCIAL","statusCadastral":"ATIVO","workflowStatus":"PENDENTE","isOfficial":true,"rawProperties":{"cd_identificador":1968418,"cd_identificador_original_lote":8800721,"cd_setor_fiscal":"001","cd_tipo_quadra":"F","tx_tipo_quadra":"FISCAL","cd_quadra_fiscal":"012","cd_subquadra_fiscal":null,"cd_condominio":"00","cd_tipo_lote":"F","tx_tipo_lote":"FISCAL","cd_lote":"0048","cd_situacao":1,"cd_digito_sql":"1","cd_logradouro":"059633","nm_logradouro_completo":"R DJALMA DUTRA","cd_numero_porta":"3","tx_complemento_endereco":null,"tx_situ_lote":"ATIVO","cd_tipo_uso_imovel":"72","dc_tipo_uso_imovel":"Não residencial","cd_tipo_terreno_imovel":2,"qt_area_terreno":900,"qt_area_construida":935}}},{"type":"Feature","geometry":{"type":"Polygon","coordinates":[[[-45.02844,-23.515981],[-45.028442,-23.515971],[-45.028448,-23.515934],[-45.028453,-23.515907],[-45.028453,-23.516051],[-45.028454,-23.516321],[-45.028458,-23.516311],[-45.02846,-23.516309],[-45.028461,-23.516308],[-45.028462,-23.516303],[-45.028463,-23.516296],[-45.028467,-23.516277],[-45.028468,-23.516271],[-45.028468,-23.516271],[-45.028471,-23.516245],[-45.028472,-23.516241],[-45.028474,-23.516225],[-45.028474,-23.516222],[-45.028475,-23.516217],[-45.028478,-23.516202],[-45.028471,-23.516297],[-45.028461,-23.516459],[-45.028455,-23.516539],[-45.028454,-23.516624],[-45.028452,-23.516655],[-45.028449,-23.516697],[-45.028449,-23.5167],[-45.028447,-23.516731],[-45.028446,-23.516747],[-45.028428,-23.517011],[-45.028426,-23.517034],[-45.028425,-23.517036],[-45.028424,-23.516906],[-45.028425,-23.516878],[-45.028426,-23.516852],[-45.028425,-23.516703],[-45.028423,-23.51641],[-45.028424,-23.516382],[-45.028425,-23.516381],[-45.028429,-23.516373],[-45.02843,-23.516371],[-45.028434,-23.516362],[-45.028437,-23.516327],[-45.028441,-23.516231],[-45.02844,-23.515981]]]},"properties":{"sqlu":"SP-001-968419","inscription":"SP-GEOSAMPA-1968419","inscricaoImobiliaria":"SP-IMO-1968419","setor":"001","quadra":"012","lote":"0049","sourceType":"OFFICIAL_IMPORT","mainAddress":"Setor Fiscal 001","zoneamento":"RESIDENCIAL","statusCadastral":"ATIVO","workflowStatus":"PENDENTE","isOfficial":true,"rawProperties":{"cd_identificador":1968419,"cd_identificador_original_lote":8800727,"cd_setor_fiscal":"001","cd_tipo_quadra":"F","tx_tipo_quadra":"FISCAL","cd_quadra_fiscal":"012","cd_subquadra_fiscal":null,"cd_condominio":"00","cd_tipo_lote":"F","tx_tipo_lote":"FISCAL","cd_lote":"0049","cd_situacao":1,"cd_digito_sql":"8","cd_logradouro":"197424","nm_logradouro_completo":"R VINTE E CINCO DE JANEIRO","cd_numero_porta":"284","tx_complemento_endereco":"302 310 E 316","tx_situ_lote":"ATIVO","cd_tipo_uso_imovel":"84","dc_tipo_uso_imovel":"Não residencial","cd_tipo_terreno_imovel":3,"qt_area_terreno":13712,"qt_area_construida":11904}}},{"type":"Feature","geometry":{"type":"Polygon","coordinates":[[[-45.028519,-23.51992],[-45.028518,-23.520052],[-45.028518,-23.52019],[-45.028518,-23.51992],[-45.028519,-23.51992]]]},"properties":{"sqlu":"SP-001-808750","inscription":"SP-GEOSAMPA-6808750","inscricaoImobiliaria":"SP-IMO-6808750","setor":"001","quadra":"038","lote":"0013","sourceType":"OFFICIAL_IMPORT","mainAddress":"Setor Fiscal 001","zoneamento":"RESIDENCIAL","statusCadastral":"ATIVO","workflowStatus":"PENDENTE","isOfficial":true,"rawProperties":{"cd_identificador":6808750,"cd_identificador_original_lote":10667938,"cd_setor_fiscal":"001","cd_tipo_quadra":"F","tx_tipo_quadra":"FISCAL","cd_quadra_fiscal":"038","cd_subquadra_fiscal":null,"cd_condominio":"00","cd_tipo_lote":"F","tx_tipo_lote":"FISCAL","cd_lote":"0013","cd_situacao":1,"cd_digito_sql":"1","cd_logradouro":"165930","nm_logradouro_completo":"AV PRESTES MAIA","cd_numero_porta":"S/N","tx_complemento_endereco":null,"tx_situ_lote":"ATIVO","cd_tipo_uso_imovel":"00","dc_tipo_uso_imovel":"Terreno","cd_tipo_terreno_imovel":1,"qt_area_terreno":75,"qt_area_construida":0}}},{"type":"Feature","geometry":{"type":"Polygon","coordinates":[[[-45.028469,-23.519221],[-45.028467,-23.51924],[-45.028467,-23.519143],[-45.028467,-23.519135],[-45.028467,-23.51913],[-45.028468,-23.51912],[-45.028468,-23.519119],[-45.028468,-23.519129],[-45.028469,-23.519221]]]},"properties":{"sqlu":"SP-001-968546","inscription":"SP-GEOSAMPA-1968546","inscricaoImobiliaria":"SP-IMO-1968546","setor":"001","quadra":"033","lote":"0009","sourceType":"OFFICIAL_IMPORT","mainAddress":"Setor Fiscal 001","zoneamento":"RESIDENCIAL","statusCadastral":"ATIVO","workflowStatus":"PENDENTE","isOfficial":true,"rawProperties":{"cd_identificador":1968546,"cd_identificador_original_lote":8800845,"cd_setor_fiscal":"001","cd_tipo_quadra":"F","tx_tipo_quadra":"FISCAL","cd_quadra_fiscal":"033","cd_subquadra_fiscal":null,"cd_condominio":"00","cd_tipo_lote":"F","tx_tipo_lote":"FISCAL","cd_lote":"0009","cd_situacao":1,"cd_digito_sql":"0","cd_logradouro":"329843","nm_logradouro_completo":"R ILHA DAS FLORES","cd_numero_porta":"172","tx_complemento_endereco":"176","tx_situ_lote":"ATIVO","cd_tipo_uso_imovel":"43","dc_tipo_uso_imovel":"Não residencial","cd_tipo_terreno_imovel":2,"qt_area_terreno":96,"qt_area_construida":120}}},{"type":"Feature","geometry":{"type":"Polygon","coordinates":[[[-45.028488,-23.521396],[-45.028488,-23.521456],[-45.028483,-23.521448],[-45.028483,-23.521371],[-45.028487,-23.521393],[-45.028487,-23.521394],[-45.028488,-23.521396]]]},"properties":{"sqlu":"SP-001-968673","inscription":"SP-GEOSAMPA-1968673","inscricaoImobiliaria":"SP-IMO-1968673","setor":"001","quadra":"050","lote":"0094","sourceType":"OFFICIAL_IMPORT","mainAddress":"Setor Fiscal 001","zoneamento":"RESIDENCIAL","statusCadastral":"ATIVO","workflowStatus":"PENDENTE","isOfficial":true,"rawProperties":{"cd_identificador":1968673,"cd_identificador_original_lote":8801118,"cd_setor_fiscal":"001","cd_tipo_quadra":"F","tx_tipo_quadra":"FISCAL","cd_quadra_fiscal":"050","cd_subquadra_fiscal":null,"cd_condominio":"00","cd_tipo_lote":"F","tx_tipo_lote":"FISCAL","cd_lote":"0094","cd_situacao":1,"cd_digito_sql":"9","cd_logradouro":"197459","nm_logradouro_completo":"R VINTE E CINCO DE MARCO","cd_numero_porta":"983","tx_complemento_endereco":"987","tx_situ_lote":"ATIVO","cd_tipo_uso_imovel":"40","dc_tipo_uso_imovel":"Não residencial","cd_tipo_terreno_imovel":1,"qt_area_terreno":220,"qt_area_construida":600}}},{"type":"Feature","geometry":{"type":"Polygon","coordinates":[[[-45.028507,-23.521058],[-45.028507,-23.521044],[-45.028507,-23.521046],[-45.02851,-23.521053],[-45.02851,-23.521139],[-45.028509,-23.521128],[-45.028508,-23.521109],[-45.028507,-23.521091],[-45.028507,-23.521085],[-45.028507,-23.521058]]]},"properties":{"sqlu":"SP-001-968719","inscription":"SP-GEOSAMPA-1968719","inscricaoImobiliaria":"SP-IMO-1968719","setor":"001","quadra":"039","lote":"0036","sourceType":"OFFICIAL_IMPORT","mainAddress":"Setor Fiscal 001","zoneamento":"RESIDENCIAL","statusCadastral":"ATIVO","workflowStatus":"PENDENTE","isOfficial":true,"rawProperties":{"cd_identificador":1968719,"cd_identificador_original_lote":8800954,"cd_setor_fiscal":"001","cd_tipo_quadra":"F","tx_tipo_quadra":"FISCAL","cd_quadra_fiscal":"039","cd_subquadra_fiscal":null,"cd_condominio":"00","cd_tipo_lote":"F","tx_tipo_lote":"FISCAL","cd_lote":"0036","cd_situacao":1,"cd_digito_sql":"5","cd_logradouro":"165930","nm_logradouro_completo":"AV PRESTES MAIA","cd_numero_porta":"454","tx_complemento_endereco":"E 456","tx_situ_lote":"ATIVO","cd_tipo_uso_imovel":"43","dc_tipo_uso_imovel":"Não residencial","cd_tipo_terreno_imovel":1,"qt_area_terreno":134,"qt_area_construida":640}}},{"type":"Feature","geometry":{"type":"Polygon","coordinates":[[[-45.028465,-23.519428],[-45.028465,-23.519455],[-45.028466,-23.519542],[-45.028466,-23.519571],[-45.028465,-23.519582],[-45.028464,-23.519439],[-45.028465,-23.519428]]]},"properties":{"sqlu":"SP-001-968749","inscription":"SP-GEOSAMPA-1968749","inscricaoImobiliaria":"SP-IMO-1968749","setor":"001","quadra":"032","lote":"0008","sourceType":"OFFICIAL_IMPORT","mainAddress":"Setor Fiscal 001","zoneamento":"RESIDENCIAL","statusCadastral":"ATIVO","workflowStatus":"PENDENTE","isOfficial":true,"rawProperties":{"cd_identificador":1968749,"cd_identificador_original_lote":8800806,"cd_setor_fiscal":"001","cd_tipo_quadra":"F","tx_tipo_quadra":"FISCAL","cd_quadra_fiscal":"032","cd_subquadra_fiscal":null,"cd_condominio":"00","cd_tipo_lote":"F","tx_tipo_lote":"FISCAL","cd_lote":"0008","cd_situacao":1,"cd_digito_sql":"8","cd_logradouro":"329843","nm_logradouro_completo":"R ILHA DAS FLORES","cd_numero_porta":"49","tx_complemento_endereco":null,"tx_situ_lote":"ATIVO","cd_tipo_uso_imovel":"10","dc_tipo_uso_imovel":"Residencial","cd_tipo_terreno_imovel":1,"qt_area_terreno":71,"qt_area_construida":140}}},{"type":"Feature","geometry":{"type":"Polygon","coordinates":[[[-45.02856,-23.515741],[-45.028561,-23.515742],[-45.028561,-23.515694],[-45.028562,-23.515694],[-45.028562,-23.515708],[-45.028562,-23.515751],[-45.028562,-23.515794],[-45.02856,-23.515798],[-45.02856,-23.5158],[-45.02856,-23.515741]]]},"properties":{"sqlu":"SP-001-815298","inscription":"SP-GEOSAMPA-6815298","inscricaoImobiliaria":"SP-IMO-6815298","setor":"001","quadra":"019","lote":"0392","sourceType":"OFFICIAL_IMPORT","mainAddress":"Setor Fiscal 001","zoneamento":"RESIDENCIAL","statusCadastral":"ATIVO","workflowStatus":"PENDENTE","isOfficial":true,"rawProperties":{"cd_identificador":6815298,"cd_identificador_original_lote":10675903,"cd_setor_fiscal":"001","cd_tipo_quadra":"F","tx_tipo_quadra":"FISCAL","cd_quadra_fiscal":"019","cd_subquadra_fiscal":null,"cd_condominio":"00","cd_tipo_lote":"F","tx_tipo_lote":"FISCAL","cd_lote":"0392","cd_situacao":1,"cd_digito_sql":"8","cd_logradouro":"137332","nm_logradouro_completo":"R MAUA","cd_numero_porta":"S/N","tx_complemento_endereco":null,"tx_situ_lote":"ATIVO","cd_tipo_uso_imovel":"00","dc_tipo_uso_imovel":"Terreno","cd_tipo_terreno_imovel":5,"qt_area_terreno":104,"qt_area_construida":0}}},{"type":"Feature","geometry":{"type":"Polygon","coordinates":[[[-45.02856,-23.515741],[-45.02856,-23.515628],[-45.02856,-23.51547],[-45.028562,-23.515444],[-45.028562,-23.515624],[-45.028562,-23.515694],[-45.028561,-23.515694],[-45.028561,-23.515742],[-45.02856,-23.515741]]]},"properties":{"sqlu":"SP-001-815299","inscription":"SP-GEOSAMPA-6815299","inscricaoImobiliaria":"SP-IMO-6815299","setor":"001","quadra":"019","lote":"0000","sourceType":"OFFICIAL_IMPORT","mainAddress":"Setor Fiscal 001","zoneamento":"RESIDENCIAL","statusCadastral":"ATIVO","workflowStatus":"PENDENTE","isOfficial":true,"rawProperties":{"cd_identificador":6815299,"cd_identificador_original_lote":10675904,"cd_setor_fiscal":"001","cd_tipo_quadra":"F","tx_tipo_quadra":"FISCAL","cd_quadra_fiscal":"019","cd_subquadra_fiscal":null,"cd_condominio":"08","cd_tipo_lote":"F","tx_tipo_lote":"FISCAL","cd_lote":"0000","cd_situacao":1,"cd_digito_sql":null,"cd_logradouro":"137332","nm_logradouro_completo":"R MAUA","cd_numero_porta":"332 338","tx_complemento_endereco":null,"tx_situ_lote":null,"cd_tipo_uso_imovel":"XX","dc_tipo_uso_imovel":"Condomínio","cd_tipo_terreno_imovel":99,"qt_area_terreno":347,"qt_area_construida":null}}},{"type":"Feature","geometry":{"type":"Polygon","coordinates":[[[-45.028517,-23.52825],[-45.028517,-23.528253],[-45.028517,-23.528257],[-45.028518,-23.528267],[-45.028519,-23.528289],[-45.028519,-23.52829],[-45.02852,-23.528295],[-45.02852,-23.528292],[-45.02852,-23.528215],[-45.028521,-23.528223],[-45.028523,-23.528236],[-45.028524,-23.528245],[-45.028523,-23.528451],[-45.028523,-23.528456],[-45.028523,-23.528461],[-45.028523,-23.528464],[-45.028523,-23.528467],[-45.028523,-23.52847],[-45.028522,-23.528471],[-45.028522,-23.528471],[-45.028522,-23.528463],[-45.028519,-23.528433],[-45.028519,-23.528428],[-45.028516,-23.528396],[-45.028516,-23.528391],[-45.028516,-23.528373],[-45.028516,-23.52827],[-45.028517,-23.52825]]]},"properties":{"sqlu":"SP-001-968779","inscription":"SP-GEOSAMPA-1968779","inscricaoImobiliaria":"SP-IMO-1968779","setor":"001","quadra":"085","lote":"0003","sourceType":"OFFICIAL_IMPORT","mainAddress":"Setor Fiscal 001","zoneamento":"RESIDENCIAL","statusCadastral":"ATIVO","workflowStatus":"PENDENTE","isOfficial":true,"rawProperties":{"cd_identificador":1968779,"cd_identificador_original_lote":8800024,"cd_setor_fiscal":"001","cd_tipo_quadra":"F","tx_tipo_quadra":"FISCAL","cd_quadra_fiscal":"085","cd_subquadra_fiscal":null,"cd_condominio":"00","cd_tipo_lote":"F","tx_tipo_lote":"FISCAL","cd_lote":"0003","cd_situacao":1,"cd_digito_sql":"9","cd_logradouro":"167495","nm_logradouro_completo":"R QUINZE DE NOVEMBRO","cd_numero_porta":"111","tx_complemento_endereco":null,"tx_situ_lote":"ATIVO","cd_tipo_uso_imovel":"31","dc_tipo_uso_imovel":"Não residencial","cd_tipo_terreno_imovel":2,"qt_area_terreno":941,"qt_area_construida":14884}}},{"type":"Feature","geometry":{"type":"Polygon","coordinates":[[[-45.028487,-23.523955],[-45.028482,-23.523996],[-45.028482,-23.523937],[-45.028487,-23.523896],[-45.028487,-23.523955]]]},"properties":{"sqlu":"SP-001-968962","inscription":"SP-GEOSAMPA-1968962","inscricaoImobiliaria":"SP-IMO-1968962","setor":"001","quadra":"070","lote":"0008","sourceType":"OFFICIAL_IMPORT","mainAddress":"Setor Fiscal 001","zoneamento":"RESIDENCIAL","statusCadastral":"ATIVO","workflowStatus":"PENDENTE","isOfficial":true,"rawProperties":{"cd_identificador":1968962,"cd_identificador_original_lote":8800139,"cd_setor_fiscal":"001","cd_tipo_quadra":"F","tx_tipo_quadra":"FISCAL","cd_quadra_fiscal":"070","cd_subquadra_fiscal":null,"cd_condominio":"00","cd_tipo_lote":"F","tx_tipo_lote":"FISCAL","cd_lote":"0008","cd_situacao":1,"cd_digito_sql":"3","cd_logradouro":"197459","nm_logradouro_completo":"R VINTE E CINCO DE MARCO","cd_numero_porta":"702","tx_complemento_endereco":null,"tx_situ_lote":"ATIVO","cd_tipo_uso_imovel":"43","dc_tipo_uso_imovel":"Não residencial","cd_tipo_terreno_imovel":3,"qt_area_terreno":191,"qt_area_construida":650}}},{"type":"Feature","geometry":{"type":"Polygon","coordinates":[[[-45.028559,-23.515933],[-45.02856,-23.5158],[-45.02856,-23.515798],[-45.028562,-23.515794],[-45.028564,-23.515787],[-45.028565,-23.515925],[-45.02856,-23.515931],[-45.028559,-23.515933]]]},"properties":{"sqlu":"SP-001-816926","inscription":"SP-GEOSAMPA-6816926","inscricaoImobiliaria":"SP-IMO-6816926","setor":"001","quadra":"019","lote":"0041","sourceType":"OFFICIAL_IMPORT","mainAddress":"Setor Fiscal 001","zoneamento":"RESIDENCIAL","statusCadastral":"ATIVO","workflowStatus":"PENDENTE","isOfficial":true,"rawProperties":{"cd_identificador":6816926,"cd_identificador_original_lote":8799628,"cd_setor_fiscal":"001","cd_tipo_quadra":"F","tx_tipo_quadra":"FISCAL","cd_quadra_fiscal":"019","cd_subquadra_fiscal":null,"cd_condominio":"00","cd_tipo_lote":"F","tx_tipo_lote":"FISCAL","cd_lote":"0041","cd_situacao":1,"cd_digito_sql":"4","cd_logradouro":"054607","nm_logradouro_completo":"R GAL COUTO DE MAGALHAES","cd_numero_porta":"444","tx_complemento_endereco":null,"tx_situ_lote":"ATIVO","cd_tipo_uso_imovel":"43","dc_tipo_uso_imovel":"Não residencial","cd_tipo_terreno_imovel":1,"qt_area_terreno":462,"qt_area_construida":3240}}},{"type":"Feature","geometry":{"type":"Polygon","coordinates":[[[-45.028547,-23.518712],[-45.028547,-23.518755],[-45.028548,-23.518798],[-45.028548,-23.518949],[-45.028548,-23.518979],[-45.028548,-23.519016],[-45.028544,-23.519074],[-45.028541,-23.519119],[-45.02854,-23.518913],[-45.02854,-23.518843],[-45.028541,-23.518829],[-45.028542,-23.518801],[-45.028543,-23.518785],[-45.028543,-23.518778],[-45.028547,-23.518712]]]},"properties":{"sqlu":"SP-001-968900","inscription":"SP-GEOSAMPA-1968900","inscricaoImobiliaria":"SP-IMO-1968900","setor":"001","quadra":"027","lote":"0031","sourceType":"OFFICIAL_IMPORT","mainAddress":"Setor Fiscal 001","zoneamento":"RESIDENCIAL","statusCadastral":"ATIVO","workflowStatus":"PENDENTE","isOfficial":true,"rawProperties":{"cd_identificador":1968900,"cd_identificador_original_lote":8799798,"cd_setor_fiscal":"001","cd_tipo_quadra":"F","tx_tipo_quadra":"FISCAL","cd_quadra_fiscal":"027","cd_subquadra_fiscal":null,"cd_condominio":"00","cd_tipo_lote":"F","tx_tipo_lote":"FISCAL","cd_lote":"0031","cd_situacao":1,"cd_digito_sql":"1","cd_logradouro":"045411","nm_logradouro_completo":"AV CASPER LIBERO","cd_numero_porta":"356","tx_complemento_endereco":null,"tx_situ_lote":"ATIVO","cd_tipo_uso_imovel":"43","dc_tipo_uso_imovel":"Não residencial","cd_tipo_terreno_imovel":2,"qt_area_terreno":1430,"qt_area_construida":2788}}},{"type":"Feature","geometry":{"type":"Polygon","coordinates":[[[-45.028498,-23.517687],[-45.028505,-23.517709],[-45.028505,-23.517815],[-45.028498,-23.517786],[-45.028498,-23.517687]]]},"properties":{"sqlu":"SP-001-818334","inscription":"SP-GEOSAMPA-6818334","inscricaoImobiliaria":"SP-IMO-6818334","setor":"001","quadra":"022","lote":"0025","sourceType":"OFFICIAL_IMPORT","mainAddress":"Setor Fiscal 001","zoneamento":"RESIDENCIAL","statusCadastral":"ATIVO","workflowStatus":"PENDENTE","isOfficial":true,"rawProperties":{"cd_identificador":6818334,"cd_identificador_original_lote":10678194,"cd_setor_fiscal":"001","cd_tipo_quadra":"F","tx_tipo_quadra":"FISCAL","cd_quadra_fiscal":"022","cd_subquadra_fiscal":null,"cd_condominio":"00","cd_tipo_lote":"F","tx_tipo_lote":"FISCAL","cd_lote":"0025","cd_situacao":1,"cd_digito_sql":"4","cd_logradouro":"072044","nm_logradouro_completo":"R FLORENCIO DE ABREU","cd_numero_porta":"745","tx_complemento_endereco":"E 753","tx_situ_lote":"ATIVO","cd_tipo_uso_imovel":"00","dc_tipo_uso_imovel":"Terreno","cd_tipo_terreno_imovel":3,"qt_area_terreno":480,"qt_area_construida":0}}},{"type":"Feature","geometry":{"type":"Polygon","coordinates":[[[-45.028562,-23.515708],[-45.028562,-23.515624],[-45.028562,-23.515444],[-45.028564,-23.515412],[-45.028564,-23.515701],[-45.028562,-23.515708]]]},"properties":{"sqlu":"SP-001-817166","inscription":"SP-GEOSAMPA-6817166","inscricaoImobiliaria":"SP-IMO-6817166","setor":"001","quadra":"019","lote":"0038","sourceType":"OFFICIAL_IMPORT","mainAddress":"Setor Fiscal 001","zoneamento":"RESIDENCIAL","statusCadastral":"ATIVO","workflowStatus":"PENDENTE","isOfficial":true,"rawProperties":{"cd_identificador":6817166,"cd_identificador_original_lote":8799626,"cd_setor_fiscal":"001","cd_tipo_quadra":"F","tx_tipo_quadra":"FISCAL","cd_quadra_fiscal":"019","cd_subquadra_fiscal":null,"cd_condominio":"00","cd_tipo_lote":"F","tx_tipo_lote":"FISCAL","cd_lote":"0038","cd_situacao":1,"cd_digito_sql":"4","cd_logradouro":"054607","nm_logradouro_completo":"R GAL COUTO DE MAGALHAES","cd_numero_porta":"468","tx_complemento_endereco":"A 484A","tx_situ_lote":"ATIVO","cd_tipo_uso_imovel":"84","dc_tipo_uso_imovel":"Não residencial","cd_tipo_terreno_imovel":2,"qt_area_terreno":416,"qt_area_construida":898}}},{"type":"Feature","geometry":{"type":"Polygon","coordinates":[[[-45.028562,-23.515751],[-45.028562,-23.515708],[-45.028564,-23.515701],[-45.028564,-23.515744],[-45.028562,-23.515751]]]},"properties":{"sqlu":"SP-001-816777","inscription":"SP-GEOSAMPA-6816777","inscricaoImobiliaria":"SP-IMO-6816777","setor":"001","quadra":"019","lote":"0039","sourceType":"OFFICIAL_IMPORT","mainAddress":"Setor Fiscal 001","zoneamento":"RESIDENCIAL","statusCadastral":"ATIVO","workflowStatus":"PENDENTE","isOfficial":true,"rawProperties":{"cd_identificador":6816777,"cd_identificador_original_lote":8799627,"cd_setor_fiscal":"001","cd_tipo_quadra":"F","tx_tipo_quadra":"FISCAL","cd_quadra_fiscal":"019","cd_subquadra_fiscal":null,"cd_condominio":"00","cd_tipo_lote":"F","tx_tipo_lote":"FISCAL","cd_lote":"0039","cd_situacao":1,"cd_digito_sql":"2","cd_logradouro":"054607","nm_logradouro_completo":"R GAL COUTO DE MAGALHAES","cd_numero_porta":"464","tx_complemento_endereco":null,"tx_situ_lote":"ATIVO","cd_tipo_uso_imovel":"40","dc_tipo_uso_imovel":"Não residencial","cd_tipo_terreno_imovel":1,"qt_area_terreno":75,"qt_area_construida":70}}},{"type":"Feature","geometry":{"type":"Polygon","coordinates":[[[-45.02856,-23.5158],[-45.028559,-23.515933],[-45.028559,-23.516026],[-45.028559,-23.516061],[-45.028559,-23.516145],[-45.028558,-23.516171],[-45.028558,-23.516195],[-45.028555,-23.516243],[-45.028555,-23.516069],[-45.028555,-23.516042],[-45.028556,-23.515664],[-45.028556,-23.515534],[-45.02856,-23.51547],[-45.02856,-23.515628],[-45.02856,-23.5158]]]},"properties":{"sqlu":"SP-001-817036","inscription":"SP-GEOSAMPA-6817036","inscricaoImobiliaria":"SP-IMO-6817036","setor":"001","quadra":"019","lote":"0082","sourceType":"OFFICIAL_IMPORT","mainAddress":"Setor Fiscal 001","zoneamento":"RESIDENCIAL","statusCadastral":"ATIVO","workflowStatus":"PENDENTE","isOfficial":true,"rawProperties":{"cd_identificador":6817036,"cd_identificador_original_lote":8799624,"cd_setor_fiscal":"001","cd_tipo_quadra":"F","tx_tipo_quadra":"FISCAL","cd_quadra_fiscal":"019","cd_subquadra_fiscal":null,"cd_condominio":"00","cd_tipo_lote":"F","tx_tipo_lote":"FISCAL","cd_lote":"0082","cd_situacao":1,"cd_digito_sql":"1","cd_logradouro":"137332","nm_logradouro_completo":"R MAUA","cd_numero_porta":"342","tx_complemento_endereco":"348 352 356 360","tx_situ_lote":"ATIVO","cd_tipo_uso_imovel":"22","dc_tipo_uso_imovel":"Residencial","cd_tipo_terreno_imovel":1,"qt_area_terreno":2080,"qt_area_construida":6214}}},{"type":"Feature","geometry":{"type":"Polygon","coordinates":[[[-45.028564,-23.515744],[-45.028564,-23.515787],[-45.028562,-23.515794],[-45.028562,-23.515751],[-45.028564,-23.515744]]]},"properties":{"sqlu":"SP-001-816885","inscription":"SP-GEOSAMPA-6816885","inscricaoImobiliaria":"SP-IMO-6816885","setor":"001","quadra":"019","lote":"0040","sourceType":"OFFICIAL_IMPORT","mainAddress":"Setor Fiscal 001","zoneamento":"RESIDENCIAL","statusCadastral":"ATIVO","workflowStatus":"PENDENTE","isOfficial":true,"rawProperties":{"cd_identificador":6816885,"cd_identificador_original_lote":8799663,"cd_setor_fiscal":"001","cd_tipo_quadra":"F","tx_tipo_quadra":"FISCAL","cd_quadra_fiscal":"019","cd_subquadra_fiscal":null,"cd_condominio":"00","cd_tipo_lote":"F","tx_tipo_lote":"FISCAL","cd_lote":"0040","cd_situacao":1,"cd_digito_sql":"6","cd_logradouro":"054607","nm_logradouro_completo":"R GAL COUTO DE MAGALHAES","cd_numero_porta":"458","tx_complemento_endereco":null,"tx_situ_lote":"ATIVO","cd_tipo_uso_imovel":"40","dc_tipo_uso_imovel":"Não residencial","cd_tipo_terreno_imovel":1,"qt_area_terreno":75,"qt_area_construida":70}}},{"type":"Feature","geometry":{"type":"Polygon","coordinates":[[[-45.028501,-23.523009],[-45.028502,-23.522985],[-45.028503,-23.522965],[-45.028506,-23.522911],[-45.028506,-23.522899],[-45.028507,-23.522873],[-45.028511,-23.522791],[-45.028512,-23.522966],[-45.028513,-23.523024],[-45.028509,-23.523103],[-45.028506,-23.523162],[-45.028503,-23.523217],[-45.028502,-23.523248],[-45.028501,-23.523009]]]},"properties":{"sqlu":"SP-001-969154","inscription":"SP-GEOSAMPA-1969154","inscricaoImobiliaria":"SP-IMO-1969154","setor":"001","quadra":"049","lote":"0000","sourceType":"OFFICIAL_IMPORT","mainAddress":"Setor Fiscal 001","zoneamento":"RESIDENCIAL","statusCadastral":"ATIVO","workflowStatus":"PENDENTE","isOfficial":true,"rawProperties":{"cd_identificador":1969154,"cd_identificador_original_lote":8800962,"cd_setor_fiscal":"001","cd_tipo_quadra":"F","tx_tipo_quadra":"FISCAL","cd_quadra_fiscal":"049","cd_subquadra_fiscal":null,"cd_condominio":"03","cd_tipo_lote":"F","tx_tipo_lote":"FISCAL","cd_lote":"0000","cd_situacao":1,"cd_digito_sql":null,"cd_logradouro":"072044","nm_logradouro_completo":"R FLORENCIO DE ABREU","cd_numero_porta":"131 157","tx_complemento_endereco":null,"tx_situ_lote":null,"cd_tipo_uso_imovel":"XX","dc_tipo_uso_imovel":"Condomínio","cd_tipo_terreno_imovel":99,"qt_area_terreno":1867,"qt_area_construida":null}}},{"type":"Feature","geometry":{"type":"Polygon","coordinates":[[[-45.028498,-23.517786],[-45.028505,-23.517815],[-45.028505,-23.517836],[-45.028505,-23.517923],[-45.028506,-23.51809],[-45.028498,-23.518086],[-45.028498,-23.517786]]]},"properties":{"sqlu":"SP-001-818457","inscription":"SP-GEOSAMPA-6818457","inscricaoImobiliaria":"SP-IMO-6818457","setor":"001","quadra":"022","lote":"0024","sourceType":"OFFICIAL_IMPORT","mainAddress":"Setor Fiscal 001","zoneamento":"RESIDENCIAL","statusCadastral":"ATIVO","workflowStatus":"PENDENTE","isOfficial":true,"rawProperties":{"cd_identificador":6818457,"cd_identificador_original_lote":10678192,"cd_setor_fiscal":"001","cd_tipo_quadra":"F","tx_tipo_quadra":"FISCAL","cd_quadra_fiscal":"022","cd_subquadra_fiscal":null,"cd_condominio":"00","cd_tipo_lote":"F","tx_tipo_lote":"FISCAL","cd_lote":"0024","cd_situacao":1,"cd_digito_sql":"6","cd_logradouro":"072044","nm_logradouro_completo":"R FLORENCIO DE ABREU","cd_numero_porta":"715","tx_complemento_endereco":"E 737","tx_situ_lote":"ATIVO","cd_tipo_uso_imovel":"40","dc_tipo_uso_imovel":"Não residencial","cd_tipo_terreno_imovel":2,"qt_area_terreno":1405,"qt_area_construida":907}}},{"type":"Feature","geometry":{"type":"Polygon","coordinates":[[[-45.028505,-23.517709],[-45.028498,-23.517687],[-45.028498,-23.517638],[-45.028504,-23.517652],[-45.028505,-23.517655],[-45.028505,-23.517709]]]},"properties":{"sqlu":"SP-001-818548","inscription":"SP-GEOSAMPA-6818548","inscricaoImobiliaria":"SP-IMO-6818548","setor":"001","quadra":"022","lote":"0026","sourceType":"OFFICIAL_IMPORT","mainAddress":"Setor Fiscal 001","zoneamento":"RESIDENCIAL","statusCadastral":"ATIVO","workflowStatus":"PENDENTE","isOfficial":true,"rawProperties":{"cd_identificador":6818548,"cd_identificador_original_lote":10678196,"cd_setor_fiscal":"001","cd_tipo_quadra":"F","tx_tipo_quadra":"FISCAL","cd_quadra_fiscal":"022","cd_subquadra_fiscal":null,"cd_condominio":"00","cd_tipo_lote":"F","tx_tipo_lote":"FISCAL","cd_lote":"0026","cd_situacao":1,"cd_digito_sql":"2","cd_logradouro":"072044","nm_logradouro_completo":"R FLORENCIO DE ABREU","cd_numero_porta":"757","tx_complemento_endereco":null,"tx_situ_lote":"ATIVO","cd_tipo_uso_imovel":"00","dc_tipo_uso_imovel":"Terreno","cd_tipo_terreno_imovel":3,"qt_area_terreno":214,"qt_area_construida":0}}},{"type":"Feature","geometry":{"type":"Polygon","coordinates":[[[-45.028463,-23.523692],[-45.028471,-23.523624],[-45.028471,-23.523665],[-45.028471,-23.523722],[-45.028472,-23.523714],[-45.028475,-23.523692],[-45.028475,-23.523716],[-45.028475,-23.523777],[-45.028475,-23.5238],[-45.028472,-23.523825],[-45.028471,-23.52383],[-45.028472,-23.523936],[-45.028471,-23.523946],[-45.028468,-23.523968],[-45.028464,-23.524005],[-45.028463,-23.523721],[-45.028463,-23.523692]]]},"properties":{"sqlu":"SP-001-825110","inscription":"SP-GEOSAMPA-6825110","inscricaoImobiliaria":"SP-IMO-6825110","setor":"001","quadra":"067","lote":"0250","sourceType":"OFFICIAL_IMPORT","mainAddress":"Setor Fiscal 001","zoneamento":"RESIDENCIAL","statusCadastral":"ATIVO","workflowStatus":"PENDENTE","isOfficial":true,"rawProperties":{"cd_identificador":6825110,"cd_identificador_original_lote":10683623,"cd_setor_fiscal":"001","cd_tipo_quadra":"F","tx_tipo_quadra":"FISCAL","cd_quadra_fiscal":"067","cd_subquadra_fiscal":null,"cd_condominio":"00","cd_tipo_lote":"F","tx_tipo_lote":"FISCAL","cd_lote":"0250","cd_situacao":1,"cd_digito_sql":"5","cd_logradouro":"061360","nm_logradouro_completo":"R BR DE DUPRAT","cd_numero_porta":"41","tx_complemento_endereco":"E 43 A 53","tx_situ_lote":"ATIVO","cd_tipo_uso_imovel":"43","dc_tipo_uso_imovel":"Não residencial","cd_tipo_terreno_imovel":1,"qt_area_terreno":1847,"qt_area_construida":2667}}},{"type":"Feature","geometry":{"type":"Polygon","coordinates":[[[-45.02846,-23.523279],[-45.028457,-23.523316],[-45.028456,-23.523255],[-45.02846,-23.523215],[-45.02846,-23.523279]]]},"properties":{"sqlu":"SP-001-975907","inscription":"SP-GEOSAMPA-1975907","inscricaoImobiliaria":"SP-IMO-1975907","setor":"001","quadra":"069","lote":"0004","sourceType":"OFFICIAL_IMPORT","mainAddress":"Setor Fiscal 001","zoneamento":"RESIDENCIAL","statusCadastral":"ATIVO","workflowStatus":"PENDENTE","isOfficial":true,"rawProperties":{"cd_identificador":1975907,"cd_identificador_original_lote":8800465,"cd_setor_fiscal":"001","cd_tipo_quadra":"F","tx_tipo_quadra":"FISCAL","cd_quadra_fiscal":"069","cd_subquadra_fiscal":null,"cd_condominio":"00","cd_tipo_lote":"F","tx_tipo_lote":"FISCAL","cd_lote":"0004","cd_situacao":1,"cd_digito_sql":"8","cd_logradouro":"061360","nm_logradouro_completo":"R BR DE DUPRAT","cd_numero_porta":"136","tx_complemento_endereco":"140","tx_situ_lote":"ATIVO","cd_tipo_uso_imovel":"40","dc_tipo_uso_imovel":"Não residencial","cd_tipo_terreno_imovel":3,"qt_area_terreno":140,"qt_area_construida":560}}},{"type":"Feature","geometry":{"type":"Polygon","coordinates":[[[-45.028414,-23.517088],[-45.028411,-23.517141],[-45.028411,-23.517093],[-45.028412,-23.517078],[-45.028413,-23.517062],[-45.028414,-23.517043],[-45.028414,-23.517088]]]},"properties":{"sqlu":"SP-001-975841","inscription":"SP-GEOSAMPA-1975841","inscricaoImobiliaria":"SP-IMO-1975841","setor":"001","quadra":"017","lote":"0003","sourceType":"OFFICIAL_IMPORT","mainAddress":"Setor Fiscal 001","zoneamento":"RESIDENCIAL","statusCadastral":"ATIVO","workflowStatus":"PENDENTE","isOfficial":true,"rawProperties":{"cd_identificador":1975841,"cd_identificador_original_lote":8799516,"cd_setor_fiscal":"001","cd_tipo_quadra":"F","tx_tipo_quadra":"FISCAL","cd_quadra_fiscal":"017","cd_subquadra_fiscal":null,"cd_condominio":"00","cd_tipo_lote":"F","tx_tipo_lote":"FISCAL","cd_lote":"0003","cd_situacao":1,"cd_digito_sql":"2","cd_logradouro":"041467","nm_logradouro_completo":"R DA CANTAREIRA","cd_numero_porta":"861","tx_complemento_endereco":null,"tx_situ_lote":"ATIVO","cd_tipo_uso_imovel":"60","dc_tipo_uso_imovel":"Não residencial","cd_tipo_terreno_imovel":3,"qt_area_terreno":98,"qt_area_construida":98}}},{"type":"Feature","geometry":{"type":"Polygon","coordinates":[[[-45.028397,-23.514165],[-45.028398,-23.514152],[-45.028399,-23.51438],[-45.028399,-23.5144],[-45.028398,-23.514414],[-45.028398,-23.514392],[-45.028397,-23.514165]]]},"properties":{"sqlu":"SP-001-976069","inscription":"SP-GEOSAMPA-1976069","inscricaoImobiliaria":"SP-IMO-1976069","setor":"001","quadra":"009","lote":"0011","sourceType":"OFFICIAL_IMPORT","mainAddress":"Setor Fiscal 001","zoneamento":"RESIDENCIAL","statusCadastral":"ATIVO","workflowStatus":"PENDENTE","isOfficial":true,"rawProperties":{"cd_identificador":1976069,"cd_identificador_original_lote":8799968,"cd_setor_fiscal":"001","cd_tipo_quadra":"F","tx_tipo_quadra":"FISCAL","cd_quadra_fiscal":"009","cd_subquadra_fiscal":null,"cd_condominio":"00","cd_tipo_lote":"F","tx_tipo_lote":"FISCAL","cd_lote":"0011","cd_situacao":1,"cd_digito_sql":"9","cd_logradouro":"104850","nm_logradouro_completo":"R JOAO TEODORO","cd_numero_porta":"542","tx_complemento_endereco":null,"tx_situ_lote":"ATIVO","cd_tipo_uso_imovel":"40","dc_tipo_uso_imovel":"Não residencial","cd_tipo_terreno_imovel":1,"qt_area_terreno":170,"qt_area_construida":644}}},{"type":"Feature","geometry":{"type":"Polygon","coordinates":[[[-45.028463,-23.517145],[-45.028462,-23.517157],[-45.02846,-23.516883],[-45.028461,-23.516871],[-45.028461,-23.516924],[-45.028462,-23.516943],[-45.028462,-23.516951],[-45.028462,-23.516971],[-45.028462,-23.517005],[-45.028462,-23.51703],[-45.028463,-23.517145]]]},"properties":{"sqlu":"SP-001-976179","inscription":"SP-GEOSAMPA-1976179","inscricaoImobiliaria":"SP-IMO-1976179","setor":"001","quadra":"023","lote":"0000","sourceType":"OFFICIAL_IMPORT","mainAddress":"Setor Fiscal 001","zoneamento":"RESIDENCIAL","statusCadastral":"ATIVO","workflowStatus":"PENDENTE","isOfficial":true,"rawProperties":{"cd_identificador":1976179,"cd_identificador_original_lote":8801296,"cd_setor_fiscal":"001","cd_tipo_quadra":"F","tx_tipo_quadra":"FISCAL","cd_quadra_fiscal":"023","cd_subquadra_fiscal":null,"cd_condominio":"08","cd_tipo_lote":"F","tx_tipo_lote":"FISCAL","cd_lote":"0000","cd_situacao":1,"cd_digito_sql":null,"cd_logradouro":"137332","nm_logradouro_completo":"R MAUA","cd_numero_porta":"948 950","tx_complemento_endereco":null,"tx_situ_lote":null,"cd_tipo_uso_imovel":"XX","dc_tipo_uso_imovel":"Condomínio","cd_tipo_terreno_imovel":99,"qt_area_terreno":176,"qt_area_construida":null}}},{"type":"Feature","geometry":{"type":"Polygon","coordinates":[[[-45.028521,-23.520436],[-45.028518,-23.520422],[-45.028518,-23.520347],[-45.02852,-23.520353],[-45.02852,-23.520357],[-45.028521,-23.520362],[-45.028521,-23.520436]]]},"properties":{"sqlu":"SP-001-976149","inscription":"SP-GEOSAMPA-1976149","inscricaoImobiliaria":"SP-IMO-1976149","setor":"001","quadra":"038","lote":"0007","sourceType":"OFFICIAL_IMPORT","mainAddress":"Setor Fiscal 001","zoneamento":"RESIDENCIAL","statusCadastral":"ATIVO","workflowStatus":"PENDENTE","isOfficial":true,"rawProperties":{"cd_identificador":1976149,"cd_identificador_original_lote":8800928,"cd_setor_fiscal":"001","cd_tipo_quadra":"F","tx_tipo_quadra":"FISCAL","cd_quadra_fiscal":"038","cd_subquadra_fiscal":null,"cd_condominio":"00","cd_tipo_lote":"F","tx_tipo_lote":"FISCAL","cd_lote":"0007","cd_situacao":1,"cd_digito_sql":"7","cd_logradouro":"165930","nm_logradouro_completo":"AV PRESTES MAIA","cd_numero_porta":"527","tx_complemento_endereco":"E 531","tx_situ_lote":"ATIVO","cd_tipo_uso_imovel":"22","dc_tipo_uso_imovel":"Residencial","cd_tipo_terreno_imovel":3,"qt_area_terreno":145,"qt_area_construida":400}}},{"type":"Feature","geometry":{"type":"Polygon","coordinates":[[[-45.028486,-23.514573],[-45.028485,-23.514617],[-45.028485,-23.514627],[-45.028484,-23.514638],[-45.028484,-23.51456],[-45.028483,-23.514387],[-45.028487,-23.514328],[-45.028488,-23.514317],[-45.028487,-23.514235],[-45.028488,-23.514223],[-45.028488,-23.514216],[-45.028493,-23.514148],[-45.028494,-23.514342],[-45.028492,-23.514372],[-45.028489,-23.514416],[-45.028489,-23.51444],[-45.028489,-23.514474],[-45.028489,-23.514482],[-45.028489,-23.514489],[-45.028488,-23.514513],[-45.028486,-23.514573]]]},"properties":{"sqlu":"SP-001-976390","inscription":"SP-GEOSAMPA-1976390","inscricaoImobiliaria":"SP-IMO-1976390","setor":"001","quadra":"003","lote":"0088","sourceType":"OFFICIAL_IMPORT","mainAddress":"Setor Fiscal 001","zoneamento":"RESIDENCIAL","statusCadastral":"ATIVO","workflowStatus":"PENDENTE","isOfficial":true,"rawProperties":{"cd_identificador":1976390,"cd_identificador_original_lote":8800546,"cd_setor_fiscal":"001","cd_tipo_quadra":"F","tx_tipo_quadra":"FISCAL","cd_quadra_fiscal":"003","cd_subquadra_fiscal":null,"cd_condominio":"00","cd_tipo_lote":"F","tx_tipo_lote":"FISCAL","cd_lote":"0088","cd_situacao":1,"cd_digito_sql":"1","cd_logradouro":"189936","nm_logradouro_completo":"AV TIRADENTES","cd_numero_porta":"188","tx_complemento_endereco":"A 204","tx_situ_lote":"ATIVO","cd_tipo_uso_imovel":"84","dc_tipo_uso_imovel":"Não residencial","cd_tipo_terreno_imovel":1,"qt_area_terreno":1374,"qt_area_construida":2677}}},{"type":"Feature","geometry":{"type":"Polygon","coordinates":[[[-45.02851,-23.523542],[-45.02851,-23.523628],[-45.028508,-23.523678],[-45.028508,-23.52369],[-45.028506,-23.523728],[-45.028506,-23.523646],[-45.02851,-23.523542]]]},"properties":{"sqlu":"SP-001-976261","inscription":"SP-GEOSAMPA-1976261","inscricaoImobiliaria":"SP-IMO-1976261","setor":"001","quadra":"049","lote":"0058","sourceType":"OFFICIAL_IMPORT","mainAddress":"Setor Fiscal 001","zoneamento":"RESIDENCIAL","statusCadastral":"ATIVO","workflowStatus":"PENDENTE","isOfficial":true,"rawProperties":{"cd_identificador":1976261,"cd_identificador_original_lote":8800971,"cd_setor_fiscal":"001","cd_tipo_quadra":"F","tx_tipo_quadra":"FISCAL","cd_quadra_fiscal":"049","cd_subquadra_fiscal":null,"cd_condominio":"00","cd_tipo_lote":"F","tx_tipo_lote":"FISCAL","cd_lote":"0058","cd_situacao":1,"cd_digito_sql":"1","cd_logradouro":"072044","nm_logradouro_completo":"R FLORENCIO DE ABREU","cd_numero_porta":"73","tx_complemento_endereco":"E 77","tx_situ_lote":"ATIVO","cd_tipo_uso_imovel":"40","dc_tipo_uso_imovel":"Não residencial","cd_tipo_terreno_imovel":1,"qt_area_terreno":273,"qt_area_construida":500}}},{"type":"Feature","geometry":{"type":"Polygon","coordinates":[[[-45.028486,-23.514573],[-45.028487,-23.514567],[-45.028487,-23.514619],[-45.028488,-23.514792],[-45.028486,-23.514808],[-45.028485,-23.514627],[-45.028485,-23.514617],[-45.028486,-23.514573]]]},"properties":{"sqlu":"SP-001-976392","inscription":"SP-GEOSAMPA-1976392","inscricaoImobiliaria":"SP-IMO-1976392","setor":"001","quadra":"003","lote":"0007","sourceType":"OFFICIAL_IMPORT","mainAddress":"Setor Fiscal 001","zoneamento":"RESIDENCIAL","statusCadastral":"ATIVO","workflowStatus":"PENDENTE","isOfficial":true,"rawProperties":{"cd_identificador":1976392,"cd_identificador_original_lote":8800582,"cd_setor_fiscal":"001","cd_tipo_quadra":"F","tx_tipo_quadra":"FISCAL","cd_quadra_fiscal":"003","cd_subquadra_fiscal":null,"cd_condominio":"00","cd_tipo_lote":"F","tx_tipo_lote":"FISCAL","cd_lote":"0007","cd_situacao":1,"cd_digito_sql":"3","cd_logradouro":"038121","nm_logradouro_completo":"R S CAETANO","cd_numero_porta":"57","tx_complemento_endereco":"E 61","tx_situ_lote":"ATIVO","cd_tipo_uso_imovel":"42","dc_tipo_uso_imovel":"Não residencial","cd_tipo_terreno_imovel":1,"qt_area_terreno":257,"qt_area_construida":802}}},{"type":"Feature","geometry":{"type":"Polygon","coordinates":[[[-45.028486,-23.514573],[-45.028488,-23.514513],[-45.028489,-23.514489],[-45.028489,-23.514482],[-45.028489,-23.514474],[-45.028489,-23.51444],[-45.028489,-23.514416],[-45.028492,-23.514372],[-45.028494,-23.514342],[-45.028494,-23.514399],[-45.028494,-23.514459],[-45.028492,-23.514497],[-45.028491,-23.514512],[-45.028491,-23.514515],[-45.02849,-23.514521],[-45.028489,-23.51454],[-45.028487,-23.514567],[-45.028486,-23.514573]]]},"properties":{"sqlu":"SP-001-976391","inscription":"SP-GEOSAMPA-1976391","inscricaoImobiliaria":"SP-IMO-1976391","setor":"001","quadra":"003","lote":"0134","sourceType":"OFFICIAL_IMPORT","mainAddress":"Setor Fiscal 001","zoneamento":"RESIDENCIAL","statusCadastral":"ATIVO","workflowStatus":"PENDENTE","isOfficial":true,"rawProperties":{"cd_identificador":1976391,"cd_identificador_original_lote":8800547,"cd_setor_fiscal":"001","cd_tipo_quadra":"F","tx_tipo_quadra":"FISCAL","cd_quadra_fiscal":"003","cd_subquadra_fiscal":null,"cd_condominio":"00","cd_tipo_lote":"F","tx_tipo_lote":"FISCAL","cd_lote":"0134","cd_situacao":1,"cd_digito_sql":"7","cd_logradouro":"189936","nm_logradouro_completo":"AV TIRADENTES","cd_numero_porta":"172","tx_complemento_endereco":"E 176 E 180 E184","tx_situ_lote":"ATIVO","cd_tipo_uso_imovel":"40","dc_tipo_uso_imovel":"Não residencial","cd_tipo_terreno_imovel":1,"qt_area_terreno":446,"qt_area_construida":815}}},{"type":"Feature","geometry":{"type":"Polygon","coordinates":[[[-45.028417,-23.514195],[-45.028416,-23.514201],[-45.028416,-23.514207],[-45.028415,-23.514208],[-45.028414,-23.513923],[-45.028415,-23.513904],[-45.028416,-23.514047],[-45.028416,-23.514118],[-45.028416,-23.514156],[-45.028417,-23.514195]]]},"properties":{"sqlu":"SP-001-976577","inscription":"SP-GEOSAMPA-1976577","inscricaoImobiliaria":"SP-IMO-1976577","setor":"001","quadra":"008","lote":"0040","sourceType":"OFFICIAL_IMPORT","mainAddress":"Setor Fiscal 001","zoneamento":"RESIDENCIAL","statusCadastral":"ATIVO","workflowStatus":"PENDENTE","isOfficial":true,"rawProperties":{"cd_identificador":1976577,"cd_identificador_original_lote":8800619,"cd_setor_fiscal":"001","cd_tipo_quadra":"F","tx_tipo_quadra":"FISCAL","cd_quadra_fiscal":"008","cd_subquadra_fiscal":null,"cd_condominio":"00","cd_tipo_lote":"F","tx_tipo_lote":"FISCAL","cd_lote":"0040","cd_situacao":1,"cd_digito_sql":"8","cd_logradouro":"104850","nm_logradouro_completo":"R JOAO TEODORO","cd_numero_porta":"438","tx_complemento_endereco":null,"tx_situ_lote":"ATIVO","cd_tipo_uso_imovel":"43","dc_tipo_uso_imovel":"Não residencial","cd_tipo_terreno_imovel":1,"qt_area_terreno":264,"qt_area_construida":490}}},{"type":"Feature","geometry":{"type":"Polygon","coordinates":[[[-45.028417,-23.514195],[-45.028418,-23.514182],[-45.02842,-23.514159],[-45.028422,-23.514142],[-45.028422,-23.514196],[-45.028419,-23.514225],[-45.028416,-23.514259],[-45.028416,-23.514265],[-45.028416,-23.514207],[-45.028416,-23.514201],[-45.028417,-23.514195]]]},"properties":{"sqlu":"SP-001-976578","inscription":"SP-GEOSAMPA-1976578","inscricaoImobiliaria":"SP-IMO-1976578","setor":"001","quadra":"008","lote":"0048","sourceType":"OFFICIAL_IMPORT","mainAddress":"Setor Fiscal 001","zoneamento":"RESIDENCIAL","statusCadastral":"ATIVO","workflowStatus":"PENDENTE","isOfficial":true,"rawProperties":{"cd_identificador":1976578,"cd_identificador_original_lote":8800632,"cd_setor_fiscal":"001","cd_tipo_quadra":"F","tx_tipo_quadra":"FISCAL","cd_quadra_fiscal":"008","cd_subquadra_fiscal":null,"cd_condominio":"00","cd_tipo_lote":"F","tx_tipo_lote":"FISCAL","cd_lote":"0048","cd_situacao":1,"cd_digito_sql":"3","cd_logradouro":"059633","nm_logradouro_completo":"R DJALMA DUTRA","cd_numero_porta":"252","tx_complemento_endereco":"E 256","tx_situ_lote":"ATIVO","cd_tipo_uso_imovel":"22","dc_tipo_uso_imovel":"Residencial","cd_tipo_terreno_imovel":1,"qt_area_terreno":220,"qt_area_construida":500}}},{"type":"Feature","geometry":{"type":"Polygon","coordinates":[[[-45.028441,-23.518612],[-45.02844,-23.51864],[-45.028439,-23.518563],[-45.028442,-23.518516],[-45.028443,-23.518579],[-45.028441,-23.518612]]]},"properties":{"sqlu":"SP-001-976934","inscription":"SP-GEOSAMPA-1976934","inscricaoImobiliaria":"SP-IMO-1976934","setor":"001","quadra":"024","lote":"0011","sourceType":"OFFICIAL_IMPORT","mainAddress":"Setor Fiscal 001","zoneamento":"RESIDENCIAL","statusCadastral":"ATIVO","workflowStatus":"PENDENTE","isOfficial":true,"rawProperties":{"cd_identificador":1976934,"cd_identificador_original_lote":8799738,"cd_setor_fiscal":"001","cd_tipo_quadra":"F","tx_tipo_quadra":"FISCAL","cd_quadra_fiscal":"024","cd_subquadra_fiscal":null,"cd_condominio":"00","cd_tipo_lote":"F","tx_tipo_lote":"FISCAL","cd_lote":"0011","cd_situacao":1,"cd_digito_sql":"3","cd_logradouro":"164380","nm_logradouro_completo":"R PLINIO RAMOS","cd_numero_porta":"31","tx_complemento_endereco":null,"tx_situ_lote":"ATIVO","cd_tipo_uso_imovel":"62","dc_tipo_uso_imovel":"Não residencial","cd_tipo_terreno_imovel":1,"qt_area_terreno":158,"qt_area_construida":120}}},{"type":"Feature","geometry":{"type":"Polygon","coordinates":[[[-45.028443,-23.514346],[-45.028442,-23.514305],[-45.028445,-23.514275],[-45.028446,-23.514317],[-45.028443,-23.514346]]]},"properties":{"sqlu":"SP-001-976421","inscription":"SP-GEOSAMPA-1976421","inscricaoImobiliaria":"SP-IMO-1976421","setor":"001","quadra":"006","lote":"0018","sourceType":"OFFICIAL_IMPORT","mainAddress":"Setor Fiscal 001","zoneamento":"RESIDENCIAL","statusCadastral":"ATIVO","workflowStatus":"PENDENTE","isOfficial":true,"rawProperties":{"cd_identificador":1976421,"cd_identificador_original_lote":8799840,"cd_setor_fiscal":"001","cd_tipo_quadra":"F","tx_tipo_quadra":"FISCAL","cd_quadra_fiscal":"006","cd_subquadra_fiscal":null,"cd_condominio":"00","cd_tipo_lote":"F","tx_tipo_lote":"FISCAL","cd_lote":"0018","cd_situacao":1,"cd_digito_sql":"2","cd_logradouro":"158780","nm_logradouro_completo":"R DR PEDRO ARBUES","cd_numero_porta":"106","tx_complemento_endereco":null,"tx_situ_lote":"ATIVO","cd_tipo_uso_imovel":"40","dc_tipo_uso_imovel":"Não residencial","cd_tipo_terreno_imovel":3,"qt_area_terreno":90,"qt_area_construida":160}}},{"type":"Feature","geometry":{"type":"Polygon","coordinates":[[[-45.028443,-23.514346],[-45.028446,-23.514317],[-45.028446,-23.514355],[-45.028445,-23.514367],[-45.028444,-23.514372],[-45.028443,-23.514384],[-45.028443,-23.514346]]]},"properties":{"sqlu":"SP-001-976422","inscription":"SP-GEOSAMPA-1976422","inscricaoImobiliaria":"SP-IMO-1976422","setor":"001","quadra":"006","lote":"0017","sourceType":"OFFICIAL_IMPORT","mainAddress":"Setor Fiscal 001","zoneamento":"RESIDENCIAL","statusCadastral":"ATIVO","workflowStatus":"PENDENTE","isOfficial":true,"rawProperties":{"cd_identificador":1976422,"cd_identificador_original_lote":8799841,"cd_setor_fiscal":"001","cd_tipo_quadra":"F","tx_tipo_quadra":"FISCAL","cd_quadra_fiscal":"006","cd_subquadra_fiscal":null,"cd_condominio":"00","cd_tipo_lote":"F","tx_tipo_lote":"FISCAL","cd_lote":"0017","cd_situacao":1,"cd_digito_sql":"4","cd_logradouro":"158780","nm_logradouro_completo":"R DR PEDRO ARBUES","cd_numero_porta":"100","tx_complemento_endereco":"E 102","tx_situ_lote":"ATIVO","cd_tipo_uso_imovel":"40","dc_tipo_uso_imovel":"Não residencial","cd_tipo_terreno_imovel":3,"qt_area_terreno":90,"qt_area_construida":180}}},{"type":"Feature","geometry":{"type":"Polygon","coordinates":[[[-45.028441,-23.518612],[-45.028442,-23.518786],[-45.028441,-23.5188],[-45.028441,-23.518787],[-45.02844,-23.51864],[-45.028441,-23.518612]]]},"properties":{"sqlu":"SP-001-976933","inscription":"SP-GEOSAMPA-1976933","inscricaoImobiliaria":"SP-IMO-1976933","setor":"001","quadra":"024","lote":"0010","sourceType":"OFFICIAL_IMPORT","mainAddress":"Setor Fiscal 001","zoneamento":"RESIDENCIAL","statusCadastral":"ATIVO","workflowStatus":"PENDENTE","isOfficial":true,"rawProperties":{"cd_identificador":1976933,"cd_identificador_original_lote":8799720,"cd_setor_fiscal":"001","cd_tipo_quadra":"F","tx_tipo_quadra":"FISCAL","cd_quadra_fiscal":"024","cd_subquadra_fiscal":null,"cd_condominio":"00","cd_tipo_lote":"F","tx_tipo_lote":"FISCAL","cd_lote":"0010","cd_situacao":1,"cd_digito_sql":"5","cd_logradouro":"156299","nm_logradouro_completo":"R PAULA SOUSA","cd_numero_porta":"329","tx_complemento_endereco":null,"tx_situ_lote":"ATIVO","cd_tipo_uso_imovel":"62","dc_tipo_uso_imovel":"Não residencial","cd_tipo_terreno_imovel":2,"qt_area_terreno":160,"qt_area_construida":180}}},{"type":"Feature","geometry":{"type":"Polygon","coordinates":[[[-45.02858,-23.522351],[-45.02858,-23.522373],[-45.02858,-23.522401],[-45.028579,-23.522476],[-45.028579,-23.522495],[-45.028579,-23.522508],[-45.028578,-23.522518],[-45.028577,-23.522484],[-45.028578,-23.522477],[-45.028574,-23.522354],[-45.028574,-23.522339],[-45.028575,-23.522253],[-45.028575,-23.522236],[-45.028575,-23.522204],[-45.028576,-23.522211],[-45.028576,-23.522214],[-45.028576,-23.522232],[-45.028577,-23.522263],[-45.028578,-23.522265],[-45.028578,-23.522273],[-45.028579,-23.522299],[-45.028579,-23.522304],[-45.028579,-23.522322],[-45.02858,-23.522351]]]},"properties":{"sqlu":"SP-001-976612","inscription":"SP-GEOSAMPA-1976612","inscricaoImobiliaria":"SP-IMO-1976612","setor":"001","quadra":"053","lote":"0000","sourceType":"OFFICIAL_IMPORT","mainAddress":"Setor Fiscal 001","zoneamento":"RESIDENCIAL","statusCadastral":"ATIVO","workflowStatus":"PENDENTE","isOfficial":true,"rawProperties":{"cd_identificador":1976612,"cd_identificador_original_lote":8800440,"cd_setor_fiscal":"001","cd_tipo_quadra":"F","tx_tipo_quadra":"FISCAL","cd_quadra_fiscal":"053","cd_subquadra_fiscal":null,"cd_condominio":"03","cd_tipo_lote":"F","tx_tipo_lote":"FISCAL","cd_lote":"0000","cd_situacao":1,"cd_digito_sql":null,"cd_logradouro":"016675","nm_logradouro_completo":"R ANTONIO DE GODOI","cd_numero_porta":"15 35 53","tx_complemento_endereco":null,"tx_situ_lote":null,"cd_tipo_uso_imovel":"XX","dc_tipo_uso_imovel":"Condomínio","cd_tipo_terreno_imovel":99,"qt_area_terreno":600,"qt_area_construida":null}}},{"type":"Feature","geometry":{"type":"Polygon","coordinates":[[[-45.02858,-23.522351],[-45.028579,-23.522322],[-45.028579,-23.522304],[-45.028579,-23.522299],[-45.028578,-23.522273],[-45.028578,-23.522265],[-45.028577,-23.522263],[-45.028576,-23.522232],[-45.028578,-23.522081],[-45.028578,-23.522049],[-45.028579,-23.522075],[-45.028579,-23.522085],[-45.028582,-23.522158],[-45.028582,-23.522174],[-45.028582,-23.522178],[-45.028584,-23.522227],[-45.028584,-23.522232],[-45.028584,-23.522246],[-45.028585,-23.52226],[-45.028585,-23.522273],[-45.028586,-23.522315],[-45.028585,-23.522473],[-45.028583,-23.522413],[-45.028582,-23.522388],[-45.02858,-23.522351]]]},"properties":{"sqlu":"SP-001-976613","inscription":"SP-GEOSAMPA-1976613","inscricaoImobiliaria":"SP-IMO-1976613","setor":"001","quadra":"053","lote":"0228","sourceType":"OFFICIAL_IMPORT","mainAddress":"Setor Fiscal 001","zoneamento":"RESIDENCIAL","statusCadastral":"ATIVO","workflowStatus":"PENDENTE","isOfficial":true,"rawProperties":{"cd_identificador":1976613,"cd_identificador_original_lote":8800453,"cd_setor_fiscal":"001","cd_tipo_quadra":"F","tx_tipo_quadra":"FISCAL","cd_quadra_fiscal":"053","cd_subquadra_fiscal":null,"cd_condominio":"00","cd_tipo_lote":"F","tx_tipo_lote":"FISCAL","cd_lote":"0228","cd_situacao":1,"cd_digito_sql":"7","cd_logradouro":"171158","nm_logradouro_completo":"AV RIO BRANCO","cd_numero_porta":"34","tx_complemento_endereco":null,"tx_situ_lote":"ATIVO","cd_tipo_uso_imovel":"72","dc_tipo_uso_imovel":"Não residencial","cd_tipo_terreno_imovel":1,"qt_area_terreno":1247,"qt_area_construida":643}}},{"type":"Feature","geometry":{"type":"Polygon","coordinates":[[[-45.028466,-23.514066],[-45.028466,-23.514029],[-45.028466,-23.514026],[-45.028468,-23.514002],[-45.02847,-23.51397],[-45.028471,-23.514003],[-45.028469,-23.51402],[-45.028468,-23.514041],[-45.028466,-23.514063],[-45.028466,-23.514066]]]},"properties":{"sqlu":"SP-001-976774","inscription":"SP-GEOSAMPA-1976774","inscricaoImobiliaria":"SP-IMO-1976774","setor":"001","quadra":"004","lote":"0067","sourceType":"OFFICIAL_IMPORT","mainAddress":"Setor Fiscal 001","zoneamento":"RESIDENCIAL","statusCadastral":"ATIVO","workflowStatus":"PENDENTE","isOfficial":true,"rawProperties":{"cd_identificador":1976774,"cd_identificador_original_lote":8799531,"cd_setor_fiscal":"001","cd_tipo_quadra":"F","tx_tipo_quadra":"FISCAL","cd_quadra_fiscal":"004","cd_subquadra_fiscal":null,"cd_condominio":"00","cd_tipo_lote":"F","tx_tipo_lote":"FISCAL","cd_lote":"0067","cd_situacao":1,"cd_digito_sql":"1","cd_logradouro":"061565","nm_logradouro_completo":"R DUTRA RODRIGUES","cd_numero_porta":"114","tx_complemento_endereco":null,"tx_situ_lote":"ATIVO","cd_tipo_uso_imovel":"40","dc_tipo_uso_imovel":"Não residencial","cd_tipo_terreno_imovel":1,"qt_area_terreno":116,"qt_area_construida":100}}},{"type":"Feature","geometry":{"type":"Polygon","coordinates":[[[-45.02857,-23.520799],[-45.028571,-23.52073],[-45.028572,-23.520671],[-45.028574,-23.520744],[-45.028573,-23.520801],[-45.028572,-23.520869],[-45.02857,-23.520799]]]},"properties":{"sqlu":"SP-001-976912","inscription":"SP-GEOSAMPA-1976912","inscricaoImobiliaria":"SP-IMO-1976912","setor":"001","quadra":"044","lote":"0000","sourceType":"OFFICIAL_IMPORT","mainAddress":"Setor Fiscal 001","zoneamento":"RESIDENCIAL","statusCadastral":"ATIVO","workflowStatus":"PENDENTE","isOfficial":true,"rawProperties":{"cd_identificador":1976912,"cd_identificador_original_lote":8801053,"cd_setor_fiscal":"001","cd_tipo_quadra":"F","tx_tipo_quadra":"FISCAL","cd_quadra_fiscal":"044","cd_subquadra_fiscal":null,"cd_condominio":"04","cd_tipo_lote":"F","tx_tipo_lote":"FISCAL","cd_lote":"0000","cd_situacao":1,"cd_digito_sql":null,"cd_logradouro":"092762","nm_logradouro_completo":"AV IPIRANGA","cd_numero_porta":"1202 1208 1214","tx_complemento_endereco":null,"tx_situ_lote":null,"cd_tipo_uso_imovel":"XX","dc_tipo_uso_imovel":"Condomínio","cd_tipo_terreno_imovel":99,"qt_area_terreno":259,"qt_area_construida":null}}},{"type":"Feature","geometry":{"type":"Polygon","coordinates":[[[-45.028488,-23.521565],[-45.028488,-23.521603],[-45.028486,-23.521603],[-45.028483,-23.521604],[-45.028483,-23.521567],[-45.028488,-23.521565]]]},"properties":{"sqlu":"SP-001-976891","inscription":"SP-GEOSAMPA-1976891","inscricaoImobiliaria":"SP-IMO-1976891","setor":"001","quadra":"050","lote":"0109","sourceType":"OFFICIAL_IMPORT","mainAddress":"Setor Fiscal 001","zoneamento":"RESIDENCIAL","statusCadastral":"ATIVO","workflowStatus":"PENDENTE","isOfficial":true,"rawProperties":{"cd_identificador":1976891,"cd_identificador_original_lote":8801095,"cd_setor_fiscal":"001","cd_tipo_quadra":"F","tx_tipo_quadra":"FISCAL","cd_quadra_fiscal":"050","cd_subquadra_fiscal":null,"cd_condominio":"00","cd_tipo_lote":"F","tx_tipo_lote":"FISCAL","cd_lote":"0109","cd_situacao":1,"cd_digito_sql":"0","cd_logradouro":"197459","nm_logradouro_completo":"R VINTE E CINCO DE MARCO","cd_numero_porta":"965","tx_complemento_endereco":null,"tx_situ_lote":"ATIVO","cd_tipo_uso_imovel":"40","dc_tipo_uso_imovel":"Não residencial","cd_tipo_terreno_imovel":1,"qt_area_terreno":105,"qt_area_construida":247}}},{"type":"Feature","geometry":{"type":"Polygon","coordinates":[[[-45.02845,-23.518337],[-45.028452,-23.518642],[-45.028451,-23.518657],[-45.02845,-23.518346],[-45.02845,-23.518337]]]},"properties":{"sqlu":"SP-001-977283","inscription":"SP-GEOSAMPA-1977283","inscricaoImobiliaria":"SP-IMO-1977283","setor":"001","quadra":"024","lote":"0002","sourceType":"OFFICIAL_IMPORT","mainAddress":"Setor Fiscal 001","zoneamento":"RESIDENCIAL","statusCadastral":"ATIVO","workflowStatus":"PENDENTE","isOfficial":true,"rawProperties":{"cd_identificador":1977283,"cd_identificador_original_lote":8799721,"cd_setor_fiscal":"001","cd_tipo_quadra":"F","tx_tipo_quadra":"FISCAL","cd_quadra_fiscal":"024","cd_subquadra_fiscal":null,"cd_condominio":"00","cd_tipo_lote":"F","tx_tipo_lote":"FISCAL","cd_lote":"0002","cd_situacao":1,"cd_digito_sql":"4","cd_logradouro":"156299","nm_logradouro_completo":"R PAULA SOUSA","cd_numero_porta":"269","tx_complemento_endereco":null,"tx_situ_lote":"ATIVO","cd_tipo_uso_imovel":"42","dc_tipo_uso_imovel":"Não residencial","cd_tipo_terreno_imovel":1,"qt_area_terreno":224,"qt_area_construida":800}}},{"type":"Feature","geometry":{"type":"Polygon","coordinates":[[[-45.02845,-23.518337],[-45.028452,-23.518311],[-45.028454,-23.518599],[-45.028454,-23.518607],[-45.028454,-23.518615],[-45.028454,-23.51862],[-45.028452,-23.518642],[-45.02845,-23.518337]]]},"properties":{"sqlu":"SP-001-977284","inscription":"SP-GEOSAMPA-1977284","inscricaoImobiliaria":"SP-IMO-1977284","setor":"001","quadra":"024","lote":"0001","sourceType":"OFFICIAL_IMPORT","mainAddress":"Setor Fiscal 001","zoneamento":"RESIDENCIAL","statusCadastral":"ATIVO","workflowStatus":"PENDENTE","isOfficial":true,"rawProperties":{"cd_identificador":1977284,"cd_identificador_original_lote":8799731,"cd_setor_fiscal":"001","cd_tipo_quadra":"F","tx_tipo_quadra":"FISCAL","cd_quadra_fiscal":"024","cd_subquadra_fiscal":null,"cd_condominio":"00","cd_tipo_lote":"F","tx_tipo_lote":"FISCAL","cd_lote":"0001","cd_situacao":1,"cd_digito_sql":"6","cd_logradouro":"156299","nm_logradouro_completo":"R PAULA SOUSA","cd_numero_porta":"259","tx_complemento_endereco":null,"tx_situ_lote":"ATIVO","cd_tipo_uso_imovel":"43","dc_tipo_uso_imovel":"Não residencial","cd_tipo_terreno_imovel":2,"qt_area_terreno":367,"qt_area_construida":367}}},{"type":"Feature","geometry":{"type":"Polygon","coordinates":[[[-45.02851,-23.527034],[-45.028511,-23.526987],[-45.028511,-23.526884],[-45.028511,-23.526847],[-45.028511,-23.526754],[-45.028513,-23.526765],[-45.028513,-23.526863],[-45.028513,-23.526865],[-45.028513,-23.52693],[-45.028513,-23.526934],[-45.028513,-23.526957],[-45.028513,-23.527052],[-45.028511,-23.527038],[-45.02851,-23.527034]]]},"properties":{"sqlu":"SP-001-977162","inscription":"SP-GEOSAMPA-1977162","inscricaoImobiliaria":"SP-IMO-1977162","setor":"001","quadra":"083","lote":"0060","sourceType":"OFFICIAL_IMPORT","mainAddress":"Setor Fiscal 001","zoneamento":"RESIDENCIAL","statusCadastral":"ATIVO","workflowStatus":"PENDENTE","isOfficial":true,"rawProperties":{"cd_identificador":1977162,"cd_identificador_original_lote":8800373,"cd_setor_fiscal":"001","cd_tipo_quadra":"F","tx_tipo_quadra":"FISCAL","cd_quadra_fiscal":"083","cd_subquadra_fiscal":null,"cd_condominio":"00","cd_tipo_lote":"F","tx_tipo_lote":"FISCAL","cd_lote":"0060","cd_situacao":1,"cd_digito_sql":"9","cd_logradouro":"191353","nm_logradouro_completo":"R TRES DE DEZEMBRO","cd_numero_porta":"38","tx_complemento_endereco":"E 40","tx_situ_lote":"ATIVO","cd_tipo_uso_imovel":"31","dc_tipo_uso_imovel":"Não residencial","cd_tipo_terreno_imovel":1,"qt_area_terreno":370,"qt_area_construida":3635}}},{"type":"Feature","geometry":{"type":"Polygon","coordinates":[[[-45.028466,-23.52239],[-45.028464,-23.522378],[-45.028464,-23.522316],[-45.028465,-23.522252],[-45.028465,-23.522175],[-45.028466,-23.522188],[-45.028466,-23.52239]]]},"properties":{"sqlu":"SP-001-977032","inscription":"SP-GEOSAMPA-1977032","inscricaoImobiliaria":"SP-IMO-1977032","setor":"001","quadra":"067","lote":"0028","sourceType":"OFFICIAL_IMPORT","mainAddress":"Setor Fiscal 001","zoneamento":"RESIDENCIAL","statusCadastral":"ATIVO","workflowStatus":"PENDENTE","isOfficial":true,"rawProperties":{"cd_identificador":1977032,"cd_identificador_original_lote":8800384,"cd_setor_fiscal":"001","cd_tipo_quadra":"F","tx_tipo_quadra":"FISCAL","cd_quadra_fiscal":"067","cd_subquadra_fiscal":null,"cd_condominio":"00","cd_tipo_lote":"F","tx_tipo_lote":"FISCAL","cd_lote":"0028","cd_situacao":1,"cd_digito_sql":"6","cd_logradouro":"002755","nm_logradouro_completo":"R COMEN AFONSO KHERLAKIAN","cd_numero_porta":"100","tx_complemento_endereco":"102 106","tx_situ_lote":"ATIVO","cd_tipo_uso_imovel":"40","dc_tipo_uso_imovel":"Não residencial","cd_tipo_terreno_imovel":1,"qt_area_terreno":194,"qt_area_construida":379}}},{"type":"Feature","geometry":{"type":"Polygon","coordinates":[[[-45.028415,-23.514585],[-45.028415,-23.514558],[-45.028415,-23.514542],[-45.028415,-23.514536],[-45.028423,-23.514454],[-45.028423,-23.514498],[-45.028419,-23.514541],[-45.028416,-23.514579],[-45.028415,-23.514585]]]},"properties":{"sqlu":"SP-001-977381","inscription":"SP-GEOSAMPA-1977381","inscricaoImobiliaria":"SP-IMO-1977381","setor":"001","quadra":"008","lote":"0054","sourceType":"OFFICIAL_IMPORT","mainAddress":"Setor Fiscal 001","zoneamento":"RESIDENCIAL","statusCadastral":"ATIVO","workflowStatus":"PENDENTE","isOfficial":true,"rawProperties":{"cd_identificador":1977381,"cd_identificador_original_lote":8800635,"cd_setor_fiscal":"001","cd_tipo_quadra":"F","tx_tipo_quadra":"FISCAL","cd_quadra_fiscal":"008","cd_subquadra_fiscal":null,"cd_condominio":"00","cd_tipo_lote":"F","tx_tipo_lote":"FISCAL","cd_lote":"0054","cd_situacao":1,"cd_digito_sql":"8","cd_logradouro":"059633","nm_logradouro_completo":"R DJALMA DUTRA","cd_numero_porta":"222","tx_complemento_endereco":null,"tx_situ_lote":"ATIVO","cd_tipo_uso_imovel":"10","dc_tipo_uso_imovel":"Residencial","cd_tipo_terreno_imovel":1,"qt_area_terreno":250,"qt_area_construida":150}}},{"type":"Feature","geometry":{"type":"Polygon","coordinates":[[[-45.028529,-23.51758],[-45.028529,-23.51767],[-45.028528,-23.517692],[-45.028526,-23.517712],[-45.028526,-23.517716],[-45.028524,-23.517736],[-45.028524,-23.517692],[-45.028524,-23.517647],[-45.028527,-23.517602],[-45.028528,-23.517595],[-45.028529,-23.51758]]]},"properties":{"sqlu":"SP-001-977016","inscription":"SP-GEOSAMPA-1977016","inscricaoImobiliaria":"SP-IMO-1977016","setor":"001","quadra":"020","lote":"0000","sourceType":"OFFICIAL_IMPORT","mainAddress":"Setor Fiscal 001","zoneamento":"RESIDENCIAL","statusCadastral":"ATIVO","workflowStatus":"PENDENTE","isOfficial":true,"rawProperties":{"cd_identificador":1977016,"cd_identificador_original_lote":8799763,"cd_setor_fiscal":"001","cd_tipo_quadra":"F","tx_tipo_quadra":"FISCAL","cd_quadra_fiscal":"020","cd_subquadra_fiscal":null,"cd_condominio":"04","cd_tipo_lote":"F","tx_tipo_lote":"FISCAL","cd_lote":"0000","cd_situacao":1,"cd_digito_sql":null,"cd_logradouro":"190179","nm_logradouro_completo":"R BRIG TOBIAS","cd_numero_porta":"635 639","tx_complemento_endereco":null,"tx_situ_lote":null,"cd_tipo_uso_imovel":"XX","dc_tipo_uso_imovel":"Condomínio","cd_tipo_terreno_imovel":99,"qt_area_terreno":280,"qt_area_construida":null}}},{"type":"Feature","geometry":{"type":"Polygon","coordinates":[[[-45.028525,-23.524897],[-45.028529,-23.524807],[-45.028529,-23.524853],[-45.028526,-23.524947],[-45.028525,-23.524897]]]},"properties":{"sqlu":"SP-001-977052","inscription":"SP-GEOSAMPA-1977052","inscricaoImobiliaria":"SP-IMO-1977052","setor":"001","quadra":"062","lote":"0011","sourceType":"OFFICIAL_IMPORT","mainAddress":"Setor Fiscal 001","zoneamento":"RESIDENCIAL","statusCadastral":"ATIVO","workflowStatus":"PENDENTE","isOfficial":true,"rawProperties":{"cd_identificador":1977052,"cd_identificador_original_lote":8800248,"cd_setor_fiscal":"001","cd_tipo_quadra":"F","tx_tipo_quadra":"FISCAL","cd_quadra_fiscal":"062","cd_subquadra_fiscal":null,"cd_condominio":"00","cd_tipo_lote":"F","tx_tipo_lote":"FISCAL","cd_lote":"0011","cd_situacao":1,"cd_digito_sql":"9","cd_logradouro":"118249","nm_logradouro_completo":"R LIBERO BADARO","cd_numero_porta":"624","tx_complemento_endereco":"E 628","tx_situ_lote":"ATIVO","cd_tipo_uso_imovel":"43","dc_tipo_uso_imovel":"Não residencial","cd_tipo_terreno_imovel":1,"qt_area_terreno":132,"qt_area_construida":503}}},{"type":"Feature","geometry":{"type":"Polygon","coordinates":[[[-45.028437,-23.515001],[-45.028438,-23.514997],[-45.028439,-23.514991],[-45.028439,-23.515042],[-45.02844,-23.515257],[-45.028439,-23.515266],[-45.028438,-23.515053],[-45.028437,-23.515001]]]},"properties":{"sqlu":"SP-001-977364","inscription":"SP-GEOSAMPA-1977364","inscricaoImobiliaria":"SP-IMO-1977364","setor":"001","quadra":"007","lote":"0006","sourceType":"OFFICIAL_IMPORT","mainAddress":"Setor Fiscal 001","zoneamento":"RESIDENCIAL","statusCadastral":"ATIVO","workflowStatus":"PENDENTE","isOfficial":true,"rawProperties":{"cd_identificador":1977364,"cd_identificador_original_lote":8799941,"cd_setor_fiscal":"001","cd_tipo_quadra":"F","tx_tipo_quadra":"FISCAL","cd_quadra_fiscal":"007","cd_subquadra_fiscal":null,"cd_condominio":"00","cd_tipo_lote":"F","tx_tipo_lote":"FISCAL","cd_lote":"0006","cd_situacao":1,"cd_digito_sql":"3","cd_logradouro":"038121","nm_logradouro_completo":"R S CAETANO","cd_numero_porta":"343","tx_complemento_endereco":null,"tx_situ_lote":"ATIVO","cd_tipo_uso_imovel":"42","dc_tipo_uso_imovel":"Não residencial","cd_tipo_terreno_imovel":1,"qt_area_terreno":183,"qt_area_construida":300}}},{"type":"Feature","geometry":{"type":"Polygon","coordinates":[[[-45.028437,-23.515001],[-45.028438,-23.515053],[-45.028439,-23.515266],[-45.028438,-23.515274],[-45.028437,-23.515009],[-45.028437,-23.515001]]]},"properties":{"sqlu":"SP-001-977363","inscription":"SP-GEOSAMPA-1977363","inscricaoImobiliaria":"SP-IMO-1977363","setor":"001","quadra":"007","lote":"0007","sourceType":"OFFICIAL_IMPORT","mainAddress":"Setor Fiscal 001","zoneamento":"RESIDENCIAL","statusCadastral":"ATIVO","workflowStatus":"PENDENTE","isOfficial":true,"rawProperties":{"cd_identificador":1977363,"cd_identificador_original_lote":8799940,"cd_setor_fiscal":"001","cd_tipo_quadra":"F","tx_tipo_quadra":"FISCAL","cd_quadra_fiscal":"007","cd_subquadra_fiscal":null,"cd_condominio":"00","cd_tipo_lote":"F","tx_tipo_lote":"FISCAL","cd_lote":"0007","cd_situacao":1,"cd_digito_sql":"1","cd_logradouro":"038121","nm_logradouro_completo":"R S CAETANO","cd_numero_porta":"347","tx_complemento_endereco":"E 349","tx_situ_lote":"ATIVO","cd_tipo_uso_imovel":"42","dc_tipo_uso_imovel":"Não residencial","cd_tipo_terreno_imovel":1,"qt_area_terreno":150,"qt_area_construida":200}}},{"type":"Feature","geometry":{"type":"Polygon","coordinates":[[[-45.028585,-23.521486],[-45.028583,-23.52144],[-45.028582,-23.521384],[-45.028581,-23.521376],[-45.028583,-23.52125],[-45.028583,-23.521237],[-45.028584,-23.521211],[-45.028585,-23.521136],[-45.028588,-23.521248],[-45.028587,-23.521295],[-45.028585,-23.521486]]]},"properties":{"sqlu":"SP-001-977436","inscription":"SP-GEOSAMPA-1977436","inscricaoImobiliaria":"SP-IMO-1977436","setor":"001","quadra":"053","lote":"0020","sourceType":"OFFICIAL_IMPORT","mainAddress":"Setor Fiscal 001","zoneamento":"RESIDENCIAL","statusCadastral":"ATIVO","workflowStatus":"PENDENTE","isOfficial":true,"rawProperties":{"cd_identificador":1977436,"cd_identificador_original_lote":8800454,"cd_setor_fiscal":"001","cd_tipo_quadra":"F","tx_tipo_quadra":"FISCAL","cd_quadra_fiscal":"053","cd_subquadra_fiscal":null,"cd_condominio":"00","cd_tipo_lote":"F","tx_tipo_lote":"FISCAL","cd_lote":"0020","cd_situacao":1,"cd_digito_sql":"9","cd_logradouro":"092762","nm_logradouro_completo":"AV IPIRANGA","cd_numero_porta":"S/N","tx_complemento_endereco":null,"tx_situ_lote":"ATIVO","cd_tipo_uso_imovel":"84","dc_tipo_uso_imovel":"Não residencial","cd_tipo_terreno_imovel":1,"qt_area_terreno":688,"qt_area_construida":688}}},{"type":"Feature","geometry":{"type":"Polygon","coordinates":[[[-45.028542,-23.52808],[-45.028544,-23.528065],[-45.028545,-23.528159],[-45.028546,-23.528218],[-45.028545,-23.528241],[-45.028544,-23.528273],[-45.028544,-23.528251],[-45.028543,-23.5282],[-45.028542,-23.52808]]]},"properties":{"sqlu":"SP-001-978529","inscription":"SP-GEOSAMPA-1978529","inscricaoImobiliaria":"SP-IMO-1978529","setor":"001","quadra":"084","lote":"0002","sourceType":"OFFICIAL_IMPORT","mainAddress":"Setor Fiscal 001","zoneamento":"RESIDENCIAL","statusCadastral":"ATIVO","workflowStatus":"PENDENTE","isOfficial":true,"rawProperties":{"cd_identificador":1978529,"cd_identificador_original_lote":8800008,"cd_setor_fiscal":"001","cd_tipo_quadra":"F","tx_tipo_quadra":"FISCAL","cd_quadra_fiscal":"084","cd_subquadra_fiscal":null,"cd_condominio":"00","cd_tipo_lote":"F","tx_tipo_lote":"FISCAL","cd_lote":"0002","cd_situacao":1,"cd_digito_sql":"6","cd_logradouro":"167703","nm_logradouro_completo":"R DA QUITANDA","cd_numero_porta":"139","tx_complemento_endereco":"E 145","tx_situ_lote":"ATIVO","cd_tipo_uso_imovel":"31","dc_tipo_uso_imovel":"Não residencial","cd_tipo_terreno_imovel":1,"qt_area_terreno":207,"qt_area_construida":1050}}},{"type":"Feature","geometry":{"type":"Polygon","coordinates":[[[-45.028566,-23.523043],[-45.028566,-23.523043],[-45.028567,-23.523044],[-45.028568,-23.523044],[-45.028567,-23.523191],[-45.028566,-23.523183],[-45.028565,-23.523176],[-45.028563,-23.523168],[-45.028564,-23.523081],[-45.028564,-23.523041],[-45.028565,-23.523042],[-45.028566,-23.523043]]]},"properties":{"sqlu":"SP-001-977651","inscription":"SP-GEOSAMPA-1977651","inscricaoImobiliaria":"SP-IMO-1977651","setor":"001","quadra":"057","lote":"0007","sourceType":"OFFICIAL_IMPORT","mainAddress":"Setor Fiscal 001","zoneamento":"RESIDENCIAL","statusCadastral":"ATIVO","workflowStatus":"PENDENTE","isOfficial":true,"rawProperties":{"cd_identificador":1977651,"cd_identificador_original_lote":8800475,"cd_setor_fiscal":"001","cd_tipo_quadra":"F","tx_tipo_quadra":"FISCAL","cd_quadra_fiscal":"057","cd_subquadra_fiscal":null,"cd_condominio":"00","cd_tipo_lote":"F","tx_tipo_lote":"FISCAL","cd_lote":"0007","cd_situacao":1,"cd_digito_sql":"1","cd_logradouro":"176338","nm_logradouro_completo":"R CAP SALOMAO","cd_numero_porta":"48","tx_complemento_endereco":"52-54-58-62E66","tx_situ_lote":"ATIVO","cd_tipo_uso_imovel":"40","dc_tipo_uso_imovel":"Não residencial","cd_tipo_terreno_imovel":1,"qt_area_terreno":303,"qt_area_construida":380}}},{"type":"Feature","geometry":{"type":"Polygon","coordinates":[[[-45.028566,-23.523043],[-45.028565,-23.523042],[-45.028564,-23.523041],[-45.028563,-23.52304],[-45.028562,-23.523039],[-45.028562,-23.523039],[-45.028561,-23.523038],[-45.028561,-23.523037],[-45.028558,-23.523035],[-45.028558,-23.522936],[-45.028561,-23.522945],[-45.028562,-23.522949],[-45.028563,-23.522949],[-45.028564,-23.522953],[-45.028564,-23.522953],[-45.028566,-23.522954],[-45.028566,-23.523043]]]},"properties":{"sqlu":"SP-001-977652","inscription":"SP-GEOSAMPA-1977652","inscricaoImobiliaria":"SP-IMO-1977652","setor":"001","quadra":"057","lote":"0009","sourceType":"OFFICIAL_IMPORT","mainAddress":"Setor Fiscal 001","zoneamento":"RESIDENCIAL","statusCadastral":"ATIVO","workflowStatus":"PENDENTE","isOfficial":true,"rawProperties":{"cd_identificador":1977652,"cd_identificador_original_lote":8800487,"cd_setor_fiscal":"001","cd_tipo_quadra":"F","tx_tipo_quadra":"FISCAL","cd_quadra_fiscal":"057","cd_subquadra_fiscal":null,"cd_condominio":"00","cd_tipo_lote":"F","tx_tipo_lote":"FISCAL","cd_lote":"0009","cd_situacao":1,"cd_digito_sql":"6","cd_logradouro":"179868","nm_logradouro_completo":"R DO SEMINARIO","cd_numero_porta":"139","tx_complemento_endereco":"141 143 E 147","tx_situ_lote":"ATIVO","cd_tipo_uso_imovel":"84","dc_tipo_uso_imovel":"Não residencial","cd_tipo_terreno_imovel":1,"qt_area_terreno":450,"qt_area_construida":900}}},{"type":"Feature","geometry":{"type":"Polygon","coordinates":[[[-45.028461,-23.519725],[-45.028462,-23.519711],[-45.028463,-23.519884],[-45.028462,-23.519898],[-45.028461,-23.519725]]]},"properties":{"sqlu":"SP-001-977691","inscription":"SP-GEOSAMPA-1977691","inscricaoImobiliaria":"SP-IMO-1977691","setor":"001","quadra":"032","lote":"0107","sourceType":"OFFICIAL_IMPORT","mainAddress":"Setor Fiscal 001","zoneamento":"RESIDENCIAL","statusCadastral":"ATIVO","workflowStatus":"PENDENTE","isOfficial":true,"rawProperties":{"cd_identificador":1977691,"cd_identificador_original_lote":8800833,"cd_setor_fiscal":"001","cd_tipo_quadra":"F","tx_tipo_quadra":"FISCAL","cd_quadra_fiscal":"032","cd_subquadra_fiscal":null,"cd_condominio":"00","cd_tipo_lote":"F","tx_tipo_lote":"FISCAL","cd_lote":"0107","cd_situacao":1,"cd_digito_sql":"6","cd_logradouro":"167258","nm_logradouro_completo":"AV SEN QUEIROS","cd_numero_porta":"529","tx_complemento_endereco":"E 533","tx_situ_lote":"ATIVO","cd_tipo_uso_imovel":"42","dc_tipo_uso_imovel":"Não residencial","cd_tipo_terreno_imovel":1,"qt_area_terreno":121,"qt_area_construida":200}}},{"type":"Feature","geometry":{"type":"Polygon","coordinates":[[[-45.028427,-23.516041],[-45.028427,-23.515998],[-45.028431,-23.515917],[-45.028431,-23.515959],[-45.028428,-23.516022],[-45.028428,-23.516031],[-45.028427,-23.516041]]]},"properties":{"sqlu":"SP-001-977556","inscription":"SP-GEOSAMPA-1977556","inscricaoImobiliaria":"SP-IMO-1977556","setor":"001","quadra":"012","lote":"0026","sourceType":"OFFICIAL_IMPORT","mainAddress":"Setor Fiscal 001","zoneamento":"RESIDENCIAL","statusCadastral":"ATIVO","workflowStatus":"PENDENTE","isOfficial":true,"rawProperties":{"cd_identificador":1977556,"cd_identificador_original_lote":8800714,"cd_setor_fiscal":"001","cd_tipo_quadra":"F","tx_tipo_quadra":"FISCAL","cd_quadra_fiscal":"012","cd_subquadra_fiscal":null,"cd_condominio":"00","cd_tipo_lote":"F","tx_tipo_lote":"FISCAL","cd_lote":"0026","cd_situacao":1,"cd_digito_sql":"9","cd_logradouro":"059633","nm_logradouro_completo":"R DJALMA DUTRA","cd_numero_porta":"48","tx_complemento_endereco":null,"tx_situ_lote":"ATIVO","cd_tipo_uso_imovel":"10","dc_tipo_uso_imovel":"Residencial","cd_tipo_terreno_imovel":1,"qt_area_terreno":150,"qt_area_construida":60}}},{"type":"Feature","geometry":{"type":"Polygon","coordinates":[[[-45.028407,-23.516142],[-45.028407,-23.516179],[-45.028406,-23.516202],[-45.028406,-23.516211],[-45.028405,-23.516221],[-45.028405,-23.516196],[-45.028405,-23.516185],[-45.028407,-23.516142]]]},"properties":{"sqlu":"SP-001-977629","inscription":"SP-GEOSAMPA-1977629","inscricaoImobiliaria":"SP-IMO-1977629","setor":"001","quadra":"014","lote":"0016","sourceType":"OFFICIAL_IMPORT","mainAddress":"Setor Fiscal 001","zoneamento":"RESIDENCIAL","statusCadastral":"ATIVO","workflowStatus":"PENDENTE","isOfficial":true,"rawProperties":{"cd_identificador":1977629,"cd_identificador_original_lote":8801173,"cd_setor_fiscal":"001","cd_tipo_quadra":"F","tx_tipo_quadra":"FISCAL","cd_quadra_fiscal":"014","cd_subquadra_fiscal":null,"cd_condominio":"00","cd_tipo_lote":"F","tx_tipo_lote":"FISCAL","cd_lote":"0016","cd_situacao":1,"cd_digito_sql":"0","cd_logradouro":"165433","nm_logradouro_completo":"R POSSIDONIO INACIO","cd_numero_porta":"59","tx_complemento_endereco":null,"tx_situ_lote":"ATIVO","cd_tipo_uso_imovel":"40","dc_tipo_uso_imovel":"Não residencial","cd_tipo_terreno_imovel":1,"qt_area_terreno":40,"qt_area_construida":40}}},{"type":"Feature","geometry":{"type":"Polygon","coordinates":[[[-45.028407,-23.516142],[-45.028405,-23.516185],[-45.028405,-23.516156],[-45.028407,-23.516114],[-45.028407,-23.516142]]]},"properties":{"sqlu":"SP-001-977628","inscription":"SP-GEOSAMPA-1977628","inscricaoImobiliaria":"SP-IMO-1977628","setor":"001","quadra":"014","lote":"0015","sourceType":"OFFICIAL_IMPORT","mainAddress":"Setor Fiscal 001","zoneamento":"RESIDENCIAL","statusCadastral":"ATIVO","workflowStatus":"PENDENTE","isOfficial":true,"rawProperties":{"cd_identificador":1977628,"cd_identificador_original_lote":8801156,"cd_setor_fiscal":"001","cd_tipo_quadra":"F","tx_tipo_quadra":"FISCAL","cd_quadra_fiscal":"014","cd_subquadra_fiscal":null,"cd_condominio":"00","cd_tipo_lote":"F","tx_tipo_lote":"FISCAL","cd_lote":"0015","cd_situacao":1,"cd_digito_sql":"2","cd_logradouro":"165433","nm_logradouro_completo":"R POSSIDONIO INACIO","cd_numero_porta":"55","tx_complemento_endereco":null,"tx_situ_lote":"ATIVO","cd_tipo_uso_imovel":"40","dc_tipo_uso_imovel":"Não residencial","cd_tipo_terreno_imovel":1,"qt_area_terreno":52,"qt_area_construida":50}}},{"type":"Feature","geometry":{"type":"Polygon","coordinates":[[[-45.028531,-23.520979],[-45.028531,-23.520925],[-45.028538,-23.520801],[-45.028538,-23.520857],[-45.028536,-23.520889],[-45.028535,-23.520913],[-45.028533,-23.520945],[-45.028531,-23.520979]]]},"properties":{"sqlu":"SP-001-977922","inscription":"SP-GEOSAMPA-1977922","inscricaoImobiliaria":"SP-IMO-1977922","setor":"001","quadra":"037","lote":"0026","sourceType":"OFFICIAL_IMPORT","mainAddress":"Setor Fiscal 001","zoneamento":"RESIDENCIAL","statusCadastral":"ATIVO","workflowStatus":"PENDENTE","isOfficial":true,"rawProperties":{"cd_identificador":1977922,"cd_identificador_original_lote":8800924,"cd_setor_fiscal":"001","cd_tipo_quadra":"F","tx_tipo_quadra":"FISCAL","cd_quadra_fiscal":"037","cd_subquadra_fiscal":null,"cd_condominio":"00","cd_tipo_lote":"F","tx_tipo_lote":"FISCAL","cd_lote":"0026","cd_situacao":1,"cd_digito_sql":"9","cd_logradouro":"190179","nm_logradouro_completo":"R BRIG TOBIAS","cd_numero_porta":"284","tx_complemento_endereco":"286","tx_situ_lote":"ATIVO","cd_tipo_uso_imovel":"43","dc_tipo_uso_imovel":"Não residencial","cd_tipo_terreno_imovel":1,"qt_area_terreno":258,"qt_area_construida":624}}},{"type":"Feature","geometry":{"type":"Polygon","coordinates":[[[-45.028434,-23.516362],[-45.02843,-23.516371],[-45.028429,-23.516373],[-45.028429,-23.516344],[-45.02843,-23.516333],[-45.02843,-23.516329],[-45.028433,-23.516256],[-45.028433,-23.516291],[-45.028434,-23.516312],[-45.028434,-23.516362]]]},"properties":{"sqlu":"SP-001-977617","inscription":"SP-GEOSAMPA-1977617","inscricaoImobiliaria":"SP-IMO-1977617","setor":"001","quadra":"012","lote":"0018","sourceType":"OFFICIAL_IMPORT","mainAddress":"Setor Fiscal 001","zoneamento":"RESIDENCIAL","statusCadastral":"ATIVO","workflowStatus":"PENDENTE","isOfficial":true,"rawProperties":{"cd_identificador":1977617,"cd_identificador_original_lote":8800720,"cd_setor_fiscal":"001","cd_tipo_quadra":"F","tx_tipo_quadra":"FISCAL","cd_quadra_fiscal":"012","cd_subquadra_fiscal":null,"cd_condominio":"00","cd_tipo_lote":"F","tx_tipo_lote":"FISCAL","cd_lote":"0018","cd_situacao":1,"cd_digito_sql":"8","cd_logradouro":"059633","nm_logradouro_completo":"R DJALMA DUTRA","cd_numero_porta":"8","tx_complemento_endereco":null,"tx_situ_lote":"ATIVO","cd_tipo_uso_imovel":"10","dc_tipo_uso_imovel":"Residencial","cd_tipo_terreno_imovel":1,"qt_area_terreno":175,"qt_area_construida":50}}},{"type":"Feature","geometry":{"type":"Polygon","coordinates":[[[-45.028468,-23.519509],[-45.028468,-23.519548],[-45.028468,-23.51952],[-45.028467,-23.519511],[-45.028467,-23.519405],[-45.02847,-23.519363],[-45.028469,-23.519423],[-45.028469,-23.519475],[-45.028468,-23.519509]]]},"properties":{"sqlu":"SP-001-977995","inscription":"SP-GEOSAMPA-1977995","inscricaoImobiliaria":"SP-IMO-1977995","setor":"001","quadra":"032","lote":"0114","sourceType":"OFFICIAL_IMPORT","mainAddress":"Setor Fiscal 001","zoneamento":"RESIDENCIAL","statusCadastral":"ATIVO","workflowStatus":"PENDENTE","isOfficial":true,"rawProperties":{"cd_identificador":1977995,"cd_identificador_original_lote":8800803,"cd_setor_fiscal":"001","cd_tipo_quadra":"F","tx_tipo_quadra":"FISCAL","cd_quadra_fiscal":"032","cd_subquadra_fiscal":null,"cd_condominio":"00","cd_tipo_lote":"F","tx_tipo_lote":"FISCAL","cd_lote":"0114","cd_situacao":1,"cd_digito_sql":"9","cd_logradouro":"329843","nm_logradouro_completo":"R ILHA DAS FLORES","cd_numero_porta":"61","tx_complemento_endereco":null,"tx_situ_lote":"ATIVO","cd_tipo_uso_imovel":"10","dc_tipo_uso_imovel":"Residencial","cd_tipo_terreno_imovel":1,"qt_area_terreno":170,"qt_area_construida":220}}},{"type":"Feature","geometry":{"type":"Polygon","coordinates":[[[-45.02842,-23.515138],[-45.02842,-23.515136],[-45.028426,-23.515068],[-45.028426,-23.515112],[-45.028425,-23.515124],[-45.028423,-23.515145],[-45.028422,-23.515157],[-45.028421,-23.515168],[-45.02842,-23.515178],[-45.02842,-23.515138]]]},"properties":{"sqlu":"SP-001-978066","inscription":"SP-GEOSAMPA-1978066","inscricaoImobiliaria":"SP-IMO-1978066","setor":"001","quadra":"008","lote":"0067","sourceType":"OFFICIAL_IMPORT","mainAddress":"Setor Fiscal 001","zoneamento":"RESIDENCIAL","statusCadastral":"ATIVO","workflowStatus":"PENDENTE","isOfficial":true,"rawProperties":{"cd_identificador":1978066,"cd_identificador_original_lote":8800600,"cd_setor_fiscal":"001","cd_tipo_quadra":"F","tx_tipo_quadra":"FISCAL","cd_quadra_fiscal":"008","cd_subquadra_fiscal":null,"cd_condominio":"00","cd_tipo_lote":"F","tx_tipo_lote":"FISCAL","cd_lote":"0067","cd_situacao":1,"cd_digito_sql":"1","cd_logradouro":"059633","nm_logradouro_completo":"R DJALMA DUTRA","cd_numero_porta":"148","tx_complemento_endereco":"E 150","tx_situ_lote":"ATIVO","cd_tipo_uso_imovel":"12","dc_tipo_uso_imovel":"Residencial","cd_tipo_terreno_imovel":1,"qt_area_terreno":200,"qt_area_construida":300}}},{"type":"Feature","geometry":{"type":"Polygon","coordinates":[[[-45.028454,-23.514713],[-45.028458,-23.514674],[-45.028458,-23.514738],[-45.028454,-23.514778],[-45.028454,-23.51474],[-45.028454,-23.514713]]]},"properties":{"sqlu":"SP-001-978148","inscription":"SP-GEOSAMPA-1978148","inscricaoImobiliaria":"SP-IMO-1978148","setor":"001","quadra":"005","lote":"0057","sourceType":"OFFICIAL_IMPORT","mainAddress":"Setor Fiscal 001","zoneamento":"RESIDENCIAL","statusCadastral":"ATIVO","workflowStatus":"PENDENTE","isOfficial":true,"rawProperties":{"cd_identificador":1978148,"cd_identificador_original_lote":8800740,"cd_setor_fiscal":"001","cd_tipo_quadra":"F","tx_tipo_quadra":"FISCAL","cd_quadra_fiscal":"005","cd_subquadra_fiscal":null,"cd_condominio":"00","cd_tipo_lote":"F","tx_tipo_lote":"FISCAL","cd_lote":"0057","cd_situacao":1,"cd_digito_sql":"9","cd_logradouro":"016730","nm_logradouro_completo":"R DOM ANTONIO DE MELO","cd_numero_porta":"52","tx_complemento_endereco":null,"tx_situ_lote":"ATIVO","cd_tipo_uso_imovel":"40","dc_tipo_uso_imovel":"Não residencial","cd_tipo_terreno_imovel":1,"qt_area_terreno":175,"qt_area_construida":748}}},{"type":"Feature","geometry":{"type":"Polygon","coordinates":[[[-45.028454,-23.514713],[-45.028454,-23.51474],[-45.02845,-23.514777],[-45.02845,-23.514737],[-45.028454,-23.514695],[-45.028454,-23.514713]]]},"properties":{"sqlu":"SP-001-978149","inscription":"SP-GEOSAMPA-1978149","inscricaoImobiliaria":"SP-IMO-1978149","setor":"001","quadra":"005","lote":"0013","sourceType":"OFFICIAL_IMPORT","mainAddress":"Setor Fiscal 001","zoneamento":"RESIDENCIAL","statusCadastral":"ATIVO","workflowStatus":"PENDENTE","isOfficial":true,"rawProperties":{"cd_identificador":1978149,"cd_identificador_original_lote":8800777,"cd_setor_fiscal":"001","cd_tipo_quadra":"F","tx_tipo_quadra":"FISCAL","cd_quadra_fiscal":"005","cd_subquadra_fiscal":null,"cd_condominio":"00","cd_tipo_lote":"F","tx_tipo_lote":"FISCAL","cd_lote":"0013","cd_situacao":1,"cd_digito_sql":"7","cd_logradouro":"158780","nm_logradouro_completo":"R DR PEDRO ARBUES","cd_numero_porta":"49","tx_complemento_endereco":null,"tx_situ_lote":"ATIVO","cd_tipo_uso_imovel":"22","dc_tipo_uso_imovel":"Residencial","cd_tipo_terreno_imovel":1,"qt_area_terreno":109,"qt_area_construida":373}}},{"type":"Feature","geometry":{"type":"Polygon","coordinates":[[[-45.028461,-23.524661],[-45.028463,-23.524811],[-45.028462,-23.524849],[-45.028461,-23.524769],[-45.02846,-23.524704],[-45.028461,-23.524661]]]},"properties":{"sqlu":"SP-001-978031","inscription":"SP-GEOSAMPA-1978031","inscricaoImobiliaria":"SP-IMO-1978031","setor":"001","quadra":"077","lote":"0011","sourceType":"OFFICIAL_IMPORT","mainAddress":"Setor Fiscal 001","zoneamento":"RESIDENCIAL","statusCadastral":"ATIVO","workflowStatus":"PENDENTE","isOfficial":true,"rawProperties":{"cd_identificador":1978031,"cd_identificador_original_lote":8800266,"cd_setor_fiscal":"001","cd_tipo_quadra":"F","tx_tipo_quadra":"FISCAL","cd_quadra_fiscal":"077","cd_subquadra_fiscal":null,"cd_condominio":"00","cd_tipo_lote":"F","tx_tipo_lote":"FISCAL","cd_lote":"0011","cd_situacao":1,"cd_digito_sql":"5","cd_logradouro":"029505","nm_logradouro_completo":"R CAVLH BASILIO JAFET","cd_numero_porta":"190","tx_complemento_endereco":null,"tx_situ_lote":"ATIVO","cd_tipo_uso_imovel":"43","dc_tipo_uso_imovel":"Não residencial","cd_tipo_terreno_imovel":1,"qt_area_terreno":147,"qt_area_construida":508}}},{"type":"Feature","geometry":{"type":"Polygon","coordinates":[[[-45.028531,-23.526957],[-45.028531,-23.527083],[-45.02853,-23.527072],[-45.02853,-23.527068],[-45.028529,-23.527064],[-45.028528,-23.527043],[-45.028527,-23.527033],[-45.028527,-23.527027],[-45.028527,-23.527061],[-45.028525,-23.527055],[-45.028525,-23.52705],[-45.028525,-23.527009],[-45.028525,-23.526955],[-45.028526,-23.526961],[-45.028526,-23.526903],[-45.028527,-23.526903],[-45.028527,-23.526899],[-45.028527,-23.526901],[-45.028528,-23.526907],[-45.02853,-23.526943],[-45.028531,-23.526949],[-45.028531,-23.526957]]]},"properties":{"sqlu":"SP-001-978457","inscription":"SP-GEOSAMPA-1978457","inscricaoImobiliaria":"SP-IMO-1978457","setor":"001","quadra":"082","lote":"0011","sourceType":"OFFICIAL_IMPORT","mainAddress":"Setor Fiscal 001","zoneamento":"RESIDENCIAL","statusCadastral":"ATIVO","workflowStatus":"PENDENTE","isOfficial":true,"rawProperties":{"cd_identificador":1978457,"cd_identificador_original_lote":8799501,"cd_setor_fiscal":"001","cd_tipo_quadra":"F","tx_tipo_quadra":"FISCAL","cd_quadra_fiscal":"082","cd_subquadra_fiscal":null,"cd_condominio":"00","cd_tipo_lote":"F","tx_tipo_lote":"FISCAL","cd_lote":"0011","cd_situacao":1,"cd_digito_sql":"6","cd_logradouro":"008664","nm_logradouro_completo":"R ALVARES PENTEADO","cd_numero_porta":"208","tx_complemento_endereco":"E 216","tx_situ_lote":"ATIVO","cd_tipo_uso_imovel":"71","dc_tipo_uso_imovel":"Não residencial","cd_tipo_terreno_imovel":1,"qt_area_terreno":517,"qt_area_construida":5913}}},{"type":"Feature","geometry":{"type":"Polygon","coordinates":[[[-45.028487,-23.515724],[-45.02849,-23.515706],[-45.028493,-23.515692],[-45.028494,-23.515683],[-45.028497,-23.515665],[-45.028498,-23.515686],[-45.028498,-23.515804],[-45.028498,-23.515832],[-45.028492,-23.51586],[-45.028492,-23.515895],[-45.028493,-23.515971],[-45.028488,-23.516051],[-45.028488,-23.515937],[-45.028487,-23.515839],[-45.028487,-23.515724]]]},"properties":{"sqlu":"SP-001-978520","inscription":"SP-GEOSAMPA-1978520","inscricaoImobiliaria":"SP-IMO-1978520","setor":"001","quadra":"012","lote":"0047","sourceType":"OFFICIAL_IMPORT","mainAddress":"Setor Fiscal 001","zoneamento":"RESIDENCIAL","statusCadastral":"ATIVO","workflowStatus":"PENDENTE","isOfficial":true,"rawProperties":{"cd_identificador":1978520,"cd_identificador_original_lote":8800725,"cd_setor_fiscal":"001","cd_tipo_quadra":"F","tx_tipo_quadra":"FISCAL","cd_quadra_fiscal":"012","cd_subquadra_fiscal":null,"cd_condominio":"00","cd_tipo_lote":"F","tx_tipo_lote":"FISCAL","cd_lote":"0047","cd_situacao":1,"cd_digito_sql":"1","cd_logradouro":"189936","nm_logradouro_completo":"AV TIRADENTES","cd_numero_porta":"36","tx_complemento_endereco":"40 56","tx_situ_lote":"ATIVO","cd_tipo_uso_imovel":"40","dc_tipo_uso_imovel":"Não residencial","cd_tipo_terreno_imovel":2,"qt_area_terreno":1602,"qt_area_construida":1532}}},{"type":"Feature","geometry":{"type":"Polygon","coordinates":[[[-45.028425,-23.514282],[-45.028426,-23.514263],[-45.028427,-23.514255],[-45.028428,-23.514235],[-45.028429,-23.514221],[-45.02843,-23.514211],[-45.028431,-23.514192],[-45.028432,-23.514176],[-45.028432,-23.514245],[-45.02843,-23.514283],[-45.028425,-23.51435],[-45.028425,-23.514282]]]},"properties":{"sqlu":"SP-001-978544","inscription":"SP-GEOSAMPA-1978544","inscricaoImobiliaria":"SP-IMO-1978544","setor":"001","quadra":"007","lote":"0032","sourceType":"OFFICIAL_IMPORT","mainAddress":"Setor Fiscal 001","zoneamento":"RESIDENCIAL","statusCadastral":"ATIVO","workflowStatus":"PENDENTE","isOfficial":true,"rawProperties":{"cd_identificador":1978544,"cd_identificador_original_lote":8799866,"cd_setor_fiscal":"001","cd_tipo_quadra":"F","tx_tipo_quadra":"FISCAL","cd_quadra_fiscal":"007","cd_subquadra_fiscal":null,"cd_condominio":"00","cd_tipo_lote":"F","tx_tipo_lote":"FISCAL","cd_lote":"0032","cd_situacao":1,"cd_digito_sql":"2","cd_logradouro":"059633","nm_logradouro_completo":"R DJALMA DUTRA","cd_numero_porta":"231","tx_complemento_endereco":"E 235","tx_situ_lote":"ATIVO","cd_tipo_uso_imovel":"43","dc_tipo_uso_imovel":"Não residencial","cd_tipo_terreno_imovel":1,"qt_area_terreno":336,"qt_area_construida":705}}},{"type":"Feature","geometry":{"type":"Polygon","coordinates":[[[-45.028444,-23.518922],[-45.028445,-23.519206],[-45.028446,-23.519233],[-45.028445,-23.51924],[-45.028445,-23.519244],[-45.028444,-23.51925],[-45.028444,-23.519148],[-45.028443,-23.518941],[-45.028444,-23.518922]]]},"properties":{"sqlu":"SP-001-978558","inscription":"SP-GEOSAMPA-1978558","inscricaoImobiliaria":"SP-IMO-1978558","setor":"001","quadra":"034","lote":"0029","sourceType":"OFFICIAL_IMPORT","mainAddress":"Setor Fiscal 001","zoneamento":"RESIDENCIAL","statusCadastral":"ATIVO","workflowStatus":"PENDENTE","isOfficial":true,"rawProperties":{"cd_identificador":1978558,"cd_identificador_original_lote":8800867,"cd_setor_fiscal":"001","cd_tipo_quadra":"F","tx_tipo_quadra":"FISCAL","cd_quadra_fiscal":"034","cd_subquadra_fiscal":null,"cd_condominio":"00","cd_tipo_lote":"F","tx_tipo_lote":"FISCAL","cd_lote":"0029","cd_situacao":1,"cd_digito_sql":"1","cd_logradouro":"156299","nm_logradouro_completo":"R PAULA SOUSA","cd_numero_porta":"326","tx_complemento_endereco":null,"tx_situ_lote":"ATIVO","cd_tipo_uso_imovel":"40","dc_tipo_uso_imovel":"Não residencial","cd_tipo_terreno_imovel":1,"qt_area_terreno":280,"qt_area_construida":772}}},{"type":"Feature","geometry":{"type":"Polygon","coordinates":[[[-45.028444,-23.518922],[-45.028445,-23.5189],[-45.028447,-23.519212],[-45.028447,-23.519215],[-45.028446,-23.519233],[-45.028445,-23.519206],[-45.028444,-23.518922]]]},"properties":{"sqlu":"SP-001-978559","inscription":"SP-GEOSAMPA-1978559","inscricaoImobiliaria":"SP-IMO-1978559","setor":"001","quadra":"034","lote":"0030","sourceType":"OFFICIAL_IMPORT","mainAddress":"Setor Fiscal 001","zoneamento":"RESIDENCIAL","statusCadastral":"ATIVO","workflowStatus":"PENDENTE","isOfficial":true,"rawProperties":{"cd_identificador":1978559,"cd_identificador_original_lote":8800876,"cd_setor_fiscal":"001","cd_tipo_quadra":"F","tx_tipo_quadra":"FISCAL","cd_quadra_fiscal":"034","cd_subquadra_fiscal":null,"cd_condominio":"00","cd_tipo_lote":"F","tx_tipo_lote":"FISCAL","cd_lote":"0030","cd_situacao":1,"cd_digito_sql":"3","cd_logradouro":"156299","nm_logradouro_completo":"R PAULA SOUSA","cd_numero_porta":"316","tx_complemento_endereco":null,"tx_situ_lote":"ATIVO","cd_tipo_uso_imovel":"40","dc_tipo_uso_imovel":"Não residencial","cd_tipo_terreno_imovel":1,"qt_area_terreno":307,"qt_area_construida":530}}},{"type":"Feature","geometry":{"type":"Polygon","coordinates":[[[-45.02846,-23.515511],[-45.028462,-23.515504],[-45.028462,-23.51552],[-45.028462,-23.515544],[-45.028462,-23.515713],[-45.02846,-23.515723],[-45.02846,-23.515511]]]},"properties":{"sqlu":"SP-001-978472","inscription":"SP-GEOSAMPA-1978472","inscricaoImobiliaria":"SP-IMO-1978472","setor":"001","quadra":"011","lote":"0062","sourceType":"OFFICIAL_IMPORT","mainAddress":"Setor Fiscal 001","zoneamento":"RESIDENCIAL","statusCadastral":"ATIVO","workflowStatus":"PENDENTE","isOfficial":true,"rawProperties":{"cd_identificador":1978472,"cd_identificador_original_lote":8800696,"cd_setor_fiscal":"001","cd_tipo_quadra":"F","tx_tipo_quadra":"FISCAL","cd_quadra_fiscal":"011","cd_subquadra_fiscal":null,"cd_condominio":"00","cd_tipo_lote":"F","tx_tipo_lote":"FISCAL","cd_lote":"0062","cd_situacao":1,"cd_digito_sql":"0","cd_logradouro":"197424","nm_logradouro_completo":"R VINTE E CINCO DE JANEIRO","cd_numero_porta":"233","tx_complemento_endereco":null,"tx_situ_lote":"ATIVO","cd_tipo_uso_imovel":"40","dc_tipo_uso_imovel":"Não residencial","cd_tipo_terreno_imovel":1,"qt_area_terreno":233,"qt_area_construida":166}}},{"type":"Feature","geometry":{"type":"Polygon","coordinates":[[[-45.02851,-23.527428],[-45.02851,-23.527348],[-45.028509,-23.527338],[-45.028508,-23.527329],[-45.028507,-23.527327],[-45.028506,-23.527313],[-45.028505,-23.527304],[-45.028505,-23.52717],[-45.028506,-23.527177],[-45.028507,-23.527182],[-45.028508,-23.527188],[-45.02851,-23.527199],[-45.028511,-23.527204],[-45.028512,-23.527217],[-45.028513,-23.527222],[-45.028515,-23.527236],[-45.028516,-23.527241],[-45.028517,-23.52725],[-45.028518,-23.527256],[-45.028518,-23.527444],[-45.028517,-23.527442],[-45.028516,-23.527441],[-45.028515,-23.527439],[-45.028515,-23.527439],[-45.028513,-23.527435],[-45.028513,-23.527434],[-45.028512,-23.527433],[-45.02851,-23.527429],[-45.02851,-23.527428]]]},"properties":{"sqlu":"SP-001-978528","inscription":"SP-GEOSAMPA-1978528","inscricaoImobiliaria":"SP-IMO-1978528","setor":"001","quadra":"083","lote":"0018","sourceType":"OFFICIAL_IMPORT","mainAddress":"Setor Fiscal 001","zoneamento":"RESIDENCIAL","statusCadastral":"ATIVO","workflowStatus":"PENDENTE","isOfficial":true,"rawProperties":{"cd_identificador":1978528,"cd_identificador_original_lote":8800378,"cd_setor_fiscal":"001","cd_tipo_quadra":"F","tx_tipo_quadra":"FISCAL","cd_quadra_fiscal":"083","cd_subquadra_fiscal":null,"cd_condominio":"00","cd_tipo_lote":"F","tx_tipo_lote":"FISCAL","cd_lote":"0018","cd_situacao":1,"cd_digito_sql":"8","cd_logradouro":"167495","nm_logradouro_completo":"R QUINZE DE NOVEMBRO","cd_numero_porta":"212","tx_complemento_endereco":"E 228","tx_situ_lote":"ATIVO","cd_tipo_uso_imovel":"31","dc_tipo_uso_imovel":"Não residencial","cd_tipo_terreno_imovel":3,"qt_area_terreno":1646,"qt_area_construida":20024}}},{"type":"Feature","geometry":{"type":"Polygon","coordinates":[[[-45.028407,-23.514215],[-45.028406,-23.514039],[-45.028406,-23.514035],[-45.028406,-23.51403],[-45.028406,-23.514025],[-45.028408,-23.514001],[-45.028409,-23.514071],[-45.028409,-23.514117],[-45.028409,-23.514155],[-45.02841,-23.514218],[-45.028409,-23.514226],[-45.028409,-23.514235],[-45.028408,-23.514195],[-45.028407,-23.514215]]]},"properties":{"sqlu":"SP-001-978889","inscription":"SP-GEOSAMPA-1978889","inscricaoImobiliaria":"SP-IMO-1978889","setor":"001","quadra":"008","lote":"0071","sourceType":"OFFICIAL_IMPORT","mainAddress":"Setor Fiscal 001","zoneamento":"RESIDENCIAL","statusCadastral":"ATIVO","workflowStatus":"PENDENTE","isOfficial":true,"rawProperties":{"cd_identificador":1978889,"cd_identificador_original_lote":8800625,"cd_setor_fiscal":"001","cd_tipo_quadra":"F","tx_tipo_quadra":"FISCAL","cd_quadra_fiscal":"008","cd_subquadra_fiscal":null,"cd_condominio":"00","cd_tipo_lote":"F","tx_tipo_lote":"FISCAL","cd_lote":"0071","cd_situacao":1,"cd_digito_sql":"8","cd_logradouro":"116637","nm_logradouro_completo":"R S LAZARO","cd_numero_porta":"315","tx_complemento_endereco":"321 325 329","tx_situ_lote":"ATIVO","cd_tipo_uso_imovel":"22","dc_tipo_uso_imovel":"Residencial","cd_tipo_terreno_imovel":2,"qt_area_terreno":288,"qt_area_construida":833}}},{"type":"Feature","geometry":{"type":"Polygon","coordinates":[[[-45.028549,-23.516335],[-45.028548,-23.51635],[-45.028547,-23.516368],[-45.028546,-23.516379],[-45.028544,-23.516399],[-45.028544,-23.516372],[-45.028544,-23.516259],[-45.028544,-23.516231],[-45.028545,-23.516214],[-45.028546,-23.516202],[-45.028547,-23.516184],[-45.028547,-23.516182],[-45.028548,-23.516169],[-45.028549,-23.516155],[-45.02855,-23.516327],[-45.028549,-23.516335]]]},"properties":{"sqlu":"SP-001-978954","inscription":"SP-GEOSAMPA-1978954","inscricaoImobiliaria":"SP-IMO-1978954","setor":"001","quadra":"019","lote":"0000","sourceType":"OFFICIAL_IMPORT","mainAddress":"Setor Fiscal 001","zoneamento":"RESIDENCIAL","statusCadastral":"ATIVO","workflowStatus":"PENDENTE","isOfficial":true,"rawProperties":{"cd_identificador":1978954,"cd_identificador_original_lote":8799661,"cd_setor_fiscal":"001","cd_tipo_quadra":"F","tx_tipo_quadra":"FISCAL","cd_quadra_fiscal":"019","cd_subquadra_fiscal":null,"cd_condominio":"05","cd_tipo_lote":"F","tx_tipo_lote":"FISCAL","cd_lote":"0000","cd_situacao":1,"cd_digito_sql":null,"cd_logradouro":"045411","nm_logradouro_completo":"AV CASPER LIBERO","cd_numero_porta":"617 623","tx_complemento_endereco":null,"tx_situ_lote":null,"cd_tipo_uso_imovel":"XX","dc_tipo_uso_imovel":"Condomínio","cd_tipo_terreno_imovel":99,"qt_area_terreno":615,"qt_area_construida":null}}},{"type":"Feature","geometry":{"type":"Polygon","coordinates":[[[-45.028475,-23.513057],[-45.028476,-23.513051],[-45.028476,-23.513111],[-45.028477,-23.513372],[-45.028477,-23.513374],[-45.028478,-23.513452],[-45.028477,-23.513455],[-45.028477,-23.513413],[-45.028477,-23.513414],[-45.028477,-23.513385],[-45.028477,-23.513389],[-45.028476,-23.513328],[-45.028477,-23.513326],[-45.028476,-23.51329],[-45.028476,-23.513238],[-45.028476,-23.513231],[-45.028476,-23.513116],[-45.028475,-23.513057]]]},"properties":{"sqlu":"SP-001-979119","inscription":"SP-GEOSAMPA-1979119","inscricaoImobiliaria":"SP-IMO-1979119","setor":"001","quadra":"003","lote":"0001","sourceType":"OFFICIAL_IMPORT","mainAddress":"Setor Fiscal 001","zoneamento":"RESIDENCIAL","statusCadastral":"ATIVO","workflowStatus":"PENDENTE","isOfficial":true,"rawProperties":{"cd_identificador":1979119,"cd_identificador_original_lote":8800550,"cd_setor_fiscal":"001","cd_tipo_quadra":"F","tx_tipo_quadra":"FISCAL","cd_quadra_fiscal":"003","cd_subquadra_fiscal":null,"cd_condominio":"00","cd_tipo_lote":"V","tx_tipo_lote":"Via de Acesso","cd_lote":"0001","cd_situacao":1,"cd_digito_sql":null,"cd_logradouro":null,"nm_logradouro_completo":null,"cd_numero_porta":null,"tx_complemento_endereco":null,"tx_situ_lote":null,"cd_tipo_uso_imovel":null,"dc_tipo_uso_imovel":null,"cd_tipo_terreno_imovel":null,"qt_area_terreno":null,"qt_area_construida":null}}},{"type":"Feature","geometry":{"type":"Polygon","coordinates":[[[-45.028436,-23.514489],[-45.028434,-23.514513],[-45.028434,-23.514468],[-45.028435,-23.514444],[-45.028436,-23.514469],[-45.028436,-23.514489]]]},"properties":{"sqlu":"SP-001-979120","inscription":"SP-GEOSAMPA-1979120","inscricaoImobiliaria":"SP-IMO-1979120","setor":"001","quadra":"007","lote":"0082","sourceType":"OFFICIAL_IMPORT","mainAddress":"Setor Fiscal 001","zoneamento":"RESIDENCIAL","statusCadastral":"ATIVO","workflowStatus":"PENDENTE","isOfficial":true,"rawProperties":{"cd_identificador":1979120,"cd_identificador_original_lote":8799872,"cd_setor_fiscal":"001","cd_tipo_quadra":"F","tx_tipo_quadra":"FISCAL","cd_quadra_fiscal":"007","cd_subquadra_fiscal":null,"cd_condominio":"00","cd_tipo_lote":"F","tx_tipo_lote":"FISCAL","cd_lote":"0082","cd_situacao":1,"cd_digito_sql":"9","cd_logradouro":"084921","nm_logradouro_completo":"R GUILHERME MAW","cd_numero_porta":"64","tx_complemento_endereco":"CS17","tx_situ_lote":"ATIVO","cd_tipo_uso_imovel":"10","dc_tipo_uso_imovel":"Residencial","cd_tipo_terreno_imovel":4,"qt_area_terreno":50,"qt_area_construida":113}}},{"type":"Feature","geometry":{"type":"Polygon","coordinates":[[[-45.028436,-23.514622],[-45.028437,-23.514665],[-45.028435,-23.51469],[-45.028435,-23.514646],[-45.028436,-23.514622]]]},"properties":{"sqlu":"SP-001-978942","inscription":"SP-GEOSAMPA-1978942","inscricaoImobiliaria":"SP-IMO-1978942","setor":"001","quadra":"007","lote":"0078","sourceType":"OFFICIAL_IMPORT","mainAddress":"Setor Fiscal 001","zoneamento":"RESIDENCIAL","statusCadastral":"ATIVO","workflowStatus":"PENDENTE","isOfficial":true,"rawProperties":{"cd_identificador":1978942,"cd_identificador_original_lote":8799876,"cd_setor_fiscal":"001","cd_tipo_quadra":"F","tx_tipo_quadra":"FISCAL","cd_quadra_fiscal":"007","cd_subquadra_fiscal":null,"cd_condominio":"00","cd_tipo_lote":"F","tx_tipo_lote":"FISCAL","cd_lote":"0078","cd_situacao":1,"cd_digito_sql":"0","cd_logradouro":"084921","nm_logradouro_completo":"R GUILHERME MAW","cd_numero_porta":"64","tx_complemento_endereco":"CS 9","tx_situ_lote":"ATIVO","cd_tipo_uso_imovel":"10","dc_tipo_uso_imovel":"Residencial","cd_tipo_terreno_imovel":4,"qt_area_terreno":50,"qt_area_construida":50}}},{"type":"Feature","geometry":{"type":"Polygon","coordinates":[[[-45.028411,-23.516713],[-45.02841,-23.516737],[-45.02841,-23.516746],[-45.028409,-23.516757],[-45.028409,-23.516711],[-45.028411,-23.516667],[-45.028411,-23.516713]]]},"properties":{"sqlu":"SP-001-979362","inscription":"SP-GEOSAMPA-1979362","inscricaoImobiliaria":"SP-IMO-1979362","setor":"001","quadra":"014","lote":"0028","sourceType":"OFFICIAL_IMPORT","mainAddress":"Setor Fiscal 001","zoneamento":"RESIDENCIAL","statusCadastral":"ATIVO","workflowStatus":"PENDENTE","isOfficial":true,"rawProperties":{"cd_identificador":1979362,"cd_identificador_original_lote":8801160,"cd_setor_fiscal":"001","cd_tipo_quadra":"F","tx_tipo_quadra":"FISCAL","cd_quadra_fiscal":"014","cd_subquadra_fiscal":null,"cd_condominio":"00","cd_tipo_lote":"F","tx_tipo_lote":"FISCAL","cd_lote":"0028","cd_situacao":1,"cd_digito_sql":"4","cd_logradouro":"165433","nm_logradouro_completo":"R POSSIDONIO INACIO","cd_numero_porta":"119","tx_complemento_endereco":null,"tx_situ_lote":"ATIVO","cd_tipo_uso_imovel":"10","dc_tipo_uso_imovel":"Residencial","cd_tipo_terreno_imovel":1,"qt_area_terreno":66,"qt_area_construida":100}}},{"type":"Feature","geometry":{"type":"Polygon","coordinates":[[[-45.028532,-23.528017],[-45.028532,-23.528279],[-45.028532,-23.528401],[-45.028531,-23.528409],[-45.028531,-23.528349],[-45.028531,-23.528301],[-45.028531,-23.528286],[-45.028531,-23.52827],[-45.028531,-23.528188],[-45.028531,-23.528135],[-45.028531,-23.52801],[-45.028532,-23.528017]]]},"properties":{"sqlu":"SP-001-979154","inscription":"SP-GEOSAMPA-1979154","inscricaoImobiliaria":"SP-IMO-1979154","setor":"001","quadra":"084","lote":"0009","sourceType":"OFFICIAL_IMPORT","mainAddress":"Setor Fiscal 001","zoneamento":"RESIDENCIAL","statusCadastral":"ATIVO","workflowStatus":"PENDENTE","isOfficial":true,"rawProperties":{"cd_identificador":1979154,"cd_identificador_original_lote":8800004,"cd_setor_fiscal":"001","cd_tipo_quadra":"F","tx_tipo_quadra":"FISCAL","cd_quadra_fiscal":"084","cd_subquadra_fiscal":null,"cd_condominio":"00","cd_tipo_lote":"F","tx_tipo_lote":"FISCAL","cd_lote":"0009","cd_situacao":1,"cd_digito_sql":"3","cd_logradouro":"167703","nm_logradouro_completo":"R DA QUITANDA","cd_numero_porta":"77","tx_complemento_endereco":null,"tx_situ_lote":"ATIVO","cd_tipo_uso_imovel":"31","dc_tipo_uso_imovel":"Não residencial","cd_tipo_terreno_imovel":1,"qt_area_terreno":238,"qt_area_construida":728}}},{"type":"Feature","geometry":{"type":"Polygon","coordinates":[[[-45.028464,-23.519282],[-45.028465,-23.519275],[-45.028465,-23.519268],[-45.028466,-23.519261],[-45.028466,-23.519355],[-45.028465,-23.519376],[-45.028464,-23.519282]]]},"properties":{"sqlu":"SP-001-979341","inscription":"SP-GEOSAMPA-1979341","inscricaoImobiliaria":"SP-IMO-1979341","setor":"001","quadra":"033","lote":"0013","sourceType":"OFFICIAL_IMPORT","mainAddress":"Setor Fiscal 001","zoneamento":"RESIDENCIAL","statusCadastral":"ATIVO","workflowStatus":"PENDENTE","isOfficial":true,"rawProperties":{"cd_identificador":1979341,"cd_identificador_original_lote":8800838,"cd_setor_fiscal":"001","cd_tipo_quadra":"F","tx_tipo_quadra":"FISCAL","cd_quadra_fiscal":"033","cd_subquadra_fiscal":null,"cd_condominio":"00","cd_tipo_lote":"F","tx_tipo_lote":"FISCAL","cd_lote":"0013","cd_situacao":1,"cd_digito_sql":"9","cd_logradouro":"329843","nm_logradouro_completo":"R ILHA DAS FLORES","cd_numero_porta":"52","tx_complemento_endereco":null,"tx_situ_lote":"ATIVO","cd_tipo_uso_imovel":"10","dc_tipo_uso_imovel":"Residencial","cd_tipo_terreno_imovel":1,"qt_area_terreno":82,"qt_area_construida":134}}},{"type":"Feature","geometry":{"type":"Polygon","coordinates":[[[-45.028464,-23.519282],[-45.028465,-23.519376],[-45.028464,-23.519397],[-45.028463,-23.519349],[-45.028463,-23.519319],[-45.028463,-23.519301],[-45.028463,-23.519298],[-45.028464,-23.519289],[-45.028464,-23.519282]]]},"properties":{"sqlu":"SP-001-979342","inscription":"SP-GEOSAMPA-1979342","inscricaoImobiliaria":"SP-IMO-1979342","setor":"001","quadra":"033","lote":"0014","sourceType":"OFFICIAL_IMPORT","mainAddress":"Setor Fiscal 001","zoneamento":"RESIDENCIAL","statusCadastral":"ATIVO","workflowStatus":"PENDENTE","isOfficial":true,"rawProperties":{"cd_identificador":1979342,"cd_identificador_original_lote":8800840,"cd_setor_fiscal":"001","cd_tipo_quadra":"F","tx_tipo_quadra":"FISCAL","cd_quadra_fiscal":"033","cd_subquadra_fiscal":null,"cd_condominio":"00","cd_tipo_lote":"F","tx_tipo_lote":"FISCAL","cd_lote":"0014","cd_situacao":1,"cd_digito_sql":"7","cd_logradouro":"329843","nm_logradouro_completo":"R ILHA DAS FLORES","cd_numero_porta":"48","tx_complemento_endereco":null,"tx_situ_lote":"ATIVO","cd_tipo_uso_imovel":"10","dc_tipo_uso_imovel":"Residencial","cd_tipo_terreno_imovel":1,"qt_area_terreno":96,"qt_area_construida":120}}},{"type":"Feature","geometry":{"type":"Polygon","coordinates":[[[-45.028464,-23.519282],[-45.028464,-23.519289],[-45.028463,-23.519298],[-45.028463,-23.519301],[-45.028463,-23.519249],[-45.028463,-23.519197],[-45.028463,-23.519191],[-45.028464,-23.519177],[-45.028464,-23.519186],[-45.028464,-23.519282]]]},"properties":{"sqlu":"SP-001-979343","inscription":"SP-GEOSAMPA-1979343","inscricaoImobiliaria":"SP-IMO-1979343","setor":"001","quadra":"033","lote":"0005","sourceType":"OFFICIAL_IMPORT","mainAddress":"Setor Fiscal 001","zoneamento":"RESIDENCIAL","statusCadastral":"ATIVO","workflowStatus":"PENDENTE","isOfficial":true,"rawProperties":{"cd_identificador":1979343,"cd_identificador_original_lote":8800842,"cd_setor_fiscal":"001","cd_tipo_quadra":"F","tx_tipo_quadra":"FISCAL","cd_quadra_fiscal":"033","cd_subquadra_fiscal":null,"cd_condominio":"00","cd_tipo_lote":"F","tx_tipo_lote":"FISCAL","cd_lote":"0005","cd_situacao":1,"cd_digito_sql":"8","cd_logradouro":"329843","nm_logradouro_completo":"R ILHA DAS FLORES","cd_numero_porta":"196","tx_complemento_endereco":null,"tx_situ_lote":"ATIVO","cd_tipo_uso_imovel":"10","dc_tipo_uso_imovel":"Residencial","cd_tipo_terreno_imovel":1,"qt_area_terreno":104,"qt_area_construida":120}}},{"type":"Feature","geometry":{"type":"Polygon","coordinates":[[[-45.028464,-23.519282],[-45.028464,-23.519186],[-45.028464,-23.519177],[-45.028465,-23.519156],[-45.028466,-23.519261],[-45.028465,-23.519268],[-45.028465,-23.519275],[-45.028464,-23.519282]]]},"properties":{"sqlu":"SP-001-979344","inscription":"SP-GEOSAMPA-1979344","inscricaoImobiliaria":"SP-IMO-1979344","setor":"001","quadra":"033","lote":"0015","sourceType":"OFFICIAL_IMPORT","mainAddress":"Setor Fiscal 001","zoneamento":"RESIDENCIAL","statusCadastral":"ATIVO","workflowStatus":"PENDENTE","isOfficial":true,"rawProperties":{"cd_identificador":1979344,"cd_identificador_original_lote":8800843,"cd_setor_fiscal":"001","cd_tipo_quadra":"F","tx_tipo_quadra":"FISCAL","cd_quadra_fiscal":"033","cd_subquadra_fiscal":null,"cd_condominio":"00","cd_tipo_lote":"F","tx_tipo_lote":"FISCAL","cd_lote":"0015","cd_situacao":1,"cd_digito_sql":"5","cd_logradouro":"329843","nm_logradouro_completo":"R ILHA DAS FLORES","cd_numero_porta":"192","tx_complemento_endereco":"192 A","tx_situ_lote":"ATIVO","cd_tipo_uso_imovel":"42","dc_tipo_uso_imovel":"Não residencial","cd_tipo_terreno_imovel":1,"qt_area_terreno":135,"qt_area_construida":108}}},{"type":"Feature","geometry":{"type":"Polygon","coordinates":[[[-45.028486,-23.514962],[-45.028486,-23.515087],[-45.028485,-23.515093],[-45.028485,-23.514966],[-45.028486,-23.514962]]]},"properties":{"sqlu":"SP-001-979338","inscription":"SP-GEOSAMPA-1979338","inscricaoImobiliaria":"SP-IMO-1979338","setor":"001","quadra":"011","lote":"0005","sourceType":"OFFICIAL_IMPORT","mainAddress":"Setor Fiscal 001","zoneamento":"RESIDENCIAL","statusCadastral":"ATIVO","workflowStatus":"PENDENTE","isOfficial":true,"rawProperties":{"cd_identificador":1979338,"cd_identificador_original_lote":8800705,"cd_setor_fiscal":"001","cd_tipo_quadra":"F","tx_tipo_quadra":"FISCAL","cd_quadra_fiscal":"011","cd_subquadra_fiscal":null,"cd_condominio":"00","cd_tipo_lote":"F","tx_tipo_lote":"FISCAL","cd_lote":"0005","cd_situacao":1,"cd_digito_sql":"1","cd_logradouro":"038121","nm_logradouro_completo":"R S CAETANO","cd_numero_porta":"72","tx_complemento_endereco":null,"tx_situ_lote":"ATIVO","cd_tipo_uso_imovel":"40","dc_tipo_uso_imovel":"Não residencial","cd_tipo_terreno_imovel":1,"qt_area_terreno":80,"qt_area_construida":120}}},{"type":"Feature","geometry":{"type":"Polygon","coordinates":[[[-45.02854,-23.525881],[-45.028539,-23.525787],[-45.02854,-23.525748],[-45.028542,-23.525693],[-45.028543,-23.525796],[-45.028541,-23.525845],[-45.02854,-23.525881]]]},"properties":{"sqlu":"SP-001-979294","inscription":"SP-GEOSAMPA-1979294","inscricaoImobiliaria":"SP-IMO-1979294","setor":"001","quadra":"072","lote":"0101","sourceType":"OFFICIAL_IMPORT","mainAddress":"Setor Fiscal 001","zoneamento":"RESIDENCIAL","statusCadastral":"ATIVO","workflowStatus":"PENDENTE","isOfficial":true,"rawProperties":{"cd_identificador":1979294,"cd_identificador_original_lote":8800067,"cd_setor_fiscal":"001","cd_tipo_quadra":"F","tx_tipo_quadra":"FISCAL","cd_quadra_fiscal":"072","cd_subquadra_fiscal":null,"cd_condominio":"00","cd_tipo_lote":"F","tx_tipo_lote":"FISCAL","cd_lote":"0101","cd_situacao":1,"cd_digito_sql":"1","cd_logradouro":"118249","nm_logradouro_completo":"R LIBERO BADARO","cd_numero_porta":"492","tx_complemento_endereco":"E 496","tx_situ_lote":"ATIVO","cd_tipo_uso_imovel":"31","dc_tipo_uso_imovel":"Não residencial","cd_tipo_terreno_imovel":1,"qt_area_terreno":207,"qt_area_construida":1995}}},{"type":"Feature","geometry":{"type":"Polygon","coordinates":[[[-45.028421,-23.515168],[-45.028422,-23.515157],[-45.028424,-23.515409],[-45.028423,-23.515419],[-45.028421,-23.515208],[-45.028421,-23.515199],[-45.028421,-23.515168]]]},"properties":{"sqlu":"SP-001-979802","inscription":"SP-GEOSAMPA-1979802","inscricaoImobiliaria":"SP-IMO-1979802","setor":"001","quadra":"008","lote":"0005","sourceType":"OFFICIAL_IMPORT","mainAddress":"Setor Fiscal 001","zoneamento":"RESIDENCIAL","statusCadastral":"ATIVO","workflowStatus":"PENDENTE","isOfficial":true,"rawProperties":{"cd_identificador":1979802,"cd_identificador_original_lote":8800603,"cd_setor_fiscal":"001","cd_tipo_quadra":"F","tx_tipo_quadra":"FISCAL","cd_quadra_fiscal":"008","cd_subquadra_fiscal":null,"cd_condominio":"00","cd_tipo_lote":"F","tx_tipo_lote":"FISCAL","cd_lote":"0005","cd_situacao":1,"cd_digito_sql":"1","cd_logradouro":"038121","nm_logradouro_completo":"R S CAETANO","cd_numero_porta":"435","tx_complemento_endereco":"E 439","tx_situ_lote":"ATIVO","cd_tipo_uso_imovel":"40","dc_tipo_uso_imovel":"Não residencial","cd_tipo_terreno_imovel":1,"qt_area_terreno":180,"qt_area_construida":100}}},{"type":"Feature","geometry":{"type":"Polygon","coordinates":[[[-45.028421,-23.515168],[-45.028421,-23.515199],[-45.028421,-23.515208],[-45.028423,-23.515419],[-45.028422,-23.515428],[-45.02842,-23.515188],[-45.02842,-23.515179],[-45.02842,-23.515178],[-45.028421,-23.515168]]]},"properties":{"sqlu":"SP-001-979803","inscription":"SP-GEOSAMPA-1979803","inscricaoImobiliaria":"SP-IMO-1979803","setor":"001","quadra":"008","lote":"0006","sourceType":"OFFICIAL_IMPORT","mainAddress":"Setor Fiscal 001","zoneamento":"RESIDENCIAL","statusCadastral":"ATIVO","workflowStatus":"PENDENTE","isOfficial":true,"rawProperties":{"cd_identificador":1979803,"cd_identificador_original_lote":8800604,"cd_setor_fiscal":"001","cd_tipo_quadra":"F","tx_tipo_quadra":"FISCAL","cd_quadra_fiscal":"008","cd_subquadra_fiscal":null,"cd_condominio":"00","cd_tipo_lote":"F","tx_tipo_lote":"FISCAL","cd_lote":"0006","cd_situacao":1,"cd_digito_sql":"8","cd_logradouro":"038121","nm_logradouro_completo":"R S CAETANO","cd_numero_porta":"443","tx_complemento_endereco":"E 445","tx_situ_lote":"ATIVO","cd_tipo_uso_imovel":"42","dc_tipo_uso_imovel":"Não residencial","cd_tipo_terreno_imovel":1,"qt_area_terreno":177,"qt_area_construida":250}}},{"type":"Feature","geometry":{"type":"Polygon","coordinates":[[[-45.02854,-23.525881],[-45.028538,-23.525926],[-45.028537,-23.525961],[-45.028535,-23.526005],[-45.028534,-23.526039],[-45.028532,-23.5261],[-45.02853,-23.525879],[-45.02853,-23.525852],[-45.028532,-23.525802],[-45.028533,-23.525764],[-45.028534,-23.52572],[-45.028535,-23.525681],[-45.028537,-23.525636],[-45.028538,-23.525597],[-45.02854,-23.525548],[-45.02854,-23.525557],[-45.028542,-23.525693],[-45.02854,-23.525748],[-45.028539,-23.525787],[-45.02854,-23.525881]]]},"properties":{"sqlu":"SP-001-979292","inscription":"SP-GEOSAMPA-1979292","inscricaoImobiliaria":"SP-IMO-1979292","setor":"001","quadra":"072","lote":"0000","sourceType":"OFFICIAL_IMPORT","mainAddress":"Setor Fiscal 001","zoneamento":"RESIDENCIAL","statusCadastral":"ATIVO","workflowStatus":"PENDENTE","isOfficial":true,"rawProperties":{"cd_identificador":1979292,"cd_identificador_original_lote":8800060,"cd_setor_fiscal":"001","cd_tipo_quadra":"F","tx_tipo_quadra":"FISCAL","cd_quadra_fiscal":"072","cd_subquadra_fiscal":null,"cd_condominio":"01","cd_tipo_lote":"F","tx_tipo_lote":"FISCAL","cd_lote":"0000","cd_situacao":1,"cd_digito_sql":null,"cd_logradouro":"118249","nm_logradouro_completo":"R LIBERO BADARO","cd_numero_porta":"504 516","tx_complemento_endereco":null,"tx_situ_lote":null,"cd_tipo_uso_imovel":"XX","dc_tipo_uso_imovel":"Condomínio","cd_tipo_terreno_imovel":99,"qt_area_terreno":2002,"qt_area_construida":null}}},{"type":"Feature","geometry":{"type":"Polygon","coordinates":[[[-45.02854,-23.525881],[-45.028541,-23.525845],[-45.028543,-23.525796],[-45.028544,-23.525892],[-45.028542,-23.525948],[-45.028538,-23.526051],[-45.028537,-23.525961],[-45.028538,-23.525926],[-45.02854,-23.525881]]]},"properties":{"sqlu":"SP-001-979293","inscription":"SP-GEOSAMPA-1979293","inscricaoImobiliaria":"SP-IMO-1979293","setor":"001","quadra":"072","lote":"0000","sourceType":"OFFICIAL_IMPORT","mainAddress":"Setor Fiscal 001","zoneamento":"RESIDENCIAL","statusCadastral":"ATIVO","workflowStatus":"PENDENTE","isOfficial":true,"rawProperties":{"cd_identificador":1979293,"cd_identificador_original_lote":8800061,"cd_setor_fiscal":"001","cd_tipo_quadra":"F","tx_tipo_quadra":"FISCAL","cd_quadra_fiscal":"072","cd_subquadra_fiscal":null,"cd_condominio":"02","cd_tipo_lote":"F","tx_tipo_lote":"FISCAL","cd_lote":"0000","cd_situacao":1,"cd_digito_sql":null,"cd_logradouro":"118249","nm_logradouro_completo":"R LIBERO BADARO","cd_numero_porta":"480 488","tx_complemento_endereco":null,"tx_situ_lote":null,"cd_tipo_uso_imovel":"XX","dc_tipo_uso_imovel":"Condomínio","cd_tipo_terreno_imovel":99,"qt_area_terreno":385,"qt_area_construida":null}}},{"type":"Feature","geometry":{"type":"Polygon","coordinates":[[[-45.028567,-23.522265],[-45.028565,-23.522351],[-45.028565,-23.522355],[-45.028565,-23.522383],[-45.028564,-23.522411],[-45.028563,-23.522473],[-45.028563,-23.522463],[-45.028563,-23.522457],[-45.028563,-23.522383],[-45.028563,-23.522367],[-45.028561,-23.522321],[-45.028563,-23.52216],[-45.028563,-23.522155],[-45.028563,-23.522151],[-45.028563,-23.522149],[-45.028563,-23.522151],[-45.028564,-23.522154],[-45.028567,-23.522265]]]},"properties":{"sqlu":"SP-001-979422","inscription":"SP-GEOSAMPA-1979422","inscricaoImobiliaria":"SP-IMO-1979422","setor":"001","quadra":"057","lote":"0000","sourceType":"OFFICIAL_IMPORT","mainAddress":"Setor Fiscal 001","zoneamento":"RESIDENCIAL","statusCadastral":"ATIVO","workflowStatus":"PENDENTE","isOfficial":true,"rawProperties":{"cd_identificador":1979422,"cd_identificador_original_lote":8800476,"cd_setor_fiscal":"001","cd_tipo_quadra":"F","tx_tipo_quadra":"FISCAL","cd_quadra_fiscal":"057","cd_subquadra_fiscal":null,"cd_condominio":"07","cd_tipo_lote":"F","tx_tipo_lote":"FISCAL","cd_lote":"0000","cd_situacao":1,"cd_digito_sql":null,"cd_logradouro":"016675","nm_logradouro_completo":"R ANTONIO DE GODOI","cd_numero_porta":"114 122 128","tx_complemento_endereco":null,"tx_situ_lote":null,"cd_tipo_uso_imovel":"XX","dc_tipo_uso_imovel":"Condomínio","cd_tipo_terreno_imovel":99,"qt_area_terreno":623,"qt_area_construida":null}}},{"type":"Feature","geometry":{"type":"Polygon","coordinates":[[[-45.028417,-23.516216],[-45.028417,-23.516258],[-45.028417,-23.516296],[-45.028417,-23.516303],[-45.028417,-23.516292],[-45.028416,-23.516307],[-45.028416,-23.516276],[-45.028416,-23.516252],[-45.028415,-23.516171],[-45.028416,-23.516149],[-45.028416,-23.516182],[-45.028417,-23.516216]]]},"properties":{"sqlu":"SP-001-979160","inscription":"SP-GEOSAMPA-1979160","inscricaoImobiliaria":"SP-IMO-1979160","setor":"001","quadra":"015","lote":"0020","sourceType":"OFFICIAL_IMPORT","mainAddress":"Setor Fiscal 001","zoneamento":"RESIDENCIAL","statusCadastral":"ATIVO","workflowStatus":"PENDENTE","isOfficial":true,"rawProperties":{"cd_identificador":1979160,"cd_identificador_original_lote":8801210,"cd_setor_fiscal":"001","cd_tipo_quadra":"F","tx_tipo_quadra":"FISCAL","cd_quadra_fiscal":"015","cd_subquadra_fiscal":null,"cd_condominio":"00","cd_tipo_lote":"F","tx_tipo_lote":"FISCAL","cd_lote":"0020","cd_situacao":1,"cd_digito_sql":"3","cd_logradouro":"119113","nm_logradouro_completo":"R DOM LINO","cd_numero_porta":"26","tx_complemento_endereco":null,"tx_situ_lote":"ATIVO","cd_tipo_uso_imovel":"10","dc_tipo_uso_imovel":"Residencial","cd_tipo_terreno_imovel":1,"qt_area_terreno":91,"qt_area_construida":120}}},{"type":"Feature","geometry":{"type":"Polygon","coordinates":[[[-45.028522,-23.517823],[-45.028515,-23.517899],[-45.028515,-23.517837],[-45.028521,-23.517762],[-45.028522,-23.517823]]]},"properties":{"sqlu":"SP-001-979530","inscription":"SP-GEOSAMPA-1979530","inscricaoImobiliaria":"SP-IMO-1979530","setor":"001","quadra":"021","lote":"0018","sourceType":"OFFICIAL_IMPORT","mainAddress":"Setor Fiscal 001","zoneamento":"RESIDENCIAL","statusCadastral":"ATIVO","workflowStatus":"PENDENTE","isOfficial":true,"rawProperties":{"cd_identificador":1979530,"cd_identificador_original_lote":8799813,"cd_setor_fiscal":"001","cd_tipo_quadra":"F","tx_tipo_quadra":"FISCAL","cd_quadra_fiscal":"021","cd_subquadra_fiscal":null,"cd_condominio":"00","cd_tipo_lote":"F","tx_tipo_lote":"FISCAL","cd_lote":"0018","cd_situacao":1,"cd_digito_sql":"7","cd_logradouro":"190179","nm_logradouro_completo":"R BRIG TOBIAS","cd_numero_porta":"634","tx_complemento_endereco":null,"tx_situ_lote":"ATIVO","cd_tipo_uso_imovel":"40","dc_tipo_uso_imovel":"Não residencial","cd_tipo_terreno_imovel":1,"qt_area_terreno":273,"qt_area_construida":588}}},{"type":"Feature","geometry":{"type":"Polygon","coordinates":[[[-45.028522,-23.521266],[-45.028532,-23.521143],[-45.028532,-23.521137],[-45.028532,-23.521146],[-45.028532,-23.521191],[-45.028532,-23.521282],[-45.028532,-23.52129],[-45.028532,-23.521339],[-45.028533,-23.521427],[-45.02853,-23.52147],[-45.02853,-23.521481],[-45.028527,-23.52152],[-45.028523,-23.521605],[-45.028523,-23.521605],[-45.028522,-23.521602],[-45.028522,-23.521591],[-45.028522,-23.521547],[-45.028522,-23.521266]]]},"properties":{"sqlu":"SP-001-979515","inscription":"SP-GEOSAMPA-1979515","inscricaoImobiliaria":"SP-IMO-1979515","setor":"001","quadra":"037","lote":"0001","sourceType":"OFFICIAL_IMPORT","mainAddress":"Setor Fiscal 001","zoneamento":"RESIDENCIAL","statusCadastral":"ATIVO","workflowStatus":"PENDENTE","isOfficial":true,"rawProperties":{"cd_identificador":1979515,"cd_identificador_original_lote":8800923,"cd_setor_fiscal":"001","cd_tipo_quadra":"F","tx_tipo_quadra":"FISCAL","cd_quadra_fiscal":"037","cd_subquadra_fiscal":null,"cd_condominio":"00","cd_tipo_lote":"F","tx_tipo_lote":"FISCAL","cd_lote":"0001","cd_situacao":1,"cd_digito_sql":"3","cd_logradouro":"100609","nm_logradouro_completo":"R CAPM JERONIMO LEITAO","cd_numero_porta":"104","tx_complemento_endereco":null,"tx_situ_lote":"ATIVO","cd_tipo_uso_imovel":"84","dc_tipo_uso_imovel":"Não residencial","cd_tipo_terreno_imovel":2,"qt_area_terreno":1956,"qt_area_construida":500}}},{"type":"Feature","geometry":{"type":"Polygon","coordinates":[[[-45.028522,-23.517823],[-45.028523,-23.518034],[-45.028523,-23.518103],[-45.02852,-23.518103],[-45.02852,-23.518099],[-45.028514,-23.518095],[-45.028514,-23.518087],[-45.028513,-23.518064],[-45.028513,-23.517729],[-45.028515,-23.517702],[-45.028515,-23.51777],[-45.028515,-23.517837],[-45.028515,-23.517899],[-45.028522,-23.517823]]]},"properties":{"sqlu":"SP-001-979531","inscription":"SP-GEOSAMPA-1979531","inscricaoImobiliaria":"SP-IMO-1979531","setor":"001","quadra":"021","lote":"0000","sourceType":"OFFICIAL_IMPORT","mainAddress":"Setor Fiscal 001","zoneamento":"RESIDENCIAL","statusCadastral":"ATIVO","workflowStatus":"PENDENTE","isOfficial":true,"rawProperties":{"cd_identificador":1979531,"cd_identificador_original_lote":8799814,"cd_setor_fiscal":"001","cd_tipo_quadra":"F","tx_tipo_quadra":"FISCAL","cd_quadra_fiscal":"021","cd_subquadra_fiscal":null,"cd_condominio":"03","cd_tipo_lote":"F","tx_tipo_lote":"FISCAL","cd_lote":"0000","cd_situacao":1,"cd_digito_sql":null,"cd_logradouro":"199320","nm_logradouro_completo":"R WASHINGTON LUIS","cd_numero_porta":"98","tx_complemento_endereco":null,"tx_situ_lote":null,"cd_tipo_uso_imovel":"XX","dc_tipo_uso_imovel":"Condomínio","cd_tipo_terreno_imovel":99,"qt_area_terreno":1600,"qt_area_construida":null}}},{"type":"Feature","geometry":{"type":"Polygon","coordinates":[[[-45.028472,-23.51739],[-45.028472,-23.517382],[-45.028473,-23.517376],[-45.028473,-23.517369],[-45.028474,-23.517452],[-45.028472,-23.517473],[-45.028472,-23.51739]]]},"properties":{"sqlu":"SP-001-979523","inscription":"SP-GEOSAMPA-1979523","inscricaoImobiliaria":"SP-IMO-1979523","setor":"001","quadra":"023","lote":"0094","sourceType":"OFFICIAL_IMPORT","mainAddress":"Setor Fiscal 001","zoneamento":"RESIDENCIAL","statusCadastral":"ATIVO","workflowStatus":"PENDENTE","isOfficial":true,"rawProperties":{"cd_identificador":1979523,"cd_identificador_original_lote":8801322,"cd_setor_fiscal":"001","cd_tipo_quadra":"F","tx_tipo_quadra":"FISCAL","cd_quadra_fiscal":"023","cd_subquadra_fiscal":null,"cd_condominio":"00","cd_tipo_lote":"F","tx_tipo_lote":"FISCAL","cd_lote":"0094","cd_situacao":1,"cd_digito_sql":"1","cd_logradouro":"325490","nm_logradouro_completo":"TV MURILO RUBIAO","cd_numero_porta":"48","tx_complemento_endereco":"CS 48","tx_situ_lote":"ATIVO","cd_tipo_uso_imovel":"10","dc_tipo_uso_imovel":"Residencial","cd_tipo_terreno_imovel":1,"qt_area_terreno":80,"qt_area_construida":90}}},{"type":"Feature","geometry":{"type":"Polygon","coordinates":[[[-45.028455,-23.522449],[-45.028451,-23.522525],[-45.02845,-23.522406],[-45.028451,-23.522379],[-45.028452,-23.522365],[-45.028453,-23.522337],[-45.028454,-23.522325],[-45.028454,-23.522418],[-45.028455,-23.522449]]]},"properties":{"sqlu":"SP-001-980025","inscription":"SP-GEOSAMPA-1980025","inscricaoImobiliaria":"SP-IMO-1980025","setor":"001","quadra":"068","lote":"0017","sourceType":"OFFICIAL_IMPORT","mainAddress":"Setor Fiscal 001","zoneamento":"RESIDENCIAL","statusCadastral":"ATIVO","workflowStatus":"PENDENTE","isOfficial":true,"rawProperties":{"cd_identificador":1980025,"cd_identificador_original_lote":8800435,"cd_setor_fiscal":"001","cd_tipo_quadra":"F","tx_tipo_quadra":"FISCAL","cd_quadra_fiscal":"068","cd_subquadra_fiscal":null,"cd_condominio":"00","cd_tipo_lote":"F","tx_tipo_lote":"FISCAL","cd_lote":"0017","cd_situacao":1,"cd_digito_sql":"5","cd_logradouro":"041467","nm_logradouro_completo":"R DA CANTAREIRA","cd_numero_porta":"225","tx_complemento_endereco":null,"tx_situ_lote":"ATIVO","cd_tipo_uso_imovel":"40","dc_tipo_uso_imovel":"Não residencial","cd_tipo_terreno_imovel":1,"qt_area_terreno":350,"qt_area_construida":680}}},{"type":"Feature","geometry":{"type":"Polygon","coordinates":[[[-45.028529,-23.527676],[-45.02853,-23.527569],[-45.028531,-23.527584],[-45.028532,-23.527592],[-45.028533,-23.527606],[-45.028534,-23.527618],[-45.028534,-23.527679],[-45.028534,-23.527742],[-45.028532,-23.527733],[-45.028533,-23.527711],[-45.028531,-23.527695],[-45.028531,-23.527689],[-45.028529,-23.527676]]]},"properties":{"sqlu":"SP-001-980061","inscription":"SP-GEOSAMPA-1980061","inscricaoImobiliaria":"SP-IMO-1980061","setor":"001","quadra":"081","lote":"0000","sourceType":"OFFICIAL_IMPORT","mainAddress":"Setor Fiscal 001","zoneamento":"RESIDENCIAL","statusCadastral":"ATIVO","workflowStatus":"PENDENTE","isOfficial":true,"rawProperties":{"cd_identificador":1980061,"cd_identificador_original_lote":8800312,"cd_setor_fiscal":"001","cd_tipo_quadra":"F","tx_tipo_quadra":"FISCAL","cd_quadra_fiscal":"081","cd_subquadra_fiscal":null,"cd_condominio":"03","cd_tipo_lote":"F","tx_tipo_lote":"FISCAL","cd_lote":"0000","cd_situacao":1,"cd_digito_sql":null,"cd_logradouro":"008664","nm_logradouro_completo":"R ALVARES PENTEADO","cd_numero_porta":"139","tx_complemento_endereco":null,"tx_situ_lote":null,"cd_tipo_uso_imovel":"XX","dc_tipo_uso_imovel":"Condomínio","cd_tipo_terreno_imovel":99,"qt_area_terreno":302,"qt_area_construida":null}}},{"type":"Feature","geometry":{"type":"Polygon","coordinates":[[[-45.028503,-23.516539],[-45.028499,-23.516582],[-45.0285,-23.516519],[-45.0285,-23.51649],[-45.028503,-23.516452],[-45.028503,-23.516469],[-45.028503,-23.516539]]]},"properties":{"sqlu":"SP-001-979945","inscription":"SP-GEOSAMPA-1979945","inscricaoImobiliaria":"SP-IMO-1979945","setor":"001","quadra":"022","lote":"0016","sourceType":"OFFICIAL_IMPORT","mainAddress":"Setor Fiscal 001","zoneamento":"RESIDENCIAL","statusCadastral":"ATIVO","workflowStatus":"PENDENTE","isOfficial":true,"rawProperties":{"cd_identificador":1979945,"cd_identificador_original_lote":8799769,"cd_setor_fiscal":"001","cd_tipo_quadra":"F","tx_tipo_quadra":"FISCAL","cd_quadra_fiscal":"022","cd_subquadra_fiscal":null,"cd_condominio":"00","cd_tipo_lote":"F","tx_tipo_lote":"FISCAL","cd_lote":"0016","cd_situacao":1,"cd_digito_sql":"5","cd_logradouro":"137332","nm_logradouro_completo":"R MAUA","cd_numero_porta":"694","tx_complemento_endereco":"E 706","tx_situ_lote":"ATIVO","cd_tipo_uso_imovel":"43","dc_tipo_uso_imovel":"Não residencial","cd_tipo_terreno_imovel":2,"qt_area_terreno":210,"qt_area_construida":400}}},{"type":"Feature","geometry":{"type":"Polygon","coordinates":[[[-45.028503,-23.516539],[-45.028503,-23.516653],[-45.028499,-23.516705],[-45.028499,-23.516582],[-45.028503,-23.516539]]]},"properties":{"sqlu":"SP-001-979946","inscription":"SP-GEOSAMPA-1979946","inscricaoImobiliaria":"SP-IMO-1979946","setor":"001","quadra":"022","lote":"0015","sourceType":"OFFICIAL_IMPORT","mainAddress":"Setor Fiscal 001","zoneamento":"RESIDENCIAL","statusCadastral":"ATIVO","workflowStatus":"PENDENTE","isOfficial":true,"rawProperties":{"cd_identificador":1979946,"cd_identificador_original_lote":8799776,"cd_setor_fiscal":"001","cd_tipo_quadra":"F","tx_tipo_quadra":"FISCAL","cd_quadra_fiscal":"022","cd_subquadra_fiscal":null,"cd_condominio":"00","cd_tipo_lote":"F","tx_tipo_lote":"FISCAL","cd_lote":"0015","cd_situacao":1,"cd_digito_sql":"7","cd_logradouro":"072044","nm_logradouro_completo":"R FLORENCIO DE ABREU","cd_numero_porta":"865","tx_complemento_endereco":"E 873","tx_situ_lote":"ATIVO","cd_tipo_uso_imovel":"43","dc_tipo_uso_imovel":"Não residencial","cd_tipo_terreno_imovel":3,"qt_area_terreno":300,"qt_area_construida":600}}},{"type":"Feature","geometry":{"type":"Polygon","coordinates":[[[-45.028565,-23.517312],[-45.02856,-23.517316],[-45.028556,-23.51732],[-45.028556,-23.51727],[-45.028557,-23.517269],[-45.028558,-23.517266],[-45.028565,-23.517257],[-45.028565,-23.517312]]]},"properties":{"sqlu":"SP-001-980100","inscription":"SP-GEOSAMPA-1980100","inscricaoImobiliaria":"SP-IMO-1980100","setor":"001","quadra":"019","lote":"0068","sourceType":"OFFICIAL_IMPORT","mainAddress":"Setor Fiscal 001","zoneamento":"RESIDENCIAL","statusCadastral":"ATIVO","workflowStatus":"PENDENTE","isOfficial":true,"rawProperties":{"cd_identificador":1980100,"cd_identificador_original_lote":8799640,"cd_setor_fiscal":"001","cd_tipo_quadra":"F","tx_tipo_quadra":"FISCAL","cd_quadra_fiscal":"019","cd_subquadra_fiscal":null,"cd_condominio":"00","cd_tipo_lote":"F","tx_tipo_lote":"FISCAL","cd_lote":"0068","cd_situacao":1,"cd_digito_sql":"6","cd_logradouro":"054607","nm_logradouro_completo":"R GAL COUTO DE MAGALHAES","cd_numero_porta":"292","tx_complemento_endereco":null,"tx_situ_lote":"ATIVO","cd_tipo_uso_imovel":"51","dc_tipo_uso_imovel":"Não residencial","cd_tipo_terreno_imovel":1,"qt_area_terreno":318,"qt_area_construida":300}}},{"type":"Feature","geometry":{"type":"Polygon","coordinates":[[[-45.028432,-23.514036],[-45.028432,-23.514068],[-45.028433,-23.514105],[-45.028432,-23.51412],[-45.028431,-23.514003],[-45.028432,-23.513994],[-45.028432,-23.513991],[-45.028432,-23.514036]]]},"properties":{"sqlu":"SP-001-980139","inscription":"SP-GEOSAMPA-1980139","inscricaoImobiliaria":"SP-IMO-1980139","setor":"001","quadra":"007","lote":"0049","sourceType":"OFFICIAL_IMPORT","mainAddress":"Setor Fiscal 001","zoneamento":"RESIDENCIAL","statusCadastral":"ATIVO","workflowStatus":"PENDENTE","isOfficial":true,"rawProperties":{"cd_identificador":1980139,"cd_identificador_original_lote":8799917,"cd_setor_fiscal":"001","cd_tipo_quadra":"F","tx_tipo_quadra":"FISCAL","cd_quadra_fiscal":"007","cd_subquadra_fiscal":null,"cd_condominio":"00","cd_tipo_lote":"F","tx_tipo_lote":"FISCAL","cd_lote":"0049","cd_situacao":1,"cd_digito_sql":"7","cd_logradouro":"104850","nm_logradouro_completo":"R JOAO TEODORO","cd_numero_porta":"344","tx_complemento_endereco":"CS 2","tx_situ_lote":"ATIVO","cd_tipo_uso_imovel":"10","dc_tipo_uso_imovel":"Residencial","cd_tipo_terreno_imovel":4,"qt_area_terreno":75,"qt_area_construida":70}}},{"type":"Feature","geometry":{"type":"Polygon","coordinates":[[[-45.028556,-23.517399],[-45.028556,-23.51732],[-45.02856,-23.517316],[-45.028565,-23.517312],[-45.028565,-23.517368],[-45.028565,-23.517451],[-45.028563,-23.517452],[-45.02856,-23.517454],[-45.028556,-23.517456],[-45.028556,-23.517455],[-45.028556,-23.517399]]]},"properties":{"sqlu":"SP-001-980177","inscription":"SP-GEOSAMPA-1980177","inscricaoImobiliaria":"SP-IMO-1980177","setor":"001","quadra":"019","lote":"0069","sourceType":"OFFICIAL_IMPORT","mainAddress":"Setor Fiscal 001","zoneamento":"RESIDENCIAL","statusCadastral":"ATIVO","workflowStatus":"PENDENTE","isOfficial":true,"rawProperties":{"cd_identificador":1980177,"cd_identificador_original_lote":8799679,"cd_setor_fiscal":"001","cd_tipo_quadra":"F","tx_tipo_quadra":"FISCAL","cd_quadra_fiscal":"019","cd_subquadra_fiscal":null,"cd_condominio":"00","cd_tipo_lote":"F","tx_tipo_lote":"FISCAL","cd_lote":"0069","cd_situacao":1,"cd_digito_sql":"4","cd_logradouro":"054607","nm_logradouro_completo":"R GAL COUTO DE MAGALHAES","cd_numero_porta":"280","tx_complemento_endereco":null,"tx_situ_lote":"ATIVO","cd_tipo_uso_imovel":"74","dc_tipo_uso_imovel":"Não residencial","cd_tipo_terreno_imovel":1,"qt_area_terreno":831,"qt_area_construida":962}}},{"type":"Feature","geometry":{"type":"Polygon","coordinates":[[[-45.028556,-23.517399],[-45.028548,-23.517455],[-45.028547,-23.517274],[-45.028552,-23.517211],[-45.028556,-23.517161],[-45.028556,-23.517084],[-45.028557,-23.517066],[-45.028557,-23.517202],[-45.028557,-23.517202],[-45.028556,-23.517204],[-45.028556,-23.51727],[-45.028556,-23.51732],[-45.028556,-23.517399]]]},"properties":{"sqlu":"SP-001-980176","inscription":"SP-GEOSAMPA-1980176","inscricaoImobiliaria":"SP-IMO-1980176","setor":"001","quadra":"019","lote":"0085","sourceType":"OFFICIAL_IMPORT","mainAddress":"Setor Fiscal 001","zoneamento":"RESIDENCIAL","statusCadastral":"ATIVO","workflowStatus":"PENDENTE","isOfficial":true,"rawProperties":{"cd_identificador":1980176,"cd_identificador_original_lote":8799678,"cd_setor_fiscal":"001","cd_tipo_quadra":"F","tx_tipo_quadra":"FISCAL","cd_quadra_fiscal":"019","cd_subquadra_fiscal":null,"cd_condominio":"00","cd_tipo_lote":"F","tx_tipo_lote":"FISCAL","cd_lote":"0085","cd_situacao":1,"cd_digito_sql":"6","cd_logradouro":"045411","nm_logradouro_completo":"AV CASPER LIBERO","cd_numero_porta":"501","tx_complemento_endereco":null,"tx_situ_lote":"CANCELADO","cd_tipo_uso_imovel":"00","dc_tipo_uso_imovel":"Terreno","cd_tipo_terreno_imovel":1,"qt_area_terreno":1207,"qt_area_construida":0}}},{"type":"Feature","geometry":{"type":"Polygon","coordinates":[[[-45.028482,-23.516962],[-45.028481,-23.516901],[-45.028483,-23.516872],[-45.028484,-23.516861],[-45.028484,-23.516921],[-45.028482,-23.516962]]]},"properties":{"sqlu":"SP-001-980379","inscription":"SP-GEOSAMPA-1980379","inscricaoImobiliaria":"SP-IMO-1980379","setor":"001","quadra":"023","lote":"0173","sourceType":"OFFICIAL_IMPORT","mainAddress":"Setor Fiscal 001","zoneamento":"RESIDENCIAL","statusCadastral":"ATIVO","workflowStatus":"PENDENTE","isOfficial":true,"rawProperties":{"cd_identificador":1980379,"cd_identificador_original_lote":8801256,"cd_setor_fiscal":"001","cd_tipo_quadra":"F","tx_tipo_quadra":"FISCAL","cd_quadra_fiscal":"023","cd_subquadra_fiscal":null,"cd_condominio":"00","cd_tipo_lote":"F","tx_tipo_lote":"FISCAL","cd_lote":"0173","cd_situacao":1,"cd_digito_sql":"5","cd_logradouro":"325481","nm_logradouro_completo":"TV ADELCI GROIA PAULINO","cd_numero_porta":"37","tx_complemento_endereco":"CASA 37","tx_situ_lote":"ATIVO","cd_tipo_uso_imovel":"31","dc_tipo_uso_imovel":"Não residencial","cd_tipo_terreno_imovel":1,"qt_area_terreno":117,"qt_area_construida":200}}},{"type":"Feature","geometry":{"type":"Polygon","coordinates":[[[-45.028428,-23.518482],[-45.028428,-23.51848],[-45.028428,-23.518447],[-45.028429,-23.518438],[-45.028429,-23.518436],[-45.028435,-23.518351],[-45.028435,-23.518434],[-45.028429,-23.518521],[-45.028429,-23.518533],[-45.028428,-23.518522],[-45.028428,-23.518482]]]},"properties":{"sqlu":"SP-001-980385","inscription":"SP-GEOSAMPA-1980385","inscricaoImobiliaria":"SP-IMO-1980385","setor":"001","quadra":"025","lote":"0047","sourceType":"OFFICIAL_IMPORT","mainAddress":"Setor Fiscal 001","zoneamento":"RESIDENCIAL","statusCadastral":"ATIVO","workflowStatus":"PENDENTE","isOfficial":true,"rawProperties":{"cd_identificador":1980385,"cd_identificador_original_lote":8799705,"cd_setor_fiscal":"001","cd_tipo_quadra":"F","tx_tipo_quadra":"FISCAL","cd_quadra_fiscal":"025","cd_subquadra_fiscal":null,"cd_condominio":"00","cd_tipo_lote":"F","tx_tipo_lote":"FISCAL","cd_lote":"0047","cd_situacao":1,"cd_digito_sql":"9","cd_logradouro":"164380","nm_logradouro_completo":"R PLINIO RAMOS","cd_numero_porta":"58","tx_complemento_endereco":"60 E 66","tx_situ_lote":"ATIVO","cd_tipo_uso_imovel":"31","dc_tipo_uso_imovel":"Não residencial","cd_tipo_terreno_imovel":1,"qt_area_terreno":400,"qt_area_construida":732}}},{"type":"Feature","geometry":{"type":"Polygon","coordinates":[[[-45.028417,-23.516525],[-45.028417,-23.516532],[-45.028418,-23.516572],[-45.028417,-23.516581],[-45.028416,-23.516596],[-45.028415,-23.516621],[-45.028413,-23.516657],[-45.028413,-23.516611],[-45.028416,-23.516554],[-45.028416,-23.516548],[-45.028417,-23.51654],[-45.028417,-23.516525]]]},"properties":{"sqlu":"SP-001-980335","inscription":"SP-GEOSAMPA-1980335","inscricaoImobiliaria":"SP-IMO-1980335","setor":"001","quadra":"015","lote":"0008","sourceType":"OFFICIAL_IMPORT","mainAddress":"Setor Fiscal 001","zoneamento":"RESIDENCIAL","statusCadastral":"ATIVO","workflowStatus":"PENDENTE","isOfficial":true,"rawProperties":{"cd_identificador":1980335,"cd_identificador_original_lote":8801198,"cd_setor_fiscal":"001","cd_tipo_quadra":"F","tx_tipo_quadra":"FISCAL","cd_quadra_fiscal":"015","cd_subquadra_fiscal":null,"cd_condominio":"00","cd_tipo_lote":"F","tx_tipo_lote":"FISCAL","cd_lote":"0008","cd_situacao":1,"cd_digito_sql":"4","cd_logradouro":"165433","nm_logradouro_completo":"R POSSIDONIO INACIO","cd_numero_porta":"120","tx_complemento_endereco":null,"tx_situ_lote":"ATIVO","cd_tipo_uso_imovel":"40","dc_tipo_uso_imovel":"Não residencial","cd_tipo_terreno_imovel":1,"qt_area_terreno":117,"qt_area_construida":115}}},{"type":"Feature","geometry":{"type":"Polygon","coordinates":[[[-45.028475,-23.517881],[-45.028475,-23.517894],[-45.028476,-23.517971],[-45.028475,-23.517984],[-45.028474,-23.517993],[-45.028474,-23.517915],[-45.028474,-23.517902],[-45.028475,-23.517881]]]},"properties":{"sqlu":"SP-001-980338","inscription":"SP-GEOSAMPA-1980338","inscricaoImobiliaria":"SP-IMO-1980338","setor":"001","quadra":"023","lote":"0040","sourceType":"OFFICIAL_IMPORT","mainAddress":"Setor Fiscal 001","zoneamento":"RESIDENCIAL","statusCadastral":"ATIVO","workflowStatus":"PENDENTE","isOfficial":true,"rawProperties":{"cd_identificador":1980338,"cd_identificador_original_lote":8801312,"cd_setor_fiscal":"001","cd_tipo_quadra":"F","tx_tipo_quadra":"FISCAL","cd_quadra_fiscal":"023","cd_subquadra_fiscal":null,"cd_condominio":"00","cd_tipo_lote":"F","tx_tipo_lote":"FISCAL","cd_lote":"0040","cd_situacao":1,"cd_digito_sql":"2","cd_logradouro":"050083","nm_logradouro_completo":"TV ROSARIO FUSCO","cd_numero_porta":"27","tx_complemento_endereco":"CS 27","tx_situ_lote":"ATIVO","cd_tipo_uso_imovel":"12","dc_tipo_uso_imovel":"Residencial","cd_tipo_terreno_imovel":1,"qt_area_terreno":88,"qt_area_construida":80}}},{"type":"Feature","geometry":{"type":"Polygon","coordinates":[[[-45.028475,-23.517881],[-45.028477,-23.517861],[-45.028477,-23.517873],[-45.028477,-23.517881],[-45.028477,-23.517951],[-45.028476,-23.517965],[-45.028476,-23.517971],[-45.028475,-23.517894],[-45.028475,-23.517881]]]},"properties":{"sqlu":"SP-001-980339","inscription":"SP-GEOSAMPA-1980339","inscricaoImobiliaria":"SP-IMO-1980339","setor":"001","quadra":"023","lote":"0041","sourceType":"OFFICIAL_IMPORT","mainAddress":"Setor Fiscal 001","zoneamento":"RESIDENCIAL","statusCadastral":"ATIVO","workflowStatus":"PENDENTE","isOfficial":true,"rawProperties":{"cd_identificador":1980339,"cd_identificador_original_lote":8801336,"cd_setor_fiscal":"001","cd_tipo_quadra":"F","tx_tipo_quadra":"FISCAL","cd_quadra_fiscal":"023","cd_subquadra_fiscal":null,"cd_condominio":"00","cd_tipo_lote":"F","tx_tipo_lote":"FISCAL","cd_lote":"0041","cd_situacao":1,"cd_digito_sql":"0","cd_logradouro":"050083","nm_logradouro_completo":"TV ROSARIO FUSCO","cd_numero_porta":"29","tx_complemento_endereco":"CS 29","tx_situ_lote":"ATIVO","cd_tipo_uso_imovel":"10","dc_tipo_uso_imovel":"Residencial","cd_tipo_terreno_imovel":1,"qt_area_terreno":88,"qt_area_construida":80}}},{"type":"Feature","geometry":{"type":"Polygon","coordinates":[[[-45.028417,-23.516443],[-45.028417,-23.516437],[-45.02842,-23.51637],[-45.02842,-23.516411],[-45.028417,-23.516478],[-45.028417,-23.516443]]]},"properties":{"sqlu":"SP-001-980809","inscription":"SP-GEOSAMPA-1980809","inscricaoImobiliaria":"SP-IMO-1980809","setor":"001","quadra":"015","lote":"0028","sourceType":"OFFICIAL_IMPORT","mainAddress":"Setor Fiscal 001","zoneamento":"RESIDENCIAL","statusCadastral":"ATIVO","workflowStatus":"PENDENTE","isOfficial":true,"rawProperties":{"cd_identificador":1980809,"cd_identificador_original_lote":8801192,"cd_setor_fiscal":"001","cd_tipo_quadra":"F","tx_tipo_quadra":"FISCAL","cd_quadra_fiscal":"015","cd_subquadra_fiscal":null,"cd_condominio":"00","cd_tipo_lote":"F","tx_tipo_lote":"FISCAL","cd_lote":"0028","cd_situacao":1,"cd_digito_sql":"9","cd_logradouro":"116637","nm_logradouro_completo":"R S LAZARO","cd_numero_porta":"60","tx_complemento_endereco":"E 62","tx_situ_lote":"ATIVO","cd_tipo_uso_imovel":"42","dc_tipo_uso_imovel":"Não residencial","cd_tipo_terreno_imovel":1,"qt_area_terreno":94,"qt_area_construida":166}}},{"type":"Feature","geometry":{"type":"Polygon","coordinates":[[[-45.028543,-23.520415],[-45.028539,-23.520473],[-45.028539,-23.520454],[-45.028538,-23.520437],[-45.028538,-23.520353],[-45.028538,-23.520327],[-45.02854,-23.520289],[-45.028541,-23.520273],[-45.028542,-23.520257],[-45.028543,-23.520285],[-45.028543,-23.520367],[-45.028543,-23.520415]]]},"properties":{"sqlu":"SP-001-981204","inscription":"SP-GEOSAMPA-1981204","inscricaoImobiliaria":"SP-IMO-1981204","setor":"001","quadra":"036","lote":"0000","sourceType":"OFFICIAL_IMPORT","mainAddress":"Setor Fiscal 001","zoneamento":"RESIDENCIAL","statusCadastral":"ATIVO","workflowStatus":"PENDENTE","isOfficial":true,"rawProperties":{"cd_identificador":1981204,"cd_identificador_original_lote":8800897,"cd_setor_fiscal":"001","cd_tipo_quadra":"F","tx_tipo_quadra":"FISCAL","cd_quadra_fiscal":"036","cd_subquadra_fiscal":null,"cd_condominio":"02","cd_tipo_lote":"F","tx_tipo_lote":"FISCAL","cd_lote":"0000","cd_situacao":1,"cd_digito_sql":null,"cd_logradouro":"031780","nm_logradouro_completo":"R BENEFICENCIA PORTUGUESA","cd_numero_porta":"24 32","tx_complemento_endereco":null,"tx_situ_lote":null,"cd_tipo_uso_imovel":"XX","dc_tipo_uso_imovel":"Condomínio","cd_tipo_terreno_imovel":99,"qt_area_terreno":468,"qt_area_construida":null}}},{"type":"Feature","geometry":{"type":"Polygon","coordinates":[[[-45.028495,-23.518575],[-45.028495,-23.518792],[-45.028492,-23.518781],[-45.028492,-23.518742],[-45.028492,-23.518691],[-45.028492,-23.518566],[-45.028493,-23.518568],[-45.028495,-23.518575]]]},"properties":{"sqlu":"SP-001-980917","inscription":"SP-GEOSAMPA-1980917","inscricaoImobiliaria":"SP-IMO-1980917","setor":"001","quadra":"031","lote":"0020","sourceType":"OFFICIAL_IMPORT","mainAddress":"Setor Fiscal 001","zoneamento":"RESIDENCIAL","statusCadastral":"ATIVO","workflowStatus":"PENDENTE","isOfficial":true,"rawProperties":{"cd_identificador":1980917,"cd_identificador_original_lote":8799597,"cd_setor_fiscal":"001","cd_tipo_quadra":"F","tx_tipo_quadra":"FISCAL","cd_quadra_fiscal":"031","cd_subquadra_fiscal":null,"cd_condominio":"00","cd_tipo_lote":"F","tx_tipo_lote":"FISCAL","cd_lote":"0020","cd_situacao":1,"cd_digito_sql":"2","cd_logradouro":"072044","nm_logradouro_completo":"R FLORENCIO DE ABREU","cd_numero_porta":"636","tx_complemento_endereco":"A 654","tx_situ_lote":"ATIVO","cd_tipo_uso_imovel":"31","dc_tipo_uso_imovel":"Não residencial","cd_tipo_terreno_imovel":2,"qt_area_terreno":445,"qt_area_construida":2400}}},{"type":"Feature","geometry":{"type":"Polygon","coordinates":[[[-45.028482,-23.517245],[-45.028481,-23.517173],[-45.028483,-23.517152],[-45.028484,-23.51712],[-45.028485,-23.517108],[-45.028486,-23.517184],[-45.028483,-23.517221],[-45.028482,-23.517231],[-45.028482,-23.517237],[-45.028482,-23.517245]]]},"properties":{"sqlu":"SP-001-981267","inscription":"SP-GEOSAMPA-1981267","inscricaoImobiliaria":"SP-IMO-1981267","setor":"001","quadra":"023","lote":"0169","sourceType":"OFFICIAL_IMPORT","mainAddress":"Setor Fiscal 001","zoneamento":"RESIDENCIAL","statusCadastral":"ATIVO","workflowStatus":"PENDENTE","isOfficial":true,"rawProperties":{"cd_identificador":1981267,"cd_identificador_original_lote":8801281,"cd_setor_fiscal":"001","cd_tipo_quadra":"F","tx_tipo_quadra":"FISCAL","cd_quadra_fiscal":"023","cd_subquadra_fiscal":null,"cd_condominio":"00","cd_tipo_lote":"F","tx_tipo_lote":"FISCAL","cd_lote":"0169","cd_situacao":1,"cd_digito_sql":"7","cd_logradouro":"325481","nm_logradouro_completo":"TV ADELCI GROIA PAULINO","cd_numero_porta":"29","tx_complemento_endereco":"A","tx_situ_lote":"ATIVO","cd_tipo_uso_imovel":"31","dc_tipo_uso_imovel":"Não residencial","cd_tipo_terreno_imovel":1,"qt_area_terreno":180,"qt_area_construida":223}}},{"type":"Feature","geometry":{"type":"Polygon","coordinates":[[[-45.028483,-23.516732],[-45.028483,-23.51666],[-45.028483,-23.516655],[-45.028482,-23.516555],[-45.028486,-23.516497],[-45.028486,-23.516571],[-45.028487,-23.516606],[-45.028487,-23.516627],[-45.028487,-23.516719],[-45.028488,-23.516897],[-45.028488,-23.517143],[-45.028486,-23.517184],[-45.028485,-23.517108],[-45.028485,-23.517048],[-45.028485,-23.516986],[-45.028485,-23.516977],[-45.028484,-23.516941],[-45.028484,-23.516921],[-45.028484,-23.516861],[-45.028484,-23.516821],[-45.028484,-23.516797],[-45.028483,-23.516732]]]},"properties":{"sqlu":"SP-001-981444","inscription":"SP-GEOSAMPA-1981444","inscricaoImobiliaria":"SP-IMO-1981444","setor":"001","quadra":"023","lote":"0000","sourceType":"OFFICIAL_IMPORT","mainAddress":"Setor Fiscal 001","zoneamento":"RESIDENCIAL","statusCadastral":"ATIVO","workflowStatus":"PENDENTE","isOfficial":true,"rawProperties":{"cd_identificador":1981444,"cd_identificador_original_lote":8801278,"cd_setor_fiscal":"001","cd_tipo_quadra":"F","tx_tipo_quadra":"FISCAL","cd_quadra_fiscal":"023","cd_subquadra_fiscal":null,"cd_condominio":"10","cd_tipo_lote":"F","tx_tipo_lote":"FISCAL","cd_lote":"0000","cd_situacao":1,"cd_digito_sql":null,"cd_logradouro":"137332","nm_logradouro_completo":"R MAUA","cd_numero_porta":"800 806 812","tx_complemento_endereco":null,"tx_situ_lote":null,"cd_tipo_uso_imovel":"XX","dc_tipo_uso_imovel":"Condomínio","cd_tipo_terreno_imovel":99,"qt_area_terreno":954,"qt_area_construida":null}}},{"type":"Feature","geometry":{"type":"Polygon","coordinates":[[[-45.028421,-23.514869],[-45.028421,-23.514863],[-45.028425,-23.514823],[-45.028425,-23.514893],[-45.028421,-23.514938],[-45.028421,-23.514903],[-45.028421,-23.514869]]]},"properties":{"sqlu":"SP-001-981435","inscription":"SP-GEOSAMPA-1981435","inscricaoImobiliaria":"SP-IMO-1981435","setor":"001","quadra":"008","lote":"0085","sourceType":"OFFICIAL_IMPORT","mainAddress":"Setor Fiscal 001","zoneamento":"RESIDENCIAL","statusCadastral":"ATIVO","workflowStatus":"PENDENTE","isOfficial":true,"rawProperties":{"cd_identificador":1981435,"cd_identificador_original_lote":8800640,"cd_setor_fiscal":"001","cd_tipo_quadra":"F","tx_tipo_quadra":"FISCAL","cd_quadra_fiscal":"008","cd_subquadra_fiscal":null,"cd_condominio":"00","cd_tipo_lote":"F","tx_tipo_lote":"FISCAL","cd_lote":"0085","cd_situacao":1,"cd_digito_sql":"8","cd_logradouro":"059633","nm_logradouro_completo":"R DJALMA DUTRA","cd_numero_porta":"178","tx_complemento_endereco":"E 176","tx_situ_lote":"ATIVO","cd_tipo_uso_imovel":"82","dc_tipo_uso_imovel":"Não residencial","cd_tipo_terreno_imovel":1,"qt_area_terreno":225,"qt_area_construida":22}}},{"type":"Feature","geometry":{"type":"Polygon","coordinates":[[[-45.028421,-23.514869],[-45.028421,-23.514903],[-45.028418,-23.514923],[-45.028418,-23.514927],[-45.028417,-23.514932],[-45.028414,-23.514967],[-45.028413,-23.514975],[-45.028412,-23.514891],[-45.028413,-23.51488],[-45.028416,-23.514856],[-45.028417,-23.514846],[-45.028417,-23.514799],[-45.02842,-23.514762],[-45.02842,-23.514798],[-45.02842,-23.514818],[-45.028421,-23.514869]]]},"properties":{"sqlu":"SP-001-981436","inscription":"SP-GEOSAMPA-1981436","inscricaoImobiliaria":"SP-IMO-1981436","setor":"001","quadra":"008","lote":"0090","sourceType":"OFFICIAL_IMPORT","mainAddress":"Setor Fiscal 001","zoneamento":"RESIDENCIAL","statusCadastral":"ATIVO","workflowStatus":"PENDENTE","isOfficial":true,"rawProperties":{"cd_identificador":1981436,"cd_identificador_original_lote":8800641,"cd_setor_fiscal":"001","cd_tipo_quadra":"F","tx_tipo_quadra":"FISCAL","cd_quadra_fiscal":"008","cd_subquadra_fiscal":null,"cd_condominio":"00","cd_tipo_lote":"F","tx_tipo_lote":"FISCAL","cd_lote":"0090","cd_situacao":1,"cd_digito_sql":"4","cd_logradouro":"116637","nm_logradouro_completo":"R S LAZARO","cd_numero_porta":"223","tx_complemento_endereco":"231","tx_situ_lote":"ATIVO","cd_tipo_uso_imovel":"43","dc_tipo_uso_imovel":"Não residencial","cd_tipo_terreno_imovel":1,"qt_area_terreno":577,"qt_area_construida":1046}}},{"type":"Feature","geometry":{"type":"Polygon","coordinates":[[[-45.028417,-23.515206],[-45.028418,-23.515198],[-45.028418,-23.515244],[-45.028419,-23.515308],[-45.02842,-23.515447],[-45.028419,-23.515456],[-45.028417,-23.515206]]]},"properties":{"sqlu":"SP-001-981418","inscription":"SP-GEOSAMPA-1981418","inscricaoImobiliaria":"SP-IMO-1981418","setor":"001","quadra":"008","lote":"0009","sourceType":"OFFICIAL_IMPORT","mainAddress":"Setor Fiscal 001","zoneamento":"RESIDENCIAL","statusCadastral":"ATIVO","workflowStatus":"PENDENTE","isOfficial":true,"rawProperties":{"cd_identificador":1981418,"cd_identificador_original_lote":8800607,"cd_setor_fiscal":"001","cd_tipo_quadra":"F","tx_tipo_quadra":"FISCAL","cd_quadra_fiscal":"008","cd_subquadra_fiscal":null,"cd_condominio":"00","cd_tipo_lote":"F","tx_tipo_lote":"FISCAL","cd_lote":"0009","cd_situacao":1,"cd_digito_sql":"2","cd_logradouro":"038121","nm_logradouro_completo":"R S CAETANO","cd_numero_porta":"459","tx_complemento_endereco":"E 461","tx_situ_lote":"ATIVO","cd_tipo_uso_imovel":"42","dc_tipo_uso_imovel":"Não residencial","cd_tipo_terreno_imovel":1,"qt_area_terreno":150,"qt_area_construida":131}}},{"type":"Feature","geometry":{"type":"Polygon","coordinates":[[[-45.028421,-23.514869],[-45.02842,-23.514818],[-45.02842,-23.514798],[-45.028421,-23.514792],[-45.028425,-23.514757],[-45.028425,-23.514823],[-45.028421,-23.514863],[-45.028421,-23.514869]]]},"properties":{"sqlu":"SP-001-981434","inscription":"SP-GEOSAMPA-1981434","inscricaoImobiliaria":"SP-IMO-1981434","setor":"001","quadra":"008","lote":"0084","sourceType":"OFFICIAL_IMPORT","mainAddress":"Setor Fiscal 001","zoneamento":"RESIDENCIAL","statusCadastral":"ATIVO","workflowStatus":"PENDENTE","isOfficial":true,"rawProperties":{"cd_identificador":1981434,"cd_identificador_original_lote":8800639,"cd_setor_fiscal":"001","cd_tipo_quadra":"F","tx_tipo_quadra":"FISCAL","cd_quadra_fiscal":"008","cd_subquadra_fiscal":null,"cd_condominio":"00","cd_tipo_lote":"F","tx_tipo_lote":"FISCAL","cd_lote":"0084","cd_situacao":1,"cd_digito_sql":"1","cd_logradouro":"059633","nm_logradouro_completo":"R DJALMA DUTRA","cd_numero_porta":"182","tx_complemento_endereco":"E 184","tx_situ_lote":"ATIVO","cd_tipo_uso_imovel":"51","dc_tipo_uso_imovel":"Não residencial","cd_tipo_terreno_imovel":1,"qt_area_terreno":196,"qt_area_construida":392}}},{"type":"Feature","geometry":{"type":"Polygon","coordinates":[[[-45.028543,-23.520415],[-45.028543,-23.520367],[-45.028543,-23.520285],[-45.028542,-23.520257],[-45.028543,-23.520241],[-45.028545,-23.520224],[-45.028546,-23.520202],[-45.028547,-23.520179],[-45.028548,-23.520201],[-45.028548,-23.520302],[-45.028548,-23.520329],[-45.028547,-23.520356],[-45.028543,-23.520415]]]},"properties":{"sqlu":"SP-001-981205","inscription":"SP-GEOSAMPA-1981205","inscricaoImobiliaria":"SP-IMO-1981205","setor":"001","quadra":"036","lote":"0000","sourceType":"OFFICIAL_IMPORT","mainAddress":"Setor Fiscal 001","zoneamento":"RESIDENCIAL","statusCadastral":"ATIVO","workflowStatus":"PENDENTE","isOfficial":true,"rawProperties":{"cd_identificador":1981205,"cd_identificador_original_lote":8800899,"cd_setor_fiscal":"001","cd_tipo_quadra":"F","tx_tipo_quadra":"FISCAL","cd_quadra_fiscal":"036","cd_subquadra_fiscal":null,"cd_condominio":"03","cd_tipo_lote":"F","tx_tipo_lote":"FISCAL","cd_lote":"0000","cd_situacao":1,"cd_digito_sql":null,"cd_logradouro":"031780","nm_logradouro_completo":"R BENEFICENCIA PORTUGUESA","cd_numero_porta":"36 44","tx_complemento_endereco":null,"tx_situ_lote":null,"cd_tipo_uso_imovel":"XX","dc_tipo_uso_imovel":"Condomínio","cd_tipo_terreno_imovel":99,"qt_area_terreno":503,"qt_area_construida":null}}},{"type":"Feature","geometry":{"type":"Polygon","coordinates":[[[-45.028539,-23.518523],[-45.028539,-23.518505],[-45.028538,-23.518489],[-45.028537,-23.518519],[-45.028536,-23.518443],[-45.028538,-23.518454],[-45.028538,-23.51843],[-45.028538,-23.518378],[-45.028538,-23.518241],[-45.028545,-23.518245],[-45.028546,-23.518446],[-45.028544,-23.518471],[-45.028543,-23.518478],[-45.028541,-23.518501],[-45.028539,-23.518523]]]},"properties":{"sqlu":"SP-001-981744","inscription":"SP-GEOSAMPA-1981744","inscricaoImobiliaria":"SP-IMO-1981744","setor":"001","quadra":"027","lote":"0117","sourceType":"OFFICIAL_IMPORT","mainAddress":"Setor Fiscal 001","zoneamento":"RESIDENCIAL","statusCadastral":"ATIVO","workflowStatus":"PENDENTE","isOfficial":true,"rawProperties":{"cd_identificador":1981744,"cd_identificador_original_lote":8799796,"cd_setor_fiscal":"001","cd_tipo_quadra":"F","tx_tipo_quadra":"FISCAL","cd_quadra_fiscal":"027","cd_subquadra_fiscal":null,"cd_condominio":"00","cd_tipo_lote":"F","tx_tipo_lote":"FISCAL","cd_lote":"0117","cd_situacao":1,"cd_digito_sql":"2","cd_logradouro":"045411","nm_logradouro_completo":"AV CASPER LIBERO","cd_numero_porta":"390","tx_complemento_endereco":"E 400","tx_situ_lote":"ATIVO","cd_tipo_uso_imovel":"43","dc_tipo_uso_imovel":"Não residencial","cd_tipo_terreno_imovel":2,"qt_area_terreno":1205,"qt_area_construida":8766}}},{"type":"Feature","geometry":{"type":"Polygon","coordinates":[[[-45.028539,-23.518523],[-45.028541,-23.518501],[-45.028543,-23.518478],[-45.028544,-23.518471],[-45.028546,-23.518446],[-45.028547,-23.518712],[-45.028543,-23.518778],[-45.028543,-23.518785],[-45.028542,-23.518801],[-45.028541,-23.518829],[-45.028541,-23.518807],[-45.02854,-23.518788],[-45.02854,-23.518705],[-45.028539,-23.518523]]]},"properties":{"sqlu":"SP-001-981745","inscription":"SP-GEOSAMPA-1981745","inscricaoImobiliaria":"SP-IMO-1981745","setor":"001","quadra":"027","lote":"0028","sourceType":"OFFICIAL_IMPORT","mainAddress":"Setor Fiscal 001","zoneamento":"RESIDENCIAL","statusCadastral":"ATIVO","workflowStatus":"PENDENTE","isOfficial":true,"rawProperties":{"cd_identificador":1981745,"cd_identificador_original_lote":8799797,"cd_setor_fiscal":"001","cd_tipo_quadra":"F","tx_tipo_quadra":"FISCAL","cd_quadra_fiscal":"027","cd_subquadra_fiscal":null,"cd_condominio":"00","cd_tipo_lote":"F","tx_tipo_lote":"FISCAL","cd_lote":"0028","cd_situacao":1,"cd_digito_sql":"1","cd_logradouro":"045411","nm_logradouro_completo":"AV CASPER LIBERO","cd_numero_porta":"360","tx_complemento_endereco":"370","tx_situ_lote":"ATIVO","cd_tipo_uso_imovel":"43","dc_tipo_uso_imovel":"Não residencial","cd_tipo_terreno_imovel":1,"qt_area_terreno":2425,"qt_area_construida":3705}}},{"type":"Feature","geometry":{"type":"Polygon","coordinates":[[[-45.028453,-23.514563],[-45.028453,-23.514592],[-45.028454,-23.51461],[-45.028449,-23.514649],[-45.028449,-23.514601],[-45.028451,-23.514583],[-45.028452,-23.514579],[-45.028453,-23.514569],[-45.028453,-23.514563]]]},"properties":{"sqlu":"SP-001-981620","inscription":"SP-GEOSAMPA-1981620","inscricaoImobiliaria":"SP-IMO-1981620","setor":"001","quadra":"005","lote":"0016","sourceType":"OFFICIAL_IMPORT","mainAddress":"Setor Fiscal 001","zoneamento":"RESIDENCIAL","statusCadastral":"ATIVO","workflowStatus":"PENDENTE","isOfficial":true,"rawProperties":{"cd_identificador":1981620,"cd_identificador_original_lote":8800780,"cd_setor_fiscal":"001","cd_tipo_quadra":"F","tx_tipo_quadra":"FISCAL","cd_quadra_fiscal":"005","cd_subquadra_fiscal":null,"cd_condominio":"00","cd_tipo_lote":"F","tx_tipo_lote":"FISCAL","cd_lote":"0016","cd_situacao":1,"cd_digito_sql":"1","cd_logradouro":"158780","nm_logradouro_completo":"R DR PEDRO ARBUES","cd_numero_porta":"69","tx_complemento_endereco":null,"tx_situ_lote":"ATIVO","cd_tipo_uso_imovel":"10","dc_tipo_uso_imovel":"Residencial","cd_tipo_terreno_imovel":1,"qt_area_terreno":128,"qt_area_construida":100}}},{"type":"Feature","geometry":{"type":"Polygon","coordinates":[[[-45.028492,-23.522331],[-45.028496,-23.522264],[-45.028496,-23.522349],[-45.028492,-23.5224],[-45.028492,-23.522368],[-45.028492,-23.522331]]]},"properties":{"sqlu":"SP-001-981504","inscription":"SP-GEOSAMPA-1981504","inscricaoImobiliaria":"SP-IMO-1981504","setor":"001","quadra":"050","lote":"0016","sourceType":"OFFICIAL_IMPORT","mainAddress":"Setor Fiscal 001","zoneamento":"RESIDENCIAL","statusCadastral":"ATIVO","workflowStatus":"PENDENTE","isOfficial":true,"rawProperties":{"cd_identificador":1981504,"cd_identificador_original_lote":8801082,"cd_setor_fiscal":"001","cd_tipo_quadra":"F","tx_tipo_quadra":"FISCAL","cd_quadra_fiscal":"050","cd_subquadra_fiscal":null,"cd_condominio":"00","cd_tipo_lote":"F","tx_tipo_lote":"FISCAL","cd_lote":"0016","cd_situacao":1,"cd_digito_sql":"7","cd_logradouro":"072044","nm_logradouro_completo":"R FLORENCIO DE ABREU","cd_numero_porta":"242","tx_complemento_endereco":null,"tx_situ_lote":"ATIVO","cd_tipo_uso_imovel":"40","dc_tipo_uso_imovel":"Não residencial","cd_tipo_terreno_imovel":1,"qt_area_terreno":194,"qt_area_construida":660}}},{"type":"Feature","geometry":{"type":"Polygon","coordinates":[[[-45.028532,-23.528401],[-45.028532,-23.528279],[-45.028532,-23.528017],[-45.028535,-23.528036],[-45.028534,-23.528136],[-45.028534,-23.528174],[-45.028534,-23.528362],[-45.028533,-23.528392],[-45.028533,-23.528393],[-45.028532,-23.528401]]]},"properties":{"sqlu":"SP-001-981851","inscription":"SP-GEOSAMPA-1981851","inscricaoImobiliaria":"SP-IMO-1981851","setor":"001","quadra":"084","lote":"0008","sourceType":"OFFICIAL_IMPORT","mainAddress":"Setor Fiscal 001","zoneamento":"RESIDENCIAL","statusCadastral":"ATIVO","workflowStatus":"PENDENTE","isOfficial":true,"rawProperties":{"cd_identificador":1981851,"cd_identificador_original_lote":8799998,"cd_setor_fiscal":"001","cd_tipo_quadra":"F","tx_tipo_quadra":"FISCAL","cd_quadra_fiscal":"084","cd_subquadra_fiscal":null,"cd_condominio":"00","cd_tipo_lote":"F","tx_tipo_lote":"FISCAL","cd_lote":"0008","cd_situacao":1,"cd_digito_sql":"5","cd_logradouro":"167703","nm_logradouro_completo":"R DA QUITANDA","cd_numero_porta":"89","tx_complemento_endereco":"93","tx_situ_lote":"ATIVO","cd_tipo_uso_imovel":"31","dc_tipo_uso_imovel":"Não residencial","cd_tipo_terreno_imovel":1,"qt_area_terreno":574,"qt_area_construida":2570}}},{"type":"Feature","geometry":{"type":"Polygon","coordinates":[[[-45.028473,-23.521503],[-45.028474,-23.521401],[-45.028475,-23.521415],[-45.028475,-23.521468],[-45.028475,-23.521501],[-45.028473,-23.521503]]]},"properties":{"sqlu":"SP-001-982037","inscription":"SP-GEOSAMPA-1982037","inscricaoImobiliaria":"SP-IMO-1982037","setor":"001","quadra":"051","lote":"0011","sourceType":"OFFICIAL_IMPORT","mainAddress":"Setor Fiscal 001","zoneamento":"RESIDENCIAL","statusCadastral":"ATIVO","workflowStatus":"PENDENTE","isOfficial":true,"rawProperties":{"cd_identificador":1982037,"cd_identificador_original_lote":8800523,"cd_setor_fiscal":"001","cd_tipo_quadra":"F","tx_tipo_quadra":"FISCAL","cd_quadra_fiscal":"051","cd_subquadra_fiscal":null,"cd_condominio":"00","cd_tipo_lote":"F","tx_tipo_lote":"FISCAL","cd_lote":"0011","cd_situacao":1,"cd_digito_sql":"0","cd_logradouro":"197459","nm_logradouro_completo":"R VINTE E CINCO DE MARCO","cd_numero_porta":"976","tx_complemento_endereco":"LJ 1","tx_situ_lote":"ATIVO","cd_tipo_uso_imovel":"43","dc_tipo_uso_imovel":"Não residencial","cd_tipo_terreno_imovel":4,"qt_area_terreno":140,"qt_area_construida":280}}},{"type":"Feature","geometry":{"type":"Polygon","coordinates":[[[-45.028557,-23.517032],[-45.028565,-23.51702],[-45.028565,-23.517189],[-45.02856,-23.517197],[-45.028557,-23.517202],[-45.028557,-23.517066],[-45.028557,-23.517032]]]},"properties":{"sqlu":"SP-001-981999","inscription":"SP-GEOSAMPA-1981999","inscricaoImobiliaria":"SP-IMO-1981999","setor":"001","quadra":"019","lote":"0065","sourceType":"OFFICIAL_IMPORT","mainAddress":"Setor Fiscal 001","zoneamento":"RESIDENCIAL","statusCadastral":"ATIVO","workflowStatus":"PENDENTE","isOfficial":true,"rawProperties":{"cd_identificador":1981999,"cd_identificador_original_lote":8799638,"cd_setor_fiscal":"001","cd_tipo_quadra":"F","tx_tipo_quadra":"FISCAL","cd_quadra_fiscal":"019","cd_subquadra_fiscal":null,"cd_condominio":"00","cd_tipo_lote":"F","tx_tipo_lote":"FISCAL","cd_lote":"0065","cd_situacao":1,"cd_digito_sql":"1","cd_logradouro":"054607","nm_logradouro_completo":"R GAL COUTO DE MAGALHAES","cd_numero_porta":"306","tx_complemento_endereco":"E314","tx_situ_lote":"ATIVO","cd_tipo_uso_imovel":"40","dc_tipo_uso_imovel":"Não residencial","cd_tipo_terreno_imovel":1,"qt_area_terreno":993,"qt_area_construida":993}}},{"type":"Feature","geometry":{"type":"Polygon","coordinates":[[[-45.028557,-23.517032],[-45.028556,-23.51697],[-45.028556,-23.516955],[-45.028565,-23.516942],[-45.028565,-23.51702],[-45.028557,-23.517032]]]},"properties":{"sqlu":"SP-001-982000","inscription":"SP-GEOSAMPA-1982000","inscricaoImobiliaria":"SP-IMO-1982000","setor":"001","quadra":"019","lote":"0345","sourceType":"OFFICIAL_IMPORT","mainAddress":"Setor Fiscal 001","zoneamento":"RESIDENCIAL","statusCadastral":"ATIVO","workflowStatus":"PENDENTE","isOfficial":true,"rawProperties":{"cd_identificador":1982000,"cd_identificador_original_lote":8799676,"cd_setor_fiscal":"001","cd_tipo_quadra":"F","tx_tipo_quadra":"FISCAL","cd_quadra_fiscal":"019","cd_subquadra_fiscal":null,"cd_condominio":"00","cd_tipo_lote":"F","tx_tipo_lote":"FISCAL","cd_lote":"0345","cd_situacao":1,"cd_digito_sql":"6","cd_logradouro":"054607","nm_logradouro_completo":"R GAL COUTO DE MAGALHAES","cd_numero_porta":"318","tx_complemento_endereco":null,"tx_situ_lote":"ATIVO","cd_tipo_uso_imovel":"42","dc_tipo_uso_imovel":"Não residencial","cd_tipo_terreno_imovel":1,"qt_area_terreno":424,"qt_area_construida":424}}},{"type":"Feature","geometry":{"type":"Polygon","coordinates":[[[-45.028513,-23.522139],[-45.028512,-23.522163],[-45.028505,-23.522296],[-45.028498,-23.522433],[-45.028498,-23.522307],[-45.028506,-23.522152],[-45.028511,-23.522044],[-45.028511,-23.522061],[-45.028512,-23.522045],[-45.028513,-23.5221],[-45.028513,-23.522139]]]},"properties":{"sqlu":"SP-001-981783","inscription":"SP-GEOSAMPA-1981783","inscricaoImobiliaria":"SP-IMO-1981783","setor":"001","quadra":"049","lote":"0047","sourceType":"OFFICIAL_IMPORT","mainAddress":"Setor Fiscal 001","zoneamento":"RESIDENCIAL","statusCadastral":"ATIVO","workflowStatus":"PENDENTE","isOfficial":true,"rawProperties":{"cd_identificador":1981783,"cd_identificador_original_lote":8800981,"cd_setor_fiscal":"001","cd_tipo_quadra":"F","tx_tipo_quadra":"FISCAL","cd_quadra_fiscal":"049","cd_subquadra_fiscal":null,"cd_condominio":"00","cd_tipo_lote":"F","tx_tipo_lote":"FISCAL","cd_lote":"0047","cd_situacao":1,"cd_digito_sql":"4","cd_logradouro":"072044","nm_logradouro_completo":"R FLORENCIO DE ABREU","cd_numero_porta":"227","tx_complemento_endereco":"231 E 239","tx_situ_lote":"ATIVO","cd_tipo_uso_imovel":"64","dc_tipo_uso_imovel":"Não residencial","cd_tipo_terreno_imovel":1,"qt_area_terreno":1124,"qt_area_construida":2506}}},{"type":"Feature","geometry":{"type":"Polygon","coordinates":[[[-45.028444,-23.514728],[-45.028444,-23.514658],[-45.028445,-23.514644],[-45.028446,-23.51464],[-45.028447,-23.514626],[-45.028447,-23.514697],[-45.028446,-23.514709],[-45.028446,-23.514714],[-45.028444,-23.514728]]]},"properties":{"sqlu":"SP-001-982071","inscription":"SP-GEOSAMPA-1982071","inscricaoImobiliaria":"SP-IMO-1982071","setor":"001","quadra":"006","lote":"0010","sourceType":"OFFICIAL_IMPORT","mainAddress":"Setor Fiscal 001","zoneamento":"RESIDENCIAL","statusCadastral":"ATIVO","workflowStatus":"PENDENTE","isOfficial":true,"rawProperties":{"cd_identificador":1982071,"cd_identificador_original_lote":8799848,"cd_setor_fiscal":"001","cd_tipo_quadra":"F","tx_tipo_quadra":"FISCAL","cd_quadra_fiscal":"006","cd_subquadra_fiscal":null,"cd_condominio":"00","cd_tipo_lote":"F","tx_tipo_lote":"FISCAL","cd_lote":"0010","cd_situacao":1,"cd_digito_sql":"7","cd_logradouro":"084921","nm_logradouro_completo":"R GUILHERME MAW","cd_numero_porta":"61","tx_complemento_endereco":null,"tx_situ_lote":"ATIVO","cd_tipo_uso_imovel":"40","dc_tipo_uso_imovel":"Não residencial","cd_tipo_terreno_imovel":3,"qt_area_terreno":148,"qt_area_construida":280}}},{"type":"Feature","geometry":{"type":"Polygon","coordinates":[[[-45.028556,-23.517084],[-45.028552,-23.517133],[-45.028552,-23.517139],[-45.02855,-23.517158],[-45.028549,-23.517178],[-45.028547,-23.517204],[-45.028547,-23.517105],[-45.028548,-23.517081],[-45.02855,-23.517061],[-45.028552,-23.517035],[-45.028556,-23.51697],[-45.028557,-23.517032],[-45.028557,-23.517066],[-45.028556,-23.517084]]]},"properties":{"sqlu":"SP-001-981801","inscription":"SP-GEOSAMPA-1981801","inscricaoImobiliaria":"SP-IMO-1981801","setor":"001","quadra":"019","lote":"0010","sourceType":"OFFICIAL_IMPORT","mainAddress":"Setor Fiscal 001","zoneamento":"RESIDENCIAL","statusCadastral":"ATIVO","workflowStatus":"PENDENTE","isOfficial":true,"rawProperties":{"cd_identificador":1981801,"cd_identificador_original_lote":8799653,"cd_setor_fiscal":"001","cd_tipo_quadra":"F","tx_tipo_quadra":"FISCAL","cd_quadra_fiscal":"019","cd_subquadra_fiscal":null,"cd_condominio":"00","cd_tipo_lote":"F","tx_tipo_lote":"FISCAL","cd_lote":"0010","cd_situacao":1,"cd_digito_sql":"4","cd_logradouro":"045411","nm_logradouro_completo":"AV CASPER LIBERO","cd_numero_porta":"525","tx_complemento_endereco":"529    531","tx_situ_lote":"ATIVO","cd_tipo_uso_imovel":"22","dc_tipo_uso_imovel":"Residencial","cd_tipo_terreno_imovel":1,"qt_area_terreno":665,"qt_area_construida":4691}}},{"type":"Feature","geometry":{"type":"Polygon","coordinates":[[[-45.028475,-23.521113],[-45.02848,-23.521136],[-45.02848,-23.521208],[-45.028475,-23.521183],[-45.028475,-23.521113]]]},"properties":{"sqlu":"SP-001-982147","inscription":"SP-GEOSAMPA-1982147","inscricaoImobiliaria":"SP-IMO-1982147","setor":"001","quadra":"051","lote":"0025","sourceType":"OFFICIAL_IMPORT","mainAddress":"Setor Fiscal 001","zoneamento":"RESIDENCIAL","statusCadastral":"ATIVO","workflowStatus":"PENDENTE","isOfficial":true,"rawProperties":{"cd_identificador":1982147,"cd_identificador_original_lote":8799477,"cd_setor_fiscal":"001","cd_tipo_quadra":"F","tx_tipo_quadra":"FISCAL","cd_quadra_fiscal":"051","cd_subquadra_fiscal":null,"cd_condominio":"00","cd_tipo_lote":"F","tx_tipo_lote":"FISCAL","cd_lote":"0025","cd_situacao":1,"cd_digito_sql":"0","cd_logradouro":"197459","nm_logradouro_completo":"R VINTE E CINCO DE MARCO","cd_numero_porta":"1008","tx_complemento_endereco":"E 1012","tx_situ_lote":"ATIVO","cd_tipo_uso_imovel":"40","dc_tipo_uso_imovel":"Não residencial","cd_tipo_terreno_imovel":1,"qt_area_terreno":271,"qt_area_construida":355}}},{"type":"Feature","geometry":{"type":"Polygon","coordinates":[[[-45.028475,-23.521113],[-45.028475,-23.521083],[-45.028475,-23.521049],[-45.028475,-23.521038],[-45.028476,-23.521045],[-45.02848,-23.521063],[-45.02848,-23.521136],[-45.028475,-23.521113]]]},"properties":{"sqlu":"SP-001-982148","inscription":"SP-GEOSAMPA-1982148","inscricaoImobiliaria":"SP-IMO-1982148","setor":"001","quadra":"051","lote":"0026","sourceType":"OFFICIAL_IMPORT","mainAddress":"Setor Fiscal 001","zoneamento":"RESIDENCIAL","statusCadastral":"ATIVO","workflowStatus":"PENDENTE","isOfficial":true,"rawProperties":{"cd_identificador":1982148,"cd_identificador_original_lote":8799486,"cd_setor_fiscal":"001","cd_tipo_quadra":"F","tx_tipo_quadra":"FISCAL","cd_quadra_fiscal":"051","cd_subquadra_fiscal":null,"cd_condominio":"00","cd_tipo_lote":"F","tx_tipo_lote":"FISCAL","cd_lote":"0026","cd_situacao":1,"cd_digito_sql":"9","cd_logradouro":"197459","nm_logradouro_completo":"R VINTE E CINCO DE MARCO","cd_numero_porta":"1018","tx_complemento_endereco":null,"tx_situ_lote":"ATIVO","cd_tipo_uso_imovel":"40","dc_tipo_uso_imovel":"Não residencial","cd_tipo_terreno_imovel":1,"qt_area_terreno":271,"qt_area_construida":1653}}},{"type":"Feature","geometry":{"type":"Polygon","coordinates":[[[-45.028474,-23.514295],[-45.028474,-23.514239],[-45.028476,-23.514217],[-45.028476,-23.514205],[-45.028477,-23.51419],[-45.028478,-23.514183],[-45.028479,-23.514173],[-45.028478,-23.514121],[-45.028478,-23.514068],[-45.028478,-23.514015],[-45.028473,-23.51408],[-45.028473,-23.514015],[-45.028471,-23.513713],[-45.028476,-23.513655],[-45.028476,-23.513649],[-45.028476,-23.513644],[-45.028476,-23.513595],[-45.028476,-23.513579],[-45.028476,-23.51354],[-45.028475,-23.513489],[-45.028475,-23.51348],[-45.028477,-23.513455],[-45.028478,-23.513452],[-45.028479,-23.513438],[-45.028478,-23.51336],[-45.028477,-23.51317],[-45.028477,-23.513036],[-45.028481,-23.512969],[-45.028482,-23.513076],[-45.028482,-23.513114],[-45.028482,-23.513121],[-45.028482,-23.513182],[-45.028483,-23.513224],[-45.028483,-23.51331],[-45.028483,-23.513401],[-45.028484,-23.513539],[-45.028484,-23.513538],[-45.028484,-23.513604],[-45.028484,-23.513671],[-45.028485,-23.513719],[-45.028485,-23.51379],[-45.02849,-23.513709],[-45.028491,-23.513778],[-45.028485,-23.513857],[-45.028486,-23.5139],[-45.028486,-23.513924],[-45.028486,-23.513934],[-45.028486,-23.513974],[-45.028491,-23.513893],[-45.028492,-23.514031],[-45.028487,-23.5141],[-45.028487,-23.514106],[-45.028486,-23.51411],[-45.028487,-23.514166],[-45.028487,-23.514235],[-45.028488,-23.514317],[-45.028487,-23.514328],[-45.028483,-23.514387],[-45.028484,-23.51456],[-45.028484,-23.514567],[-45.028483,-23.514577],[-45.028481,-23.514604],[-45.028481,-23.51461],[-45.028481,-23.514613],[-45.028481,-23.514579],[-45.02848,-23.51454],[-45.02848,-23.514517],[-45.02848,-23.514486],[-45.02848,-23.514382],[-45.028479,-23.514331],[-45.028479,-23.514296],[-45.028479,-23.514277],[-45.028479,-23.514259],[-45.028479,-23.514228],[-45.028474,-23.514295]]]},"properties":{"sqlu":"SP-001-982060","inscription":"SP-GEOSAMPA-1982060","inscricaoImobiliaria":"SP-IMO-1982060","setor":"001","quadra":"003","lote":"0089","sourceType":"OFFICIAL_IMPORT","mainAddress":"Setor Fiscal 001","zoneamento":"RESIDENCIAL","statusCadastral":"ATIVO","workflowStatus":"PENDENTE","isOfficial":true,"rawProperties":{"cd_identificador":1982060,"cd_identificador_original_lote":8800589,"cd_setor_fiscal":"001","cd_tipo_quadra":"F","tx_tipo_quadra":"FISCAL","cd_quadra_fiscal":"003","cd_subquadra_fiscal":null,"cd_condominio":"00","cd_tipo_lote":"F","tx_tipo_lote":"FISCAL","cd_lote":"0089","cd_situacao":1,"cd_digito_sql":"8","cd_logradouro":"104850","nm_logradouro_completo":"R JOAO TEODORO","cd_numero_porta":"S/N","tx_complemento_endereco":null,"tx_situ_lote":"ATIVO","cd_tipo_uso_imovel":"00","dc_tipo_uso_imovel":"Terreno","cd_tipo_terreno_imovel":3,"qt_area_terreno":8800,"qt_area_construida":0}}},{"type":"Feature","geometry":{"type":"Polygon","coordinates":[[[-45.028474,-23.514295],[-45.028479,-23.514228],[-45.028479,-23.514259],[-45.028479,-23.514277],[-45.028475,-23.514343],[-45.028474,-23.514295]]]},"properties":{"sqlu":"SP-001-982059","inscription":"SP-GEOSAMPA-1982059","inscricaoImobiliaria":"SP-IMO-1982059","setor":"001","quadra":"003","lote":"0078","sourceType":"OFFICIAL_IMPORT","mainAddress":"Setor Fiscal 001","zoneamento":"RESIDENCIAL","statusCadastral":"ATIVO","workflowStatus":"PENDENTE","isOfficial":true,"rawProperties":{"cd_identificador":1982059,"cd_identificador_original_lote":8800588,"cd_setor_fiscal":"001","cd_tipo_quadra":"F","tx_tipo_quadra":"FISCAL","cd_quadra_fiscal":"003","cd_subquadra_fiscal":null,"cd_condominio":"00","cd_tipo_lote":"F","tx_tipo_lote":"FISCAL","cd_lote":"0078","cd_situacao":1,"cd_digito_sql":"2","cd_logradouro":"061565","nm_logradouro_completo":"R DUTRA RODRIGUES","cd_numero_porta":"73","tx_complemento_endereco":null,"tx_situ_lote":"ATIVO","cd_tipo_uso_imovel":"40","dc_tipo_uso_imovel":"Não residencial","cd_tipo_terreno_imovel":1,"qt_area_terreno":143,"qt_area_construida":143}}},{"type":"Feature","geometry":{"type":"Polygon","coordinates":[[[-45.028505,-23.524821],[-45.028502,-23.524688],[-45.028502,-23.524655],[-45.028505,-23.52479],[-45.028505,-23.524821]]]},"properties":{"sqlu":"SP-001-982183","inscription":"SP-GEOSAMPA-1982183","inscricaoImobiliaria":"SP-IMO-1982183","setor":"001","quadra":"064","lote":"0046","sourceType":"OFFICIAL_IMPORT","mainAddress":"Setor Fiscal 001","zoneamento":"RESIDENCIAL","statusCadastral":"ATIVO","workflowStatus":"PENDENTE","isOfficial":true,"rawProperties":{"cd_identificador":1982183,"cd_identificador_original_lote":8800272,"cd_setor_fiscal":"001","cd_tipo_quadra":"F","tx_tipo_quadra":"FISCAL","cd_quadra_fiscal":"064","cd_subquadra_fiscal":null,"cd_condominio":"00","cd_tipo_lote":"F","tx_tipo_lote":"FISCAL","cd_lote":"0046","cd_situacao":1,"cd_digito_sql":"0","cd_logradouro":"194948","nm_logradouro_completo":"R VARNHAGEN","cd_numero_porta":"33","tx_complemento_endereco":null,"tx_situ_lote":"ATIVO","cd_tipo_uso_imovel":"40","dc_tipo_uso_imovel":"Não residencial","cd_tipo_terreno_imovel":1,"qt_area_terreno":76,"qt_area_construida":204}}},{"type":"Feature","geometry":{"type":"Polygon","coordinates":[[[-45.028505,-23.524821],[-45.028505,-23.52479],[-45.028506,-23.524813],[-45.028506,-23.524816],[-45.028506,-23.524822],[-45.028508,-23.524869],[-45.028507,-23.52493],[-45.028506,-23.525015],[-45.028506,-23.525049],[-45.028507,-23.525082],[-45.02851,-23.525171],[-45.028509,-23.525247],[-45.028507,-23.525321],[-45.028505,-23.525197],[-45.028502,-23.52502],[-45.028503,-23.52497],[-45.028504,-23.52492],[-45.028505,-23.524845],[-45.028505,-23.524821]]]},"properties":{"sqlu":"SP-001-982184","inscription":"SP-GEOSAMPA-1982184","inscricaoImobiliaria":"SP-IMO-1982184","setor":"001","quadra":"064","lote":"0000","sourceType":"OFFICIAL_IMPORT","mainAddress":"Setor Fiscal 001","zoneamento":"RESIDENCIAL","statusCadastral":"ATIVO","workflowStatus":"PENDENTE","isOfficial":true,"rawProperties":{"cd_identificador":1982184,"cd_identificador_original_lote":8800273,"cd_setor_fiscal":"001","cd_tipo_quadra":"F","tx_tipo_quadra":"FISCAL","cd_quadra_fiscal":"064","cd_subquadra_fiscal":null,"cd_condominio":"02","cd_tipo_lote":"F","tx_tipo_lote":"FISCAL","cd_lote":"0000","cd_situacao":1,"cd_digito_sql":null,"cd_logradouro":"034037","nm_logradouro_completo":"R BOA VISTA","cd_numero_porta":"304 314","tx_complemento_endereco":null,"tx_situ_lote":null,"cd_tipo_uso_imovel":"XX","dc_tipo_uso_imovel":"Condomínio","cd_tipo_terreno_imovel":99,"qt_area_terreno":1245,"qt_area_construida":null}}},{"type":"Feature","geometry":{"type":"Polygon","coordinates":[[[-45.028502,-23.517386],[-45.028502,-23.517297],[-45.028502,-23.517208],[-45.028504,-23.517213],[-45.028505,-23.517393],[-45.028504,-23.517391],[-45.028502,-23.517386]]]},"properties":{"sqlu":"SP-001-982498","inscription":"SP-GEOSAMPA-1982498","inscricaoImobiliaria":"SP-IMO-1982498","setor":"001","quadra":"022","lote":"0020","sourceType":"OFFICIAL_IMPORT","mainAddress":"Setor Fiscal 001","zoneamento":"RESIDENCIAL","statusCadastral":"ATIVO","workflowStatus":"PENDENTE","isOfficial":true,"rawProperties":{"cd_identificador":1982498,"cd_identificador_original_lote":8799778,"cd_setor_fiscal":"001","cd_tipo_quadra":"F","tx_tipo_quadra":"FISCAL","cd_quadra_fiscal":"022","cd_subquadra_fiscal":null,"cd_condominio":"00","cd_tipo_lote":"F","tx_tipo_lote":"FISCAL","cd_lote":"0020","cd_situacao":1,"cd_digito_sql":"3","cd_logradouro":"165930","nm_logradouro_completo":"AV PRESTES MAIA","cd_numero_porta":"880","tx_complemento_endereco":"ENTRE 858 E 894","tx_situ_lote":"ATIVO","cd_tipo_uso_imovel":"84","dc_tipo_uso_imovel":"Não residencial","cd_tipo_terreno_imovel":1,"qt_area_terreno":140,"qt_area_construida":60}}},{"type":"Feature","geometry":{"type":"Polygon","coordinates":[[[-45.028482,-23.525759],[-45.028483,-23.525724],[-45.02849,-23.525809],[-45.028491,-23.525817],[-45.028492,-23.525821],[-45.028491,-23.525857],[-45.02849,-23.525847],[-45.028488,-23.525823],[-45.028482,-23.525759]]]},"properties":{"sqlu":"SP-001-982855","inscription":"SP-GEOSAMPA-1982855","inscricaoImobiliaria":"SP-IMO-1982855","setor":"001","quadra":"075","lote":"0035","sourceType":"OFFICIAL_IMPORT","mainAddress":"Setor Fiscal 001","zoneamento":"RESIDENCIAL","statusCadastral":"ATIVO","workflowStatus":"PENDENTE","isOfficial":true,"rawProperties":{"cd_identificador":1982855,"cd_identificador_original_lote":8800076,"cd_setor_fiscal":"001","cd_tipo_quadra":"F","tx_tipo_quadra":"FISCAL","cd_quadra_fiscal":"075","cd_subquadra_fiscal":null,"cd_condominio":"00","cd_tipo_lote":"F","tx_tipo_lote":"FISCAL","cd_lote":"0035","cd_situacao":1,"cd_digito_sql":"3","cd_logradouro":"197459","nm_logradouro_completo":"R VINTE E CINCO DE MARCO","cd_numero_porta":"493","tx_complemento_endereco":null,"tx_situ_lote":"ATIVO","cd_tipo_uso_imovel":"40","dc_tipo_uso_imovel":"Não residencial","cd_tipo_terreno_imovel":1,"qt_area_terreno":273,"qt_area_construida":538}}},{"type":"Feature","geometry":{"type":"Polygon","coordinates":[[[-45.028464,-23.514609],[-45.028464,-23.514626],[-45.028465,-23.514652],[-45.028464,-23.514658],[-45.028463,-23.514664],[-45.02846,-23.514691],[-45.02846,-23.514665],[-45.02846,-23.514645],[-45.028462,-23.514634],[-45.028462,-23.514632],[-45.028463,-23.514621],[-45.028464,-23.514615],[-45.028464,-23.514609]]]},"properties":{"sqlu":"SP-001-982919","inscription":"SP-GEOSAMPA-1982919","inscricaoImobiliaria":"SP-IMO-1982919","setor":"001","quadra":"004","lote":"0015","sourceType":"OFFICIAL_IMPORT","mainAddress":"Setor Fiscal 001","zoneamento":"RESIDENCIAL","statusCadastral":"ATIVO","workflowStatus":"PENDENTE","isOfficial":true,"rawProperties":{"cd_identificador":1982919,"cd_identificador_original_lote":8799556,"cd_setor_fiscal":"001","cd_tipo_quadra":"F","tx_tipo_quadra":"FISCAL","cd_quadra_fiscal":"004","cd_subquadra_fiscal":null,"cd_condominio":"00","cd_tipo_lote":"F","tx_tipo_lote":"FISCAL","cd_lote":"0015","cd_situacao":1,"cd_digito_sql":"9","cd_logradouro":"016730","nm_logradouro_completo":"R DOM ANTONIO DE MELO","cd_numero_porta":"49","tx_complemento_endereco":null,"tx_situ_lote":"ATIVO","cd_tipo_uso_imovel":"10","dc_tipo_uso_imovel":"Residencial","cd_tipo_terreno_imovel":1,"qt_area_terreno":113,"qt_area_construida":85}}},{"type":"Feature","geometry":{"type":"Polygon","coordinates":[[[-45.028464,-23.514609],[-45.028464,-23.514615],[-45.028463,-23.514621],[-45.028462,-23.514632],[-45.028462,-23.514634],[-45.02846,-23.514645],[-45.02846,-23.514601],[-45.028463,-23.51457],[-45.028464,-23.514564],[-45.028464,-23.514609]]]},"properties":{"sqlu":"SP-001-982920","inscription":"SP-GEOSAMPA-1982920","inscricaoImobiliaria":"SP-IMO-1982920","setor":"001","quadra":"004","lote":"0016","sourceType":"OFFICIAL_IMPORT","mainAddress":"Setor Fiscal 001","zoneamento":"RESIDENCIAL","statusCadastral":"ATIVO","workflowStatus":"PENDENTE","isOfficial":true,"rawProperties":{"cd_identificador":1982920,"cd_identificador_original_lote":8799557,"cd_setor_fiscal":"001","cd_tipo_quadra":"F","tx_tipo_quadra":"FISCAL","cd_quadra_fiscal":"004","cd_subquadra_fiscal":null,"cd_condominio":"00","cd_tipo_lote":"F","tx_tipo_lote":"FISCAL","cd_lote":"0016","cd_situacao":1,"cd_digito_sql":"7","cd_logradouro":"016730","nm_logradouro_completo":"R DOM ANTONIO DE MELO","cd_numero_porta":"53","tx_complemento_endereco":null,"tx_situ_lote":"ATIVO","cd_tipo_uso_imovel":"42","dc_tipo_uso_imovel":"Não residencial","cd_tipo_terreno_imovel":1,"qt_area_terreno":125,"qt_area_construida":80}}},{"type":"Feature","geometry":{"type":"Polygon","coordinates":[[[-45.028437,-23.515616],[-45.028438,-23.515667],[-45.028436,-23.515701],[-45.028433,-23.515762],[-45.028432,-23.515668],[-45.028433,-23.51566],[-45.028434,-23.515648],[-45.028435,-23.515638],[-45.028435,-23.515636],[-45.028437,-23.515623],[-45.028437,-23.515621],[-45.028437,-23.515616]]]},"properties":{"sqlu":"SP-001-982814","inscription":"SP-GEOSAMPA-1982814","inscricaoImobiliaria":"SP-IMO-1982814","setor":"001","quadra":"011","lote":"0049","sourceType":"OFFICIAL_IMPORT","mainAddress":"Setor Fiscal 001","zoneamento":"RESIDENCIAL","statusCadastral":"ATIVO","workflowStatus":"PENDENTE","isOfficial":true,"rawProperties":{"cd_identificador":1982814,"cd_identificador_original_lote":8800668,"cd_setor_fiscal":"001","cd_tipo_quadra":"F","tx_tipo_quadra":"FISCAL","cd_quadra_fiscal":"011","cd_subquadra_fiscal":null,"cd_condominio":"00","cd_tipo_lote":"F","tx_tipo_lote":"FISCAL","cd_lote":"0049","cd_situacao":1,"cd_digito_sql":"3","cd_logradouro":"059633","nm_logradouro_completo":"R DJALMA DUTRA","cd_numero_porta":"69","tx_complemento_endereco":null,"tx_situ_lote":"ATIVO","cd_tipo_uso_imovel":"10","dc_tipo_uso_imovel":"Residencial","cd_tipo_terreno_imovel":1,"qt_area_terreno":240,"qt_area_construida":160}}},{"type":"Feature","geometry":{"type":"Polygon","coordinates":[[[-45.028507,-23.520845],[-45.028507,-23.520846],[-45.028509,-23.520851],[-45.028509,-23.520923],[-45.028507,-23.520916],[-45.028506,-23.520915],[-45.028506,-23.520889],[-45.028506,-23.520868],[-45.028506,-23.520843],[-45.028507,-23.520845]]]},"properties":{"sqlu":"SP-001-982753","inscription":"SP-GEOSAMPA-1982753","inscricaoImobiliaria":"SP-IMO-1982753","setor":"001","quadra":"039","lote":"0033","sourceType":"OFFICIAL_IMPORT","mainAddress":"Setor Fiscal 001","zoneamento":"RESIDENCIAL","statusCadastral":"ATIVO","workflowStatus":"PENDENTE","isOfficial":true,"rawProperties":{"cd_identificador":1982753,"cd_identificador_original_lote":8800951,"cd_setor_fiscal":"001","cd_tipo_quadra":"F","tx_tipo_quadra":"FISCAL","cd_quadra_fiscal":"039","cd_subquadra_fiscal":null,"cd_condominio":"00","cd_tipo_lote":"F","tx_tipo_lote":"FISCAL","cd_lote":"0033","cd_situacao":1,"cd_digito_sql":"0","cd_logradouro":"165930","nm_logradouro_completo":"AV PRESTES MAIA","cd_numero_porta":"470","tx_complemento_endereco":"E 474","tx_situ_lote":"ATIVO","cd_tipo_uso_imovel":"42","dc_tipo_uso_imovel":"Não residencial","cd_tipo_terreno_imovel":1,"qt_area_terreno":119,"qt_area_construida":390}}},{"type":"Feature","geometry":{"type":"Polygon","coordinates":[[[-45.028435,-23.513628],[-45.028436,-23.513613],[-45.028437,-23.513875],[-45.028436,-23.51389],[-45.028435,-23.513801],[-45.028435,-23.513768],[-45.028435,-23.513763],[-45.028435,-23.513706],[-45.028435,-23.513628]]]},"properties":{"sqlu":"SP-001-982754","inscription":"SP-GEOSAMPA-1982754","inscricaoImobiliaria":"SP-IMO-1982754","setor":"001","quadra":"007","lote":"0055","sourceType":"OFFICIAL_IMPORT","mainAddress":"Setor Fiscal 001","zoneamento":"RESIDENCIAL","statusCadastral":"ATIVO","workflowStatus":"PENDENTE","isOfficial":true,"rawProperties":{"cd_identificador":1982754,"cd_identificador_original_lote":8799931,"cd_setor_fiscal":"001","cd_tipo_quadra":"F","tx_tipo_quadra":"FISCAL","cd_quadra_fiscal":"007","cd_subquadra_fiscal":null,"cd_condominio":"00","cd_tipo_lote":"F","tx_tipo_lote":"FISCAL","cd_lote":"0055","cd_situacao":1,"cd_digito_sql":"1","cd_logradouro":"104850","nm_logradouro_completo":"R JOAO TEODORO","cd_numero_porta":"316","tx_complemento_endereco":null,"tx_situ_lote":"ATIVO","cd_tipo_uso_imovel":"10","dc_tipo_uso_imovel":"Residencial","cd_tipo_terreno_imovel":1,"qt_area_terreno":185,"qt_area_construida":307}}},{"type":"Feature","geometry":{"type":"Polygon","coordinates":[[[-45.028469,-23.519057],[-45.028468,-23.51907],[-45.028468,-23.519039],[-45.028467,-23.518924],[-45.028468,-23.518923],[-45.028468,-23.51891],[-45.028469,-23.519025],[-45.028469,-23.519057]]]},"properties":{"sqlu":"SP-001-982740","inscription":"SP-GEOSAMPA-1982740","inscricaoImobiliaria":"SP-IMO-1982740","setor":"001","quadra":"032","lote":"0022","sourceType":"OFFICIAL_IMPORT","mainAddress":"Setor Fiscal 001","zoneamento":"RESIDENCIAL","statusCadastral":"ATIVO","workflowStatus":"PENDENTE","isOfficial":true,"rawProperties":{"cd_identificador":1982740,"cd_identificador_original_lote":8800817,"cd_setor_fiscal":"001","cd_tipo_quadra":"F","tx_tipo_quadra":"FISCAL","cd_quadra_fiscal":"032","cd_subquadra_fiscal":null,"cd_condominio":"00","cd_tipo_lote":"F","tx_tipo_lote":"FISCAL","cd_lote":"0022","cd_situacao":1,"cd_digito_sql":"3","cd_logradouro":"329843","nm_logradouro_completo":"R ILHA DAS FLORES","cd_numero_porta":"163","tx_complemento_endereco":null,"tx_situ_lote":"ATIVO","cd_tipo_uso_imovel":"10","dc_tipo_uso_imovel":"Residencial","cd_tipo_terreno_imovel":1,"qt_area_terreno":97,"qt_area_construida":135}}},{"type":"Feature","geometry":{"type":"Polygon","coordinates":[[[-45.028521,-23.524248],[-45.028521,-23.524249],[-45.028521,-23.524251],[-45.028521,-23.52426],[-45.028521,-23.52427],[-45.028521,-23.524279],[-45.028522,-23.524303],[-45.028522,-23.524336],[-45.028522,-23.524345],[-45.028522,-23.524363],[-45.028522,-23.52437],[-45.028522,-23.524383],[-45.028522,-23.524394],[-45.028522,-23.524402],[-45.028522,-23.524426],[-45.028518,-23.52455],[-45.028517,-23.524553],[-45.028517,-23.524553],[-45.028517,-23.524552],[-45.028517,-23.524548],[-45.028517,-23.52454],[-45.028516,-23.524532],[-45.028515,-23.524431],[-45.028515,-23.524415],[-45.028515,-23.524402],[-45.028515,-23.524384],[-45.028515,-23.524372],[-45.028515,-23.524363],[-45.028516,-23.524354],[-45.028516,-23.524347],[-45.028516,-23.52434],[-45.028517,-23.524334],[-45.028517,-23.524333],[-45.028517,-23.524331],[-45.028517,-23.524328],[-45.028518,-23.524323],[-45.028518,-23.524317],[-45.028518,-23.524308],[-45.02852,-23.524268],[-45.02852,-23.524255],[-45.02852,-23.524251],[-45.028521,-23.524249],[-45.028521,-23.524248]]]},"properties":{"sqlu":"SP-001-982820","inscription":"SP-GEOSAMPA-1982820","inscricaoImobiliaria":"SP-IMO-1982820","setor":"001","quadra":"011","lote":"0011","sourceType":"OFFICIAL_IMPORT","mainAddress":"Setor Fiscal 001","zoneamento":"RESIDENCIAL","statusCadastral":"ATIVO","workflowStatus":"PENDENTE","isOfficial":true,"rawProperties":{"cd_identificador":1982820,"cd_identificador_original_lote":8800533,"cd_setor_fiscal":"001","cd_tipo_quadra":"M","tx_tipo_quadra":"MUNICIPAL","cd_quadra_fiscal":"011","cd_subquadra_fiscal":null,"cd_condominio":"00","cd_tipo_lote":"M","tx_tipo_lote":"MUNICIPAL","cd_lote":"0011","cd_situacao":1,"cd_digito_sql":null,"cd_logradouro":null,"nm_logradouro_completo":null,"cd_numero_porta":null,"tx_complemento_endereco":null,"tx_situ_lote":null,"cd_tipo_uso_imovel":null,"dc_tipo_uso_imovel":null,"cd_tipo_terreno_imovel":null,"qt_area_terreno":null,"qt_area_construida":null}}},{"type":"Feature","geometry":{"type":"Polygon","coordinates":[[[-45.028431,-23.514581],[-45.02843,-23.514539],[-45.028432,-23.514522],[-45.028432,-23.514565],[-45.028431,-23.514583],[-45.028431,-23.514581]]]},"properties":{"sqlu":"SP-001-983066","inscription":"SP-GEOSAMPA-1983066","inscricaoImobiliaria":"SP-IMO-1983066","setor":"001","quadra":"007","lote":"0088","sourceType":"OFFICIAL_IMPORT","mainAddress":"Setor Fiscal 001","zoneamento":"RESIDENCIAL","statusCadastral":"ATIVO","workflowStatus":"PENDENTE","isOfficial":true,"rawProperties":{"cd_identificador":1983066,"cd_identificador_original_lote":8799889,"cd_setor_fiscal":"001","cd_tipo_quadra":"F","tx_tipo_quadra":"FISCAL","cd_quadra_fiscal":"007","cd_subquadra_fiscal":null,"cd_condominio":"00","cd_tipo_lote":"F","tx_tipo_lote":"FISCAL","cd_lote":"0088","cd_situacao":1,"cd_digito_sql":"8","cd_logradouro":"084921","nm_logradouro_completo":"R GUILHERME MAW","cd_numero_porta":"64","tx_complemento_endereco":"CS 18","tx_situ_lote":"ATIVO","cd_tipo_uso_imovel":"10","dc_tipo_uso_imovel":"Residencial","cd_tipo_terreno_imovel":4,"qt_area_terreno":50,"qt_area_construida":80}}},{"type":"Feature","geometry":{"type":"Polygon","coordinates":[[[-45.028494,-23.524656],[-45.028493,-23.524582],[-45.028495,-23.5245],[-45.028495,-23.52447],[-45.028496,-23.524455],[-45.028497,-23.524527],[-45.028494,-23.524656]]]},"properties":{"sqlu":"SP-001-983455","inscription":"SP-GEOSAMPA-1983455","inscricaoImobiliaria":"SP-IMO-1983455","setor":"001","quadra":"064","lote":"0034","sourceType":"OFFICIAL_IMPORT","mainAddress":"Setor Fiscal 001","zoneamento":"RESIDENCIAL","statusCadastral":"ATIVO","workflowStatus":"PENDENTE","isOfficial":true,"rawProperties":{"cd_identificador":1983455,"cd_identificador_original_lote":8800301,"cd_setor_fiscal":"001","cd_tipo_quadra":"F","tx_tipo_quadra":"FISCAL","cd_quadra_fiscal":"064","cd_subquadra_fiscal":null,"cd_condominio":"00","cd_tipo_lote":"F","tx_tipo_lote":"FISCAL","cd_lote":"0034","cd_situacao":1,"cd_digito_sql":"7","cd_logradouro":"165239","nm_logradouro_completo":"LD PORTO GERAL","cd_numero_porta":"123","tx_complemento_endereco":"127 E 133","tx_situ_lote":"ATIVO","cd_tipo_uso_imovel":"31","dc_tipo_uso_imovel":"Não residencial","cd_tipo_terreno_imovel":1,"qt_area_terreno":325,"qt_area_construida":1800}}},{"type":"Feature","geometry":{"type":"Polygon","coordinates":[[[-45.028437,-23.519348],[-45.028437,-23.519308],[-45.028437,-23.519303],[-45.028436,-23.519041],[-45.028438,-23.519008],[-45.028439,-23.519274],[-45.02844,-23.519294],[-45.02844,-23.519316],[-45.028438,-23.519334],[-45.028437,-23.519348]]]},"properties":{"sqlu":"SP-001-983684","inscription":"SP-GEOSAMPA-1983684","inscricaoImobiliaria":"SP-IMO-1983684","setor":"001","quadra":"034","lote":"0024","sourceType":"OFFICIAL_IMPORT","mainAddress":"Setor Fiscal 001","zoneamento":"RESIDENCIAL","statusCadastral":"ATIVO","workflowStatus":"PENDENTE","isOfficial":true,"rawProperties":{"cd_identificador":1983684,"cd_identificador_original_lote":8800858,"cd_setor_fiscal":"001","cd_tipo_quadra":"F","tx_tipo_quadra":"FISCAL","cd_quadra_fiscal":"034","cd_subquadra_fiscal":null,"cd_condominio":"00","cd_tipo_lote":"F","tx_tipo_lote":"FISCAL","cd_lote":"0024","cd_situacao":1,"cd_digito_sql":"9","cd_logradouro":"156299","nm_logradouro_completo":"R PAULA SOUSA","cd_numero_porta":"358","tx_complemento_endereco":"364 368 E370","tx_situ_lote":"ATIVO","cd_tipo_uso_imovel":"43","dc_tipo_uso_imovel":"Não residencial","cd_tipo_terreno_imovel":1,"qt_area_terreno":462,"qt_area_construida":1432}}},{"type":"Feature","geometry":{"type":"Polygon","coordinates":[[[-45.02853,-23.528121],[-45.028531,-23.528135],[-45.028531,-23.528188],[-45.028531,-23.52827],[-45.02853,-23.528263],[-45.028529,-23.528257],[-45.028527,-23.528233],[-45.028526,-23.528224],[-45.028527,-23.528084],[-45.028528,-23.528095],[-45.028529,-23.528113],[-45.02853,-23.528121]]]},"properties":{"sqlu":"SP-001-983739","inscription":"SP-GEOSAMPA-1983739","inscricaoImobiliaria":"SP-IMO-1983739","setor":"001","quadra":"084","lote":"0012","sourceType":"OFFICIAL_IMPORT","mainAddress":"Setor Fiscal 001","zoneamento":"RESIDENCIAL","statusCadastral":"ATIVO","workflowStatus":"PENDENTE","isOfficial":true,"rawProperties":{"cd_identificador":1983739,"cd_identificador_original_lote":8800006,"cd_setor_fiscal":"001","cd_tipo_quadra":"F","tx_tipo_quadra":"FISCAL","cd_quadra_fiscal":"084","cd_subquadra_fiscal":null,"cd_condominio":"00","cd_tipo_lote":"F","tx_tipo_lote":"FISCAL","cd_lote":"0012","cd_situacao":1,"cd_digito_sql":"3","cd_logradouro":"008664","nm_logradouro_completo":"R ALVARES PENTEADO","cd_numero_porta":"75","tx_complemento_endereco":"83 E 87","tx_situ_lote":"ATIVO","cd_tipo_uso_imovel":"43","dc_tipo_uso_imovel":"Não residencial","cd_tipo_terreno_imovel":1,"qt_area_terreno":410,"qt_area_construida":3404}}},{"type":"Feature","geometry":{"type":"Polygon","coordinates":[[[-45.02853,-23.528121],[-45.02853,-23.528099],[-45.02853,-23.528047],[-45.02853,-23.528047],[-45.02853,-23.528003],[-45.028531,-23.52801],[-45.028531,-23.528135],[-45.02853,-23.528121]]]},"properties":{"sqlu":"SP-001-983740","inscription":"SP-GEOSAMPA-1983740","inscricaoImobiliaria":"SP-IMO-1983740","setor":"001","quadra":"084","lote":"0010","sourceType":"OFFICIAL_IMPORT","mainAddress":"Setor Fiscal 001","zoneamento":"RESIDENCIAL","statusCadastral":"ATIVO","workflowStatus":"PENDENTE","isOfficial":true,"rawProperties":{"cd_identificador":1983740,"cd_identificador_original_lote":8800020,"cd_setor_fiscal":"001","cd_tipo_quadra":"F","tx_tipo_quadra":"FISCAL","cd_quadra_fiscal":"084","cd_subquadra_fiscal":null,"cd_condominio":"00","cd_tipo_lote":"F","tx_tipo_lote":"FISCAL","cd_lote":"0010","cd_situacao":1,"cd_digito_sql":"7","cd_logradouro":"167703","nm_logradouro_completo":"R DA QUITANDA","cd_numero_porta":"71","tx_complemento_endereco":null,"tx_situ_lote":"ATIVO","cd_tipo_uso_imovel":"40","dc_tipo_uso_imovel":"Não residencial","cd_tipo_terreno_imovel":1,"qt_area_terreno":78,"qt_area_construida":180}}},{"type":"Feature","geometry":{"type":"Polygon","coordinates":[[[-45.028536,-23.527642],[-45.028536,-23.527593],[-45.028536,-23.527575],[-45.028538,-23.527568],[-45.02854,-23.527556],[-45.028541,-23.527548],[-45.028543,-23.527537],[-45.028544,-23.527495],[-45.028545,-23.527582],[-45.028544,-23.527605],[-45.028543,-23.527618],[-45.028542,-23.527641],[-45.028542,-23.527644],[-45.028539,-23.527654],[-45.028539,-23.527654],[-45.028539,-23.527651],[-45.028539,-23.52765],[-45.028538,-23.527648],[-45.028537,-23.527644],[-45.028536,-23.527642]]]},"properties":{"sqlu":"SP-001-983675","inscription":"SP-GEOSAMPA-1983675","inscricaoImobiliaria":"SP-IMO-1983675","setor":"001","quadra":"081","lote":"0019","sourceType":"OFFICIAL_IMPORT","mainAddress":"Setor Fiscal 001","zoneamento":"RESIDENCIAL","statusCadastral":"ATIVO","workflowStatus":"PENDENTE","isOfficial":true,"rawProperties":{"cd_identificador":1983675,"cd_identificador_original_lote":8800317,"cd_setor_fiscal":"001","cd_tipo_quadra":"F","tx_tipo_quadra":"FISCAL","cd_quadra_fiscal":"081","cd_subquadra_fiscal":null,"cd_condominio":"00","cd_tipo_lote":"F","tx_tipo_lote":"FISCAL","cd_lote":"0019","cd_situacao":1,"cd_digito_sql":"7","cd_logradouro":"032107","nm_logradouro_completo":"R S BENTO","cd_numero_porta":"216","tx_complemento_endereco":"E 220","tx_situ_lote":"ATIVO","cd_tipo_uso_imovel":"43","dc_tipo_uso_imovel":"Não residencial","cd_tipo_terreno_imovel":1,"qt_area_terreno":526,"qt_area_construida":2719}}},{"type":"Feature","geometry":{"type":"Polygon","coordinates":[[[-45.028504,-23.51849],[-45.028498,-23.518465],[-45.028498,-23.518384],[-45.028503,-23.518405],[-45.028504,-23.518408],[-45.028504,-23.51849]]]},"properties":{"sqlu":"SP-001-983780","inscription":"SP-GEOSAMPA-1983780","inscricaoImobiliaria":"SP-IMO-1983780","setor":"001","quadra":"030","lote":"0017","sourceType":"OFFICIAL_IMPORT","mainAddress":"Setor Fiscal 001","zoneamento":"RESIDENCIAL","statusCadastral":"ATIVO","workflowStatus":"PENDENTE","isOfficial":true,"rawProperties":{"cd_identificador":1983780,"cd_identificador_original_lote":8799449,"cd_setor_fiscal":"001","cd_tipo_quadra":"F","tx_tipo_quadra":"FISCAL","cd_quadra_fiscal":"030","cd_subquadra_fiscal":null,"cd_condominio":"00","cd_tipo_lote":"F","tx_tipo_lote":"FISCAL","cd_lote":"0017","cd_situacao":1,"cd_digito_sql":"8","cd_logradouro":"072044","nm_logradouro_completo":"R FLORENCIO DE ABREU","cd_numero_porta":"673","tx_complemento_endereco":null,"tx_situ_lote":"ATIVO","cd_tipo_uso_imovel":"31","dc_tipo_uso_imovel":"Não residencial","cd_tipo_terreno_imovel":1,"qt_area_terreno":360,"qt_area_construida":1213}}},{"type":"Feature","geometry":{"type":"Polygon","coordinates":[[[-45.028478,-23.522743],[-45.028478,-23.522679],[-45.028483,-23.522636],[-45.028483,-23.5227],[-45.028478,-23.522743]]]},"properties":{"sqlu":"SP-001-983851","inscription":"SP-GEOSAMPA-1983851","inscricaoImobiliaria":"SP-IMO-1983851","setor":"001","quadra":"065","lote":"0005","sourceType":"OFFICIAL_IMPORT","mainAddress":"Setor Fiscal 001","zoneamento":"RESIDENCIAL","statusCadastral":"ATIVO","workflowStatus":"PENDENTE","isOfficial":true,"rawProperties":{"cd_identificador":1983851,"cd_identificador_original_lote":8800308,"cd_setor_fiscal":"001","cd_tipo_quadra":"F","tx_tipo_quadra":"FISCAL","cd_quadra_fiscal":"065","cd_subquadra_fiscal":null,"cd_condominio":"00","cd_tipo_lote":"F","tx_tipo_lote":"FISCAL","cd_lote":"0005","cd_situacao":1,"cd_digito_sql":"8","cd_logradouro":"197459","nm_logradouro_completo":"R VINTE E CINCO DE MARCO","cd_numero_porta":"846","tx_complemento_endereco":null,"tx_situ_lote":"ATIVO","cd_tipo_uso_imovel":"40","dc_tipo_uso_imovel":"Não residencial","cd_tipo_terreno_imovel":3,"qt_area_terreno":198,"qt_area_construida":396}}},{"type":"Feature","geometry":{"type":"Polygon","coordinates":[[[-45.028455,-23.522134],[-45.028457,-23.52211],[-45.028457,-23.52211],[-45.028458,-23.522111],[-45.028458,-23.522114],[-45.028458,-23.522117],[-45.028458,-23.522122],[-45.028458,-23.522127],[-45.028458,-23.522133],[-45.028458,-23.52214],[-45.028458,-23.522146],[-45.028458,-23.522302],[-45.028457,-23.52231],[-45.028457,-23.522311],[-45.028456,-23.522313],[-45.028455,-23.522318],[-45.028455,-23.522278],[-45.028455,-23.522234],[-45.028455,-23.522202],[-45.028455,-23.522134]]]},"properties":{"sqlu":"SP-001-983963","inscription":"SP-GEOSAMPA-1983963","inscricaoImobiliaria":"SP-IMO-1983963","setor":"001","quadra":"068","lote":"0007","sourceType":"OFFICIAL_IMPORT","mainAddress":"Setor Fiscal 001","zoneamento":"RESIDENCIAL","statusCadastral":"ATIVO","workflowStatus":"PENDENTE","isOfficial":true,"rawProperties":{"cd_identificador":1983963,"cd_identificador_original_lote":8800431,"cd_setor_fiscal":"001","cd_tipo_quadra":"F","tx_tipo_quadra":"FISCAL","cd_quadra_fiscal":"068","cd_subquadra_fiscal":null,"cd_condominio":"00","cd_tipo_lote":"F","tx_tipo_lote":"FISCAL","cd_lote":"0007","cd_situacao":1,"cd_digito_sql":"8","cd_logradouro":"002755","nm_logradouro_completo":"R COMEN AFONSO KHERLAKIAN","cd_numero_porta":"158","tx_complemento_endereco":"160 E 166","tx_situ_lote":"ATIVO","cd_tipo_uso_imovel":"42","dc_tipo_uso_imovel":"Não residencial","cd_tipo_terreno_imovel":2,"qt_area_terreno":392,"qt_area_construida":5803}}},{"type":"Feature","geometry":{"type":"Polygon","coordinates":[[[-45.028571,-23.523214],[-45.028572,-23.523167],[-45.028572,-23.523139],[-45.028572,-23.52313],[-45.028572,-23.523111],[-45.028572,-23.523099],[-45.028572,-23.523073],[-45.028572,-23.523049],[-45.028574,-23.523061],[-45.028573,-23.523116],[-45.028573,-23.52314],[-45.028573,-23.523224],[-45.028571,-23.523214]]]},"properties":{"sqlu":"SP-001-983934","inscription":"SP-GEOSAMPA-1983934","inscricaoImobiliaria":"SP-IMO-1983934","setor":"001","quadra":"057","lote":"0000","sourceType":"OFFICIAL_IMPORT","mainAddress":"Setor Fiscal 001","zoneamento":"RESIDENCIAL","statusCadastral":"ATIVO","workflowStatus":"PENDENTE","isOfficial":true,"rawProperties":{"cd_identificador":1983934,"cd_identificador_original_lote":8800486,"cd_setor_fiscal":"001","cd_tipo_quadra":"F","tx_tipo_quadra":"FISCAL","cd_quadra_fiscal":"057","cd_subquadra_fiscal":null,"cd_condominio":"06","cd_tipo_lote":"F","tx_tipo_lote":"FISCAL","cd_lote":"0000","cd_situacao":1,"cd_digito_sql":null,"cd_logradouro":"176338","nm_logradouro_completo":"R CAP SALOMAO","cd_numero_porta":"88 92","tx_complemento_endereco":null,"tx_situ_lote":null,"cd_tipo_uso_imovel":"XX","dc_tipo_uso_imovel":"Condomínio","cd_tipo_terreno_imovel":99,"qt_area_terreno":188,"qt_area_construida":null}}},{"type":"Feature","geometry":{"type":"Polygon","coordinates":[[[-45.028494,-23.526664],[-45.028495,-23.526691],[-45.028496,-23.52672],[-45.028495,-23.526762],[-45.028494,-23.52673],[-45.02849,-23.526894],[-45.028489,-23.526834],[-45.028492,-23.526696],[-45.028494,-23.526664]]]},"properties":{"sqlu":"SP-001-984095","inscription":"SP-GEOSAMPA-1984095","inscricaoImobiliaria":"SP-IMO-1984095","setor":"001","quadra":"075","lote":"0057","sourceType":"OFFICIAL_IMPORT","mainAddress":"Setor Fiscal 001","zoneamento":"RESIDENCIAL","statusCadastral":"ATIVO","workflowStatus":"PENDENTE","isOfficial":true,"rawProperties":{"cd_identificador":1984095,"cd_identificador_original_lote":8800079,"cd_setor_fiscal":"001","cd_tipo_quadra":"F","tx_tipo_quadra":"FISCAL","cd_quadra_fiscal":"075","cd_subquadra_fiscal":null,"cd_condominio":"00","cd_tipo_lote":"F","tx_tipo_lote":"FISCAL","cd_lote":"0057","cd_situacao":1,"cd_digito_sql":"4","cd_logradouro":"044695","nm_logradouro_completo":"R GAL CARNEIRO","cd_numero_porta":"207","tx_complemento_endereco":null,"tx_situ_lote":"ATIVO","cd_tipo_uso_imovel":"40","dc_tipo_uso_imovel":"Não residencial","cd_tipo_terreno_imovel":1,"qt_area_terreno":324,"qt_area_construida":819}}},{"type":"Feature","geometry":{"type":"Polygon","coordinates":[[[-45.028492,-23.518566],[-45.028492,-23.518691],[-45.028492,-23.518742],[-45.028492,-23.518781],[-45.028491,-23.51878],[-45.028491,-23.518779],[-45.028491,-23.518563],[-45.028492,-23.518566]]]},"properties":{"sqlu":"SP-001-984067","inscription":"SP-GEOSAMPA-1984067","inscricaoImobiliaria":"SP-IMO-1984067","setor":"001","quadra":"031","lote":"0021","sourceType":"OFFICIAL_IMPORT","mainAddress":"Setor Fiscal 001","zoneamento":"RESIDENCIAL","statusCadastral":"ATIVO","workflowStatus":"PENDENTE","isOfficial":true,"rawProperties":{"cd_identificador":1984067,"cd_identificador_original_lote":8799616,"cd_setor_fiscal":"001","cd_tipo_quadra":"F","tx_tipo_quadra":"FISCAL","cd_quadra_fiscal":"031","cd_subquadra_fiscal":null,"cd_condominio":"00","cd_tipo_lote":"F","tx_tipo_lote":"FISCAL","cd_lote":"0021","cd_situacao":1,"cd_digito_sql":"0","cd_logradouro":"068748","nm_logradouro_completo":"BC DA FABRICA","cd_numero_porta":"S/N","tx_complemento_endereco":null,"tx_situ_lote":"ATIVO","cd_tipo_uso_imovel":"00","dc_tipo_uso_imovel":"Terreno","cd_tipo_terreno_imovel":1,"qt_area_terreno":105,"qt_area_construida":0}}},{"type":"Feature","geometry":{"type":"Polygon","coordinates":[[[-45.028506,-23.523646],[-45.028505,-23.523578],[-45.02851,-23.523459],[-45.02851,-23.523481],[-45.028509,-23.523501],[-45.02851,-23.523542],[-45.028506,-23.523646]]]},"properties":{"sqlu":"SP-001-984290","inscription":"SP-GEOSAMPA-1984290","inscricaoImobiliaria":"SP-IMO-1984290","setor":"001","quadra":"049","lote":"0231","sourceType":"OFFICIAL_IMPORT","mainAddress":"Setor Fiscal 001","zoneamento":"RESIDENCIAL","statusCadastral":"ATIVO","workflowStatus":"PENDENTE","isOfficial":true,"rawProperties":{"cd_identificador":1984290,"cd_identificador_original_lote":8800970,"cd_setor_fiscal":"001","cd_tipo_quadra":"F","tx_tipo_quadra":"FISCAL","cd_quadra_fiscal":"049","cd_subquadra_fiscal":null,"cd_condominio":"00","cd_tipo_lote":"F","tx_tipo_lote":"FISCAL","cd_lote":"0231","cd_situacao":1,"cd_digito_sql":"0","cd_logradouro":"072044","nm_logradouro_completo":"R FLORENCIO DE ABREU","cd_numero_porta":"85","tx_complemento_endereco":null,"tx_situ_lote":"ATIVO","cd_tipo_uso_imovel":"40","dc_tipo_uso_imovel":"Não residencial","cd_tipo_terreno_imovel":1,"qt_area_terreno":253,"qt_area_construida":710}}},{"type":"Feature","geometry":{"type":"Polygon","coordinates":[[[-45.028485,-23.523177],[-45.028485,-23.523242],[-45.02848,-23.523281],[-45.02848,-23.523215],[-45.028485,-23.523177]]]},"properties":{"sqlu":"SP-001-984363","inscription":"SP-GEOSAMPA-1984363","inscricaoImobiliaria":"SP-IMO-1984363","setor":"001","quadra":"066","lote":"0008","sourceType":"OFFICIAL_IMPORT","mainAddress":"Setor Fiscal 001","zoneamento":"RESIDENCIAL","statusCadastral":"ATIVO","workflowStatus":"PENDENTE","isOfficial":true,"rawProperties":{"cd_identificador":1984363,"cd_identificador_original_lote":8800150,"cd_setor_fiscal":"001","cd_tipo_quadra":"F","tx_tipo_quadra":"FISCAL","cd_quadra_fiscal":"066","cd_subquadra_fiscal":null,"cd_condominio":"00","cd_tipo_lote":"F","tx_tipo_lote":"FISCAL","cd_lote":"0008","cd_situacao":1,"cd_digito_sql":"7","cd_logradouro":"197459","nm_logradouro_completo":"R VINTE E CINCO DE MARCO","cd_numero_porta":"786","tx_complemento_endereco":null,"tx_situ_lote":"ATIVO","cd_tipo_uso_imovel":"40","dc_tipo_uso_imovel":"Não residencial","cd_tipo_terreno_imovel":3,"qt_area_terreno":217,"qt_area_construida":648}}},{"type":"Feature","geometry":{"type":"Polygon","coordinates":[[[-45.028496,-23.520488],[-45.028498,-23.520494],[-45.028498,-23.520496],[-45.028501,-23.520505],[-45.028501,-23.520604],[-45.028499,-23.520598],[-45.028498,-23.520594],[-45.028495,-23.520586],[-45.028496,-23.520488]]]},"properties":{"sqlu":"SP-001-984208","inscription":"SP-GEOSAMPA-1984208","inscricaoImobiliaria":"SP-IMO-1984208","setor":"001","quadra":"040","lote":"0003","sourceType":"OFFICIAL_IMPORT","mainAddress":"Setor Fiscal 001","zoneamento":"RESIDENCIAL","statusCadastral":"ATIVO","workflowStatus":"PENDENTE","isOfficial":true,"rawProperties":{"cd_identificador":1984208,"cd_identificador_original_lote":8801048,"cd_setor_fiscal":"001","cd_tipo_quadra":"F","tx_tipo_quadra":"FISCAL","cd_quadra_fiscal":"040","cd_subquadra_fiscal":null,"cd_condominio":"00","cd_tipo_lote":"F","tx_tipo_lote":"FISCAL","cd_lote":"0003","cd_situacao":1,"cd_digito_sql":"1","cd_logradouro":"072044","nm_logradouro_completo":"R FLORENCIO DE ABREU","cd_numero_porta":"435","tx_complemento_endereco":"441","tx_situ_lote":"ATIVO","cd_tipo_uso_imovel":"31","dc_tipo_uso_imovel":"Não residencial","cd_tipo_terreno_imovel":3,"qt_area_terreno":377,"qt_area_construida":1797}}},{"type":"Feature","geometry":{"type":"Polygon","coordinates":[[[-45.028518,-23.528914],[-45.028518,-23.52896],[-45.028519,-23.529093],[-45.028517,-23.529122],[-45.028516,-23.528956],[-45.028517,-23.528921],[-45.028518,-23.528914]]]},"properties":{"sqlu":"SP-001-984564","inscription":"SP-GEOSAMPA-1984564","inscricaoImobiliaria":"SP-IMO-1984564","setor":"001","quadra":"086","lote":"0011","sourceType":"OFFICIAL_IMPORT","mainAddress":"Setor Fiscal 001","zoneamento":"RESIDENCIAL","statusCadastral":"ATIVO","workflowStatus":"PENDENTE","isOfficial":true,"rawProperties":{"cd_identificador":1984564,"cd_identificador_original_lote":8800238,"cd_setor_fiscal":"001","cd_tipo_quadra":"F","tx_tipo_quadra":"FISCAL","cd_quadra_fiscal":"086","cd_subquadra_fiscal":null,"cd_condominio":"00","cd_tipo_lote":"F","tx_tipo_lote":"FISCAL","cd_lote":"0011","cd_situacao":1,"cd_digito_sql":"4","cd_logradouro":"059447","nm_logradouro_completo":"R DIREITA","cd_numero_porta":"52","tx_complemento_endereco":"E 60","tx_situ_lote":"ATIVO","cd_tipo_uso_imovel":"40","dc_tipo_uso_imovel":"Não residencial","cd_tipo_terreno_imovel":1,"qt_area_terreno":268,"qt_area_construida":326}}},{"type":"Feature","geometry":{"type":"Polygon","coordinates":[[[-45.028507,-23.520431],[-45.028507,-23.520486],[-45.028506,-23.520482],[-45.028503,-23.520472],[-45.028503,-23.520415],[-45.028507,-23.520431]]]},"properties":{"sqlu":"SP-001-984502","inscription":"SP-GEOSAMPA-1984502","inscricaoImobiliaria":"SP-IMO-1984502","setor":"001","quadra":"039","lote":"0018","sourceType":"OFFICIAL_IMPORT","mainAddress":"Setor Fiscal 001","zoneamento":"RESIDENCIAL","statusCadastral":"ATIVO","workflowStatus":"PENDENTE","isOfficial":true,"rawProperties":{"cd_identificador":1984502,"cd_identificador_original_lote":8800955,"cd_setor_fiscal":"001","cd_tipo_quadra":"F","tx_tipo_quadra":"FISCAL","cd_quadra_fiscal":"039","cd_subquadra_fiscal":null,"cd_condominio":"00","cd_tipo_lote":"F","tx_tipo_lote":"FISCAL","cd_lote":"0018","cd_situacao":1,"cd_digito_sql":"7","cd_logradouro":"025615","nm_logradouro_completo":"R AUGUSTO SEVERO","cd_numero_porta":"79","tx_complemento_endereco":"E 83","tx_situ_lote":"ATIVO","cd_tipo_uso_imovel":"40","dc_tipo_uso_imovel":"Não residencial","cd_tipo_terreno_imovel":1,"qt_area_terreno":152,"qt_area_construida":394}}},{"type":"Feature","geometry":{"type":"Polygon","coordinates":[[[-45.028409,-23.516711],[-45.028409,-23.516757],[-45.028409,-23.516765],[-45.02841,-23.516838],[-45.028409,-23.51685],[-45.028409,-23.51684],[-45.028407,-23.516678],[-45.028409,-23.516656],[-45.028409,-23.516664],[-45.028409,-23.516688],[-45.028409,-23.516711]]]},"properties":{"sqlu":"SP-001-984640","inscription":"SP-GEOSAMPA-1984640","inscricaoImobiliaria":"SP-IMO-1984640","setor":"001","quadra":"014","lote":"0001","sourceType":"OFFICIAL_IMPORT","mainAddress":"Setor Fiscal 001","zoneamento":"RESIDENCIAL","statusCadastral":"ATIVO","workflowStatus":"PENDENTE","isOfficial":true,"rawProperties":{"cd_identificador":1984640,"cd_identificador_original_lote":8801162,"cd_setor_fiscal":"001","cd_tipo_quadra":"F","tx_tipo_quadra":"FISCAL","cd_quadra_fiscal":"014","cd_subquadra_fiscal":null,"cd_condominio":"00","cd_tipo_lote":"F","tx_tipo_lote":"FISCAL","cd_lote":"0001","cd_situacao":1,"cd_digito_sql":"2","cd_logradouro":"041467","nm_logradouro_completo":"R DA CANTAREIRA","cd_numero_porta":"897","tx_complemento_endereco":"903 E 907","tx_situ_lote":"ATIVO","cd_tipo_uso_imovel":"43","dc_tipo_uso_imovel":"Não residencial","cd_tipo_terreno_imovel":2,"qt_area_terreno":140,"qt_area_construida":360}}},{"type":"Feature","geometry":{"type":"Polygon","coordinates":[[[-45.028459,-23.517293],[-45.028459,-23.517325],[-45.028459,-23.517338],[-45.028457,-23.517365],[-45.028456,-23.517388],[-45.028455,-23.517406],[-45.028454,-23.51736],[-45.028455,-23.517353],[-45.028456,-23.517341],[-45.028456,-23.51733],[-45.028459,-23.517293]]]},"properties":{"sqlu":"SP-001-984636","inscription":"SP-GEOSAMPA-1984636","inscricaoImobiliaria":"SP-IMO-1984636","setor":"001","quadra":"023","lote":"0126","sourceType":"OFFICIAL_IMPORT","mainAddress":"Setor Fiscal 001","zoneamento":"RESIDENCIAL","statusCadastral":"ATIVO","workflowStatus":"PENDENTE","isOfficial":true,"rawProperties":{"cd_identificador":1984636,"cd_identificador_original_lote":8801220,"cd_setor_fiscal":"001","cd_tipo_quadra":"F","tx_tipo_quadra":"FISCAL","cd_quadra_fiscal":"023","cd_subquadra_fiscal":null,"cd_condominio":"00","cd_tipo_lote":"F","tx_tipo_lote":"FISCAL","cd_lote":"0126","cd_situacao":1,"cd_digito_sql":"3","cd_logradouro":"003760","nm_logradouro_completo":"R AGUIAR ANDRADE","cd_numero_porta":"5","tx_complemento_endereco":"CS 5","tx_situ_lote":"ATIVO","cd_tipo_uso_imovel":"10","dc_tipo_uso_imovel":"Residencial","cd_tipo_terreno_imovel":1,"qt_area_terreno":135,"qt_area_construida":100}}},{"type":"Feature","geometry":{"type":"Polygon","coordinates":[[[-45.028471,-23.514057],[-45.028469,-23.514081],[-45.028467,-23.51411],[-45.028466,-23.51412],[-45.028466,-23.514066],[-45.028466,-23.514063],[-45.028468,-23.514041],[-45.028469,-23.51402],[-45.028471,-23.514003],[-45.028471,-23.514018],[-45.028471,-23.514057]]]},"properties":{"sqlu":"SP-001-984674","inscription":"SP-GEOSAMPA-1984674","inscricaoImobiliaria":"SP-IMO-1984674","setor":"001","quadra":"004","lote":"0068","sourceType":"OFFICIAL_IMPORT","mainAddress":"Setor Fiscal 001","zoneamento":"RESIDENCIAL","statusCadastral":"ATIVO","workflowStatus":"PENDENTE","isOfficial":true,"rawProperties":{"cd_identificador":1984674,"cd_identificador_original_lote":8799532,"cd_setor_fiscal":"001","cd_tipo_quadra":"F","tx_tipo_quadra":"FISCAL","cd_quadra_fiscal":"004","cd_subquadra_fiscal":null,"cd_condominio":"00","cd_tipo_lote":"F","tx_tipo_lote":"FISCAL","cd_lote":"0068","cd_situacao":1,"cd_digito_sql":"1","cd_logradouro":"061565","nm_logradouro_completo":"R DUTRA RODRIGUES","cd_numero_porta":"112","tx_complemento_endereco":null,"tx_situ_lote":"ATIVO","cd_tipo_uso_imovel":"10","dc_tipo_uso_imovel":"Residencial","cd_tipo_terreno_imovel":1,"qt_area_terreno":116,"qt_area_construida":100}}},{"type":"Feature","geometry":{"type":"Polygon","coordinates":[[[-45.028458,-23.518067],[-45.028458,-23.518002],[-45.028458,-23.517973],[-45.028459,-23.517954],[-45.028459,-23.517982],[-45.02846,-23.518047],[-45.028458,-23.518067]]]},"properties":{"sqlu":"SP-001-984601","inscription":"SP-GEOSAMPA-1984601","inscricaoImobiliaria":"SP-IMO-1984601","setor":"001","quadra":"023","lote":"0055","sourceType":"OFFICIAL_IMPORT","mainAddress":"Setor Fiscal 001","zoneamento":"RESIDENCIAL","statusCadastral":"ATIVO","workflowStatus":"PENDENTE","isOfficial":true,"rawProperties":{"cd_identificador":1984601,"cd_identificador_original_lote":8801337,"cd_setor_fiscal":"001","cd_tipo_quadra":"F","tx_tipo_quadra":"FISCAL","cd_quadra_fiscal":"023","cd_subquadra_fiscal":null,"cd_condominio":"00","cd_tipo_lote":"F","tx_tipo_lote":"FISCAL","cd_lote":"0055","cd_situacao":1,"cd_digito_sql":"0","cd_logradouro":"050083","nm_logradouro_completo":"TV ROSARIO FUSCO","cd_numero_porta":"6","tx_complemento_endereco":"CS 6","tx_situ_lote":"ATIVO","cd_tipo_uso_imovel":"10","dc_tipo_uso_imovel":"Residencial","cd_tipo_terreno_imovel":3,"qt_area_terreno":95,"qt_area_construida":80}}},{"type":"Feature","geometry":{"type":"Polygon","coordinates":[[[-45.028518,-23.528794],[-45.028517,-23.528788],[-45.028514,-23.528742],[-45.028514,-23.528688],[-45.028518,-23.528735],[-45.028518,-23.52874],[-45.028518,-23.528794]]]},"properties":{"sqlu":"SP-001-984623","inscription":"SP-GEOSAMPA-1984623","inscricaoImobiliaria":"SP-IMO-1984623","setor":"001","quadra":"086","lote":"0007","sourceType":"OFFICIAL_IMPORT","mainAddress":"Setor Fiscal 001","zoneamento":"RESIDENCIAL","statusCadastral":"ATIVO","workflowStatus":"PENDENTE","isOfficial":true,"rawProperties":{"cd_identificador":1984623,"cd_identificador_original_lote":8800232,"cd_setor_fiscal":"001","cd_tipo_quadra":"F","tx_tipo_quadra":"FISCAL","cd_quadra_fiscal":"086","cd_subquadra_fiscal":null,"cd_condominio":"00","cd_tipo_lote":"F","tx_tipo_lote":"FISCAL","cd_lote":"0007","cd_situacao":1,"cd_digito_sql":"6","cd_logradouro":"167495","nm_logradouro_completo":"R QUINZE DE NOVEMBRO","cd_numero_porta":"65","tx_complemento_endereco":null,"tx_situ_lote":"ATIVO","cd_tipo_uso_imovel":"31","dc_tipo_uso_imovel":"Não residencial","cd_tipo_terreno_imovel":1,"qt_area_terreno":159,"qt_area_construida":462}}},{"type":"Feature","geometry":{"type":"Polygon","coordinates":[[[-45.028518,-23.528794],[-45.028518,-23.52874],[-45.028519,-23.528752],[-45.02852,-23.528765],[-45.028523,-23.528768],[-45.028523,-23.528861],[-45.028521,-23.528853],[-45.02852,-23.52885],[-45.028518,-23.528845],[-45.028518,-23.528843],[-45.028518,-23.528816],[-45.028518,-23.528794]]]},"properties":{"sqlu":"SP-001-984621","inscription":"SP-GEOSAMPA-1984621","inscricaoImobiliaria":"SP-IMO-1984621","setor":"001","quadra":"086","lote":"0000","sourceType":"OFFICIAL_IMPORT","mainAddress":"Setor Fiscal 001","zoneamento":"RESIDENCIAL","statusCadastral":"ATIVO","workflowStatus":"PENDENTE","isOfficial":true,"rawProperties":{"cd_identificador":1984621,"cd_identificador_original_lote":8800227,"cd_setor_fiscal":"001","cd_tipo_quadra":"F","tx_tipo_quadra":"FISCAL","cd_quadra_fiscal":"086","cd_subquadra_fiscal":null,"cd_condominio":"01","cd_tipo_lote":"F","tx_tipo_lote":"FISCAL","cd_lote":"0000","cd_situacao":1,"cd_digito_sql":null,"cd_logradouro":"140511","nm_logradouro_completo":"LG DA MISERICORDIA","cd_numero_porta":"24","tx_complemento_endereco":null,"tx_situ_lote":null,"cd_tipo_uso_imovel":"XX","dc_tipo_uso_imovel":"Condomínio","cd_tipo_terreno_imovel":99,"qt_area_terreno":352,"qt_area_construida":null}}},{"type":"Feature","geometry":{"type":"Polygon","coordinates":[[[-45.028518,-23.528794],[-45.028518,-23.528816],[-45.028518,-23.528843],[-45.028516,-23.528833],[-45.028516,-23.528832],[-45.028516,-23.528836],[-45.028515,-23.528833],[-45.028513,-23.528815],[-45.028514,-23.528742],[-45.028517,-23.528788],[-45.028518,-23.528794]]]},"properties":{"sqlu":"SP-001-984622","inscription":"SP-GEOSAMPA-1984622","inscricaoImobiliaria":"SP-IMO-1984622","setor":"001","quadra":"086","lote":"0008","sourceType":"OFFICIAL_IMPORT","mainAddress":"Setor Fiscal 001","zoneamento":"RESIDENCIAL","statusCadastral":"ATIVO","workflowStatus":"PENDENTE","isOfficial":true,"rawProperties":{"cd_identificador":1984622,"cd_identificador_original_lote":8800231,"cd_setor_fiscal":"001","cd_tipo_quadra":"F","tx_tipo_quadra":"FISCAL","cd_quadra_fiscal":"086","cd_subquadra_fiscal":null,"cd_condominio":"00","cd_tipo_lote":"F","tx_tipo_lote":"FISCAL","cd_lote":"0008","cd_situacao":1,"cd_digito_sql":"4","cd_logradouro":"167495","nm_logradouro_completo":"R QUINZE DE NOVEMBRO","cd_numero_porta":"63","tx_complemento_endereco":"59","tx_situ_lote":"ATIVO","cd_tipo_uso_imovel":"31","dc_tipo_uso_imovel":"Não residencial","cd_tipo_terreno_imovel":1,"qt_area_terreno":210,"qt_area_construida":834}}},{"type":"Feature","geometry":{"type":"Polygon","coordinates":[[[-45.028493,-23.523181],[-45.028492,-23.523185],[-45.028491,-23.523189],[-45.028488,-23.5232],[-45.028488,-23.523133],[-45.028492,-23.52312],[-45.028493,-23.523115],[-45.028493,-23.523152],[-45.028493,-23.523181]]]},"properties":{"sqlu":"SP-001-984857","inscription":"SP-GEOSAMPA-1984857","inscricaoImobiliaria":"SP-IMO-1984857","setor":"001","quadra":"050","lote":"0078","sourceType":"OFFICIAL_IMPORT","mainAddress":"Setor Fiscal 001","zoneamento":"RESIDENCIAL","statusCadastral":"ATIVO","workflowStatus":"PENDENTE","isOfficial":true,"rawProperties":{"cd_identificador":1984857,"cd_identificador_original_lote":8801143,"cd_setor_fiscal":"001","cd_tipo_quadra":"F","tx_tipo_quadra":"FISCAL","cd_quadra_fiscal":"050","cd_subquadra_fiscal":null,"cd_condominio":"00","cd_tipo_lote":"F","tx_tipo_lote":"FISCAL","cd_lote":"0078","cd_situacao":1,"cd_digito_sql":"7","cd_logradouro":"197459","nm_logradouro_completo":"R VINTE E CINCO DE MARCO","cd_numero_porta":"785","tx_complemento_endereco":null,"tx_situ_lote":"ATIVO","cd_tipo_uso_imovel":"40","dc_tipo_uso_imovel":"Não residencial","cd_tipo_terreno_imovel":1,"qt_area_terreno":234,"qt_area_construida":468}}},{"type":"Feature","geometry":{"type":"Polygon","coordinates":[[[-45.028493,-23.523181],[-45.028493,-23.523311],[-45.028492,-23.523291],[-45.028491,-23.523279],[-45.028491,-23.523273],[-45.02849,-23.523266],[-45.02849,-23.523266],[-45.028488,-23.523272],[-45.028488,-23.5232],[-45.028491,-23.523189],[-45.028492,-23.523185],[-45.028493,-23.523181]]]},"properties":{"sqlu":"SP-001-984858","inscription":"SP-GEOSAMPA-1984858","inscricaoImobiliaria":"SP-IMO-1984858","setor":"001","quadra":"050","lote":"0099","sourceType":"OFFICIAL_IMPORT","mainAddress":"Setor Fiscal 001","zoneamento":"RESIDENCIAL","statusCadastral":"ATIVO","workflowStatus":"PENDENTE","isOfficial":true,"rawProperties":{"cd_identificador":1984858,"cd_identificador_original_lote":8801144,"cd_setor_fiscal":"001","cd_tipo_quadra":"F","tx_tipo_quadra":"FISCAL","cd_quadra_fiscal":"050","cd_subquadra_fiscal":null,"cd_condominio":"00","cd_tipo_lote":"F","tx_tipo_lote":"FISCAL","cd_lote":"0099","cd_situacao":1,"cd_digito_sql":"1","cd_logradouro":"197459","nm_logradouro_completo":"R VINTE E CINCO DE MARCO","cd_numero_porta":"775","tx_complemento_endereco":"E 779","tx_situ_lote":"ATIVO","cd_tipo_uso_imovel":"31","dc_tipo_uso_imovel":"Não residencial","cd_tipo_terreno_imovel":1,"qt_area_terreno":190,"qt_area_construida":1330}}},{"type":"Feature","geometry":{"type":"Polygon","coordinates":[[[-45.028468,-23.51454],[-45.028468,-23.514502],[-45.028468,-23.514483],[-45.028469,-23.514473],[-45.028469,-23.51447],[-45.028469,-23.514464],[-45.02847,-23.514454],[-45.028473,-23.514424],[-45.028473,-23.514478],[-45.028468,-23.51454]]]},"properties":{"sqlu":"SP-001-984983","inscription":"SP-GEOSAMPA-1984983","inscricaoImobiliaria":"SP-IMO-1984983","setor":"001","quadra":"004","lote":"0077","sourceType":"OFFICIAL_IMPORT","mainAddress":"Setor Fiscal 001","zoneamento":"RESIDENCIAL","statusCadastral":"ATIVO","workflowStatus":"PENDENTE","isOfficial":true,"rawProperties":{"cd_identificador":1984983,"cd_identificador_original_lote":8799540,"cd_setor_fiscal":"001","cd_tipo_quadra":"F","tx_tipo_quadra":"FISCAL","cd_quadra_fiscal":"004","cd_subquadra_fiscal":null,"cd_condominio":"00","cd_tipo_lote":"F","tx_tipo_lote":"FISCAL","cd_lote":"0077","cd_situacao":1,"cd_digito_sql":"9","cd_logradouro":"061565","nm_logradouro_completo":"R DUTRA RODRIGUES","cd_numero_porta":"64","tx_complemento_endereco":null,"tx_situ_lote":"ATIVO","cd_tipo_uso_imovel":"40","dc_tipo_uso_imovel":"Não residencial","cd_tipo_terreno_imovel":1,"qt_area_terreno":171,"qt_area_construida":120}}},{"type":"Feature","geometry":{"type":"Polygon","coordinates":[[[-45.028487,-23.520131],[-45.028487,-23.52011],[-45.028487,-23.519951],[-45.028487,-23.519952],[-45.028488,-23.519954],[-45.028488,-23.519998],[-45.028488,-23.52],[-45.02849,-23.520004],[-45.028494,-23.520013],[-45.028493,-23.520151],[-45.028488,-23.520134],[-45.028487,-23.520133],[-45.028487,-23.520131]]]},"properties":{"sqlu":"SP-001-985158","inscription":"SP-GEOSAMPA-1985158","inscricaoImobiliaria":"SP-IMO-1985158","setor":"001","quadra":"041","lote":"0012","sourceType":"OFFICIAL_IMPORT","mainAddress":"Setor Fiscal 001","zoneamento":"RESIDENCIAL","statusCadastral":"ATIVO","workflowStatus":"PENDENTE","isOfficial":true,"rawProperties":{"cd_identificador":1985158,"cd_identificador_original_lote":8801038,"cd_setor_fiscal":"001","cd_tipo_quadra":"F","tx_tipo_quadra":"FISCAL","cd_quadra_fiscal":"041","cd_subquadra_fiscal":null,"cd_condominio":"00","cd_tipo_lote":"F","tx_tipo_lote":"FISCAL","cd_lote":"0012","cd_situacao":1,"cd_digito_sql":"5","cd_logradouro":"072044","nm_logradouro_completo":"R FLORENCIO DE ABREU","cd_numero_porta":"484","tx_complemento_endereco":"/494","tx_situ_lote":"ATIVO","cd_tipo_uso_imovel":"42","dc_tipo_uso_imovel":"Não residencial","cd_tipo_terreno_imovel":1,"qt_area_terreno":565,"qt_area_construida":3200}}},{"type":"Feature","geometry":{"type":"Polygon","coordinates":[[[-45.028434,-23.51392],[-45.028434,-23.513898],[-45.028434,-23.513868],[-45.028433,-23.513658],[-45.028434,-23.513642],[-45.028435,-23.513856],[-45.028435,-23.51386],[-45.028435,-23.513905],[-45.028434,-23.51392]]]},"properties":{"sqlu":"SP-001-985168","inscription":"SP-GEOSAMPA-1985168","inscricaoImobiliaria":"SP-IMO-1985168","setor":"001","quadra":"007","lote":"0053","sourceType":"OFFICIAL_IMPORT","mainAddress":"Setor Fiscal 001","zoneamento":"RESIDENCIAL","statusCadastral":"ATIVO","workflowStatus":"PENDENTE","isOfficial":true,"rawProperties":{"cd_identificador":1985168,"cd_identificador_original_lote":8799933,"cd_setor_fiscal":"001","cd_tipo_quadra":"F","tx_tipo_quadra":"FISCAL","cd_quadra_fiscal":"007","cd_subquadra_fiscal":null,"cd_condominio":"00","cd_tipo_lote":"F","tx_tipo_lote":"FISCAL","cd_lote":"0053","cd_situacao":1,"cd_digito_sql":"5","cd_logradouro":"104850","nm_logradouro_completo":"R JOAO TEODORO","cd_numero_porta":"326","tx_complemento_endereco":"E 330","tx_situ_lote":"ATIVO","cd_tipo_uso_imovel":"42","dc_tipo_uso_imovel":"Não residencial","cd_tipo_terreno_imovel":1,"qt_area_terreno":168,"qt_area_construida":160}}},{"type":"Feature","geometry":{"type":"Polygon","coordinates":[[[-45.028478,-23.517803],[-45.028478,-23.517878],[-45.028478,-23.517892],[-45.028478,-23.517932],[-45.028477,-23.517951],[-45.028477,-23.517881],[-45.028477,-23.517873],[-45.028477,-23.517861],[-45.028476,-23.517833],[-45.028477,-23.517829],[-45.028477,-23.517823],[-45.028478,-23.517816],[-45.028478,-23.517813],[-45.028478,-23.517803]]]},"properties":{"sqlu":"SP-001-984993","inscription":"SP-GEOSAMPA-1984993","inscricaoImobiliaria":"SP-IMO-1984993","setor":"001","quadra":"023","lote":"0042","sourceType":"OFFICIAL_IMPORT","mainAddress":"Setor Fiscal 001","zoneamento":"RESIDENCIAL","statusCadastral":"ATIVO","workflowStatus":"PENDENTE","isOfficial":true,"rawProperties":{"cd_identificador":1984993,"cd_identificador_original_lote":8801335,"cd_setor_fiscal":"001","cd_tipo_quadra":"F","tx_tipo_quadra":"FISCAL","cd_quadra_fiscal":"023","cd_subquadra_fiscal":null,"cd_condominio":"00","cd_tipo_lote":"F","tx_tipo_lote":"FISCAL","cd_lote":"0042","cd_situacao":1,"cd_digito_sql":"9","cd_logradouro":"050083","nm_logradouro_completo":"TV ROSARIO FUSCO","cd_numero_porta":"31","tx_complemento_endereco":"CS 31","tx_situ_lote":"ATIVO","cd_tipo_uso_imovel":"40","dc_tipo_uso_imovel":"Não residencial","cd_tipo_terreno_imovel":1,"qt_area_terreno":140,"qt_area_construida":80}}},{"type":"Feature","geometry":{"type":"Polygon","coordinates":[[[-45.028503,-23.519294],[-45.028502,-23.519291],[-45.028499,-23.519283],[-45.028497,-23.519278],[-45.028497,-23.519221],[-45.028502,-23.51924],[-45.028503,-23.519244],[-45.028503,-23.51928],[-45.028503,-23.519294]]]},"properties":{"sqlu":"SP-001-985381","inscription":"SP-GEOSAMPA-1985381","inscricaoImobiliaria":"SP-IMO-1985381","setor":"001","quadra":"030","lote":"0005","sourceType":"OFFICIAL_IMPORT","mainAddress":"Setor Fiscal 001","zoneamento":"RESIDENCIAL","statusCadastral":"ATIVO","workflowStatus":"PENDENTE","isOfficial":true,"rawProperties":{"cd_identificador":1985381,"cd_identificador_original_lote":8799443,"cd_setor_fiscal":"001","cd_tipo_quadra":"F","tx_tipo_quadra":"FISCAL","cd_quadra_fiscal":"030","cd_subquadra_fiscal":null,"cd_condominio":"00","cd_tipo_lote":"F","tx_tipo_lote":"FISCAL","cd_lote":"0005","cd_situacao":1,"cd_digito_sql":"4","cd_logradouro":"072044","nm_logradouro_completo":"R FLORENCIO DE ABREU","cd_numero_porta":"581","tx_complemento_endereco":null,"tx_situ_lote":"ATIVO","cd_tipo_uso_imovel":"43","dc_tipo_uso_imovel":"Não residencial","cd_tipo_terreno_imovel":1,"qt_area_terreno":179,"qt_area_construida":492}}},{"type":"Feature","geometry":{"type":"Polygon","coordinates":[[[-45.028579,-23.521197],[-45.02858,-23.521168],[-45.02858,-23.521131],[-45.028581,-23.521095],[-45.028581,-23.52109],[-45.028581,-23.521044],[-45.028581,-23.52102],[-45.028585,-23.521136],[-45.028584,-23.521211],[-45.028583,-23.521237],[-45.028583,-23.52125],[-45.028581,-23.521376],[-45.028581,-23.521357],[-45.028581,-23.521346],[-45.02858,-23.521315],[-45.028579,-23.521283],[-45.028578,-23.521262],[-45.028579,-23.521218],[-45.028579,-23.521215],[-45.028579,-23.521197]]]},"properties":{"sqlu":"SP-001-985431","inscription":"SP-GEOSAMPA-1985431","inscricaoImobiliaria":"SP-IMO-1985431","setor":"001","quadra":"053","lote":"0000","sourceType":"OFFICIAL_IMPORT","mainAddress":"Setor Fiscal 001","zoneamento":"RESIDENCIAL","statusCadastral":"ATIVO","workflowStatus":"PENDENTE","isOfficial":true,"rawProperties":{"cd_identificador":1985431,"cd_identificador_original_lote":8800455,"cd_setor_fiscal":"001","cd_tipo_quadra":"F","tx_tipo_quadra":"FISCAL","cd_quadra_fiscal":"053","cd_subquadra_fiscal":null,"cd_condominio":"05","cd_tipo_lote":"F","tx_tipo_lote":"FISCAL","cd_lote":"0000","cd_situacao":1,"cd_digito_sql":null,"cd_logradouro":"092762","nm_logradouro_completo":"AV IPIRANGA","cd_numero_porta":"1130 1138 1142","tx_complemento_endereco":null,"tx_situ_lote":null,"cd_tipo_uso_imovel":"XX","dc_tipo_uso_imovel":"Condomínio","cd_tipo_terreno_imovel":99,"qt_area_terreno":680,"qt_area_construida":null}}},{"type":"Feature","geometry":{"type":"Polygon","coordinates":[[[-45.028408,-23.516618],[-45.028409,-23.516656],[-45.028407,-23.516678],[-45.028407,-23.516558],[-45.028408,-23.516535],[-45.028408,-23.516618]]]},"properties":{"sqlu":"SP-001-985712","inscription":"SP-GEOSAMPA-1985712","inscricaoImobiliaria":"SP-IMO-1985712","setor":"001","quadra":"014","lote":"0002","sourceType":"OFFICIAL_IMPORT","mainAddress":"Setor Fiscal 001","zoneamento":"RESIDENCIAL","statusCadastral":"ATIVO","workflowStatus":"PENDENTE","isOfficial":true,"rawProperties":{"cd_identificador":1985712,"cd_identificador_original_lote":8801163,"cd_setor_fiscal":"001","cd_tipo_quadra":"F","tx_tipo_quadra":"FISCAL","cd_quadra_fiscal":"014","cd_subquadra_fiscal":null,"cd_condominio":"00","cd_tipo_lote":"F","tx_tipo_lote":"FISCAL","cd_lote":"0002","cd_situacao":1,"cd_digito_sql":"0","cd_logradouro":"041467","nm_logradouro_completo":"R DA CANTAREIRA","cd_numero_porta":"917","tx_complemento_endereco":null,"tx_situ_lote":"ATIVO","cd_tipo_uso_imovel":"40","dc_tipo_uso_imovel":"Não residencial","cd_tipo_terreno_imovel":1,"qt_area_terreno":112,"qt_area_construida":100}}},{"type":"Feature","geometry":{"type":"Polygon","coordinates":[[[-45.028408,-23.516618],[-45.028409,-23.516611],[-45.028409,-23.516609],[-45.02841,-23.516575],[-45.028411,-23.51662],[-45.028409,-23.516664],[-45.028409,-23.516656],[-45.028408,-23.516618]]]},"properties":{"sqlu":"SP-001-985713","inscription":"SP-GEOSAMPA-1985713","inscricaoImobiliaria":"SP-IMO-1985713","setor":"001","quadra":"014","lote":"0026","sourceType":"OFFICIAL_IMPORT","mainAddress":"Setor Fiscal 001","zoneamento":"RESIDENCIAL","statusCadastral":"ATIVO","workflowStatus":"PENDENTE","isOfficial":true,"rawProperties":{"cd_identificador":1985713,"cd_identificador_original_lote":8801170,"cd_setor_fiscal":"001","cd_tipo_quadra":"F","tx_tipo_quadra":"FISCAL","cd_quadra_fiscal":"014","cd_subquadra_fiscal":null,"cd_condominio":"00","cd_tipo_lote":"F","tx_tipo_lote":"FISCAL","cd_lote":"0026","cd_situacao":1,"cd_digito_sql":"8","cd_logradouro":"165433","nm_logradouro_completo":"R POSSIDONIO INACIO","cd_numero_porta":"107","tx_complemento_endereco":null,"tx_situ_lote":"ATIVO","cd_tipo_uso_imovel":"10","dc_tipo_uso_imovel":"Residencial","cd_tipo_terreno_imovel":1,"qt_area_terreno":66,"qt_area_construida":120}}},{"type":"Feature","geometry":{"type":"Polygon","coordinates":[[[-45.028442,-23.513843],[-45.02844,-23.513863],[-45.02844,-23.513817],[-45.028441,-23.513798],[-45.028442,-23.513843]]]},"properties":{"sqlu":"SP-001-985724","inscription":"SP-GEOSAMPA-1985724","inscricaoImobiliaria":"SP-IMO-1985724","setor":"001","quadra":"006","lote":"0028","sourceType":"OFFICIAL_IMPORT","mainAddress":"Setor Fiscal 001","zoneamento":"RESIDENCIAL","statusCadastral":"ATIVO","workflowStatus":"PENDENTE","isOfficial":true,"rawProperties":{"cd_identificador":1985724,"cd_identificador_original_lote":8799851,"cd_setor_fiscal":"001","cd_tipo_quadra":"F","tx_tipo_quadra":"FISCAL","cd_quadra_fiscal":"006","cd_subquadra_fiscal":null,"cd_condominio":"00","cd_tipo_lote":"F","tx_tipo_lote":"FISCAL","cd_lote":"0028","cd_situacao":1,"cd_digito_sql":"1","cd_logradouro":"084921","nm_logradouro_completo":"R GUILHERME MAW","cd_numero_porta":"163","tx_complemento_endereco":null,"tx_situ_lote":"ATIVO","cd_tipo_uso_imovel":"10","dc_tipo_uso_imovel":"Residencial","cd_tipo_terreno_imovel":1,"qt_area_terreno":46,"qt_area_construida":80}}},{"type":"Feature","geometry":{"type":"Polygon","coordinates":[[[-45.02845,-23.518346],[-45.028451,-23.518657],[-45.02845,-23.518672],[-45.028448,-23.518362],[-45.02845,-23.518346]]]},"properties":{"sqlu":"SP-001-985821","inscription":"SP-GEOSAMPA-1985821","inscricaoImobiliaria":"SP-IMO-1985821","setor":"001","quadra":"024","lote":"0003","sourceType":"OFFICIAL_IMPORT","mainAddress":"Setor Fiscal 001","zoneamento":"RESIDENCIAL","statusCadastral":"ATIVO","workflowStatus":"PENDENTE","isOfficial":true,"rawProperties":{"cd_identificador":1985821,"cd_identificador_original_lote":8799729,"cd_setor_fiscal":"001","cd_tipo_quadra":"F","tx_tipo_quadra":"FISCAL","cd_quadra_fiscal":"024","cd_subquadra_fiscal":null,"cd_condominio":"00","cd_tipo_lote":"F","tx_tipo_lote":"FISCAL","cd_lote":"0003","cd_situacao":1,"cd_digito_sql":"2","cd_logradouro":"156299","nm_logradouro_completo":"R PAULA SOUSA","cd_numero_porta":"275","tx_complemento_endereco":null,"tx_situ_lote":"ATIVO","cd_tipo_uso_imovel":"40","dc_tipo_uso_imovel":"Não residencial","cd_tipo_terreno_imovel":1,"qt_area_terreno":217,"qt_area_construida":190}}},{"type":"Feature","geometry":{"type":"Polygon","coordinates":[[[-45.028417,-23.515305],[-45.028418,-23.515463],[-45.028417,-23.515475],[-45.028416,-23.515462],[-45.028415,-23.515332],[-45.028417,-23.515305]]]},"properties":{"sqlu":"SP-001-985684","inscription":"SP-GEOSAMPA-1985684","inscricaoImobiliaria":"SP-IMO-1985684","setor":"001","quadra":"008","lote":"0091","sourceType":"OFFICIAL_IMPORT","mainAddress":"Setor Fiscal 001","zoneamento":"RESIDENCIAL","statusCadastral":"ATIVO","workflowStatus":"PENDENTE","isOfficial":true,"rawProperties":{"cd_identificador":1985684,"cd_identificador_original_lote":8800609,"cd_setor_fiscal":"001","cd_tipo_quadra":"F","tx_tipo_quadra":"FISCAL","cd_quadra_fiscal":"008","cd_subquadra_fiscal":null,"cd_condominio":"00","cd_tipo_lote":"F","tx_tipo_lote":"FISCAL","cd_lote":"0091","cd_situacao":1,"cd_digito_sql":"2","cd_logradouro":"038121","nm_logradouro_completo":"R S CAETANO","cd_numero_porta":"471","tx_complemento_endereco":"477","tx_situ_lote":"ATIVO","cd_tipo_uso_imovel":"40","dc_tipo_uso_imovel":"Não residencial","cd_tipo_terreno_imovel":2,"qt_area_terreno":182,"qt_area_construida":539}}},{"type":"Feature","geometry":{"type":"Polygon","coordinates":[[[-45.02848,-23.514382],[-45.02848,-23.514486],[-45.02848,-23.514493],[-45.028479,-23.514504],[-45.028478,-23.514522],[-45.028477,-23.514533],[-45.028476,-23.514552],[-45.028475,-23.514446],[-45.028476,-23.514428],[-45.028477,-23.514417],[-45.028478,-23.514399],[-45.02848,-23.514382]]]},"properties":{"sqlu":"SP-001-985952","inscription":"SP-GEOSAMPA-1985952","inscricaoImobiliaria":"SP-IMO-1985952","setor":"001","quadra":"003","lote":"0000","sourceType":"OFFICIAL_IMPORT","mainAddress":"Setor Fiscal 001","zoneamento":"RESIDENCIAL","statusCadastral":"ATIVO","workflowStatus":"PENDENTE","isOfficial":true,"rawProperties":{"cd_identificador":1985952,"cd_identificador_original_lote":8800559,"cd_setor_fiscal":"001","cd_tipo_quadra":"F","tx_tipo_quadra":"FISCAL","cd_quadra_fiscal":"003","cd_subquadra_fiscal":null,"cd_condominio":"01","cd_tipo_lote":"F","tx_tipo_lote":"FISCAL","cd_lote":"0000","cd_situacao":1,"cd_digito_sql":null,"cd_logradouro":"061565","nm_logradouro_completo":"R DUTRA RODRIGUES","cd_numero_porta":"51 55","tx_complemento_endereco":null,"tx_situ_lote":null,"cd_tipo_uso_imovel":"XX","dc_tipo_uso_imovel":"Condomínio","cd_tipo_terreno_imovel":99,"qt_area_terreno":330,"qt_area_construida":null}}},{"type":"Feature","geometry":{"type":"Polygon","coordinates":[[[-45.02848,-23.514382],[-45.028478,-23.514399],[-45.028477,-23.514417],[-45.028476,-23.514428],[-45.028475,-23.514446],[-45.028475,-23.514395],[-45.028479,-23.514331],[-45.02848,-23.514382]]]},"properties":{"sqlu":"SP-001-985953","inscription":"SP-GEOSAMPA-1985953","inscricaoImobiliaria":"SP-IMO-1985953","setor":"001","quadra":"003","lote":"0017","sourceType":"OFFICIAL_IMPORT","mainAddress":"Setor Fiscal 001","zoneamento":"RESIDENCIAL","statusCadastral":"ATIVO","workflowStatus":"PENDENTE","isOfficial":true,"rawProperties":{"cd_identificador":1985953,"cd_identificador_original_lote":8800560,"cd_setor_fiscal":"001","cd_tipo_quadra":"F","tx_tipo_quadra":"FISCAL","cd_quadra_fiscal":"003","cd_subquadra_fiscal":null,"cd_condominio":"00","cd_tipo_lote":"F","tx_tipo_lote":"FISCAL","cd_lote":"0017","cd_situacao":1,"cd_digito_sql":"0","cd_logradouro":"061565","nm_logradouro_completo":"R DUTRA RODRIGUES","cd_numero_porta":"59","tx_complemento_endereco":"E 61   ANT. RUA","tx_situ_lote":"ATIVO","cd_tipo_uso_imovel":"43","dc_tipo_uso_imovel":"Não residencial","cd_tipo_terreno_imovel":1,"qt_area_terreno":168,"qt_area_construida":336}}},{"type":"Feature","geometry":{"type":"Polygon","coordinates":[[[-45.028446,-23.519499],[-45.028444,-23.519524],[-45.028443,-23.519265],[-45.028444,-23.519259],[-45.028444,-23.519254],[-45.028444,-23.51925],[-45.028445,-23.519244],[-45.028445,-23.51924],[-45.028446,-23.519499]]]},"properties":{"sqlu":"SP-001-986419","inscription":"SP-GEOSAMPA-1986419","inscricaoImobiliaria":"SP-IMO-1986419","setor":"001","quadra":"034","lote":"0005","sourceType":"OFFICIAL_IMPORT","mainAddress":"Setor Fiscal 001","zoneamento":"RESIDENCIAL","statusCadastral":"ATIVO","workflowStatus":"PENDENTE","isOfficial":true,"rawProperties":{"cd_identificador":1986419,"cd_identificador_original_lote":8800870,"cd_setor_fiscal":"001","cd_tipo_quadra":"F","tx_tipo_quadra":"FISCAL","cd_quadra_fiscal":"034","cd_subquadra_fiscal":null,"cd_condominio":"00","cd_tipo_lote":"F","tx_tipo_lote":"FISCAL","cd_lote":"0005","cd_situacao":1,"cd_digito_sql":"2","cd_logradouro":"138991","nm_logradouro_completo":"R MIGUEL CARLOS","cd_numero_porta":"67","tx_complemento_endereco":null,"tx_situ_lote":"ATIVO","cd_tipo_uso_imovel":"62","dc_tipo_uso_imovel":"Não residencial","cd_tipo_terreno_imovel":1,"qt_area_terreno":324,"qt_area_construida":657}}},{"type":"Feature","geometry":{"type":"Polygon","coordinates":[[[-45.028563,-23.522473],[-45.028564,-23.522411],[-45.028565,-23.522383],[-45.028565,-23.522355],[-45.028565,-23.522351],[-45.028567,-23.522265],[-45.028567,-23.522284],[-45.028571,-23.522442],[-45.028572,-23.522461],[-45.028571,-23.522529],[-45.02857,-23.522578],[-45.02857,-23.522586],[-45.02857,-23.522591],[-45.028567,-23.522536],[-45.028566,-23.522518],[-45.028566,-23.52251],[-45.028564,-23.522482],[-45.028563,-23.522473]]]},"properties":{"sqlu":"SP-001-986464","inscription":"SP-GEOSAMPA-1986464","inscricaoImobiliaria":"SP-IMO-1986464","setor":"001","quadra":"057","lote":"0000","sourceType":"OFFICIAL_IMPORT","mainAddress":"Setor Fiscal 001","zoneamento":"RESIDENCIAL","statusCadastral":"ATIVO","workflowStatus":"PENDENTE","isOfficial":true,"rawProperties":{"cd_identificador":1986464,"cd_identificador_original_lote":8800491,"cd_setor_fiscal":"001","cd_tipo_quadra":"F","tx_tipo_quadra":"FISCAL","cd_quadra_fiscal":"057","cd_subquadra_fiscal":null,"cd_condominio":"09","cd_tipo_lote":"F","tx_tipo_lote":"FISCAL","cd_lote":"0000","cd_situacao":1,"cd_digito_sql":null,"cd_logradouro":"016675","nm_logradouro_completo":"R ANTONIO DE GODOI","cd_numero_porta":"76 88 96","tx_complemento_endereco":null,"tx_situ_lote":null,"cd_tipo_uso_imovel":"XX","dc_tipo_uso_imovel":"Condomínio","cd_tipo_terreno_imovel":99,"qt_area_terreno":816,"qt_area_construida":null}}},{"type":"Feature","geometry":{"type":"Polygon","coordinates":[[[-45.028472,-23.524098],[-45.028472,-23.524108],[-45.028472,-23.52423],[-45.028473,-23.524272],[-45.028473,-23.524445],[-45.028469,-23.524423],[-45.028468,-23.524295],[-45.028468,-23.524284],[-45.028468,-23.524123],[-45.028472,-23.524098]]]},"properties":{"sqlu":"SP-001-986201","inscription":"SP-GEOSAMPA-1986201","inscricaoImobiliaria":"SP-IMO-1986201","setor":"001","quadra":"067","lote":"0000","sourceType":"OFFICIAL_IMPORT","mainAddress":"Setor Fiscal 001","zoneamento":"RESIDENCIAL","statusCadastral":"ATIVO","workflowStatus":"PENDENTE","isOfficial":true,"rawProperties":{"cd_identificador":1986201,"cd_identificador_original_lote":8800396,"cd_setor_fiscal":"001","cd_tipo_quadra":"F","tx_tipo_quadra":"FISCAL","cd_quadra_fiscal":"067","cd_subquadra_fiscal":null,"cd_condominio":"01","cd_tipo_lote":"F","tx_tipo_lote":"FISCAL","cd_lote":"0000","cd_situacao":1,"cd_digito_sql":null,"cd_logradouro":"029505","nm_logradouro_completo":"R CAVLH BASILIO JAFET","cd_numero_porta":"107 115","tx_complemento_endereco":null,"tx_situ_lote":null,"cd_tipo_uso_imovel":"XX","dc_tipo_uso_imovel":"Condomínio","cd_tipo_terreno_imovel":99,"qt_area_terreno":886,"qt_area_construida":null}}},{"type":"Feature","geometry":{"type":"Polygon","coordinates":[[[-45.028488,-23.52428],[-45.028483,-23.524321],[-45.028483,-23.524256],[-45.028488,-23.524215],[-45.028488,-23.52428]]]},"properties":{"sqlu":"SP-001-986288","inscription":"SP-GEOSAMPA-1986288","inscricaoImobiliaria":"SP-IMO-1986288","setor":"001","quadra":"070","lote":"0003","sourceType":"OFFICIAL_IMPORT","mainAddress":"Setor Fiscal 001","zoneamento":"RESIDENCIAL","statusCadastral":"ATIVO","workflowStatus":"PENDENTE","isOfficial":true,"rawProperties":{"cd_identificador":1986288,"cd_identificador_original_lote":8800144,"cd_setor_fiscal":"001","cd_tipo_quadra":"F","tx_tipo_quadra":"FISCAL","cd_quadra_fiscal":"070","cd_subquadra_fiscal":null,"cd_condominio":"00","cd_tipo_lote":"F","tx_tipo_lote":"FISCAL","cd_lote":"0003","cd_situacao":1,"cd_digito_sql":"2","cd_logradouro":"197459","nm_logradouro_completo":"R VINTE E CINCO DE MARCO","cd_numero_porta":"662","tx_complemento_endereco":null,"tx_situ_lote":"ATIVO","cd_tipo_uso_imovel":"43","dc_tipo_uso_imovel":"Não residencial","cd_tipo_terreno_imovel":3,"qt_area_terreno":220,"qt_area_construida":517}}},{"type":"Feature","geometry":{"type":"Polygon","coordinates":[[[-45.028405,-23.515218],[-45.028407,-23.515201],[-45.028407,-23.515213],[-45.028407,-23.515209],[-45.028408,-23.515193],[-45.028409,-23.51519],[-45.028409,-23.515223],[-45.028411,-23.51553],[-45.028408,-23.515561],[-45.028405,-23.515218]]]},"properties":{"sqlu":"SP-001-986209","inscription":"SP-GEOSAMPA-1986209","inscricaoImobiliaria":"SP-IMO-1986209","setor":"001","quadra":"010","lote":"0004","sourceType":"OFFICIAL_IMPORT","mainAddress":"Setor Fiscal 001","zoneamento":"RESIDENCIAL","statusCadastral":"ATIVO","workflowStatus":"PENDENTE","isOfficial":true,"rawProperties":{"cd_identificador":1986209,"cd_identificador_original_lote":8799987,"cd_setor_fiscal":"001","cd_tipo_quadra":"F","tx_tipo_quadra":"FISCAL","cd_quadra_fiscal":"010","cd_subquadra_fiscal":null,"cd_condominio":"00","cd_tipo_lote":"F","tx_tipo_lote":"FISCAL","cd_lote":"0004","cd_situacao":1,"cd_digito_sql":"9","cd_logradouro":"038121","nm_logradouro_completo":"R S CAETANO","cd_numero_porta":"513","tx_complemento_endereco":"517 525 529","tx_situ_lote":"ATIVO","cd_tipo_uso_imovel":"43","dc_tipo_uso_imovel":"Não residencial","cd_tipo_terreno_imovel":1,"qt_area_terreno":800,"qt_area_construida":1500}}},{"type":"Feature","geometry":{"type":"Polygon","coordinates":[[[-45.028405,-23.515218],[-45.028405,-23.515219],[-45.028405,-23.515223],[-45.028405,-23.515164],[-45.028404,-23.51517],[-45.028404,-23.515153],[-45.028404,-23.515149],[-45.028404,-23.515124],[-45.028404,-23.515127],[-45.028403,-23.515131],[-45.028403,-23.515068],[-45.028403,-23.515065],[-45.028404,-23.51505],[-45.028405,-23.515039],[-45.028405,-23.51511],[-45.028405,-23.51512],[-45.028406,-23.515115],[-45.028407,-23.5151],[-45.028408,-23.515081],[-45.028408,-23.515072],[-45.02841,-23.515038],[-45.028411,-23.515164],[-45.02841,-23.515173],[-45.028409,-23.515182],[-45.028409,-23.51519],[-45.028408,-23.515193],[-45.028407,-23.515209],[-45.028407,-23.515213],[-45.028407,-23.515201],[-45.028405,-23.515218]]]},"properties":{"sqlu":"SP-001-986210","inscription":"SP-GEOSAMPA-1986210","inscricaoImobiliaria":"SP-IMO-1986210","setor":"001","quadra":"010","lote":"0041","sourceType":"OFFICIAL_IMPORT","mainAddress":"Setor Fiscal 001","zoneamento":"RESIDENCIAL","statusCadastral":"ATIVO","workflowStatus":"PENDENTE","isOfficial":true,"rawProperties":{"cd_identificador":1986210,"cd_identificador_original_lote":8799988,"cd_setor_fiscal":"001","cd_tipo_quadra":"F","tx_tipo_quadra":"FISCAL","cd_quadra_fiscal":"010","cd_subquadra_fiscal":null,"cd_condominio":"00","cd_tipo_lote":"F","tx_tipo_lote":"FISCAL","cd_lote":"0041","cd_situacao":1,"cd_digito_sql":"3","cd_logradouro":"116637","nm_logradouro_completo":"R S LAZARO","cd_numero_porta":"210","tx_complemento_endereco":"214 E 220","tx_situ_lote":"ATIVO","cd_tipo_uso_imovel":"42","dc_tipo_uso_imovel":"Não residencial","cd_tipo_terreno_imovel":1,"qt_area_terreno":600,"qt_area_construida":800}}},{"type":"Feature","geometry":{"type":"Polygon","coordinates":[[[-45.028563,-23.522473],[-45.028564,-23.522482],[-45.028566,-23.52251],[-45.028566,-23.522518],[-45.028567,-23.522536],[-45.02857,-23.522591],[-45.028573,-23.522643],[-45.028572,-23.522708],[-45.028572,-23.522749],[-45.028572,-23.522738],[-45.028565,-23.52262],[-45.028565,-23.522612],[-45.028565,-23.522611],[-45.028564,-23.522599],[-45.028564,-23.522585],[-45.028562,-23.522557],[-45.02856,-23.522522],[-45.02856,-23.522513],[-45.02856,-23.522413],[-45.028561,-23.522426],[-45.028563,-23.522457],[-45.028563,-23.522463],[-45.028563,-23.522473]]]},"properties":{"sqlu":"SP-001-986463","inscription":"SP-GEOSAMPA-1986463","inscricaoImobiliaria":"SP-IMO-1986463","setor":"001","quadra":"057","lote":"0000","sourceType":"OFFICIAL_IMPORT","mainAddress":"Setor Fiscal 001","zoneamento":"RESIDENCIAL","statusCadastral":"ATIVO","workflowStatus":"PENDENTE","isOfficial":true,"rawProperties":{"cd_identificador":1986463,"cd_identificador_original_lote":8800481,"cd_setor_fiscal":"001","cd_tipo_quadra":"F","tx_tipo_quadra":"FISCAL","cd_quadra_fiscal":"057","cd_subquadra_fiscal":null,"cd_condominio":"01","cd_tipo_lote":"F","tx_tipo_lote":"FISCAL","cd_lote":"0000","cd_situacao":1,"cd_digito_sql":null,"cd_logradouro":"179868","nm_logradouro_completo":"R DO SEMINARIO","cd_numero_porta":"197 199","tx_complemento_endereco":null,"tx_situ_lote":null,"cd_tipo_uso_imovel":"XX","dc_tipo_uso_imovel":"Condomínio","cd_tipo_terreno_imovel":99,"qt_area_terreno":990,"qt_area_construida":null}}},{"type":"Feature","geometry":{"type":"Polygon","coordinates":[[[-45.028432,-23.514758],[-45.028432,-23.514799],[-45.028431,-23.514804],[-45.028429,-23.514832],[-45.028428,-23.514842],[-45.028427,-23.514789],[-45.028431,-23.514744],[-45.028432,-23.514758]]]},"properties":{"sqlu":"SP-001-986616","inscription":"SP-GEOSAMPA-1986616","inscricaoImobiliaria":"SP-IMO-1986616","setor":"001","quadra":"007","lote":"0022","sourceType":"OFFICIAL_IMPORT","mainAddress":"Setor Fiscal 001","zoneamento":"RESIDENCIAL","statusCadastral":"ATIVO","workflowStatus":"PENDENTE","isOfficial":true,"rawProperties":{"cd_identificador":1986616,"cd_identificador_original_lote":8799898,"cd_setor_fiscal":"001","cd_tipo_quadra":"F","tx_tipo_quadra":"FISCAL","cd_quadra_fiscal":"007","cd_subquadra_fiscal":null,"cd_condominio":"00","cd_tipo_lote":"F","tx_tipo_lote":"FISCAL","cd_lote":"0022","cd_situacao":1,"cd_digito_sql":"5","cd_logradouro":"059633","nm_logradouro_completo":"R DJALMA DUTRA","cd_numero_porta":"175","tx_complemento_endereco":null,"tx_situ_lote":"ATIVO","cd_tipo_uso_imovel":"10","dc_tipo_uso_imovel":"Residencial","cd_tipo_terreno_imovel":1,"qt_area_terreno":150,"qt_area_construida":80}}},{"type":"Feature","geometry":{"type":"Polygon","coordinates":[[[-45.02848,-23.517911],[-45.028481,-23.517897],[-45.028481,-23.517895],[-45.028481,-23.517947],[-45.028481,-23.517975],[-45.028482,-23.518197],[-45.028481,-23.518213],[-45.028481,-23.518169],[-45.028481,-23.518152],[-45.028481,-23.518106],[-45.02848,-23.518045],[-45.02848,-23.518021],[-45.02848,-23.517962],[-45.02848,-23.517911]]]},"properties":{"sqlu":"SP-001-986839","inscription":"SP-GEOSAMPA-1986839","inscricaoImobiliaria":"SP-IMO-1986839","setor":"001","quadra":"023","lote":"0000","sourceType":"OFFICIAL_IMPORT","mainAddress":"Setor Fiscal 001","zoneamento":"RESIDENCIAL","statusCadastral":"ATIVO","workflowStatus":"PENDENTE","isOfficial":true,"rawProperties":{"cd_identificador":1986839,"cd_identificador_original_lote":8801318,"cd_setor_fiscal":"001","cd_tipo_quadra":"F","tx_tipo_quadra":"FISCAL","cd_quadra_fiscal":"023","cd_subquadra_fiscal":null,"cd_condominio":"07","cd_tipo_lote":"F","tx_tipo_lote":"FISCAL","cd_lote":"0000","cd_situacao":1,"cd_digito_sql":null,"cd_logradouro":"156299","nm_logradouro_completo":"R PAULA SOUSA","cd_numero_porta":"85 87","tx_complemento_endereco":null,"tx_situ_lote":null,"cd_tipo_uso_imovel":"XX","dc_tipo_uso_imovel":"Condomínio","cd_tipo_terreno_imovel":99,"qt_area_terreno":230,"qt_area_construida":null}}},{"type":"Feature","geometry":{"type":"Polygon","coordinates":[[[-45.02848,-23.517911],[-45.02848,-23.517914],[-45.02848,-23.517897],[-45.02848,-23.517882],[-45.02848,-23.517754],[-45.02848,-23.517674],[-45.028481,-23.517662],[-45.028481,-23.517757],[-45.028481,-23.517841],[-45.028481,-23.517897],[-45.02848,-23.517911]]]},"properties":{"sqlu":"SP-001-986840","inscription":"SP-GEOSAMPA-1986840","inscricaoImobiliaria":"SP-IMO-1986840","setor":"001","quadra":"023","lote":"0060","sourceType":"OFFICIAL_IMPORT","mainAddress":"Setor Fiscal 001","zoneamento":"RESIDENCIAL","statusCadastral":"ATIVO","workflowStatus":"PENDENTE","isOfficial":true,"rawProperties":{"cd_identificador":1986840,"cd_identificador_original_lote":8801369,"cd_setor_fiscal":"001","cd_tipo_quadra":"F","tx_tipo_quadra":"FISCAL","cd_quadra_fiscal":"023","cd_subquadra_fiscal":null,"cd_condominio":"00","cd_tipo_lote":"F","tx_tipo_lote":"FISCAL","cd_lote":"0060","cd_situacao":1,"cd_digito_sql":"7","cd_logradouro":"036960","nm_logradouro_completo":"TV AUGUSTO MEYER","cd_numero_porta":"3","tx_complemento_endereco":"CS 3","tx_situ_lote":"ATIVO","cd_tipo_uso_imovel":"10","dc_tipo_uso_imovel":"Residencial","cd_tipo_terreno_imovel":1,"qt_area_terreno":175,"qt_area_construida":250}}},{"type":"Feature","geometry":{"type":"Polygon","coordinates":[[[-45.028494,-23.514498],[-45.028491,-23.514557],[-45.028491,-23.514515],[-45.028491,-23.514512],[-45.028492,-23.514497],[-45.028494,-23.514459],[-45.028494,-23.514498]]]},"properties":{"sqlu":"SP-001-986682","inscription":"SP-GEOSAMPA-1986682","inscricaoImobiliaria":"SP-IMO-1986682","setor":"001","quadra":"003","lote":"0073","sourceType":"OFFICIAL_IMPORT","mainAddress":"Setor Fiscal 001","zoneamento":"RESIDENCIAL","statusCadastral":"ATIVO","workflowStatus":"PENDENTE","isOfficial":true,"rawProperties":{"cd_identificador":1986682,"cd_identificador_original_lote":8800590,"cd_setor_fiscal":"001","cd_tipo_quadra":"F","tx_tipo_quadra":"FISCAL","cd_quadra_fiscal":"003","cd_subquadra_fiscal":null,"cd_condominio":"00","cd_tipo_lote":"F","tx_tipo_lote":"FISCAL","cd_lote":"0073","cd_situacao":1,"cd_digito_sql":"1","cd_logradouro":"189936","nm_logradouro_completo":"AV TIRADENTES","cd_numero_porta":"168","tx_complemento_endereco":null,"tx_situ_lote":"ATIVO","cd_tipo_uso_imovel":"40","dc_tipo_uso_imovel":"Não residencial","cd_tipo_terreno_imovel":1,"qt_area_terreno":100,"qt_area_construida":80}}},{"type":"Feature","geometry":{"type":"Polygon","coordinates":[[[-45.028503,-23.516653],[-45.028504,-23.516779],[-45.028499,-23.516768],[-45.028499,-23.516705],[-45.028503,-23.516653]]]},"properties":{"sqlu":"SP-001-986524","inscription":"SP-GEOSAMPA-1986524","inscricaoImobiliaria":"SP-IMO-1986524","setor":"001","quadra":"022","lote":"0014","sourceType":"OFFICIAL_IMPORT","mainAddress":"Setor Fiscal 001","zoneamento":"RESIDENCIAL","statusCadastral":"ATIVO","workflowStatus":"PENDENTE","isOfficial":true,"rawProperties":{"cd_identificador":1986524,"cd_identificador_original_lote":8799779,"cd_setor_fiscal":"001","cd_tipo_quadra":"F","tx_tipo_quadra":"FISCAL","cd_quadra_fiscal":"022","cd_subquadra_fiscal":null,"cd_condominio":"00","cd_tipo_lote":"F","tx_tipo_lote":"FISCAL","cd_lote":"0014","cd_situacao":1,"cd_digito_sql":"9","cd_logradouro":"072044","nm_logradouro_completo":"R FLORENCIO DE ABREU","cd_numero_porta":"855","tx_complemento_endereco":"857 E 863","tx_situ_lote":"ATIVO","cd_tipo_uso_imovel":"42","dc_tipo_uso_imovel":"Não residencial","cd_tipo_terreno_imovel":3,"qt_area_terreno":272,"qt_area_construida":520}}},{"type":"Feature","geometry":{"type":"Polygon","coordinates":[[[-45.028441,-23.520187],[-45.028437,-23.520237],[-45.028437,-23.520212],[-45.028437,-23.52009],[-45.028436,-23.520062],[-45.028437,-23.520056],[-45.02844,-23.520013],[-45.02844,-23.520037],[-45.02844,-23.52007],[-45.028441,-23.520187]]]},"properties":{"sqlu":"SP-001-986826","inscription":"SP-GEOSAMPA-1986826","inscricaoImobiliaria":"SP-IMO-1986826","setor":"001","quadra":"035","lote":"0000","sourceType":"OFFICIAL_IMPORT","mainAddress":"Setor Fiscal 001","zoneamento":"RESIDENCIAL","statusCadastral":"ATIVO","workflowStatus":"PENDENTE","isOfficial":true,"rawProperties":{"cd_identificador":1986826,"cd_identificador_original_lote":8800879,"cd_setor_fiscal":"001","cd_tipo_quadra":"F","tx_tipo_quadra":"FISCAL","cd_quadra_fiscal":"035","cd_subquadra_fiscal":null,"cd_condominio":"03","cd_tipo_lote":"F","tx_tipo_lote":"FISCAL","cd_lote":"0000","cd_situacao":1,"cd_digito_sql":null,"cd_logradouro":"167258","nm_logradouro_completo":"AV SEN QUEIROS","cd_numero_porta":"659 667 675","tx_complemento_endereco":null,"tx_situ_lote":null,"cd_tipo_uso_imovel":"XX","dc_tipo_uso_imovel":"Condomínio","cd_tipo_terreno_imovel":99,"qt_area_terreno":454,"qt_area_construida":null}}},{"type":"Feature","geometry":{"type":"Polygon","coordinates":[[[-45.028427,-23.516083],[-45.028427,-23.516041],[-45.028428,-23.516031],[-45.028428,-23.516022],[-45.028431,-23.515959],[-45.028431,-23.516001],[-45.028427,-23.516083]]]},"properties":{"sqlu":"SP-001-986557","inscription":"SP-GEOSAMPA-1986557","inscricaoImobiliaria":"SP-IMO-1986557","setor":"001","quadra":"012","lote":"0025","sourceType":"OFFICIAL_IMPORT","mainAddress":"Setor Fiscal 001","zoneamento":"RESIDENCIAL","statusCadastral":"ATIVO","workflowStatus":"PENDENTE","isOfficial":true,"rawProperties":{"cd_identificador":1986557,"cd_identificador_original_lote":8800728,"cd_setor_fiscal":"001","cd_tipo_quadra":"F","tx_tipo_quadra":"FISCAL","cd_quadra_fiscal":"012","cd_subquadra_fiscal":null,"cd_condominio":"00","cd_tipo_lote":"F","tx_tipo_lote":"FISCAL","cd_lote":"0025","cd_situacao":1,"cd_digito_sql":"0","cd_logradouro":"059633","nm_logradouro_completo":"R DJALMA DUTRA","cd_numero_porta":"40","tx_complemento_endereco":null,"tx_situ_lote":"ATIVO","cd_tipo_uso_imovel":"10","dc_tipo_uso_imovel":"Residencial","cd_tipo_terreno_imovel":1,"qt_area_terreno":150,"qt_area_construida":60}}},{"type":"Feature","geometry":{"type":"Polygon","coordinates":[[[-45.028521,-23.520743],[-45.028519,-23.520736],[-45.028519,-23.520656],[-45.028521,-23.520668],[-45.028521,-23.520743]]]},"properties":{"sqlu":"SP-001-986504","inscription":"SP-GEOSAMPA-1986504","inscricaoImobiliaria":"SP-IMO-1986504","setor":"001","quadra":"038","lote":"0011","sourceType":"OFFICIAL_IMPORT","mainAddress":"Setor Fiscal 001","zoneamento":"RESIDENCIAL","statusCadastral":"ATIVO","workflowStatus":"PENDENTE","isOfficial":true,"rawProperties":{"cd_identificador":1986504,"cd_identificador_original_lote":8800932,"cd_setor_fiscal":"001","cd_tipo_quadra":"F","tx_tipo_quadra":"FISCAL","cd_quadra_fiscal":"038","cd_subquadra_fiscal":null,"cd_condominio":"00","cd_tipo_lote":"F","tx_tipo_lote":"FISCAL","cd_lote":"0011","cd_situacao":1,"cd_digito_sql":"5","cd_logradouro":"074187","nm_logradouro_completo":"R DOM FRANCISCO DE SOUSA","cd_numero_porta":"112","tx_complemento_endereco":"E 114","tx_situ_lote":"ATIVO","cd_tipo_uso_imovel":"40","dc_tipo_uso_imovel":"Não residencial","cd_tipo_terreno_imovel":3,"qt_area_terreno":75,"qt_area_construida":75}}},{"type":"Feature","geometry":{"type":"Polygon","coordinates":[[[-45.028443,-23.518037],[-45.028449,-23.517931],[-45.02845,-23.517995],[-45.028443,-23.5181],[-45.028443,-23.518037]]]},"properties":{"sqlu":"SP-001-986585","inscription":"SP-GEOSAMPA-1986585","inscricaoImobiliaria":"SP-IMO-1986585","setor":"001","quadra":"024","lote":"0024","sourceType":"OFFICIAL_IMPORT","mainAddress":"Setor Fiscal 001","zoneamento":"RESIDENCIAL","statusCadastral":"ATIVO","workflowStatus":"PENDENTE","isOfficial":true,"rawProperties":{"cd_identificador":1986585,"cd_identificador_original_lote":8799727,"cd_setor_fiscal":"001","cd_tipo_quadra":"F","tx_tipo_quadra":"FISCAL","cd_quadra_fiscal":"024","cd_subquadra_fiscal":null,"cd_condominio":"00","cd_tipo_lote":"F","tx_tipo_lote":"FISCAL","cd_lote":"0024","cd_situacao":1,"cd_digito_sql":"5","cd_logradouro":"018147","nm_logradouro_completo":"R ANTONIO PAIS","cd_numero_porta":"82","tx_complemento_endereco":"E 84","tx_situ_lote":"ATIVO","cd_tipo_uso_imovel":"42","dc_tipo_uso_imovel":"N��o residencial","cd_tipo_terreno_imovel":1,"qt_area_terreno":180,"qt_area_construida":350}}},{"type":"Feature","geometry":{"type":"Polygon","coordinates":[[[-45.028537,-23.527061],[-45.028538,-23.527088],[-45.02854,-23.527048],[-45.028541,-23.527125],[-45.028539,-23.527161],[-45.028537,-23.52721],[-45.028536,-23.527162],[-45.028537,-23.527061]]]},"properties":{"sqlu":"SP-001-986926","inscription":"SP-GEOSAMPA-1986926","inscricaoImobiliaria":"SP-IMO-1986926","setor":"001","quadra":"081","lote":"0025","sourceType":"OFFICIAL_IMPORT","mainAddress":"Setor Fiscal 001","zoneamento":"RESIDENCIAL","statusCadastral":"ATIVO","workflowStatus":"PENDENTE","isOfficial":true,"rawProperties":{"cd_identificador":1986926,"cd_identificador_original_lote":8800315,"cd_setor_fiscal":"001","cd_tipo_quadra":"F","tx_tipo_quadra":"FISCAL","cd_quadra_fiscal":"081","cd_subquadra_fiscal":null,"cd_condominio":"00","cd_tipo_lote":"F","tx_tipo_lote":"FISCAL","cd_lote":"0025","cd_situacao":1,"cd_digito_sql":"1","cd_logradouro":"032107","nm_logradouro_completo":"R S BENTO","cd_numero_porta":"272","tx_complemento_endereco":"E 276","tx_situ_lote":"ATIVO","cd_tipo_uso_imovel":"31","dc_tipo_uso_imovel":"Não residencial","cd_tipo_terreno_imovel":1,"qt_area_terreno":290,"qt_area_construida":1156}}},{"type":"Feature","geometry":{"type":"Polygon","coordinates":[[[-45.028432,-23.51489],[-45.028434,-23.514871],[-45.028434,-23.514922],[-45.028432,-23.514941],[-45.028432,-23.51489]]]},"properties":{"sqlu":"SP-001-987007","inscription":"SP-GEOSAMPA-1987007","inscricaoImobiliaria":"SP-IMO-1987007","setor":"001","quadra":"007","lote":"0096","sourceType":"OFFICIAL_IMPORT","mainAddress":"Setor Fiscal 001","zoneamento":"RESIDENCIAL","statusCadastral":"ATIVO","workflowStatus":"PENDENTE","isOfficial":true,"rawProperties":{"cd_identificador":1987007,"cd_identificador_original_lote":8799881,"cd_setor_fiscal":"001","cd_tipo_quadra":"F","tx_tipo_quadra":"FISCAL","cd_quadra_fiscal":"007","cd_subquadra_fiscal":null,"cd_condominio":"00","cd_tipo_lote":"F","tx_tipo_lote":"FISCAL","cd_lote":"0096","cd_situacao":1,"cd_digito_sql":"9","cd_logradouro":"084921","nm_logradouro_completo":"R GUILHERME MAW","cd_numero_porta":"64","tx_complemento_endereco":"CS 2","tx_situ_lote":"ATIVO","cd_tipo_uso_imovel":"10","dc_tipo_uso_imovel":"Residencial","cd_tipo_terreno_imovel":4,"qt_area_terreno":50,"qt_area_construida":180}}},{"type":"Feature","geometry":{"type":"Polygon","coordinates":[[[-45.028467,-23.514379],[-45.028472,-23.514318],[-45.028472,-23.514355],[-45.028468,-23.514415],[-45.028467,-23.514379]]]},"properties":{"sqlu":"SP-001-986773","inscription":"SP-GEOSAMPA-1986773","inscricaoImobiliaria":"SP-IMO-1986773","setor":"001","quadra":"004","lote":"0074","sourceType":"OFFICIAL_IMPORT","mainAddress":"Setor Fiscal 001","zoneamento":"RESIDENCIAL","statusCadastral":"ATIVO","workflowStatus":"PENDENTE","isOfficial":true,"rawProperties":{"cd_identificador":1986773,"cd_identificador_original_lote":8799537,"cd_setor_fiscal":"001","cd_tipo_quadra":"F","tx_tipo_quadra":"FISCAL","cd_quadra_fiscal":"004","cd_subquadra_fiscal":null,"cd_condominio":"00","cd_tipo_lote":"F","tx_tipo_lote":"FISCAL","cd_lote":"0074","cd_situacao":1,"cd_digito_sql":"4","cd_logradouro":"061565","nm_logradouro_completo":"R DUTRA RODRIGUES","cd_numero_porta":"74","tx_complemento_endereco":null,"tx_situ_lote":"ATIVO","cd_tipo_uso_imovel":"31","dc_tipo_uso_imovel":"Não residencial","cd_tipo_terreno_imovel":1,"qt_area_terreno":150,"qt_area_construida":250}}},{"type":"Feature","geometry":{"type":"Polygon","coordinates":[[[-45.028432,-23.514758],[-45.028431,-23.514744],[-45.028431,-23.514726],[-45.028431,-23.514715],[-45.028433,-23.514695],[-45.028433,-23.514739],[-45.028432,-23.514758]]]},"properties":{"sqlu":"SP-001-986615","inscription":"SP-GEOSAMPA-1986615","inscricaoImobiliaria":"SP-IMO-1986615","setor":"001","quadra":"007","lote":"0092","sourceType":"OFFICIAL_IMPORT","mainAddress":"Setor Fiscal 001","zoneamento":"RESIDENCIAL","statusCadastral":"ATIVO","workflowStatus":"PENDENTE","isOfficial":true,"rawProperties":{"cd_identificador":1986615,"cd_identificador_original_lote":8799885,"cd_setor_fiscal":"001","cd_tipo_quadra":"F","tx_tipo_quadra":"FISCAL","cd_quadra_fiscal":"007","cd_subquadra_fiscal":null,"cd_condominio":"00","cd_tipo_lote":"F","tx_tipo_lote":"FISCAL","cd_lote":"0092","cd_situacao":1,"cd_digito_sql":"6","cd_logradouro":"084921","nm_logradouro_completo":"R GUILHERME MAW","cd_numero_porta":"64","tx_complemento_endereco":"CS 10","tx_situ_lote":"ATIVO","cd_tipo_uso_imovel":"10","dc_tipo_uso_imovel":"Residencial","cd_tipo_terreno_imovel":4,"qt_area_terreno":50,"qt_area_construida":50}}},{"type":"Feature","geometry":{"type":"Polygon","coordinates":[[[-45.028537,-23.527061],[-45.028536,-23.527051],[-45.028536,-23.527047],[-45.028535,-23.527031],[-45.028533,-23.527006],[-45.028534,-23.526884],[-45.028535,-23.526879],[-45.028536,-23.526876],[-45.028538,-23.526849],[-45.02854,-23.527048],[-45.028538,-23.527088],[-45.028537,-23.527061]]]},"properties":{"sqlu":"SP-001-986927","inscription":"SP-GEOSAMPA-1986927","inscricaoImobiliaria":"SP-IMO-1986927","setor":"001","quadra":"081","lote":"0000","sourceType":"OFFICIAL_IMPORT","mainAddress":"Setor Fiscal 001","zoneamento":"RESIDENCIAL","statusCadastral":"ATIVO","workflowStatus":"PENDENTE","isOfficial":true,"rawProperties":{"cd_identificador":1986927,"cd_identificador_original_lote":8800324,"cd_setor_fiscal":"001","cd_tipo_quadra":"F","tx_tipo_quadra":"FISCAL","cd_quadra_fiscal":"081","cd_subquadra_fiscal":null,"cd_condominio":"01","cd_tipo_lote":"F","tx_tipo_lote":"FISCAL","cd_lote":"0000","cd_situacao":1,"cd_digito_sql":null,"cd_logradouro":"032107","nm_logradouro_completo":"R S BENTO","cd_numero_porta":"284 290 302","tx_complemento_endereco":null,"tx_situ_lote":null,"cd_tipo_uso_imovel":"XX","dc_tipo_uso_imovel":"Condomínio","cd_tipo_terreno_imovel":99,"qt_area_terreno":711,"qt_area_construida":null}}},{"type":"Feature","geometry":{"type":"Polygon","coordinates":[[[-45.028483,-23.52629],[-45.028482,-23.526278],[-45.028481,-23.526312],[-45.028481,-23.526276],[-45.028481,-23.526238],[-45.028482,-23.526232],[-45.028483,-23.526243],[-45.028483,-23.52629]]]},"properties":{"sqlu":"SP-001-986985","inscription":"SP-GEOSAMPA-1986985","inscricaoImobiliaria":"SP-IMO-1986985","setor":"001","quadra":"075","lote":"0051","sourceType":"OFFICIAL_IMPORT","mainAddress":"Setor Fiscal 001","zoneamento":"RESIDENCIAL","statusCadastral":"ATIVO","workflowStatus":"PENDENTE","isOfficial":true,"rawProperties":{"cd_identificador":1986985,"cd_identificador_original_lote":8800114,"cd_setor_fiscal":"001","cd_tipo_quadra":"F","tx_tipo_quadra":"FISCAL","cd_quadra_fiscal":"075","cd_subquadra_fiscal":null,"cd_condominio":"00","cd_tipo_lote":"F","tx_tipo_lote":"FISCAL","cd_lote":"0051","cd_situacao":1,"cd_digito_sql":"5","cd_logradouro":"044695","nm_logradouro_completo":"R GAL CARNEIRO","cd_numero_porta":"291","tx_complemento_endereco":null,"tx_situ_lote":"ATIVO","cd_tipo_uso_imovel":"40","dc_tipo_uso_imovel":"Não residencial","cd_tipo_terreno_imovel":1,"qt_area_terreno":66,"qt_area_construida":120}}},{"type":"Feature","geometry":{"type":"Polygon","coordinates":[[[-45.028565,-23.516285],[-45.028565,-23.51636],[-45.028559,-23.516369],[-45.028559,-23.51637],[-45.028558,-23.516372],[-45.028558,-23.516341],[-45.028558,-23.516291],[-45.028565,-23.516285]]]},"properties":{"sqlu":"SP-001-987021","inscription":"SP-GEOSAMPA-1987021","inscricaoImobiliaria":"SP-IMO-1987021","setor":"001","quadra":"019","lote":"0046","sourceType":"OFFICIAL_IMPORT","mainAddress":"Setor Fiscal 001","zoneamento":"RESIDENCIAL","statusCadastral":"ATIVO","workflowStatus":"PENDENTE","isOfficial":true,"rawProperties":{"cd_identificador":1987021,"cd_identificador_original_lote":8799633,"cd_setor_fiscal":"001","cd_tipo_quadra":"F","tx_tipo_quadra":"FISCAL","cd_quadra_fiscal":"019","cd_subquadra_fiscal":null,"cd_condominio":"00","cd_tipo_lote":"F","tx_tipo_lote":"FISCAL","cd_lote":"0046","cd_situacao":1,"cd_digito_sql":"5","cd_logradouro":"054607","nm_logradouro_completo":"R GAL COUTO DE MAGALHAES","cd_numero_porta":"396","tx_complemento_endereco":"E 400","tx_situ_lote":"ATIVO","cd_tipo_uso_imovel":"80","dc_tipo_uso_imovel":"Não residencial","cd_tipo_terreno_imovel":1,"qt_area_terreno":320,"qt_area_construida":500}}},{"type":"Feature","geometry":{"type":"Polygon","coordinates":[[[-45.028488,-23.525823],[-45.028488,-23.525843],[-45.028482,-23.525777],[-45.028482,-23.525759],[-45.028488,-23.525823]]]},"properties":{"sqlu":"SP-001-987286","inscription":"SP-GEOSAMPA-1987286","inscricaoImobiliaria":"SP-IMO-1987286","setor":"001","quadra":"075","lote":"0544","sourceType":"OFFICIAL_IMPORT","mainAddress":"Setor Fiscal 001","zoneamento":"RESIDENCIAL","statusCadastral":"ATIVO","workflowStatus":"PENDENTE","isOfficial":true,"rawProperties":{"cd_identificador":1987286,"cd_identificador_original_lote":8800105,"cd_setor_fiscal":"001","cd_tipo_quadra":"F","tx_tipo_quadra":"FISCAL","cd_quadra_fiscal":"075","cd_subquadra_fiscal":null,"cd_condominio":"00","cd_tipo_lote":"F","tx_tipo_lote":"FISCAL","cd_lote":"0544","cd_situacao":1,"cd_digito_sql":"4","cd_logradouro":"197459","nm_logradouro_completo":"R VINTE E CINCO DE MARCO","cd_numero_porta":"491","tx_complemento_endereco":null,"tx_situ_lote":"ATIVO","cd_tipo_uso_imovel":"40","dc_tipo_uso_imovel":"Não residencial","cd_tipo_terreno_imovel":1,"qt_area_terreno":66,"qt_area_construida":66}}},{"type":"Feature","geometry":{"type":"Polygon","coordinates":[[[-45.02854,-23.528269],[-45.028539,-23.52829],[-45.028539,-23.52827],[-45.028538,-23.528265],[-45.028538,-23.528169],[-45.028538,-23.528061],[-45.02854,-23.528071],[-45.028541,-23.528138],[-45.028541,-23.528188],[-45.028541,-23.528243],[-45.02854,-23.528276],[-45.02854,-23.528264],[-45.02854,-23.528269]]]},"properties":{"sqlu":"SP-001-987666","inscription":"SP-GEOSAMPA-1987666","inscricaoImobiliaria":"SP-IMO-1987666","setor":"001","quadra":"084","lote":"0029","sourceType":"OFFICIAL_IMPORT","mainAddress":"Setor Fiscal 001","zoneamento":"RESIDENCIAL","statusCadastral":"ATIVO","workflowStatus":"PENDENTE","isOfficial":true,"rawProperties":{"cd_identificador":1987666,"cd_identificador_original_lote":8800013,"cd_setor_fiscal":"001","cd_tipo_quadra":"F","tx_tipo_quadra":"FISCAL","cd_quadra_fiscal":"084","cd_subquadra_fiscal":null,"cd_condominio":"00","cd_tipo_lote":"F","tx_tipo_lote":"FISCAL","cd_lote":"0029","cd_situacao":1,"cd_digito_sql":"8","cd_logradouro":"167703","nm_logradouro_completo":"R DA QUITANDA","cd_numero_porta":"113","tx_complemento_endereco":"123","tx_situ_lote":"ATIVO","cd_tipo_uso_imovel":"31","dc_tipo_uso_imovel":"Não residencial","cd_tipo_terreno_imovel":1,"qt_area_terreno":378,"qt_area_construida":3929}}},{"type":"Feature","geometry":{"type":"Polygon","coordinates":[[[-45.02854,-23.528269],[-45.028542,-23.528505],[-45.028541,-23.528537],[-45.028539,-23.528576],[-45.028537,-23.528324],[-45.028537,-23.528301],[-45.028538,-23.528276],[-45.028539,-23.52827],[-45.028539,-23.52829],[-45.02854,-23.528269]]]},"properties":{"sqlu":"SP-001-987667","inscription":"SP-GEOSAMPA-1987667","inscricaoImobiliaria":"SP-IMO-1987667","setor":"001","quadra":"084","lote":"0071","sourceType":"OFFICIAL_IMPORT","mainAddress":"Setor Fiscal 001","zoneamento":"RESIDENCIAL","statusCadastral":"ATIVO","workflowStatus":"PENDENTE","isOfficial":true,"rawProperties":{"cd_identificador":1987667,"cd_identificador_original_lote":8800018,"cd_setor_fiscal":"001","cd_tipo_quadra":"F","tx_tipo_quadra":"FISCAL","cd_quadra_fiscal":"084","cd_subquadra_fiscal":null,"cd_condominio":"00","cd_tipo_lote":"F","tx_tipo_lote":"FISCAL","cd_lote":"0071","cd_situacao":1,"cd_digito_sql":"9","cd_logradouro":"059447","nm_logradouro_completo":"R DIREITA","cd_numero_porta":"200","tx_complemento_endereco":"210","tx_situ_lote":"ATIVO","cd_tipo_uso_imovel":"40","dc_tipo_uso_imovel":"Não residencial","cd_tipo_terreno_imovel":1,"qt_area_terreno":527,"qt_area_construida":1140}}},{"type":"Feature","geometry":{"type":"Polygon","coordinates":[[[-45.028412,-23.51535],[-45.028413,-23.515514],[-45.028412,-23.515521],[-45.028409,-23.515182],[-45.02841,-23.515173],[-45.028411,-23.515265],[-45.028412,-23.51535]]]},"properties":{"sqlu":"SP-001-987313","inscription":"SP-GEOSAMPA-1987313","inscricaoImobiliaria":"SP-IMO-1987313","setor":"001","quadra":"010","lote":"0002","sourceType":"OFFICIAL_IMPORT","mainAddress":"Setor Fiscal 001","zoneamento":"RESIDENCIAL","statusCadastral":"ATIVO","workflowStatus":"PENDENTE","isOfficial":true,"rawProperties":{"cd_identificador":1987313,"cd_identificador_original_lote":8799995,"cd_setor_fiscal":"001","cd_tipo_quadra":"F","tx_tipo_quadra":"FISCAL","cd_quadra_fiscal":"010","cd_subquadra_fiscal":null,"cd_condominio":"00","cd_tipo_lote":"F","tx_tipo_lote":"FISCAL","cd_lote":"0002","cd_situacao":1,"cd_digito_sql":"2","cd_logradouro":"038121","nm_logradouro_completo":"R S CAETANO","cd_numero_porta":"503","tx_complemento_endereco":null,"tx_situ_lote":"ATIVO","cd_tipo_uso_imovel":"42","dc_tipo_uso_imovel":"Não residencial","cd_tipo_terreno_imovel":1,"qt_area_terreno":200,"qt_area_construida":160}}},{"type":"Feature","geometry":{"type":"Polygon","coordinates":[[[-45.028464,-23.519451],[-45.028464,-23.519593],[-45.028463,-23.51961],[-45.028458,-23.519674],[-45.028458,-23.519678],[-45.028458,-23.519556],[-45.028458,-23.519525],[-45.028462,-23.51947],[-45.028463,-23.519463],[-45.028464,-23.519451]]]},"properties":{"sqlu":"SP-001-987540","inscription":"SP-GEOSAMPA-1987540","inscricaoImobiliaria":"SP-IMO-1987540","setor":"001","quadra":"032","lote":"0723","sourceType":"OFFICIAL_IMPORT","mainAddress":"Setor Fiscal 001","zoneamento":"RESIDENCIAL","statusCadastral":"ATIVO","workflowStatus":"PENDENTE","isOfficial":true,"rawProperties":{"cd_identificador":1987540,"cd_identificador_original_lote":8800836,"cd_setor_fiscal":"001","cd_tipo_quadra":"F","tx_tipo_quadra":"FISCAL","cd_quadra_fiscal":"032","cd_subquadra_fiscal":null,"cd_condominio":"00","cd_tipo_lote":"F","tx_tipo_lote":"FISCAL","cd_lote":"0723","cd_situacao":1,"cd_digito_sql":"6","cd_logradouro":"061360","nm_logradouro_completo":"R BR DE DUPRAT","cd_numero_porta":"535","tx_complemento_endereco":"539 543 545 547","tx_situ_lote":"ATIVO","cd_tipo_uso_imovel":"40","dc_tipo_uso_imovel":"Não residencial","cd_tipo_terreno_imovel":2,"qt_area_terreno":595,"qt_area_construida":2652}}},{"type":"Feature","geometry":{"type":"Polygon","coordinates":[[[-45.028434,-23.515648],[-45.028433,-23.51566],[-45.028433,-23.515635],[-45.028432,-23.515471],[-45.028433,-23.515459],[-45.028434,-23.515648]]]},"properties":{"sqlu":"SP-001-987556","inscription":"SP-GEOSAMPA-1987556","inscricaoImobiliaria":"SP-IMO-1987556","setor":"001","quadra":"011","lote":"0047","sourceType":"OFFICIAL_IMPORT","mainAddress":"Setor Fiscal 001","zoneamento":"RESIDENCIAL","statusCadastral":"ATIVO","workflowStatus":"PENDENTE","isOfficial":true,"rawProperties":{"cd_identificador":1987556,"cd_identificador_original_lote":8800666,"cd_setor_fiscal":"001","cd_tipo_quadra":"F","tx_tipo_quadra":"FISCAL","cd_quadra_fiscal":"011","cd_subquadra_fiscal":null,"cd_condominio":"00","cd_tipo_lote":"F","tx_tipo_lote":"FISCAL","cd_lote":"0047","cd_situacao":1,"cd_digito_sql":"7","cd_logradouro":"038121","nm_logradouro_completo":"R S CAETANO","cd_numero_porta":"384","tx_complemento_endereco":null,"tx_situ_lote":"ATIVO","cd_tipo_uso_imovel":"40","dc_tipo_uso_imovel":"Não residencial","cd_tipo_terreno_imovel":1,"qt_area_terreno":140,"qt_area_construida":120}}},{"type":"Feature","geometry":{"type":"Polygon","coordinates":[[[-45.028402,-23.514947],[-45.028403,-23.515065],[-45.028403,-23.515068],[-45.028403,-23.515131],[-45.028404,-23.515235],[-45.028402,-23.515251],[-45.028404,-23.515592],[-45.028403,-23.515606],[-45.028401,-23.515621],[-45.0284,-23.515628],[-45.0284,-23.515621],[-45.028397,-23.515233],[-45.028395,-23.514958],[-45.028397,-23.514924],[-45.028398,-23.514913],[-45.028398,-23.514905],[-45.028399,-23.514901],[-45.028399,-23.514897],[-45.028399,-23.51489],[-45.0284,-23.514881],[-45.0284,-23.514878],[-45.028401,-23.514873],[-45.028401,-23.514867],[-45.028402,-23.514855],[-45.028402,-23.514853],[-45.028402,-23.514947]]]},"properties":{"sqlu":"SP-001-987614","inscription":"SP-GEOSAMPA-1987614","inscricaoImobiliaria":"SP-IMO-1987614","setor":"001","quadra":"010","lote":"0066","sourceType":"OFFICIAL_IMPORT","mainAddress":"Setor Fiscal 001","zoneamento":"RESIDENCIAL","statusCadastral":"ATIVO","workflowStatus":"PENDENTE","isOfficial":true,"rawProperties":{"cd_identificador":1987614,"cd_identificador_original_lote":8799984,"cd_setor_fiscal":"001","cd_tipo_quadra":"F","tx_tipo_quadra":"FISCAL","cd_quadra_fiscal":"010","cd_subquadra_fiscal":null,"cd_condominio":"00","cd_tipo_lote":"F","tx_tipo_lote":"FISCAL","cd_lote":"0066","cd_situacao":1,"cd_digito_sql":"9","cd_logradouro":"038121","nm_logradouro_completo":"R S CAETANO","cd_numero_porta":"561","tx_complemento_endereco":"567","tx_situ_lote":"ATIVO","cd_tipo_uso_imovel":"43","dc_tipo_uso_imovel":"Não residencial","cd_tipo_terreno_imovel":2,"qt_area_terreno":2773,"qt_area_construida":1268}}},{"type":"Feature","geometry":{"type":"Polygon","coordinates":[[[-45.028402,-23.514947],[-45.028402,-23.514853],[-45.028402,-23.514844],[-45.028403,-23.514833],[-45.028403,-23.514826],[-45.028404,-23.514826],[-45.028404,-23.51482],[-45.028405,-23.514808],[-45.028405,-23.514797],[-45.028406,-23.514785],[-45.028407,-23.514773],[-45.028407,-23.514766],[-45.028408,-23.514748],[-45.028409,-23.514841],[-45.028407,-23.514871],[-45.028407,-23.514881],[-45.028405,-23.514914],[-45.028404,-23.51492],[-45.028404,-23.514927],[-45.028402,-23.514947]]]},"properties":{"sqlu":"SP-001-987615","inscription":"SP-GEOSAMPA-1987615","inscricaoImobiliaria":"SP-IMO-1987615","setor":"001","quadra":"010","lote":"0060","sourceType":"OFFICIAL_IMPORT","mainAddress":"Setor Fiscal 001","zoneamento":"RESIDENCIAL","statusCadastral":"ATIVO","workflowStatus":"PENDENTE","isOfficial":true,"rawProperties":{"cd_identificador":1987615,"cd_identificador_original_lote":8799990,"cd_setor_fiscal":"001","cd_tipo_quadra":"F","tx_tipo_quadra":"FISCAL","cd_quadra_fiscal":"010","cd_subquadra_fiscal":null,"cd_condominio":"00","cd_tipo_lote":"F","tx_tipo_lote":"FISCAL","cd_lote":"0060","cd_situacao":1,"cd_digito_sql":"1","cd_logradouro":"116637","nm_logradouro_completo":"R S LAZARO","cd_numero_porta":"244","tx_complemento_endereco":"254","tx_situ_lote":"ATIVO","cd_tipo_uso_imovel":"40","dc_tipo_uso_imovel":"Não residencial","cd_tipo_terreno_imovel":1,"qt_area_terreno":472,"qt_area_construida":1778}}},{"type":"Feature","geometry":{"type":"Polygon","coordinates":[[[-45.028563,-23.522457],[-45.028561,-23.522426],[-45.02856,-23.522413],[-45.028561,-23.522321],[-45.028563,-23.522367],[-45.028563,-23.522383],[-45.028563,-23.522457]]]},"properties":{"sqlu":"SP-001-987551","inscription":"SP-GEOSAMPA-1987551","inscricaoImobiliaria":"SP-IMO-1987551","setor":"001","quadra":"057","lote":"0018","sourceType":"OFFICIAL_IMPORT","mainAddress":"Setor Fiscal 001","zoneamento":"RESIDENCIAL","statusCadastral":"ATIVO","workflowStatus":"PENDENTE","isOfficial":true,"rawProperties":{"cd_identificador":1987551,"cd_identificador_original_lote":8800492,"cd_setor_fiscal":"001","cd_tipo_quadra":"F","tx_tipo_quadra":"FISCAL","cd_quadra_fiscal":"057","cd_subquadra_fiscal":null,"cd_condominio":"00","cd_tipo_lote":"F","tx_tipo_lote":"FISCAL","cd_lote":"0018","cd_situacao":1,"cd_digito_sql":"5","cd_logradouro":"179868","nm_logradouro_completo":"R DO SEMINARIO","cd_numero_porta":"209","tx_complemento_endereco":"213 E 215","tx_situ_lote":"ATIVO","cd_tipo_uso_imovel":"80","dc_tipo_uso_imovel":"Não residencial","cd_tipo_terreno_imovel":1,"qt_area_terreno":282,"qt_area_construida":630}}},{"type":"Feature","geometry":{"type":"Polygon","coordinates":[[[-45.028479,-23.514668],[-45.02848,-23.514665],[-45.02848,-23.514658],[-45.028481,-23.51465],[-45.028481,-23.514615],[-45.028481,-23.514613],[-45.028481,-23.51461],[-45.028481,-23.514604],[-45.028482,-23.514666],[-45.028482,-23.514844],[-45.02848,-23.514861],[-45.028479,-23.514668]]]},"properties":{"sqlu":"SP-001-987522","inscription":"SP-GEOSAMPA-1987522","inscricaoImobiliaria":"SP-IMO-1987522","setor":"001","quadra":"003","lote":"0011","sourceType":"OFFICIAL_IMPORT","mainAddress":"Setor Fiscal 001","zoneamento":"RESIDENCIAL","statusCadastral":"ATIVO","workflowStatus":"PENDENTE","isOfficial":true,"rawProperties":{"cd_identificador":1987522,"cd_identificador_original_lote":8800555,"cd_setor_fiscal":"001","cd_tipo_quadra":"F","tx_tipo_quadra":"FISCAL","cd_quadra_fiscal":"003","cd_subquadra_fiscal":null,"cd_condominio":"00","cd_tipo_lote":"F","tx_tipo_lote":"FISCAL","cd_lote":"0011","cd_situacao":1,"cd_digito_sql":"1","cd_logradouro":"038121","nm_logradouro_completo":"R S CAETANO","cd_numero_porta":"89","tx_complemento_endereco":"93 E 97","tx_situ_lote":"ATIVO","cd_tipo_uso_imovel":"43","dc_tipo_uso_imovel":"Não residencial","cd_tipo_terreno_imovel":1,"qt_area_terreno":285,"qt_area_construida":505}}},{"type":"Feature","geometry":{"type":"Polygon","coordinates":[[[-45.028488,-23.521649],[-45.02849,-23.521608],[-45.02849,-23.52158],[-45.028492,-23.52158],[-45.028492,-23.521612],[-45.028492,-23.52167],[-45.028488,-23.521744],[-45.028488,-23.521708],[-45.028488,-23.521679],[-45.028488,-23.521673],[-45.028488,-23.521649]]]},"properties":{"sqlu":"SP-001-987472","inscription":"SP-GEOSAMPA-1987472","inscricaoImobiliaria":"SP-IMO-1987472","setor":"001","quadra":"050","lote":"0097","sourceType":"OFFICIAL_IMPORT","mainAddress":"Setor Fiscal 001","zoneamento":"RESIDENCIAL","statusCadastral":"ATIVO","workflowStatus":"PENDENTE","isOfficial":true,"rawProperties":{"cd_identificador":1987472,"cd_identificador_original_lote":8801091,"cd_setor_fiscal":"001","cd_tipo_quadra":"F","tx_tipo_quadra":"FISCAL","cd_quadra_fiscal":"050","cd_subquadra_fiscal":null,"cd_condominio":"00","cd_tipo_lote":"F","tx_tipo_lote":"FISCAL","cd_lote":"0097","cd_situacao":1,"cd_digito_sql":"3","cd_logradouro":"072044","nm_logradouro_completo":"R FLORENCIO DE ABREU","cd_numero_porta":"318","tx_complemento_endereco":"E 322","tx_situ_lote":"ATIVO","cd_tipo_uso_imovel":"43","dc_tipo_uso_imovel":"Não residencial","cd_tipo_terreno_imovel":1,"qt_area_terreno":287,"qt_area_construida":840}}},{"type":"Feature","geometry":{"type":"Polygon","coordinates":[[[-45.028488,-23.521649],[-45.028488,-23.521603],[-45.028488,-23.521565],[-45.028488,-23.521529],[-45.028488,-23.521499],[-45.028492,-23.521494],[-45.028492,-23.52158],[-45.02849,-23.52158],[-45.02849,-23.521608],[-45.028488,-23.521649]]]},"properties":{"sqlu":"SP-001-987473","inscription":"SP-GEOSAMPA-1987473","inscricaoImobiliaria":"SP-IMO-1987473","setor":"001","quadra":"050","lote":"0029","sourceType":"OFFICIAL_IMPORT","mainAddress":"Setor Fiscal 001","zoneamento":"RESIDENCIAL","statusCadastral":"ATIVO","workflowStatus":"PENDENTE","isOfficial":true,"rawProperties":{"cd_identificador":1987473,"cd_identificador_original_lote":8801096,"cd_setor_fiscal":"001","cd_tipo_quadra":"F","tx_tipo_quadra":"FISCAL","cd_quadra_fiscal":"050","cd_subquadra_fiscal":null,"cd_condominio":"00","cd_tipo_lote":"F","tx_tipo_lote":"FISCAL","cd_lote":"0029","cd_situacao":1,"cd_digito_sql":"9","cd_logradouro":"072044","nm_logradouro_completo":"R FLORENCIO DE ABREU","cd_numero_porta":"328","tx_complemento_endereco":null,"tx_situ_lote":"ATIVO","cd_tipo_uso_imovel":"40","dc_tipo_uso_imovel":"Não residencial","cd_tipo_terreno_imovel":1,"qt_area_terreno":299,"qt_area_construida":870}}},{"type":"Feature","geometry":{"type":"Polygon","coordinates":[[[-45.028437,-23.514764],[-45.028437,-23.514733],[-45.028437,-23.514709],[-45.02844,-23.51468],[-45.028442,-23.514662],[-45.028442,-23.514714],[-45.028437,-23.514764]]]},"properties":{"sqlu":"SP-001-987797","inscription":"SP-GEOSAMPA-1987797","inscricaoImobiliaria":"SP-IMO-1987797","setor":"001","quadra":"007","lote":"0073","sourceType":"OFFICIAL_IMPORT","mainAddress":"Setor Fiscal 001","zoneamento":"RESIDENCIAL","statusCadastral":"ATIVO","workflowStatus":"PENDENTE","isOfficial":true,"rawProperties":{"cd_identificador":1987797,"cd_identificador_original_lote":8799858,"cd_setor_fiscal":"001","cd_tipo_quadra":"F","tx_tipo_quadra":"FISCAL","cd_quadra_fiscal":"007","cd_subquadra_fiscal":null,"cd_condominio":"00","cd_tipo_lote":"F","tx_tipo_lote":"FISCAL","cd_lote":"0073","cd_situacao":1,"cd_digito_sql":"1","cd_logradouro":"084921","nm_logradouro_completo":"R GUILHERME MAW","cd_numero_porta":"70","tx_complemento_endereco":null,"tx_situ_lote":"ATIVO","cd_tipo_uso_imovel":"10","dc_tipo_uso_imovel":"Residencial","cd_tipo_terreno_imovel":1,"qt_area_terreno":177,"qt_area_construida":280}}},{"type":"Feature","geometry":{"type":"Polygon","coordinates":[[[-45.028437,-23.514764],[-45.028435,-23.514781],[-45.028435,-23.514732],[-45.028437,-23.514709],[-45.028437,-23.514733],[-45.028437,-23.514764]]]},"properties":{"sqlu":"SP-001-987798","inscription":"SP-GEOSAMPA-1987798","inscricaoImobiliaria":"SP-IMO-1987798","setor":"001","quadra":"007","lote":"0076","sourceType":"OFFICIAL_IMPORT","mainAddress":"Setor Fiscal 001","zoneamento":"RESIDENCIAL","statusCadastral":"ATIVO","workflowStatus":"PENDENTE","isOfficial":true,"rawProperties":{"cd_identificador":1987798,"cd_identificador_original_lote":8799878,"cd_setor_fiscal":"001","cd_tipo_quadra":"F","tx_tipo_quadra":"FISCAL","cd_quadra_fiscal":"007","cd_subquadra_fiscal":null,"cd_condominio":"00","cd_tipo_lote":"F","tx_tipo_lote":"FISCAL","cd_lote":"0076","cd_situacao":1,"cd_digito_sql":"4","cd_logradouro":"084921","nm_logradouro_completo":"R GUILHERME MAW","cd_numero_porta":"64","tx_complemento_endereco":"CS 5","tx_situ_lote":"ATIVO","cd_tipo_uso_imovel":"10","dc_tipo_uso_imovel":"Residencial","cd_tipo_terreno_imovel":4,"qt_area_terreno":50,"qt_area_construida":50}}},{"type":"Feature","geometry":{"type":"Polygon","coordinates":[[[-45.028534,-23.521069],[-45.028532,-23.521103],[-45.028532,-23.521057],[-45.028531,-23.520979],[-45.028533,-23.520945],[-45.028535,-23.520913],[-45.028536,-23.520889],[-45.028538,-23.520857],[-45.028539,-23.520975],[-45.028537,-23.52101],[-45.028536,-23.521032],[-45.028534,-23.521066],[-45.028534,-23.521069]]]},"properties":{"sqlu":"SP-001-987699","inscription":"SP-GEOSAMPA-1987699","inscricaoImobiliaria":"SP-IMO-1987699","setor":"001","quadra":"037","lote":"0000","sourceType":"OFFICIAL_IMPORT","mainAddress":"Setor Fiscal 001","zoneamento":"RESIDENCIAL","statusCadastral":"ATIVO","workflowStatus":"PENDENTE","isOfficial":true,"rawProperties":{"cd_identificador":1987699,"cd_identificador_original_lote":8800911,"cd_setor_fiscal":"001","cd_tipo_quadra":"F","tx_tipo_quadra":"FISCAL","cd_quadra_fiscal":"037","cd_subquadra_fiscal":null,"cd_condominio":"03","cd_tipo_lote":"F","tx_tipo_lote":"FISCAL","cd_lote":"0000","cd_situacao":1,"cd_digito_sql":null,"cd_logradouro":"190179","nm_logradouro_completo":"R BRIG TOBIAS","cd_numero_porta":"272 278 280","tx_complemento_endereco":null,"tx_situ_lote":null,"cd_tipo_uso_imovel":"XX","dc_tipo_uso_imovel":"Condomínio","cd_tipo_terreno_imovel":99,"qt_area_terreno":577,"qt_area_construida":null}}},{"type":"Feature","geometry":{"type":"Polygon","coordinates":[[[-45.028525,-23.525505],[-45.028525,-23.525526],[-45.028525,-23.525589],[-45.028526,-23.525594],[-45.028526,-23.525601],[-45.028526,-23.525607],[-45.028526,-23.525614],[-45.028526,-23.52562],[-45.028526,-23.525627],[-45.028526,-23.525634],[-45.028526,-23.525641],[-45.028526,-23.525647],[-45.028526,-23.525654],[-45.028526,-23.525661],[-45.028526,-23.525667],[-45.028525,-23.525673],[-45.028525,-23.525679],[-45.028525,-23.525685],[-45.028525,-23.52569],[-45.028525,-23.525696],[-45.028525,-23.525722],[-45.028521,-23.525668],[-45.028521,-23.525644],[-45.028521,-23.525599],[-45.028521,-23.525575],[-45.028523,-23.525562],[-45.028525,-23.525505]]]},"properties":{"sqlu":"SP-001-987874","inscription":"SP-GEOSAMPA-1987874","inscricaoImobiliaria":"SP-IMO-1987874","setor":"001","quadra":"063","lote":"0013","sourceType":"OFFICIAL_IMPORT","mainAddress":"Setor Fiscal 001","zoneamento":"RESIDENCIAL","statusCadastral":"ATIVO","workflowStatus":"PENDENTE","isOfficial":true,"rawProperties":{"cd_identificador":1987874,"cd_identificador_original_lote":8800048,"cd_setor_fiscal":"001","cd_tipo_quadra":"F","tx_tipo_quadra":"FISCAL","cd_quadra_fiscal":"063","cd_subquadra_fiscal":null,"cd_condominio":"00","cd_tipo_lote":"F","tx_tipo_lote":"FISCAL","cd_lote":"0013","cd_situacao":1,"cd_digito_sql":"1","cd_logradouro":"032107","nm_logradouro_completo":"R S BENTO","cd_numero_porta":"470","tx_complemento_endereco":null,"tx_situ_lote":"ATIVO","cd_tipo_uso_imovel":"31","dc_tipo_uso_imovel":"Não residencial","cd_tipo_terreno_imovel":2,"qt_area_terreno":529,"qt_area_construida":8079}}},{"type":"Feature","geometry":{"type":"Polygon","coordinates":[[[-45.028572,-23.520869],[-45.028573,-23.520801],[-45.028574,-23.520744],[-45.028576,-23.520844],[-45.028577,-23.520872],[-45.028575,-23.52098],[-45.028572,-23.520869]]]},"properties":{"sqlu":"SP-001-988178","inscription":"SP-GEOSAMPA-1988178","inscricaoImobiliaria":"SP-IMO-1988178","setor":"001","quadra":"044","lote":"0304","sourceType":"OFFICIAL_IMPORT","mainAddress":"Setor Fiscal 001","zoneamento":"RESIDENCIAL","statusCadastral":"ATIVO","workflowStatus":"PENDENTE","isOfficial":true,"rawProperties":{"cd_identificador":1988178,"cd_identificador_original_lote":8801056,"cd_setor_fiscal":"001","cd_tipo_quadra":"F","tx_tipo_quadra":"FISCAL","cd_quadra_fiscal":"044","cd_subquadra_fiscal":null,"cd_condominio":"00","cd_tipo_lote":"F","tx_tipo_lote":"FISCAL","cd_lote":"0304","cd_situacao":1,"cd_digito_sql":"7","cd_logradouro":"092762","nm_logradouro_completo":"AV IPIRANGA","cd_numero_porta":"1198","tx_complemento_endereco":"ENTR 1194 LOJAS","tx_situ_lote":"ATIVO","cd_tipo_uso_imovel":"84","dc_tipo_uso_imovel":"Não residencial","cd_tipo_terreno_imovel":2,"qt_area_terreno":340,"qt_area_construida":1800}}},{"type":"Feature","geometry":{"type":"Polygon","coordinates":[[[-45.028469,-23.514641],[-45.028473,-23.514581],[-45.028474,-23.514634],[-45.028469,-23.514694],[-45.028469,-23.514665],[-45.028469,-23.514641]]]},"properties":{"sqlu":"SP-001-987910","inscription":"SP-GEOSAMPA-1987910","inscricaoImobiliaria":"SP-IMO-1987910","setor":"001","quadra":"004","lote":"0080","sourceType":"OFFICIAL_IMPORT","mainAddress":"Setor Fiscal 001","zoneamento":"RESIDENCIAL","statusCadastral":"ATIVO","workflowStatus":"PENDENTE","isOfficial":true,"rawProperties":{"cd_identificador":1987910,"cd_identificador_original_lote":8799575,"cd_setor_fiscal":"001","cd_tipo_quadra":"F","tx_tipo_quadra":"FISCAL","cd_quadra_fiscal":"004","cd_subquadra_fiscal":null,"cd_condominio":"00","cd_tipo_lote":"F","tx_tipo_lote":"FISCAL","cd_lote":"0080","cd_situacao":1,"cd_digito_sql":"9","cd_logradouro":"061565","nm_logradouro_completo":"R DUTRA RODRIGUES","cd_numero_porta":"40","tx_complemento_endereco":null,"tx_situ_lote":"ATIVO","cd_tipo_uso_imovel":"00","dc_tipo_uso_imovel":"Terreno","cd_tipo_terreno_imovel":1,"qt_area_terreno":150,"qt_area_construida":0}}},{"type":"Feature","geometry":{"type":"Polygon","coordinates":[[[-45.028469,-23.514641],[-45.028469,-23.514625],[-45.028468,-23.51459],[-45.028468,-23.51454],[-45.028473,-23.514478],[-45.028473,-23.514581],[-45.028469,-23.514641]]]},"properties":{"sqlu":"SP-001-987911","inscription":"SP-GEOSAMPA-1987911","inscricaoImobiliaria":"SP-IMO-1987911","setor":"001","quadra":"004","lote":"0097","sourceType":"OFFICIAL_IMPORT","mainAddress":"Setor Fiscal 001","zoneamento":"RESIDENCIAL","statusCadastral":"ATIVO","workflowStatus":"PENDENTE","isOfficial":true,"rawProperties":{"cd_identificador":1987911,"cd_identificador_original_lote":8799590,"cd_setor_fiscal":"001","cd_tipo_quadra":"F","tx_tipo_quadra":"FISCAL","cd_quadra_fiscal":"004","cd_subquadra_fiscal":null,"cd_condominio":"00","cd_tipo_lote":"F","tx_tipo_lote":"FISCAL","cd_lote":"0097","cd_situacao":1,"cd_digito_sql":"3","cd_logradouro":"061565","nm_logradouro_completo":"R DUTRA RODRIGUES","cd_numero_porta":"46","tx_complemento_endereco":"48 52 54","tx_situ_lote":"ATIVO","cd_tipo_uso_imovel":"42","dc_tipo_uso_imovel":"Não residencial","cd_tipo_terreno_imovel":1,"qt_area_terreno":330,"qt_area_construida":1300}}},{"type":"Feature","geometry":{"type":"Polygon","coordinates":[[[-45.028451,-23.521699],[-45.028451,-23.521667],[-45.028451,-23.521616],[-45.028451,-23.521606],[-45.028452,-23.521602],[-45.028452,-23.5216],[-45.028454,-23.521593],[-45.028456,-23.521587],[-45.028457,-23.52158],[-45.028457,-23.521674],[-45.028453,-23.521692],[-45.028453,-23.521694],[-45.028452,-23.521696],[-45.028452,-23.521697],[-45.028451,-23.521699]]]},"properties":{"sqlu":"SP-001-988017","inscription":"SP-GEOSAMPA-1988017","inscricaoImobiliaria":"SP-IMO-1988017","setor":"001","quadra":"052","lote":"0000","sourceType":"OFFICIAL_IMPORT","mainAddress":"Setor Fiscal 001","zoneamento":"RESIDENCIAL","statusCadastral":"ATIVO","workflowStatus":"PENDENTE","isOfficial":true,"rawProperties":{"cd_identificador":1988017,"cd_identificador_original_lote":8800162,"cd_setor_fiscal":"001","cd_tipo_quadra":"F","tx_tipo_quadra":"FISCAL","cd_quadra_fiscal":"052","cd_subquadra_fiscal":null,"cd_condominio":"03","cd_tipo_lote":"F","tx_tipo_lote":"FISCAL","cd_lote":"0000","cd_situacao":1,"cd_digito_sql":null,"cd_logradouro":"061360","nm_logradouro_completo":"R BR DE DUPRAT","cd_numero_porta":"314 322","tx_complemento_endereco":null,"tx_situ_lote":null,"cd_tipo_uso_imovel":"XX","dc_tipo_uso_imovel":"Condomínio","cd_tipo_terreno_imovel":99,"qt_area_terreno":378,"qt_area_construida":null}}},{"type":"Feature","geometry":{"type":"Polygon","coordinates":[[[-45.028451,-23.521699],[-45.028451,-23.521732],[-45.028451,-23.52175],[-45.02845,-23.521762],[-45.028446,-23.521845],[-45.028445,-23.521785],[-45.02845,-23.521701],[-45.02845,-23.521689],[-45.028451,-23.521676],[-45.028451,-23.521667],[-45.028451,-23.521699]]]},"properties":{"sqlu":"SP-001-988018","inscription":"SP-GEOSAMPA-1988018","inscricaoImobiliaria":"SP-IMO-1988018","setor":"001","quadra":"052","lote":"0024","sourceType":"OFFICIAL_IMPORT","mainAddress":"Setor Fiscal 001","zoneamento":"RESIDENCIAL","statusCadastral":"ATIVO","workflowStatus":"PENDENTE","isOfficial":true,"rawProperties":{"cd_identificador":1988018,"cd_identificador_original_lote":8800167,"cd_setor_fiscal":"001","cd_tipo_quadra":"F","tx_tipo_quadra":"FISCAL","cd_quadra_fiscal":"052","cd_subquadra_fiscal":null,"cd_condominio":"00","cd_tipo_lote":"F","tx_tipo_lote":"FISCAL","cd_lote":"0024","cd_situacao":1,"cd_digito_sql":"7","cd_logradouro":"041467","nm_logradouro_completo":"R DA CANTAREIRA","cd_numero_porta":"301","tx_complemento_endereco":"305 LT 4 QD 13","tx_situ_lote":"ATIVO","cd_tipo_uso_imovel":"22","dc_tipo_uso_imovel":"Residencial","cd_tipo_terreno_imovel":1,"qt_area_terreno":247,"qt_area_construida":790}}},{"type":"Feature","geometry":{"type":"Polygon","coordinates":[[[-45.028451,-23.521699],[-45.028452,-23.521697],[-45.028452,-23.521696],[-45.028453,-23.521694],[-45.028453,-23.521692],[-45.028457,-23.521674],[-45.028457,-23.521771],[-45.028454,-23.521783],[-45.028452,-23.521792],[-45.028452,-23.521793],[-45.028451,-23.521732],[-45.028451,-23.521699]]]},"properties":{"sqlu":"SP-001-988019","inscription":"SP-GEOSAMPA-1988019","inscricaoImobiliaria":"SP-IMO-1988019","setor":"001","quadra":"052","lote":"0002","sourceType":"OFFICIAL_IMPORT","mainAddress":"Setor Fiscal 001","zoneamento":"RESIDENCIAL","statusCadastral":"ATIVO","workflowStatus":"PENDENTE","isOfficial":true,"rawProperties":{"cd_identificador":1988019,"cd_identificador_original_lote":8800168,"cd_setor_fiscal":"001","cd_tipo_quadra":"F","tx_tipo_quadra":"FISCAL","cd_quadra_fiscal":"052","cd_subquadra_fiscal":null,"cd_condominio":"00","cd_tipo_lote":"F","tx_tipo_lote":"FISCAL","cd_lote":"0002","cd_situacao":1,"cd_digito_sql":"6","cd_logradouro":"061360","nm_logradouro_completo":"R BR DE DUPRAT","cd_numero_porta":"304","tx_complemento_endereco":"306 310 312","tx_situ_lote":"ATIVO","cd_tipo_uso_imovel":"43","dc_tipo_uso_imovel":"Não residencial","cd_tipo_terreno_imovel":1,"qt_area_terreno":346,"qt_area_construida":1038}}},{"type":"Feature","geometry":{"type":"Polygon","coordinates":[[[-45.028565,-23.523519],[-45.028563,-23.523492],[-45.028563,-23.523446],[-45.028563,-23.523349],[-45.028566,-23.523367],[-45.028566,-23.523461],[-45.028566,-23.523485],[-45.028566,-23.523529],[-45.028565,-23.523519]]]},"properties":{"sqlu":"SP-001-988330","inscription":"SP-GEOSAMPA-1988330","inscricaoImobiliaria":"SP-IMO-1988330","setor":"001","quadra":"058","lote":"0009","sourceType":"OFFICIAL_IMPORT","mainAddress":"Setor Fiscal 001","zoneamento":"RESIDENCIAL","statusCadastral":"ATIVO","workflowStatus":"PENDENTE","isOfficial":true,"rawProperties":{"cd_identificador":1988330,"cd_identificador_original_lote":8800208,"cd_setor_fiscal":"001","cd_tipo_quadra":"F","tx_tipo_quadra":"FISCAL","cd_quadra_fiscal":"058","cd_subquadra_fiscal":null,"cd_condominio":"00","cd_tipo_lote":"F","tx_tipo_lote":"FISCAL","cd_lote":"0009","cd_situacao":1,"cd_digito_sql":"0","cd_logradouro":"176338","nm_logradouro_completo":"R CAP SALOMAO","cd_numero_porta":"49","tx_complemento_endereco":"53 55 E 59","tx_situ_lote":"ATIVO","cd_tipo_uso_imovel":"31","dc_tipo_uso_imovel":"Não residencial","cd_tipo_terreno_imovel":1,"qt_area_terreno":430,"qt_area_construida":2994}}},{"type":"Feature","geometry":{"type":"Polygon","coordinates":[[[-45.028478,-23.522546],[-45.028477,-23.52248],[-45.028482,-23.52244],[-45.028482,-23.522505],[-45.028478,-23.522546]]]},"properties":{"sqlu":"SP-001-988331","inscription":"SP-GEOSAMPA-1988331","inscricaoImobiliaria":"SP-IMO-1988331","setor":"001","quadra":"065","lote":"0008","sourceType":"OFFICIAL_IMPORT","mainAddress":"Setor Fiscal 001","zoneamento":"RESIDENCIAL","statusCadastral":"ATIVO","workflowStatus":"PENDENTE","isOfficial":true,"rawProperties":{"cd_identificador":1988331,"cd_identificador_original_lote":8800310,"cd_setor_fiscal":"001","cd_tipo_quadra":"F","tx_tipo_quadra":"FISCAL","cd_quadra_fiscal":"065","cd_subquadra_fiscal":null,"cd_condominio":"00","cd_tipo_lote":"F","tx_tipo_lote":"FISCAL","cd_lote":"0008","cd_situacao":1,"cd_digito_sql":"2","cd_logradouro":"197459","nm_logradouro_completo":"R VINTE E CINCO DE MARCO","cd_numero_porta":"864","tx_complemento_endereco":"ANTIGO N.208","tx_situ_lote":"ATIVO","cd_tipo_uso_imovel":"40","dc_tipo_uso_imovel":"Não residencial","cd_tipo_terreno_imovel":3,"qt_area_terreno":198,"qt_area_construida":396}}},{"type":"Feature","geometry":{"type":"Polygon","coordinates":[[[-45.028486,-23.522595],[-45.028491,-23.522518],[-45.028493,-23.522487],[-45.028494,-23.522552],[-45.028492,-23.52257],[-45.028493,-23.522648],[-45.028492,-23.522653],[-45.028491,-23.522674],[-45.028489,-23.522693],[-45.028486,-23.522738],[-45.028486,-23.522595]]]},"properties":{"sqlu":"SP-001-988332","inscription":"SP-GEOSAMPA-1988332","inscricaoImobiliaria":"SP-IMO-1988332","setor":"001","quadra":"050","lote":"0462","sourceType":"OFFICIAL_IMPORT","mainAddress":"Setor Fiscal 001","zoneamento":"RESIDENCIAL","statusCadastral":"ATIVO","workflowStatus":"PENDENTE","isOfficial":true,"rawProperties":{"cd_identificador":1988332,"cd_identificador_original_lote":8801136,"cd_setor_fiscal":"001","cd_tipo_quadra":"F","tx_tipo_quadra":"FISCAL","cd_quadra_fiscal":"050","cd_subquadra_fiscal":null,"cd_condominio":"00","cd_tipo_lote":"F","tx_tipo_lote":"FISCAL","cd_lote":"0462","cd_situacao":1,"cd_digito_sql":"6","cd_logradouro":"197459","nm_logradouro_completo":"R VINTE E CINCO DE MARCO","cd_numero_porta":"837","tx_complemento_endereco":null,"tx_situ_lote":"ATIVO","cd_tipo_uso_imovel":"31","dc_tipo_uso_imovel":"Não residencial","cd_tipo_terreno_imovel":1,"qt_area_terreno":555,"qt_area_construida":4037}}},{"type":"Feature","geometry":{"type":"Polygon","coordinates":[[[-45.028479,-23.51728],[-45.028478,-23.517301],[-45.028477,-23.51726],[-45.028477,-23.517235],[-45.028477,-23.517126],[-45.028478,-23.517105],[-45.028478,-23.517141],[-45.028479,-23.517136],[-45.028479,-23.517206],[-45.028479,-23.517274],[-45.028479,-23.51728]]]},"properties":{"sqlu":"SP-001-988410","inscription":"SP-GEOSAMPA-1988410","inscricaoImobiliaria":"SP-IMO-1988410","setor":"001","quadra":"023","lote":"0167","sourceType":"OFFICIAL_IMPORT","mainAddress":"Setor Fiscal 001","zoneamento":"RESIDENCIAL","statusCadastral":"ATIVO","workflowStatus":"PENDENTE","isOfficial":true,"rawProperties":{"cd_identificador":1988410,"cd_identificador_original_lote":8801352,"cd_setor_fiscal":"001","cd_tipo_quadra":"F","tx_tipo_quadra":"FISCAL","cd_quadra_fiscal":"023","cd_subquadra_fiscal":null,"cd_condominio":"00","cd_tipo_lote":"F","tx_tipo_lote":"FISCAL","cd_lote":"0167","cd_situacao":1,"cd_digito_sql":"0","cd_logradouro":"325481","nm_logradouro_completo":"TV ADELCI GROIA PAULINO","cd_numero_porta":"27","tx_complemento_endereco":"CASA 27","tx_situ_lote":"ATIVO","cd_tipo_uso_imovel":"31","dc_tipo_uso_imovel":"Não residencial","cd_tipo_terreno_imovel":1,"qt_area_terreno":172,"qt_area_construida":214}}},{"type":"Feature","geometry":{"type":"Polygon","coordinates":[[[-45.028518,-23.518931],[-45.028518,-23.518998],[-45.028518,-23.519032],[-45.028518,-23.519069],[-45.028517,-23.519223],[-45.028517,-23.519463],[-45.028516,-23.519462],[-45.028515,-23.519436],[-45.028515,-23.519368],[-45.028515,-23.519305],[-45.028515,-23.519197],[-45.028515,-23.519132],[-45.028515,-23.51902],[-45.028515,-23.518947],[-45.028515,-23.518944],[-45.028518,-23.518931]]]},"properties":{"sqlu":"SP-001-988382","inscription":"SP-GEOSAMPA-1988382","inscricaoImobiliaria":"SP-IMO-1988382","setor":"001","quadra":"029","lote":"0000","sourceType":"OFFICIAL_IMPORT","mainAddress":"Setor Fiscal 001","zoneamento":"RESIDENCIAL","statusCadastral":"ATIVO","workflowStatus":"PENDENTE","isOfficial":true,"rawProperties":{"cd_identificador":1988382,"cd_identificador_original_lote":8799806,"cd_setor_fiscal":"001","cd_tipo_quadra":"F","tx_tipo_quadra":"FISCAL","cd_quadra_fiscal":"029","cd_subquadra_fiscal":null,"cd_condominio":"01","cd_tipo_lote":"F","tx_tipo_lote":"FISCAL","cd_lote":"0000","cd_situacao":1,"cd_digito_sql":null,"cd_logradouro":"165930","nm_logradouro_completo":"AV PRESTES MAIA","cd_numero_porta":"635 671 687","tx_complemento_endereco":null,"tx_situ_lote":null,"cd_tipo_uso_imovel":"XX","dc_tipo_uso_imovel":"Condomínio","cd_tipo_terreno_imovel":99,"qt_area_terreno":700,"qt_area_construida":null}}},{"type":"Feature","geometry":{"type":"Polygon","coordinates":[[[-45.028465,-23.521389],[-45.02846,-23.521414],[-45.02846,-23.521355],[-45.028465,-23.521326],[-45.028465,-23.521389]]]},"properties":{"sqlu":"SP-001-988537","inscription":"SP-GEOSAMPA-1988537","inscricaoImobiliaria":"SP-IMO-1988537","setor":"001","quadra":"051","lote":"0037","sourceType":"OFFICIAL_IMPORT","mainAddress":"Setor Fiscal 001","zoneamento":"RESIDENCIAL","statusCadastral":"ATIVO","workflowStatus":"PENDENTE","isOfficial":true,"rawProperties":{"cd_identificador":1988537,"cd_identificador_original_lote":8800511,"cd_setor_fiscal":"001","cd_tipo_quadra":"F","tx_tipo_quadra":"FISCAL","cd_quadra_fiscal":"051","cd_subquadra_fiscal":null,"cd_condominio":"00","cd_tipo_lote":"F","tx_tipo_lote":"FISCAL","cd_lote":"0037","cd_situacao":1,"cd_digito_sql":"4","cd_logradouro":"061360","nm_logradouro_completo":"R BR DE DUPRAT","cd_numero_porta":"343","tx_complemento_endereco":null,"tx_situ_lote":"ATIVO","cd_tipo_uso_imovel":"40","dc_tipo_uso_imovel":"Não residencial","cd_tipo_terreno_imovel":1,"qt_area_terreno":154,"qt_area_construida":766}}},{"type":"Feature","geometry":{"type":"Polygon","coordinates":[[[-45.02843,-23.514527],[-45.02843,-23.514495],[-45.028432,-23.514476],[-45.028432,-23.514522],[-45.02843,-23.514539],[-45.02843,-23.514527]]]},"properties":{"sqlu":"SP-001-988279","inscription":"SP-GEOSAMPA-1988279","inscricaoImobiliaria":"SP-IMO-1988279","setor":"001","quadra":"007","lote":"0087","sourceType":"OFFICIAL_IMPORT","mainAddress":"Setor Fiscal 001","zoneamento":"RESIDENCIAL","statusCadastral":"ATIVO","workflowStatus":"PENDENTE","isOfficial":true,"rawProperties":{"cd_identificador":1988279,"cd_identificador_original_lote":8799890,"cd_setor_fiscal":"001","cd_tipo_quadra":"F","tx_tipo_quadra":"FISCAL","cd_quadra_fiscal":"007","cd_subquadra_fiscal":null,"cd_condominio":"00","cd_tipo_lote":"F","tx_tipo_lote":"FISCAL","cd_lote":"0087","cd_situacao":1,"cd_digito_sql":"1","cd_logradouro":"084921","nm_logradouro_completo":"R GUILHERME MAW","cd_numero_porta":"64","tx_complemento_endereco":"CS 20","tx_situ_lote":"ATIVO","cd_tipo_uso_imovel":"10","dc_tipo_uso_imovel":"Residencial","cd_tipo_terreno_imovel":4,"qt_area_terreno":51,"qt_area_construida":122}}},{"type":"Feature","geometry":{"type":"Polygon","coordinates":[[[-45.028448,-23.513805],[-45.028447,-23.513815],[-45.028447,-23.513824],[-45.028446,-23.513839],[-45.028445,-23.513775],[-45.028448,-23.513743],[-45.028448,-23.513779],[-45.028448,-23.513805]]]},"properties":{"sqlu":"SP-001-988297","inscription":"SP-GEOSAMPA-1988297","inscricaoImobiliaria":"SP-IMO-1988297","setor":"001","quadra":"005","lote":"0031","sourceType":"OFFICIAL_IMPORT","mainAddress":"Setor Fiscal 001","zoneamento":"RESIDENCIAL","statusCadastral":"ATIVO","workflowStatus":"PENDENTE","isOfficial":true,"rawProperties":{"cd_identificador":1988297,"cd_identificador_original_lote":8800745,"cd_setor_fiscal":"001","cd_tipo_quadra":"F","tx_tipo_quadra":"FISCAL","cd_quadra_fiscal":"005","cd_subquadra_fiscal":null,"cd_condominio":"00","cd_tipo_lote":"F","tx_tipo_lote":"FISCAL","cd_lote":"0031","cd_situacao":1,"cd_digito_sql":"5","cd_logradouro":"158780","nm_logradouro_completo":"R DR PEDRO ARBUES","cd_numero_porta":"157","tx_complemento_endereco":null,"tx_situ_lote":"ATIVO","cd_tipo_uso_imovel":"80","dc_tipo_uso_imovel":"Não residencial","cd_tipo_terreno_imovel":1,"qt_area_terreno":145,"qt_area_construida":100}}},{"type":"Feature","geometry":{"type":"Polygon","coordinates":[[[-45.028448,-23.513805],[-45.028448,-23.513819],[-45.028448,-23.513868],[-45.028446,-23.513903],[-45.028446,-23.513839],[-45.028447,-23.513824],[-45.028447,-23.513815],[-45.028448,-23.513805]]]},"properties":{"sqlu":"SP-001-988298","inscription":"SP-GEOSAMPA-1988298","inscricaoImobiliaria":"SP-IMO-1988298","setor":"001","quadra":"005","lote":"0030","sourceType":"OFFICIAL_IMPORT","mainAddress":"Setor Fiscal 001","zoneamento":"RESIDENCIAL","statusCadastral":"ATIVO","workflowStatus":"PENDENTE","isOfficial":true,"rawProperties":{"cd_identificador":1988298,"cd_identificador_original_lote":8800791,"cd_setor_fiscal":"001","cd_tipo_quadra":"F","tx_tipo_quadra":"FISCAL","cd_quadra_fiscal":"005","cd_subquadra_fiscal":null,"cd_condominio":"00","cd_tipo_lote":"F","tx_tipo_lote":"FISCAL","cd_lote":"0030","cd_situacao":1,"cd_digito_sql":"7","cd_logradouro":"158780","nm_logradouro_completo":"R DR PEDRO ARBUES","cd_numero_porta":"149","tx_complemento_endereco":null,"tx_situ_lote":"ATIVO","cd_tipo_uso_imovel":"40","dc_tipo_uso_imovel":"Não residencial","cd_tipo_terreno_imovel":1,"qt_area_terreno":103,"qt_area_construida":120}}},{"type":"Feature","geometry":{"type":"Polygon","coordinates":[[[-45.02847,-23.513291],[-45.028471,-23.513282],[-45.028472,-23.513272],[-45.028472,-23.5133],[-45.028472,-23.513331],[-45.028472,-23.51336],[-45.028473,-23.513343],[-45.028474,-23.513338],[-45.028475,-23.513327],[-45.028475,-23.513356],[-45.028475,-23.513386],[-45.028474,-23.513396],[-45.02847,-23.513449],[-45.02847,-23.513395],[-45.028469,-23.513305],[-45.02847,-23.513291]]]},"properties":{"sqlu":"SP-001-988846","inscription":"SP-GEOSAMPA-1988846","inscricaoImobiliaria":"SP-IMO-1988846","setor":"001","quadra":"003","lote":"0103","sourceType":"OFFICIAL_IMPORT","mainAddress":"Setor Fiscal 001","zoneamento":"RESIDENCIAL","statusCadastral":"ATIVO","workflowStatus":"PENDENTE","isOfficial":true,"rawProperties":{"cd_identificador":1988846,"cd_identificador_original_lote":8800579,"cd_setor_fiscal":"001","cd_tipo_quadra":"F","tx_tipo_quadra":"FISCAL","cd_quadra_fiscal":"003","cd_subquadra_fiscal":null,"cd_condominio":"00","cd_tipo_lote":"F","tx_tipo_lote":"FISCAL","cd_lote":"0103","cd_situacao":1,"cd_digito_sql":"7","cd_logradouro":"061565","nm_logradouro_completo":"R DUTRA RODRIGUES","cd_numero_porta":"177","tx_complemento_endereco":"179 183 187","tx_situ_lote":"ATIVO","cd_tipo_uso_imovel":"22","dc_tipo_uso_imovel":"Residencial","cd_tipo_terreno_imovel":1,"qt_area_terreno":329,"qt_area_construida":1178}}},{"type":"Feature","geometry":{"type":"Polygon","coordinates":[[[-45.028461,-23.51819],[-45.028462,-23.518172],[-45.028462,-23.518165],[-45.028464,-23.51847],[-45.028462,-23.518496],[-45.02846,-23.518192],[-45.028461,-23.51819]]]},"properties":{"sqlu":"SP-001-988722","inscription":"SP-GEOSAMPA-1988722","inscricaoImobiliaria":"SP-IMO-1988722","setor":"001","quadra":"023","lote":"0022","sourceType":"OFFICIAL_IMPORT","mainAddress":"Setor Fiscal 001","zoneamento":"RESIDENCIAL","statusCadastral":"ATIVO","workflowStatus":"PENDENTE","isOfficial":true,"rawProperties":{"cd_identificador":1988722,"cd_identificador_original_lote":8801228,"cd_setor_fiscal":"001","cd_tipo_quadra":"F","tx_tipo_quadra":"FISCAL","cd_quadra_fiscal":"023","cd_subquadra_fiscal":null,"cd_condominio":"00","cd_tipo_lote":"F","tx_tipo_lote":"FISCAL","cd_lote":"0022","cd_situacao":1,"cd_digito_sql":"4","cd_logradouro":"156299","nm_logradouro_completo":"R PAULA SOUSA","cd_numero_porta":"201","tx_complemento_endereco":null,"tx_situ_lote":"ATIVO","cd_tipo_uso_imovel":"42","dc_tipo_uso_imovel":"Não residencial","cd_tipo_terreno_imovel":1,"qt_area_terreno":390,"qt_area_construida":450}}},{"type":"Feature","geometry":{"type":"Polygon","coordinates":[[[-45.028461,-23.51819],[-45.02846,-23.518108],[-45.02846,-23.518096],[-45.028461,-23.518078],[-45.028461,-23.51809],[-45.028462,-23.518172],[-45.028461,-23.51819]]]},"properties":{"sqlu":"SP-001-988723","inscription":"SP-GEOSAMPA-1988723","inscricaoImobiliaria":"SP-IMO-1988723","setor":"001","quadra":"023","lote":"0031","sourceType":"OFFICIAL_IMPORT","mainAddress":"Setor Fiscal 001","zoneamento":"RESIDENCIAL","statusCadastral":"ATIVO","workflowStatus":"PENDENTE","isOfficial":true,"rawProperties":{"cd_identificador":1988723,"cd_identificador_original_lote":8801314,"cd_setor_fiscal":"001","cd_tipo_quadra":"F","tx_tipo_quadra":"FISCAL","cd_quadra_fiscal":"023","cd_subquadra_fiscal":null,"cd_condominio":"00","cd_tipo_lote":"F","tx_tipo_lote":"FISCAL","cd_lote":"0031","cd_situacao":1,"cd_digito_sql":"3","cd_logradouro":"050083","nm_logradouro_completo":"TV ROSARIO FUSCO","cd_numero_porta":"9","tx_complemento_endereco":"CS 9","tx_situ_lote":"ATIVO","cd_tipo_uso_imovel":"10","dc_tipo_uso_imovel":"Residencial","cd_tipo_terreno_imovel":1,"qt_area_terreno":88,"qt_area_construida":80}}},{"type":"Feature","geometry":{"type":"Polygon","coordinates":[[[-45.028515,-23.517837],[-45.028515,-23.51777],[-45.028521,-23.517687],[-45.028521,-23.517762],[-45.028515,-23.517837]]]},"properties":{"sqlu":"SP-001-988777","inscription":"SP-GEOSAMPA-1988777","inscricaoImobiliaria":"SP-IMO-1988777","setor":"001","quadra":"021","lote":"0017","sourceType":"OFFICIAL_IMPORT","mainAddress":"Setor Fiscal 001","zoneamento":"RESIDENCIAL","statusCadastral":"ATIVO","workflowStatus":"PENDENTE","isOfficial":true,"rawProperties":{"cd_identificador":1988777,"cd_identificador_original_lote":8799816,"cd_setor_fiscal":"001","cd_tipo_quadra":"F","tx_tipo_quadra":"FISCAL","cd_quadra_fiscal":"021","cd_subquadra_fiscal":null,"cd_condominio":"00","cd_tipo_lote":"F","tx_tipo_lote":"FISCAL","cd_lote":"0017","cd_situacao":1,"cd_digito_sql":"9","cd_logradouro":"190179","nm_logradouro_completo":"R BRIG TOBIAS","cd_numero_porta":"638","tx_complemento_endereco":"E 644","tx_situ_lote":"ATIVO","cd_tipo_uso_imovel":"40","dc_tipo_uso_imovel":"Não residencial","cd_tipo_terreno_imovel":1,"qt_area_terreno":286,"qt_area_construida":700}}},{"type":"Feature","geometry":{"type":"Polygon","coordinates":[[[-45.0285,-23.525289],[-45.028502,-23.525168],[-45.028504,-23.525281],[-45.028502,-23.52537],[-45.0285,-23.525305],[-45.0285,-23.525289]]]},"properties":{"sqlu":"SP-001-988593","inscription":"SP-GEOSAMPA-1988593","inscricaoImobiliaria":"SP-IMO-1988593","setor":"001","quadra":"075","lote":"0086","sourceType":"OFFICIAL_IMPORT","mainAddress":"Setor Fiscal 001","zoneamento":"RESIDENCIAL","statusCadastral":"ATIVO","workflowStatus":"PENDENTE","isOfficial":true,"rawProperties":{"cd_identificador":1988593,"cd_identificador_original_lote":8800093,"cd_setor_fiscal":"001","cd_tipo_quadra":"F","tx_tipo_quadra":"FISCAL","cd_quadra_fiscal":"075","cd_subquadra_fiscal":null,"cd_condominio":"00","cd_tipo_lote":"F","tx_tipo_lote":"FISCAL","cd_lote":"0086","cd_situacao":1,"cd_digito_sql":"8","cd_logradouro":"165239","nm_logradouro_completo":"LD PORTO GERAL","cd_numero_porta":"34","tx_complemento_endereco":"38 42 46","tx_situ_lote":"ATIVO","cd_tipo_uso_imovel":"40","dc_tipo_uso_imovel":"Não residencial","cd_tipo_terreno_imovel":1,"qt_area_terreno":290,"qt_area_construida":763}}},{"type":"Feature","geometry":{"type":"Polygon","coordinates":[[[-45.02843,-23.514051],[-45.02843,-23.514091],[-45.02843,-23.514106],[-45.028429,-23.514119],[-45.028429,-23.514131],[-45.028428,-23.51414],[-45.028425,-23.514186],[-45.028424,-23.514134],[-45.028428,-23.514078],[-45.02843,-23.514051]]]},"properties":{"sqlu":"SP-001-988790","inscription":"SP-GEOSAMPA-1988790","inscricaoImobiliaria":"SP-IMO-1988790","setor":"001","quadra":"007","lote":"0035","sourceType":"OFFICIAL_IMPORT","mainAddress":"Setor Fiscal 001","zoneamento":"RESIDENCIAL","statusCadastral":"ATIVO","workflowStatus":"PENDENTE","isOfficial":true,"rawProperties":{"cd_identificador":1988790,"cd_identificador_original_lote":8799864,"cd_setor_fiscal":"001","cd_tipo_quadra":"F","tx_tipo_quadra":"FISCAL","cd_quadra_fiscal":"007","cd_subquadra_fiscal":null,"cd_condominio":"00","cd_tipo_lote":"F","tx_tipo_lote":"FISCAL","cd_lote":"0035","cd_situacao":1,"cd_digito_sql":"7","cd_logradouro":"059633","nm_logradouro_completo":"R DJALMA DUTRA","cd_numero_porta":"251","tx_complemento_endereco":"E 253","tx_situ_lote":"ATIVO","cd_tipo_uso_imovel":"12","dc_tipo_uso_imovel":"Residencial","cd_tipo_terreno_imovel":1,"qt_area_terreno":210,"qt_area_construida":150}}},{"type":"Feature","geometry":{"type":"Polygon","coordinates":[[[-45.028419,-23.515053],[-45.028419,-23.515012],[-45.028421,-23.514985],[-45.028425,-23.514937],[-45.028426,-23.514982],[-45.028424,-23.514999],[-45.028423,-23.515006],[-45.028423,-23.515006],[-45.028422,-23.515019],[-45.028422,-23.51502],[-45.028421,-23.515027],[-45.028419,-23.515053]]]},"properties":{"sqlu":"SP-001-989190","inscription":"SP-GEOSAMPA-1989190","inscricaoImobiliaria":"SP-IMO-1989190","setor":"001","quadra":"008","lote":"0064","sourceType":"OFFICIAL_IMPORT","mainAddress":"Setor Fiscal 001","zoneamento":"RESIDENCIAL","statusCadastral":"ATIVO","workflowStatus":"PENDENTE","isOfficial":true,"rawProperties":{"cd_identificador":1989190,"cd_identificador_original_lote":8800598,"cd_setor_fiscal":"001","cd_tipo_quadra":"F","tx_tipo_quadra":"FISCAL","cd_quadra_fiscal":"008","cd_subquadra_fiscal":null,"cd_condominio":"00","cd_tipo_lote":"F","tx_tipo_lote":"FISCAL","cd_lote":"0064","cd_situacao":1,"cd_digito_sql":"5","cd_logradouro":"059633","nm_logradouro_completo":"R DJALMA DUTRA","cd_numero_porta":"162","tx_complemento_endereco":"E 166","tx_situ_lote":"ATIVO","cd_tipo_uso_imovel":"12","dc_tipo_uso_imovel":"Residencial","cd_tipo_terreno_imovel":1,"qt_area_terreno":200,"qt_area_construida":120}}},{"type":"Feature","geometry":{"type":"Polygon","coordinates":[[[-45.028419,-23.515053],[-45.02842,-23.515136],[-45.02842,-23.515138],[-45.028419,-23.515145],[-45.028414,-23.515188],[-45.028414,-23.515103],[-45.028418,-23.515057],[-45.028419,-23.515053]]]},"properties":{"sqlu":"SP-001-989191","inscription":"SP-GEOSAMPA-1989191","inscricaoImobiliaria":"SP-IMO-1989191","setor":"001","quadra":"008","lote":"0014","sourceType":"OFFICIAL_IMPORT","mainAddress":"Setor Fiscal 001","zoneamento":"RESIDENCIAL","statusCadastral":"ATIVO","workflowStatus":"PENDENTE","isOfficial":true,"rawProperties":{"cd_identificador":1989191,"cd_identificador_original_lote":8800611,"cd_setor_fiscal":"001","cd_tipo_quadra":"F","tx_tipo_quadra":"FISCAL","cd_quadra_fiscal":"008","cd_subquadra_fiscal":null,"cd_condominio":"00","cd_tipo_lote":"F","tx_tipo_lote":"FISCAL","cd_lote":"0014","cd_situacao":1,"cd_digito_sql":"9","cd_logradouro":"116637","nm_logradouro_completo":"R S LAZARO","cd_numero_porta":"203","tx_complemento_endereco":null,"tx_situ_lote":"ATIVO","cd_tipo_uso_imovel":"51","dc_tipo_uso_imovel":"Não residencial","cd_tipo_terreno_imovel":1,"qt_area_terreno":300,"qt_area_construida":340}}},{"type":"Feature","geometry":{"type":"Polygon","coordinates":[[[-45.028419,-23.515053],[-45.028418,-23.515057],[-45.028414,-23.515103],[-45.028413,-23.515058],[-45.028415,-23.51504],[-45.028416,-23.515037],[-45.028416,-23.515034],[-45.028416,-23.515031],[-45.028418,-23.515016],[-45.028418,-23.515014],[-45.028419,-23.515012],[-45.028419,-23.515053]]]},"properties":{"sqlu":"SP-001-989192","inscription":"SP-GEOSAMPA-1989192","inscricaoImobiliaria":"SP-IMO-1989192","setor":"001","quadra":"008","lote":"0015","sourceType":"OFFICIAL_IMPORT","mainAddress":"Setor Fiscal 001","zoneamento":"RESIDENCIAL","statusCadastral":"ATIVO","workflowStatus":"PENDENTE","isOfficial":true,"rawProperties":{"cd_identificador":1989192,"cd_identificador_original_lote":8800612,"cd_setor_fiscal":"001","cd_tipo_quadra":"F","tx_tipo_quadra":"FISCAL","cd_quadra_fiscal":"008","cd_subquadra_fiscal":null,"cd_condominio":"00","cd_tipo_lote":"F","tx_tipo_lote":"FISCAL","cd_lote":"0015","cd_situacao":1,"cd_digito_sql":"7","cd_logradouro":"116637","nm_logradouro_completo":"R S LAZARO","cd_numero_porta":"209","tx_complemento_endereco":"E 211","tx_situ_lote":"ATIVO","cd_tipo_uso_imovel":"22","dc_tipo_uso_imovel":"Residencial","cd_tipo_terreno_imovel":1,"qt_area_terreno":150,"qt_area_construida":729}}},{"type":"Feature","geometry":{"type":"Polygon","coordinates":[[[-45.028552,-23.527473],[-45.028552,-23.527475],[-45.028552,-23.527476],[-45.028547,-23.527631],[-45.028547,-23.527552],[-45.028546,-23.527547],[-45.028551,-23.527385],[-45.028552,-23.527473]]]},"properties":{"sqlu":"SP-001-989080","inscription":"SP-GEOSAMPA-1989080","inscricaoImobiliaria":"SP-IMO-1989080","setor":"001","quadra":"080","lote":"0009","sourceType":"OFFICIAL_IMPORT","mainAddress":"Setor Fiscal 001","zoneamento":"RESIDENCIAL","statusCadastral":"ATIVO","workflowStatus":"PENDENTE","isOfficial":true,"rawProperties":{"cd_identificador":1989080,"cd_identificador_original_lote":8800345,"cd_setor_fiscal":"001","cd_tipo_quadra":"F","tx_tipo_quadra":"FISCAL","cd_quadra_fiscal":"080","cd_subquadra_fiscal":null,"cd_condominio":"00","cd_tipo_lote":"F","tx_tipo_lote":"FISCAL","cd_lote":"0009","cd_situacao":1,"cd_digito_sql":"5","cd_logradouro":"032107","nm_logradouro_completo":"R S BENTO","cd_numero_porta":"201","tx_complemento_endereco":"203 207","tx_situ_lote":"ATIVO","cd_tipo_uso_imovel":"43","dc_tipo_uso_imovel":"Não residencial","cd_tipo_terreno_imovel":1,"qt_area_terreno":350,"qt_area_construida":1050}}},{"type":"Feature","geometry":{"type":"Polygon","coordinates":[[[-45.028482,-23.515125],[-45.028483,-23.515117],[-45.028484,-23.51511],[-45.028485,-23.515099],[-45.028485,-23.515093],[-45.028486,-23.515087],[-45.028486,-23.514962],[-45.028487,-23.514961],[-45.028487,-23.515088],[-45.028489,-23.515071],[-45.028489,-23.515091],[-45.028489,-23.515216],[-45.028489,-23.515216],[-45.028489,-23.515274],[-45.028489,-23.515274],[-45.028489,-23.515425],[-45.028489,-23.515446],[-45.028489,-23.51549],[-45.028489,-23.515565],[-45.028488,-23.515571],[-45.028482,-23.515602],[-45.028482,-23.515569],[-45.028482,-23.515458],[-45.028482,-23.515425],[-45.028482,-23.515331],[-45.028482,-23.515126],[-45.028482,-23.515125]]]},"properties":{"sqlu":"SP-001-989081","inscription":"SP-GEOSAMPA-1989081","inscricaoImobiliaria":"SP-IMO-1989081","setor":"001","quadra":"011","lote":"0071","sourceType":"OFFICIAL_IMPORT","mainAddress":"Setor Fiscal 001","zoneamento":"RESIDENCIAL","statusCadastral":"ATIVO","workflowStatus":"PENDENTE","isOfficial":true,"rawProperties":{"cd_identificador":1989081,"cd_identificador_original_lote":8800709,"cd_setor_fiscal":"001","cd_tipo_quadra":"F","tx_tipo_quadra":"FISCAL","cd_quadra_fiscal":"011","cd_subquadra_fiscal":null,"cd_condominio":"00","cd_tipo_lote":"F","tx_tipo_lote":"FISCAL","cd_lote":"0071","cd_situacao":1,"cd_digito_sql":"1","cd_logradouro":"197424","nm_logradouro_completo":"R VINTE E CINCO DE JANEIRO","cd_numero_porta":"69","tx_complemento_endereco":"E 71","tx_situ_lote":"ATIVO","cd_tipo_uso_imovel":"40","dc_tipo_uso_imovel":"Não residencial","cd_tipo_terreno_imovel":3,"qt_area_terreno":2200,"qt_area_construida":800}}},{"type":"Feature","geometry":{"type":"Polygon","coordinates":[[[-45.028567,-23.523535],[-45.028568,-23.523552],[-45.02857,-23.523575],[-45.02857,-23.523576],[-45.02857,-23.523586],[-45.028571,-23.523588],[-45.028571,-23.523581],[-45.028571,-23.52351],[-45.028571,-23.523395],[-45.028572,-23.523402],[-45.028572,-23.523391],[-45.028576,-23.523411],[-45.028576,-23.523411],[-45.028576,-23.523412],[-45.028576,-23.523413],[-45.028576,-23.523415],[-45.028576,-23.523418],[-45.028576,-23.52342],[-45.028576,-23.523423],[-45.028576,-23.523427],[-45.028577,-23.523431],[-45.028577,-23.523435],[-45.028577,-23.52344],[-45.028577,-23.523445],[-45.028577,-23.52345],[-45.028579,-23.523598],[-45.028579,-23.523637],[-45.028576,-23.523714],[-45.028576,-23.523711],[-45.02857,-23.523871],[-45.028568,-23.523696],[-45.028567,-23.523614],[-45.028567,-23.523588],[-45.028567,-23.523541],[-45.028567,-23.523535]]]},"properties":{"sqlu":"SP-001-989084","inscription":"SP-GEOSAMPA-1989084","inscricaoImobiliaria":"SP-IMO-1989084","setor":"001","quadra":"058","lote":"0000","sourceType":"OFFICIAL_IMPORT","mainAddress":"Setor Fiscal 001","zoneamento":"RESIDENCIAL","statusCadastral":"ATIVO","workflowStatus":"PENDENTE","isOfficial":true,"rawProperties":{"cd_identificador":1989084,"cd_identificador_original_lote":8800188,"cd_setor_fiscal":"001","cd_tipo_quadra":"F","tx_tipo_quadra":"FISCAL","cd_quadra_fiscal":"058","cd_subquadra_fiscal":null,"cd_condominio":"08","cd_tipo_lote":"F","tx_tipo_lote":"FISCAL","cd_lote":"0000","cd_situacao":1,"cd_digito_sql":null,"cd_logradouro":"153230","nm_logradouro_completo":"LG DO PAICANDU","cd_numero_porta":"62 72","tx_complemento_endereco":null,"tx_situ_lote":null,"cd_tipo_uso_imovel":"XX","dc_tipo_uso_imovel":"Condomínio","cd_tipo_terreno_imovel":99,"qt_area_terreno":1968,"qt_area_construida":null}}},{"type":"Feature","geometry":{"type":"Polygon","coordinates":[[[-45.028503,-23.519053],[-45.028505,-23.519061],[-45.028505,-23.519064],[-45.028507,-23.519074],[-45.028508,-23.519126],[-45.028506,-23.519117],[-45.028503,-23.519104],[-45.028503,-23.51908],[-45.028503,-23.519053]]]},"properties":{"sqlu":"SP-001-989165","inscription":"SP-GEOSAMPA-1989165","inscricaoImobiliaria":"SP-IMO-1989165","setor":"001","quadra":"030","lote":"0025","sourceType":"OFFICIAL_IMPORT","mainAddress":"Setor Fiscal 001","zoneamento":"RESIDENCIAL","statusCadastral":"ATIVO","workflowStatus":"PENDENTE","isOfficial":true,"rawProperties":{"cd_identificador":1989165,"cd_identificador_original_lote":8799440,"cd_setor_fiscal":"001","cd_tipo_quadra":"F","tx_tipo_quadra":"FISCAL","cd_quadra_fiscal":"030","cd_subquadra_fiscal":null,"cd_condominio":"00","cd_tipo_lote":"F","tx_tipo_lote":"FISCAL","cd_lote":"0025","cd_situacao":1,"cd_digito_sql":"9","cd_logradouro":"165930","nm_logradouro_completo":"AV PRESTES MAIA","cd_numero_porta":"676","tx_complemento_endereco":"E 678","tx_situ_lote":"ATIVO","cd_tipo_uso_imovel":"31","dc_tipo_uso_imovel":"Não residencial","cd_tipo_terreno_imovel":1,"qt_area_terreno":87,"qt_area_construida":700}}},{"type":"Feature","geometry":{"type":"Polygon","coordinates":[[[-45.028485,-23.514966],[-45.028485,-23.515093],[-45.028485,-23.515099],[-45.028484,-23.51497],[-45.028485,-23.514966]]]},"properties":{"sqlu":"SP-001-989463","inscription":"SP-GEOSAMPA-1989463","inscricaoImobiliaria":"SP-IMO-1989463","setor":"001","quadra":"011","lote":"0006","sourceType":"OFFICIAL_IMPORT","mainAddress":"Setor Fiscal 001","zoneamento":"RESIDENCIAL","statusCadastral":"ATIVO","workflowStatus":"PENDENTE","isOfficial":true,"rawProperties":{"cd_identificador":1989463,"cd_identificador_original_lote":8800680,"cd_setor_fiscal":"001","cd_tipo_quadra":"F","tx_tipo_quadra":"FISCAL","cd_quadra_fiscal":"011","cd_subquadra_fiscal":null,"cd_condominio":"00","cd_tipo_lote":"F","tx_tipo_lote":"FISCAL","cd_lote":"0006","cd_situacao":1,"cd_digito_sql":"1","cd_logradouro":"038121","nm_logradouro_completo":"R S CAETANO","cd_numero_porta":"74","tx_complemento_endereco":null,"tx_situ_lote":"ATIVO","cd_tipo_uso_imovel":"40","dc_tipo_uso_imovel":"Não residencial","cd_tipo_terreno_imovel":1,"qt_area_terreno":60,"qt_area_construida":60}}},{"type":"Feature","geometry":{"type":"Polygon","coordinates":[[[-45.02848,-23.516696],[-45.028483,-23.516655],[-45.028483,-23.51666],[-45.028483,-23.516732],[-45.028481,-23.51677],[-45.02848,-23.516696]]]},"properties":{"sqlu":"SP-001-989465","inscription":"SP-GEOSAMPA-1989465","inscricaoImobiliaria":"SP-IMO-1989465","setor":"001","quadra":"023","lote":"0176","sourceType":"OFFICIAL_IMPORT","mainAddress":"Setor Fiscal 001","zoneamento":"RESIDENCIAL","statusCadastral":"ATIVO","workflowStatus":"PENDENTE","isOfficial":true,"rawProperties":{"cd_identificador":1989465,"cd_identificador_original_lote":8801261,"cd_setor_fiscal":"001","cd_tipo_quadra":"F","tx_tipo_quadra":"FISCAL","cd_quadra_fiscal":"023","cd_subquadra_fiscal":null,"cd_condominio":"00","cd_tipo_lote":"F","tx_tipo_lote":"FISCAL","cd_lote":"0176","cd_situacao":1,"cd_digito_sql":"1","cd_logradouro":"325481","nm_logradouro_completo":"TV ADELCI GROIA PAULINO","cd_numero_porta":"43","tx_complemento_endereco":"CASA 43","tx_situ_lote":"ATIVO","cd_tipo_uso_imovel":"31","dc_tipo_uso_imovel":"Não residencial","cd_tipo_terreno_imovel":1,"qt_area_terreno":117,"qt_area_construida":190}}},{"type":"Feature","geometry":{"type":"Polygon","coordinates":[[[-45.028446,-23.518403],[-45.028443,-23.5181],[-45.02845,-23.517995],[-45.028452,-23.518311],[-45.02845,-23.518337],[-45.02845,-23.518346],[-45.028448,-23.518362],[-45.028447,-23.518376],[-45.028446,-23.518391],[-45.028446,-23.5184],[-45.028446,-23.518403]]]},"properties":{"sqlu":"SP-001-989178","inscription":"SP-GEOSAMPA-1989178","inscricaoImobiliaria":"SP-IMO-1989178","setor":"001","quadra":"024","lote":"0025","sourceType":"OFFICIAL_IMPORT","mainAddress":"Setor Fiscal 001","zoneamento":"RESIDENCIAL","statusCadastral":"ATIVO","workflowStatus":"PENDENTE","isOfficial":true,"rawProperties":{"cd_identificador":1989178,"cd_identificador_original_lote":8799734,"cd_setor_fiscal":"001","cd_tipo_quadra":"F","tx_tipo_quadra":"FISCAL","cd_quadra_fiscal":"024","cd_subquadra_fiscal":null,"cd_condominio":"00","cd_tipo_lote":"F","tx_tipo_lote":"FISCAL","cd_lote":"0025","cd_situacao":1,"cd_digito_sql":"3","cd_logradouro":"018147","nm_logradouro_completo":"R ANTONIO PAIS","cd_numero_porta":"52","tx_complemento_endereco":"E 76","tx_situ_lote":"ATIVO","cd_tipo_uso_imovel":"64","dc_tipo_uso_imovel":"Não residencial","cd_tipo_terreno_imovel":1,"qt_area_terreno":1444,"qt_area_construida":1648}}},{"type":"Feature","geometry":{"type":"Polygon","coordinates":[[[-45.028424,-23.517881],[-45.028424,-23.517902],[-45.028423,-23.517923],[-45.028422,-23.517933],[-45.028417,-23.518005],[-45.028417,-23.517938],[-45.028422,-23.517863],[-45.028422,-23.517854],[-45.028424,-23.517834],[-45.028424,-23.517881]]]},"properties":{"sqlu":"SP-001-988969","inscription":"SP-GEOSAMPA-1988969","inscricaoImobiliaria":"SP-IMO-1988969","setor":"001","quadra":"025","lote":"0021","sourceType":"OFFICIAL_IMPORT","mainAddress":"Setor Fiscal 001","zoneamento":"RESIDENCIAL","statusCadastral":"ATIVO","workflowStatus":"PENDENTE","isOfficial":true,"rawProperties":{"cd_identificador":1988969,"cd_identificador_original_lote":8799683,"cd_setor_fiscal":"001","cd_tipo_quadra":"F","tx_tipo_quadra":"FISCAL","cd_quadra_fiscal":"025","cd_subquadra_fiscal":null,"cd_condominio":"00","cd_tipo_lote":"F","tx_tipo_lote":"FISCAL","cd_lote":"0021","cd_situacao":1,"cd_digito_sql":"5","cd_logradouro":"041467","nm_logradouro_completo":"R DA CANTAREIRA","cd_numero_porta":"757","tx_complemento_endereco":null,"tx_situ_lote":"ATIVO","cd_tipo_uso_imovel":"40","dc_tipo_uso_imovel":"Não residencial","cd_tipo_terreno_imovel":1,"qt_area_terreno":320,"qt_area_construida":280}}},{"type":"Feature","geometry":{"type":"Polygon","coordinates":[[[-45.02855,-23.527938],[-45.028561,-23.527614],[-45.028564,-23.527873],[-45.028553,-23.528205],[-45.02855,-23.527938]]]},"properties":{"sqlu":"SP-001-989384","inscription":"SP-GEOSAMPA-1989384","inscricaoImobiliaria":"SP-IMO-1989384","setor":"001","quadra":"010","lote":"0001","sourceType":"OFFICIAL_IMPORT","mainAddress":"Setor Fiscal 001","zoneamento":"RESIDENCIAL","statusCadastral":"ATIVO","workflowStatus":"PENDENTE","isOfficial":true,"rawProperties":{"cd_identificador":1989384,"cd_identificador_original_lote":8800596,"cd_setor_fiscal":"001","cd_tipo_quadra":"M","tx_tipo_quadra":"MUNICIPAL","cd_quadra_fiscal":"010","cd_subquadra_fiscal":null,"cd_condominio":"00","cd_tipo_lote":"M","tx_tipo_lote":"MUNICIPAL","cd_lote":"0001","cd_situacao":1,"cd_digito_sql":null,"cd_logradouro":null,"nm_logradouro_completo":null,"cd_numero_porta":null,"tx_complemento_endereco":null,"tx_situ_lote":null,"cd_tipo_uso_imovel":null,"dc_tipo_uso_imovel":null,"cd_tipo_terreno_imovel":null,"qt_area_terreno":null,"qt_area_construida":null}}},{"type":"Feature","geometry":{"type":"Polygon","coordinates":[[[-45.028491,-23.514557],[-45.028494,-23.514498],[-45.028495,-23.514532],[-45.028491,-23.514599],[-45.028491,-23.514557]]]},"properties":{"sqlu":"SP-001-989626","inscription":"SP-GEOSAMPA-1989626","inscricaoImobiliaria":"SP-IMO-1989626","setor":"001","quadra":"003","lote":"0074","sourceType":"OFFICIAL_IMPORT","mainAddress":"Setor Fiscal 001","zoneamento":"RESIDENCIAL","statusCadastral":"ATIVO","workflowStatus":"PENDENTE","isOfficial":true,"rawProperties":{"cd_identificador":1989626,"cd_identificador_original_lote":8800591,"cd_setor_fiscal":"001","cd_tipo_quadra":"F","tx_tipo_quadra":"FISCAL","cd_quadra_fiscal":"003","cd_subquadra_fiscal":null,"cd_condominio":"00","cd_tipo_lote":"F","tx_tipo_lote":"FISCAL","cd_lote":"0074","cd_situacao":1,"cd_digito_sql":"1","cd_logradouro":"189936","nm_logradouro_completo":"AV TIRADENTES","cd_numero_porta":"164","tx_complemento_endereco":null,"tx_situ_lote":"ATIVO","cd_tipo_uso_imovel":"40","dc_tipo_uso_imovel":"Não residencial","cd_tipo_terreno_imovel":1,"qt_area_terreno":100,"qt_area_construida":80}}},{"type":"Feature","geometry":{"type":"Polygon","coordinates":[[[-45.028472,-23.517191],[-45.028473,-23.517174],[-45.028474,-23.517286],[-45.028474,-23.517313],[-45.028474,-23.517351],[-45.028473,-23.517369],[-45.028473,-23.517304],[-45.028472,-23.517191]]]},"properties":{"sqlu":"SP-001-989366","inscription":"SP-GEOSAMPA-1989366","inscricaoImobiliaria":"SP-IMO-1989366","setor":"001","quadra":"023","lote":"0163","sourceType":"OFFICIAL_IMPORT","mainAddress":"Setor Fiscal 001","zoneamento":"RESIDENCIAL","statusCadastral":"ATIVO","workflowStatus":"PENDENTE","isOfficial":true,"rawProperties":{"cd_identificador":1989366,"cd_identificador_original_lote":8801221,"cd_setor_fiscal":"001","cd_tipo_quadra":"F","tx_tipo_quadra":"FISCAL","cd_quadra_fiscal":"023","cd_subquadra_fiscal":null,"cd_condominio":"00","cd_tipo_lote":"F","tx_tipo_lote":"FISCAL","cd_lote":"0163","cd_situacao":1,"cd_digito_sql":"8","cd_logradouro":"325481","nm_logradouro_completo":"TV ADELCI GROIA PAULINO","cd_numero_porta":"19","tx_complemento_endereco":"CASA 19","tx_situ_lote":"ATIVO","cd_tipo_uso_imovel":"31","dc_tipo_uso_imovel":"Não residencial","cd_tipo_terreno_imovel":1,"qt_area_terreno":177,"qt_area_construida":207}}},{"type":"Feature","geometry":{"type":"Polygon","coordinates":[[[-45.028477,-23.523207],[-45.028471,-23.52326],[-45.02847,-23.523268],[-45.02847,-23.523215],[-45.02847,-23.523202],[-45.028471,-23.523195],[-45.028474,-23.523171],[-45.028474,-23.523165],[-45.028477,-23.523142],[-45.028477,-23.523207]]]},"properties":{"sqlu":"SP-001-989471","inscription":"SP-GEOSAMPA-1989471","inscricaoImobiliaria":"SP-IMO-1989471","setor":"001","quadra":"067","lote":"0013","sourceType":"OFFICIAL_IMPORT","mainAddress":"Setor Fiscal 001","zoneamento":"RESIDENCIAL","statusCadastral":"ATIVO","workflowStatus":"PENDENTE","isOfficial":true,"rawProperties":{"cd_identificador":1989471,"cd_identificador_original_lote":8800407,"cd_setor_fiscal":"001","cd_tipo_quadra":"F","tx_tipo_quadra":"FISCAL","cd_quadra_fiscal":"067","cd_subquadra_fiscal":null,"cd_condominio":"00","cd_tipo_lote":"F","tx_tipo_lote":"FISCAL","cd_lote":"0013","cd_situacao":1,"cd_digito_sql":"8","cd_logradouro":"213705","nm_logradouro_completo":"R COMEN ABDO SCHAHIN","cd_numero_porta":"154","tx_complemento_endereco":"E 158","tx_situ_lote":"ATIVO","cd_tipo_uso_imovel":"31","dc_tipo_uso_imovel":"Não residencial","cd_tipo_terreno_imovel":1,"qt_area_terreno":321,"qt_area_construida":2703}}},{"type":"Feature","geometry":{"type":"Polygon","coordinates":[[[-45.028413,-23.517062],[-45.028412,-23.51693],[-45.028413,-23.516917],[-45.028413,-23.516926],[-45.028414,-23.517043],[-45.028413,-23.517062]]]},"properties":{"sqlu":"SP-001-989494","inscription":"SP-GEOSAMPA-1989494","inscricaoImobiliaria":"SP-IMO-1989494","setor":"001","quadra":"017","lote":"0009","sourceType":"OFFICIAL_IMPORT","mainAddress":"Setor Fiscal 001","zoneamento":"RESIDENCIAL","statusCadastral":"ATIVO","workflowStatus":"PENDENTE","isOfficial":true,"rawProperties":{"cd_identificador":1989494,"cd_identificador_original_lote":8799513,"cd_setor_fiscal":"001","cd_tipo_quadra":"F","tx_tipo_quadra":"FISCAL","cd_quadra_fiscal":"017","cd_subquadra_fiscal":null,"cd_condominio":"00","cd_tipo_lote":"F","tx_tipo_lote":"FISCAL","cd_lote":"0009","cd_situacao":1,"cd_digito_sql":"1","cd_logradouro":"165433","nm_logradouro_completo":"R POSSIDONIO INACIO","cd_numero_porta":"151","tx_complemento_endereco":"E 159","tx_situ_lote":"ATIVO","cd_tipo_uso_imovel":"42","dc_tipo_uso_imovel":"Não residencial","cd_tipo_terreno_imovel":2,"qt_area_terreno":120,"qt_area_construida":197}}},{"type":"Feature","geometry":{"type":"Polygon","coordinates":[[[-45.028454,-23.514653],[-45.028454,-23.514636],[-45.028454,-23.51461],[-45.028453,-23.514592],[-45.028458,-23.514553],[-45.028458,-23.514614],[-45.028456,-23.514634],[-45.028455,-23.514641],[-45.028455,-23.514643],[-45.028454,-23.514647],[-45.028454,-23.514653]]]},"properties":{"sqlu":"SP-001-989607","inscription":"SP-GEOSAMPA-1989607","inscricaoImobiliaria":"SP-IMO-1989607","setor":"001","quadra":"005","lote":"0055","sourceType":"OFFICIAL_IMPORT","mainAddress":"Setor Fiscal 001","zoneamento":"RESIDENCIAL","statusCadastral":"ATIVO","workflowStatus":"PENDENTE","isOfficial":true,"rawProperties":{"cd_identificador":1989607,"cd_identificador_original_lote":8800738,"cd_setor_fiscal":"001","cd_tipo_quadra":"F","tx_tipo_quadra":"FISCAL","cd_quadra_fiscal":"005","cd_subquadra_fiscal":null,"cd_condominio":"00","cd_tipo_lote":"F","tx_tipo_lote":"FISCAL","cd_lote":"0055","cd_situacao":1,"cd_digito_sql":"2","cd_logradouro":"016730","nm_logradouro_completo":"R DOM ANTONIO DE MELO","cd_numero_porta":"60","tx_complemento_endereco":null,"tx_situ_lote":"ATIVO","cd_tipo_uso_imovel":"10","dc_tipo_uso_imovel":"Residencial","cd_tipo_terreno_imovel":1,"qt_area_terreno":175,"qt_area_construida":220}}},{"type":"Feature","geometry":{"type":"Polygon","coordinates":[[[-45.028498,-23.523893],[-45.028498,-23.52388],[-45.028498,-23.523845],[-45.028503,-23.523693],[-45.028504,-23.523741],[-45.028498,-23.523893]]]},"properties":{"sqlu":"SP-001-989668","inscription":"SP-GEOSAMPA-1989668","inscricaoImobiliaria":"SP-IMO-1989668","setor":"001","quadra":"064","lote":"0012","sourceType":"OFFICIAL_IMPORT","mainAddress":"Setor Fiscal 001","zoneamento":"RESIDENCIAL","statusCadastral":"ATIVO","workflowStatus":"PENDENTE","isOfficial":true,"rawProperties":{"cd_identificador":1989668,"cd_identificador_original_lote":8800275,"cd_setor_fiscal":"001","cd_tipo_quadra":"F","tx_tipo_quadra":"FISCAL","cd_quadra_fiscal":"064","cd_subquadra_fiscal":null,"cd_condominio":"00","cd_tipo_lote":"F","tx_tipo_lote":"FISCAL","cd_lote":"0012","cd_situacao":1,"cd_digito_sql":"6","cd_logradouro":"072044","nm_logradouro_completo":"R FLORENCIO DE ABREU","cd_numero_porta":"78","tx_complemento_endereco":"E 80","tx_situ_lote":"ATIVO","cd_tipo_uso_imovel":"40","dc_tipo_uso_imovel":"Não residencial","cd_tipo_terreno_imovel":1,"qt_area_terreno":204,"qt_area_construida":490}}},{"type":"Feature","geometry":{"type":"Polygon","coordinates":[[[-45.028498,-23.523893],[-45.028498,-23.523897],[-45.028499,-23.523942],[-45.028498,-23.523974],[-45.028497,-23.524],[-45.028497,-23.524007],[-45.028496,-23.523879],[-45.028495,-23.523817],[-45.028497,-23.523777],[-45.0285,-23.523691],[-45.028503,-23.523609],[-45.028503,-23.523693],[-45.028498,-23.523845],[-45.028498,-23.52388],[-45.028498,-23.523893]]]},"properties":{"sqlu":"SP-001-989669","inscription":"SP-GEOSAMPA-1989669","inscricaoImobiliaria":"SP-IMO-1989669","setor":"001","quadra":"064","lote":"0000","sourceType":"OFFICIAL_IMPORT","mainAddress":"Setor Fiscal 001","zoneamento":"RESIDENCIAL","statusCadastral":"ATIVO","workflowStatus":"PENDENTE","isOfficial":true,"rawProperties":{"cd_identificador":1989669,"cd_identificador_original_lote":8800289,"cd_setor_fiscal":"001","cd_tipo_quadra":"F","tx_tipo_quadra":"FISCAL","cd_quadra_fiscal":"064","cd_subquadra_fiscal":null,"cd_condominio":"05","cd_tipo_lote":"F","tx_tipo_lote":"FISCAL","cd_lote":"0000","cd_situacao":1,"cd_digito_sql":null,"cd_logradouro":"072044","nm_logradouro_completo":"R FLORENCIO DE ABREU","cd_numero_porta":"84 90","tx_complemento_endereco":null,"tx_situ_lote":null,"cd_tipo_uso_imovel":"XX","dc_tipo_uso_imovel":"Condomínio","cd_tipo_terreno_imovel":99,"qt_area_terreno":750,"qt_area_construida":null}}},{"type":"Feature","geometry":{"type":"Polygon","coordinates":[[[-45.028494,-23.519118],[-45.028489,-23.519101],[-45.028489,-23.519009],[-45.028495,-23.519026],[-45.028494,-23.519118]]]},"properties":{"sqlu":"SP-001-989953","inscription":"SP-GEOSAMPA-1989953","inscricaoImobiliaria":"SP-IMO-1989953","setor":"001","quadra":"031","lote":"0035","sourceType":"OFFICIAL_IMPORT","mainAddress":"Setor Fiscal 001","zoneamento":"RESIDENCIAL","statusCadastral":"ATIVO","workflowStatus":"PENDENTE","isOfficial":true,"rawProperties":{"cd_identificador":1989953,"cd_identificador_original_lote":8799601,"cd_setor_fiscal":"001","cd_tipo_quadra":"F","tx_tipo_quadra":"FISCAL","cd_quadra_fiscal":"031","cd_subquadra_fiscal":null,"cd_condominio":"00","cd_tipo_lote":"F","tx_tipo_lote":"FISCAL","cd_lote":"0035","cd_situacao":1,"cd_digito_sql":"0","cd_logradouro":"072044","nm_logradouro_completo":"R FLORENCIO DE ABREU","cd_numero_porta":"598","tx_complemento_endereco":null,"tx_situ_lote":"ATIVO","cd_tipo_uso_imovel":"43","dc_tipo_uso_imovel":"Não residencial","cd_tipo_terreno_imovel":1,"qt_area_terreno":440,"qt_area_construida":657}}},{"type":"Feature","geometry":{"type":"Polygon","coordinates":[[[-45.02857,-23.520786],[-45.02857,-23.520799],[-45.028572,-23.520869],[-45.028575,-23.52098],[-45.028574,-23.521068],[-45.028573,-23.521019],[-45.028572,-23.520984],[-45.028569,-23.520876],[-45.028569,-23.520873],[-45.02857,-23.520786]]]},"properties":{"sqlu":"SP-001-990058","inscription":"SP-GEOSAMPA-1990058","inscricaoImobiliaria":"SP-IMO-1990058","setor":"001","quadra":"044","lote":"0365","sourceType":"OFFICIAL_IMPORT","mainAddress":"Setor Fiscal 001","zoneamento":"RESIDENCIAL","statusCadastral":"ATIVO","workflowStatus":"PENDENTE","isOfficial":true,"rawProperties":{"cd_identificador":1990058,"cd_identificador_original_lote":8801057,"cd_setor_fiscal":"001","cd_tipo_quadra":"F","tx_tipo_quadra":"FISCAL","cd_quadra_fiscal":"044","cd_subquadra_fiscal":null,"cd_condominio":"00","cd_tipo_lote":"F","tx_tipo_lote":"FISCAL","cd_lote":"0365","cd_situacao":1,"cd_digito_sql":"9","cd_logradouro":"062855","nm_logradouro_completo":"R STA IFIGENIA","cd_numero_porta":"92","tx_complemento_endereco":"E 98","tx_situ_lote":"ATIVO","cd_tipo_uso_imovel":"43","dc_tipo_uso_imovel":"Não residencial","cd_tipo_terreno_imovel":1,"qt_area_terreno":473,"qt_area_construida":444}}},{"type":"Feature","geometry":{"type":"Polygon","coordinates":[[[-45.028451,-23.517834],[-45.028453,-23.517806],[-45.02846,-23.51772],[-45.02846,-23.517716],[-45.02846,-23.517781],[-45.02846,-23.517818],[-45.028461,-23.517877],[-45.02846,-23.517882],[-45.02846,-23.517894],[-45.028459,-23.517906],[-45.028457,-23.51793],[-45.028456,-23.517943],[-45.028455,-23.517959],[-45.028454,-23.517971],[-45.028453,-23.517997],[-45.028451,-23.517834]]]},"properties":{"sqlu":"SP-001-990516","inscription":"SP-GEOSAMPA-1990516","inscricaoImobiliaria":"SP-IMO-1990516","setor":"001","quadra":"023","lote":"0000","sourceType":"OFFICIAL_IMPORT","mainAddress":"Setor Fiscal 001","zoneamento":"RESIDENCIAL","statusCadastral":"ATIVO","workflowStatus":"PENDENTE","isOfficial":true,"rawProperties":{"cd_identificador":1990516,"cd_identificador_original_lote":8801323,"cd_setor_fiscal":"001","cd_tipo_quadra":"F","tx_tipo_quadra":"FISCAL","cd_quadra_fiscal":"023","cd_subquadra_fiscal":null,"cd_condominio":"06","cd_tipo_lote":"F","tx_tipo_lote":"FISCAL","cd_lote":"0000","cd_situacao":1,"cd_digito_sql":null,"cd_logradouro":"018147","nm_logradouro_completo":"R ANTONIO PAIS","cd_numero_porta":"79 93","tx_complemento_endereco":null,"tx_situ_lote":null,"cd_tipo_uso_imovel":"XX","dc_tipo_uso_imovel":"Condomínio","cd_tipo_terreno_imovel":99,"qt_area_terreno":1033,"qt_area_construida":null}}},{"type":"Feature","geometry":{"type":"Polygon","coordinates":[[[-45.028424,-23.51454],[-45.028424,-23.514586],[-45.02842,-23.514625],[-45.028419,-23.514643],[-45.028417,-23.514666],[-45.028416,-23.514674],[-45.028416,-23.514667],[-45.028416,-23.514631],[-45.028416,-23.514626],[-45.028424,-23.51454]]]},"properties":{"sqlu":"SP-001-990480","inscription":"SP-GEOSAMPA-1990480","inscricaoImobiliaria":"SP-IMO-1990480","setor":"001","quadra":"008","lote":"0056","sourceType":"OFFICIAL_IMPORT","mainAddress":"Setor Fiscal 001","zoneamento":"RESIDENCIAL","statusCadastral":"ATIVO","workflowStatus":"PENDENTE","isOfficial":true,"rawProperties":{"cd_identificador":1990480,"cd_identificador_original_lote":8800637,"cd_setor_fiscal":"001","cd_tipo_quadra":"F","tx_tipo_quadra":"FISCAL","cd_quadra_fiscal":"008","cd_subquadra_fiscal":null,"cd_condominio":"00","cd_tipo_lote":"F","tx_tipo_lote":"FISCAL","cd_lote":"0056","cd_situacao":1,"cd_digito_sql":"4","cd_logradouro":"059633","nm_logradouro_completo":"R DJALMA DUTRA","cd_numero_porta":"212","tx_complemento_endereco":null,"tx_situ_lote":"ATIVO","cd_tipo_uso_imovel":"14","dc_tipo_uso_imovel":"Residencial","cd_tipo_terreno_imovel":1,"qt_area_terreno":250,"qt_area_construida":400}}},{"type":"Feature","geometry":{"type":"Polygon","coordinates":[[[-45.028471,-23.521275],[-45.028471,-23.521189],[-45.028472,-23.521201],[-45.028472,-23.521206],[-45.028472,-23.521291],[-45.028471,-23.521275]]]},"properties":{"sqlu":"SP-001-990512","inscription":"SP-GEOSAMPA-1990512","inscricaoImobiliaria":"SP-IMO-1990512","setor":"001","quadra":"051","lote":"0016","sourceType":"OFFICIAL_IMPORT","mainAddress":"Setor Fiscal 001","zoneamento":"RESIDENCIAL","statusCadastral":"ATIVO","workflowStatus":"PENDENTE","isOfficial":true,"rawProperties":{"cd_identificador":1990512,"cd_identificador_original_lote":8799490,"cd_setor_fiscal":"001","cd_tipo_quadra":"F","tx_tipo_quadra":"FISCAL","cd_quadra_fiscal":"051","cd_subquadra_fiscal":null,"cd_condominio":"00","cd_tipo_lote":"F","tx_tipo_lote":"FISCAL","cd_lote":"0016","cd_situacao":1,"cd_digito_sql":"1","cd_logradouro":"197459","nm_logradouro_completo":"R VINTE E CINCO DE MARCO","cd_numero_porta":"976","tx_complemento_endereco":"CS6 6A 6B","tx_situ_lote":"ATIVO","cd_tipo_uso_imovel":"40","dc_tipo_uso_imovel":"Não residencial","cd_tipo_terreno_imovel":4,"qt_area_terreno":99,"qt_area_construida":200}}},{"type":"Feature","geometry":{"type":"Polygon","coordinates":[[[-45.028579,-23.523013],[-45.028578,-23.522988],[-45.028577,-23.522969],[-45.028576,-23.522954],[-45.028576,-23.522946],[-45.028576,-23.522942],[-45.028575,-23.522927],[-45.028575,-23.522914],[-45.028575,-23.522884],[-45.028575,-23.52284],[-45.028575,-23.522842],[-45.028575,-23.522838],[-45.028575,-23.522816],[-45.028576,-23.522833],[-45.028576,-23.522835],[-45.028576,-23.522827],[-45.028577,-23.52285],[-45.02858,-23.522901],[-45.028579,-23.523014],[-45.028579,-23.523013]]]},"properties":{"sqlu":"SP-001-990311","inscription":"SP-GEOSAMPA-1990311","inscricaoImobiliaria":"SP-IMO-1990311","setor":"001","quadra":"057","lote":"0002","sourceType":"OFFICIAL_IMPORT","mainAddress":"Setor Fiscal 001","zoneamento":"RESIDENCIAL","statusCadastral":"ATIVO","workflowStatus":"PENDENTE","isOfficial":true,"rawProperties":{"cd_identificador":1990311,"cd_identificador_original_lote":8800480,"cd_setor_fiscal":"001","cd_tipo_quadra":"F","tx_tipo_quadra":"FISCAL","cd_quadra_fiscal":"057","cd_subquadra_fiscal":null,"cd_condominio":"00","cd_tipo_lote":"F","tx_tipo_lote":"FISCAL","cd_lote":"0002","cd_situacao":1,"cd_digito_sql":"9","cd_logradouro":"153230","nm_logradouro_completo":"LG DO PAICANDU","cd_numero_porta":"122","tx_complemento_endereco":"128","tx_situ_lote":"ATIVO","cd_tipo_uso_imovel":"84","dc_tipo_uso_imovel":"Não residencial","cd_tipo_terreno_imovel":1,"qt_area_terreno":352,"qt_area_construida":1388}}},{"type":"Feature","geometry":{"type":"Polygon","coordinates":[[[-45.02851,-23.523459],[-45.028505,-23.523578],[-45.028504,-23.523511],[-45.028505,-23.52349],[-45.028507,-23.523451],[-45.028509,-23.523395],[-45.02851,-23.523459]]]},"properties":{"sqlu":"SP-001-990330","inscription":"SP-GEOSAMPA-1990330","inscricaoImobiliaria":"SP-IMO-1990330","setor":"001","quadra":"049","lote":"0232","sourceType":"OFFICIAL_IMPORT","mainAddress":"Setor Fiscal 001","zoneamento":"RESIDENCIAL","statusCadastral":"ATIVO","workflowStatus":"PENDENTE","isOfficial":true,"rawProperties":{"cd_identificador":1990330,"cd_identificador_original_lote":8800968,"cd_setor_fiscal":"001","cd_tipo_quadra":"F","tx_tipo_quadra":"FISCAL","cd_quadra_fiscal":"049","cd_subquadra_fiscal":null,"cd_condominio":"00","cd_tipo_lote":"F","tx_tipo_lote":"FISCAL","cd_lote":"0232","cd_situacao":1,"cd_digito_sql":"9","cd_logradouro":"072044","nm_logradouro_completo":"R FLORENCIO DE ABREU","cd_numero_porta":"93","tx_complemento_endereco":null,"tx_situ_lote":"ATIVO","cd_tipo_uso_imovel":"40","dc_tipo_uso_imovel":"Não residencial","cd_tipo_terreno_imovel":1,"qt_area_terreno":276,"qt_area_construida":712}}},{"type":"Feature","geometry":{"type":"Polygon","coordinates":[[[-45.028456,-23.522883],[-45.028454,-23.522911],[-45.028454,-23.52291],[-45.028454,-23.522908],[-45.028454,-23.522905],[-45.028454,-23.522901],[-45.028454,-23.522896],[-45.028454,-23.52289],[-45.028454,-23.522887],[-45.028453,-23.522818],[-45.028456,-23.522763],[-45.028456,-23.522785],[-45.028456,-23.522883]]]},"properties":{"sqlu":"SP-001-990355","inscription":"SP-GEOSAMPA-1990355","inscricaoImobiliaria":"SP-IMO-1990355","setor":"001","quadra":"068","lote":"0016","sourceType":"OFFICIAL_IMPORT","mainAddress":"Setor Fiscal 001","zoneamento":"RESIDENCIAL","statusCadastral":"ATIVO","workflowStatus":"PENDENTE","isOfficial":true,"rawProperties":{"cd_identificador":1990355,"cd_identificador_original_lote":8800433,"cd_setor_fiscal":"001","cd_tipo_quadra":"F","tx_tipo_quadra":"FISCAL","cd_quadra_fiscal":"068","cd_subquadra_fiscal":null,"cd_condominio":"00","cd_tipo_lote":"F","tx_tipo_lote":"FISCAL","cd_lote":"0016","cd_situacao":1,"cd_digito_sql":"7","cd_logradouro":"041467","nm_logradouro_completo":"R DA CANTAREIRA","cd_numero_porta":"173","tx_complemento_endereco":"LT 01 QD 10","tx_situ_lote":"ATIVO","cd_tipo_uso_imovel":"43","dc_tipo_uso_imovel":"Não residencial","cd_tipo_terreno_imovel":2,"qt_area_terreno":218,"qt_area_construida":1396}}},{"type":"Feature","geometry":{"type":"Polygon","coordinates":[[[-45.028493,-23.522737],[-45.02849,-23.522774],[-45.028489,-23.522791],[-45.028487,-23.522824],[-45.028486,-23.522738],[-45.028489,-23.522693],[-45.028491,-23.522674],[-45.028492,-23.522653],[-45.028493,-23.522648],[-45.028493,-23.522643],[-45.028493,-23.522734],[-45.028493,-23.522737]]]},"properties":{"sqlu":"SP-001-990351","inscription":"SP-GEOSAMPA-1990351","inscricaoImobiliaria":"SP-IMO-1990351","setor":"001","quadra":"050","lote":"0000","sourceType":"OFFICIAL_IMPORT","mainAddress":"Setor Fiscal 001","zoneamento":"RESIDENCIAL","statusCadastral":"ATIVO","workflowStatus":"PENDENTE","isOfficial":true,"rawProperties":{"cd_identificador":1990351,"cd_identificador_original_lote":8801137,"cd_setor_fiscal":"001","cd_tipo_quadra":"F","tx_tipo_quadra":"FISCAL","cd_quadra_fiscal":"050","cd_subquadra_fiscal":null,"cd_condominio":"03","cd_tipo_lote":"F","tx_tipo_lote":"FISCAL","cd_lote":"0000","cd_situacao":1,"cd_digito_sql":null,"cd_logradouro":"197459","nm_logradouro_completo":"R VINTE E CINCO DE MARCO","cd_numero_porta":"827 831","tx_complemento_endereco":null,"tx_situ_lote":null,"cd_tipo_uso_imovel":"XX","dc_tipo_uso_imovel":"Condomínio","cd_tipo_terreno_imovel":99,"qt_area_terreno":597,"qt_area_construida":null}}},{"type":"Feature","geometry":{"type":"Polygon","coordinates":[[[-45.028493,-23.522737],[-45.028494,-23.52285],[-45.028491,-23.522867],[-45.028487,-23.522898],[-45.028487,-23.522824],[-45.028489,-23.522791],[-45.02849,-23.522774],[-45.028493,-23.522737]]]},"properties":{"sqlu":"SP-001-990352","inscription":"SP-GEOSAMPA-1990352","inscricaoImobiliaria":"SP-IMO-1990352","setor":"001","quadra":"050","lote":"0073","sourceType":"OFFICIAL_IMPORT","mainAddress":"Setor Fiscal 001","zoneamento":"RESIDENCIAL","statusCadastral":"ATIVO","workflowStatus":"PENDENTE","isOfficial":true,"rawProperties":{"cd_identificador":1990352,"cd_identificador_original_lote":8801138,"cd_setor_fiscal":"001","cd_tipo_quadra":"F","tx_tipo_quadra":"FISCAL","cd_quadra_fiscal":"050","cd_subquadra_fiscal":null,"cd_condominio":"00","cd_tipo_lote":"F","tx_tipo_lote":"FISCAL","cd_lote":"0073","cd_situacao":1,"cd_digito_sql":"6","cd_logradouro":"197459","nm_logradouro_completo":"R VINTE E CINCO DE MARCO","cd_numero_porta":"817","tx_complemento_endereco":"E 821","tx_situ_lote":"ATIVO","cd_tipo_uso_imovel":"31","dc_tipo_uso_imovel":"Não residencial","cd_tipo_terreno_imovel":1,"qt_area_terreno":371,"qt_area_construida":4960}}},{"type":"Feature","geometry":{"type":"Polygon","coordinates":[[[-45.028465,-23.514652],[-45.028465,-23.514677],[-45.028465,-23.514695],[-45.028462,-23.514719],[-45.028461,-23.514733],[-45.02846,-23.514691],[-45.028463,-23.514664],[-45.028464,-23.514658],[-45.028465,-23.514652]]]},"properties":{"sqlu":"SP-001-990481","inscription":"SP-GEOSAMPA-1990481","inscricaoImobiliaria":"SP-IMO-1990481","setor":"001","quadra":"004","lote":"0014","sourceType":"OFFICIAL_IMPORT","mainAddress":"Setor Fiscal 001","zoneamento":"RESIDENCIAL","statusCadastral":"ATIVO","workflowStatus":"PENDENTE","isOfficial":true,"rawProperties":{"cd_identificador":1990481,"cd_identificador_original_lote":8799555,"cd_setor_fiscal":"001","cd_tipo_quadra":"F","tx_tipo_quadra":"FISCAL","cd_quadra_fiscal":"004","cd_subquadra_fiscal":null,"cd_condominio":"00","cd_tipo_lote":"F","tx_tipo_lote":"FISCAL","cd_lote":"0014","cd_situacao":1,"cd_digito_sql":"0","cd_logradouro":"016730","nm_logradouro_completo":"R DOM ANTONIO DE MELO","cd_numero_porta":"47","tx_complemento_endereco":null,"tx_situ_lote":"ATIVO","cd_tipo_uso_imovel":"43","dc_tipo_uso_imovel":"Não residencial","cd_tipo_terreno_imovel":1,"qt_area_terreno":123,"qt_area_construida":320}}},{"type":"Feature","geometry":{"type":"Polygon","coordinates":[[[-45.028487,-23.52402],[-45.028483,-23.524061],[-45.028482,-23.523996],[-45.028487,-23.523955],[-45.028487,-23.52402]]]},"properties":{"sqlu":"SP-001-990290","inscription":"SP-GEOSAMPA-1990290","inscricaoImobiliaria":"SP-IMO-1990290","setor":"001","quadra":"070","lote":"0007","sourceType":"OFFICIAL_IMPORT","mainAddress":"Setor Fiscal 001","zoneamento":"RESIDENCIAL","statusCadastral":"ATIVO","workflowStatus":"PENDENTE","isOfficial":true,"rawProperties":{"cd_identificador":1990290,"cd_identificador_original_lote":8800137,"cd_setor_fiscal":"001","cd_tipo_quadra":"F","tx_tipo_quadra":"FISCAL","cd_quadra_fiscal":"070","cd_subquadra_fiscal":null,"cd_condominio":"00","cd_tipo_lote":"F","tx_tipo_lote":"FISCAL","cd_lote":"0007","cd_situacao":1,"cd_digito_sql":"5","cd_logradouro":"197459","nm_logradouro_completo":"R VINTE E CINCO DE MARCO","cd_numero_porta":"694","tx_complemento_endereco":null,"tx_situ_lote":"ATIVO","cd_tipo_uso_imovel":"31","dc_tipo_uso_imovel":"Não residencial","cd_tipo_terreno_imovel":3,"qt_area_terreno":212,"qt_area_construida":2400}}},{"type":"Feature","geometry":{"type":"Polygon","coordinates":[[[-45.028416,-23.514207],[-45.028416,-23.514265],[-45.028416,-23.514259],[-45.028419,-23.514225],[-45.028422,-23.514196],[-45.028422,-23.514253],[-45.028422,-23.514297],[-45.028422,-23.514305],[-45.028423,-23.514346],[-45.028423,-23.514398],[-45.028423,-23.514409],[-45.028421,-23.514428],[-45.02842,-23.514442],[-45.028419,-23.514452],[-45.028415,-23.514493],[-45.028415,-23.5145],[-45.028415,-23.514496],[-45.028414,-23.514475],[-45.028414,-23.514453],[-45.028414,-23.514439],[-45.028414,-23.514431],[-45.028414,-23.514399],[-45.028414,-23.514368],[-45.028414,-23.514356],[-45.028413,-23.514329],[-45.028413,-23.514307],[-45.028413,-23.514238],[-45.028413,-23.514229],[-45.028414,-23.51422],[-45.028415,-23.514208],[-45.028416,-23.514207]]]},"properties":{"sqlu":"SP-001-990424","inscription":"SP-GEOSAMPA-1990424","inscricaoImobiliaria":"SP-IMO-1990424","setor":"001","quadra":"008","lote":"0000","sourceType":"OFFICIAL_IMPORT","mainAddress":"Setor Fiscal 001","zoneamento":"RESIDENCIAL","statusCadastral":"ATIVO","workflowStatus":"PENDENTE","isOfficial":true,"rawProperties":{"cd_identificador":1990424,"cd_identificador_original_lote":8800633,"cd_setor_fiscal":"001","cd_tipo_quadra":"F","tx_tipo_quadra":"FISCAL","cd_quadra_fiscal":"008","cd_subquadra_fiscal":null,"cd_condominio":"02","cd_tipo_lote":"F","tx_tipo_lote":"FISCAL","cd_lote":"0000","cd_situacao":1,"cd_digito_sql":null,"cd_logradouro":"059633","nm_logradouro_completo":"R DJALMA DUTRA","cd_numero_porta":"250","tx_complemento_endereco":null,"tx_situ_lote":null,"cd_tipo_uso_imovel":"XX","dc_tipo_uso_imovel":"Condomínio","cd_tipo_terreno_imovel":99,"qt_area_terreno":1369,"qt_area_construida":null}}},{"type":"Feature","geometry":{"type":"Polygon","coordinates":[[[-45.028502,-23.524655],[-45.028504,-23.524522],[-45.028505,-23.524554],[-45.028506,-23.524572],[-45.028507,-23.524616],[-45.028508,-23.524663],[-45.02851,-23.524697],[-45.02851,-23.524704],[-45.028512,-23.524781],[-45.028513,-23.524822],[-45.028512,-23.524985],[-45.02851,-23.524943],[-45.028508,-23.524882],[-45.028508,-23.524869],[-45.028506,-23.524822],[-45.028506,-23.524816],[-45.028506,-23.524813],[-45.028505,-23.52479],[-45.028502,-23.524655]]]},"properties":{"sqlu":"SP-001-990396","inscription":"SP-GEOSAMPA-1990396","inscricaoImobiliaria":"SP-IMO-1990396","setor":"001","quadra":"064","lote":"0000","sourceType":"OFFICIAL_IMPORT","mainAddress":"Setor Fiscal 001","zoneamento":"RESIDENCIAL","statusCadastral":"ATIVO","workflowStatus":"PENDENTE","isOfficial":true,"rawProperties":{"cd_identificador":1990396,"cd_identificador_original_lote":8800290,"cd_setor_fiscal":"001","cd_tipo_quadra":"F","tx_tipo_quadra":"FISCAL","cd_quadra_fiscal":"064","cd_subquadra_fiscal":null,"cd_condominio":"01","cd_tipo_lote":"F","tx_tipo_lote":"FISCAL","cd_lote":"0000","cd_situacao":1,"cd_digito_sql":null,"cd_logradouro":"194948","nm_logradouro_completo":"R VARNHAGEN","cd_numero_porta":"45","tx_complemento_endereco":null,"tx_situ_lote":null,"cd_tipo_uso_imovel":"XX","dc_tipo_uso_imovel":"Condomínio","cd_tipo_terreno_imovel":99,"qt_area_terreno":1343,"qt_area_construida":null}}},{"type":"Feature","geometry":{"type":"Polygon","coordinates":[[[-45.028484,-23.514567],[-45.028485,-23.51482],[-45.028484,-23.514826],[-45.028483,-23.514577],[-45.028484,-23.514567]]]},"properties":{"sqlu":"SP-001-990215","inscription":"SP-GEOSAMPA-1990215","inscricaoImobiliaria":"SP-IMO-1990215","setor":"001","quadra":"003","lote":"0009","sourceType":"OFFICIAL_IMPORT","mainAddress":"Setor Fiscal 001","zoneamento":"RESIDENCIAL","statusCadastral":"ATIVO","workflowStatus":"PENDENTE","isOfficial":true,"rawProperties":{"cd_identificador":1990215,"cd_identificador_original_lote":8800583,"cd_setor_fiscal":"001","cd_tipo_quadra":"F","tx_tipo_quadra":"FISCAL","cd_quadra_fiscal":"003","cd_subquadra_fiscal":null,"cd_condominio":"00","cd_tipo_lote":"F","tx_tipo_lote":"FISCAL","cd_lote":"0009","cd_situacao":1,"cd_digito_sql":"1","cd_logradouro":"038121","nm_logradouro_completo":"R S CAETANO","cd_numero_porta":"75","tx_complemento_endereco":null,"tx_situ_lote":"ATIVO","cd_tipo_uso_imovel":"40","dc_tipo_uso_imovel":"Não residencial","cd_tipo_terreno_imovel":1,"qt_area_terreno":112,"qt_area_construida":150}}},{"type":"Feature","geometry":{"type":"Polygon","coordinates":[[[-45.028484,-23.514567],[-45.028484,-23.51456],[-45.028484,-23.514638],[-45.028485,-23.514627],[-45.028485,-23.514617],[-45.028485,-23.514627],[-45.028486,-23.514808],[-45.028485,-23.514816],[-45.028485,-23.51482],[-45.028484,-23.514567]]]},"properties":{"sqlu":"SP-001-990216","inscription":"SP-GEOSAMPA-1990216","inscricaoImobiliaria":"SP-IMO-1990216","setor":"001","quadra":"003","lote":"0008","sourceType":"OFFICIAL_IMPORT","mainAddress":"Setor Fiscal 001","zoneamento":"RESIDENCIAL","statusCadastral":"ATIVO","workflowStatus":"PENDENTE","isOfficial":true,"rawProperties":{"cd_identificador":1990216,"cd_identificador_original_lote":8800584,"cd_setor_fiscal":"001","cd_tipo_quadra":"F","tx_tipo_quadra":"FISCAL","cd_quadra_fiscal":"003","cd_subquadra_fiscal":null,"cd_condominio":"00","cd_tipo_lote":"F","tx_tipo_lote":"FISCAL","cd_lote":"0008","cd_situacao":1,"cd_digito_sql":"1","cd_logradouro":"038121","nm_logradouro_completo":"R S CAETANO","cd_numero_porta":"69","tx_complemento_endereco":null,"tx_situ_lote":"ATIVO","cd_tipo_uso_imovel":"40","dc_tipo_uso_imovel":"Não residencial","cd_tipo_terreno_imovel":1,"qt_area_terreno":167,"qt_area_construida":248}}},{"type":"Feature","geometry":{"type":"Polygon","coordinates":[[[-45.028545,-23.525038],[-45.028545,-23.525003],[-45.028545,-23.524997],[-45.028544,-23.524984],[-45.028544,-23.524982],[-45.028543,-23.524945],[-45.028543,-23.524921],[-45.028542,-23.524876],[-45.028541,-23.524837],[-45.02854,-23.524812],[-45.028539,-23.524757],[-45.02854,-23.524739],[-45.02854,-23.52473],[-45.028541,-23.524745],[-45.028543,-23.524774],[-45.028544,-23.524791],[-45.028544,-23.524719],[-45.028547,-23.524967],[-45.028547,-23.524995],[-45.028545,-23.525038]]]},"properties":{"sqlu":"SP-001-990688","inscription":"SP-GEOSAMPA-1990688","inscricaoImobiliaria":"SP-IMO-1990688","setor":"001","quadra":"061","lote":"0012","sourceType":"OFFICIAL_IMPORT","mainAddress":"Setor Fiscal 001","zoneamento":"RESIDENCIAL","statusCadastral":"ATIVO","workflowStatus":"PENDENTE","isOfficial":true,"rawProperties":{"cd_identificador":1990688,"cd_identificador_original_lote":8800035,"cd_setor_fiscal":"001","cd_tipo_quadra":"F","tx_tipo_quadra":"FISCAL","cd_quadra_fiscal":"061","cd_subquadra_fiscal":null,"cd_condominio":"00","cd_tipo_lote":"F","tx_tipo_lote":"FISCAL","cd_lote":"0012","cd_situacao":1,"cd_digito_sql":"2","cd_logradouro":"101010","nm_logradouro_completo":"AV S JOAO","cd_numero_porta":"126","tx_complemento_endereco":"E N128","tx_situ_lote":"ATIVO","cd_tipo_uso_imovel":"31","dc_tipo_uso_imovel":"Não residencial","cd_tipo_terreno_imovel":2,"qt_area_terreno":711,"qt_area_construida":3893}}},{"type":"Feature","geometry":{"type":"Polygon","coordinates":[[[-45.028548,-23.526712],[-45.028551,-23.526642],[-45.028552,-23.526709],[-45.02855,-23.526748],[-45.028549,-23.526766],[-45.028548,-23.526796],[-45.028548,-23.526807],[-45.028548,-23.526809],[-45.028548,-23.526818],[-45.028541,-23.527011],[-45.02854,-23.52693],[-45.028542,-23.526854],[-45.028543,-23.526822],[-45.028545,-23.526779],[-45.028545,-23.526762],[-45.028545,-23.526755],[-45.028546,-23.526744],[-45.028547,-23.526704],[-45.028547,-23.526706],[-45.028547,-23.526742],[-45.028548,-23.526715],[-45.028548,-23.526712]]]},"properties":{"sqlu":"SP-001-990711","inscription":"SP-GEOSAMPA-1990711","inscricaoImobiliaria":"SP-IMO-1990711","setor":"001","quadra":"080","lote":"0025","sourceType":"OFFICIAL_IMPORT","mainAddress":"Setor Fiscal 001","zoneamento":"RESIDENCIAL","statusCadastral":"ATIVO","workflowStatus":"PENDENTE","isOfficial":true,"rawProperties":{"cd_identificador":1990711,"cd_identificador_original_lote":8800340,"cd_setor_fiscal":"001","cd_tipo_quadra":"F","tx_tipo_quadra":"FISCAL","cd_quadra_fiscal":"080","cd_subquadra_fiscal":null,"cd_condominio":"00","cd_tipo_lote":"F","tx_tipo_lote":"FISCAL","cd_lote":"0025","cd_situacao":1,"cd_digito_sql":"7","cd_logradouro":"032107","nm_logradouro_completo":"R S BENTO","cd_numero_porta":"279","tx_complemento_endereco":"283","tx_situ_lote":"ATIVO","cd_tipo_uso_imovel":"31","dc_tipo_uso_imovel":"Não residencial","cd_tipo_terreno_imovel":3,"qt_area_terreno":813,"qt_area_construida":9250}}},{"type":"Feature","geometry":{"type":"Polygon","coordinates":[[[-45.028548,-23.526712],[-45.028548,-23.526715],[-45.028547,-23.526742],[-45.028547,-23.526706],[-45.028547,-23.526704],[-45.028546,-23.526744],[-45.028545,-23.526755],[-45.028545,-23.526762],[-45.028545,-23.526779],[-45.028543,-23.526822],[-45.028542,-23.526854],[-45.02854,-23.52693],[-45.028539,-23.526837],[-45.028542,-23.526771],[-45.028543,-23.526723],[-45.028546,-23.526637],[-45.028547,-23.526619],[-45.028547,-23.526606],[-45.028547,-23.526595],[-45.028548,-23.526639],[-45.028548,-23.526643],[-45.028548,-23.526669],[-45.028548,-23.526691],[-45.028548,-23.526712]]]},"properties":{"sqlu":"SP-001-990712","inscription":"SP-GEOSAMPA-1990712","inscricaoImobiliaria":"SP-IMO-1990712","setor":"001","quadra":"080","lote":"0002","sourceType":"OFFICIAL_IMPORT","mainAddress":"Setor Fiscal 001","zoneamento":"RESIDENCIAL","statusCadastral":"ATIVO","workflowStatus":"PENDENTE","isOfficial":true,"rawProperties":{"cd_identificador":1990712,"cd_identificador_original_lote":8800353,"cd_setor_fiscal":"001","cd_tipo_quadra":"F","tx_tipo_quadra":"FISCAL","cd_quadra_fiscal":"080","cd_subquadra_fiscal":null,"cd_condominio":"00","cd_tipo_lote":"F","tx_tipo_lote":"FISCAL","cd_lote":"0002","cd_situacao":1,"cd_digito_sql":"8","cd_logradouro":"032107","nm_logradouro_completo":"R S BENTO","cd_numero_porta":"293","tx_complemento_endereco":null,"tx_situ_lote":"ATIVO","cd_tipo_uso_imovel":"40","dc_tipo_uso_imovel":"Não residencial","cd_tipo_terreno_imovel":1,"qt_area_terreno":486,"qt_area_construida":1559}}},{"type":"Feature","geometry":{"type":"Polygon","coordinates":[[[-45.028456,-23.519796],[-45.028456,-23.519962],[-45.028456,-23.519974],[-45.028456,-23.519984],[-45.028455,-23.519991],[-45.028453,-23.520023],[-45.028453,-23.519921],[-45.028452,-23.519841],[-45.028453,-23.519827],[-45.028456,-23.519796]]]},"properties":{"sqlu":"SP-001-990715","inscription":"SP-GEOSAMPA-1990715","inscricaoImobiliaria":"SP-IMO-1990715","setor":"001","quadra":"035","lote":"0000","sourceType":"OFFICIAL_IMPORT","mainAddress":"Setor Fiscal 001","zoneamento":"RESIDENCIAL","statusCadastral":"ATIVO","workflowStatus":"PENDENTE","isOfficial":true,"rawProperties":{"cd_identificador":1990715,"cd_identificador_original_lote":8800882,"cd_setor_fiscal":"001","cd_tipo_quadra":"F","tx_tipo_quadra":"FISCAL","cd_quadra_fiscal":"035","cd_subquadra_fiscal":null,"cd_condominio":"01","cd_tipo_lote":"F","tx_tipo_lote":"FISCAL","cd_lote":"0000","cd_situacao":1,"cd_digito_sql":null,"cd_logradouro":"167258","nm_logradouro_completo":"AV SEN QUEIROS","cd_numero_porta":"573 579 583","tx_complemento_endereco":null,"tx_situ_lote":null,"cd_tipo_uso_imovel":"XX","dc_tipo_uso_imovel":"Condomínio","cd_tipo_terreno_imovel":99,"qt_area_terreno":310,"qt_area_construida":null}}},{"type":"Feature","geometry":{"type":"Polygon","coordinates":[[[-45.028529,-23.528881],[-45.028527,-23.528921],[-45.028527,-23.528918],[-45.028526,-23.528792],[-45.028527,-23.528744],[-45.028527,-23.528765],[-45.028528,-23.528852],[-45.028529,-23.528881]]]},"properties":{"sqlu":"SP-001-990826","inscription":"SP-GEOSAMPA-1990826","inscricaoImobiliaria":"SP-IMO-1990826","setor":"001","quadra":"084","lote":"0017","sourceType":"OFFICIAL_IMPORT","mainAddress":"Setor Fiscal 001","zoneamento":"RESIDENCIAL","statusCadastral":"ATIVO","workflowStatus":"PENDENTE","isOfficial":true,"rawProperties":{"cd_identificador":1990826,"cd_identificador_original_lote":8799999,"cd_setor_fiscal":"001","cd_tipo_quadra":"F","tx_tipo_quadra":"FISCAL","cd_quadra_fiscal":"084","cd_subquadra_fiscal":null,"cd_condominio":"00","cd_tipo_lote":"F","tx_tipo_lote":"FISCAL","cd_lote":"0017","cd_situacao":1,"cd_digito_sql":"4","cd_logradouro":"059447","nm_logradouro_completo":"R DIREITA","cd_numero_porta":"114","tx_complemento_endereco":null,"tx_situ_lote":"ATIVO","cd_tipo_uso_imovel":"43","dc_tipo_uso_imovel":"Não residencial","cd_tipo_terreno_imovel":2,"qt_area_terreno":192,"qt_area_construida":3534}}}]}