{"type":"FeatureCollection","features":[{"type":"Feature","geometry":{"type":"Polygon","coordinates":[[[-46.616943,-23.414039],[-46.616948,-23.414051],[-46.616959,-23.414078],[-46.616976,-23.414117],[-46.616992,-23.414156],[-46.616952,-23.41417],[-46.616887,-23.414013],[-46.616926,-23.413998],[-46.616943,-23.414039]]]},"properties":{"sqlu":"SP-004-216161","inscription":"SP-GEOSAMPA-2216161","inscricaoImobiliaria":"SP-IMO-2216161","setor":"004","quadra":"064","lote":"0086","sourceType":"OFFICIAL_IMPORT","mainAddress":"Setor Fiscal 004","zoneamento":"RESIDENCIAL","statusCadastral":"ATIVO","workflowStatus":"PENDENTE","isOfficial":true,"rawProperties":{"cd_identificador":2216161,"cd_identificador_original_lote":8919146,"cd_setor_fiscal":"004","cd_tipo_quadra":"F","tx_tipo_quadra":"FISCAL","cd_quadra_fiscal":"064","cd_subquadra_fiscal":null,"cd_condominio":"00","cd_tipo_lote":"F","tx_tipo_lote":"FISCAL","cd_lote":"0086","cd_situacao":1,"cd_digito_sql":"5","cd_logradouro":"145637","nm_logradouro_completo":"R NICOLAU ANCONA LOPEZ","cd_numero_porta":"26","tx_complemento_endereco":"E 28","tx_situ_lote":"ATIVO","cd_tipo_uso_imovel":"12","dc_tipo_uso_imovel":"Residencial","cd_tipo_terreno_imovel":1,"qt_area_terreno":84,"qt_area_construida":112}}},{"type":"Feature","geometry":{"type":"Polygon","coordinates":[[[-46.619664,-23.408689],[-46.619605,-23.408692],[-46.619598,-23.408558],[-46.619652,-23.408555],[-46.619656,-23.408605],[-46.619663,-23.408676],[-46.619664,-23.408689]]]},"properties":{"sqlu":"SP-004-216596","inscription":"SP-GEOSAMPA-2216596","inscricaoImobiliaria":"SP-IMO-2216596","setor":"004","quadra":"006","lote":"0040","sourceType":"OFFICIAL_IMPORT","mainAddress":"Setor Fiscal 004","zoneamento":"RESIDENCIAL","statusCadastral":"ATIVO","workflowStatus":"PENDENTE","isOfficial":true,"rawProperties":{"cd_identificador":2216596,"cd_identificador_original_lote":8918604,"cd_setor_fiscal":"004","cd_tipo_quadra":"F","tx_tipo_quadra":"FISCAL","cd_quadra_fiscal":"006","cd_subquadra_fiscal":null,"cd_condominio":"00","cd_tipo_lote":"F","tx_tipo_lote":"FISCAL","cd_lote":"0040","cd_situacao":1,"cd_digito_sql":"4","cd_logradouro":"049549","nm_logradouro_completo":"R CEL CINTRA","cd_numero_porta":"110","tx_complemento_endereco":"E 116 CS 20","tx_situ_lote":"ATIVO","cd_tipo_uso_imovel":"00","dc_tipo_uso_imovel":"Terreno","cd_tipo_terreno_imovel":4,"qt_area_terreno":75,"qt_area_construida":0}}},{"type":"Feature","geometry":{"type":"Polygon","coordinates":[[[-46.619514,-23.408195],[-46.619476,-23.408198],[-46.619429,-23.408203],[-46.619413,-23.408204],[-46.619383,-23.40777],[-46.619494,-23.407765],[-46.619514,-23.408195]]]},"properties":{"sqlu":"SP-004-216678","inscription":"SP-GEOSAMPA-2216678","inscricaoImobiliaria":"SP-IMO-2216678","setor":"004","quadra":"006","lote":"0127","sourceType":"OFFICIAL_IMPORT","mainAddress":"Setor Fiscal 004","zoneamento":"RESIDENCIAL","statusCadastral":"ATIVO","workflowStatus":"PENDENTE","isOfficial":true,"rawProperties":{"cd_identificador":2216678,"cd_identificador_original_lote":8918593,"cd_setor_fiscal":"004","cd_tipo_quadra":"F","tx_tipo_quadra":"FISCAL","cd_quadra_fiscal":"006","cd_subquadra_fiscal":null,"cd_condominio":"00","cd_tipo_lote":"F","tx_tipo_lote":"FISCAL","cd_lote":"0127","cd_situacao":1,"cd_digito_sql":"3","cd_logradouro":"142131","nm_logradouro_completo":"R DA MOOCA","cd_numero_porta":"454","tx_complemento_endereco":"458","tx_situ_lote":"ATIVO","cd_tipo_uso_imovel":"60","dc_tipo_uso_imovel":"Não residencial","cd_tipo_terreno_imovel":1,"qt_area_terreno":537,"qt_area_construida":837}}},{"type":"Feature","geometry":{"type":"Polygon","coordinates":[[[-46.617818,-23.410364],[-46.617795,-23.410349],[-46.617783,-23.410194],[-46.617771,-23.410055],[-46.617771,-23.410045],[-46.617791,-23.410025],[-46.617836,-23.410023],[-46.617899,-23.410021],[-46.617961,-23.410019],[-46.618011,-23.410017],[-46.618028,-23.410017],[-46.618089,-23.410014],[-46.618153,-23.410012],[-46.618216,-23.41001],[-46.61828,-23.410008],[-46.618344,-23.410006],[-46.618346,-23.410037],[-46.618351,-23.410123],[-46.618352,-23.410137],[-46.618353,-23.410153],[-46.618353,-23.410162],[-46.618354,-23.410176],[-46.618331,-23.410177],[-46.61829,-23.410178],[-46.618266,-23.410179],[-46.618253,-23.410179],[-46.618226,-23.41018],[-46.618202,-23.410181],[-46.618213,-23.410348],[-46.618146,-23.410351],[-46.618085,-23.410353],[-46.618019,-23.410356],[-46.617967,-23.410358],[-46.617911,-23.41036],[-46.617857,-23.410363],[-46.617818,-23.410364]]]},"properties":{"sqlu":"SP-004-480304","inscription":"SP-GEOSAMPA-2480304","inscricaoImobiliaria":"SP-IMO-2480304","setor":"004","quadra":"016","lote":"0000","sourceType":"OFFICIAL_IMPORT","mainAddress":"Setor Fiscal 004","zoneamento":"RESIDENCIAL","statusCadastral":"ATIVO","workflowStatus":"PENDENTE","isOfficial":true,"rawProperties":{"cd_identificador":2480304,"cd_identificador_original_lote":9077971,"cd_setor_fiscal":"004","cd_tipo_quadra":"F","tx_tipo_quadra":"FISCAL","cd_quadra_fiscal":"016","cd_subquadra_fiscal":null,"cd_condominio":"02","cd_tipo_lote":"F","tx_tipo_lote":"FISCAL","cd_lote":"0000","cd_situacao":1,"cd_digito_sql":null,"cd_logradouro":"012858","nm_logradouro_completo":"R ANDRADE REIS","cd_numero_porta":"30","tx_complemento_endereco":null,"tx_situ_lote":null,"cd_tipo_uso_imovel":"XX","dc_tipo_uso_imovel":"Condomínio","cd_tipo_terreno_imovel":99,"qt_area_terreno":1877,"qt_area_construida":null}}},{"type":"Feature","geometry":{"type":"Polygon","coordinates":[[[-46.618813,-23.410744],[-46.618714,-23.410771],[-46.618708,-23.410772],[-46.618706,-23.410756],[-46.618698,-23.410686],[-46.618697,-23.410681],[-46.618673,-23.410477],[-46.618784,-23.410472],[-46.618797,-23.410595],[-46.618799,-23.410608],[-46.618804,-23.410655],[-46.618813,-23.410744]]]},"properties":{"sqlu":"SP-004-142093","inscription":"SP-GEOSAMPA-2142093","inscricaoImobiliaria":"SP-IMO-2142093","setor":"004","quadra":"026","lote":"0031","sourceType":"OFFICIAL_IMPORT","mainAddress":"Setor Fiscal 004","zoneamento":"RESIDENCIAL","statusCadastral":"ATIVO","workflowStatus":"PENDENTE","isOfficial":true,"rawProperties":{"cd_identificador":2142093,"cd_identificador_original_lote":8920532,"cd_setor_fiscal":"004","cd_tipo_quadra":"F","tx_tipo_quadra":"FISCAL","cd_quadra_fiscal":"026","cd_subquadra_fiscal":null,"cd_condominio":"00","cd_tipo_lote":"F","tx_tipo_lote":"FISCAL","cd_lote":"0031","cd_situacao":1,"cd_digito_sql":"2","cd_logradouro":"066427","nm_logradouro_completo":"AV DO ESTADO","cd_numero_porta":"5101","tx_complemento_endereco":null,"tx_situ_lote":"ATIVO","cd_tipo_uso_imovel":"40","dc_tipo_uso_imovel":"Não residencial","cd_tipo_terreno_imovel":3,"qt_area_terreno":372,"qt_area_construida":476}}},{"type":"Feature","geometry":{"type":"Polygon","coordinates":[[[-46.618601,-23.414698],[-46.618549,-23.414715],[-46.618525,-23.414659],[-46.618515,-23.414634],[-46.618429,-23.414435],[-46.618468,-23.414427],[-46.618484,-23.414423],[-46.618512,-23.41449],[-46.618519,-23.414506],[-46.618538,-23.41455],[-46.618563,-23.414609],[-46.618576,-23.414642],[-46.618601,-23.414698]]]},"properties":{"sqlu":"SP-004-142037","inscription":"SP-GEOSAMPA-2142037","inscricaoImobiliaria":"SP-IMO-2142037","setor":"004","quadra":"063","lote":"0044","sourceType":"OFFICIAL_IMPORT","mainAddress":"Setor Fiscal 004","zoneamento":"RESIDENCIAL","statusCadastral":"ATIVO","workflowStatus":"PENDENTE","isOfficial":true,"rawProperties":{"cd_identificador":2142037,"cd_identificador_original_lote":8919436,"cd_setor_fiscal":"004","cd_tipo_quadra":"F","tx_tipo_quadra":"FISCAL","cd_quadra_fiscal":"063","cd_subquadra_fiscal":null,"cd_condominio":"00","cd_tipo_lote":"F","tx_tipo_lote":"FISCAL","cd_lote":"0044","cd_situacao":1,"cd_digito_sql":"5","cd_logradouro":"182087","nm_logradouro_completo":"R SILVEIRA DA MOTA","cd_numero_porta":"350","tx_complemento_endereco":null,"tx_situ_lote":"ATIVO","cd_tipo_uso_imovel":"10","dc_tipo_uso_imovel":"Residencial","cd_tipo_terreno_imovel":1,"qt_area_terreno":165,"qt_area_construida":100}}},{"type":"Feature","geometry":{"type":"Polygon","coordinates":[[[-46.618601,-23.414698],[-46.618576,-23.414642],[-46.618563,-23.414609],[-46.618572,-23.414607],[-46.618596,-23.4146],[-46.618637,-23.414588],[-46.618664,-23.41458],[-46.618677,-23.414576],[-46.618679,-23.414576],[-46.618689,-23.414601],[-46.618734,-23.414586],[-46.618759,-23.414648],[-46.618699,-23.414667],[-46.618601,-23.414698]]]},"properties":{"sqlu":"SP-004-142038","inscription":"SP-GEOSAMPA-2142038","inscricaoImobiliaria":"SP-IMO-2142038","setor":"004","quadra":"063","lote":"0049","sourceType":"OFFICIAL_IMPORT","mainAddress":"Setor Fiscal 004","zoneamento":"RESIDENCIAL","statusCadastral":"ATIVO","workflowStatus":"PENDENTE","isOfficial":true,"rawProperties":{"cd_identificador":2142038,"cd_identificador_original_lote":8919441,"cd_setor_fiscal":"004","cd_tipo_quadra":"F","tx_tipo_quadra":"FISCAL","cd_quadra_fiscal":"063","cd_subquadra_fiscal":null,"cd_condominio":"00","cd_tipo_lote":"F","tx_tipo_lote":"FISCAL","cd_lote":"0049","cd_situacao":1,"cd_digito_sql":"6","cd_logradouro":"008141","nm_logradouro_completo":"R DOS ALPES","cd_numero_porta":"379","tx_complemento_endereco":null,"tx_situ_lote":"ATIVO","cd_tipo_uso_imovel":"40","dc_tipo_uso_imovel":"Não residencial","cd_tipo_terreno_imovel":1,"qt_area_terreno":134,"qt_area_construida":747}}},{"type":"Feature","geometry":{"type":"Polygon","coordinates":[[[-46.622298,-23.414968],[-46.622444,-23.414916],[-46.622455,-23.414949],[-46.622457,-23.414956],[-46.622312,-23.41501],[-46.622298,-23.414968]]]},"properties":{"sqlu":"SP-004-142039","inscription":"SP-GEOSAMPA-2142039","inscricaoImobiliaria":"SP-IMO-2142039","setor":"004","quadra":"060","lote":"0056","sourceType":"OFFICIAL_IMPORT","mainAddress":"Setor Fiscal 004","zoneamento":"RESIDENCIAL","statusCadastral":"ATIVO","workflowStatus":"PENDENTE","isOfficial":true,"rawProperties":{"cd_identificador":2142039,"cd_identificador_original_lote":8919560,"cd_setor_fiscal":"004","cd_tipo_quadra":"F","tx_tipo_quadra":"FISCAL","cd_quadra_fiscal":"060","cd_subquadra_fiscal":null,"cd_condominio":"00","cd_tipo_lote":"F","tx_tipo_lote":"FISCAL","cd_lote":"0056","cd_situacao":1,"cd_digito_sql":"5","cd_logradouro":"114545","nm_logradouro_completo":"R JUSTO AZAMBUJA","cd_numero_porta":"286","tx_complemento_endereco":null,"tx_situ_lote":"ATIVO","cd_tipo_uso_imovel":"10","dc_tipo_uso_imovel":"Residencial","cd_tipo_terreno_imovel":1,"qt_area_terreno":100,"qt_area_construida":132}}},{"type":"Feature","geometry":{"type":"Polygon","coordinates":[[[-46.622298,-23.414968],[-46.622285,-23.414928],[-46.622431,-23.414876],[-46.622444,-23.414916],[-46.622298,-23.414968]]]},"properties":{"sqlu":"SP-004-142040","inscription":"SP-GEOSAMPA-2142040","inscricaoImobiliaria":"SP-IMO-2142040","setor":"004","quadra":"060","lote":"0057","sourceType":"OFFICIAL_IMPORT","mainAddress":"Setor Fiscal 004","zoneamento":"RESIDENCIAL","statusCadastral":"ATIVO","workflowStatus":"PENDENTE","isOfficial":true,"rawProperties":{"cd_identificador":2142040,"cd_identificador_original_lote":8919561,"cd_setor_fiscal":"004","cd_tipo_quadra":"F","tx_tipo_quadra":"FISCAL","cd_quadra_fiscal":"060","cd_subquadra_fiscal":null,"cd_condominio":"00","cd_tipo_lote":"F","tx_tipo_lote":"FISCAL","cd_lote":"0057","cd_situacao":1,"cd_digito_sql":"3","cd_logradouro":"114545","nm_logradouro_completo":"R JUSTO AZAMBUJA","cd_numero_porta":"282","tx_complemento_endereco":null,"tx_situ_lote":"ATIVO","cd_tipo_uso_imovel":"10","dc_tipo_uso_imovel":"Residencial","cd_tipo_terreno_imovel":1,"qt_area_terreno":75,"qt_area_construida":140}}},{"type":"Feature","geometry":{"type":"Polygon","coordinates":[[[-46.614493,-23.40907],[-46.614435,-23.409076],[-46.614417,-23.408917],[-46.614476,-23.408912],[-46.614481,-23.40896],[-46.614493,-23.40907]]]},"properties":{"sqlu":"SP-004-142106","inscription":"SP-GEOSAMPA-2142106","inscricaoImobiliaria":"SP-IMO-2142106","setor":"004","quadra":"009","lote":"0158","sourceType":"OFFICIAL_IMPORT","mainAddress":"Setor Fiscal 004","zoneamento":"RESIDENCIAL","statusCadastral":"ATIVO","workflowStatus":"PENDENTE","isOfficial":true,"rawProperties":{"cd_identificador":2142106,"cd_identificador_original_lote":8919142,"cd_setor_fiscal":"004","cd_tipo_quadra":"F","tx_tipo_quadra":"FISCAL","cd_quadra_fiscal":"009","cd_subquadra_fiscal":null,"cd_condominio":"00","cd_tipo_lote":"F","tx_tipo_lote":"FISCAL","cd_lote":"0158","cd_situacao":1,"cd_digito_sql":"7","cd_logradouro":"091740","nm_logradouro_completo":"R SAN GENNARO","cd_numero_porta":"165","tx_complemento_endereco":null,"tx_situ_lote":"ATIVO","cd_tipo_uso_imovel":"60","dc_tipo_uso_imovel":"Não residencial","cd_tipo_terreno_imovel":2,"qt_area_terreno":106,"qt_area_construida":90}}},{"type":"Feature","geometry":{"type":"Polygon","coordinates":[[[-46.618598,-23.417055],[-46.618559,-23.417073],[-46.618508,-23.417098],[-46.618457,-23.416974],[-46.618528,-23.416951],[-46.618591,-23.417045],[-46.618598,-23.417055]]]},"properties":{"sqlu":"SP-004-142185","inscription":"SP-GEOSAMPA-2142185","inscricaoImobiliaria":"SP-IMO-2142185","setor":"004","quadra":"068","lote":"0027","sourceType":"OFFICIAL_IMPORT","mainAddress":"Setor Fiscal 004","zoneamento":"RESIDENCIAL","statusCadastral":"ATIVO","workflowStatus":"PENDENTE","isOfficial":true,"rawProperties":{"cd_identificador":2142185,"cd_identificador_original_lote":8919388,"cd_setor_fiscal":"004","cd_tipo_quadra":"F","tx_tipo_quadra":"FISCAL","cd_quadra_fiscal":"068","cd_subquadra_fiscal":null,"cd_condominio":"00","cd_tipo_lote":"F","tx_tipo_lote":"FISCAL","cd_lote":"0027","cd_situacao":1,"cd_digito_sql":"8","cd_logradouro":"098310","nm_logradouro_completo":"R BR DE JAGUARA","cd_numero_porta":"1164","tx_complemento_endereco":"A 1176","tx_situ_lote":"ATIVO","cd_tipo_uso_imovel":"42","dc_tipo_uso_imovel":"Não residencial","cd_tipo_terreno_imovel":1,"qt_area_terreno":126,"qt_area_construida":230}}},{"type":"Feature","geometry":{"type":"Polygon","coordinates":[[[-46.620806,-23.41082],[-46.620823,-23.41066],[-46.620824,-23.410654],[-46.620888,-23.410626],[-46.620952,-23.410598],[-46.621103,-23.410532],[-46.621235,-23.410546],[-46.621262,-23.41056],[-46.621205,-23.411003],[-46.621185,-23.411014],[-46.621119,-23.411005],[-46.621033,-23.410994],[-46.620819,-23.410967],[-46.62081,-23.410964],[-46.620803,-23.410962],[-46.6208,-23.41096],[-46.620798,-23.410958],[-46.620795,-23.410953],[-46.620793,-23.410949],[-46.620792,-23.410943],[-46.620794,-23.410929],[-46.620803,-23.410846],[-46.620806,-23.41082]]]},"properties":{"sqlu":"SP-004-142265","inscription":"SP-GEOSAMPA-2142265","inscricaoImobiliaria":"SP-IMO-2142265","setor":"004","quadra":"035","lote":"0000","sourceType":"OFFICIAL_IMPORT","mainAddress":"Setor Fiscal 004","zoneamento":"RESIDENCIAL","statusCadastral":"ATIVO","workflowStatus":"PENDENTE","isOfficial":true,"rawProperties":{"cd_identificador":2142265,"cd_identificador_original_lote":8920205,"cd_setor_fiscal":"004","cd_tipo_quadra":"F","tx_tipo_quadra":"FISCAL","cd_quadra_fiscal":"035","cd_subquadra_fiscal":null,"cd_condominio":"01","cd_tipo_lote":"F","tx_tipo_lote":"FISCAL","cd_lote":"0000","cd_situacao":1,"cd_digito_sql":null,"cd_logradouro":"173711","nm_logradouro_completo":"R DOM ROMUALDO DE SEIXAS","cd_numero_porta":"7","tx_complemento_endereco":null,"tx_situ_lote":null,"cd_tipo_uso_imovel":"XX","dc_tipo_uso_imovel":"Condomínio","cd_tipo_terreno_imovel":99,"qt_area_terreno":1852,"qt_area_construida":null}}},{"type":"Feature","geometry":{"type":"Polygon","coordinates":[[[-46.619882,-23.408805],[-46.620006,-23.408796],[-46.620008,-23.408822],[-46.620009,-23.408829],[-46.620013,-23.408866],[-46.620013,-23.40887],[-46.61989,-23.40888],[-46.619882,-23.408805]]]},"properties":{"sqlu":"SP-004-142302","inscription":"SP-GEOSAMPA-2142302","inscricaoImobiliaria":"SP-IMO-2142302","setor":"004","quadra":"005","lote":"0014","sourceType":"OFFICIAL_IMPORT","mainAddress":"Setor Fiscal 004","zoneamento":"RESIDENCIAL","statusCadastral":"ATIVO","workflowStatus":"PENDENTE","isOfficial":true,"rawProperties":{"cd_identificador":2142302,"cd_identificador_original_lote":8919630,"cd_setor_fiscal":"004","cd_tipo_quadra":"F","tx_tipo_quadra":"FISCAL","cd_quadra_fiscal":"005","cd_subquadra_fiscal":null,"cd_condominio":"00","cd_tipo_lote":"F","tx_tipo_lote":"FISCAL","cd_lote":"0014","cd_situacao":1,"cd_digito_sql":"0","cd_logradouro":"008567","nm_logradouro_completo":"TV ALTA FLORESTA","cd_numero_porta":"11","tx_complemento_endereco":null,"tx_situ_lote":"ATIVO","cd_tipo_uso_imovel":"10","dc_tipo_uso_imovel":"Residencial","cd_tipo_terreno_imovel":1,"qt_area_terreno":117,"qt_area_construida":94}}},{"type":"Feature","geometry":{"type":"Polygon","coordinates":[[[-46.615542,-23.415292],[-46.61562,-23.415451],[-46.615664,-23.41554],[-46.615625,-23.415555],[-46.615604,-23.415563],[-46.615571,-23.415495],[-46.615523,-23.415399],[-46.615482,-23.415315],[-46.615542,-23.415292]]]},"properties":{"sqlu":"SP-004-142289","inscription":"SP-GEOSAMPA-2142289","inscricaoImobiliaria":"SP-IMO-2142289","setor":"004","quadra":"066","lote":"0038","sourceType":"OFFICIAL_IMPORT","mainAddress":"Setor Fiscal 004","zoneamento":"RESIDENCIAL","statusCadastral":"ATIVO","workflowStatus":"PENDENTE","isOfficial":true,"rawProperties":{"cd_identificador":2142289,"cd_identificador_original_lote":8920228,"cd_setor_fiscal":"004","cd_tipo_quadra":"F","tx_tipo_quadra":"FISCAL","cd_quadra_fiscal":"066","cd_subquadra_fiscal":null,"cd_condominio":"00","cd_tipo_lote":"F","tx_tipo_lote":"FISCAL","cd_lote":"0038","cd_situacao":1,"cd_digito_sql":"4","cd_logradouro":"182087","nm_logradouro_completo":"R SILVEIRA DA MOTA","cd_numero_porta":"668","tx_complemento_endereco":"E 672","tx_situ_lote":"ATIVO","cd_tipo_uso_imovel":"12","dc_tipo_uso_imovel":"Residencial","cd_tipo_terreno_imovel":1,"qt_area_terreno":198,"qt_area_construida":197}}},{"type":"Feature","geometry":{"type":"Polygon","coordinates":[[[-46.625154,-23.411711],[-46.625313,-23.411727],[-46.625319,-23.411729],[-46.625326,-23.411732],[-46.625331,-23.411736],[-46.625336,-23.411741],[-46.625339,-23.411747],[-46.625341,-23.411754],[-46.625341,-23.411761],[-46.625333,-23.411938],[-46.625316,-23.412198],[-46.625316,-23.412202],[-46.625314,-23.412209],[-46.625312,-23.412215],[-46.62531,-23.412221],[-46.625307,-23.412228],[-46.625304,-23.412234],[-46.6253,-23.41224],[-46.625296,-23.412245],[-46.625292,-23.412251],[-46.625288,-23.412256],[-46.625283,-23.412261],[-46.625278,-23.412266],[-46.625273,-23.41227],[-46.625267,-23.412275],[-46.625261,-23.412279],[-46.625255,-23.412282],[-46.625249,-23.412286],[-46.625242,-23.412289],[-46.625235,-23.412292],[-46.625095,-23.412326],[-46.625088,-23.412325],[-46.625081,-23.412324],[-46.625074,-23.412321],[-46.625067,-23.412318],[-46.625061,-23.412314],[-46.625056,-23.41231],[-46.625051,-23.412304],[-46.625047,-23.412299],[-46.625044,-23.412292],[-46.625042,-23.412286],[-46.625041,-23.412279],[-46.625041,-23.412275],[-46.625092,-23.411957],[-46.62512,-23.411745],[-46.625121,-23.411738],[-46.625123,-23.411732],[-46.625126,-23.411726],[-46.62513,-23.411721],[-46.625136,-23.411716],[-46.625142,-23.411713],[-46.625149,-23.411711],[-46.625154,-23.411711]]]},"properties":{"sqlu":"SP-004-142276","inscription":"SP-GEOSAMPA-2142276","inscricaoImobiliaria":"SP-IMO-2142276","setor":"004","quadra":"003","lote":"0001","sourceType":"OFFICIAL_IMPORT","mainAddress":"Setor Fiscal 004","zoneamento":"RESIDENCIAL","statusCadastral":"ATIVO","workflowStatus":"PENDENTE","isOfficial":true,"rawProperties":{"cd_identificador":2142276,"cd_identificador_original_lote":8919264,"cd_setor_fiscal":"004","cd_tipo_quadra":"M","tx_tipo_quadra":"MUNICIPAL","cd_quadra_fiscal":"003","cd_subquadra_fiscal":null,"cd_condominio":"00","cd_tipo_lote":"M","tx_tipo_lote":"MUNICIPAL","cd_lote":"0001","cd_situacao":1,"cd_digito_sql":null,"cd_logradouro":null,"nm_logradouro_completo":null,"cd_numero_porta":null,"tx_complemento_endereco":null,"tx_situ_lote":null,"cd_tipo_uso_imovel":null,"dc_tipo_uso_imovel":null,"cd_tipo_terreno_imovel":null,"qt_area_terreno":null,"qt_area_construida":null}}},{"type":"Feature","geometry":{"type":"Polygon","coordinates":[[[-46.617797,-23.40835],[-46.6176,-23.408365],[-46.617597,-23.40833],[-46.617755,-23.408318],[-46.617793,-23.408315],[-46.617794,-23.408321],[-46.617797,-23.40835]]]},"properties":{"sqlu":"SP-004-142367","inscription":"SP-GEOSAMPA-2142367","inscricaoImobiliaria":"SP-IMO-2142367","setor":"004","quadra":"007","lote":"0005","sourceType":"OFFICIAL_IMPORT","mainAddress":"Setor Fiscal 004","zoneamento":"RESIDENCIAL","statusCadastral":"ATIVO","workflowStatus":"PENDENTE","isOfficial":true,"rawProperties":{"cd_identificador":2142367,"cd_identificador_original_lote":8918938,"cd_setor_fiscal":"004","cd_tipo_quadra":"F","tx_tipo_quadra":"FISCAL","cd_quadra_fiscal":"007","cd_subquadra_fiscal":null,"cd_condominio":"00","cd_tipo_lote":"F","tx_tipo_lote":"FISCAL","cd_lote":"0005","cd_situacao":1,"cd_digito_sql":"0","cd_logradouro":"151181","nm_logradouro_completo":"R OSCAR HORTA","cd_numero_porta":"62","tx_complemento_endereco":null,"tx_situ_lote":"ATIVO","cd_tipo_uso_imovel":"14","dc_tipo_uso_imovel":"Residencial","cd_tipo_terreno_imovel":1,"qt_area_terreno":80,"qt_area_construida":170}}},{"type":"Feature","geometry":{"type":"Polygon","coordinates":[[[-46.617797,-23.40835],[-46.6178,-23.408388],[-46.617604,-23.408404],[-46.6176,-23.408365],[-46.617797,-23.40835]]]},"properties":{"sqlu":"SP-004-142366","inscription":"SP-GEOSAMPA-2142366","inscricaoImobiliaria":"SP-IMO-2142366","setor":"004","quadra":"007","lote":"0006","sourceType":"OFFICIAL_IMPORT","mainAddress":"Setor Fiscal 004","zoneamento":"RESIDENCIAL","statusCadastral":"ATIVO","workflowStatus":"PENDENTE","isOfficial":true,"rawProperties":{"cd_identificador":2142366,"cd_identificador_original_lote":8918937,"cd_setor_fiscal":"004","cd_tipo_quadra":"F","tx_tipo_quadra":"FISCAL","cd_quadra_fiscal":"007","cd_subquadra_fiscal":null,"cd_condominio":"00","cd_tipo_lote":"F","tx_tipo_lote":"FISCAL","cd_lote":"0006","cd_situacao":1,"cd_digito_sql":"9","cd_logradouro":"151181","nm_logradouro_completo":"R OSCAR HORTA","cd_numero_porta":"66","tx_complemento_endereco":null,"tx_situ_lote":"ATIVO","cd_tipo_uso_imovel":"60","dc_tipo_uso_imovel":"Não residencial","cd_tipo_terreno_imovel":1,"qt_area_terreno":80,"qt_area_construida":60}}},{"type":"Feature","geometry":{"type":"Polygon","coordinates":[[[-46.625894,-23.410891],[-46.625742,-23.410871],[-46.625512,-23.41084],[-46.625455,-23.41083],[-46.625448,-23.410828],[-46.625409,-23.410799],[-46.625408,-23.410792],[-46.625396,-23.410653],[-46.625438,-23.410336],[-46.625444,-23.41027],[-46.625444,-23.410263],[-46.625446,-23.410192],[-46.625447,-23.41019],[-46.625448,-23.410183],[-46.62548,-23.409943],[-46.625486,-23.409899],[-46.62553,-23.409567],[-46.625537,-23.409569],[-46.625845,-23.409802],[-46.625908,-23.40985],[-46.625879,-23.409888],[-46.625874,-23.409892],[-46.625838,-23.409893],[-46.625841,-23.40998],[-46.625846,-23.409981],[-46.625853,-23.409981],[-46.62586,-23.409984],[-46.625866,-23.409988],[-46.62587,-23.409994],[-46.625872,-23.41],[-46.625917,-23.410084],[-46.625963,-23.410168],[-46.625989,-23.410215],[-46.625992,-23.410219],[-46.625767,-23.410228],[-46.625743,-23.410344],[-46.625709,-23.410507],[-46.625719,-23.410683],[-46.625894,-23.410891]]]},"properties":{"sqlu":"SP-004-142480","inscription":"SP-GEOSAMPA-2142480","inscricaoImobiliaria":"SP-IMO-2142480","setor":"004","quadra":"001","lote":"0003","sourceType":"OFFICIAL_IMPORT","mainAddress":"Setor Fiscal 004","zoneamento":"RESIDENCIAL","statusCadastral":"ATIVO","workflowStatus":"PENDENTE","isOfficial":true,"rawProperties":{"cd_identificador":2142480,"cd_identificador_original_lote":8919759,"cd_setor_fiscal":"004","cd_tipo_quadra":"M","tx_tipo_quadra":"MUNICIPAL","cd_quadra_fiscal":"001","cd_subquadra_fiscal":null,"cd_condominio":"00","cd_tipo_lote":"M","tx_tipo_lote":"MUNICIPAL","cd_lote":"0003","cd_situacao":1,"cd_digito_sql":null,"cd_logradouro":null,"nm_logradouro_completo":null,"cd_numero_porta":null,"tx_complemento_endereco":null,"tx_situ_lote":null,"cd_tipo_uso_imovel":null,"dc_tipo_uso_imovel":null,"cd_tipo_terreno_imovel":null,"qt_area_terreno":null,"qt_area_construida":null}}},{"type":"Feature","geometry":{"type":"Polygon","coordinates":[[[-46.621137,-23.408439],[-46.621216,-23.408449],[-46.621233,-23.408451],[-46.621262,-23.408455],[-46.621269,-23.408474],[-46.621288,-23.408476],[-46.621284,-23.408508],[-46.621282,-23.408522],[-46.621129,-23.408504],[-46.621135,-23.408452],[-46.621137,-23.408439]]]},"properties":{"sqlu":"SP-004-142643","inscription":"SP-GEOSAMPA-2142643","inscricaoImobiliaria":"SP-IMO-2142643","setor":"004","quadra":"013","lote":"0033","sourceType":"OFFICIAL_IMPORT","mainAddress":"Setor Fiscal 004","zoneamento":"RESIDENCIAL","statusCadastral":"ATIVO","workflowStatus":"PENDENTE","isOfficial":true,"rawProperties":{"cd_identificador":2142643,"cd_identificador_original_lote":8919658,"cd_setor_fiscal":"004","cd_tipo_quadra":"F","tx_tipo_quadra":"FISCAL","cd_quadra_fiscal":"013","cd_subquadra_fiscal":null,"cd_condominio":"00","cd_tipo_lote":"F","tx_tipo_lote":"FISCAL","cd_lote":"0033","cd_situacao":1,"cd_digito_sql":"1","cd_logradouro":"122386","nm_logradouro_completo":"R LUIS GAMA","cd_numero_porta":"88","tx_complemento_endereco":null,"tx_situ_lote":"ATIVO","cd_tipo_uso_imovel":"12","dc_tipo_uso_imovel":"Residencial","cd_tipo_terreno_imovel":1,"qt_area_terreno":160,"qt_area_construida":120}}},{"type":"Feature","geometry":{"type":"Polygon","coordinates":[[[-46.618794,-23.407799],[-46.618811,-23.408046],[-46.618772,-23.408047],[-46.618755,-23.407801],[-46.618794,-23.407799]]]},"properties":{"sqlu":"SP-004-142571","inscription":"SP-GEOSAMPA-2142571","inscricaoImobiliaria":"SP-IMO-2142571","setor":"004","quadra":"007","lote":"0095","sourceType":"OFFICIAL_IMPORT","mainAddress":"Setor Fiscal 004","zoneamento":"RESIDENCIAL","statusCadastral":"ATIVO","workflowStatus":"PENDENTE","isOfficial":true,"rawProperties":{"cd_identificador":2142571,"cd_identificador_original_lote":8918497,"cd_setor_fiscal":"004","cd_tipo_quadra":"F","tx_tipo_quadra":"FISCAL","cd_quadra_fiscal":"007","cd_subquadra_fiscal":null,"cd_condominio":"00","cd_tipo_lote":"F","tx_tipo_lote":"FISCAL","cd_lote":"0095","cd_situacao":1,"cd_digito_sql":"6","cd_logradouro":"142131","nm_logradouro_completo":"R DA MOOCA","cd_numero_porta":"520","tx_complemento_endereco":null,"tx_situ_lote":"ATIVO","cd_tipo_uso_imovel":"42","dc_tipo_uso_imovel":"Não residencial","cd_tipo_terreno_imovel":1,"qt_area_terreno":112,"qt_area_construida":100}}},{"type":"Feature","geometry":{"type":"Polygon","coordinates":[[[-46.627261,-23.412635],[-46.627223,-23.41265],[-46.627173,-23.412522],[-46.627211,-23.41251],[-46.627261,-23.412635]]]},"properties":{"sqlu":"SP-004-142589","inscription":"SP-GEOSAMPA-2142589","inscricaoImobiliaria":"SP-IMO-2142589","setor":"004","quadra":"044","lote":"0017","sourceType":"OFFICIAL_IMPORT","mainAddress":"Setor Fiscal 004","zoneamento":"RESIDENCIAL","statusCadastral":"ATIVO","workflowStatus":"PENDENTE","isOfficial":true,"rawProperties":{"cd_identificador":2142589,"cd_identificador_original_lote":8919696,"cd_setor_fiscal":"004","cd_tipo_quadra":"F","tx_tipo_quadra":"FISCAL","cd_quadra_fiscal":"044","cd_subquadra_fiscal":null,"cd_condominio":"00","cd_tipo_lote":"F","tx_tipo_lote":"FISCAL","cd_lote":"0017","cd_situacao":1,"cd_digito_sql":"5","cd_logradouro":"090328","nm_logradouro_completo":"R BR DE IGUAPE","cd_numero_porta":"862","tx_complemento_endereco":"CS 5","tx_situ_lote":"ATIVO","cd_tipo_uso_imovel":"10","dc_tipo_uso_imovel":"Residencial","cd_tipo_terreno_imovel":4,"qt_area_terreno":65,"qt_area_construida":60}}},{"type":"Feature","geometry":{"type":"Polygon","coordinates":[[[-46.626611,-23.412489],[-46.62664,-23.412562],[-46.626787,-23.41294],[-46.626801,-23.412976],[-46.626818,-23.413021],[-46.626752,-23.413047],[-46.626733,-23.412998],[-46.626719,-23.412961],[-46.626546,-23.41251],[-46.626611,-23.412489]]]},"properties":{"sqlu":"SP-004-142607","inscription":"SP-GEOSAMPA-2142607","inscricaoImobiliaria":"SP-IMO-2142607","setor":"004","quadra":"044","lote":"0007","sourceType":"OFFICIAL_IMPORT","mainAddress":"Setor Fiscal 004","zoneamento":"RESIDENCIAL","statusCadastral":"ATIVO","workflowStatus":"PENDENTE","isOfficial":true,"rawProperties":{"cd_identificador":2142607,"cd_identificador_original_lote":8920448,"cd_setor_fiscal":"004","cd_tipo_quadra":"F","tx_tipo_quadra":"FISCAL","cd_quadra_fiscal":"044","cd_subquadra_fiscal":null,"cd_condominio":"00","cd_tipo_lote":"F","tx_tipo_lote":"FISCAL","cd_lote":"0007","cd_situacao":1,"cd_digito_sql":"8","cd_logradouro":"090328","nm_logradouro_completo":"R BR DE IGUAPE","cd_numero_porta":"924","tx_complemento_endereco":null,"tx_situ_lote":"ATIVO","cd_tipo_uso_imovel":"50","dc_tipo_uso_imovel":"Não residencial","cd_tipo_terreno_imovel":1,"qt_area_terreno":420,"qt_area_construida":469}}},{"type":"Feature","geometry":{"type":"Polygon","coordinates":[[[-46.621404,-23.408114],[-46.621401,-23.408068],[-46.621401,-23.408065],[-46.621399,-23.408043],[-46.621398,-23.408023],[-46.621453,-23.408021],[-46.621456,-23.408062],[-46.621466,-23.408203],[-46.62143,-23.408206],[-46.621411,-23.408207],[-46.621408,-23.408166],[-46.621407,-23.408159],[-46.621405,-23.408129],[-46.621404,-23.408114]]]},"properties":{"sqlu":"SP-004-142567","inscription":"SP-GEOSAMPA-2142567","inscricaoImobiliaria":"SP-IMO-2142567","setor":"004","quadra":"004","lote":"0007","sourceType":"OFFICIAL_IMPORT","mainAddress":"Setor Fiscal 004","zoneamento":"RESIDENCIAL","statusCadastral":"ATIVO","workflowStatus":"PENDENTE","isOfficial":true,"rawProperties":{"cd_identificador":2142567,"cd_identificador_original_lote":8920618,"cd_setor_fiscal":"004","cd_tipo_quadra":"F","tx_tipo_quadra":"FISCAL","cd_quadra_fiscal":"004","cd_subquadra_fiscal":null,"cd_condominio":"00","cd_tipo_lote":"F","tx_tipo_lote":"FISCAL","cd_lote":"0007","cd_situacao":1,"cd_digito_sql":"3","cd_logradouro":"158046","nm_logradouro_completo":"R DO LIRISMO","cd_numero_porta":"109","tx_complemento_endereco":null,"tx_situ_lote":"ATIVO","cd_tipo_uso_imovel":"10","dc_tipo_uso_imovel":"Residencial","cd_tipo_terreno_imovel":1,"qt_area_terreno":126,"qt_area_construida":145}}},{"type":"Feature","geometry":{"type":"Polygon","coordinates":[[[-46.621404,-23.408114],[-46.621405,-23.408129],[-46.621407,-23.408159],[-46.621254,-23.408166],[-46.621164,-23.40817],[-46.62117,-23.408125],[-46.621212,-23.408123],[-46.621227,-23.408122],[-46.621372,-23.408116],[-46.621374,-23.408116],[-46.621404,-23.408114]]]},"properties":{"sqlu":"SP-004-142568","inscription":"SP-GEOSAMPA-2142568","inscricaoImobiliaria":"SP-IMO-2142568","setor":"004","quadra":"004","lote":"0005","sourceType":"OFFICIAL_IMPORT","mainAddress":"Setor Fiscal 004","zoneamento":"RESIDENCIAL","statusCadastral":"ATIVO","workflowStatus":"PENDENTE","isOfficial":true,"rawProperties":{"cd_identificador":2142568,"cd_identificador_original_lote":8920620,"cd_setor_fiscal":"004","cd_tipo_quadra":"F","tx_tipo_quadra":"FISCAL","cd_quadra_fiscal":"004","cd_subquadra_fiscal":null,"cd_condominio":"00","cd_tipo_lote":"F","tx_tipo_lote":"FISCAL","cd_lote":"0005","cd_situacao":1,"cd_digito_sql":"7","cd_logradouro":"122386","nm_logradouro_completo":"R LUIS GAMA","cd_numero_porta":"54","tx_complemento_endereco":null,"tx_situ_lote":"ATIVO","cd_tipo_uso_imovel":"10","dc_tipo_uso_imovel":"Residencial","cd_tipo_terreno_imovel":1,"qt_area_terreno":125,"qt_area_construida":225}}},{"type":"Feature","geometry":{"type":"Polygon","coordinates":[[[-46.615271,-23.413919],[-46.615169,-23.413737],[-46.615341,-23.413656],[-46.61539,-23.413633],[-46.615422,-23.413618],[-46.615439,-23.41365],[-46.615482,-23.413735],[-46.615529,-23.413826],[-46.615483,-23.413846],[-46.615445,-23.413862],[-46.615504,-23.413983],[-46.615458,-23.414002],[-46.615392,-23.414028],[-46.615327,-23.413893],[-46.615271,-23.413919]]]},"properties":{"sqlu":"SP-004-142564","inscription":"SP-GEOSAMPA-2142564","inscricaoImobiliaria":"SP-IMO-2142564","setor":"004","quadra":"059","lote":"0125","sourceType":"OFFICIAL_IMPORT","mainAddress":"Setor Fiscal 004","zoneamento":"RESIDENCIAL","statusCadastral":"ATIVO","workflowStatus":"PENDENTE","isOfficial":true,"rawProperties":{"cd_identificador":2142564,"cd_identificador_original_lote":8919679,"cd_setor_fiscal":"004","cd_tipo_quadra":"F","tx_tipo_quadra":"FISCAL","cd_quadra_fiscal":"059","cd_subquadra_fiscal":null,"cd_condominio":"00","cd_tipo_lote":"F","tx_tipo_lote":"FISCAL","cd_lote":"0125","cd_situacao":1,"cd_digito_sql":"9","cd_logradouro":"161713","nm_logradouro_completo":"R DOS PESCADORES","cd_numero_porta":"162","tx_complemento_endereco":"156 E 170","tx_situ_lote":"ATIVO","cd_tipo_uso_imovel":"51","dc_tipo_uso_imovel":"Não residencial","cd_tipo_terreno_imovel":1,"qt_area_terreno":840,"qt_area_construida":1219}}},{"type":"Feature","geometry":{"type":"Polygon","coordinates":[[[-46.617506,-23.413178],[-46.617484,-23.413126],[-46.617544,-23.413111],[-46.617713,-23.413069],[-46.617716,-23.413079],[-46.617717,-23.413082],[-46.617738,-23.413078],[-46.61775,-23.41312],[-46.617506,-23.413178]]]},"properties":{"sqlu":"SP-004-142784","inscription":"SP-GEOSAMPA-2142784","inscricaoImobiliaria":"SP-IMO-2142784","setor":"004","quadra":"050","lote":"0033","sourceType":"OFFICIAL_IMPORT","mainAddress":"Setor Fiscal 004","zoneamento":"RESIDENCIAL","statusCadastral":"ATIVO","workflowStatus":"PENDENTE","isOfficial":true,"rawProperties":{"cd_identificador":2142784,"cd_identificador_original_lote":8920291,"cd_setor_fiscal":"004","cd_tipo_quadra":"F","tx_tipo_quadra":"FISCAL","cd_quadra_fiscal":"050","cd_subquadra_fiscal":null,"cd_condominio":"00","cd_tipo_lote":"F","tx_tipo_lote":"FISCAL","cd_lote":"0033","cd_situacao":1,"cd_digito_sql":"2","cd_logradouro":"163074","nm_logradouro_completo":"R PIQUEROBI","cd_numero_porta":"59","tx_complemento_endereco":null,"tx_situ_lote":"ATIVO","cd_tipo_uso_imovel":"12","dc_tipo_uso_imovel":"Residencial","cd_tipo_terreno_imovel":1,"qt_area_terreno":168,"qt_area_construida":100}}},{"type":"Feature","geometry":{"type":"Polygon","coordinates":[[[-46.620006,-23.408794],[-46.620208,-23.40879],[-46.62021,-23.408827],[-46.620125,-23.408828],[-46.620122,-23.408828],[-46.620023,-23.408829],[-46.620009,-23.408829],[-46.620008,-23.408822],[-46.620006,-23.408796],[-46.620006,-23.408794]]]},"properties":{"sqlu":"SP-004-142739","inscription":"SP-GEOSAMPA-2142739","inscricaoImobiliaria":"SP-IMO-2142739","setor":"004","quadra":"005","lote":"0032","sourceType":"OFFICIAL_IMPORT","mainAddress":"Setor Fiscal 004","zoneamento":"RESIDENCIAL","statusCadastral":"ATIVO","workflowStatus":"PENDENTE","isOfficial":true,"rawProperties":{"cd_identificador":2142739,"cd_identificador_original_lote":8918845,"cd_setor_fiscal":"004","cd_tipo_quadra":"F","tx_tipo_quadra":"FISCAL","cd_quadra_fiscal":"005","cd_subquadra_fiscal":null,"cd_condominio":"00","cd_tipo_lote":"F","tx_tipo_lote":"FISCAL","cd_lote":"0032","cd_situacao":1,"cd_digito_sql":"9","cd_logradouro":"035173","nm_logradouro_completo":"R DOM BOSCO","cd_numero_porta":"71","tx_complemento_endereco":"CS18","tx_situ_lote":"ATIVO","cd_tipo_uso_imovel":"10","dc_tipo_uso_imovel":"Residencial","cd_tipo_terreno_imovel":4,"qt_area_terreno":91,"qt_area_construida":74}}},{"type":"Feature","geometry":{"type":"Polygon","coordinates":[[[-46.61572,-23.415226],[-46.615737,-23.415261],[-46.615762,-23.41531],[-46.615771,-23.415329],[-46.615792,-23.415371],[-46.615811,-23.41541],[-46.615825,-23.415438],[-46.615838,-23.415464],[-46.615842,-23.415473],[-46.61582,-23.415481],[-46.61581,-23.415485],[-46.615782,-23.415496],[-46.615752,-23.415434],[-46.615738,-23.415406],[-46.615662,-23.415248],[-46.61572,-23.415226]]]},"properties":{"sqlu":"SP-004-142797","inscription":"SP-GEOSAMPA-2142797","inscricaoImobiliaria":"SP-IMO-2142797","setor":"004","quadra":"066","lote":"0041","sourceType":"OFFICIAL_IMPORT","mainAddress":"Setor Fiscal 004","zoneamento":"RESIDENCIAL","statusCadastral":"ATIVO","workflowStatus":"PENDENTE","isOfficial":true,"rawProperties":{"cd_identificador":2142797,"cd_identificador_original_lote":8920230,"cd_setor_fiscal":"004","cd_tipo_quadra":"F","tx_tipo_quadra":"FISCAL","cd_quadra_fiscal":"066","cd_subquadra_fiscal":null,"cd_condominio":"00","cd_tipo_lote":"F","tx_tipo_lote":"FISCAL","cd_lote":"0041","cd_situacao":1,"cd_digito_sql":"4","cd_logradouro":"182087","nm_logradouro_completo":"R SILVEIRA DA MOTA","cd_numero_porta":"648","tx_complemento_endereco":"E 654","tx_situ_lote":"ATIVO","cd_tipo_uso_imovel":"14","dc_tipo_uso_imovel":"Residencial","cd_tipo_terreno_imovel":1,"qt_area_terreno":203,"qt_area_construida":197}}},{"type":"Feature","geometry":{"type":"Polygon","coordinates":[[[-46.616663,-23.410036],[-46.616676,-23.410184],[-46.616638,-23.410186],[-46.616631,-23.410111],[-46.616628,-23.410081],[-46.616624,-23.410037],[-46.616661,-23.410036],[-46.616663,-23.410036]]]},"properties":{"sqlu":"SP-004-142851","inscription":"SP-GEOSAMPA-2142851","inscricaoImobiliaria":"SP-IMO-2142851","setor":"004","quadra":"017","lote":"0072","sourceType":"OFFICIAL_IMPORT","mainAddress":"Setor Fiscal 004","zoneamento":"RESIDENCIAL","statusCadastral":"ATIVO","workflowStatus":"PENDENTE","isOfficial":true,"rawProperties":{"cd_identificador":2142851,"cd_identificador_original_lote":8919351,"cd_setor_fiscal":"004","cd_tipo_quadra":"F","tx_tipo_quadra":"FISCAL","cd_quadra_fiscal":"017","cd_subquadra_fiscal":null,"cd_condominio":"00","cd_tipo_lote":"F","tx_tipo_lote":"FISCAL","cd_lote":"0072","cd_situacao":1,"cd_digito_sql":"0","cd_logradouro":"148806","nm_logradouro_completo":"R ODORICO MENDES","cd_numero_porta":"365","tx_complemento_endereco":"CS 2","tx_situ_lote":"ATIVO","cd_tipo_uso_imovel":"10","dc_tipo_uso_imovel":"Residencial","cd_tipo_terreno_imovel":4,"qt_area_terreno":64,"qt_area_construida":89}}},{"type":"Feature","geometry":{"type":"Polygon","coordinates":[[[-46.617808,-23.408467],[-46.617978,-23.408456],[-46.617984,-23.408558],[-46.617621,-23.408576],[-46.617611,-23.40848],[-46.617779,-23.408469],[-46.617808,-23.408467]]]},"properties":{"sqlu":"SP-004-143082","inscription":"SP-GEOSAMPA-2143082","inscricaoImobiliaria":"SP-IMO-2143082","setor":"004","quadra":"007","lote":"0114","sourceType":"OFFICIAL_IMPORT","mainAddress":"Setor Fiscal 004","zoneamento":"RESIDENCIAL","statusCadastral":"ATIVO","workflowStatus":"PENDENTE","isOfficial":true,"rawProperties":{"cd_identificador":2143082,"cd_identificador_original_lote":8918934,"cd_setor_fiscal":"004","cd_tipo_quadra":"F","tx_tipo_quadra":"FISCAL","cd_quadra_fiscal":"007","cd_subquadra_fiscal":null,"cd_condominio":"00","cd_tipo_lote":"F","tx_tipo_lote":"FISCAL","cd_lote":"0114","cd_situacao":1,"cd_digito_sql":"6","cd_logradouro":"151181","nm_logradouro_completo":"R OSCAR HORTA","cd_numero_porta":"76","tx_complemento_endereco":"80","tx_situ_lote":"ATIVO","cd_tipo_uso_imovel":"50","dc_tipo_uso_imovel":"Não residencial","cd_tipo_terreno_imovel":1,"qt_area_terreno":415,"qt_area_construida":539}}},{"type":"Feature","geometry":{"type":"Polygon","coordinates":[[[-46.617161,-23.41668],[-46.617176,-23.41671],[-46.617057,-23.416759],[-46.617047,-23.416739],[-46.617041,-23.416727],[-46.617091,-23.416707],[-46.617161,-23.41668]]]},"properties":{"sqlu":"SP-004-143032","inscription":"SP-GEOSAMPA-2143032","inscricaoImobiliaria":"SP-IMO-2143032","setor":"004","quadra":"072","lote":"0037","sourceType":"OFFICIAL_IMPORT","mainAddress":"Setor Fiscal 004","zoneamento":"RESIDENCIAL","statusCadastral":"ATIVO","workflowStatus":"PENDENTE","isOfficial":true,"rawProperties":{"cd_identificador":2143032,"cd_identificador_original_lote":8920459,"cd_setor_fiscal":"004","cd_tipo_quadra":"F","tx_tipo_quadra":"FISCAL","cd_quadra_fiscal":"072","cd_subquadra_fiscal":null,"cd_condominio":"00","cd_tipo_lote":"F","tx_tipo_lote":"FISCAL","cd_lote":"0037","cd_situacao":1,"cd_digito_sql":"1","cd_logradouro":"184845","nm_logradouro_completo":"R ESTEFANO","cd_numero_porta":"215","tx_complemento_endereco":null,"tx_situ_lote":"ATIVO","cd_tipo_uso_imovel":"10","dc_tipo_uso_imovel":"Residencial","cd_tipo_terreno_imovel":1,"qt_area_terreno":59,"qt_area_construida":100}}},{"type":"Feature","geometry":{"type":"Polygon","coordinates":[[[-46.627486,-23.412282],[-46.627507,-23.412326],[-46.627361,-23.412382],[-46.627337,-23.412392],[-46.627318,-23.412348],[-46.627486,-23.412282]]]},"properties":{"sqlu":"SP-004-143018","inscription":"SP-GEOSAMPA-2143018","inscricaoImobiliaria":"SP-IMO-2143018","setor":"004","quadra":"044","lote":"0026","sourceType":"OFFICIAL_IMPORT","mainAddress":"Setor Fiscal 004","zoneamento":"RESIDENCIAL","statusCadastral":"ATIVO","workflowStatus":"PENDENTE","isOfficial":true,"rawProperties":{"cd_identificador":2143018,"cd_identificador_original_lote":8919689,"cd_setor_fiscal":"004","cd_tipo_quadra":"F","tx_tipo_quadra":"FISCAL","cd_quadra_fiscal":"044","cd_subquadra_fiscal":null,"cd_condominio":"00","cd_tipo_lote":"F","tx_tipo_lote":"FISCAL","cd_lote":"0026","cd_situacao":1,"cd_digito_sql":"4","cd_logradouro":"187771","nm_logradouro_completo":"R TEIXEIRA LEITE","cd_numero_porta":"337","tx_complemento_endereco":null,"tx_situ_lote":"ATIVO","cd_tipo_uso_imovel":"10","dc_tipo_uso_imovel":"Residencial","cd_tipo_terreno_imovel":1,"qt_area_terreno":88,"qt_area_construida":131}}},{"type":"Feature","geometry":{"type":"Polygon","coordinates":[[[-46.621453,-23.408021],[-46.621398,-23.408023],[-46.621384,-23.408024],[-46.621364,-23.408025],[-46.62124,-23.40803],[-46.621223,-23.408031],[-46.621183,-23.408032],[-46.621189,-23.407987],[-46.621278,-23.407983],[-46.621449,-23.407977],[-46.621451,-23.408003],[-46.621453,-23.408021]]]},"properties":{"sqlu":"SP-004-143047","inscription":"SP-GEOSAMPA-2143047","inscricaoImobiliaria":"SP-IMO-2143047","setor":"004","quadra":"004","lote":"0002","sourceType":"OFFICIAL_IMPORT","mainAddress":"Setor Fiscal 004","zoneamento":"RESIDENCIAL","statusCadastral":"ATIVO","workflowStatus":"PENDENTE","isOfficial":true,"rawProperties":{"cd_identificador":2143047,"cd_identificador_original_lote":8920623,"cd_setor_fiscal":"004","cd_tipo_quadra":"F","tx_tipo_quadra":"FISCAL","cd_quadra_fiscal":"004","cd_subquadra_fiscal":null,"cd_condominio":"00","cd_tipo_lote":"F","tx_tipo_lote":"FISCAL","cd_lote":"0002","cd_situacao":1,"cd_digito_sql":"2","cd_logradouro":"122386","nm_logradouro_completo":"R LUIS GAMA","cd_numero_porta":"36","tx_complemento_endereco":null,"tx_situ_lote":"ATIVO","cd_tipo_uso_imovel":"10","dc_tipo_uso_imovel":"Residencial","cd_tipo_terreno_imovel":1,"qt_area_terreno":153,"qt_area_construida":225}}},{"type":"Feature","geometry":{"type":"Polygon","coordinates":[[[-46.615662,-23.410283],[-46.615663,-23.410286],[-46.615695,-23.410434],[-46.615626,-23.410436],[-46.615604,-23.410325],[-46.615599,-23.410297],[-46.615591,-23.41026],[-46.615573,-23.410165],[-46.615637,-23.410165],[-46.615641,-23.410183],[-46.615648,-23.410217],[-46.615655,-23.410251],[-46.615662,-23.410283]]]},"properties":{"sqlu":"SP-004-143008","inscription":"SP-GEOSAMPA-2143008","inscricaoImobiliaria":"SP-IMO-2143008","setor":"004","quadra":"018","lote":"0015","sourceType":"OFFICIAL_IMPORT","mainAddress":"Setor Fiscal 004","zoneamento":"RESIDENCIAL","statusCadastral":"ATIVO","workflowStatus":"PENDENTE","isOfficial":true,"rawProperties":{"cd_identificador":2143008,"cd_identificador_original_lote":8920539,"cd_setor_fiscal":"004","cd_tipo_quadra":"F","tx_tipo_quadra":"FISCAL","cd_quadra_fiscal":"018","cd_subquadra_fiscal":null,"cd_condominio":"00","cd_tipo_lote":"F","tx_tipo_lote":"FISCAL","cd_lote":"0015","cd_situacao":1,"cd_digito_sql":"6","cd_logradouro":"148806","nm_logradouro_completo":"R ODORICO MENDES","cd_numero_porta":"471","tx_complemento_endereco":null,"tx_situ_lote":"ATIVO","cd_tipo_uso_imovel":"51","dc_tipo_uso_imovel":"Não residencial","cd_tipo_terreno_imovel":1,"qt_area_terreno":211,"qt_area_construida":90}}},{"type":"Feature","geometry":{"type":"Polygon","coordinates":[[[-46.623047,-23.407915],[-46.623068,-23.407913],[-46.623115,-23.40791],[-46.623119,-23.407909],[-46.623121,-23.40791],[-46.623139,-23.407918],[-46.623159,-23.407926],[-46.623323,-23.407999],[-46.623412,-23.408038],[-46.623385,-23.408071],[-46.623191,-23.40798],[-46.623124,-23.407949],[-46.623106,-23.407941],[-46.623047,-23.407915]]]},"properties":{"sqlu":"SP-004-143101","inscription":"SP-GEOSAMPA-2143101","inscricaoImobiliaria":"SP-IMO-2143101","setor":"004","quadra":"003","lote":"0003","sourceType":"OFFICIAL_IMPORT","mainAddress":"Setor Fiscal 004","zoneamento":"RESIDENCIAL","statusCadastral":"ATIVO","workflowStatus":"PENDENTE","isOfficial":true,"rawProperties":{"cd_identificador":2143101,"cd_identificador_original_lote":8918628,"cd_setor_fiscal":"004","cd_tipo_quadra":"F","tx_tipo_quadra":"FISCAL","cd_quadra_fiscal":"003","cd_subquadra_fiscal":null,"cd_condominio":"00","cd_tipo_lote":"F","tx_tipo_lote":"FISCAL","cd_lote":"0003","cd_situacao":1,"cd_digito_sql":"6","cd_logradouro":"066427","nm_logradouro_completo":"AV DO ESTADO","cd_numero_porta":"4531","tx_complemento_endereco":null,"tx_situ_lote":"ATIVO","cd_tipo_uso_imovel":"42","dc_tipo_uso_imovel":"Não residencial","cd_tipo_terreno_imovel":1,"qt_area_terreno":175,"qt_area_construida":140}}},{"type":"Feature","geometry":{"type":"Polygon","coordinates":[[[-46.62264,-23.414573],[-46.622671,-23.414647],[-46.622741,-23.414809],[-46.622745,-23.414816],[-46.622782,-23.414902],[-46.622651,-23.414948],[-46.622618,-23.414861],[-46.622525,-23.414613],[-46.62264,-23.414573]]]},"properties":{"sqlu":"SP-004-143072","inscription":"SP-GEOSAMPA-2143072","inscricaoImobiliaria":"SP-IMO-2143072","setor":"004","quadra":"060","lote":"0069","sourceType":"OFFICIAL_IMPORT","mainAddress":"Setor Fiscal 004","zoneamento":"RESIDENCIAL","statusCadastral":"ATIVO","workflowStatus":"PENDENTE","isOfficial":true,"rawProperties":{"cd_identificador":2143072,"cd_identificador_original_lote":8919265,"cd_setor_fiscal":"004","cd_tipo_quadra":"F","tx_tipo_quadra":"FISCAL","cd_quadra_fiscal":"060","cd_subquadra_fiscal":null,"cd_condominio":"00","cd_tipo_lote":"F","tx_tipo_lote":"FISCAL","cd_lote":"0069","cd_situacao":1,"cd_digito_sql":"7","cd_logradouro":"048291","nm_logradouro_completo":"R CESARIO RAMALHO","cd_numero_porta":"158","tx_complemento_endereco":null,"tx_situ_lote":"ATIVO","cd_tipo_uso_imovel":"50","dc_tipo_uso_imovel":"Não residencial","cd_tipo_terreno_imovel":1,"qt_area_terreno":585,"qt_area_construida":548}}},{"type":"Feature","geometry":{"type":"Polygon","coordinates":[[[-46.62264,-23.414573],[-46.622662,-23.414565],[-46.622714,-23.414547],[-46.622818,-23.414788],[-46.622856,-23.414876],[-46.622804,-23.414894],[-46.622782,-23.414902],[-46.622745,-23.414816],[-46.622741,-23.414809],[-46.622671,-23.414647],[-46.62264,-23.414573]]]},"properties":{"sqlu":"SP-004-143073","inscription":"SP-GEOSAMPA-2143073","inscricaoImobiliaria":"SP-IMO-2143073","setor":"004","quadra":"060","lote":"0070","sourceType":"OFFICIAL_IMPORT","mainAddress":"Setor Fiscal 004","zoneamento":"RESIDENCIAL","statusCadastral":"ATIVO","workflowStatus":"PENDENTE","isOfficial":true,"rawProperties":{"cd_identificador":2143073,"cd_identificador_original_lote":8919266,"cd_setor_fiscal":"004","cd_tipo_quadra":"F","tx_tipo_quadra":"FISCAL","cd_quadra_fiscal":"060","cd_subquadra_fiscal":null,"cd_condominio":"00","cd_tipo_lote":"F","tx_tipo_lote":"FISCAL","cd_lote":"0070","cd_situacao":1,"cd_digito_sql":"0","cd_logradouro":"048291","nm_logradouro_completo":"R CESARIO RAMALHO","cd_numero_porta":"140","tx_complemento_endereco":null,"tx_situ_lote":"ATIVO","cd_tipo_uso_imovel":"51","dc_tipo_uso_imovel":"Não residencial","cd_tipo_terreno_imovel":1,"qt_area_terreno":280,"qt_area_construida":294}}},{"type":"Feature","geometry":{"type":"Polygon","coordinates":[[[-46.623047,-23.407915],[-46.623019,-23.407917],[-46.623006,-23.407812],[-46.622996,-23.407735],[-46.623035,-23.407734],[-46.623044,-23.407733],[-46.623055,-23.407814],[-46.623068,-23.407913],[-46.623047,-23.407915]]]},"properties":{"sqlu":"SP-004-143102","inscription":"SP-GEOSAMPA-2143102","inscricaoImobiliaria":"SP-IMO-2143102","setor":"004","quadra":"003","lote":"0028","sourceType":"OFFICIAL_IMPORT","mainAddress":"Setor Fiscal 004","zoneamento":"RESIDENCIAL","statusCadastral":"ATIVO","workflowStatus":"PENDENTE","isOfficial":true,"rawProperties":{"cd_identificador":2143102,"cd_identificador_original_lote":8918525,"cd_setor_fiscal":"004","cd_tipo_quadra":"F","tx_tipo_quadra":"FISCAL","cd_quadra_fiscal":"003","cd_subquadra_fiscal":null,"cd_condominio":"00","cd_tipo_lote":"F","tx_tipo_lote":"FISCAL","cd_lote":"0028","cd_situacao":1,"cd_digito_sql":"1","cd_logradouro":"142131","nm_logradouro_completo":"R DA MOOCA","cd_numero_porta":"90","tx_complemento_endereco":null,"tx_situ_lote":"ATIVO","cd_tipo_uso_imovel":"50","dc_tipo_uso_imovel":"Não residencial","cd_tipo_terreno_imovel":1,"qt_area_terreno":110,"qt_area_construida":110}}},{"type":"Feature","geometry":{"type":"Polygon","coordinates":[[[-46.620073,-23.40795],[-46.620076,-23.407986],[-46.620079,-23.40802],[-46.620056,-23.408022],[-46.620028,-23.408024],[-46.619937,-23.40803],[-46.619932,-23.407959],[-46.620073,-23.40795]]]},"properties":{"sqlu":"SP-004-143276","inscription":"SP-GEOSAMPA-2143276","inscricaoImobiliaria":"SP-IMO-2143276","setor":"004","quadra":"005","lote":"0001","sourceType":"OFFICIAL_IMPORT","mainAddress":"Setor Fiscal 004","zoneamento":"RESIDENCIAL","statusCadastral":"ATIVO","workflowStatus":"PENDENTE","isOfficial":true,"rawProperties":{"cd_identificador":2143276,"cd_identificador_original_lote":8919641,"cd_setor_fiscal":"004","cd_tipo_quadra":"F","tx_tipo_quadra":"FISCAL","cd_quadra_fiscal":"005","cd_subquadra_fiscal":null,"cd_condominio":"00","cd_tipo_lote":"F","tx_tipo_lote":"FISCAL","cd_lote":"0001","cd_situacao":1,"cd_digito_sql":"9","cd_logradouro":"008567","nm_logradouro_completo":"TV ALTA FLORESTA","cd_numero_porta":"37","tx_complemento_endereco":null,"tx_situ_lote":"ATIVO","cd_tipo_uso_imovel":"10","dc_tipo_uso_imovel":"Residencial","cd_tipo_terreno_imovel":1,"qt_area_terreno":114,"qt_area_construida":198}}},{"type":"Feature","geometry":{"type":"Polygon","coordinates":[[[-46.61547,-23.414773],[-46.615491,-23.414822],[-46.615599,-23.415071],[-46.615615,-23.415108],[-46.615572,-23.415125],[-46.615535,-23.415139],[-46.615441,-23.415175],[-46.615408,-23.415102],[-46.615393,-23.415067],[-46.615372,-23.415021],[-46.615325,-23.414914],[-46.615292,-23.41484],[-46.615358,-23.414815],[-46.615384,-23.414805],[-46.61547,-23.414773]]]},"properties":{"sqlu":"SP-004-143362","inscription":"SP-GEOSAMPA-2143362","inscricaoImobiliaria":"SP-IMO-2143362","setor":"004","quadra":"064","lote":"0024","sourceType":"OFFICIAL_IMPORT","mainAddress":"Setor Fiscal 004","zoneamento":"RESIDENCIAL","statusCadastral":"ATIVO","workflowStatus":"PENDENTE","isOfficial":true,"rawProperties":{"cd_identificador":2143362,"cd_identificador_original_lote":8919407,"cd_setor_fiscal":"004","cd_tipo_quadra":"F","tx_tipo_quadra":"FISCAL","cd_quadra_fiscal":"064","cd_subquadra_fiscal":null,"cd_condominio":"00","cd_tipo_lote":"F","tx_tipo_lote":"FISCAL","cd_lote":"0024","cd_situacao":1,"cd_digito_sql":"5","cd_logradouro":"182087","nm_logradouro_completo":"R SILVEIRA DA MOTA","cd_numero_porta":"655","tx_complemento_endereco":"E 669","tx_situ_lote":"ATIVO","cd_tipo_uso_imovel":"60","dc_tipo_uso_imovel":"Não residencial","cd_tipo_terreno_imovel":1,"qt_area_terreno":780,"qt_area_construida":757}}},{"type":"Feature","geometry":{"type":"Polygon","coordinates":[[[-46.618618,-23.407809],[-46.618634,-23.408052],[-46.618635,-23.408067],[-46.618574,-23.40807],[-46.618573,-23.40806],[-46.618571,-23.408037],[-46.618566,-23.407952],[-46.618557,-23.407813],[-46.618574,-23.407812],[-46.618618,-23.407809]]]},"properties":{"sqlu":"SP-004-143502","inscription":"SP-GEOSAMPA-2143502","inscricaoImobiliaria":"SP-IMO-2143502","setor":"004","quadra":"007","lote":"0067","sourceType":"OFFICIAL_IMPORT","mainAddress":"Setor Fiscal 004","zoneamento":"RESIDENCIAL","statusCadastral":"ATIVO","workflowStatus":"PENDENTE","isOfficial":true,"rawProperties":{"cd_identificador":2143502,"cd_identificador_original_lote":8919065,"cd_setor_fiscal":"004","cd_tipo_quadra":"F","tx_tipo_quadra":"FISCAL","cd_quadra_fiscal":"007","cd_subquadra_fiscal":null,"cd_condominio":"00","cd_tipo_lote":"F","tx_tipo_lote":"FISCAL","cd_lote":"0067","cd_situacao":1,"cd_digito_sql":"0","cd_logradouro":"142131","nm_logradouro_completo":"R DA MOOCA","cd_numero_porta":"540","tx_complemento_endereco":"E 542","tx_situ_lote":"ATIVO","cd_tipo_uso_imovel":"42","dc_tipo_uso_imovel":"Não residencial","cd_tipo_terreno_imovel":1,"qt_area_terreno":210,"qt_area_construida":245}}},{"type":"Feature","geometry":{"type":"Polygon","coordinates":[[[-46.621082,-23.413905],[-46.621125,-23.413899],[-46.621181,-23.414262],[-46.621138,-23.414268],[-46.621082,-23.413905]]]},"properties":{"sqlu":"SP-004-869575","inscription":"SP-GEOSAMPA-6869575","inscricaoImobiliaria":"SP-IMO-6869575","setor":"004","quadra":"061","lote":"0768","sourceType":"OFFICIAL_IMPORT","mainAddress":"Setor Fiscal 004","zoneamento":"RESIDENCIAL","statusCadastral":"ATIVO","workflowStatus":"PENDENTE","isOfficial":true,"rawProperties":{"cd_identificador":6869575,"cd_identificador_original_lote":10721644,"cd_setor_fiscal":"004","cd_tipo_quadra":"F","tx_tipo_quadra":"FISCAL","cd_quadra_fiscal":"061","cd_subquadra_fiscal":null,"cd_condominio":"00","cd_tipo_lote":"F","tx_tipo_lote":"FISCAL","cd_lote":"0768","cd_situacao":1,"cd_digito_sql":"8","cd_logradouro":"182087","nm_logradouro_completo":"R SILVEIRA DA MOTA","cd_numero_porta":"78","tx_complemento_endereco":null,"tx_situ_lote":"ATIVO","cd_tipo_uso_imovel":"00","dc_tipo_uso_imovel":"Terreno","cd_tipo_terreno_imovel":1,"qt_area_terreno":240,"qt_area_construida":0}}},{"type":"Feature","geometry":{"type":"Polygon","coordinates":[[[-46.621041,-23.41391],[-46.621082,-23.413905],[-46.621138,-23.414268],[-46.621098,-23.414273],[-46.621041,-23.41391]]]},"properties":{"sqlu":"SP-004-869579","inscription":"SP-GEOSAMPA-6869579","inscricaoImobiliaria":"SP-IMO-6869579","setor":"004","quadra":"061","lote":"0767","sourceType":"OFFICIAL_IMPORT","mainAddress":"Setor Fiscal 004","zoneamento":"RESIDENCIAL","statusCadastral":"ATIVO","workflowStatus":"PENDENTE","isOfficial":true,"rawProperties":{"cd_identificador":6869579,"cd_identificador_original_lote":10721643,"cd_setor_fiscal":"004","cd_tipo_quadra":"F","tx_tipo_quadra":"FISCAL","cd_quadra_fiscal":"061","cd_subquadra_fiscal":null,"cd_condominio":"00","cd_tipo_lote":"F","tx_tipo_lote":"FISCAL","cd_lote":"0767","cd_situacao":1,"cd_digito_sql":"1","cd_logradouro":"182087","nm_logradouro_completo":"R SILVEIRA DA MOTA","cd_numero_porta":"78","tx_complemento_endereco":null,"tx_situ_lote":"ATIVO","cd_tipo_uso_imovel":"00","dc_tipo_uso_imovel":"Terreno","cd_tipo_terreno_imovel":1,"qt_area_terreno":220,"qt_area_construida":0}}},{"type":"Feature","geometry":{"type":"Polygon","coordinates":[[[-46.618508,-23.417098],[-46.618559,-23.417073],[-46.618598,-23.417055],[-46.618648,-23.41713],[-46.618658,-23.417145],[-46.618707,-23.417219],[-46.618606,-23.417273],[-46.618576,-23.417264],[-46.618551,-23.417203],[-46.618508,-23.417098]]]},"properties":{"sqlu":"SP-004-143384","inscription":"SP-GEOSAMPA-2143384","inscricaoImobiliaria":"SP-IMO-2143384","setor":"004","quadra":"068","lote":"0026","sourceType":"OFFICIAL_IMPORT","mainAddress":"Setor Fiscal 004","zoneamento":"RESIDENCIAL","statusCadastral":"ATIVO","workflowStatus":"PENDENTE","isOfficial":true,"rawProperties":{"cd_identificador":2143384,"cd_identificador_original_lote":8919442,"cd_setor_fiscal":"004","cd_tipo_quadra":"F","tx_tipo_quadra":"FISCAL","cd_quadra_fiscal":"068","cd_subquadra_fiscal":null,"cd_condominio":"00","cd_tipo_lote":"F","tx_tipo_lote":"FISCAL","cd_lote":"0026","cd_situacao":1,"cd_digito_sql":"1","cd_logradouro":"051012","nm_logradouro_completo":"R CLIMACO BARBOSA","cd_numero_porta":"13","tx_complemento_endereco":"17 E 21","tx_situ_lote":"ATIVO","cd_tipo_uso_imovel":"42","dc_tipo_uso_imovel":"Não residencial","cd_tipo_terreno_imovel":2,"qt_area_terreno":273,"qt_area_construida":580}}},{"type":"Feature","geometry":{"type":"Polygon","coordinates":[[[-46.61752,-23.414688],[-46.617674,-23.414653],[-46.617685,-23.41465],[-46.61771,-23.414645],[-46.617726,-23.414683],[-46.617702,-23.414689],[-46.617652,-23.414701],[-46.617577,-23.414719],[-46.617537,-23.414729],[-46.617531,-23.414715],[-46.61752,-23.414688]]]},"properties":{"sqlu":"SP-004-143429","inscription":"SP-GEOSAMPA-2143429","inscricaoImobiliaria":"SP-IMO-2143429","setor":"004","quadra":"063","lote":"0028","sourceType":"OFFICIAL_IMPORT","mainAddress":"Setor Fiscal 004","zoneamento":"RESIDENCIAL","statusCadastral":"ATIVO","workflowStatus":"PENDENTE","isOfficial":true,"rawProperties":{"cd_identificador":2143429,"cd_identificador_original_lote":8919169,"cd_setor_fiscal":"004","cd_tipo_quadra":"F","tx_tipo_quadra":"FISCAL","cd_quadra_fiscal":"063","cd_subquadra_fiscal":null,"cd_condominio":"00","cd_tipo_lote":"F","tx_tipo_lote":"FISCAL","cd_lote":"0028","cd_situacao":1,"cd_digito_sql":"3","cd_logradouro":"098310","nm_logradouro_completo":"R BR DE JAGUARA","cd_numero_porta":"896","tx_complemento_endereco":null,"tx_situ_lote":"ATIVO","cd_tipo_uso_imovel":"10","dc_tipo_uso_imovel":"Residencial","cd_tipo_terreno_imovel":1,"qt_area_terreno":100,"qt_area_construida":104}}},{"type":"Feature","geometry":{"type":"Polygon","coordinates":[[[-46.61704,-23.40825],[-46.616974,-23.408254],[-46.616932,-23.408257],[-46.616906,-23.407903],[-46.617013,-23.407894],[-46.617037,-23.40821],[-46.61704,-23.40825]]]},"properties":{"sqlu":"SP-004-143430","inscription":"SP-GEOSAMPA-2143430","inscricaoImobiliaria":"SP-IMO-2143430","setor":"004","quadra":"008","lote":"0102","sourceType":"OFFICIAL_IMPORT","mainAddress":"Setor Fiscal 004","zoneamento":"RESIDENCIAL","statusCadastral":"ATIVO","workflowStatus":"PENDENTE","isOfficial":true,"rawProperties":{"cd_identificador":2143430,"cd_identificador_original_lote":8920384,"cd_setor_fiscal":"004","cd_tipo_quadra":"F","tx_tipo_quadra":"FISCAL","cd_quadra_fiscal":"008","cd_subquadra_fiscal":null,"cd_condominio":"00","cd_tipo_lote":"F","tx_tipo_lote":"FISCAL","cd_lote":"0102","cd_situacao":1,"cd_digito_sql":"7","cd_logradouro":"142131","nm_logradouro_completo":"R DA MOOCA","cd_numero_porta":"702","tx_complemento_endereco":"E 712","tx_situ_lote":"ATIVO","cd_tipo_uso_imovel":"40","dc_tipo_uso_imovel":"Não residencial","cd_tipo_terreno_imovel":1,"qt_area_terreno":444,"qt_area_construida":888}}},{"type":"Feature","geometry":{"type":"Polygon","coordinates":[[[-46.621001,-23.413916],[-46.621057,-23.414279],[-46.621016,-23.414284],[-46.62096,-23.413921],[-46.621001,-23.413916]]]},"properties":{"sqlu":"SP-004-869585","inscription":"SP-GEOSAMPA-6869585","inscricaoImobiliaria":"SP-IMO-6869585","setor":"004","quadra":"061","lote":"0765","sourceType":"OFFICIAL_IMPORT","mainAddress":"Setor Fiscal 004","zoneamento":"RESIDENCIAL","statusCadastral":"ATIVO","workflowStatus":"PENDENTE","isOfficial":true,"rawProperties":{"cd_identificador":6869585,"cd_identificador_original_lote":10721641,"cd_setor_fiscal":"004","cd_tipo_quadra":"F","tx_tipo_quadra":"FISCAL","cd_quadra_fiscal":"061","cd_subquadra_fiscal":null,"cd_condominio":"00","cd_tipo_lote":"F","tx_tipo_lote":"FISCAL","cd_lote":"0765","cd_situacao":1,"cd_digito_sql":"3","cd_logradouro":"182087","nm_logradouro_completo":"R SILVEIRA DA MOTA","cd_numero_porta":"78","tx_complemento_endereco":null,"tx_situ_lote":"ATIVO","cd_tipo_uso_imovel":"40","dc_tipo_uso_imovel":"Não residencial","cd_tipo_terreno_imovel":1,"qt_area_terreno":180,"qt_area_construida":180}}},{"type":"Feature","geometry":{"type":"Polygon","coordinates":[[[-46.621001,-23.413916],[-46.621016,-23.413914],[-46.621041,-23.41391],[-46.621098,-23.414273],[-46.621057,-23.414279],[-46.621001,-23.413916]]]},"properties":{"sqlu":"SP-004-869586","inscription":"SP-GEOSAMPA-6869586","inscricaoImobiliaria":"SP-IMO-6869586","setor":"004","quadra":"061","lote":"0766","sourceType":"OFFICIAL_IMPORT","mainAddress":"Setor Fiscal 004","zoneamento":"RESIDENCIAL","statusCadastral":"ATIVO","workflowStatus":"PENDENTE","isOfficial":true,"rawProperties":{"cd_identificador":6869586,"cd_identificador_original_lote":10721642,"cd_setor_fiscal":"004","cd_tipo_quadra":"F","tx_tipo_quadra":"FISCAL","cd_quadra_fiscal":"061","cd_subquadra_fiscal":null,"cd_condominio":"00","cd_tipo_lote":"F","tx_tipo_lote":"FISCAL","cd_lote":"0766","cd_situacao":1,"cd_digito_sql":"1","cd_logradouro":"182087","nm_logradouro_completo":"R SILVEIRA DA MOTA","cd_numero_porta":"78","tx_complemento_endereco":null,"tx_situ_lote":"ATIVO","cd_tipo_uso_imovel":"00","dc_tipo_uso_imovel":"Terreno","cd_tipo_terreno_imovel":1,"qt_area_terreno":220,"qt_area_construida":0}}},{"type":"Feature","geometry":{"type":"Polygon","coordinates":[[[-46.618763,-23.415512],[-46.618816,-23.415493],[-46.618825,-23.415514],[-46.618843,-23.415557],[-46.618922,-23.415745],[-46.618873,-23.415763],[-46.618857,-23.415727],[-46.618827,-23.415657],[-46.618772,-23.415533],[-46.618763,-23.415512]]]},"properties":{"sqlu":"SP-004-143551","inscription":"SP-GEOSAMPA-2143551","inscricaoImobiliaria":"SP-IMO-2143551","setor":"004","quadra":"063","lote":"0073","sourceType":"OFFICIAL_IMPORT","mainAddress":"Setor Fiscal 004","zoneamento":"RESIDENCIAL","statusCadastral":"ATIVO","workflowStatus":"PENDENTE","isOfficial":true,"rawProperties":{"cd_identificador":2143551,"cd_identificador_original_lote":8918681,"cd_setor_fiscal":"004","cd_tipo_quadra":"F","tx_tipo_quadra":"FISCAL","cd_quadra_fiscal":"063","cd_subquadra_fiscal":null,"cd_condominio":"00","cd_tipo_lote":"F","tx_tipo_lote":"FISCAL","cd_lote":"0073","cd_situacao":1,"cd_digito_sql":"9","cd_logradouro":"048291","nm_logradouro_completo":"R CESARIO RAMALHO","cd_numero_porta":"551","tx_complemento_endereco":null,"tx_situ_lote":"ATIVO","cd_tipo_uso_imovel":"10","dc_tipo_uso_imovel":"Residencial","cd_tipo_terreno_imovel":1,"qt_area_terreno":172,"qt_area_construida":100}}},{"type":"Feature","geometry":{"type":"Polygon","coordinates":[[[-46.614894,-23.414259],[-46.614734,-23.414325],[-46.61471,-23.414275],[-46.614846,-23.41422],[-46.61487,-23.41421],[-46.614882,-23.414236],[-46.614894,-23.414259]]]},"properties":{"sqlu":"SP-004-143582","inscription":"SP-GEOSAMPA-2143582","inscricaoImobiliaria":"SP-IMO-2143582","setor":"004","quadra":"059","lote":"0036","sourceType":"OFFICIAL_IMPORT","mainAddress":"Setor Fiscal 004","zoneamento":"RESIDENCIAL","statusCadastral":"ATIVO","workflowStatus":"PENDENTE","isOfficial":true,"rawProperties":{"cd_identificador":2143582,"cd_identificador_original_lote":8919725,"cd_setor_fiscal":"004","cd_tipo_quadra":"F","tx_tipo_quadra":"FISCAL","cd_quadra_fiscal":"059","cd_subquadra_fiscal":null,"cd_condominio":"00","cd_tipo_lote":"F","tx_tipo_lote":"FISCAL","cd_lote":"0036","cd_situacao":1,"cd_digito_sql":"8","cd_logradouro":"011967","nm_logradouro_completo":"R DONA ANA NERI","cd_numero_porta":"708","tx_complemento_endereco":null,"tx_situ_lote":"ATIVO","cd_tipo_uso_imovel":"42","dc_tipo_uso_imovel":"Não residencial","cd_tipo_terreno_imovel":1,"qt_area_terreno":101,"qt_area_construida":180}}},{"type":"Feature","geometry":{"type":"Polygon","coordinates":[[[-46.623577,-23.41578],[-46.623501,-23.415633],[-46.623466,-23.415584],[-46.623465,-23.415581],[-46.623458,-23.41557],[-46.623434,-23.415533],[-46.623456,-23.415527],[-46.623528,-23.415508],[-46.623537,-23.415506],[-46.62355,-23.415541],[-46.623551,-23.415544],[-46.623577,-23.415613],[-46.623601,-23.415676],[-46.623601,-23.415677],[-46.623627,-23.415733],[-46.623642,-23.415764],[-46.623626,-23.415768],[-46.623577,-23.41578]]]},"properties":{"sqlu":"SP-004-143624","inscription":"SP-GEOSAMPA-2143624","inscricaoImobiliaria":"SP-IMO-2143624","setor":"004","quadra":"060","lote":"0031","sourceType":"OFFICIAL_IMPORT","mainAddress":"Setor Fiscal 004","zoneamento":"RESIDENCIAL","statusCadastral":"ATIVO","workflowStatus":"PENDENTE","isOfficial":true,"rawProperties":{"cd_identificador":2143624,"cd_identificador_original_lote":8919252,"cd_setor_fiscal":"004","cd_tipo_quadra":"F","tx_tipo_quadra":"FISCAL","cd_quadra_fiscal":"060","cd_subquadra_fiscal":null,"cd_condominio":"00","cd_tipo_lote":"F","tx_tipo_lote":"FISCAL","cd_lote":"0031","cd_situacao":1,"cd_digito_sql":"1","cd_logradouro":"116491","nm_logradouro_completo":"R DO LAVAPES","cd_numero_porta":"781","tx_complemento_endereco":null,"tx_situ_lote":"ATIVO","cd_tipo_uso_imovel":"12","dc_tipo_uso_imovel":"Residencial","cd_tipo_terreno_imovel":1,"qt_area_terreno":240,"qt_area_construida":200}}},{"type":"Feature","geometry":{"type":"Polygon","coordinates":[[[-46.617135,-23.409217],[-46.617132,-23.409181],[-46.61713,-23.409168],[-46.617396,-23.40916],[-46.617489,-23.409157],[-46.617522,-23.409155],[-46.617527,-23.409206],[-46.617494,-23.409207],[-46.617395,-23.40921],[-46.617263,-23.409213],[-46.617163,-23.409216],[-46.617135,-23.409217]]]},"properties":{"sqlu":"SP-004-143764","inscription":"SP-GEOSAMPA-2143764","inscricaoImobiliaria":"SP-IMO-2143764","setor":"004","quadra":"008","lote":"0045","sourceType":"OFFICIAL_IMPORT","mainAddress":"Setor Fiscal 004","zoneamento":"RESIDENCIAL","statusCadastral":"ATIVO","workflowStatus":"PENDENTE","isOfficial":true,"rawProperties":{"cd_identificador":2143764,"cd_identificador_original_lote":8919617,"cd_setor_fiscal":"004","cd_tipo_quadra":"F","tx_tipo_quadra":"FISCAL","cd_quadra_fiscal":"008","cd_subquadra_fiscal":null,"cd_condominio":"00","cd_tipo_lote":"F","tx_tipo_lote":"FISCAL","cd_lote":"0045","cd_situacao":1,"cd_digito_sql":"4","cd_logradouro":"151181","nm_logradouro_completo":"R OSCAR HORTA","cd_numero_porta":"153","tx_complemento_endereco":null,"tx_situ_lote":"ATIVO","cd_tipo_uso_imovel":"10","dc_tipo_uso_imovel":"Residencial","cd_tipo_terreno_imovel":1,"qt_area_terreno":232,"qt_area_construida":120}}},{"type":"Feature","geometry":{"type":"Polygon","coordinates":[[[-46.6204,-23.409737],[-46.620397,-23.40969],[-46.620393,-23.409614],[-46.620388,-23.409534],[-46.620386,-23.409509],[-46.620451,-23.409506],[-46.620452,-23.409531],[-46.620453,-23.409538],[-46.620462,-23.409687],[-46.620468,-23.409789],[-46.620469,-23.409816],[-46.620405,-23.409807],[-46.620404,-23.409792],[-46.620402,-23.409763],[-46.6204,-23.409737]]]},"properties":{"sqlu":"SP-004-143697","inscription":"SP-GEOSAMPA-2143697","inscricaoImobiliaria":"SP-IMO-2143697","setor":"004","quadra":"014","lote":"0048","sourceType":"OFFICIAL_IMPORT","mainAddress":"Setor Fiscal 004","zoneamento":"RESIDENCIAL","statusCadastral":"ATIVO","workflowStatus":"PENDENTE","isOfficial":true,"rawProperties":{"cd_identificador":2143697,"cd_identificador_original_lote":8920651,"cd_setor_fiscal":"004","cd_tipo_quadra":"F","tx_tipo_quadra":"FISCAL","cd_quadra_fiscal":"014","cd_subquadra_fiscal":null,"cd_condominio":"00","cd_tipo_lote":"F","tx_tipo_lote":"FISCAL","cd_lote":"0048","cd_situacao":1,"cd_digito_sql":"4","cd_logradouro":"035173","nm_logradouro_completo":"R DOM BOSCO","cd_numero_porta":"46","tx_complemento_endereco":null,"tx_situ_lote":"ATIVO","cd_tipo_uso_imovel":"10","dc_tipo_uso_imovel":"Residencial","cd_tipo_terreno_imovel":1,"qt_area_terreno":196,"qt_area_construida":140}}},{"type":"Feature","geometry":{"type":"Polygon","coordinates":[[[-46.626314,-23.407602],[-46.626359,-23.407688],[-46.626496,-23.407954],[-46.626526,-23.408012],[-46.626577,-23.408111],[-46.62647,-23.408159],[-46.626458,-23.408164],[-46.626443,-23.408171],[-46.626162,-23.40829],[-46.626048,-23.408339],[-46.626037,-23.408343],[-46.625903,-23.4084],[-46.6259,-23.408401],[-46.625863,-23.408358],[-46.625939,-23.407761],[-46.626314,-23.407602]]]},"properties":{"sqlu":"SP-004-143757","inscription":"SP-GEOSAMPA-2143757","inscricaoImobiliaria":"SP-IMO-2143757","setor":"004","quadra":"001","lote":"0003","sourceType":"OFFICIAL_IMPORT","mainAddress":"Setor Fiscal 004","zoneamento":"RESIDENCIAL","statusCadastral":"ATIVO","workflowStatus":"PENDENTE","isOfficial":true,"rawProperties":{"cd_identificador":2143757,"cd_identificador_original_lote":8920674,"cd_setor_fiscal":"004","cd_tipo_quadra":"F","tx_tipo_quadra":"FISCAL","cd_quadra_fiscal":"001","cd_subquadra_fiscal":null,"cd_condominio":"00","cd_tipo_lote":"F","tx_tipo_lote":"FISCAL","cd_lote":"0003","cd_situacao":1,"cd_digito_sql":"7","cd_logradouro":"155845","nm_logradouro_completo":"AV PREF PASSOS","cd_numero_porta":"88","tx_complemento_endereco":null,"tx_situ_lote":"ATIVO","cd_tipo_uso_imovel":"84","dc_tipo_uso_imovel":"Não residencial","cd_tipo_terreno_imovel":2,"qt_area_terreno":3980,"qt_area_construida":1500}}},{"type":"Feature","geometry":{"type":"Polygon","coordinates":[[[-46.618004,-23.416643],[-46.618028,-23.416635],[-46.618165,-23.416587],[-46.61818,-23.416621],[-46.618149,-23.416631],[-46.618042,-23.416669],[-46.618018,-23.416677],[-46.618012,-23.416662],[-46.618004,-23.416643]]]},"properties":{"sqlu":"SP-004-143892","inscription":"SP-GEOSAMPA-2143892","inscricaoImobiliaria":"SP-IMO-2143892","setor":"004","quadra":"071","lote":"0027","sourceType":"OFFICIAL_IMPORT","mainAddress":"Setor Fiscal 004","zoneamento":"RESIDENCIAL","statusCadastral":"ATIVO","workflowStatus":"PENDENTE","isOfficial":true,"rawProperties":{"cd_identificador":2143892,"cd_identificador_original_lote":8919371,"cd_setor_fiscal":"004","cd_tipo_quadra":"F","tx_tipo_quadra":"FISCAL","cd_quadra_fiscal":"071","cd_subquadra_fiscal":null,"cd_condominio":"00","cd_tipo_lote":"F","tx_tipo_lote":"FISCAL","cd_lote":"0027","cd_situacao":1,"cd_digito_sql":"1","cd_logradouro":"098310","nm_logradouro_completo":"R BR DE JAGUARA","cd_numero_porta":"1113","tx_complemento_endereco":null,"tx_situ_lote":"ATIVO","cd_tipo_uso_imovel":"10","dc_tipo_uso_imovel":"Residencial","cd_tipo_terreno_imovel":1,"qt_area_terreno":70,"qt_area_construida":100}}},{"type":"Feature","geometry":{"type":"Polygon","coordinates":[[[-46.618009,-23.41706],[-46.618041,-23.417048],[-46.618073,-23.417035],[-46.618109,-23.417021],[-46.618154,-23.417004],[-46.618185,-23.417063],[-46.618199,-23.417095],[-46.618211,-23.417123],[-46.618221,-23.417141],[-46.618245,-23.417185],[-46.618357,-23.417395],[-46.618143,-23.417472],[-46.618141,-23.417473],[-46.617993,-23.4172],[-46.617934,-23.417089],[-46.61798,-23.417072],[-46.618009,-23.41706]]]},"properties":{"sqlu":"SP-004-143903","inscription":"SP-GEOSAMPA-2143903","inscricaoImobiliaria":"SP-IMO-2143903","setor":"004","quadra":"071","lote":"0003","sourceType":"OFFICIAL_IMPORT","mainAddress":"Setor Fiscal 004","zoneamento":"RESIDENCIAL","statusCadastral":"ATIVO","workflowStatus":"PENDENTE","isOfficial":true,"rawProperties":{"cd_identificador":2143903,"cd_identificador_original_lote":8918693,"cd_setor_fiscal":"004","cd_tipo_quadra":"F","tx_tipo_quadra":"FISCAL","cd_quadra_fiscal":"071","cd_subquadra_fiscal":null,"cd_condominio":"00","cd_tipo_lote":"F","tx_tipo_lote":"FISCAL","cd_lote":"0003","cd_situacao":1,"cd_digito_sql":"2","cd_logradouro":"051012","nm_logradouro_completo":"R CLIMACO BARBOSA","cd_numero_porta":"63","tx_complemento_endereco":null,"tx_situ_lote":"ATIVO","cd_tipo_uso_imovel":"43","dc_tipo_uso_imovel":"Não residencial","cd_tipo_terreno_imovel":1,"qt_area_terreno":1017,"qt_area_construida":1312}}},{"type":"Feature","geometry":{"type":"Polygon","coordinates":[[[-46.618009,-23.41706],[-46.617996,-23.417028],[-46.617988,-23.417009],[-46.617952,-23.41692],[-46.617985,-23.416909],[-46.61802,-23.416997],[-46.618025,-23.41701],[-46.618028,-23.417018],[-46.618041,-23.417048],[-46.618009,-23.41706]]]},"properties":{"sqlu":"SP-004-143904","inscription":"SP-GEOSAMPA-2143904","inscricaoImobiliaria":"SP-IMO-2143904","setor":"004","quadra":"071","lote":"0041","sourceType":"OFFICIAL_IMPORT","mainAddress":"Setor Fiscal 004","zoneamento":"RESIDENCIAL","statusCadastral":"ATIVO","workflowStatus":"PENDENTE","isOfficial":true,"rawProperties":{"cd_identificador":2143904,"cd_identificador_original_lote":8919364,"cd_setor_fiscal":"004","cd_tipo_quadra":"F","tx_tipo_quadra":"FISCAL","cd_quadra_fiscal":"071","cd_subquadra_fiscal":null,"cd_condominio":"00","cd_tipo_lote":"F","tx_tipo_lote":"FISCAL","cd_lote":"0041","cd_situacao":1,"cd_digito_sql":"5","cd_logradouro":"098310","nm_logradouro_completo":"R BR DE JAGUARA","cd_numero_porta":"1133","tx_complemento_endereco":"CS 8","tx_situ_lote":"ATIVO","cd_tipo_uso_imovel":"10","dc_tipo_uso_imovel":"Residencial","cd_tipo_terreno_imovel":4,"qt_area_terreno":60,"qt_area_construida":80}}},{"type":"Feature","geometry":{"type":"Polygon","coordinates":[[[-46.616994,-23.416354],[-46.617026,-23.416416],[-46.617019,-23.416431],[-46.616949,-23.416456],[-46.616915,-23.416385],[-46.616994,-23.416354]]]},"properties":{"sqlu":"SP-004-143859","inscription":"SP-GEOSAMPA-2143859","inscricaoImobiliaria":"SP-IMO-2143859","setor":"004","quadra":"070","lote":"0001","sourceType":"OFFICIAL_IMPORT","mainAddress":"Setor Fiscal 004","zoneamento":"RESIDENCIAL","statusCadastral":"ATIVO","workflowStatus":"PENDENTE","isOfficial":true,"rawProperties":{"cd_identificador":2143859,"cd_identificador_original_lote":8919044,"cd_setor_fiscal":"004","cd_tipo_quadra":"F","tx_tipo_quadra":"FISCAL","cd_quadra_fiscal":"070","cd_subquadra_fiscal":null,"cd_condominio":"00","cd_tipo_lote":"F","tx_tipo_lote":"FISCAL","cd_lote":"0001","cd_situacao":1,"cd_digito_sql":"1","cd_logradouro":"048291","nm_logradouro_completo":"R CESARIO RAMALHO","cd_numero_porta":"759","tx_complemento_endereco":"E 761","tx_situ_lote":"ATIVO","cd_tipo_uso_imovel":"42","dc_tipo_uso_imovel":"Não residencial","cd_tipo_terreno_imovel":2,"qt_area_terreno":81,"qt_area_construida":165}}},{"type":"Feature","geometry":{"type":"Polygon","coordinates":[[[-46.619555,-23.408694],[-46.61951,-23.408696],[-46.619503,-23.408562],[-46.619548,-23.40856],[-46.619555,-23.408694]]]},"properties":{"sqlu":"SP-004-143977","inscription":"SP-GEOSAMPA-2143977","inscricaoImobiliaria":"SP-IMO-2143977","setor":"004","quadra":"006","lote":"0038","sourceType":"OFFICIAL_IMPORT","mainAddress":"Setor Fiscal 004","zoneamento":"RESIDENCIAL","statusCadastral":"ATIVO","workflowStatus":"PENDENTE","isOfficial":true,"rawProperties":{"cd_identificador":2143977,"cd_identificador_original_lote":8918602,"cd_setor_fiscal":"004","cd_tipo_quadra":"F","tx_tipo_quadra":"FISCAL","cd_quadra_fiscal":"006","cd_subquadra_fiscal":null,"cd_condominio":"00","cd_tipo_lote":"F","tx_tipo_lote":"FISCAL","cd_lote":"0038","cd_situacao":1,"cd_digito_sql":"2","cd_logradouro":"049549","nm_logradouro_completo":"R CEL CINTRA","cd_numero_porta":"110","tx_complemento_endereco":"E 116 CS 16","tx_situ_lote":"ATIVO","cd_tipo_uso_imovel":"00","dc_tipo_uso_imovel":"Terreno","cd_tipo_terreno_imovel":4,"qt_area_terreno":75,"qt_area_construida":0}}},{"type":"Feature","geometry":{"type":"Polygon","coordinates":[[[-46.619605,-23.408692],[-46.619555,-23.408694],[-46.619548,-23.40856],[-46.619598,-23.408558],[-46.619605,-23.408692]]]},"properties":{"sqlu":"SP-004-144106","inscription":"SP-GEOSAMPA-2144106","inscricaoImobiliaria":"SP-IMO-2144106","setor":"004","quadra":"006","lote":"0039","sourceType":"OFFICIAL_IMPORT","mainAddress":"Setor Fiscal 004","zoneamento":"RESIDENCIAL","statusCadastral":"ATIVO","workflowStatus":"PENDENTE","isOfficial":true,"rawProperties":{"cd_identificador":2144106,"cd_identificador_original_lote":8918603,"cd_setor_fiscal":"004","cd_tipo_quadra":"F","tx_tipo_quadra":"FISCAL","cd_quadra_fiscal":"006","cd_subquadra_fiscal":null,"cd_condominio":"00","cd_tipo_lote":"F","tx_tipo_lote":"FISCAL","cd_lote":"0039","cd_situacao":1,"cd_digito_sql":"0","cd_logradouro":"049549","nm_logradouro_completo":"R CEL CINTRA","cd_numero_porta":"110","tx_complemento_endereco":"E 116 CS 18","tx_situ_lote":"ATIVO","cd_tipo_uso_imovel":"00","dc_tipo_uso_imovel":"Terreno","cd_tipo_terreno_imovel":4,"qt_area_terreno":75,"qt_area_construida":0}}},{"type":"Feature","geometry":{"type":"Polygon","coordinates":[[[-46.61594,-23.411346],[-46.615947,-23.411344],[-46.615957,-23.411341],[-46.616022,-23.411322],[-46.616066,-23.411309],[-46.616144,-23.411286],[-46.616194,-23.411271],[-46.616209,-23.411347],[-46.616123,-23.411373],[-46.615981,-23.411415],[-46.615952,-23.411423],[-46.615945,-23.411378],[-46.61594,-23.411346]]]},"properties":{"sqlu":"SP-004-144062","inscription":"SP-GEOSAMPA-2144062","inscricaoImobiliaria":"SP-IMO-2144062","setor":"004","quadra":"028","lote":"0088","sourceType":"OFFICIAL_IMPORT","mainAddress":"Setor Fiscal 004","zoneamento":"RESIDENCIAL","statusCadastral":"ATIVO","workflowStatus":"PENDENTE","isOfficial":true,"rawProperties":{"cd_identificador":2144062,"cd_identificador_original_lote":8919404,"cd_setor_fiscal":"004","cd_tipo_quadra":"F","tx_tipo_quadra":"FISCAL","cd_quadra_fiscal":"028","cd_subquadra_fiscal":null,"cd_condominio":"00","cd_tipo_lote":"F","tx_tipo_lote":"FISCAL","cd_lote":"0088","cd_situacao":1,"cd_digito_sql":"5","cd_logradouro":"098310","nm_logradouro_completo":"R BR DE JAGUARA","cd_numero_porta":"491","tx_complemento_endereco":"E 493","tx_situ_lote":"ATIVO","cd_tipo_uso_imovel":"50","dc_tipo_uso_imovel":"Não residencial","cd_tipo_terreno_imovel":1,"qt_area_terreno":222,"qt_area_construida":400}}},{"type":"Feature","geometry":{"type":"Polygon","coordinates":[[[-46.617248,-23.410219],[-46.617274,-23.410217],[-46.617299,-23.410215],[-46.617315,-23.410381],[-46.617264,-23.410383],[-46.617256,-23.410301],[-46.617248,-23.410219]]]},"properties":{"sqlu":"SP-004-144186","inscription":"SP-GEOSAMPA-2144186","inscricaoImobiliaria":"SP-IMO-2144186","setor":"004","quadra":"017","lote":"0060","sourceType":"OFFICIAL_IMPORT","mainAddress":"Setor Fiscal 004","zoneamento":"RESIDENCIAL","statusCadastral":"ATIVO","workflowStatus":"PENDENTE","isOfficial":true,"rawProperties":{"cd_identificador":2144186,"cd_identificador_original_lote":8919303,"cd_setor_fiscal":"004","cd_tipo_quadra":"F","tx_tipo_quadra":"FISCAL","cd_quadra_fiscal":"017","cd_subquadra_fiscal":null,"cd_condominio":"00","cd_tipo_lote":"F","tx_tipo_lote":"FISCAL","cd_lote":"0060","cd_situacao":1,"cd_digito_sql":"7","cd_logradouro":"148806","nm_logradouro_completo":"R ODORICO MENDES","cd_numero_porta":"303","tx_complemento_endereco":null,"tx_situ_lote":"ATIVO","cd_tipo_uso_imovel":"10","dc_tipo_uso_imovel":"Residencial","cd_tipo_terreno_imovel":1,"qt_area_terreno":90,"qt_area_construida":110}}},{"type":"Feature","geometry":{"type":"Polygon","coordinates":[[[-46.617209,-23.413554],[-46.617211,-23.413559],[-46.617259,-23.413679],[-46.617211,-23.413689],[-46.61718,-23.413612],[-46.617166,-23.413576],[-46.617209,-23.413554]]]},"properties":{"sqlu":"SP-004-144207","inscription":"SP-GEOSAMPA-2144207","inscricaoImobiliaria":"SP-IMO-2144207","setor":"004","quadra":"050","lote":"0077","sourceType":"OFFICIAL_IMPORT","mainAddress":"Setor Fiscal 004","zoneamento":"RESIDENCIAL","statusCadastral":"ATIVO","workflowStatus":"PENDENTE","isOfficial":true,"rawProperties":{"cd_identificador":2144207,"cd_identificador_original_lote":8920006,"cd_setor_fiscal":"004","cd_tipo_quadra":"F","tx_tipo_quadra":"FISCAL","cd_quadra_fiscal":"050","cd_subquadra_fiscal":null,"cd_condominio":"00","cd_tipo_lote":"F","tx_tipo_lote":"FISCAL","cd_lote":"0077","cd_situacao":1,"cd_digito_sql":"4","cd_logradouro":"100510","nm_logradouro_completo":"R JERONIMO DE ALBUQUERQUE","cd_numero_porta":"217","tx_complemento_endereco":null,"tx_situ_lote":"ATIVO","cd_tipo_uso_imovel":"10","dc_tipo_uso_imovel":"Residencial","cd_tipo_terreno_imovel":1,"qt_area_terreno":60,"qt_area_construida":100}}},{"type":"Feature","geometry":{"type":"Polygon","coordinates":[[[-46.616979,-23.410004],[-46.61695,-23.410005],[-46.616948,-23.409989],[-46.616948,-23.409975],[-46.616942,-23.409888],[-46.616987,-23.409886],[-46.61699,-23.409914],[-46.617004,-23.409914],[-46.617007,-23.409951],[-46.616993,-23.409952],[-46.616997,-23.410003],[-46.616987,-23.410004],[-46.616979,-23.410004]]]},"properties":{"sqlu":"SP-004-144286","inscription":"SP-GEOSAMPA-2144286","inscricaoImobiliaria":"SP-IMO-2144286","setor":"004","quadra":"017","lote":"0034","sourceType":"OFFICIAL_IMPORT","mainAddress":"Setor Fiscal 004","zoneamento":"RESIDENCIAL","statusCadastral":"ATIVO","workflowStatus":"PENDENTE","isOfficial":true,"rawProperties":{"cd_identificador":2144286,"cd_identificador_original_lote":8919545,"cd_setor_fiscal":"004","cd_tipo_quadra":"F","tx_tipo_quadra":"FISCAL","cd_quadra_fiscal":"017","cd_subquadra_fiscal":null,"cd_condominio":"00","cd_tipo_lote":"F","tx_tipo_lote":"FISCAL","cd_lote":"0034","cd_situacao":1,"cd_digito_sql":"8","cd_logradouro":"035173","nm_logradouro_completo":"R DOM BOSCO","cd_numero_porta":"416","tx_complemento_endereco":"CS 5","tx_situ_lote":"ATIVO","cd_tipo_uso_imovel":"00","dc_tipo_uso_imovel":"Terreno","cd_tipo_terreno_imovel":4,"qt_area_terreno":105,"qt_area_construida":0}}},{"type":"Feature","geometry":{"type":"Polygon","coordinates":[[[-46.617209,-23.413554],[-46.617166,-23.413576],[-46.617154,-23.413582],[-46.617081,-23.413619],[-46.617068,-23.413583],[-46.617062,-23.413567],[-46.617054,-23.413549],[-46.617041,-23.413518],[-46.61725,-23.413412],[-46.617252,-23.413416],[-46.61725,-23.413417],[-46.617266,-23.413462],[-46.617284,-23.413515],[-46.617252,-23.413532],[-46.617209,-23.413554]]]},"properties":{"sqlu":"SP-004-144208","inscription":"SP-GEOSAMPA-2144208","inscricaoImobiliaria":"SP-IMO-2144208","setor":"004","quadra":"050","lote":"0123","sourceType":"OFFICIAL_IMPORT","mainAddress":"Setor Fiscal 004","zoneamento":"RESIDENCIAL","statusCadastral":"ATIVO","workflowStatus":"PENDENTE","isOfficial":true,"rawProperties":{"cd_identificador":2144208,"cd_identificador_original_lote":8919779,"cd_setor_fiscal":"004","cd_tipo_quadra":"F","tx_tipo_quadra":"FISCAL","cd_quadra_fiscal":"050","cd_subquadra_fiscal":null,"cd_condominio":"00","cd_tipo_lote":"F","tx_tipo_lote":"FISCAL","cd_lote":"0123","cd_situacao":1,"cd_digito_sql":"1","cd_logradouro":"098310","nm_logradouro_completo":"R BR DE JAGUARA","cd_numero_porta":"762","tx_complemento_endereco":null,"tx_situ_lote":"ATIVO","cd_tipo_uso_imovel":"64","dc_tipo_uso_imovel":"Não residencial","cd_tipo_terreno_imovel":1,"qt_area_terreno":286,"qt_area_construida":75}}},{"type":"Feature","geometry":{"type":"Polygon","coordinates":[[[-46.623202,-23.407902],[-46.62316,-23.407904],[-46.623115,-23.407905],[-46.623105,-23.4078],[-46.623098,-23.407731],[-46.623142,-23.407729],[-46.623183,-23.407727],[-46.623202,-23.407902]]]},"properties":{"sqlu":"SP-004-144249","inscription":"SP-GEOSAMPA-2144249","inscricaoImobiliaria":"SP-IMO-2144249","setor":"004","quadra":"003","lote":"0037","sourceType":"OFFICIAL_IMPORT","mainAddress":"Setor Fiscal 004","zoneamento":"RESIDENCIAL","statusCadastral":"ATIVO","workflowStatus":"PENDENTE","isOfficial":true,"rawProperties":{"cd_identificador":2144249,"cd_identificador_original_lote":8918492,"cd_setor_fiscal":"004","cd_tipo_quadra":"F","tx_tipo_quadra":"FISCAL","cd_quadra_fiscal":"003","cd_subquadra_fiscal":null,"cd_condominio":"00","cd_tipo_lote":"F","tx_tipo_lote":"FISCAL","cd_lote":"0037","cd_situacao":1,"cd_digito_sql":"0","cd_logradouro":"142131","nm_logradouro_completo":"R DA MOOCA","cd_numero_porta":"74","tx_complemento_endereco":"82","tx_situ_lote":"ATIVO","cd_tipo_uso_imovel":"74","dc_tipo_uso_imovel":"Não residencial","cd_tipo_terreno_imovel":1,"qt_area_terreno":165,"qt_area_construida":582}}},{"type":"Feature","geometry":{"type":"Polygon","coordinates":[[[-46.618116,-23.416469],[-46.618131,-23.416507],[-46.618135,-23.416516],[-46.617903,-23.416597],[-46.617883,-23.41655],[-46.618116,-23.416469]]]},"properties":{"sqlu":"SP-004-144213","inscription":"SP-GEOSAMPA-2144213","inscricaoImobiliaria":"SP-IMO-2144213","setor":"004","quadra":"071","lote":"0024","sourceType":"OFFICIAL_IMPORT","mainAddress":"Setor Fiscal 004","zoneamento":"RESIDENCIAL","statusCadastral":"ATIVO","workflowStatus":"PENDENTE","isOfficial":true,"rawProperties":{"cd_identificador":2144213,"cd_identificador_original_lote":8919426,"cd_setor_fiscal":"004","cd_tipo_quadra":"F","tx_tipo_quadra":"FISCAL","cd_quadra_fiscal":"071","cd_subquadra_fiscal":null,"cd_condominio":"00","cd_tipo_lote":"F","tx_tipo_lote":"FISCAL","cd_lote":"0024","cd_situacao":1,"cd_digito_sql":"5","cd_logradouro":"098310","nm_logradouro_completo":"R BR DE JAGUARA","cd_numero_porta":"1103","tx_complemento_endereco":null,"tx_situ_lote":"ATIVO","cd_tipo_uso_imovel":"40","dc_tipo_uso_imovel":"Não residencial","cd_tipo_terreno_imovel":1,"qt_area_terreno":140,"qt_area_construida":200}}},{"type":"Feature","geometry":{"type":"Polygon","coordinates":[[[-46.616679,-23.413976],[-46.616568,-23.414017],[-46.616485,-23.413809],[-46.616512,-23.413798],[-46.616565,-23.413777],[-46.616575,-23.413773],[-46.616593,-23.413766],[-46.616679,-23.413976]]]},"properties":{"sqlu":"SP-004-144318","inscription":"SP-GEOSAMPA-2144318","inscricaoImobiliaria":"SP-IMO-2144318","setor":"004","quadra":"059","lote":"0123","sourceType":"OFFICIAL_IMPORT","mainAddress":"Setor Fiscal 004","zoneamento":"RESIDENCIAL","statusCadastral":"ATIVO","workflowStatus":"PENDENTE","isOfficial":true,"rawProperties":{"cd_identificador":2144318,"cd_identificador_original_lote":8919798,"cd_setor_fiscal":"004","cd_tipo_quadra":"F","tx_tipo_quadra":"FISCAL","cd_quadra_fiscal":"059","cd_subquadra_fiscal":null,"cd_condominio":"00","cd_tipo_lote":"F","tx_tipo_lote":"FISCAL","cd_lote":"0123","cd_situacao":1,"cd_digito_sql":"2","cd_logradouro":"145637","nm_logradouro_completo":"R NICOLAU ANCONA LOPEZ","cd_numero_porta":"47","tx_complemento_endereco":null,"tx_situ_lote":"ATIVO","cd_tipo_uso_imovel":"50","dc_tipo_uso_imovel":"Não residencial","cd_tipo_terreno_imovel":1,"qt_area_terreno":288,"qt_area_construida":593}}},{"type":"Feature","geometry":{"type":"Polygon","coordinates":[[[-46.619239,-23.40822],[-46.619213,-23.408222],[-46.619186,-23.407909],[-46.619179,-23.407827],[-46.619176,-23.407781],[-46.619273,-23.407776],[-46.619277,-23.407821],[-46.61931,-23.408214],[-46.619287,-23.408216],[-46.619239,-23.40822]]]},"properties":{"sqlu":"SP-004-144307","inscription":"SP-GEOSAMPA-2144307","inscricaoImobiliaria":"SP-IMO-2144307","setor":"004","quadra":"006","lote":"0120","sourceType":"OFFICIAL_IMPORT","mainAddress":"Setor Fiscal 004","zoneamento":"RESIDENCIAL","statusCadastral":"ATIVO","workflowStatus":"PENDENTE","isOfficial":true,"rawProperties":{"cd_identificador":2144307,"cd_identificador_original_lote":8918481,"cd_setor_fiscal":"004","cd_tipo_quadra":"F","tx_tipo_quadra":"FISCAL","cd_quadra_fiscal":"006","cd_subquadra_fiscal":null,"cd_condominio":"00","cd_tipo_lote":"F","tx_tipo_lote":"FISCAL","cd_lote":"0120","cd_situacao":1,"cd_digito_sql":"6","cd_logradouro":"142131","nm_logradouro_completo":"R DA MOOCA","cd_numero_porta":"474","tx_complemento_endereco":null,"tx_situ_lote":"ATIVO","cd_tipo_uso_imovel":"50","dc_tipo_uso_imovel":"Não residencial","cd_tipo_terreno_imovel":1,"qt_area_terreno":573,"qt_area_construida":607}}},{"type":"Feature","geometry":{"type":"Polygon","coordinates":[[[-46.61864,-23.410694],[-46.61857,-23.410698],[-46.61856,-23.41063],[-46.618559,-23.410627],[-46.618571,-23.410625],[-46.618569,-23.410605],[-46.618564,-23.410551],[-46.618558,-23.41048],[-46.618615,-23.410478],[-46.618638,-23.410683],[-46.618639,-23.410692],[-46.61864,-23.410694]]]},"properties":{"sqlu":"SP-004-144385","inscription":"SP-GEOSAMPA-2144385","inscricaoImobiliaria":"SP-IMO-2144385","setor":"004","quadra":"026","lote":"0008","sourceType":"OFFICIAL_IMPORT","mainAddress":"Setor Fiscal 004","zoneamento":"RESIDENCIAL","statusCadastral":"ATIVO","workflowStatus":"PENDENTE","isOfficial":true,"rawProperties":{"cd_identificador":2144385,"cd_identificador_original_lote":8920530,"cd_setor_fiscal":"004","cd_tipo_quadra":"F","tx_tipo_quadra":"FISCAL","cd_quadra_fiscal":"026","cd_subquadra_fiscal":null,"cd_condominio":"00","cd_tipo_lote":"F","tx_tipo_lote":"FISCAL","cd_lote":"0008","cd_situacao":1,"cd_digito_sql":"8","cd_logradouro":"148806","nm_logradouro_completo":"R ODORICO MENDES","cd_numero_porta":"172","tx_complemento_endereco":null,"tx_situ_lote":"ATIVO","cd_tipo_uso_imovel":"10","dc_tipo_uso_imovel":"Residencial","cd_tipo_terreno_imovel":1,"qt_area_terreno":71,"qt_area_construida":140}}},{"type":"Feature","geometry":{"type":"Polygon","coordinates":[[[-46.61864,-23.410694],[-46.618649,-23.410774],[-46.618651,-23.410789],[-46.618586,-23.410808],[-46.61857,-23.410698],[-46.61864,-23.410694]]]},"properties":{"sqlu":"SP-004-144386","inscription":"SP-GEOSAMPA-2144386","inscricaoImobiliaria":"SP-IMO-2144386","setor":"004","quadra":"026","lote":"0026","sourceType":"OFFICIAL_IMPORT","mainAddress":"Setor Fiscal 004","zoneamento":"RESIDENCIAL","statusCadastral":"ATIVO","workflowStatus":"PENDENTE","isOfficial":true,"rawProperties":{"cd_identificador":2144386,"cd_identificador_original_lote":8920302,"cd_setor_fiscal":"004","cd_tipo_quadra":"F","tx_tipo_quadra":"FISCAL","cd_quadra_fiscal":"026","cd_subquadra_fiscal":null,"cd_condominio":"00","cd_tipo_lote":"F","tx_tipo_lote":"FISCAL","cd_lote":"0026","cd_situacao":1,"cd_digito_sql":"6","cd_logradouro":"066427","nm_logradouro_completo":"AV DO ESTADO","cd_numero_porta":"5143","tx_complemento_endereco":"B","tx_situ_lote":"ATIVO","cd_tipo_uso_imovel":"40","dc_tipo_uso_imovel":"Não residencial","cd_tipo_terreno_imovel":1,"qt_area_terreno":161,"qt_area_construida":161}}},{"type":"Feature","geometry":{"type":"Polygon","coordinates":[[[-46.615206,-23.41464],[-46.615263,-23.414619],[-46.615301,-23.414698],[-46.615243,-23.414722],[-46.615206,-23.41464]]]},"properties":{"sqlu":"SP-004-144356","inscription":"SP-GEOSAMPA-2144356","inscricaoImobiliaria":"SP-IMO-2144356","setor":"004","quadra":"064","lote":"0043","sourceType":"OFFICIAL_IMPORT","mainAddress":"Setor Fiscal 004","zoneamento":"RESIDENCIAL","statusCadastral":"ATIVO","workflowStatus":"PENDENTE","isOfficial":true,"rawProperties":{"cd_identificador":2144356,"cd_identificador_original_lote":8919158,"cd_setor_fiscal":"004","cd_tipo_quadra":"F","tx_tipo_quadra":"FISCAL","cd_quadra_fiscal":"064","cd_subquadra_fiscal":null,"cd_condominio":"00","cd_tipo_lote":"F","tx_tipo_lote":"FISCAL","cd_lote":"0043","cd_situacao":1,"cd_digito_sql":"1","cd_logradouro":"145637","nm_logradouro_completo":"R NICOLAU ANCONA LOPEZ","cd_numero_porta":"214","tx_complemento_endereco":null,"tx_situ_lote":"ATIVO","cd_tipo_uso_imovel":"10","dc_tipo_uso_imovel":"Residencial","cd_tipo_terreno_imovel":1,"qt_area_terreno":67,"qt_area_construida":128}}},{"type":"Feature","geometry":{"type":"Polygon","coordinates":[[[-46.621347,-23.409406],[-46.621571,-23.409656],[-46.621472,-23.409712],[-46.621283,-23.409495],[-46.621323,-23.40944],[-46.621339,-23.409418],[-46.621347,-23.409406]]]},"properties":{"sqlu":"SP-004-144415","inscription":"SP-GEOSAMPA-2144415","inscricaoImobiliaria":"SP-IMO-2144415","setor":"004","quadra":"013","lote":"0007","sourceType":"OFFICIAL_IMPORT","mainAddress":"Setor Fiscal 004","zoneamento":"RESIDENCIAL","statusCadastral":"ATIVO","workflowStatus":"PENDENTE","isOfficial":true,"rawProperties":{"cd_identificador":2144415,"cd_identificador_original_lote":8920361,"cd_setor_fiscal":"004","cd_tipo_quadra":"F","tx_tipo_quadra":"FISCAL","cd_quadra_fiscal":"013","cd_subquadra_fiscal":null,"cd_condominio":"00","cd_tipo_lote":"F","tx_tipo_lote":"FISCAL","cd_lote":"0007","cd_situacao":1,"cd_digito_sql":"2","cd_logradouro":"066427","nm_logradouro_completo":"AV DO ESTADO","cd_numero_porta":"4803","tx_complemento_endereco":null,"tx_situ_lote":"ATIVO","cd_tipo_uso_imovel":"40","dc_tipo_uso_imovel":"Não residencial","cd_tipo_terreno_imovel":1,"qt_area_terreno":360,"qt_area_construida":420}}},{"type":"Feature","geometry":{"type":"Polygon","coordinates":[[[-46.615894,-23.414384],[-46.615936,-23.414368],[-46.615959,-23.414423],[-46.615997,-23.414515],[-46.616005,-23.414532],[-46.616005,-23.414534],[-46.615964,-23.414549],[-46.615909,-23.414421],[-46.615894,-23.414384]]]},"properties":{"sqlu":"SP-004-144559","inscription":"SP-GEOSAMPA-2144559","inscricaoImobiliaria":"SP-IMO-2144559","setor":"004","quadra":"064","lote":"0050","sourceType":"OFFICIAL_IMPORT","mainAddress":"Setor Fiscal 004","zoneamento":"RESIDENCIAL","statusCadastral":"ATIVO","workflowStatus":"PENDENTE","isOfficial":true,"rawProperties":{"cd_identificador":2144559,"cd_identificador_original_lote":8919153,"cd_setor_fiscal":"004","cd_tipo_quadra":"F","tx_tipo_quadra":"FISCAL","cd_quadra_fiscal":"064","cd_subquadra_fiscal":null,"cd_condominio":"00","cd_tipo_lote":"F","tx_tipo_lote":"FISCAL","cd_lote":"0050","cd_situacao":1,"cd_digito_sql":"4","cd_logradouro":"145637","nm_logradouro_completo":"R NICOLAU ANCONA LOPEZ","cd_numero_porta":"136","tx_complemento_endereco":"E 138","tx_situ_lote":"ATIVO","cd_tipo_uso_imovel":"12","dc_tipo_uso_imovel":"Residencial","cd_tipo_terreno_imovel":1,"qt_area_terreno":108,"qt_area_construida":185}}},{"type":"Feature","geometry":{"type":"Polygon","coordinates":[[[-46.614243,-23.410099],[-46.614201,-23.409709],[-46.614522,-23.409698],[-46.614547,-23.410018],[-46.614549,-23.410047],[-46.614552,-23.410084],[-46.614515,-23.410086],[-46.614432,-23.41009],[-46.614243,-23.410099]]]},"properties":{"sqlu":"SP-004-144470","inscription":"SP-GEOSAMPA-2144470","inscricaoImobiliaria":"SP-IMO-2144470","setor":"004","quadra":"018","lote":"0077","sourceType":"OFFICIAL_IMPORT","mainAddress":"Setor Fiscal 004","zoneamento":"RESIDENCIAL","statusCadastral":"ATIVO","workflowStatus":"PENDENTE","isOfficial":true,"rawProperties":{"cd_identificador":2144470,"cd_identificador_original_lote":8920070,"cd_setor_fiscal":"004","cd_tipo_quadra":"F","tx_tipo_quadra":"FISCAL","cd_quadra_fiscal":"018","cd_subquadra_fiscal":null,"cd_condominio":"00","cd_tipo_lote":"F","tx_tipo_lote":"FISCAL","cd_lote":"0077","cd_situacao":1,"cd_digito_sql":"6","cd_logradouro":"035173","nm_logradouro_completo":"R DOM BOSCO","cd_numero_porta":"654","tx_complemento_endereco":"660 E 684","tx_situ_lote":"ATIVO","cd_tipo_uso_imovel":"64","dc_tipo_uso_imovel":"Não residencial","cd_tipo_terreno_imovel":1,"qt_area_terreno":1392,"qt_area_construida":1650}}},{"type":"Feature","geometry":{"type":"Polygon","coordinates":[[[-46.616167,-23.410302],[-46.616255,-23.410292],[-46.616359,-23.410279],[-46.616366,-23.410317],[-46.616262,-23.410331],[-46.616175,-23.410342],[-46.616167,-23.410302]]]},"properties":{"sqlu":"SP-004-144612","inscription":"SP-GEOSAMPA-2144612","inscricaoImobiliaria":"SP-IMO-2144612","setor":"004","quadra":"017","lote":"0003","sourceType":"OFFICIAL_IMPORT","mainAddress":"Setor Fiscal 004","zoneamento":"RESIDENCIAL","statusCadastral":"ATIVO","workflowStatus":"PENDENTE","isOfficial":true,"rawProperties":{"cd_identificador":2144612,"cd_identificador_original_lote":8919532,"cd_setor_fiscal":"004","cd_tipo_quadra":"F","tx_tipo_quadra":"FISCAL","cd_quadra_fiscal":"017","cd_subquadra_fiscal":null,"cd_condominio":"00","cd_tipo_lote":"F","tx_tipo_lote":"FISCAL","cd_lote":"0003","cd_situacao":1,"cd_digito_sql":"8","cd_logradouro":"098310","nm_logradouro_completo":"R BR DE JAGUARA","cd_numero_porta":"386","tx_complemento_endereco":null,"tx_situ_lote":"ATIVO","cd_tipo_uso_imovel":"10","dc_tipo_uso_imovel":"Residencial","cd_tipo_terreno_imovel":1,"qt_area_terreno":84,"qt_area_construida":120}}},{"type":"Feature","geometry":{"type":"Polygon","coordinates":[[[-46.619797,-23.408666],[-46.619663,-23.408676],[-46.619656,-23.408605],[-46.619679,-23.408604],[-46.619686,-23.408603],[-46.619698,-23.408602],[-46.61979,-23.408595],[-46.619797,-23.408666]]]},"properties":{"sqlu":"SP-004-144556","inscription":"SP-GEOSAMPA-2144556","inscricaoImobiliaria":"SP-IMO-2144556","setor":"004","quadra":"006","lote":"0102","sourceType":"OFFICIAL_IMPORT","mainAddress":"Setor Fiscal 004","zoneamento":"RESIDENCIAL","statusCadastral":"ATIVO","workflowStatus":"PENDENTE","isOfficial":true,"rawProperties":{"cd_identificador":2144556,"cd_identificador_original_lote":8918619,"cd_setor_fiscal":"004","cd_tipo_quadra":"F","tx_tipo_quadra":"FISCAL","cd_quadra_fiscal":"006","cd_subquadra_fiscal":null,"cd_condominio":"00","cd_tipo_lote":"F","tx_tipo_lote":"FISCAL","cd_lote":"0102","cd_situacao":1,"cd_digito_sql":"8","cd_logradouro":"142131","nm_logradouro_completo":"R DA MOOCA","cd_numero_porta":"406","tx_complemento_endereco":"CS 16","tx_situ_lote":"ATIVO","cd_tipo_uso_imovel":"10","dc_tipo_uso_imovel":"Residencial","cd_tipo_terreno_imovel":4,"qt_area_terreno":127,"qt_area_construida":94}}},{"type":"Feature","geometry":{"type":"Polygon","coordinates":[[[-46.619797,-23.408666],[-46.619804,-23.408737],[-46.619716,-23.408744],[-46.619688,-23.408746],[-46.61967,-23.408748],[-46.619664,-23.408689],[-46.619663,-23.408676],[-46.619797,-23.408666]]]},"properties":{"sqlu":"SP-004-144557","inscription":"SP-GEOSAMPA-2144557","inscricaoImobiliaria":"SP-IMO-2144557","setor":"004","quadra":"006","lote":"0101","sourceType":"OFFICIAL_IMPORT","mainAddress":"Setor Fiscal 004","zoneamento":"RESIDENCIAL","statusCadastral":"ATIVO","workflowStatus":"PENDENTE","isOfficial":true,"rawProperties":{"cd_identificador":2144557,"cd_identificador_original_lote":8918620,"cd_setor_fiscal":"004","cd_tipo_quadra":"F","tx_tipo_quadra":"FISCAL","cd_quadra_fiscal":"006","cd_subquadra_fiscal":null,"cd_condominio":"00","cd_tipo_lote":"F","tx_tipo_lote":"FISCAL","cd_lote":"0101","cd_situacao":1,"cd_digito_sql":"1","cd_logradouro":"142131","nm_logradouro_completo":"R DA MOOCA","cd_numero_porta":"406","tx_complemento_endereco":"CS 14","tx_situ_lote":"ATIVO","cd_tipo_uso_imovel":"10","dc_tipo_uso_imovel":"Residencial","cd_tipo_terreno_imovel":4,"qt_area_terreno":127,"qt_area_construida":71}}},{"type":"Feature","geometry":{"type":"Polygon","coordinates":[[[-46.617608,-23.408441],[-46.617781,-23.408428],[-46.617804,-23.408426],[-46.617808,-23.408467],[-46.617779,-23.408469],[-46.617611,-23.40848],[-46.617608,-23.408441]]]},"properties":{"sqlu":"SP-004-144529","inscription":"SP-GEOSAMPA-2144529","inscricaoImobiliaria":"SP-IMO-2144529","setor":"004","quadra":"007","lote":"0008","sourceType":"OFFICIAL_IMPORT","mainAddress":"Setor Fiscal 004","zoneamento":"RESIDENCIAL","statusCadastral":"ATIVO","workflowStatus":"PENDENTE","isOfficial":true,"rawProperties":{"cd_identificador":2144529,"cd_identificador_original_lote":8918935,"cd_setor_fiscal":"004","cd_tipo_quadra":"F","tx_tipo_quadra":"FISCAL","cd_quadra_fiscal":"007","cd_subquadra_fiscal":null,"cd_condominio":"00","cd_tipo_lote":"F","tx_tipo_lote":"FISCAL","cd_lote":"0008","cd_situacao":1,"cd_digito_sql":"5","cd_logradouro":"151181","nm_logradouro_completo":"R OSCAR HORTA","cd_numero_porta":"74","tx_complemento_endereco":null,"tx_situ_lote":"ATIVO","cd_tipo_uso_imovel":"10","dc_tipo_uso_imovel":"Residencial","cd_tipo_terreno_imovel":1,"qt_area_terreno":80,"qt_area_construida":72}}},{"type":"Feature","geometry":{"type":"Polygon","coordinates":[[[-46.624038,-23.415072],[-46.623962,-23.415093],[-46.62373,-23.415157],[-46.6237,-23.415165],[-46.623686,-23.415121],[-46.623716,-23.415113],[-46.623806,-23.415089],[-46.623854,-23.415076],[-46.623948,-23.41505],[-46.623988,-23.41504],[-46.624028,-23.415029],[-46.624038,-23.415072]]]},"properties":{"sqlu":"SP-004-144701","inscription":"SP-GEOSAMPA-2144701","inscricaoImobiliaria":"SP-IMO-2144701","setor":"004","quadra":"052","lote":"0039","sourceType":"OFFICIAL_IMPORT","mainAddress":"Setor Fiscal 004","zoneamento":"RESIDENCIAL","statusCadastral":"ATIVO","workflowStatus":"PENDENTE","isOfficial":true,"rawProperties":{"cd_identificador":2144701,"cd_identificador_original_lote":8918732,"cd_setor_fiscal":"004","cd_tipo_quadra":"F","tx_tipo_quadra":"FISCAL","cd_quadra_fiscal":"052","cd_subquadra_fiscal":null,"cd_condominio":"00","cd_tipo_lote":"F","tx_tipo_lote":"FISCAL","cd_lote":"0039","cd_situacao":1,"cd_digito_sql":"0","cd_logradouro":"187801","nm_logradouro_completo":"R TEIXEIRA MENDES","cd_numero_porta":"73","tx_complemento_endereco":null,"tx_situ_lote":"ATIVO","cd_tipo_uso_imovel":"10","dc_tipo_uso_imovel":"Residencial","cd_tipo_terreno_imovel":1,"qt_area_terreno":192,"qt_area_construida":170}}},{"type":"Feature","geometry":{"type":"Polygon","coordinates":[[[-46.617792,-23.416819],[-46.617746,-23.416733],[-46.6178,-23.416714],[-46.617819,-23.416708],[-46.617846,-23.416699],[-46.617902,-23.416831],[-46.617878,-23.41684],[-46.617821,-23.416861],[-46.617815,-23.416863],[-46.617792,-23.416819]]]},"properties":{"sqlu":"SP-004-144690","inscription":"SP-GEOSAMPA-2144690","inscricaoImobiliaria":"SP-IMO-2144690","setor":"004","quadra":"071","lote":"0053","sourceType":"OFFICIAL_IMPORT","mainAddress":"Setor Fiscal 004","zoneamento":"RESIDENCIAL","statusCadastral":"ATIVO","workflowStatus":"PENDENTE","isOfficial":true,"rawProperties":{"cd_identificador":2144690,"cd_identificador_original_lote":8919098,"cd_setor_fiscal":"004","cd_tipo_quadra":"F","tx_tipo_quadra":"FISCAL","cd_quadra_fiscal":"071","cd_subquadra_fiscal":null,"cd_condominio":"00","cd_tipo_lote":"F","tx_tipo_lote":"FISCAL","cd_lote":"0053","cd_situacao":1,"cd_digito_sql":"9","cd_logradouro":"098310","nm_logradouro_completo":"R BR DE JAGUARA","cd_numero_porta":"1133","tx_complemento_endereco":"CS 9","tx_situ_lote":"ATIVO","cd_tipo_uso_imovel":"10","dc_tipo_uso_imovel":"Residencial","cd_tipo_terreno_imovel":4,"qt_area_terreno":150,"qt_area_construida":180}}},{"type":"Feature","geometry":{"type":"Polygon","coordinates":[[[-46.621065,-23.415431],[-46.621068,-23.415444],[-46.621253,-23.415423],[-46.621257,-23.415595],[-46.621262,-23.415778],[-46.621263,-23.415825],[-46.621046,-23.415894],[-46.621038,-23.415854],[-46.620997,-23.415661],[-46.620955,-23.415459],[-46.621013,-23.415444],[-46.621046,-23.415436],[-46.621065,-23.415431]]]},"properties":{"sqlu":"SP-004-144724","inscription":"SP-GEOSAMPA-2144724","inscricaoImobiliaria":"SP-IMO-2144724","setor":"004","quadra":"067","lote":"0000","sourceType":"OFFICIAL_IMPORT","mainAddress":"Setor Fiscal 004","zoneamento":"RESIDENCIAL","statusCadastral":"ATIVO","workflowStatus":"PENDENTE","isOfficial":true,"rawProperties":{"cd_identificador":2144724,"cd_identificador_original_lote":8919086,"cd_setor_fiscal":"004","cd_tipo_quadra":"F","tx_tipo_quadra":"FISCAL","cd_quadra_fiscal":"067","cd_subquadra_fiscal":null,"cd_condominio":"03","cd_tipo_lote":"F","tx_tipo_lote":"FISCAL","cd_lote":"0000","cd_situacao":1,"cd_digito_sql":null,"cd_logradouro":"116491","nm_logradouro_completo":"R DO LAVAPES","cd_numero_porta":"1027 1045","tx_complemento_endereco":null,"tx_situ_lote":null,"cd_tipo_uso_imovel":"XX","dc_tipo_uso_imovel":"Condomínio","cd_tipo_terreno_imovel":99,"qt_area_terreno":1287,"qt_area_construida":null}}},{"type":"Feature","geometry":{"type":"Polygon","coordinates":[[[-46.619427,-23.416728],[-46.619408,-23.416742],[-46.619321,-23.416807],[-46.619269,-23.416746],[-46.619146,-23.416599],[-46.619107,-23.416503],[-46.619092,-23.416466],[-46.619119,-23.416456],[-46.619187,-23.416429],[-46.619198,-23.416442],[-46.619283,-23.416548],[-46.619285,-23.416551],[-46.619427,-23.416728]]]},"properties":{"sqlu":"SP-004-144811","inscription":"SP-GEOSAMPA-2144811","inscricaoImobiliaria":"SP-IMO-2144811","setor":"004","quadra":"068","lote":"0091","sourceType":"OFFICIAL_IMPORT","mainAddress":"Setor Fiscal 004","zoneamento":"RESIDENCIAL","statusCadastral":"ATIVO","workflowStatus":"PENDENTE","isOfficial":true,"rawProperties":{"cd_identificador":2144811,"cd_identificador_original_lote":8918715,"cd_setor_fiscal":"004","cd_tipo_quadra":"F","tx_tipo_quadra":"FISCAL","cd_quadra_fiscal":"068","cd_subquadra_fiscal":null,"cd_condominio":"00","cd_tipo_lote":"F","tx_tipo_lote":"FISCAL","cd_lote":"0091","cd_situacao":1,"cd_digito_sql":"1","cd_logradouro":"039616","nm_logradouro_completo":"LG DO CAMBUCI","cd_numero_porta":"97","tx_complemento_endereco":null,"tx_situ_lote":"ATIVO","cd_tipo_uso_imovel":"91","dc_tipo_uso_imovel":null,"cd_tipo_terreno_imovel":1,"qt_area_terreno":550,"qt_area_construida":503}}},{"type":"Feature","geometry":{"type":"Polygon","coordinates":[[[-46.619427,-23.416728],[-46.619285,-23.416551],[-46.619283,-23.416548],[-46.619198,-23.416442],[-46.619187,-23.416429],[-46.619201,-23.416424],[-46.619246,-23.416406],[-46.619377,-23.416567],[-46.619478,-23.416692],[-46.619427,-23.416728]]]},"properties":{"sqlu":"SP-004-144812","inscription":"SP-GEOSAMPA-2144812","inscricaoImobiliaria":"SP-IMO-2144812","setor":"004","quadra":"068","lote":"0011","sourceType":"OFFICIAL_IMPORT","mainAddress":"Setor Fiscal 004","zoneamento":"RESIDENCIAL","statusCadastral":"ATIVO","workflowStatus":"PENDENTE","isOfficial":true,"rawProperties":{"cd_identificador":2144812,"cd_identificador_original_lote":8918716,"cd_setor_fiscal":"004","cd_tipo_quadra":"F","tx_tipo_quadra":"FISCAL","cd_quadra_fiscal":"068","cd_subquadra_fiscal":null,"cd_condominio":"00","cd_tipo_lote":"F","tx_tipo_lote":"FISCAL","cd_lote":"0011","cd_situacao":1,"cd_digito_sql":"1","cd_logradouro":"039616","nm_logradouro_completo":"LG DO CAMBUCI","cd_numero_porta":"83","tx_complemento_endereco":null,"tx_situ_lote":"ATIVO","cd_tipo_uso_imovel":"40","dc_tipo_uso_imovel":"Não residencial","cd_tipo_terreno_imovel":1,"qt_area_terreno":254,"qt_area_construida":452}}},{"type":"Feature","geometry":{"type":"Polygon","coordinates":[[[-46.617309,-23.415348],[-46.617351,-23.415332],[-46.617411,-23.415461],[-46.61737,-23.415478],[-46.617362,-23.41546],[-46.617309,-23.415348]]]},"properties":{"sqlu":"SP-004-144825","inscription":"SP-GEOSAMPA-2144825","inscricaoImobiliaria":"SP-IMO-2144825","setor":"004","quadra":"069","lote":"0032","sourceType":"OFFICIAL_IMPORT","mainAddress":"Setor Fiscal 004","zoneamento":"RESIDENCIAL","statusCadastral":"ATIVO","workflowStatus":"PENDENTE","isOfficial":true,"rawProperties":{"cd_identificador":2144825,"cd_identificador_original_lote":8918879,"cd_setor_fiscal":"004","cd_tipo_quadra":"F","tx_tipo_quadra":"FISCAL","cd_quadra_fiscal":"069","cd_subquadra_fiscal":null,"cd_condominio":"00","cd_tipo_lote":"F","tx_tipo_lote":"FISCAL","cd_lote":"0032","cd_situacao":1,"cd_digito_sql":"9","cd_logradouro":"196304","nm_logradouro_completo":"R VICENTE DE CARVALHO","cd_numero_porta":"38","tx_complemento_endereco":null,"tx_situ_lote":"ATIVO","cd_tipo_uso_imovel":"10","dc_tipo_uso_imovel":"Residencial","cd_tipo_terreno_imovel":1,"qt_area_terreno":70,"qt_area_construida":117}}},{"type":"Feature","geometry":{"type":"Polygon","coordinates":[[[-46.617267,-23.416893],[-46.617286,-23.416931],[-46.617168,-23.41698],[-46.617157,-23.416957],[-46.617149,-23.416942],[-46.617198,-23.416922],[-46.617267,-23.416893]]]},"properties":{"sqlu":"SP-004-144909","inscription":"SP-GEOSAMPA-2144909","inscricaoImobiliaria":"SP-IMO-2144909","setor":"004","quadra":"072","lote":"0043","sourceType":"OFFICIAL_IMPORT","mainAddress":"Setor Fiscal 004","zoneamento":"RESIDENCIAL","statusCadastral":"ATIVO","workflowStatus":"PENDENTE","isOfficial":true,"rawProperties":{"cd_identificador":2144909,"cd_identificador_original_lote":8919008,"cd_setor_fiscal":"004","cd_tipo_quadra":"F","tx_tipo_quadra":"FISCAL","cd_quadra_fiscal":"072","cd_subquadra_fiscal":null,"cd_condominio":"00","cd_tipo_lote":"F","tx_tipo_lote":"FISCAL","cd_lote":"0043","cd_situacao":1,"cd_digito_sql":"6","cd_logradouro":"184845","nm_logradouro_completo":"R ESTEFANO","cd_numero_porta":"241","tx_complemento_endereco":null,"tx_situ_lote":"ATIVO","cd_tipo_uso_imovel":"10","dc_tipo_uso_imovel":"Residencial","cd_tipo_terreno_imovel":1,"qt_area_terreno":58,"qt_area_construida":100}}},{"type":"Feature","geometry":{"type":"Polygon","coordinates":[[[-46.620451,-23.409506],[-46.620512,-23.409504],[-46.620515,-23.409551],[-46.620516,-23.409574],[-46.620517,-23.409578],[-46.620517,-23.409595],[-46.620519,-23.409627],[-46.62052,-23.409641],[-46.620521,-23.409662],[-46.620523,-23.409684],[-46.620525,-23.409729],[-46.620528,-23.409776],[-46.620531,-23.409824],[-46.620469,-23.409816],[-46.620468,-23.409789],[-46.620462,-23.409687],[-46.620453,-23.409538],[-46.620452,-23.409531],[-46.620451,-23.409506]]]},"properties":{"sqlu":"SP-004-144873","inscription":"SP-GEOSAMPA-2144873","inscricaoImobiliaria":"SP-IMO-2144873","setor":"004","quadra":"014","lote":"0049","sourceType":"OFFICIAL_IMPORT","mainAddress":"Setor Fiscal 004","zoneamento":"RESIDENCIAL","statusCadastral":"ATIVO","workflowStatus":"PENDENTE","isOfficial":true,"rawProperties":{"cd_identificador":2144873,"cd_identificador_original_lote":8920650,"cd_setor_fiscal":"004","cd_tipo_quadra":"F","tx_tipo_quadra":"FISCAL","cd_quadra_fiscal":"014","cd_subquadra_fiscal":null,"cd_condominio":"00","cd_tipo_lote":"F","tx_tipo_lote":"FISCAL","cd_lote":"0049","cd_situacao":1,"cd_digito_sql":"2","cd_logradouro":"035173","nm_logradouro_completo":"R DOM BOSCO","cd_numero_porta":"44","tx_complemento_endereco":null,"tx_situ_lote":"ATIVO","cd_tipo_uso_imovel":"14","dc_tipo_uso_imovel":"Residencial","cd_tipo_terreno_imovel":1,"qt_area_terreno":391,"qt_area_construida":140}}},{"type":"Feature","geometry":{"type":"Polygon","coordinates":[[[-46.623126,-23.414783],[-46.623155,-23.414878],[-46.623181,-23.414961],[-46.62313,-23.414973],[-46.623076,-23.4148],[-46.623108,-23.414789],[-46.623126,-23.414783]]]},"properties":{"sqlu":"SP-004-145085","inscription":"SP-GEOSAMPA-2145085","inscricaoImobiliaria":"SP-IMO-2145085","setor":"004","quadra":"060","lote":"0008","sourceType":"OFFICIAL_IMPORT","mainAddress":"Setor Fiscal 004","zoneamento":"RESIDENCIAL","statusCadastral":"ATIVO","workflowStatus":"PENDENTE","isOfficial":true,"rawProperties":{"cd_identificador":2145085,"cd_identificador_original_lote":8918968,"cd_setor_fiscal":"004","cd_tipo_quadra":"F","tx_tipo_quadra":"FISCAL","cd_quadra_fiscal":"060","cd_subquadra_fiscal":null,"cd_condominio":"00","cd_tipo_lote":"F","tx_tipo_lote":"FISCAL","cd_lote":"0008","cd_situacao":1,"cd_digito_sql":"5","cd_logradouro":"187801","nm_logradouro_completo":"R TEIXEIRA MENDES","cd_numero_porta":"104","tx_complemento_endereco":"CASA 2","tx_situ_lote":"ATIVO","cd_tipo_uso_imovel":"10","dc_tipo_uso_imovel":"Residencial","cd_tipo_terreno_imovel":4,"qt_area_terreno":112,"qt_area_construida":87}}},{"type":"Feature","geometry":{"type":"Polygon","coordinates":[[[-46.619945,-23.409921],[-46.619934,-23.409752],[-46.619925,-23.409603],[-46.61992,-23.409527],[-46.620066,-23.409522],[-46.62008,-23.409774],[-46.62008,-23.409779],[-46.620087,-23.409913],[-46.620052,-23.409915],[-46.619945,-23.409921]]]},"properties":{"sqlu":"SP-004-145044","inscription":"SP-GEOSAMPA-2145044","inscricaoImobiliaria":"SP-IMO-2145044","setor":"004","quadra":"014","lote":"0058","sourceType":"OFFICIAL_IMPORT","mainAddress":"Setor Fiscal 004","zoneamento":"RESIDENCIAL","statusCadastral":"ATIVO","workflowStatus":"PENDENTE","isOfficial":true,"rawProperties":{"cd_identificador":2145044,"cd_identificador_original_lote":8920658,"cd_setor_fiscal":"004","cd_tipo_quadra":"F","tx_tipo_quadra":"FISCAL","cd_quadra_fiscal":"014","cd_subquadra_fiscal":null,"cd_condominio":"00","cd_tipo_lote":"F","tx_tipo_lote":"FISCAL","cd_lote":"0058","cd_situacao":1,"cd_digito_sql":"1","cd_logradouro":"035173","nm_logradouro_completo":"R DOM BOSCO","cd_numero_porta":"90","tx_complemento_endereco":"98 104","tx_situ_lote":"ATIVO","cd_tipo_uso_imovel":"51","dc_tipo_uso_imovel":"Não residencial","cd_tipo_terreno_imovel":1,"qt_area_terreno":645,"qt_area_construida":732}}},{"type":"Feature","geometry":{"type":"Polygon","coordinates":[[[-46.618301,-23.416916],[-46.618315,-23.416948],[-46.618286,-23.416958],[-46.618281,-23.41696],[-46.618179,-23.416995],[-46.618157,-23.417003],[-46.618144,-23.416972],[-46.618166,-23.416965],[-46.618272,-23.416927],[-46.618301,-23.416916]]]},"properties":{"sqlu":"SP-004-145050","inscription":"SP-GEOSAMPA-2145050","inscricaoImobiliaria":"SP-IMO-2145050","setor":"004","quadra":"071","lote":"0048","sourceType":"OFFICIAL_IMPORT","mainAddress":"Setor Fiscal 004","zoneamento":"RESIDENCIAL","statusCadastral":"ATIVO","workflowStatus":"PENDENTE","isOfficial":true,"rawProperties":{"cd_identificador":2145050,"cd_identificador_original_lote":8919089,"cd_setor_fiscal":"004","cd_tipo_quadra":"F","tx_tipo_quadra":"FISCAL","cd_quadra_fiscal":"071","cd_subquadra_fiscal":null,"cd_condominio":"00","cd_tipo_lote":"F","tx_tipo_lote":"FISCAL","cd_lote":"0048","cd_situacao":1,"cd_digito_sql":"2","cd_logradouro":"098310","nm_logradouro_completo":"R BR DE JAGUARA","cd_numero_porta":"1153","tx_complemento_endereco":null,"tx_situ_lote":"ATIVO","cd_tipo_uso_imovel":"10","dc_tipo_uso_imovel":"Residencial","cd_tipo_terreno_imovel":1,"qt_area_terreno":70,"qt_area_construida":100}}},{"type":"Feature","geometry":{"type":"Polygon","coordinates":[[[-46.617129,-23.408244],[-46.617186,-23.40824],[-46.617257,-23.408236],[-46.617315,-23.408232],[-46.617428,-23.408224],[-46.617435,-23.408301],[-46.616938,-23.408331],[-46.616932,-23.408257],[-46.616974,-23.408254],[-46.61704,-23.40825],[-46.617077,-23.408248],[-46.617084,-23.408247],[-46.617129,-23.408244]]]},"properties":{"sqlu":"SP-004-145133","inscription":"SP-GEOSAMPA-2145133","inscricaoImobiliaria":"SP-IMO-2145133","setor":"004","quadra":"008","lote":"0058","sourceType":"OFFICIAL_IMPORT","mainAddress":"Setor Fiscal 004","zoneamento":"RESIDENCIAL","statusCadastral":"ATIVO","workflowStatus":"PENDENTE","isOfficial":true,"rawProperties":{"cd_identificador":2145133,"cd_identificador_original_lote":8920429,"cd_setor_fiscal":"004","cd_tipo_quadra":"F","tx_tipo_quadra":"FISCAL","cd_quadra_fiscal":"008","cd_subquadra_fiscal":null,"cd_condominio":"00","cd_tipo_lote":"F","tx_tipo_lote":"FISCAL","cd_lote":"0058","cd_situacao":1,"cd_digito_sql":"6","cd_logradouro":"151181","nm_logradouro_completo":"R OSCAR HORTA","cd_numero_porta":"51","tx_complemento_endereco":null,"tx_situ_lote":"ATIVO","cd_tipo_uso_imovel":"60","dc_tipo_uso_imovel":"Não residencial","cd_tipo_terreno_imovel":1,"qt_area_terreno":400,"qt_area_construida":400}}},{"type":"Feature","geometry":{"type":"Polygon","coordinates":[[[-46.61403,-23.411061],[-46.613838,-23.411086],[-46.613829,-23.411028],[-46.614021,-23.411003],[-46.61403,-23.411061]]]},"properties":{"sqlu":"SP-004-145263","inscription":"SP-GEOSAMPA-2145263","inscricaoImobiliaria":"SP-IMO-2145263","setor":"004","quadra":"028","lote":"0048","sourceType":"OFFICIAL_IMPORT","mainAddress":"Setor Fiscal 004","zoneamento":"RESIDENCIAL","statusCadastral":"ATIVO","workflowStatus":"PENDENTE","isOfficial":true,"rawProperties":{"cd_identificador":2145263,"cd_identificador_original_lote":8919643,"cd_setor_fiscal":"004","cd_tipo_quadra":"F","tx_tipo_quadra":"FISCAL","cd_quadra_fiscal":"028","cd_subquadra_fiscal":null,"cd_condominio":"00","cd_tipo_lote":"F","tx_tipo_lote":"FISCAL","cd_lote":"0048","cd_situacao":1,"cd_digito_sql":"6","cd_logradouro":"087483","nm_logradouro_completo":"R STO HERMETO","cd_numero_porta":"S/N","tx_complemento_endereco":null,"tx_situ_lote":"ATIVO","cd_tipo_uso_imovel":"00","dc_tipo_uso_imovel":"Terreno","cd_tipo_terreno_imovel":1,"qt_area_terreno":123,"qt_area_construida":0}}},{"type":"Feature","geometry":{"type":"Polygon","coordinates":[[[-46.613267,-23.410386],[-46.613226,-23.410389],[-46.613142,-23.410394],[-46.613119,-23.410245],[-46.613113,-23.410201],[-46.61312,-23.4102],[-46.613389,-23.410192],[-46.613614,-23.410182],[-46.613618,-23.410206],[-46.613643,-23.410369],[-46.613598,-23.410371],[-46.613563,-23.410372],[-46.613519,-23.410374],[-46.613471,-23.410376],[-46.613439,-23.410377],[-46.61339,-23.410379],[-46.613349,-23.410382],[-46.613308,-23.410384],[-46.613267,-23.410386]]]},"properties":{"sqlu":"SP-004-145333","inscription":"SP-GEOSAMPA-2145333","inscricaoImobiliaria":"SP-IMO-2145333","setor":"004","quadra":"018","lote":"0121","sourceType":"OFFICIAL_IMPORT","mainAddress":"Setor Fiscal 004","zoneamento":"RESIDENCIAL","statusCadastral":"ATIVO","workflowStatus":"PENDENTE","isOfficial":true,"rawProperties":{"cd_identificador":2145333,"cd_identificador_original_lote":8920083,"cd_setor_fiscal":"004","cd_tipo_quadra":"F","tx_tipo_quadra":"FISCAL","cd_quadra_fiscal":"018","cd_subquadra_fiscal":null,"cd_condominio":"00","cd_tipo_lote":"F","tx_tipo_lote":"FISCAL","cd_lote":"0121","cd_situacao":1,"cd_digito_sql":"7","cd_logradouro":"011967","nm_logradouro_completo":"R DONA ANA NERI","cd_numero_porta":"236","tx_complemento_endereco":"E 238","tx_situ_lote":"ATIVO","cd_tipo_uso_imovel":"51","dc_tipo_uso_imovel":"Não residencial","cd_tipo_terreno_imovel":1,"qt_area_terreno":1075,"qt_area_construida":1075}}},{"type":"Feature","geometry":{"type":"Polygon","coordinates":[[[-46.613267,-23.410386],[-46.613308,-23.410384],[-46.613317,-23.410523],[-46.613276,-23.410524],[-46.613267,-23.410386]]]},"properties":{"sqlu":"SP-004-145334","inscription":"SP-GEOSAMPA-2145334","inscricaoImobiliaria":"SP-IMO-2145334","setor":"004","quadra":"018","lote":"0053","sourceType":"OFFICIAL_IMPORT","mainAddress":"Setor Fiscal 004","zoneamento":"RESIDENCIAL","statusCadastral":"ATIVO","workflowStatus":"PENDENTE","isOfficial":true,"rawProperties":{"cd_identificador":2145334,"cd_identificador_original_lote":8920086,"cd_setor_fiscal":"004","cd_tipo_quadra":"F","tx_tipo_quadra":"FISCAL","cd_quadra_fiscal":"018","cd_subquadra_fiscal":null,"cd_condominio":"00","cd_tipo_lote":"F","tx_tipo_lote":"FISCAL","cd_lote":"0053","cd_situacao":1,"cd_digito_sql":"9","cd_logradouro":"148806","nm_logradouro_completo":"R ODORICO MENDES","cd_numero_porta":"709","tx_complemento_endereco":"E 711","tx_situ_lote":"ATIVO","cd_tipo_uso_imovel":"42","dc_tipo_uso_imovel":"Não residencial","cd_tipo_terreno_imovel":1,"qt_area_terreno":63,"qt_area_construida":80}}},{"type":"Feature","geometry":{"type":"Polygon","coordinates":[[[-46.613267,-23.410386],[-46.613276,-23.410524],[-46.613235,-23.410526],[-46.613226,-23.410389],[-46.613267,-23.410386]]]},"properties":{"sqlu":"SP-004-145335","inscription":"SP-GEOSAMPA-2145335","inscricaoImobiliaria":"SP-IMO-2145335","setor":"004","quadra":"018","lote":"0054","sourceType":"OFFICIAL_IMPORT","mainAddress":"Setor Fiscal 004","zoneamento":"RESIDENCIAL","statusCadastral":"ATIVO","workflowStatus":"PENDENTE","isOfficial":true,"rawProperties":{"cd_identificador":2145335,"cd_identificador_original_lote":8920137,"cd_setor_fiscal":"004","cd_tipo_quadra":"F","tx_tipo_quadra":"FISCAL","cd_quadra_fiscal":"018","cd_subquadra_fiscal":null,"cd_condominio":"00","cd_tipo_lote":"F","tx_tipo_lote":"FISCAL","cd_lote":"0054","cd_situacao":1,"cd_digito_sql":"7","cd_logradouro":"148806","nm_logradouro_completo":"R ODORICO MENDES","cd_numero_porta":"713","tx_complemento_endereco":"715","tx_situ_lote":"ATIVO","cd_tipo_uso_imovel":"42","dc_tipo_uso_imovel":"Não residencial","cd_tipo_terreno_imovel":1,"qt_area_terreno":63,"qt_area_construida":80}}},{"type":"Feature","geometry":{"type":"Polygon","coordinates":[[[-46.622358,-23.414223],[-46.622405,-23.414208],[-46.622456,-23.414192],[-46.62246,-23.41419],[-46.622474,-23.414223],[-46.622478,-23.414234],[-46.622501,-23.414289],[-46.622542,-23.414391],[-46.622564,-23.414445],[-46.622512,-23.414463],[-46.622466,-23.414479],[-46.622358,-23.414223]]]},"properties":{"sqlu":"SP-004-145303","inscription":"SP-GEOSAMPA-2145303","inscricaoImobiliaria":"SP-IMO-2145303","setor":"004","quadra":"053","lote":"0028","sourceType":"OFFICIAL_IMPORT","mainAddress":"Setor Fiscal 004","zoneamento":"RESIDENCIAL","statusCadastral":"ATIVO","workflowStatus":"PENDENTE","isOfficial":true,"rawProperties":{"cd_identificador":2145303,"cd_identificador_original_lote":8919324,"cd_setor_fiscal":"004","cd_tipo_quadra":"F","tx_tipo_quadra":"FISCAL","cd_quadra_fiscal":"053","cd_subquadra_fiscal":null,"cd_condominio":"00","cd_tipo_lote":"F","tx_tipo_lote":"FISCAL","cd_lote":"0028","cd_situacao":1,"cd_digito_sql":"1","cd_logradouro":"048291","nm_logradouro_completo":"R CESARIO RAMALHO","cd_numero_porta":"157","tx_complemento_endereco":null,"tx_situ_lote":"ATIVO","cd_tipo_uso_imovel":"50","dc_tipo_uso_imovel":"Não residencial","cd_tipo_terreno_imovel":1,"qt_area_terreno":330,"qt_area_construida":330}}},{"type":"Feature","geometry":{"type":"Polygon","coordinates":[[[-46.617213,-23.416784],[-46.617231,-23.41682],[-46.617162,-23.416849],[-46.61713,-23.416862],[-46.617112,-23.416869],[-46.617094,-23.416833],[-46.617213,-23.416784]]]},"properties":{"sqlu":"SP-004-145253","inscription":"SP-GEOSAMPA-2145253","inscricaoImobiliaria":"SP-IMO-2145253","setor":"004","quadra":"072","lote":"0040","sourceType":"OFFICIAL_IMPORT","mainAddress":"Setor Fiscal 004","zoneamento":"RESIDENCIAL","statusCadastral":"ATIVO","workflowStatus":"PENDENTE","isOfficial":true,"rawProperties":{"cd_identificador":2145253,"cd_identificador_original_lote":8919011,"cd_setor_fiscal":"004","cd_tipo_quadra":"F","tx_tipo_quadra":"FISCAL","cd_quadra_fiscal":"072","cd_subquadra_fiscal":null,"cd_condominio":"00","cd_tipo_lote":"F","tx_tipo_lote":"FISCAL","cd_lote":"0040","cd_situacao":1,"cd_digito_sql":"1","cd_logradouro":"184845","nm_logradouro_completo":"R ESTEFANO","cd_numero_porta":"225","tx_complemento_endereco":null,"tx_situ_lote":"ATIVO","cd_tipo_uso_imovel":"10","dc_tipo_uso_imovel":"Residencial","cd_tipo_terreno_imovel":1,"qt_area_terreno":58,"qt_area_construida":100}}},{"type":"Feature","geometry":{"type":"Polygon","coordinates":[[[-46.615615,-23.410055],[-46.61564,-23.410055],[-46.615736,-23.410052],[-46.615851,-23.410048],[-46.615958,-23.410044],[-46.615967,-23.410091],[-46.61576,-23.410101],[-46.615683,-23.410104],[-46.615625,-23.410107],[-46.615622,-23.410091],[-46.615615,-23.410055]]]},"properties":{"sqlu":"SP-004-145278","inscription":"SP-GEOSAMPA-2145278","inscricaoImobiliaria":"SP-IMO-2145278","setor":"004","quadra":"018","lote":"0008","sourceType":"OFFICIAL_IMPORT","mainAddress":"Setor Fiscal 004","zoneamento":"RESIDENCIAL","statusCadastral":"ATIVO","workflowStatus":"PENDENTE","isOfficial":true,"rawProperties":{"cd_identificador":2145278,"cd_identificador_original_lote":8920546,"cd_setor_fiscal":"004","cd_tipo_quadra":"F","tx_tipo_quadra":"FISCAL","cd_quadra_fiscal":"018","cd_subquadra_fiscal":null,"cd_condominio":"00","cd_tipo_lote":"F","tx_tipo_lote":"FISCAL","cd_lote":"0008","cd_situacao":1,"cd_digito_sql":"3","cd_logradouro":"098310","nm_logradouro_completo":"R BR DE JAGUARA","cd_numero_porta":"351","tx_complemento_endereco":"E 355","tx_situ_lote":"ATIVO","cd_tipo_uso_imovel":"43","dc_tipo_uso_imovel":"Não residencial","cd_tipo_terreno_imovel":1,"qt_area_terreno":173,"qt_area_construida":231}}},{"type":"Feature","geometry":{"type":"Polygon","coordinates":[[[-46.619535,-23.408352],[-46.619525,-23.408194],[-46.619573,-23.40819],[-46.619582,-23.40835],[-46.619535,-23.408352]]]},"properties":{"sqlu":"SP-004-145284","inscription":"SP-GEOSAMPA-2145284","inscricaoImobiliaria":"SP-IMO-2145284","setor":"004","quadra":"006","lote":"0013","sourceType":"OFFICIAL_IMPORT","mainAddress":"Setor Fiscal 004","zoneamento":"RESIDENCIAL","statusCadastral":"ATIVO","workflowStatus":"PENDENTE","isOfficial":true,"rawProperties":{"cd_identificador":2145284,"cd_identificador_original_lote":8918578,"cd_setor_fiscal":"004","cd_tipo_quadra":"F","tx_tipo_quadra":"FISCAL","cd_quadra_fiscal":"006","cd_subquadra_fiscal":null,"cd_condominio":"00","cd_tipo_lote":"F","tx_tipo_lote":"FISCAL","cd_lote":"0013","cd_situacao":1,"cd_digito_sql":"7","cd_logradouro":"049549","nm_logradouro_completo":"R CEL CINTRA","cd_numero_porta":"72","tx_complemento_endereco":"E 78 CS 18","tx_situ_lote":"ATIVO","cd_tipo_uso_imovel":"10","dc_tipo_uso_imovel":"Residencial","cd_tipo_terreno_imovel":4,"qt_area_terreno":90,"qt_area_construida":80}}},{"type":"Feature","geometry":{"type":"Polygon","coordinates":[[[-46.620072,-23.410286],[-46.62007,-23.410251],[-46.620056,-23.409997],[-46.620054,-23.409958],[-46.620052,-23.409915],[-46.620087,-23.409913],[-46.62014,-23.40991],[-46.620168,-23.409908],[-46.620173,-23.409992],[-46.620188,-23.410284],[-46.620072,-23.410286]]]},"properties":{"sqlu":"SP-004-145369","inscription":"SP-GEOSAMPA-2145369","inscricaoImobiliaria":"SP-IMO-2145369","setor":"004","quadra":"014","lote":"0017","sourceType":"OFFICIAL_IMPORT","mainAddress":"Setor Fiscal 004","zoneamento":"RESIDENCIAL","statusCadastral":"ATIVO","workflowStatus":"PENDENTE","isOfficial":true,"rawProperties":{"cd_identificador":2145369,"cd_identificador_original_lote":8920608,"cd_setor_fiscal":"004","cd_tipo_quadra":"F","tx_tipo_quadra":"FISCAL","cd_quadra_fiscal":"014","cd_subquadra_fiscal":null,"cd_condominio":"00","cd_tipo_lote":"F","tx_tipo_lote":"FISCAL","cd_lote":"0017","cd_situacao":1,"cd_digito_sql":"4","cd_logradouro":"148806","nm_logradouro_completo":"R ODORICO MENDES","cd_numero_porta":"9","tx_complemento_endereco":null,"tx_situ_lote":"ATIVO","cd_tipo_uso_imovel":"50","dc_tipo_uso_imovel":"Não residencial","cd_tipo_terreno_imovel":1,"qt_area_terreno":495,"qt_area_construida":869}}},{"type":"Feature","geometry":{"type":"Polygon","coordinates":[[[-46.614304,-23.408126],[-46.61458,-23.408103],[-46.614593,-23.408223],[-46.614607,-23.408345],[-46.614629,-23.40854],[-46.614642,-23.408661],[-46.614653,-23.408752],[-46.614439,-23.408771],[-46.614371,-23.408777],[-46.614304,-23.408126]]]},"properties":{"sqlu":"SP-004-145558","inscription":"SP-GEOSAMPA-2145558","inscricaoImobiliaria":"SP-IMO-2145558","setor":"004","quadra":"009","lote":"0117","sourceType":"OFFICIAL_IMPORT","mainAddress":"Setor Fiscal 004","zoneamento":"RESIDENCIAL","statusCadastral":"ATIVO","workflowStatus":"PENDENTE","isOfficial":true,"rawProperties":{"cd_identificador":2145558,"cd_identificador_original_lote":8919330,"cd_setor_fiscal":"004","cd_tipo_quadra":"F","tx_tipo_quadra":"FISCAL","cd_quadra_fiscal":"009","cd_subquadra_fiscal":null,"cd_condominio":"00","cd_tipo_lote":"F","tx_tipo_lote":"FISCAL","cd_lote":"0117","cd_situacao":1,"cd_digito_sql":"1","cd_logradouro":"142131","nm_logradouro_completo":"R DA MOOCA","cd_numero_porta":"946","tx_complemento_endereco":"E 950","tx_situ_lote":"ATIVO","cd_tipo_uso_imovel":"72","dc_tipo_uso_imovel":"Não residencial","cd_tipo_terreno_imovel":3,"qt_area_terreno":1650,"qt_area_construida":1964}}},{"type":"Feature","geometry":{"type":"Polygon","coordinates":[[[-46.619134,-23.408133],[-46.619105,-23.408135],[-46.619,-23.408144],[-46.618981,-23.407812],[-46.619012,-23.40779],[-46.619087,-23.407786],[-46.619104,-23.407785],[-46.619108,-23.407826],[-46.619115,-23.407907],[-46.619115,-23.407913],[-46.619131,-23.408096],[-46.619134,-23.408133]]]},"properties":{"sqlu":"SP-004-145454","inscription":"SP-GEOSAMPA-2145454","inscricaoImobiliaria":"SP-IMO-2145454","setor":"004","quadra":"006","lote":"0000","sourceType":"OFFICIAL_IMPORT","mainAddress":"Setor Fiscal 004","zoneamento":"RESIDENCIAL","statusCadastral":"ATIVO","workflowStatus":"PENDENTE","isOfficial":true,"rawProperties":{"cd_identificador":2145454,"cd_identificador_original_lote":8918591,"cd_setor_fiscal":"004","cd_tipo_quadra":"F","tx_tipo_quadra":"FISCAL","cd_quadra_fiscal":"006","cd_subquadra_fiscal":null,"cd_condominio":"01","cd_tipo_lote":"F","tx_tipo_lote":"FISCAL","cd_lote":"0000","cd_situacao":1,"cd_digito_sql":null,"cd_logradouro":"049549","nm_logradouro_completo":"R CEL CINTRA","cd_numero_porta":"24 42","tx_complemento_endereco":null,"tx_situ_lote":null,"cd_tipo_uso_imovel":"XX","dc_tipo_uso_imovel":"Condomínio","cd_tipo_terreno_imovel":99,"qt_area_terreno":500,"qt_area_construida":null}}},{"type":"Feature","geometry":{"type":"Polygon","coordinates":[[[-46.618344,-23.410652],[-46.618301,-23.410662],[-46.618296,-23.410663],[-46.618291,-23.410664],[-46.618286,-23.410623],[-46.618283,-23.410587],[-46.618275,-23.410516],[-46.618272,-23.410487],[-46.618282,-23.410486],[-46.618327,-23.410485],[-46.618341,-23.410624],[-46.618344,-23.410652]]]},"properties":{"sqlu":"SP-004-147848","inscription":"SP-GEOSAMPA-2147848","inscricaoImobiliaria":"SP-IMO-2147848","setor":"004","quadra":"026","lote":"0012","sourceType":"OFFICIAL_IMPORT","mainAddress":"Setor Fiscal 004","zoneamento":"RESIDENCIAL","statusCadastral":"ATIVO","workflowStatus":"PENDENTE","isOfficial":true,"rawProperties":{"cd_identificador":2147848,"cd_identificador_original_lote":8920526,"cd_setor_fiscal":"004","cd_tipo_quadra":"F","tx_tipo_quadra":"FISCAL","cd_quadra_fiscal":"026","cd_subquadra_fiscal":null,"cd_condominio":"00","cd_tipo_lote":"F","tx_tipo_lote":"FISCAL","cd_lote":"0012","cd_situacao":1,"cd_digito_sql":"6","cd_logradouro":"148806","nm_logradouro_completo":"R ODORICO MENDES","cd_numero_porta":"200","tx_complemento_endereco":null,"tx_situ_lote":"ATIVO","cd_tipo_uso_imovel":"12","dc_tipo_uso_imovel":"Residencial","cd_tipo_terreno_imovel":1,"qt_area_terreno":102,"qt_area_construida":146}}},{"type":"Feature","geometry":{"type":"Polygon","coordinates":[[[-46.622741,-23.407983],[-46.622738,-23.40795],[-46.622737,-23.407941],[-46.622736,-23.407929],[-46.622719,-23.407764],[-46.622782,-23.407754],[-46.622798,-23.407918],[-46.622799,-23.407928],[-46.622799,-23.407933],[-46.622803,-23.407973],[-46.622794,-23.407975],[-46.622741,-23.407983]]]},"properties":{"sqlu":"SP-004-145550","inscription":"SP-GEOSAMPA-2145550","inscricaoImobiliaria":"SP-IMO-2145550","setor":"004","quadra":"003","lote":"0024","sourceType":"OFFICIAL_IMPORT","mainAddress":"Setor Fiscal 004","zoneamento":"RESIDENCIAL","statusCadastral":"ATIVO","workflowStatus":"PENDENTE","isOfficial":true,"rawProperties":{"cd_identificador":2145550,"cd_identificador_original_lote":8918522,"cd_setor_fiscal":"004","cd_tipo_quadra":"F","tx_tipo_quadra":"FISCAL","cd_quadra_fiscal":"003","cd_subquadra_fiscal":null,"cd_condominio":"00","cd_tipo_lote":"F","tx_tipo_lote":"FISCAL","cd_lote":"0024","cd_situacao":1,"cd_digito_sql":"9","cd_logradouro":"142131","nm_logradouro_completo":"R DA MOOCA","cd_numero_porta":"116","tx_complemento_endereco":"E 120","tx_situ_lote":"ATIVO","cd_tipo_uso_imovel":"42","dc_tipo_uso_imovel":"Não residencial","cd_tipo_terreno_imovel":1,"qt_area_terreno":136,"qt_area_construida":300}}},{"type":"Feature","geometry":{"type":"Polygon","coordinates":[[[-46.61992,-23.415618],[-46.619892,-23.415554],[-46.619981,-23.415522],[-46.620002,-23.41557],[-46.620009,-23.415586],[-46.619976,-23.415598],[-46.619943,-23.41561],[-46.61992,-23.415618]]]},"properties":{"sqlu":"SP-004-145635","inscription":"SP-GEOSAMPA-2145635","inscricaoImobiliaria":"SP-IMO-2145635","setor":"004","quadra":"068","lote":"0077","sourceType":"OFFICIAL_IMPORT","mainAddress":"Setor Fiscal 004","zoneamento":"RESIDENCIAL","statusCadastral":"ATIVO","workflowStatus":"PENDENTE","isOfficial":true,"rawProperties":{"cd_identificador":2145635,"cd_identificador_original_lote":8919687,"cd_setor_fiscal":"004","cd_tipo_quadra":"F","tx_tipo_quadra":"FISCAL","cd_quadra_fiscal":"068","cd_subquadra_fiscal":null,"cd_condominio":"00","cd_tipo_lote":"F","tx_tipo_lote":"FISCAL","cd_lote":"0077","cd_situacao":1,"cd_digito_sql":"4","cd_logradouro":"048291","nm_logradouro_completo":"R CESARIO RAMALHO","cd_numero_porta":"434","tx_complemento_endereco":"E 438","tx_situ_lote":"ATIVO","cd_tipo_uso_imovel":"42","dc_tipo_uso_imovel":"Não residencial","cd_tipo_terreno_imovel":1,"qt_area_terreno":70,"qt_area_construida":120}}},{"type":"Feature","geometry":{"type":"Polygon","coordinates":[[[-46.617604,-23.416433],[-46.617576,-23.416373],[-46.617822,-23.416284],[-46.617844,-23.416345],[-46.617872,-23.416423],[-46.617854,-23.41643],[-46.617638,-23.416506],[-46.617604,-23.416433]]]},"properties":{"sqlu":"SP-004-145590","inscription":"SP-GEOSAMPA-2145590","inscricaoImobiliaria":"SP-IMO-2145590","setor":"004","quadra":"071","lote":"0052","sourceType":"OFFICIAL_IMPORT","mainAddress":"Setor Fiscal 004","zoneamento":"RESIDENCIAL","statusCadastral":"ATIVO","workflowStatus":"PENDENTE","isOfficial":true,"rawProperties":{"cd_identificador":2145590,"cd_identificador_original_lote":8919430,"cd_setor_fiscal":"004","cd_tipo_quadra":"F","tx_tipo_quadra":"FISCAL","cd_quadra_fiscal":"071","cd_subquadra_fiscal":null,"cd_condominio":"00","cd_tipo_lote":"F","tx_tipo_lote":"FISCAL","cd_lote":"0052","cd_situacao":1,"cd_digito_sql":"0","cd_logradouro":"048291","nm_logradouro_completo":"R CESARIO RAMALHO","cd_numero_porta":"688","tx_complemento_endereco":"702","tx_situ_lote":"ATIVO","cd_tipo_uso_imovel":"50","dc_tipo_uso_imovel":"Não residencial","cd_tipo_terreno_imovel":1,"qt_area_terreno":554,"qt_area_construida":1061}}},{"type":"Feature","geometry":{"type":"Polygon","coordinates":[[[-46.617604,-23.416433],[-46.617551,-23.416452],[-46.617375,-23.416516],[-46.617302,-23.416543],[-46.617265,-23.416556],[-46.617242,-23.416514],[-46.617247,-23.416495],[-46.617252,-23.416491],[-46.617576,-23.416373],[-46.617604,-23.416433]]]},"properties":{"sqlu":"SP-004-145591","inscription":"SP-GEOSAMPA-2145591","inscricaoImobiliaria":"SP-IMO-2145591","setor":"004","quadra":"071","lote":"0020","sourceType":"OFFICIAL_IMPORT","mainAddress":"Setor Fiscal 004","zoneamento":"RESIDENCIAL","statusCadastral":"ATIVO","workflowStatus":"PENDENTE","isOfficial":true,"rawProperties":{"cd_identificador":2145591,"cd_identificador_original_lote":8919596,"cd_setor_fiscal":"004","cd_tipo_quadra":"F","tx_tipo_quadra":"FISCAL","cd_quadra_fiscal":"071","cd_subquadra_fiscal":null,"cd_condominio":"00","cd_tipo_lote":"F","tx_tipo_lote":"FISCAL","cd_lote":"0020","cd_situacao":1,"cd_digito_sql":"2","cd_logradouro":"184845","nm_logradouro_completo":"R ESTEFANO","cd_numero_porta":"196","tx_complemento_endereco":"E 196 B","tx_situ_lote":"ATIVO","cd_tipo_uso_imovel":"43","dc_tipo_uso_imovel":"Não residencial","cd_tipo_terreno_imovel":2,"qt_area_terreno":266,"qt_area_construida":523}}},{"type":"Feature","geometry":{"type":"Polygon","coordinates":[[[-46.614304,-23.408126],[-46.614371,-23.408777],[-46.614263,-23.408787],[-46.614247,-23.408615],[-46.614202,-23.408135],[-46.614304,-23.408126]]]},"properties":{"sqlu":"SP-004-145557","inscription":"SP-GEOSAMPA-2145557","inscricaoImobiliaria":"SP-IMO-2145557","setor":"004","quadra":"009","lote":"0199","sourceType":"OFFICIAL_IMPORT","mainAddress":"Setor Fiscal 004","zoneamento":"RESIDENCIAL","statusCadastral":"ATIVO","workflowStatus":"PENDENTE","isOfficial":true,"rawProperties":{"cd_identificador":2145557,"cd_identificador_original_lote":8919329,"cd_setor_fiscal":"004","cd_tipo_quadra":"F","tx_tipo_quadra":"FISCAL","cd_quadra_fiscal":"009","cd_subquadra_fiscal":null,"cd_condominio":"00","cd_tipo_lote":"F","tx_tipo_lote":"FISCAL","cd_lote":"0199","cd_situacao":1,"cd_digito_sql":"4","cd_logradouro":"142131","nm_logradouro_completo":"R DA MOOCA","cd_numero_porta":"982","tx_complemento_endereco":null,"tx_situ_lote":"ATIVO","cd_tipo_uso_imovel":"51","dc_tipo_uso_imovel":"Não residencial","cd_tipo_terreno_imovel":3,"qt_area_terreno":803,"qt_area_construida":944}}},{"type":"Feature","geometry":{"type":"Polygon","coordinates":[[[-46.613195,-23.410751],[-46.613322,-23.410745],[-46.613339,-23.410745],[-46.613337,-23.410776],[-46.6132,-23.410782],[-46.613195,-23.410751]]]},"properties":{"sqlu":"SP-004-145496","inscription":"SP-GEOSAMPA-2145496","inscricaoImobiliaria":"SP-IMO-2145496","setor":"004","quadra":"028","lote":"0035","sourceType":"OFFICIAL_IMPORT","mainAddress":"Setor Fiscal 004","zoneamento":"RESIDENCIAL","statusCadastral":"ATIVO","workflowStatus":"PENDENTE","isOfficial":true,"rawProperties":{"cd_identificador":2145496,"cd_identificador_original_lote":8919397,"cd_setor_fiscal":"004","cd_tipo_quadra":"F","tx_tipo_quadra":"FISCAL","cd_quadra_fiscal":"028","cd_subquadra_fiscal":null,"cd_condominio":"00","cd_tipo_lote":"F","tx_tipo_lote":"FISCAL","cd_lote":"0035","cd_situacao":1,"cd_digito_sql":"4","cd_logradouro":"011967","nm_logradouro_completo":"R DONA ANA NERI","cd_numero_porta":"286","tx_complemento_endereco":null,"tx_situ_lote":"ATIVO","cd_tipo_uso_imovel":"40","dc_tipo_uso_imovel":"Não residencial","cd_tipo_terreno_imovel":1,"qt_area_terreno":60,"qt_area_construida":50}}},{"type":"Feature","geometry":{"type":"Polygon","coordinates":[[[-46.619445,-23.408434],[-46.61945,-23.408512],[-46.619452,-23.408539],[-46.619454,-23.408565],[-46.619405,-23.408567],[-46.619396,-23.408436],[-46.619445,-23.408434]]]},"properties":{"sqlu":"SP-004-145677","inscription":"SP-GEOSAMPA-2145677","inscricaoImobiliaria":"SP-IMO-2145677","setor":"004","quadra":"006","lote":"0019","sourceType":"OFFICIAL_IMPORT","mainAddress":"Setor Fiscal 004","zoneamento":"RESIDENCIAL","statusCadastral":"ATIVO","workflowStatus":"PENDENTE","isOfficial":true,"rawProperties":{"cd_identificador":2145677,"cd_identificador_original_lote":8918557,"cd_setor_fiscal":"004","cd_tipo_quadra":"F","tx_tipo_quadra":"FISCAL","cd_quadra_fiscal":"006","cd_subquadra_fiscal":null,"cd_condominio":"00","cd_tipo_lote":"F","tx_tipo_lote":"FISCAL","cd_lote":"0019","cd_situacao":1,"cd_digito_sql":"6","cd_logradouro":"049549","nm_logradouro_completo":"R CEL CINTRA","cd_numero_porta":"72","tx_complemento_endereco":"E 78 CS 11","tx_situ_lote":"ATIVO","cd_tipo_uso_imovel":"10","dc_tipo_uso_imovel":"Residencial","cd_tipo_terreno_imovel":4,"qt_area_terreno":75,"qt_area_construida":140}}},{"type":"Feature","geometry":{"type":"Polygon","coordinates":[[[-46.616702,-23.417835],[-46.616491,-23.417915],[-46.61646,-23.417851],[-46.616671,-23.417771],[-46.616702,-23.417835]]]},"properties":{"sqlu":"SP-004-145498","inscription":"SP-GEOSAMPA-2145498","inscricaoImobiliaria":"SP-IMO-2145498","setor":"004","quadra":"072","lote":"0061","sourceType":"OFFICIAL_IMPORT","mainAddress":"Setor Fiscal 004","zoneamento":"RESIDENCIAL","statusCadastral":"ATIVO","workflowStatus":"PENDENTE","isOfficial":true,"rawProperties":{"cd_identificador":2145498,"cd_identificador_original_lote":8919498,"cd_setor_fiscal":"004","cd_tipo_quadra":"F","tx_tipo_quadra":"FISCAL","cd_quadra_fiscal":"072","cd_subquadra_fiscal":null,"cd_condominio":"00","cd_tipo_lote":"F","tx_tipo_lote":"FISCAL","cd_lote":"0061","cd_situacao":1,"cd_digito_sql":"4","cd_logradouro":"011967","nm_logradouro_completo":"R DONA ANA NERI","cd_numero_porta":"1136","tx_complemento_endereco":null,"tx_situ_lote":"ATIVO","cd_tipo_uso_imovel":"40","dc_tipo_uso_imovel":"Não residencial","cd_tipo_terreno_imovel":1,"qt_area_terreno":184,"qt_area_construida":184}}},{"type":"Feature","geometry":{"type":"Polygon","coordinates":[[[-46.616796,-23.418028],[-46.616594,-23.418109],[-46.61658,-23.418103],[-46.616505,-23.417944],[-46.616504,-23.417942],[-46.616491,-23.417915],[-46.616702,-23.417835],[-46.616739,-23.417911],[-46.616775,-23.417984],[-46.616796,-23.418028]]]},"properties":{"sqlu":"SP-004-145500","inscription":"SP-GEOSAMPA-2145500","inscricaoImobiliaria":"SP-IMO-2145500","setor":"004","quadra":"072","lote":"0079","sourceType":"OFFICIAL_IMPORT","mainAddress":"Setor Fiscal 004","zoneamento":"RESIDENCIAL","statusCadastral":"ATIVO","workflowStatus":"PENDENTE","isOfficial":true,"rawProperties":{"cd_identificador":2145500,"cd_identificador_original_lote":8919808,"cd_setor_fiscal":"004","cd_tipo_quadra":"F","tx_tipo_quadra":"FISCAL","cd_quadra_fiscal":"072","cd_subquadra_fiscal":null,"cd_condominio":"00","cd_tipo_lote":"F","tx_tipo_lote":"FISCAL","cd_lote":"0079","cd_situacao":1,"cd_digito_sql":"7","cd_logradouro":"051012","nm_logradouro_completo":"R CLIMACO BARBOSA","cd_numero_porta":"235","tx_complemento_endereco":null,"tx_situ_lote":"ATIVO","cd_tipo_uso_imovel":"61","dc_tipo_uso_imovel":"Não residencial","cd_tipo_terreno_imovel":2,"qt_area_terreno":609,"qt_area_construida":329}}},{"type":"Feature","geometry":{"type":"Polygon","coordinates":[[[-46.624008,-23.415685],[-46.623951,-23.415479],[-46.623946,-23.415463],[-46.623944,-23.415455],[-46.623968,-23.415448],[-46.623994,-23.415442],[-46.624007,-23.415486],[-46.624029,-23.415563],[-46.624039,-23.415597],[-46.624055,-23.415654],[-46.62406,-23.415671],[-46.624008,-23.415685]]]},"properties":{"sqlu":"SP-004-145896","inscription":"SP-GEOSAMPA-2145896","inscricaoImobiliaria":"SP-IMO-2145896","setor":"004","quadra":"052","lote":"0031","sourceType":"OFFICIAL_IMPORT","mainAddress":"Setor Fiscal 004","zoneamento":"RESIDENCIAL","statusCadastral":"ATIVO","workflowStatus":"PENDENTE","isOfficial":true,"rawProperties":{"cd_identificador":2145896,"cd_identificador_original_lote":8918911,"cd_setor_fiscal":"004","cd_tipo_quadra":"F","tx_tipo_quadra":"FISCAL","cd_quadra_fiscal":"052","cd_subquadra_fiscal":null,"cd_condominio":"00","cd_tipo_lote":"F","tx_tipo_lote":"FISCAL","cd_lote":"0031","cd_situacao":1,"cd_digito_sql":"5","cd_logradouro":"116491","nm_logradouro_completo":"R DO LAVAPES","cd_numero_porta":"737","tx_complemento_endereco":"E 741","tx_situ_lote":"ATIVO","cd_tipo_uso_imovel":"42","dc_tipo_uso_imovel":"Não residencial","cd_tipo_terreno_imovel":1,"qt_area_terreno":153,"qt_area_construida":240}}},{"type":"Feature","geometry":{"type":"Polygon","coordinates":[[[-46.624008,-23.415685],[-46.623894,-23.415715],[-46.623882,-23.415711],[-46.623875,-23.4157],[-46.623872,-23.415693],[-46.623815,-23.415519],[-46.623809,-23.4155],[-46.623907,-23.415474],[-46.623946,-23.415463],[-46.623951,-23.415479],[-46.624008,-23.415685]]]},"properties":{"sqlu":"SP-004-145897","inscription":"SP-GEOSAMPA-2145897","inscricaoImobiliaria":"SP-IMO-2145897","setor":"004","quadra":"052","lote":"0000","sourceType":"OFFICIAL_IMPORT","mainAddress":"Setor Fiscal 004","zoneamento":"RESIDENCIAL","statusCadastral":"ATIVO","workflowStatus":"PENDENTE","isOfficial":true,"rawProperties":{"cd_identificador":2145897,"cd_identificador_original_lote":8918912,"cd_setor_fiscal":"004","cd_tipo_quadra":"F","tx_tipo_quadra":"FISCAL","cd_quadra_fiscal":"052","cd_subquadra_fiscal":null,"cd_condominio":"01","cd_tipo_lote":"F","tx_tipo_lote":"FISCAL","cd_lote":"0000","cd_situacao":1,"cd_digito_sql":null,"cd_logradouro":"116491","nm_logradouro_completo":"R DO LAVAPES","cd_numero_porta":"743 747 749","tx_complemento_endereco":null,"tx_situ_lote":null,"cd_tipo_uso_imovel":"XX","dc_tipo_uso_imovel":"Condomínio","cd_tipo_terreno_imovel":99,"qt_area_terreno":312,"qt_area_construida":null}}},{"type":"Feature","geometry":{"type":"Polygon","coordinates":[[[-46.620529,-23.413362],[-46.620534,-23.413325],[-46.620849,-23.413309],[-46.62085,-23.413346],[-46.620529,-23.413362]]]},"properties":{"sqlu":"SP-004-145837","inscription":"SP-GEOSAMPA-2145837","inscricaoImobiliaria":"SP-IMO-2145837","setor":"004","quadra":"056","lote":"0027","sourceType":"OFFICIAL_IMPORT","mainAddress":"Setor Fiscal 004","zoneamento":"RESIDENCIAL","statusCadastral":"ATIVO","workflowStatus":"PENDENTE","isOfficial":true,"rawProperties":{"cd_identificador":2145837,"cd_identificador_original_lote":8920109,"cd_setor_fiscal":"004","cd_tipo_quadra":"F","tx_tipo_quadra":"FISCAL","cd_quadra_fiscal":"056","cd_subquadra_fiscal":null,"cd_condominio":"00","cd_tipo_lote":"F","tx_tipo_lote":"FISCAL","cd_lote":"0027","cd_situacao":1,"cd_digito_sql":"5","cd_logradouro":"122386","nm_logradouro_completo":"R LUIS GAMA","cd_numero_porta":"634","tx_complemento_endereco":null,"tx_situ_lote":"ATIVO","cd_tipo_uso_imovel":"12","dc_tipo_uso_imovel":"Residencial","cd_tipo_terreno_imovel":1,"qt_area_terreno":138,"qt_area_construida":120}}},{"type":"Feature","geometry":{"type":"Polygon","coordinates":[[[-46.61644,-23.413699],[-46.616531,-23.413667],[-46.616556,-23.413727],[-46.616465,-23.413759],[-46.61644,-23.413699]]]},"properties":{"sqlu":"SP-004-145812","inscription":"SP-GEOSAMPA-2145812","inscricaoImobiliaria":"SP-IMO-2145812","setor":"004","quadra":"059","lote":"0088","sourceType":"OFFICIAL_IMPORT","mainAddress":"Setor Fiscal 004","zoneamento":"RESIDENCIAL","statusCadastral":"ATIVO","workflowStatus":"PENDENTE","isOfficial":true,"rawProperties":{"cd_identificador":2145812,"cd_identificador_original_lote":8918775,"cd_setor_fiscal":"004","cd_tipo_quadra":"F","tx_tipo_quadra":"FISCAL","cd_quadra_fiscal":"059","cd_subquadra_fiscal":null,"cd_condominio":"00","cd_tipo_lote":"F","tx_tipo_lote":"FISCAL","cd_lote":"0088","cd_situacao":1,"cd_digito_sql":"0","cd_logradouro":"098310","nm_logradouro_completo":"R BR DE JAGUARA","cd_numero_porta":"747","tx_complemento_endereco":"CS 2","tx_situ_lote":"ATIVO","cd_tipo_uso_imovel":"10","dc_tipo_uso_imovel":"Residencial","cd_tipo_terreno_imovel":4,"qt_area_terreno":69,"qt_area_construida":88}}},{"type":"Feature","geometry":{"type":"Polygon","coordinates":[[[-46.619436,-23.408905],[-46.619387,-23.408907],[-46.619374,-23.408775],[-46.619423,-23.408773],[-46.619436,-23.408905]]]},"properties":{"sqlu":"SP-004-145956","inscription":"SP-GEOSAMPA-2145956","inscricaoImobiliaria":"SP-IMO-2145956","setor":"004","quadra":"006","lote":"0046","sourceType":"OFFICIAL_IMPORT","mainAddress":"Setor Fiscal 004","zoneamento":"RESIDENCIAL","statusCadastral":"ATIVO","workflowStatus":"PENDENTE","isOfficial":true,"rawProperties":{"cd_identificador":2145956,"cd_identificador_original_lote":8918570,"cd_setor_fiscal":"004","cd_tipo_quadra":"F","tx_tipo_quadra":"FISCAL","cd_quadra_fiscal":"006","cd_subquadra_fiscal":null,"cd_condominio":"00","cd_tipo_lote":"F","tx_tipo_lote":"FISCAL","cd_lote":"0046","cd_situacao":1,"cd_digito_sql":"3","cd_logradouro":"049549","nm_logradouro_completo":"R CEL CINTRA","cd_numero_porta":"110","tx_complemento_endereco":"E 116 CS 9","tx_situ_lote":"ATIVO","cd_tipo_uso_imovel":"00","dc_tipo_uso_imovel":"Terreno","cd_tipo_terreno_imovel":4,"qt_area_terreno":75,"qt_area_construida":0}}},{"type":"Feature","geometry":{"type":"Polygon","coordinates":[[[-46.620132,-23.415536],[-46.620002,-23.41557],[-46.619981,-23.415522],[-46.620111,-23.415475],[-46.620124,-23.415476],[-46.620134,-23.415484],[-46.620137,-23.41549],[-46.620137,-23.415496],[-46.620132,-23.415536]]]},"properties":{"sqlu":"SP-004-146003","inscription":"SP-GEOSAMPA-2146003","inscricaoImobiliaria":"SP-IMO-2146003","setor":"004","quadra":"068","lote":"0078","sourceType":"OFFICIAL_IMPORT","mainAddress":"Setor Fiscal 004","zoneamento":"RESIDENCIAL","statusCadastral":"ATIVO","workflowStatus":"PENDENTE","isOfficial":true,"rawProperties":{"cd_identificador":2146003,"cd_identificador_original_lote":8919316,"cd_setor_fiscal":"004","cd_tipo_quadra":"F","tx_tipo_quadra":"FISCAL","cd_quadra_fiscal":"068","cd_subquadra_fiscal":null,"cd_condominio":"00","cd_tipo_lote":"F","tx_tipo_lote":"FISCAL","cd_lote":"0078","cd_situacao":1,"cd_digito_sql":"2","cd_logradouro":"122386","nm_logradouro_completo":"R LUIS GAMA","cd_numero_porta":"875","tx_complemento_endereco":"879","tx_situ_lote":"ATIVO","cd_tipo_uso_imovel":"42","dc_tipo_uso_imovel":"Não residencial","cd_tipo_terreno_imovel":2,"qt_area_terreno":69,"qt_area_construida":120}}},{"type":"Feature","geometry":{"type":"Polygon","coordinates":[[[-46.622611,-23.414249],[-46.622641,-23.414238],[-46.622661,-23.414232],[-46.622673,-23.414261],[-46.622728,-23.414387],[-46.622675,-23.414406],[-46.622611,-23.414249]]]},"properties":{"sqlu":"SP-004-146023","inscription":"SP-GEOSAMPA-2146023","inscricaoImobiliaria":"SP-IMO-2146023","setor":"004","quadra":"053","lote":"0004","sourceType":"OFFICIAL_IMPORT","mainAddress":"Setor Fiscal 004","zoneamento":"RESIDENCIAL","statusCadastral":"ATIVO","workflowStatus":"PENDENTE","isOfficial":true,"rawProperties":{"cd_identificador":2146023,"cd_identificador_original_lote":8919321,"cd_setor_fiscal":"004","cd_tipo_quadra":"F","tx_tipo_quadra":"FISCAL","cd_quadra_fiscal":"053","cd_subquadra_fiscal":null,"cd_condominio":"00","cd_tipo_lote":"F","tx_tipo_lote":"FISCAL","cd_lote":"0004","cd_situacao":1,"cd_digito_sql":"2","cd_logradouro":"048291","nm_logradouro_completo":"R CESARIO RAMALHO","cd_numero_porta":"129","tx_complemento_endereco":null,"tx_situ_lote":"ATIVO","cd_tipo_uso_imovel":"10","dc_tipo_uso_imovel":"Residencial","cd_tipo_terreno_imovel":1,"qt_area_terreno":96,"qt_area_construida":77}}},{"type":"Feature","geometry":{"type":"Polygon","coordinates":[[[-46.615499,-23.414531],[-46.615577,-23.414502],[-46.615654,-23.414473],[-46.615726,-23.414446],[-46.615767,-23.414431],[-46.615805,-23.414416],[-46.615889,-23.414617],[-46.615904,-23.414612],[-46.616045,-23.41495],[-46.616048,-23.414955],[-46.615889,-23.415012],[-46.615879,-23.414988],[-46.615762,-23.414719],[-46.615741,-23.414672],[-46.615671,-23.414698],[-46.61566,-23.414702],[-46.615642,-23.414709],[-46.615593,-23.414727],[-46.615499,-23.414531]]]},"properties":{"sqlu":"SP-004-146027","inscription":"SP-GEOSAMPA-2146027","inscricaoImobiliaria":"SP-IMO-2146027","setor":"004","quadra":"064","lote":"0098","sourceType":"OFFICIAL_IMPORT","mainAddress":"Setor Fiscal 004","zoneamento":"RESIDENCIAL","statusCadastral":"ATIVO","workflowStatus":"PENDENTE","isOfficial":true,"rawProperties":{"cd_identificador":2146027,"cd_identificador_original_lote":8919409,"cd_setor_fiscal":"004","cd_tipo_quadra":"F","tx_tipo_quadra":"FISCAL","cd_quadra_fiscal":"064","cd_subquadra_fiscal":null,"cd_condominio":"00","cd_tipo_lote":"F","tx_tipo_lote":"FISCAL","cd_lote":"0098","cd_situacao":1,"cd_digito_sql":"9","cd_logradouro":"182087","nm_logradouro_completo":"R SILVEIRA DA MOTA","cd_numero_porta":"621","tx_complemento_endereco":null,"tx_situ_lote":"ATIVO","cd_tipo_uso_imovel":"51","dc_tipo_uso_imovel":"Não residencial","cd_tipo_terreno_imovel":3,"qt_area_terreno":1474,"qt_area_construida":1733}}},{"type":"Feature","geometry":{"type":"Polygon","coordinates":[[[-46.628601,-23.413405],[-46.628584,-23.413408],[-46.628548,-23.413416],[-46.628421,-23.413443],[-46.628289,-23.413496],[-46.628246,-23.413514],[-46.628224,-23.413467],[-46.628413,-23.413395],[-46.628566,-23.413354],[-46.628602,-23.413344],[-46.628601,-23.413405]]]},"properties":{"sqlu":"SP-004-146130","inscription":"SP-GEOSAMPA-2146130","inscricaoImobiliaria":"SP-IMO-2146130","setor":"004","quadra":"043","lote":"0029","sourceType":"OFFICIAL_IMPORT","mainAddress":"Setor Fiscal 004","zoneamento":"RESIDENCIAL","statusCadastral":"ATIVO","workflowStatus":"PENDENTE","isOfficial":true,"rawProperties":{"cd_identificador":2146130,"cd_identificador_original_lote":8919473,"cd_setor_fiscal":"004","cd_tipo_quadra":"F","tx_tipo_quadra":"FISCAL","cd_quadra_fiscal":"043","cd_subquadra_fiscal":null,"cd_condominio":"00","cd_tipo_lote":"F","tx_tipo_lote":"FISCAL","cd_lote":"0029","cd_situacao":1,"cd_digito_sql":"4","cd_logradouro":"187771","nm_logradouro_completo":"R TEIXEIRA LEITE","cd_numero_porta":"486","tx_complemento_endereco":null,"tx_situ_lote":"ATIVO","cd_tipo_uso_imovel":"14","dc_tipo_uso_imovel":"Residencial","cd_tipo_terreno_imovel":1,"qt_area_terreno":200,"qt_area_construida":134}}},{"type":"Feature","geometry":{"type":"Polygon","coordinates":[[[-46.618317,-23.409435],[-46.618317,-23.409424],[-46.61831,-23.40929],[-46.618304,-23.409176],[-46.618297,-23.409054],[-46.618293,-23.408977],[-46.618226,-23.408981],[-46.618221,-23.408894],[-46.618239,-23.408893],[-46.618281,-23.408891],[-46.618402,-23.408884],[-46.618413,-23.40908],[-46.618419,-23.409175],[-46.618423,-23.409239],[-46.618434,-23.409432],[-46.618317,-23.409435]]]},"properties":{"sqlu":"SP-004-146147","inscription":"SP-GEOSAMPA-2146147","inscricaoImobiliaria":"SP-IMO-2146147","setor":"004","quadra":"007","lote":"0100","sourceType":"OFFICIAL_IMPORT","mainAddress":"Setor Fiscal 004","zoneamento":"RESIDENCIAL","statusCadastral":"ATIVO","workflowStatus":"PENDENTE","isOfficial":true,"rawProperties":{"cd_identificador":2146147,"cd_identificador_original_lote":8918898,"cd_setor_fiscal":"004","cd_tipo_quadra":"F","tx_tipo_quadra":"FISCAL","cd_quadra_fiscal":"007","cd_subquadra_fiscal":null,"cd_condominio":"00","cd_tipo_lote":"F","tx_tipo_lote":"FISCAL","cd_lote":"0100","cd_situacao":1,"cd_digito_sql":"6","cd_logradouro":"035173","nm_logradouro_completo":"R DOM BOSCO","cd_numero_porta":"265","tx_complemento_endereco":null,"tx_situ_lote":"ATIVO","cd_tipo_uso_imovel":"42","dc_tipo_uso_imovel":"Não residencial","cd_tipo_terreno_imovel":1,"qt_area_terreno":480,"qt_area_construida":1819}}},{"type":"Feature","geometry":{"type":"Polygon","coordinates":[[[-46.619156,-23.408448],[-46.619158,-23.408483],[-46.619022,-23.408489],[-46.61902,-23.408455],[-46.619036,-23.408439],[-46.619137,-23.408432],[-46.619152,-23.408448],[-46.619156,-23.408448]]]},"properties":{"sqlu":"SP-004-146163","inscription":"SP-GEOSAMPA-2146163","inscricaoImobiliaria":"SP-IMO-2146163","setor":"004","quadra":"006","lote":"0025","sourceType":"OFFICIAL_IMPORT","mainAddress":"Setor Fiscal 004","zoneamento":"RESIDENCIAL","statusCadastral":"ATIVO","workflowStatus":"PENDENTE","isOfficial":true,"rawProperties":{"cd_identificador":2146163,"cd_identificador_original_lote":8918551,"cd_setor_fiscal":"004","cd_tipo_quadra":"F","tx_tipo_quadra":"FISCAL","cd_quadra_fiscal":"006","cd_subquadra_fiscal":null,"cd_condominio":"00","cd_tipo_lote":"F","tx_tipo_lote":"FISCAL","cd_lote":"0025","cd_situacao":1,"cd_digito_sql":"0","cd_logradouro":"049549","nm_logradouro_completo":"R CEL CINTRA","cd_numero_porta":"80","tx_complemento_endereco":"82","tx_situ_lote":"ATIVO","cd_tipo_uso_imovel":"42","dc_tipo_uso_imovel":"Não residencial","cd_tipo_terreno_imovel":1,"qt_area_terreno":80,"qt_area_construida":153}}},{"type":"Feature","geometry":{"type":"Polygon","coordinates":[[[-46.619156,-23.408448],[-46.619204,-23.408446],[-46.619214,-23.408576],[-46.619163,-23.408578],[-46.619161,-23.40853],[-46.619158,-23.408483],[-46.619156,-23.408448]]]},"properties":{"sqlu":"SP-004-146164","inscription":"SP-GEOSAMPA-2146164","inscricaoImobiliaria":"SP-IMO-2146164","setor":"004","quadra":"006","lote":"0024","sourceType":"OFFICIAL_IMPORT","mainAddress":"Setor Fiscal 004","zoneamento":"RESIDENCIAL","statusCadastral":"ATIVO","workflowStatus":"PENDENTE","isOfficial":true,"rawProperties":{"cd_identificador":2146164,"cd_identificador_original_lote":8918552,"cd_setor_fiscal":"004","cd_tipo_quadra":"F","tx_tipo_quadra":"FISCAL","cd_quadra_fiscal":"006","cd_subquadra_fiscal":null,"cd_condominio":"00","cd_tipo_lote":"F","tx_tipo_lote":"FISCAL","cd_lote":"0024","cd_situacao":1,"cd_digito_sql":"2","cd_logradouro":"049549","nm_logradouro_completo":"R CEL CINTRA","cd_numero_porta":"72","tx_complemento_endereco":"E 78 CS 1","tx_situ_lote":"ATIVO","cd_tipo_uso_imovel":"10","dc_tipo_uso_imovel":"Residencial","cd_tipo_terreno_imovel":4,"qt_area_terreno":75,"qt_area_construida":70}}},{"type":"Feature","geometry":{"type":"Polygon","coordinates":[[[-46.616809,-23.415641],[-46.616853,-23.415624],[-46.616898,-23.415606],[-46.616917,-23.415645],[-46.616829,-23.415681],[-46.616809,-23.415641]]]},"properties":{"sqlu":"SP-004-146081","inscription":"SP-GEOSAMPA-2146081","inscricaoImobiliaria":"SP-IMO-2146081","setor":"004","quadra":"069","lote":"0021","sourceType":"OFFICIAL_IMPORT","mainAddress":"Setor Fiscal 004","zoneamento":"RESIDENCIAL","statusCadastral":"ATIVO","workflowStatus":"PENDENTE","isOfficial":true,"rawProperties":{"cd_identificador":2146081,"cd_identificador_original_lote":8919110,"cd_setor_fiscal":"004","cd_tipo_quadra":"F","tx_tipo_quadra":"FISCAL","cd_quadra_fiscal":"069","cd_subquadra_fiscal":null,"cd_condominio":"00","cd_tipo_lote":"F","tx_tipo_lote":"FISCAL","cd_lote":"0021","cd_situacao":1,"cd_digito_sql":"3","cd_logradouro":"184845","nm_logradouro_completo":"R ESTEFANO","cd_numero_porta":"96","tx_complemento_endereco":null,"tx_situ_lote":"ATIVO","cd_tipo_uso_imovel":"10","dc_tipo_uso_imovel":"Residencial","cd_tipo_terreno_imovel":1,"qt_area_terreno":50,"qt_area_construida":100}}},{"type":"Feature","geometry":{"type":"Polygon","coordinates":[[[-46.617518,-23.410884],[-46.617525,-23.410958],[-46.617544,-23.411139],[-46.617501,-23.411152],[-46.617474,-23.410886],[-46.617518,-23.410884]]]},"properties":{"sqlu":"SP-004-146299","inscription":"SP-GEOSAMPA-2146299","inscricaoImobiliaria":"SP-IMO-2146299","setor":"004","quadra":"027","lote":"0010","sourceType":"OFFICIAL_IMPORT","mainAddress":"Setor Fiscal 004","zoneamento":"RESIDENCIAL","statusCadastral":"ATIVO","workflowStatus":"PENDENTE","isOfficial":true,"rawProperties":{"cd_identificador":2146299,"cd_identificador_original_lote":8920126,"cd_setor_fiscal":"004","cd_tipo_quadra":"F","tx_tipo_quadra":"FISCAL","cd_quadra_fiscal":"027","cd_subquadra_fiscal":null,"cd_condominio":"00","cd_tipo_lote":"F","tx_tipo_lote":"FISCAL","cd_lote":"0010","cd_situacao":1,"cd_digito_sql":"4","cd_logradouro":"066427","nm_logradouro_completo":"AV DO ESTADO","cd_numero_porta":"5259","tx_complemento_endereco":null,"tx_situ_lote":"ATIVO","cd_tipo_uso_imovel":"40","dc_tipo_uso_imovel":"Não residencial","cd_tipo_terreno_imovel":1,"qt_area_terreno":144,"qt_area_construida":125}}},{"type":"Feature","geometry":{"type":"Polygon","coordinates":[[[-46.617518,-23.410884],[-46.617562,-23.410881],[-46.617565,-23.410907],[-46.617569,-23.410945],[-46.61757,-23.410955],[-46.617589,-23.411126],[-46.617544,-23.411139],[-46.617525,-23.410958],[-46.617518,-23.410884]]]},"properties":{"sqlu":"SP-004-146300","inscription":"SP-GEOSAMPA-2146300","inscricaoImobiliaria":"SP-IMO-2146300","setor":"004","quadra":"027","lote":"0009","sourceType":"OFFICIAL_IMPORT","mainAddress":"Setor Fiscal 004","zoneamento":"RESIDENCIAL","statusCadastral":"ATIVO","workflowStatus":"PENDENTE","isOfficial":true,"rawProperties":{"cd_identificador":2146300,"cd_identificador_original_lote":8920293,"cd_setor_fiscal":"004","cd_tipo_quadra":"F","tx_tipo_quadra":"FISCAL","cd_quadra_fiscal":"027","cd_subquadra_fiscal":null,"cd_condominio":"00","cd_tipo_lote":"F","tx_tipo_lote":"FISCAL","cd_lote":"0009","cd_situacao":1,"cd_digito_sql":"0","cd_logradouro":"066427","nm_logradouro_completo":"AV DO ESTADO","cd_numero_porta":"5255","tx_complemento_endereco":null,"tx_situ_lote":"ATIVO","cd_tipo_uso_imovel":"10","dc_tipo_uso_imovel":"Residencial","cd_tipo_terreno_imovel":1,"qt_area_terreno":130,"qt_area_construida":100}}},{"type":"Feature","geometry":{"type":"Polygon","coordinates":[[[-46.623769,-23.412722],[-46.6237,-23.412713],[-46.623615,-23.412702],[-46.623482,-23.412686],[-46.62349,-23.412606],[-46.623518,-23.412369],[-46.62353,-23.412273],[-46.623533,-23.412243],[-46.62354,-23.412195],[-46.62363,-23.412207],[-46.623673,-23.412212],[-46.623758,-23.412223],[-46.62382,-23.412231],[-46.623769,-23.412722]]]},"properties":{"sqlu":"SP-004-146251","inscription":"SP-GEOSAMPA-2146251","inscricaoImobiliaria":"SP-IMO-2146251","setor":"004","quadra":"033","lote":"0000","sourceType":"OFFICIAL_IMPORT","mainAddress":"Setor Fiscal 004","zoneamento":"RESIDENCIAL","statusCadastral":"ATIVO","workflowStatus":"PENDENTE","isOfficial":true,"rawProperties":{"cd_identificador":2146251,"cd_identificador_original_lote":8920408,"cd_setor_fiscal":"004","cd_tipo_quadra":"F","tx_tipo_quadra":"FISCAL","cd_quadra_fiscal":"033","cd_subquadra_fiscal":null,"cd_condominio":"01","cd_tipo_lote":"F","tx_tipo_lote":"FISCAL","cd_lote":"0000","cd_situacao":1,"cd_digito_sql":null,"cd_logradouro":"057886","nm_logradouro_completo":"R PROF DEMOSTENES BATISTA F. MARQUES","cd_numero_porta":"8","tx_complemento_endereco":null,"tx_situ_lote":null,"cd_tipo_uso_imovel":"XX","dc_tipo_uso_imovel":"Condomínio","cd_tipo_terreno_imovel":99,"qt_area_terreno":1352,"qt_area_construida":null}}},{"type":"Feature","geometry":{"type":"Polygon","coordinates":[[[-46.619895,-23.414277],[-46.619883,-23.414346],[-46.619843,-23.414348],[-46.619848,-23.41431],[-46.619848,-23.414308],[-46.619852,-23.414278],[-46.619856,-23.414253],[-46.619864,-23.414193],[-46.619876,-23.414101],[-46.619929,-23.414088],[-46.619915,-23.414169],[-46.619905,-23.414223],[-46.619895,-23.414277]]]},"properties":{"sqlu":"SP-004-146319","inscription":"SP-GEOSAMPA-2146319","inscricaoImobiliaria":"SP-IMO-2146319","setor":"004","quadra":"062","lote":"0074","sourceType":"OFFICIAL_IMPORT","mainAddress":"Setor Fiscal 004","zoneamento":"RESIDENCIAL","statusCadastral":"ATIVO","workflowStatus":"PENDENTE","isOfficial":true,"rawProperties":{"cd_identificador":2146319,"cd_identificador_original_lote":8919185,"cd_setor_fiscal":"004","cd_tipo_quadra":"F","tx_tipo_quadra":"FISCAL","cd_quadra_fiscal":"062","cd_subquadra_fiscal":null,"cd_condominio":"00","cd_tipo_lote":"F","tx_tipo_lote":"FISCAL","cd_lote":"0074","cd_situacao":1,"cd_digito_sql":"2","cd_logradouro":"182087","nm_logradouro_completo":"R SILVEIRA DA MOTA","cd_numero_porta":"196","tx_complemento_endereco":"198","tx_situ_lote":"ATIVO","cd_tipo_uso_imovel":"14","dc_tipo_uso_imovel":"Residencial","cd_tipo_terreno_imovel":1,"qt_area_terreno":141,"qt_area_construida":220}}},{"type":"Feature","geometry":{"type":"Polygon","coordinates":[[[-46.619895,-23.414277],[-46.619936,-23.414275],[-46.619945,-23.414274],[-46.619957,-23.414273],[-46.620047,-23.414268],[-46.620094,-23.414265],[-46.620125,-23.414263],[-46.620273,-23.414253],[-46.620264,-23.414343],[-46.620022,-23.414344],[-46.61996,-23.414345],[-46.619938,-23.414345],[-46.619901,-23.414345],[-46.619883,-23.414346],[-46.619895,-23.414277]]]},"properties":{"sqlu":"SP-004-146320","inscription":"SP-GEOSAMPA-2146320","inscricaoImobiliaria":"SP-IMO-2146320","setor":"004","quadra":"062","lote":"0044","sourceType":"OFFICIAL_IMPORT","mainAddress":"Setor Fiscal 004","zoneamento":"RESIDENCIAL","statusCadastral":"ATIVO","workflowStatus":"PENDENTE","isOfficial":true,"rawProperties":{"cd_identificador":2146320,"cd_identificador_original_lote":8919189,"cd_setor_fiscal":"004","cd_tipo_quadra":"F","tx_tipo_quadra":"FISCAL","cd_quadra_fiscal":"062","cd_subquadra_fiscal":null,"cd_condominio":"00","cd_tipo_lote":"F","tx_tipo_lote":"FISCAL","cd_lote":"0044","cd_situacao":1,"cd_digito_sql":"0","cd_logradouro":"122386","nm_logradouro_completo":"R LUIS GAMA","cd_numero_porta":"743","tx_complemento_endereco":"E 745","tx_situ_lote":"ATIVO","cd_tipo_uso_imovel":"50","dc_tipo_uso_imovel":"Não residencial","cd_tipo_terreno_imovel":1,"qt_area_terreno":370,"qt_area_construida":900}}},{"type":"Feature","geometry":{"type":"Polygon","coordinates":[[[-46.620576,-23.408568],[-46.620565,-23.408674],[-46.620492,-23.408677],[-46.620503,-23.408571],[-46.620576,-23.408568]]]},"properties":{"sqlu":"SP-004-146323","inscription":"SP-GEOSAMPA-2146323","inscricaoImobiliaria":"SP-IMO-2146323","setor":"004","quadra":"005","lote":"0457","sourceType":"OFFICIAL_IMPORT","mainAddress":"Setor Fiscal 004","zoneamento":"RESIDENCIAL","statusCadastral":"ATIVO","workflowStatus":"PENDENTE","isOfficial":true,"rawProperties":{"cd_identificador":2146323,"cd_identificador_original_lote":8919024,"cd_setor_fiscal":"004","cd_tipo_quadra":"F","tx_tipo_quadra":"FISCAL","cd_quadra_fiscal":"005","cd_subquadra_fiscal":null,"cd_condominio":"00","cd_tipo_lote":"F","tx_tipo_lote":"FISCAL","cd_lote":"0457","cd_situacao":1,"cd_digito_sql":"1","cd_logradouro":"651516","nm_logradouro_completo":"RP SEM DENOMINACAO (MOOCA)","cd_numero_porta":"3","tx_complemento_endereco":"AO LADO DO 103","tx_situ_lote":"ATIVO","cd_tipo_uso_imovel":"50","dc_tipo_uso_imovel":"Não residencial","cd_tipo_terreno_imovel":1,"qt_area_terreno":110,"qt_area_construida":110}}},{"type":"Feature","geometry":{"type":"Polygon","coordinates":[[[-46.620576,-23.408568],[-46.620772,-23.408558],[-46.620799,-23.408557],[-46.620969,-23.408548],[-46.620954,-23.408655],[-46.620565,-23.408674],[-46.620576,-23.408568]]]},"properties":{"sqlu":"SP-004-146324","inscription":"SP-GEOSAMPA-2146324","inscricaoImobiliaria":"SP-IMO-2146324","setor":"004","quadra":"005","lote":"0050","sourceType":"OFFICIAL_IMPORT","mainAddress":"Setor Fiscal 004","zoneamento":"RESIDENCIAL","statusCadastral":"ATIVO","workflowStatus":"PENDENTE","isOfficial":true,"rawProperties":{"cd_identificador":2146324,"cd_identificador_original_lote":8920332,"cd_setor_fiscal":"004","cd_tipo_quadra":"F","tx_tipo_quadra":"FISCAL","cd_quadra_fiscal":"005","cd_subquadra_fiscal":null,"cd_condominio":"00","cd_tipo_lote":"F","tx_tipo_lote":"FISCAL","cd_lote":"0050","cd_situacao":1,"cd_digito_sql":"7","cd_logradouro":"122386","nm_logradouro_completo":"R LUIS GAMA","cd_numero_porta":"97","tx_complemento_endereco":"103 103 F","tx_situ_lote":"ATIVO","cd_tipo_uso_imovel":"50","dc_tipo_uso_imovel":"Não residencial","cd_tipo_terreno_imovel":2,"qt_area_terreno":478,"qt_area_construida":1954}}},{"type":"Feature","geometry":{"type":"Polygon","coordinates":[[[-46.619377,-23.415195],[-46.619398,-23.415246],[-46.619429,-23.415319],[-46.619505,-23.415505],[-46.619519,-23.415536],[-46.619447,-23.415565],[-46.619444,-23.415557],[-46.619415,-23.415484],[-46.619407,-23.415467],[-46.619398,-23.415444],[-46.619388,-23.415418],[-46.619382,-23.415403],[-46.619367,-23.415363],[-46.619351,-23.415324],[-46.619335,-23.415284],[-46.619328,-23.415267],[-46.619323,-23.415255],[-46.619309,-23.41522],[-46.619377,-23.415195]]]},"properties":{"sqlu":"SP-004-146387","inscription":"SP-GEOSAMPA-2146387","inscricaoImobiliaria":"SP-IMO-2146387","setor":"004","quadra":"062","lote":"0008","sourceType":"OFFICIAL_IMPORT","mainAddress":"Setor Fiscal 004","zoneamento":"RESIDENCIAL","statusCadastral":"ATIVO","workflowStatus":"PENDENTE","isOfficial":true,"rawProperties":{"cd_identificador":2146387,"cd_identificador_original_lote":8918703,"cd_setor_fiscal":"004","cd_tipo_quadra":"F","tx_tipo_quadra":"FISCAL","cd_quadra_fiscal":"062","cd_subquadra_fiscal":null,"cd_condominio":"00","cd_tipo_lote":"F","tx_tipo_lote":"FISCAL","cd_lote":"0008","cd_situacao":1,"cd_digito_sql":"4","cd_logradouro":"048291","nm_logradouro_completo":"R CESARIO RAMALHO","cd_numero_porta":"487","tx_complemento_endereco":null,"tx_situ_lote":"ATIVO","cd_tipo_uso_imovel":"50","dc_tipo_uso_imovel":"Não residencial","cd_tipo_terreno_imovel":1,"qt_area_terreno":320,"qt_area_construida":495}}},{"type":"Feature","geometry":{"type":"Polygon","coordinates":[[[-46.619377,-23.415195],[-46.619442,-23.415172],[-46.619462,-23.415221],[-46.619533,-23.41539],[-46.619583,-23.415511],[-46.619519,-23.415536],[-46.619505,-23.415505],[-46.619429,-23.415319],[-46.619398,-23.415246],[-46.619377,-23.415195]]]},"properties":{"sqlu":"SP-004-146388","inscription":"SP-GEOSAMPA-2146388","inscricaoImobiliaria":"SP-IMO-2146388","setor":"004","quadra":"062","lote":"0007","sourceType":"OFFICIAL_IMPORT","mainAddress":"Setor Fiscal 004","zoneamento":"RESIDENCIAL","statusCadastral":"ATIVO","workflowStatus":"PENDENTE","isOfficial":true,"rawProperties":{"cd_identificador":2146388,"cd_identificador_original_lote":8918704,"cd_setor_fiscal":"004","cd_tipo_quadra":"F","tx_tipo_quadra":"FISCAL","cd_quadra_fiscal":"062","cd_subquadra_fiscal":null,"cd_condominio":"00","cd_tipo_lote":"F","tx_tipo_lote":"FISCAL","cd_lote":"0007","cd_situacao":1,"cd_digito_sql":"6","cd_logradouro":"048291","nm_logradouro_completo":"R CESARIO RAMALHO","cd_numero_porta":"479","tx_complemento_endereco":null,"tx_situ_lote":"ATIVO","cd_tipo_uso_imovel":"10","dc_tipo_uso_imovel":"Residencial","cd_tipo_terreno_imovel":1,"qt_area_terreno":301,"qt_area_construida":171}}},{"type":"Feature","geometry":{"type":"Polygon","coordinates":[[[-46.618546,-23.413717],[-46.618837,-23.413651],[-46.618875,-23.413643],[-46.618927,-23.413631],[-46.61893,-23.41364],[-46.618945,-23.413682],[-46.618567,-23.413768],[-46.618546,-23.413717]]]},"properties":{"sqlu":"SP-004-146442","inscription":"SP-GEOSAMPA-2146442","inscricaoImobiliaria":"SP-IMO-2146442","setor":"004","quadra":"057","lote":"0004","sourceType":"OFFICIAL_IMPORT","mainAddress":"Setor Fiscal 004","zoneamento":"RESIDENCIAL","statusCadastral":"ATIVO","workflowStatus":"PENDENTE","isOfficial":true,"rawProperties":{"cd_identificador":2146442,"cd_identificador_original_lote":8919538,"cd_setor_fiscal":"004","cd_tipo_quadra":"F","tx_tipo_quadra":"FISCAL","cd_quadra_fiscal":"057","cd_subquadra_fiscal":null,"cd_condominio":"00","cd_tipo_lote":"F","tx_tipo_lote":"FISCAL","cd_lote":"0004","cd_situacao":1,"cd_digito_sql":"0","cd_logradouro":"008141","nm_logradouro_completo":"R DOS ALPES","cd_numero_porta":"284","tx_complemento_endereco":null,"tx_situ_lote":"ATIVO","cd_tipo_uso_imovel":"40","dc_tipo_uso_imovel":"Não residencial","cd_tipo_terreno_imovel":1,"qt_area_terreno":186,"qt_area_construida":186}}},{"type":"Feature","geometry":{"type":"Polygon","coordinates":[[[-46.61802,-23.415912],[-46.618239,-23.415838],[-46.618258,-23.415885],[-46.618223,-23.415898],[-46.618182,-23.415913],[-46.618077,-23.415952],[-46.618042,-23.415965],[-46.61802,-23.415912]]]},"properties":{"sqlu":"SP-004-146372","inscription":"SP-GEOSAMPA-2146372","inscricaoImobiliaria":"SP-IMO-2146372","setor":"004","quadra":"063","lote":"0003","sourceType":"OFFICIAL_IMPORT","mainAddress":"Setor Fiscal 004","zoneamento":"RESIDENCIAL","statusCadastral":"ATIVO","workflowStatus":"PENDENTE","isOfficial":true,"rawProperties":{"cd_identificador":2146372,"cd_identificador_original_lote":8919102,"cd_setor_fiscal":"004","cd_tipo_quadra":"F","tx_tipo_quadra":"FISCAL","cd_quadra_fiscal":"063","cd_subquadra_fiscal":null,"cd_condominio":"00","cd_tipo_lote":"F","tx_tipo_lote":"FISCAL","cd_lote":"0003","cd_situacao":1,"cd_digito_sql":"8","cd_logradouro":"098310","nm_logradouro_completo":"R BR DE JAGUARA","cd_numero_porta":"1042","tx_complemento_endereco":null,"tx_situ_lote":"ATIVO","cd_tipo_uso_imovel":"40","dc_tipo_uso_imovel":"Não residencial","cd_tipo_terreno_imovel":1,"qt_area_terreno":144,"qt_area_construida":140}}},{"type":"Feature","geometry":{"type":"Polygon","coordinates":[[[-46.61802,-23.415912],[-46.618006,-23.415877],[-46.617999,-23.415861],[-46.618043,-23.415846],[-46.618084,-23.415831],[-46.618181,-23.415797],[-46.618218,-23.415785],[-46.618239,-23.415838],[-46.61802,-23.415912]]]},"properties":{"sqlu":"SP-004-146373","inscription":"SP-GEOSAMPA-2146373","inscricaoImobiliaria":"SP-IMO-2146373","setor":"004","quadra":"063","lote":"0004","sourceType":"OFFICIAL_IMPORT","mainAddress":"Setor Fiscal 004","zoneamento":"RESIDENCIAL","statusCadastral":"ATIVO","workflowStatus":"PENDENTE","isOfficial":true,"rawProperties":{"cd_identificador":2146373,"cd_identificador_original_lote":8919103,"cd_setor_fiscal":"004","cd_tipo_quadra":"F","tx_tipo_quadra":"FISCAL","cd_quadra_fiscal":"063","cd_subquadra_fiscal":null,"cd_condominio":"00","cd_tipo_lote":"F","tx_tipo_lote":"FISCAL","cd_lote":"0004","cd_situacao":1,"cd_digito_sql":"6","cd_logradouro":"098310","nm_logradouro_completo":"R BR DE JAGUARA","cd_numero_porta":"1032","tx_complemento_endereco":null,"tx_situ_lote":"ATIVO","cd_tipo_uso_imovel":"12","dc_tipo_uso_imovel":"Residencial","cd_tipo_terreno_imovel":1,"qt_area_terreno":120,"qt_area_construida":80}}},{"type":"Feature","geometry":{"type":"Polygon","coordinates":[[[-46.617579,-23.409697],[-46.61734,-23.409715],[-46.617335,-23.409666],[-46.617395,-23.409662],[-46.617574,-23.409652],[-46.617579,-23.409697]]]},"properties":{"sqlu":"SP-004-146581","inscription":"SP-GEOSAMPA-2146581","inscricaoImobiliaria":"SP-IMO-2146581","setor":"004","quadra":"017","lote":"0047","sourceType":"OFFICIAL_IMPORT","mainAddress":"Setor Fiscal 004","zoneamento":"RESIDENCIAL","statusCadastral":"ATIVO","workflowStatus":"PENDENTE","isOfficial":true,"rawProperties":{"cd_identificador":2146581,"cd_identificador_original_lote":8919077,"cd_setor_fiscal":"004","cd_tipo_quadra":"F","tx_tipo_quadra":"FISCAL","cd_quadra_fiscal":"017","cd_subquadra_fiscal":null,"cd_condominio":"00","cd_tipo_lote":"F","tx_tipo_lote":"FISCAL","cd_lote":"0047","cd_situacao":1,"cd_digito_sql":"1","cd_logradouro":"151181","nm_logradouro_completo":"R OSCAR HORTA","cd_numero_porta":"205","tx_complemento_endereco":null,"tx_situ_lote":"ATIVO","cd_tipo_uso_imovel":"51","dc_tipo_uso_imovel":"Não residencial","cd_tipo_terreno_imovel":1,"qt_area_terreno":125,"qt_area_construida":135}}},{"type":"Feature","geometry":{"type":"Polygon","coordinates":[[[-46.617579,-23.409697],[-46.617583,-23.409742],[-46.617343,-23.409762],[-46.61734,-23.409715],[-46.617579,-23.409697]]]},"properties":{"sqlu":"SP-004-146582","inscription":"SP-GEOSAMPA-2146582","inscricaoImobiliaria":"SP-IMO-2146582","setor":"004","quadra":"017","lote":"0048","sourceType":"OFFICIAL_IMPORT","mainAddress":"Setor Fiscal 004","zoneamento":"RESIDENCIAL","statusCadastral":"ATIVO","workflowStatus":"PENDENTE","isOfficial":true,"rawProperties":{"cd_identificador":2146582,"cd_identificador_original_lote":8919078,"cd_setor_fiscal":"004","cd_tipo_quadra":"F","tx_tipo_quadra":"FISCAL","cd_quadra_fiscal":"017","cd_subquadra_fiscal":null,"cd_condominio":"00","cd_tipo_lote":"F","tx_tipo_lote":"FISCAL","cd_lote":"0048","cd_situacao":1,"cd_digito_sql":"8","cd_logradouro":"151181","nm_logradouro_completo":"R OSCAR HORTA","cd_numero_porta":"213","tx_complemento_endereco":null,"tx_situ_lote":"ATIVO","cd_tipo_uso_imovel":"12","dc_tipo_uso_imovel":"Residencial","cd_tipo_terreno_imovel":1,"qt_area_terreno":120,"qt_area_construida":89}}},{"type":"Feature","geometry":{"type":"Polygon","coordinates":[[[-46.62094,-23.415028],[-46.620935,-23.414851],[-46.620906,-23.41485],[-46.620897,-23.414662],[-46.620957,-23.414645],[-46.620968,-23.414792],[-46.620981,-23.414791],[-46.620983,-23.414874],[-46.620984,-23.414903],[-46.620986,-23.415011],[-46.62094,-23.415028]]]},"properties":{"sqlu":"SP-004-146573","inscription":"SP-GEOSAMPA-2146573","inscricaoImobiliaria":"SP-IMO-2146573","setor":"004","quadra":"061","lote":"0017","sourceType":"OFFICIAL_IMPORT","mainAddress":"Setor Fiscal 004","zoneamento":"RESIDENCIAL","statusCadastral":"ATIVO","workflowStatus":"PENDENTE","isOfficial":true,"rawProperties":{"cd_identificador":2146573,"cd_identificador_original_lote":8919455,"cd_setor_fiscal":"004","cd_tipo_quadra":"F","tx_tipo_quadra":"FISCAL","cd_quadra_fiscal":"061","cd_subquadra_fiscal":null,"cd_condominio":"00","cd_tipo_lote":"F","tx_tipo_lote":"FISCAL","cd_lote":"0017","cd_situacao":1,"cd_digito_sql":"9","cd_logradouro":"048291","nm_logradouro_completo":"R CESARIO RAMALHO","cd_numero_porta":"319","tx_complemento_endereco":"A","tx_situ_lote":"ATIVO","cd_tipo_uso_imovel":"14","dc_tipo_uso_imovel":"Residencial","cd_tipo_terreno_imovel":1,"qt_area_terreno":200,"qt_area_construida":162}}},{"type":"Feature","geometry":{"type":"Polygon","coordinates":[[[-46.622871,-23.415102],[-46.622792,-23.415125],[-46.622771,-23.415131],[-46.622746,-23.415139],[-46.622719,-23.415095],[-46.622856,-23.415054],[-46.622871,-23.415102]]]},"properties":{"sqlu":"SP-004-146496","inscription":"SP-GEOSAMPA-2146496","inscricaoImobiliaria":"SP-IMO-2146496","setor":"004","quadra":"060","lote":"0016","sourceType":"OFFICIAL_IMPORT","mainAddress":"Setor Fiscal 004","zoneamento":"RESIDENCIAL","statusCadastral":"ATIVO","workflowStatus":"PENDENTE","isOfficial":true,"rawProperties":{"cd_identificador":2146496,"cd_identificador_original_lote":8919258,"cd_setor_fiscal":"004","cd_tipo_quadra":"F","tx_tipo_quadra":"FISCAL","cd_quadra_fiscal":"060","cd_subquadra_fiscal":null,"cd_condominio":"00","cd_tipo_lote":"F","tx_tipo_lote":"FISCAL","cd_lote":"0016","cd_situacao":1,"cd_digito_sql":"6","cd_logradouro":"187801","nm_logradouro_completo":"R TEIXEIRA MENDES","cd_numero_porta":"104","tx_complemento_endereco":"CS 10","tx_situ_lote":"ATIVO","cd_tipo_uso_imovel":"10","dc_tipo_uso_imovel":"Residencial","cd_tipo_terreno_imovel":4,"qt_area_terreno":59,"qt_area_construida":80}}},{"type":"Feature","geometry":{"type":"Polygon","coordinates":[[[-46.627183,-23.413034],[-46.627245,-23.413029],[-46.627263,-23.413028],[-46.627261,-23.413002],[-46.627283,-23.413],[-46.627284,-23.413],[-46.627289,-23.413037],[-46.627295,-23.413085],[-46.627189,-23.413089],[-46.627189,-23.413087],[-46.627187,-23.413069],[-46.627183,-23.413034]]]},"properties":{"sqlu":"SP-004-146634","inscription":"SP-GEOSAMPA-2146634","inscricaoImobiliaria":"SP-IMO-2146634","setor":"004","quadra":"044","lote":"0040","sourceType":"OFFICIAL_IMPORT","mainAddress":"Setor Fiscal 004","zoneamento":"RESIDENCIAL","statusCadastral":"ATIVO","workflowStatus":"PENDENTE","isOfficial":true,"rawProperties":{"cd_identificador":2146634,"cd_identificador_original_lote":8919163,"cd_setor_fiscal":"004","cd_tipo_quadra":"F","tx_tipo_quadra":"FISCAL","cd_quadra_fiscal":"044","cd_subquadra_fiscal":null,"cd_condominio":"00","cd_tipo_lote":"F","tx_tipo_lote":"FISCAL","cd_lote":"0040","cd_situacao":1,"cd_digito_sql":"1","cd_logradouro":"187771","nm_logradouro_completo":"R TEIXEIRA LEITE","cd_numero_porta":"409","tx_complemento_endereco":"CS 5","tx_situ_lote":"ATIVO","cd_tipo_uso_imovel":"10","dc_tipo_uso_imovel":"Residencial","cd_tipo_terreno_imovel":4,"qt_area_terreno":82,"qt_area_construida":120}}},{"type":"Feature","geometry":{"type":"Polygon","coordinates":[[[-46.62869,-23.413882],[-46.628628,-23.413875],[-46.628662,-23.413251],[-46.628773,-23.413254],[-46.62879,-23.413257],[-46.628758,-23.413461],[-46.628756,-23.413471],[-46.628738,-23.413581],[-46.62869,-23.413882]]]},"properties":{"sqlu":"SP-004-146710","inscription":"SP-GEOSAMPA-2146710","inscricaoImobiliaria":"SP-IMO-2146710","setor":"004","quadra":"043","lote":"0019","sourceType":"OFFICIAL_IMPORT","mainAddress":"Setor Fiscal 004","zoneamento":"RESIDENCIAL","statusCadastral":"ATIVO","workflowStatus":"PENDENTE","isOfficial":true,"rawProperties":{"cd_identificador":2146710,"cd_identificador_original_lote":8919519,"cd_setor_fiscal":"004","cd_tipo_quadra":"F","tx_tipo_quadra":"FISCAL","cd_quadra_fiscal":"043","cd_subquadra_fiscal":null,"cd_condominio":"00","cd_tipo_lote":"F","tx_tipo_lote":"FISCAL","cd_lote":"0019","cd_situacao":1,"cd_digito_sql":"7","cd_logradouro":"116491","nm_logradouro_completo":"R DO LAVAPES","cd_numero_porta":"111","tx_complemento_endereco":"E 115","tx_situ_lote":"ATIVO","cd_tipo_uso_imovel":"64","dc_tipo_uso_imovel":"Não residencial","cd_tipo_terreno_imovel":1,"qt_area_terreno":670,"qt_area_construida":775}}},{"type":"Feature","geometry":{"type":"Polygon","coordinates":[[[-46.617589,-23.414855],[-46.617875,-23.414785],[-46.617892,-23.414826],[-46.617786,-23.41485],[-46.617734,-23.414865],[-46.617654,-23.414883],[-46.617605,-23.414894],[-46.617589,-23.414855]]]},"properties":{"sqlu":"SP-004-146687","inscription":"SP-GEOSAMPA-2146687","inscricaoImobiliaria":"SP-IMO-2146687","setor":"004","quadra":"063","lote":"0024","sourceType":"OFFICIAL_IMPORT","mainAddress":"Setor Fiscal 004","zoneamento":"RESIDENCIAL","statusCadastral":"ATIVO","workflowStatus":"PENDENTE","isOfficial":true,"rawProperties":{"cd_identificador":2146687,"cd_identificador_original_lote":8919481,"cd_setor_fiscal":"004","cd_tipo_quadra":"F","tx_tipo_quadra":"FISCAL","cd_quadra_fiscal":"063","cd_subquadra_fiscal":null,"cd_condominio":"00","cd_tipo_lote":"F","tx_tipo_lote":"FISCAL","cd_lote":"0024","cd_situacao":1,"cd_digito_sql":"0","cd_logradouro":"098310","nm_logradouro_completo":"R BR DE JAGUARA","cd_numero_porta":"916","tx_complemento_endereco":null,"tx_situ_lote":"ATIVO","cd_tipo_uso_imovel":"14","dc_tipo_uso_imovel":"Residencial","cd_tipo_terreno_imovel":1,"qt_area_terreno":150,"qt_area_construida":200}}},{"type":"Feature","geometry":{"type":"Polygon","coordinates":[[[-46.62084,-23.414708],[-46.620782,-23.414709],[-46.62038,-23.414714],[-46.620385,-23.414668],[-46.620386,-23.414661],[-46.620574,-23.414659],[-46.620594,-23.414659],[-46.620829,-23.414656],[-46.620854,-23.414656],[-46.620855,-23.414674],[-46.620839,-23.414679],[-46.620839,-23.41468],[-46.62084,-23.414708]]]},"properties":{"sqlu":"SP-004-146676","inscription":"SP-GEOSAMPA-2146676","inscricaoImobiliaria":"SP-IMO-2146676","setor":"004","quadra":"061","lote":"0033","sourceType":"OFFICIAL_IMPORT","mainAddress":"Setor Fiscal 004","zoneamento":"RESIDENCIAL","statusCadastral":"ATIVO","workflowStatus":"PENDENTE","isOfficial":true,"rawProperties":{"cd_identificador":2146676,"cd_identificador_original_lote":8919443,"cd_setor_fiscal":"004","cd_tipo_quadra":"F","tx_tipo_quadra":"FISCAL","cd_quadra_fiscal":"061","cd_subquadra_fiscal":null,"cd_condominio":"00","cd_tipo_lote":"F","tx_tipo_lote":"FISCAL","cd_lote":"0033","cd_situacao":1,"cd_digito_sql":"0","cd_logradouro":"122386","nm_logradouro_completo":"R LUIS GAMA","cd_numero_porta":"784","tx_complemento_endereco":"786","tx_situ_lote":"ATIVO","cd_tipo_uso_imovel":"14","dc_tipo_uso_imovel":"Residencial","cd_tipo_terreno_imovel":1,"qt_area_terreno":294,"qt_area_construida":220}}},{"type":"Feature","geometry":{"type":"Polygon","coordinates":[[[-46.622966,-23.408083],[-46.623009,-23.408037],[-46.623037,-23.408055],[-46.623194,-23.408167],[-46.623264,-23.408218],[-46.623222,-23.408267],[-46.623152,-23.408216],[-46.623071,-23.408158],[-46.622996,-23.408104],[-46.62299,-23.408099],[-46.622966,-23.408083]]]},"properties":{"sqlu":"SP-004-146679","inscription":"SP-GEOSAMPA-2146679","inscricaoImobiliaria":"SP-IMO-2146679","setor":"004","quadra":"003","lote":"0007","sourceType":"OFFICIAL_IMPORT","mainAddress":"Setor Fiscal 004","zoneamento":"RESIDENCIAL","statusCadastral":"ATIVO","workflowStatus":"PENDENTE","isOfficial":true,"rawProperties":{"cd_identificador":2146679,"cd_identificador_original_lote":8918634,"cd_setor_fiscal":"004","cd_tipo_quadra":"F","tx_tipo_quadra":"FISCAL","cd_quadra_fiscal":"003","cd_subquadra_fiscal":null,"cd_condominio":"00","cd_tipo_lote":"F","tx_tipo_lote":"FISCAL","cd_lote":"0007","cd_situacao":1,"cd_digito_sql":"9","cd_logradouro":"066427","nm_logradouro_completo":"AV DO ESTADO","cd_numero_porta":"4557","tx_complemento_endereco":"E 4559","tx_situ_lote":"ATIVO","cd_tipo_uso_imovel":"12","dc_tipo_uso_imovel":"Residencial","cd_tipo_terreno_imovel":1,"qt_area_terreno":262,"qt_area_construida":200}}},{"type":"Feature","geometry":{"type":"Polygon","coordinates":[[[-46.615162,-23.40829],[-46.615204,-23.408286],[-46.615228,-23.408427],[-46.615183,-23.408432],[-46.615173,-23.408368],[-46.615167,-23.408322],[-46.615166,-23.408319],[-46.615162,-23.40829]]]},"properties":{"sqlu":"SP-004-146691","inscription":"SP-GEOSAMPA-2146691","inscricaoImobiliaria":"SP-IMO-2146691","setor":"004","quadra":"009","lote":"0095","sourceType":"OFFICIAL_IMPORT","mainAddress":"Setor Fiscal 004","zoneamento":"RESIDENCIAL","statusCadastral":"ATIVO","workflowStatus":"PENDENTE","isOfficial":true,"rawProperties":{"cd_identificador":2146691,"cd_identificador_original_lote":8919213,"cd_setor_fiscal":"004","cd_tipo_quadra":"F","tx_tipo_quadra":"FISCAL","cd_quadra_fiscal":"009","cd_subquadra_fiscal":null,"cd_condominio":"00","cd_tipo_lote":"F","tx_tipo_lote":"FISCAL","cd_lote":"0095","cd_situacao":1,"cd_digito_sql":"5","cd_logradouro":"098310","nm_logradouro_completo":"R BR DE JAGUARA","cd_numero_porta":"167","tx_complemento_endereco":"CS 5","tx_situ_lote":"ATIVO","cd_tipo_uso_imovel":"10","dc_tipo_uso_imovel":"Residencial","cd_tipo_terreno_imovel":4,"qt_area_terreno":70,"qt_area_construida":41}}},{"type":"Feature","geometry":{"type":"Polygon","coordinates":[[[-46.622966,-23.408083],[-46.622865,-23.408009],[-46.622875,-23.407987],[-46.622889,-23.40796],[-46.622834,-23.407969],[-46.622803,-23.407973],[-46.622799,-23.407933],[-46.622799,-23.407928],[-46.622798,-23.407918],[-46.622782,-23.407754],[-46.622856,-23.407747],[-46.622885,-23.407745],[-46.622938,-23.40774],[-46.622957,-23.407894],[-46.622961,-23.407921],[-46.622964,-23.407949],[-46.623052,-23.40799],[-46.623009,-23.408037],[-46.622966,-23.408083]]]},"properties":{"sqlu":"SP-004-146680","inscription":"SP-GEOSAMPA-2146680","inscricaoImobiliaria":"SP-IMO-2146680","setor":"004","quadra":"003","lote":"0025","sourceType":"OFFICIAL_IMPORT","mainAddress":"Setor Fiscal 004","zoneamento":"RESIDENCIAL","statusCadastral":"ATIVO","workflowStatus":"PENDENTE","isOfficial":true,"rawProperties":{"cd_identificador":2146680,"cd_identificador_original_lote":8918523,"cd_setor_fiscal":"004","cd_tipo_quadra":"F","tx_tipo_quadra":"FISCAL","cd_quadra_fiscal":"003","cd_subquadra_fiscal":null,"cd_condominio":"00","cd_tipo_lote":"F","tx_tipo_lote":"FISCAL","cd_lote":"0025","cd_situacao":1,"cd_digito_sql":"7","cd_logradouro":"142131","nm_logradouro_completo":"R DA MOOCA","cd_numero_porta":"110","tx_complemento_endereco":"E 114","tx_situ_lote":"ATIVO","cd_tipo_uso_imovel":"40","dc_tipo_uso_imovel":"Não residencial","cd_tipo_terreno_imovel":1,"qt_area_terreno":472,"qt_area_construida":740}}},{"type":"Feature","geometry":{"type":"Polygon","coordinates":[[[-46.616814,-23.415999],[-46.616843,-23.416056],[-46.616795,-23.416075],[-46.616773,-23.416083],[-46.616726,-23.416102],[-46.616705,-23.41611],[-46.61666,-23.416128],[-46.616639,-23.416136],[-46.616603,-23.41615],[-46.616534,-23.416176],[-46.616512,-23.41613],[-46.616506,-23.41612],[-46.616574,-23.416093],[-46.616772,-23.416016],[-46.616814,-23.415999]]]},"properties":{"sqlu":"SP-004-146681","inscription":"SP-GEOSAMPA-2146681","inscricaoImobiliaria":"SP-IMO-2146681","setor":"004","quadra":"070","lote":"0052","sourceType":"OFFICIAL_IMPORT","mainAddress":"Setor Fiscal 004","zoneamento":"RESIDENCIAL","statusCadastral":"ATIVO","workflowStatus":"PENDENTE","isOfficial":true,"rawProperties":{"cd_identificador":2146681,"cd_identificador_original_lote":8919306,"cd_setor_fiscal":"004","cd_tipo_quadra":"F","tx_tipo_quadra":"FISCAL","cd_quadra_fiscal":"070","cd_subquadra_fiscal":null,"cd_condominio":"00","cd_tipo_lote":"F","tx_tipo_lote":"FISCAL","cd_lote":"0052","cd_situacao":1,"cd_digito_sql":"6","cd_logradouro":"184845","nm_logradouro_completo":"R ESTEFANO","cd_numero_porta":"129","tx_complemento_endereco":"E 131","tx_situ_lote":"ATIVO","cd_tipo_uso_imovel":"42","dc_tipo_uso_imovel":"Não residencial","cd_tipo_terreno_imovel":1,"qt_area_terreno":238,"qt_area_construida":360}}},{"type":"Feature","geometry":{"type":"Polygon","coordinates":[[[-46.620013,-23.40887],[-46.620013,-23.408866],[-46.620211,-23.408861],[-46.620213,-23.408899],[-46.620128,-23.4089],[-46.62005,-23.408901],[-46.620045,-23.408901],[-46.620016,-23.408902],[-46.620013,-23.40887]]]},"properties":{"sqlu":"SP-004-146708","inscription":"SP-GEOSAMPA-2146708","inscricaoImobiliaria":"SP-IMO-2146708","setor":"004","quadra":"005","lote":"0030","sourceType":"OFFICIAL_IMPORT","mainAddress":"Setor Fiscal 004","zoneamento":"RESIDENCIAL","statusCadastral":"ATIVO","workflowStatus":"PENDENTE","isOfficial":true,"rawProperties":{"cd_identificador":2146708,"cd_identificador_original_lote":8918843,"cd_setor_fiscal":"004","cd_tipo_quadra":"F","tx_tipo_quadra":"FISCAL","cd_quadra_fiscal":"005","cd_subquadra_fiscal":null,"cd_condominio":"00","cd_tipo_lote":"F","tx_tipo_lote":"FISCAL","cd_lote":"0030","cd_situacao":1,"cd_digito_sql":"2","cd_logradouro":"035173","nm_logradouro_completo":"R DOM BOSCO","cd_numero_porta":"71","tx_complemento_endereco":"CS14","tx_situ_lote":"ATIVO","cd_tipo_uso_imovel":"10","dc_tipo_uso_imovel":"Residencial","cd_tipo_terreno_imovel":4,"qt_area_terreno":91,"qt_area_construida":62}}},{"type":"Feature","geometry":{"type":"Polygon","coordinates":[[[-46.629443,-23.41369],[-46.629462,-23.413698],[-46.629471,-23.413738],[-46.629476,-23.413764],[-46.629492,-23.413836],[-46.629499,-23.413868],[-46.629485,-23.413973],[-46.629411,-23.413965],[-46.629435,-23.413759],[-46.629437,-23.413736],[-46.629443,-23.41369]]]},"properties":{"sqlu":"SP-004-146653","inscription":"SP-GEOSAMPA-2146653","inscricaoImobiliaria":"SP-IMO-2146653","setor":"004","quadra":"043","lote":"0003","sourceType":"OFFICIAL_IMPORT","mainAddress":"Setor Fiscal 004","zoneamento":"RESIDENCIAL","statusCadastral":"ATIVO","workflowStatus":"PENDENTE","isOfficial":true,"rawProperties":{"cd_identificador":2146653,"cd_identificador_original_lote":8919527,"cd_setor_fiscal":"004","cd_tipo_quadra":"F","tx_tipo_quadra":"FISCAL","cd_quadra_fiscal":"043","cd_subquadra_fiscal":null,"cd_condominio":"00","cd_tipo_lote":"F","tx_tipo_lote":"FISCAL","cd_lote":"0003","cd_situacao":1,"cd_digito_sql":"0","cd_logradouro":"116491","nm_logradouro_completo":"R DO LAVAPES","cd_numero_porta":"31","tx_complemento_endereco":"E 33","tx_situ_lote":"ATIVO","cd_tipo_uso_imovel":"42","dc_tipo_uso_imovel":"Não residencial","cd_tipo_terreno_imovel":1,"qt_area_terreno":243,"qt_area_construida":330}}},{"type":"Feature","geometry":{"type":"Polygon","coordinates":[[[-46.616618,-23.41584],[-46.616609,-23.415821],[-46.616602,-23.415806],[-46.616701,-23.415769],[-46.616705,-23.415767],[-46.616721,-23.4158],[-46.616618,-23.41584]]]},"properties":{"sqlu":"SP-004-146755","inscription":"SP-GEOSAMPA-2146755","inscricaoImobiliaria":"SP-IMO-2146755","setor":"004","quadra":"070","lote":"0047","sourceType":"OFFICIAL_IMPORT","mainAddress":"Setor Fiscal 004","zoneamento":"RESIDENCIAL","statusCadastral":"ATIVO","workflowStatus":"PENDENTE","isOfficial":true,"rawProperties":{"cd_identificador":2146755,"cd_identificador_original_lote":8919310,"cd_setor_fiscal":"004","cd_tipo_quadra":"F","tx_tipo_quadra":"FISCAL","cd_quadra_fiscal":"070","cd_subquadra_fiscal":null,"cd_condominio":"00","cd_tipo_lote":"F","tx_tipo_lote":"FISCAL","cd_lote":"0047","cd_situacao":1,"cd_digito_sql":"1","cd_logradouro":"184845","nm_logradouro_completo":"R ESTEFANO","cd_numero_porta":"103","tx_complemento_endereco":null,"tx_situ_lote":"ATIVO","cd_tipo_uso_imovel":"10","dc_tipo_uso_imovel":"Residencial","cd_tipo_terreno_imovel":1,"qt_area_terreno":44,"qt_area_construida":72}}},{"type":"Feature","geometry":{"type":"Polygon","coordinates":[[[-46.61662,-23.417291],[-46.616256,-23.417428],[-46.616234,-23.417382],[-46.61628,-23.417365],[-46.616409,-23.417316],[-46.616431,-23.417307],[-46.616467,-23.417294],[-46.616597,-23.417245],[-46.61662,-23.417291]]]},"properties":{"sqlu":"SP-004-146766","inscription":"SP-GEOSAMPA-2146766","inscricaoImobiliaria":"SP-IMO-2146766","setor":"004","quadra":"072","lote":"0018","sourceType":"OFFICIAL_IMPORT","mainAddress":"Setor Fiscal 004","zoneamento":"RESIDENCIAL","statusCadastral":"ATIVO","workflowStatus":"PENDENTE","isOfficial":true,"rawProperties":{"cd_identificador":2146766,"cd_identificador_original_lote":8919750,"cd_setor_fiscal":"004","cd_tipo_quadra":"F","tx_tipo_quadra":"FISCAL","cd_quadra_fiscal":"072","cd_subquadra_fiscal":null,"cd_condominio":"00","cd_tipo_lote":"F","tx_tipo_lote":"FISCAL","cd_lote":"0018","cd_situacao":1,"cd_digito_sql":"5","cd_logradouro":"011967","nm_logradouro_completo":"R DONA ANA NERI","cd_numero_porta":"1082","tx_complemento_endereco":null,"tx_situ_lote":"ATIVO","cd_tipo_uso_imovel":"10","dc_tipo_uso_imovel":"Residencial","cd_tipo_terreno_imovel":1,"qt_area_terreno":220,"qt_area_construida":108}}},{"type":"Feature","geometry":{"type":"Polygon","coordinates":[[[-46.613272,-23.409236],[-46.61328,-23.409296],[-46.613093,-23.409312],[-46.612977,-23.409322],[-46.612971,-23.40928],[-46.612969,-23.409265],[-46.613116,-23.409251],[-46.613177,-23.409245],[-46.613272,-23.409236]]]},"properties":{"sqlu":"SP-004-146748","inscription":"SP-GEOSAMPA-2146748","inscricaoImobiliaria":"SP-IMO-2146748","setor":"004","quadra":"010","lote":"0005","sourceType":"OFFICIAL_IMPORT","mainAddress":"Setor Fiscal 004","zoneamento":"RESIDENCIAL","statusCadastral":"ATIVO","workflowStatus":"PENDENTE","isOfficial":true,"rawProperties":{"cd_identificador":2146748,"cd_identificador_original_lote":8920154,"cd_setor_fiscal":"004","cd_tipo_quadra":"F","tx_tipo_quadra":"FISCAL","cd_quadra_fiscal":"010","cd_subquadra_fiscal":null,"cd_condominio":"00","cd_tipo_lote":"F","tx_tipo_lote":"FISCAL","cd_lote":"0005","cd_situacao":1,"cd_digito_sql":"2","cd_logradouro":"011967","nm_logradouro_completo":"R DONA ANA NERI","cd_numero_porta":"120","tx_complemento_endereco":"E 122","tx_situ_lote":"ATIVO","cd_tipo_uso_imovel":"42","dc_tipo_uso_imovel":"Não residencial","cd_tipo_terreno_imovel":1,"qt_area_terreno":198,"qt_area_construida":230}}},{"type":"Feature","geometry":{"type":"Polygon","coordinates":[[[-46.613272,-23.409236],[-46.613177,-23.409245],[-46.613116,-23.409251],[-46.612969,-23.409265],[-46.612963,-23.409224],[-46.613173,-23.409204],[-46.613174,-23.409215],[-46.613202,-23.409213],[-46.613252,-23.409208],[-46.613255,-23.409208],[-46.613269,-23.409207],[-46.613272,-23.409236]]]},"properties":{"sqlu":"SP-004-146749","inscription":"SP-GEOSAMPA-2146749","inscricaoImobiliaria":"SP-IMO-2146749","setor":"004","quadra":"010","lote":"0059","sourceType":"OFFICIAL_IMPORT","mainAddress":"Setor Fiscal 004","zoneamento":"RESIDENCIAL","statusCadastral":"ATIVO","workflowStatus":"PENDENTE","isOfficial":true,"rawProperties":{"cd_identificador":2146749,"cd_identificador_original_lote":8920155,"cd_setor_fiscal":"004","cd_tipo_quadra":"F","tx_tipo_quadra":"FISCAL","cd_quadra_fiscal":"010","cd_subquadra_fiscal":null,"cd_condominio":"00","cd_tipo_lote":"F","tx_tipo_lote":"FISCAL","cd_lote":"0059","cd_situacao":1,"cd_digito_sql":"1","cd_logradouro":"011967","nm_logradouro_completo":"R DONA ANA NERI","cd_numero_porta":"116","tx_complemento_endereco":null,"tx_situ_lote":"ATIVO","cd_tipo_uso_imovel":"40","dc_tipo_uso_imovel":"Não residencial","cd_tipo_terreno_imovel":1,"qt_area_terreno":120,"qt_area_construida":156}}},{"type":"Feature","geometry":{"type":"Polygon","coordinates":[[[-46.619221,-23.408708],[-46.61917,-23.40871],[-46.619168,-23.408673],[-46.619165,-23.408631],[-46.619163,-23.408578],[-46.619214,-23.408576],[-46.619221,-23.408708]]]},"properties":{"sqlu":"SP-004-146898","inscription":"SP-GEOSAMPA-2146898","inscricaoImobiliaria":"SP-IMO-2146898","setor":"004","quadra":"006","lote":"0031","sourceType":"OFFICIAL_IMPORT","mainAddress":"Setor Fiscal 004","zoneamento":"RESIDENCIAL","statusCadastral":"ATIVO","workflowStatus":"PENDENTE","isOfficial":true,"rawProperties":{"cd_identificador":2146898,"cd_identificador_original_lote":8918595,"cd_setor_fiscal":"004","cd_tipo_quadra":"F","tx_tipo_quadra":"FISCAL","cd_quadra_fiscal":"006","cd_subquadra_fiscal":null,"cd_condominio":"00","cd_tipo_lote":"F","tx_tipo_lote":"FISCAL","cd_lote":"0031","cd_situacao":1,"cd_digito_sql":"5","cd_logradouro":"049549","nm_logradouro_completo":"R CEL CINTRA","cd_numero_porta":"110","tx_complemento_endereco":"E 116 CS 2","tx_situ_lote":"ATIVO","cd_tipo_uso_imovel":"00","dc_tipo_uso_imovel":"Terreno","cd_tipo_terreno_imovel":4,"qt_area_terreno":75,"qt_area_construida":0}}},{"type":"Feature","geometry":{"type":"Polygon","coordinates":[[[-46.628277,-23.412271],[-46.628343,-23.412275],[-46.62834,-23.41238],[-46.62833,-23.41238],[-46.628301,-23.412321],[-46.628277,-23.412271]]]},"properties":{"sqlu":"SP-004-146877","inscription":"SP-GEOSAMPA-2146877","inscricaoImobiliaria":"SP-IMO-2146877","setor":"004","quadra":"043","lote":"0056","sourceType":"OFFICIAL_IMPORT","mainAddress":"Setor Fiscal 004","zoneamento":"RESIDENCIAL","statusCadastral":"ATIVO","workflowStatus":"PENDENTE","isOfficial":true,"rawProperties":{"cd_identificador":2146877,"cd_identificador_original_lote":8918650,"cd_setor_fiscal":"004","cd_tipo_quadra":"F","tx_tipo_quadra":"FISCAL","cd_quadra_fiscal":"043","cd_subquadra_fiscal":null,"cd_condominio":"00","cd_tipo_lote":"F","tx_tipo_lote":"FISCAL","cd_lote":"0056","cd_situacao":1,"cd_digito_sql":"1","cd_logradouro":"090328","nm_logradouro_completo":"R BR DE IGUAPE","cd_numero_porta":"742","tx_complemento_endereco":null,"tx_situ_lote":"ATIVO","cd_tipo_uso_imovel":"42","dc_tipo_uso_imovel":"Não residencial","cd_tipo_terreno_imovel":1,"qt_area_terreno":48,"qt_area_construida":91}}},{"type":"Feature","geometry":{"type":"Polygon","coordinates":[[[-46.628277,-23.412271],[-46.628301,-23.412321],[-46.62833,-23.41238],[-46.628369,-23.41246],[-46.628376,-23.412475],[-46.628411,-23.412546],[-46.628422,-23.41257],[-46.628309,-23.412613],[-46.628267,-23.412488],[-46.628258,-23.412464],[-46.628191,-23.412266],[-46.628277,-23.412271]]]},"properties":{"sqlu":"SP-004-146878","inscription":"SP-GEOSAMPA-2146878","inscricaoImobiliaria":"SP-IMO-2146878","setor":"004","quadra":"043","lote":"0055","sourceType":"OFFICIAL_IMPORT","mainAddress":"Setor Fiscal 004","zoneamento":"RESIDENCIAL","statusCadastral":"ATIVO","workflowStatus":"PENDENTE","isOfficial":true,"rawProperties":{"cd_identificador":2146878,"cd_identificador_original_lote":8918526,"cd_setor_fiscal":"004","cd_tipo_quadra":"F","tx_tipo_quadra":"FISCAL","cd_quadra_fiscal":"043","cd_subquadra_fiscal":null,"cd_condominio":"00","cd_tipo_lote":"F","tx_tipo_lote":"FISCAL","cd_lote":"0055","cd_situacao":1,"cd_digito_sql":"3","cd_logradouro":"090328","nm_logradouro_completo":"R BR DE IGUAPE","cd_numero_porta":"746","tx_complemento_endereco":null,"tx_situ_lote":"ATIVO","cd_tipo_uso_imovel":"42","dc_tipo_uso_imovel":"Não residencial","cd_tipo_terreno_imovel":1,"qt_area_terreno":430,"qt_area_construida":411}}},{"type":"Feature","geometry":{"type":"Polygon","coordinates":[[[-46.620002,-23.408758],[-46.620123,-23.408755],[-46.620207,-23.408753],[-46.620208,-23.40879],[-46.620006,-23.408794],[-46.620005,-23.408786],[-46.620003,-23.408762],[-46.620002,-23.408758]]]},"properties":{"sqlu":"SP-004-146871","inscription":"SP-GEOSAMPA-2146871","inscricaoImobiliaria":"SP-IMO-2146871","setor":"004","quadra":"005","lote":"0033","sourceType":"OFFICIAL_IMPORT","mainAddress":"Setor Fiscal 004","zoneamento":"RESIDENCIAL","statusCadastral":"ATIVO","workflowStatus":"PENDENTE","isOfficial":true,"rawProperties":{"cd_identificador":2146871,"cd_identificador_original_lote":8918846,"cd_setor_fiscal":"004","cd_tipo_quadra":"F","tx_tipo_quadra":"FISCAL","cd_quadra_fiscal":"005","cd_subquadra_fiscal":null,"cd_condominio":"00","cd_tipo_lote":"F","tx_tipo_lote":"FISCAL","cd_lote":"0033","cd_situacao":1,"cd_digito_sql":"7","cd_logradouro":"035173","nm_logradouro_completo":"R DOM BOSCO","cd_numero_porta":"71","tx_complemento_endereco":"CS20","tx_situ_lote":"ATIVO","cd_tipo_uso_imovel":"10","dc_tipo_uso_imovel":"Residencial","cd_tipo_terreno_imovel":4,"qt_area_terreno":95,"qt_area_construida":85}}},{"type":"Feature","geometry":{"type":"Polygon","coordinates":[[[-46.618816,-23.415783],[-46.618783,-23.415702],[-46.618766,-23.41566],[-46.618727,-23.415563],[-46.618713,-23.415529],[-46.618733,-23.415522],[-46.618763,-23.415512],[-46.618772,-23.415533],[-46.618827,-23.415657],[-46.618857,-23.415727],[-46.618873,-23.415763],[-46.618816,-23.415783]]]},"properties":{"sqlu":"SP-004-146905","inscription":"SP-GEOSAMPA-2146905","inscricaoImobiliaria":"SP-IMO-2146905","setor":"004","quadra":"063","lote":"0074","sourceType":"OFFICIAL_IMPORT","mainAddress":"Setor Fiscal 004","zoneamento":"RESIDENCIAL","statusCadastral":"ATIVO","workflowStatus":"PENDENTE","isOfficial":true,"rawProperties":{"cd_identificador":2146905,"cd_identificador_original_lote":8918682,"cd_setor_fiscal":"004","cd_tipo_quadra":"F","tx_tipo_quadra":"FISCAL","cd_quadra_fiscal":"063","cd_subquadra_fiscal":null,"cd_condominio":"00","cd_tipo_lote":"F","tx_tipo_lote":"FISCAL","cd_lote":"0074","cd_situacao":1,"cd_digito_sql":"7","cd_logradouro":"048291","nm_logradouro_completo":"R CESARIO RAMALHO","cd_numero_porta":"553","tx_complemento_endereco":null,"tx_situ_lote":"ATIVO","cd_tipo_uso_imovel":"10","dc_tipo_uso_imovel":"Residencial","cd_tipo_terreno_imovel":1,"qt_area_terreno":180,"qt_area_construida":150}}},{"type":"Feature","geometry":{"type":"Polygon","coordinates":[[[-46.613814,-23.408696],[-46.613829,-23.408695],[-46.61387,-23.408692],[-46.613883,-23.408819],[-46.613844,-23.408822],[-46.613827,-23.408824],[-46.613814,-23.408696]]]},"properties":{"sqlu":"SP-004-147177","inscription":"SP-GEOSAMPA-2147177","inscricaoImobiliaria":"SP-IMO-2147177","setor":"004","quadra":"009","lote":"0028","sourceType":"OFFICIAL_IMPORT","mainAddress":"Setor Fiscal 004","zoneamento":"RESIDENCIAL","statusCadastral":"ATIVO","workflowStatus":"PENDENTE","isOfficial":true,"rawProperties":{"cd_identificador":2147177,"cd_identificador_original_lote":8919055,"cd_setor_fiscal":"004","cd_tipo_quadra":"F","tx_tipo_quadra":"FISCAL","cd_quadra_fiscal":"009","cd_subquadra_fiscal":null,"cd_condominio":"00","cd_tipo_lote":"F","tx_tipo_lote":"FISCAL","cd_lote":"0028","cd_situacao":1,"cd_digito_sql":"9","cd_logradouro":"091740","nm_logradouro_completo":"R SAN GENNARO","cd_numero_porta":"102","tx_complemento_endereco":null,"tx_situ_lote":"ATIVO","cd_tipo_uso_imovel":"10","dc_tipo_uso_imovel":"Residencial","cd_tipo_terreno_imovel":1,"qt_area_terreno":67,"qt_area_construida":100}}},{"type":"Feature","geometry":{"type":"Polygon","coordinates":[[[-46.613814,-23.408696],[-46.613827,-23.408824],[-46.613791,-23.408828],[-46.613776,-23.408699],[-46.613814,-23.408696]]]},"properties":{"sqlu":"SP-004-147178","inscription":"SP-GEOSAMPA-2147178","inscricaoImobiliaria":"SP-IMO-2147178","setor":"004","quadra":"009","lote":"0027","sourceType":"OFFICIAL_IMPORT","mainAddress":"Setor Fiscal 004","zoneamento":"RESIDENCIAL","statusCadastral":"ATIVO","workflowStatus":"PENDENTE","isOfficial":true,"rawProperties":{"cd_identificador":2147178,"cd_identificador_original_lote":8919056,"cd_setor_fiscal":"004","cd_tipo_quadra":"F","tx_tipo_quadra":"FISCAL","cd_quadra_fiscal":"009","cd_subquadra_fiscal":null,"cd_condominio":"00","cd_tipo_lote":"F","tx_tipo_lote":"FISCAL","cd_lote":"0027","cd_situacao":1,"cd_digito_sql":"0","cd_logradouro":"091740","nm_logradouro_completo":"R SAN GENNARO","cd_numero_porta":"100","tx_complemento_endereco":null,"tx_situ_lote":"ATIVO","cd_tipo_uso_imovel":"12","dc_tipo_uso_imovel":"Residencial","cd_tipo_terreno_imovel":1,"qt_area_terreno":65,"qt_area_construida":120}}},{"type":"Feature","geometry":{"type":"Polygon","coordinates":[[[-46.617537,-23.40931],[-46.617329,-23.409316],[-46.61732,-23.409316],[-46.617317,-23.409282],[-46.617316,-23.409266],[-46.617409,-23.409263],[-46.617452,-23.409262],[-46.617532,-23.40926],[-46.617537,-23.40931]]]},"properties":{"sqlu":"SP-004-147354","inscription":"SP-GEOSAMPA-2147354","inscricaoImobiliaria":"SP-IMO-2147354","setor":"004","quadra":"008","lote":"0043","sourceType":"OFFICIAL_IMPORT","mainAddress":"Setor Fiscal 004","zoneamento":"RESIDENCIAL","statusCadastral":"ATIVO","workflowStatus":"PENDENTE","isOfficial":true,"rawProperties":{"cd_identificador":2147354,"cd_identificador_original_lote":8919619,"cd_setor_fiscal":"004","cd_tipo_quadra":"F","tx_tipo_quadra":"FISCAL","cd_quadra_fiscal":"008","cd_subquadra_fiscal":null,"cd_condominio":"00","cd_tipo_lote":"F","tx_tipo_lote":"FISCAL","cd_lote":"0043","cd_situacao":1,"cd_digito_sql":"8","cd_logradouro":"151181","nm_logradouro_completo":"R OSCAR HORTA","cd_numero_porta":"165","tx_complemento_endereco":null,"tx_situ_lote":"ATIVO","cd_tipo_uso_imovel":"10","dc_tipo_uso_imovel":"Residencial","cd_tipo_terreno_imovel":1,"qt_area_terreno":125,"qt_area_construida":60}}},{"type":"Feature","geometry":{"type":"Polygon","coordinates":[[[-46.617537,-23.40931],[-46.617542,-23.409359],[-46.617456,-23.409362],[-46.617358,-23.409365],[-46.617324,-23.409366],[-46.61732,-23.409316],[-46.617329,-23.409316],[-46.617537,-23.40931]]]},"properties":{"sqlu":"SP-004-147355","inscription":"SP-GEOSAMPA-2147355","inscricaoImobiliaria":"SP-IMO-2147355","setor":"004","quadra":"008","lote":"0042","sourceType":"OFFICIAL_IMPORT","mainAddress":"Setor Fiscal 004","zoneamento":"RESIDENCIAL","statusCadastral":"ATIVO","workflowStatus":"PENDENTE","isOfficial":true,"rawProperties":{"cd_identificador":2147355,"cd_identificador_original_lote":8919620,"cd_setor_fiscal":"004","cd_tipo_quadra":"F","tx_tipo_quadra":"FISCAL","cd_quadra_fiscal":"008","cd_subquadra_fiscal":null,"cd_condominio":"00","cd_tipo_lote":"F","tx_tipo_lote":"FISCAL","cd_lote":"0042","cd_situacao":1,"cd_digito_sql":"1","cd_logradouro":"151181","nm_logradouro_completo":"R OSCAR HORTA","cd_numero_porta":"167","tx_complemento_endereco":null,"tx_situ_lote":"ATIVO","cd_tipo_uso_imovel":"10","dc_tipo_uso_imovel":"Residencial","cd_tipo_terreno_imovel":1,"qt_area_terreno":121,"qt_area_construida":60}}},{"type":"Feature","geometry":{"type":"Polygon","coordinates":[[[-46.618242,-23.415946],[-46.618257,-23.415986],[-46.618094,-23.416046],[-46.618075,-23.416042],[-46.618073,-23.41604],[-46.618061,-23.416012],[-46.618242,-23.415946]]]},"properties":{"sqlu":"SP-004-147472","inscription":"SP-GEOSAMPA-2147472","inscricaoImobiliaria":"SP-IMO-2147472","setor":"004","quadra":"063","lote":"0001","sourceType":"OFFICIAL_IMPORT","mainAddress":"Setor Fiscal 004","zoneamento":"RESIDENCIAL","statusCadastral":"ATIVO","workflowStatus":"PENDENTE","isOfficial":true,"rawProperties":{"cd_identificador":2147472,"cd_identificador_original_lote":8919100,"cd_setor_fiscal":"004","cd_tipo_quadra":"F","tx_tipo_quadra":"FISCAL","cd_quadra_fiscal":"063","cd_subquadra_fiscal":null,"cd_condominio":"00","cd_tipo_lote":"F","tx_tipo_lote":"FISCAL","cd_lote":"0001","cd_situacao":1,"cd_digito_sql":"1","cd_logradouro":"098310","nm_logradouro_completo":"R BR DE JAGUARA","cd_numero_porta":"1048","tx_complemento_endereco":null,"tx_situ_lote":"ATIVO","cd_tipo_uso_imovel":"42","dc_tipo_uso_imovel":"Não residencial","cd_tipo_terreno_imovel":2,"qt_area_terreno":100,"qt_area_construida":160}}},{"type":"Feature","geometry":{"type":"Polygon","coordinates":[[[-46.62173,-23.408848],[-46.621763,-23.4086],[-46.621801,-23.408598],[-46.621858,-23.408595],[-46.621926,-23.408591],[-46.622072,-23.408583],[-46.622056,-23.408368],[-46.622053,-23.408315],[-46.622117,-23.408312],[-46.622158,-23.40831],[-46.622421,-23.408296],[-46.622445,-23.408313],[-46.622501,-23.408597],[-46.622542,-23.408792],[-46.622548,-23.40882],[-46.622566,-23.408917],[-46.622537,-23.408941],[-46.622254,-23.409185],[-46.622107,-23.409297],[-46.621956,-23.409397],[-46.621847,-23.409472],[-46.621783,-23.409408],[-46.621563,-23.409185],[-46.621518,-23.409139],[-46.621572,-23.409102],[-46.621574,-23.4091],[-46.621431,-23.409083],[-46.621443,-23.408992],[-46.621456,-23.408896],[-46.621459,-23.408867],[-46.621463,-23.408838],[-46.621466,-23.408817],[-46.62173,-23.408848]]]},"properties":{"sqlu":"SP-004-781029","inscription":"SP-GEOSAMPA-6781029","inscricaoImobiliaria":"SP-IMO-6781029","setor":"004","quadra":"013","lote":"0000","sourceType":"OFFICIAL_IMPORT","mainAddress":"Setor Fiscal 004","zoneamento":"RESIDENCIAL","statusCadastral":"ATIVO","workflowStatus":"PENDENTE","isOfficial":true,"rawProperties":{"cd_identificador":6781029,"cd_identificador_original_lote":10639689,"cd_setor_fiscal":"004","cd_tipo_quadra":"F","tx_tipo_quadra":"FISCAL","cd_quadra_fiscal":"013","cd_subquadra_fiscal":null,"cd_condominio":"02","cd_tipo_lote":"F","tx_tipo_lote":"FISCAL","cd_lote":"0000","cd_situacao":1,"cd_digito_sql":null,"cd_logradouro":"199265","nm_logradouro_completo":"R WANDENKOLK","cd_numero_porta":"711","tx_complemento_endereco":null,"tx_situ_lote":null,"cd_tipo_uso_imovel":"XX","dc_tipo_uso_imovel":"Condomínio","cd_tipo_terreno_imovel":99,"qt_area_terreno":8490,"qt_area_construida":null}}},{"type":"Feature","geometry":{"type":"Polygon","coordinates":[[[-46.623417,-23.414681],[-46.623432,-23.414728],[-46.623397,-23.414737],[-46.623289,-23.414765],[-46.62326,-23.414772],[-46.623219,-23.414783],[-46.62319,-23.41479],[-46.623189,-23.414788],[-46.623181,-23.414763],[-46.623417,-23.414681]]]},"properties":{"sqlu":"SP-004-147381","inscription":"SP-GEOSAMPA-2147381","inscricaoImobiliaria":"SP-IMO-2147381","setor":"004","quadra":"060","lote":"0002","sourceType":"OFFICIAL_IMPORT","mainAddress":"Setor Fiscal 004","zoneamento":"RESIDENCIAL","statusCadastral":"ATIVO","workflowStatus":"PENDENTE","isOfficial":true,"rawProperties":{"cd_identificador":2147381,"cd_identificador_original_lote":8918970,"cd_setor_fiscal":"004","cd_tipo_quadra":"F","tx_tipo_quadra":"FISCAL","cd_quadra_fiscal":"060","cd_subquadra_fiscal":null,"cd_condominio":"00","cd_tipo_lote":"F","tx_tipo_lote":"FISCAL","cd_lote":"0002","cd_situacao":1,"cd_digito_sql":"6","cd_logradouro":"187801","nm_logradouro_completo":"R TEIXEIRA MENDES","cd_numero_porta":"126","tx_complemento_endereco":null,"tx_situ_lote":"ATIVO","cd_tipo_uso_imovel":"10","dc_tipo_uso_imovel":"Residencial","cd_tipo_terreno_imovel":1,"qt_area_terreno":150,"qt_area_construida":150}}},{"type":"Feature","geometry":{"type":"Polygon","coordinates":[[[-46.623417,-23.414681],[-46.623181,-23.414763],[-46.623126,-23.414783],[-46.623108,-23.414789],[-46.623076,-23.4148],[-46.623033,-23.414815],[-46.62289,-23.414484],[-46.623281,-23.414346],[-46.623311,-23.414361],[-46.623417,-23.414681]]]},"properties":{"sqlu":"SP-004-147382","inscription":"SP-GEOSAMPA-2147382","inscricaoImobiliaria":"SP-IMO-2147382","setor":"004","quadra":"060","lote":"0001","sourceType":"OFFICIAL_IMPORT","mainAddress":"Setor Fiscal 004","zoneamento":"RESIDENCIAL","statusCadastral":"ATIVO","workflowStatus":"PENDENTE","isOfficial":true,"rawProperties":{"cd_identificador":2147382,"cd_identificador_original_lote":8919567,"cd_setor_fiscal":"004","cd_tipo_quadra":"F","tx_tipo_quadra":"FISCAL","cd_quadra_fiscal":"060","cd_subquadra_fiscal":null,"cd_condominio":"00","cd_tipo_lote":"F","tx_tipo_lote":"FISCAL","cd_lote":"0001","cd_situacao":1,"cd_digito_sql":"8","cd_logradouro":"048291","nm_logradouro_completo":"R CESARIO RAMALHO","cd_numero_porta":"90","tx_complemento_endereco":"114","tx_situ_lote":"ATIVO","cd_tipo_uso_imovel":"51","dc_tipo_uso_imovel":"Não residencial","cd_tipo_terreno_imovel":2,"qt_area_terreno":1725,"qt_area_construida":4138}}},{"type":"Feature","geometry":{"type":"Polygon","coordinates":[[[-46.617358,-23.415179],[-46.617323,-23.415192],[-46.617261,-23.415059],[-46.617298,-23.415045],[-46.617358,-23.415179]]]},"properties":{"sqlu":"SP-004-147363","inscription":"SP-GEOSAMPA-2147363","inscricaoImobiliaria":"SP-IMO-2147363","setor":"004","quadra":"065","lote":"0002","sourceType":"OFFICIAL_IMPORT","mainAddress":"Setor Fiscal 004","zoneamento":"RESIDENCIAL","statusCadastral":"ATIVO","workflowStatus":"PENDENTE","isOfficial":true,"rawProperties":{"cd_identificador":2147363,"cd_identificador_original_lote":8920568,"cd_setor_fiscal":"004","cd_tipo_quadra":"F","tx_tipo_quadra":"FISCAL","cd_quadra_fiscal":"065","cd_subquadra_fiscal":null,"cd_condominio":"00","cd_tipo_lote":"F","tx_tipo_lote":"FISCAL","cd_lote":"0002","cd_situacao":1,"cd_digito_sql":"9","cd_logradouro":"196304","nm_logradouro_completo":"R VICENTE DE CARVALHO","cd_numero_porta":"31","tx_complemento_endereco":null,"tx_situ_lote":"ATIVO","cd_tipo_uso_imovel":"10","dc_tipo_uso_imovel":"Residencial","cd_tipo_terreno_imovel":1,"qt_area_terreno":64,"qt_area_construida":194}}},{"type":"Feature","geometry":{"type":"Polygon","coordinates":[[[-46.619986,-23.408584],[-46.619986,-23.408581],[-46.620041,-23.408578],[-46.620201,-23.408572],[-46.620201,-23.408609],[-46.620117,-23.408612],[-46.620116,-23.408612],[-46.620028,-23.408615],[-46.620017,-23.408615],[-46.619989,-23.408616],[-46.619986,-23.408584]]]},"properties":{"sqlu":"SP-004-147573","inscription":"SP-GEOSAMPA-2147573","inscricaoImobiliaria":"SP-IMO-2147573","setor":"004","quadra":"005","lote":"0038","sourceType":"OFFICIAL_IMPORT","mainAddress":"Setor Fiscal 004","zoneamento":"RESIDENCIAL","statusCadastral":"ATIVO","workflowStatus":"PENDENTE","isOfficial":true,"rawProperties":{"cd_identificador":2147573,"cd_identificador_original_lote":8918851,"cd_setor_fiscal":"004","cd_tipo_quadra":"F","tx_tipo_quadra":"FISCAL","cd_quadra_fiscal":"005","cd_subquadra_fiscal":null,"cd_condominio":"00","cd_tipo_lote":"F","tx_tipo_lote":"FISCAL","cd_lote":"0038","cd_situacao":1,"cd_digito_sql":"8","cd_logradouro":"035173","nm_logradouro_completo":"R DOM BOSCO","cd_numero_porta":"71","tx_complemento_endereco":"CS30","tx_situ_lote":"ATIVO","cd_tipo_uso_imovel":"10","dc_tipo_uso_imovel":"Residencial","cd_tipo_terreno_imovel":4,"qt_area_terreno":54,"qt_area_construida":60}}},{"type":"Feature","geometry":{"type":"Polygon","coordinates":[[[-46.615245,-23.410178],[-46.615231,-23.410179],[-46.615128,-23.410186],[-46.615124,-23.410142],[-46.61512,-23.4101],[-46.615116,-23.410058],[-46.615074,-23.409678],[-46.615277,-23.409671],[-46.615326,-23.410116],[-46.615328,-23.410134],[-46.615333,-23.410172],[-46.615315,-23.410173],[-46.61528,-23.410175],[-46.615245,-23.410178]]]},"properties":{"sqlu":"SP-004-147617","inscription":"SP-GEOSAMPA-2147617","inscricaoImobiliaria":"SP-IMO-2147617","setor":"004","quadra":"018","lote":"0109","sourceType":"OFFICIAL_IMPORT","mainAddress":"Setor Fiscal 004","zoneamento":"RESIDENCIAL","statusCadastral":"ATIVO","workflowStatus":"PENDENTE","isOfficial":true,"rawProperties":{"cd_identificador":2147617,"cd_identificador_original_lote":8919837,"cd_setor_fiscal":"004","cd_tipo_quadra":"F","tx_tipo_quadra":"FISCAL","cd_quadra_fiscal":"018","cd_subquadra_fiscal":null,"cd_condominio":"00","cd_tipo_lote":"F","tx_tipo_lote":"FISCAL","cd_lote":"0109","cd_situacao":1,"cd_digito_sql":"8","cd_logradouro":"035173","nm_logradouro_completo":"R DOM BOSCO","cd_numero_porta":"590","tx_complemento_endereco":null,"tx_situ_lote":"ATIVO","cd_tipo_uso_imovel":"51","dc_tipo_uso_imovel":"Não residencial","cd_tipo_terreno_imovel":1,"qt_area_terreno":1175,"qt_area_construida":1278}}},{"type":"Feature","geometry":{"type":"Polygon","coordinates":[[[-46.622326,-23.415053],[-46.622384,-23.415033],[-46.622436,-23.415014],[-46.622472,-23.415001],[-46.622484,-23.41504],[-46.622339,-23.415094],[-46.622326,-23.415053]]]},"properties":{"sqlu":"SP-004-147556","inscription":"SP-GEOSAMPA-2147556","inscricaoImobiliaria":"SP-IMO-2147556","setor":"004","quadra":"060","lote":"0054","sourceType":"OFFICIAL_IMPORT","mainAddress":"Setor Fiscal 004","zoneamento":"RESIDENCIAL","statusCadastral":"ATIVO","workflowStatus":"PENDENTE","isOfficial":true,"rawProperties":{"cd_identificador":2147556,"cd_identificador_original_lote":8919558,"cd_setor_fiscal":"004","cd_tipo_quadra":"F","tx_tipo_quadra":"FISCAL","cd_quadra_fiscal":"060","cd_subquadra_fiscal":null,"cd_condominio":"00","cd_tipo_lote":"F","tx_tipo_lote":"FISCAL","cd_lote":"0054","cd_situacao":1,"cd_digito_sql":"9","cd_logradouro":"114545","nm_logradouro_completo":"R JUSTO AZAMBUJA","cd_numero_porta":"296","tx_complemento_endereco":null,"tx_situ_lote":"ATIVO","cd_tipo_uso_imovel":"40","dc_tipo_uso_imovel":"Não residencial","cd_tipo_terreno_imovel":1,"qt_area_terreno":81,"qt_area_construida":100}}},{"type":"Feature","geometry":{"type":"Polygon","coordinates":[[[-46.616409,-23.415922],[-46.616308,-23.415717],[-46.616353,-23.4157],[-46.616444,-23.415897],[-46.616448,-23.415906],[-46.616409,-23.415922]]]},"properties":{"sqlu":"SP-004-147542","inscription":"SP-GEOSAMPA-2147542","inscricaoImobiliaria":"SP-IMO-2147542","setor":"004","quadra":"070","lote":"0037","sourceType":"OFFICIAL_IMPORT","mainAddress":"Setor Fiscal 004","zoneamento":"RESIDENCIAL","statusCadastral":"ATIVO","workflowStatus":"PENDENTE","isOfficial":true,"rawProperties":{"cd_identificador":2147542,"cd_identificador_original_lote":8918813,"cd_setor_fiscal":"004","cd_tipo_quadra":"F","tx_tipo_quadra":"FISCAL","cd_quadra_fiscal":"070","cd_subquadra_fiscal":null,"cd_condominio":"00","cd_tipo_lote":"F","tx_tipo_lote":"FISCAL","cd_lote":"0037","cd_situacao":1,"cd_digito_sql":"2","cd_logradouro":"196304","nm_logradouro_completo":"R VICENTE DE CARVALHO","cd_numero_porta":"146","tx_complemento_endereco":null,"tx_situ_lote":"ATIVO","cd_tipo_uso_imovel":"10","dc_tipo_uso_imovel":"Residencial","cd_tipo_terreno_imovel":1,"qt_area_terreno":127,"qt_area_construida":220}}},{"type":"Feature","geometry":{"type":"Polygon","coordinates":[[[-46.613658,-23.410511],[-46.613643,-23.410369],[-46.613618,-23.410206],[-46.613614,-23.410182],[-46.613607,-23.410133],[-46.61364,-23.410132],[-46.613639,-23.410127],[-46.613656,-23.410126],[-46.613798,-23.410112],[-46.61381,-23.41019],[-46.613855,-23.410504],[-46.613658,-23.410511]]]},"properties":{"sqlu":"SP-004-147501","inscription":"SP-GEOSAMPA-2147501","inscricaoImobiliaria":"SP-IMO-2147501","setor":"004","quadra":"018","lote":"0122","sourceType":"OFFICIAL_IMPORT","mainAddress":"Setor Fiscal 004","zoneamento":"RESIDENCIAL","statusCadastral":"ATIVO","workflowStatus":"PENDENTE","isOfficial":true,"rawProperties":{"cd_identificador":2147501,"cd_identificador_original_lote":8920310,"cd_setor_fiscal":"004","cd_tipo_quadra":"F","tx_tipo_quadra":"FISCAL","cd_quadra_fiscal":"018","cd_subquadra_fiscal":null,"cd_condominio":"00","cd_tipo_lote":"F","tx_tipo_lote":"FISCAL","cd_lote":"0122","cd_situacao":1,"cd_digito_sql":"5","cd_logradouro":"148806","nm_logradouro_completo":"R ODORICO MENDES","cd_numero_porta":"657","tx_complemento_endereco":"E 665","tx_situ_lote":"ATIVO","cd_tipo_uso_imovel":"50","dc_tipo_uso_imovel":"Não residencial","cd_tipo_terreno_imovel":1,"qt_area_terreno":754,"qt_area_construida":1510}}},{"type":"Feature","geometry":{"type":"Polygon","coordinates":[[[-46.623257,-23.415253],[-46.623222,-23.415199],[-46.623251,-23.415192],[-46.623274,-23.415185],[-46.623516,-23.415121],[-46.623559,-23.415109],[-46.623576,-23.415159],[-46.623501,-23.415179],[-46.623451,-23.415193],[-46.623383,-23.415211],[-46.623376,-23.415213],[-46.623297,-23.41524],[-46.623257,-23.415253]]]},"properties":{"sqlu":"SP-004-147755","inscription":"SP-GEOSAMPA-2147755","inscricaoImobiliaria":"SP-IMO-2147755","setor":"004","quadra":"060","lote":"0025","sourceType":"OFFICIAL_IMPORT","mainAddress":"Setor Fiscal 004","zoneamento":"RESIDENCIAL","statusCadastral":"ATIVO","workflowStatus":"PENDENTE","isOfficial":true,"rawProperties":{"cd_identificador":2147755,"cd_identificador_original_lote":8918977,"cd_setor_fiscal":"004","cd_tipo_quadra":"F","tx_tipo_quadra":"FISCAL","cd_quadra_fiscal":"060","cd_subquadra_fiscal":null,"cd_condominio":"00","cd_tipo_lote":"F","tx_tipo_lote":"FISCAL","cd_lote":"0025","cd_situacao":1,"cd_digito_sql":"5","cd_logradouro":"187801","nm_logradouro_completo":"R TEIXEIRA MENDES","cd_numero_porta":"80","tx_complemento_endereco":null,"tx_situ_lote":"ATIVO","cd_tipo_uso_imovel":"10","dc_tipo_uso_imovel":"Residencial","cd_tipo_terreno_imovel":1,"qt_area_terreno":190,"qt_area_construida":274}}},{"type":"Feature","geometry":{"type":"Polygon","coordinates":[[[-46.629297,-23.413952],[-46.629207,-23.413942],[-46.629226,-23.413841],[-46.629247,-23.413725],[-46.629251,-23.413705],[-46.629259,-23.413662],[-46.629266,-23.413623],[-46.629297,-23.413635],[-46.629353,-23.413657],[-46.629297,-23.413952]]]},"properties":{"sqlu":"SP-004-147766","inscription":"SP-GEOSAMPA-2147766","inscricaoImobiliaria":"SP-IMO-2147766","setor":"004","quadra":"043","lote":"0194","sourceType":"OFFICIAL_IMPORT","mainAddress":"Setor Fiscal 004","zoneamento":"RESIDENCIAL","statusCadastral":"ATIVO","workflowStatus":"PENDENTE","isOfficial":true,"rawProperties":{"cd_identificador":2147766,"cd_identificador_original_lote":8919525,"cd_setor_fiscal":"004","cd_tipo_quadra":"F","tx_tipo_quadra":"FISCAL","cd_quadra_fiscal":"043","cd_subquadra_fiscal":null,"cd_condominio":"00","cd_tipo_lote":"F","tx_tipo_lote":"FISCAL","cd_lote":"0194","cd_situacao":1,"cd_digito_sql":"0","cd_logradouro":"116491","nm_logradouro_completo":"R DO LAVAPES","cd_numero_porta":"49","tx_complemento_endereco":"55","tx_situ_lote":"ATIVO","cd_tipo_uso_imovel":"60","dc_tipo_uso_imovel":"Não residencial","cd_tipo_terreno_imovel":1,"qt_area_terreno":285,"qt_area_construida":320}}},{"type":"Feature","geometry":{"type":"Polygon","coordinates":[[[-46.617781,-23.417027],[-46.617769,-23.417004],[-46.617538,-23.4171],[-46.617532,-23.417088],[-46.617514,-23.41705],[-46.617796,-23.416936],[-46.617796,-23.416937],[-46.617801,-23.416945],[-46.617846,-23.416925],[-46.617859,-23.41695],[-46.617881,-23.416991],[-46.617781,-23.417027]]]},"properties":{"sqlu":"SP-004-147770","inscription":"SP-GEOSAMPA-2147770","inscricaoImobiliaria":"SP-IMO-2147770","setor":"004","quadra":"071","lote":"0012","sourceType":"OFFICIAL_IMPORT","mainAddress":"Setor Fiscal 004","zoneamento":"RESIDENCIAL","statusCadastral":"ATIVO","workflowStatus":"PENDENTE","isOfficial":true,"rawProperties":{"cd_identificador":2147770,"cd_identificador_original_lote":8919602,"cd_setor_fiscal":"004","cd_tipo_quadra":"F","tx_tipo_quadra":"FISCAL","cd_quadra_fiscal":"071","cd_subquadra_fiscal":null,"cd_condominio":"00","cd_tipo_lote":"F","tx_tipo_lote":"FISCAL","cd_lote":"0012","cd_situacao":1,"cd_digito_sql":"1","cd_logradouro":"184845","nm_logradouro_completo":"R ESTEFANO","cd_numero_porta":"270","tx_complemento_endereco":null,"tx_situ_lote":"ATIVO","cd_tipo_uso_imovel":"14","dc_tipo_uso_imovel":"Residencial","cd_tipo_terreno_imovel":1,"qt_area_terreno":215,"qt_area_construida":300}}},{"type":"Feature","geometry":{"type":"Polygon","coordinates":[[[-46.615392,-23.408424],[-46.615385,-23.408379],[-46.615416,-23.408375],[-46.615492,-23.408365],[-46.61551,-23.408362],[-46.615628,-23.408346],[-46.615638,-23.408392],[-46.615638,-23.408392],[-46.615497,-23.40841],[-46.615423,-23.40842],[-46.615392,-23.408424]]]},"properties":{"sqlu":"SP-004-147850","inscription":"SP-GEOSAMPA-2147850","inscricaoImobiliaria":"SP-IMO-2147850","setor":"004","quadra":"009","lote":"0100","sourceType":"OFFICIAL_IMPORT","mainAddress":"Setor Fiscal 004","zoneamento":"RESIDENCIAL","statusCadastral":"ATIVO","workflowStatus":"PENDENTE","isOfficial":true,"rawProperties":{"cd_identificador":2147850,"cd_identificador_original_lote":8918982,"cd_setor_fiscal":"004","cd_tipo_quadra":"F","tx_tipo_quadra":"FISCAL","cd_quadra_fiscal":"009","cd_subquadra_fiscal":null,"cd_condominio":"00","cd_tipo_lote":"F","tx_tipo_lote":"FISCAL","cd_lote":"0100","cd_situacao":1,"cd_digito_sql":"5","cd_logradouro":"098310","nm_logradouro_completo":"R BR DE JAGUARA","cd_numero_porta":"163","tx_complemento_endereco":"E 165","tx_situ_lote":"ATIVO","cd_tipo_uso_imovel":"42","dc_tipo_uso_imovel":"Não residencial","cd_tipo_terreno_imovel":1,"qt_area_terreno":130,"qt_area_construida":70}}},{"type":"Feature","geometry":{"type":"Polygon","coordinates":[[[-46.621125,-23.413899],[-46.621167,-23.413894],[-46.621223,-23.414257],[-46.621181,-23.414262],[-46.621125,-23.413899]]]},"properties":{"sqlu":"SP-004-869594","inscription":"SP-GEOSAMPA-6869594","inscricaoImobiliaria":"SP-IMO-6869594","setor":"004","quadra":"061","lote":"0769","sourceType":"OFFICIAL_IMPORT","mainAddress":"Setor Fiscal 004","zoneamento":"RESIDENCIAL","statusCadastral":"ATIVO","workflowStatus":"PENDENTE","isOfficial":true,"rawProperties":{"cd_identificador":6869594,"cd_identificador_original_lote":10721645,"cd_setor_fiscal":"004","cd_tipo_quadra":"F","tx_tipo_quadra":"FISCAL","cd_quadra_fiscal":"061","cd_subquadra_fiscal":null,"cd_condominio":"00","cd_tipo_lote":"F","tx_tipo_lote":"FISCAL","cd_lote":"0769","cd_situacao":1,"cd_digito_sql":"6","cd_logradouro":"182087","nm_logradouro_completo":"R SILVEIRA DA MOTA","cd_numero_porta":"S/N","tx_complemento_endereco":null,"tx_situ_lote":"ATIVO","cd_tipo_uso_imovel":"00","dc_tipo_uso_imovel":"Terreno","cd_tipo_terreno_imovel":1,"qt_area_terreno":240,"qt_area_construida":0}}},{"type":"Feature","geometry":{"type":"Polygon","coordinates":[[[-46.616704,-23.415067],[-46.616641,-23.414931],[-46.616637,-23.41492],[-46.616628,-23.414901],[-46.616656,-23.414892],[-46.616686,-23.414882],[-46.616703,-23.414918],[-46.616761,-23.415045],[-46.616704,-23.415067]]]},"properties":{"sqlu":"SP-004-147932","inscription":"SP-GEOSAMPA-2147932","inscricaoImobiliaria":"SP-IMO-2147932","setor":"004","quadra":"065","lote":"0065","sourceType":"OFFICIAL_IMPORT","mainAddress":"Setor Fiscal 004","zoneamento":"RESIDENCIAL","statusCadastral":"ATIVO","workflowStatus":"PENDENTE","isOfficial":true,"rawProperties":{"cd_identificador":2147932,"cd_identificador_original_lote":8920627,"cd_setor_fiscal":"004","cd_tipo_quadra":"F","tx_tipo_quadra":"FISCAL","cd_quadra_fiscal":"065","cd_subquadra_fiscal":null,"cd_condominio":"00","cd_tipo_lote":"F","tx_tipo_lote":"FISCAL","cd_lote":"0065","cd_situacao":1,"cd_digito_sql":"7","cd_logradouro":"182087","nm_logradouro_completo":"R SILVEIRA DA MOTA","cd_numero_porta":"544","tx_complemento_endereco":null,"tx_situ_lote":"ATIVO","cd_tipo_uso_imovel":"60","dc_tipo_uso_imovel":"Não residencial","cd_tipo_terreno_imovel":1,"qt_area_terreno":128,"qt_area_construida":70}}},{"type":"Feature","geometry":{"type":"Polygon","coordinates":[[[-46.615987,-23.410196],[-46.615993,-23.41023],[-46.615831,-23.41024],[-46.615782,-23.410243],[-46.615728,-23.410246],[-46.615655,-23.410251],[-46.615648,-23.410217],[-46.615724,-23.410212],[-46.615811,-23.410207],[-46.615948,-23.410198],[-46.615987,-23.410196]]]},"properties":{"sqlu":"SP-004-147939","inscription":"SP-GEOSAMPA-2147939","inscricaoImobiliaria":"SP-IMO-2147939","setor":"004","quadra":"018","lote":"0012","sourceType":"OFFICIAL_IMPORT","mainAddress":"Setor Fiscal 004","zoneamento":"RESIDENCIAL","statusCadastral":"ATIVO","workflowStatus":"PENDENTE","isOfficial":true,"rawProperties":{"cd_identificador":2147939,"cd_identificador_original_lote":8920542,"cd_setor_fiscal":"004","cd_tipo_quadra":"F","tx_tipo_quadra":"FISCAL","cd_quadra_fiscal":"018","cd_subquadra_fiscal":null,"cd_condominio":"00","cd_tipo_lote":"F","tx_tipo_lote":"FISCAL","cd_lote":"0012","cd_situacao":1,"cd_digito_sql":"1","cd_logradouro":"098310","nm_logradouro_completo":"R BR DE JAGUARA","cd_numero_porta":"371","tx_complemento_endereco":null,"tx_situ_lote":"ATIVO","cd_tipo_uso_imovel":"14","dc_tipo_uso_imovel":"Residencial","cd_tipo_terreno_imovel":1,"qt_area_terreno":146,"qt_area_construida":135}}},{"type":"Feature","geometry":{"type":"Polygon","coordinates":[[[-46.618596,-23.4146],[-46.618572,-23.414607],[-46.618563,-23.414609],[-46.618538,-23.41455],[-46.618519,-23.414506],[-46.618512,-23.41449],[-46.618484,-23.414423],[-46.618494,-23.414421],[-46.618523,-23.414414],[-46.618588,-23.414579],[-46.618596,-23.4146]]]},"properties":{"sqlu":"SP-004-147906","inscription":"SP-GEOSAMPA-2147906","inscricaoImobiliaria":"SP-IMO-2147906","setor":"004","quadra":"063","lote":"0045","sourceType":"OFFICIAL_IMPORT","mainAddress":"Setor Fiscal 004","zoneamento":"RESIDENCIAL","statusCadastral":"ATIVO","workflowStatus":"PENDENTE","isOfficial":true,"rawProperties":{"cd_identificador":2147906,"cd_identificador_original_lote":8919437,"cd_setor_fiscal":"004","cd_tipo_quadra":"F","tx_tipo_quadra":"FISCAL","cd_quadra_fiscal":"063","cd_subquadra_fiscal":null,"cd_condominio":"00","cd_tipo_lote":"F","tx_tipo_lote":"FISCAL","cd_lote":"0045","cd_situacao":1,"cd_digito_sql":"3","cd_logradouro":"182087","nm_logradouro_completo":"R SILVEIRA DA MOTA","cd_numero_porta":"348","tx_complemento_endereco":null,"tx_situ_lote":"ATIVO","cd_tipo_uso_imovel":"10","dc_tipo_uso_imovel":"Residencial","cd_tipo_terreno_imovel":1,"qt_area_terreno":94,"qt_area_construida":103}}},{"type":"Feature","geometry":{"type":"Polygon","coordinates":[[[-46.628524,-23.412657],[-46.628612,-23.412617],[-46.628649,-23.4126],[-46.628693,-23.41258],[-46.628873,-23.412499],[-46.628894,-23.412539],[-46.628682,-23.412633],[-46.628544,-23.412695],[-46.628543,-23.412693],[-46.628534,-23.412675],[-46.628524,-23.412657]]]},"properties":{"sqlu":"SP-004-148052","inscription":"SP-GEOSAMPA-2148052","inscricaoImobiliaria":"SP-IMO-2148052","setor":"004","quadra":"043","lote":"0068","sourceType":"OFFICIAL_IMPORT","mainAddress":"Setor Fiscal 004","zoneamento":"RESIDENCIAL","statusCadastral":"ATIVO","workflowStatus":"PENDENTE","isOfficial":true,"rawProperties":{"cd_identificador":2148052,"cd_identificador_original_lote":8918959,"cd_setor_fiscal":"004","cd_tipo_quadra":"F","tx_tipo_quadra":"FISCAL","cd_quadra_fiscal":"043","cd_subquadra_fiscal":null,"cd_condominio":"00","cd_tipo_lote":"F","tx_tipo_lote":"FISCAL","cd_lote":"0068","cd_situacao":1,"cd_digito_sql":"5","cd_logradouro":"080241","nm_logradouro_completo":"R GLICERIO","cd_numero_porta":"701","tx_complemento_endereco":null,"tx_situ_lote":"ATIVO","cd_tipo_uso_imovel":"40","dc_tipo_uso_imovel":"Não residencial","cd_tipo_terreno_imovel":1,"qt_area_terreno":225,"qt_area_construida":80}}},{"type":"Feature","geometry":{"type":"Polygon","coordinates":[[[-46.623475,-23.414858],[-46.623489,-23.414901],[-46.623426,-23.414918],[-46.623346,-23.414939],[-46.623306,-23.414949],[-46.623245,-23.414965],[-46.623239,-23.414947],[-46.623231,-23.41492],[-46.623271,-23.41491],[-46.623442,-23.414866],[-46.623475,-23.414858]]]},"properties":{"sqlu":"SP-004-148076","inscription":"SP-GEOSAMPA-2148076","inscricaoImobiliaria":"SP-IMO-2148076","setor":"004","quadra":"060","lote":"0006","sourceType":"OFFICIAL_IMPORT","mainAddress":"Setor Fiscal 004","zoneamento":"RESIDENCIAL","statusCadastral":"ATIVO","workflowStatus":"PENDENTE","isOfficial":true,"rawProperties":{"cd_identificador":2148076,"cd_identificador_original_lote":8918974,"cd_setor_fiscal":"004","cd_tipo_quadra":"F","tx_tipo_quadra":"FISCAL","cd_quadra_fiscal":"060","cd_subquadra_fiscal":null,"cd_condominio":"00","cd_tipo_lote":"F","tx_tipo_lote":"FISCAL","cd_lote":"0006","cd_situacao":1,"cd_digito_sql":"9","cd_logradouro":"187801","nm_logradouro_completo":"R TEIXEIRA MENDES","cd_numero_porta":"106","tx_complemento_endereco":null,"tx_situ_lote":"ATIVO","cd_tipo_uso_imovel":"10","dc_tipo_uso_imovel":"Residencial","cd_tipo_terreno_imovel":1,"qt_area_terreno":132,"qt_area_construida":120}}},{"type":"Feature","geometry":{"type":"Polygon","coordinates":[[[-46.616084,-23.413143],[-46.615963,-23.412898],[-46.615879,-23.412727],[-46.615885,-23.412724],[-46.615973,-23.412692],[-46.615931,-23.412582],[-46.616135,-23.412521],[-46.616243,-23.412489],[-46.616383,-23.412447],[-46.616456,-23.412425],[-46.616505,-23.412544],[-46.616563,-23.412682],[-46.616579,-23.41272],[-46.616636,-23.41286],[-46.616623,-23.41289],[-46.61658,-23.412911],[-46.616465,-23.412965],[-46.616262,-23.41306],[-46.616084,-23.413143]]]},"properties":{"sqlu":"SP-004-148230","inscription":"SP-GEOSAMPA-2148230","inscricaoImobiliaria":"SP-IMO-2148230","setor":"004","quadra":"051","lote":"0080","sourceType":"OFFICIAL_IMPORT","mainAddress":"Setor Fiscal 004","zoneamento":"RESIDENCIAL","statusCadastral":"ATIVO","workflowStatus":"PENDENTE","isOfficial":true,"rawProperties":{"cd_identificador":2148230,"cd_identificador_original_lote":8920273,"cd_setor_fiscal":"004","cd_tipo_quadra":"F","tx_tipo_quadra":"FISCAL","cd_quadra_fiscal":"051","cd_subquadra_fiscal":null,"cd_condominio":"00","cd_tipo_lote":"F","tx_tipo_lote":"FISCAL","cd_lote":"0080","cd_situacao":1,"cd_digito_sql":"9","cd_logradouro":"161713","nm_logradouro_completo":"R DOS PESCADORES","cd_numero_porta":"53","tx_complemento_endereco":null,"tx_situ_lote":"ATIVO","cd_tipo_uso_imovel":"51","dc_tipo_uso_imovel":"Não residencial","cd_tipo_terreno_imovel":2,"qt_area_terreno":3744,"qt_area_construida":16778}}},{"type":"Feature","geometry":{"type":"Polygon","coordinates":[[[-46.613632,-23.40922],[-46.613629,-23.409183],[-46.613626,-23.409144],[-46.613622,-23.409106],[-46.613627,-23.409102],[-46.613634,-23.409094],[-46.613636,-23.409088],[-46.613624,-23.408988],[-46.613675,-23.408982],[-46.613702,-23.409216],[-46.613714,-23.409317],[-46.613715,-23.409331],[-46.613716,-23.409341],[-46.613647,-23.409345],[-46.613642,-23.409345],[-46.613639,-23.409298],[-46.613635,-23.409259],[-46.613632,-23.40922]]]},"properties":{"sqlu":"SP-004-148359","inscription":"SP-GEOSAMPA-2148359","inscricaoImobiliaria":"SP-IMO-2148359","setor":"004","quadra":"010","lote":"0001","sourceType":"OFFICIAL_IMPORT","mainAddress":"Setor Fiscal 004","zoneamento":"RESIDENCIAL","statusCadastral":"ATIVO","workflowStatus":"PENDENTE","isOfficial":true,"rawProperties":{"cd_identificador":2148359,"cd_identificador_original_lote":8918612,"cd_setor_fiscal":"004","cd_tipo_quadra":"F","tx_tipo_quadra":"FISCAL","cd_quadra_fiscal":"010","cd_subquadra_fiscal":null,"cd_condominio":"00","cd_tipo_lote":"V","tx_tipo_lote":"Via de Acesso","cd_lote":"0001","cd_situacao":1,"cd_digito_sql":null,"cd_logradouro":null,"nm_logradouro_completo":null,"cd_numero_porta":null,"tx_complemento_endereco":null,"tx_situ_lote":null,"cd_tipo_uso_imovel":null,"dc_tipo_uso_imovel":null,"cd_tipo_terreno_imovel":null,"qt_area_terreno":null,"qt_area_construida":null}}},{"type":"Feature","geometry":{"type":"Polygon","coordinates":[[[-46.617389,-23.409607],[-46.617551,-23.409602],[-46.617571,-23.409616],[-46.617574,-23.409652],[-46.617395,-23.409662],[-46.617389,-23.409607]]]},"properties":{"sqlu":"SP-004-148336","inscription":"SP-GEOSAMPA-2148336","inscricaoImobiliaria":"SP-IMO-2148336","setor":"004","quadra":"017","lote":"0046","sourceType":"OFFICIAL_IMPORT","mainAddress":"Setor Fiscal 004","zoneamento":"RESIDENCIAL","statusCadastral":"ATIVO","workflowStatus":"PENDENTE","isOfficial":true,"rawProperties":{"cd_identificador":2148336,"cd_identificador_original_lote":8919076,"cd_setor_fiscal":"004","cd_tipo_quadra":"F","tx_tipo_quadra":"FISCAL","cd_quadra_fiscal":"017","cd_subquadra_fiscal":null,"cd_condominio":"00","cd_tipo_lote":"F","tx_tipo_lote":"FISCAL","cd_lote":"0046","cd_situacao":1,"cd_digito_sql":"1","cd_logradouro":"035173","nm_logradouro_completo":"R DOM BOSCO","cd_numero_porta":"350","tx_complemento_endereco":"E 356","tx_situ_lote":"ATIVO","cd_tipo_uso_imovel":"42","dc_tipo_uso_imovel":"Não residencial","cd_tipo_terreno_imovel":2,"qt_area_terreno":108,"qt_area_construida":100}}},{"type":"Feature","geometry":{"type":"Polygon","coordinates":[[[-46.623603,-23.414337],[-46.623624,-23.41438],[-46.623617,-23.414383],[-46.62361,-23.414385],[-46.623547,-23.414406],[-46.623457,-23.414437],[-46.623442,-23.414394],[-46.62359,-23.414341],[-46.623598,-23.414339],[-46.623603,-23.414337]]]},"properties":{"sqlu":"SP-004-817339","inscription":"SP-GEOSAMPA-6817339","inscricaoImobiliaria":"SP-IMO-6817339","setor":"004","quadra":"052","lote":"0079","sourceType":"OFFICIAL_IMPORT","mainAddress":"Setor Fiscal 004","zoneamento":"RESIDENCIAL","statusCadastral":"ATIVO","workflowStatus":"PENDENTE","isOfficial":true,"rawProperties":{"cd_identificador":6817339,"cd_identificador_original_lote":10677108,"cd_setor_fiscal":"004","cd_tipo_quadra":"F","tx_tipo_quadra":"FISCAL","cd_quadra_fiscal":"052","cd_subquadra_fiscal":null,"cd_condominio":"00","cd_tipo_lote":"F","tx_tipo_lote":"FISCAL","cd_lote":"0079","cd_situacao":1,"cd_digito_sql":"1","cd_logradouro":"187801","nm_logradouro_completo":"R TEIXEIRA MENDES","cd_numero_porta":"157","tx_complemento_endereco":null,"tx_situ_lote":"ATIVO","cd_tipo_uso_imovel":"14","dc_tipo_uso_imovel":"Residencial","cd_tipo_terreno_imovel":1,"qt_area_terreno":68,"qt_area_construida":136}}},{"type":"Feature","geometry":{"type":"Polygon","coordinates":[[[-46.618555,-23.413388],[-46.618433,-23.413415],[-46.61841,-23.413404],[-46.618393,-23.413362],[-46.618534,-23.413328],[-46.618555,-23.413388]]]},"properties":{"sqlu":"SP-004-148440","inscription":"SP-GEOSAMPA-2148440","inscricaoImobiliaria":"SP-IMO-2148440","setor":"004","quadra":"049","lote":"0044","sourceType":"OFFICIAL_IMPORT","mainAddress":"Setor Fiscal 004","zoneamento":"RESIDENCIAL","statusCadastral":"ATIVO","workflowStatus":"PENDENTE","isOfficial":true,"rawProperties":{"cd_identificador":2148440,"cd_identificador_original_lote":8920247,"cd_setor_fiscal":"004","cd_tipo_quadra":"F","tx_tipo_quadra":"FISCAL","cd_quadra_fiscal":"049","cd_subquadra_fiscal":null,"cd_condominio":"00","cd_tipo_lote":"F","tx_tipo_lote":"FISCAL","cd_lote":"0044","cd_situacao":1,"cd_digito_sql":"5","cd_logradouro":"008141","nm_logradouro_completo":"R DOS ALPES","cd_numero_porta":"238","tx_complemento_endereco":null,"tx_situ_lote":"ATIVO","cd_tipo_uso_imovel":"42","dc_tipo_uso_imovel":"Não residencial","cd_tipo_terreno_imovel":2,"qt_area_terreno":87,"qt_area_construida":174}}},{"type":"Feature","geometry":{"type":"Polygon","coordinates":[[[-46.616221,-23.409245],[-46.616168,-23.409253],[-46.616165,-23.409253],[-46.61597,-23.409283],[-46.615967,-23.409265],[-46.615959,-23.409229],[-46.616128,-23.409204],[-46.616137,-23.409202],[-46.616158,-23.409199],[-46.616214,-23.409191],[-46.61622,-23.409237],[-46.616221,-23.409245]]]},"properties":{"sqlu":"SP-004-148606","inscription":"SP-GEOSAMPA-2148606","inscricaoImobiliaria":"SP-IMO-2148606","setor":"004","quadra":"008","lote":"0021","sourceType":"OFFICIAL_IMPORT","mainAddress":"Setor Fiscal 004","zoneamento":"RESIDENCIAL","statusCadastral":"ATIVO","workflowStatus":"PENDENTE","isOfficial":true,"rawProperties":{"cd_identificador":2148606,"cd_identificador_original_lote":8919851,"cd_setor_fiscal":"004","cd_tipo_quadra":"F","tx_tipo_quadra":"FISCAL","cd_quadra_fiscal":"008","cd_subquadra_fiscal":null,"cd_condominio":"00","cd_tipo_lote":"F","tx_tipo_lote":"FISCAL","cd_lote":"0021","cd_situacao":1,"cd_digito_sql":"7","cd_logradouro":"098310","nm_logradouro_completo":"R BR DE JAGUARA","cd_numero_porta":"266","tx_complemento_endereco":null,"tx_situ_lote":"ATIVO","cd_tipo_uso_imovel":"14","dc_tipo_uso_imovel":"Residencial","cd_tipo_terreno_imovel":1,"qt_area_terreno":164,"qt_area_construida":159}}},{"type":"Feature","geometry":{"type":"Polygon","coordinates":[[[-46.616529,-23.414517],[-46.616472,-23.414536],[-46.61649,-23.414581],[-46.616564,-23.414771],[-46.616264,-23.414878],[-46.616129,-23.414566],[-46.616091,-23.414579],[-46.616077,-23.414547],[-46.616063,-23.414513],[-46.616005,-23.414534],[-46.616005,-23.414532],[-46.615997,-23.414515],[-46.615959,-23.414423],[-46.615936,-23.414368],[-46.616028,-23.414333],[-46.616119,-23.4143],[-46.616301,-23.414232],[-46.61645,-23.414176],[-46.616511,-23.414153],[-46.616577,-23.414312],[-46.616584,-23.414328],[-46.616616,-23.414406],[-46.616552,-23.414429],[-46.616581,-23.4145],[-46.616529,-23.414517]]]},"properties":{"sqlu":"SP-004-148586","inscription":"SP-GEOSAMPA-2148586","inscricaoImobiliaria":"SP-IMO-2148586","setor":"004","quadra":"064","lote":"0099","sourceType":"OFFICIAL_IMPORT","mainAddress":"Setor Fiscal 004","zoneamento":"RESIDENCIAL","statusCadastral":"ATIVO","workflowStatus":"PENDENTE","isOfficial":true,"rawProperties":{"cd_identificador":2148586,"cd_identificador_original_lote":8918908,"cd_setor_fiscal":"004","cd_tipo_quadra":"F","tx_tipo_quadra":"FISCAL","cd_quadra_fiscal":"064","cd_subquadra_fiscal":null,"cd_condominio":"00","cd_tipo_lote":"F","tx_tipo_lote":"FISCAL","cd_lote":"0099","cd_situacao":1,"cd_digito_sql":"7","cd_logradouro":"182087","nm_logradouro_completo":"R SILVEIRA DA MOTA","cd_numero_porta":"551","tx_complemento_endereco":"569 581","tx_situ_lote":"ATIVO","cd_tipo_uso_imovel":"40","dc_tipo_uso_imovel":"Não residencial","cd_tipo_terreno_imovel":3,"qt_area_terreno":3070,"qt_area_construida":3243}}},{"type":"Feature","geometry":{"type":"Polygon","coordinates":[[[-46.617267,-23.410724],[-46.61731,-23.410723],[-46.617471,-23.410718],[-46.617516,-23.410717],[-46.617682,-23.410712],[-46.617688,-23.410773],[-46.617274,-23.410794],[-46.617267,-23.410724]]]},"properties":{"sqlu":"SP-004-148730","inscription":"SP-GEOSAMPA-2148730","inscricaoImobiliaria":"SP-IMO-2148730","setor":"004","quadra":"027","lote":"0003","sourceType":"OFFICIAL_IMPORT","mainAddress":"Setor Fiscal 004","zoneamento":"RESIDENCIAL","statusCadastral":"ATIVO","workflowStatus":"PENDENTE","isOfficial":true,"rawProperties":{"cd_identificador":2148730,"cd_identificador_original_lote":8920298,"cd_setor_fiscal":"004","cd_tipo_quadra":"F","tx_tipo_quadra":"FISCAL","cd_quadra_fiscal":"027","cd_subquadra_fiscal":null,"cd_condominio":"00","cd_tipo_lote":"F","tx_tipo_lote":"FISCAL","cd_lote":"0003","cd_situacao":1,"cd_digito_sql":"1","cd_logradouro":"151181","nm_logradouro_completo":"R OSCAR HORTA","cd_numero_porta":"325","tx_complemento_endereco":null,"tx_situ_lote":"ATIVO","cd_tipo_uso_imovel":"51","dc_tipo_uso_imovel":"Não residencial","cd_tipo_terreno_imovel":1,"qt_area_terreno":280,"qt_area_construida":240}}},{"type":"Feature","geometry":{"type":"Polygon","coordinates":[[[-46.617267,-23.410724],[-46.617257,-23.410633],[-46.617302,-23.410631],[-46.617468,-23.410624],[-46.61751,-23.410623],[-46.617672,-23.410616],[-46.617682,-23.410712],[-46.617516,-23.410717],[-46.617471,-23.410718],[-46.61731,-23.410723],[-46.617267,-23.410724]]]},"properties":{"sqlu":"SP-004-148731","inscription":"SP-GEOSAMPA-2148731","inscricaoImobiliaria":"SP-IMO-2148731","setor":"004","quadra":"027","lote":"0002","sourceType":"OFFICIAL_IMPORT","mainAddress":"Setor Fiscal 004","zoneamento":"RESIDENCIAL","statusCadastral":"ATIVO","workflowStatus":"PENDENTE","isOfficial":true,"rawProperties":{"cd_identificador":2148731,"cd_identificador_original_lote":8920299,"cd_setor_fiscal":"004","cd_tipo_quadra":"F","tx_tipo_quadra":"FISCAL","cd_quadra_fiscal":"027","cd_subquadra_fiscal":null,"cd_condominio":"00","cd_tipo_lote":"F","tx_tipo_lote":"FISCAL","cd_lote":"0002","cd_situacao":1,"cd_digito_sql":"3","cd_logradouro":"151181","nm_logradouro_completo":"R OSCAR HORTA","cd_numero_porta":"313","tx_complemento_endereco":"315 E 317","tx_situ_lote":"ATIVO","cd_tipo_uso_imovel":"22","dc_tipo_uso_imovel":"Residencial","cd_tipo_terreno_imovel":1,"qt_area_terreno":400,"qt_area_construida":1106}}},{"type":"Feature","geometry":{"type":"Polygon","coordinates":[[[-46.616386,-23.410556],[-46.616426,-23.410554],[-46.61644,-23.410639],[-46.616441,-23.410644],[-46.616448,-23.410687],[-46.616432,-23.41069],[-46.616432,-23.410692],[-46.616413,-23.410694],[-46.616403,-23.410643],[-46.616402,-23.410638],[-46.616386,-23.410556]]]},"properties":{"sqlu":"SP-004-148689","inscription":"SP-GEOSAMPA-2148689","inscricaoImobiliaria":"SP-IMO-2148689","setor":"004","quadra":"027","lote":"0035","sourceType":"OFFICIAL_IMPORT","mainAddress":"Setor Fiscal 004","zoneamento":"RESIDENCIAL","statusCadastral":"ATIVO","workflowStatus":"PENDENTE","isOfficial":true,"rawProperties":{"cd_identificador":2148689,"cd_identificador_original_lote":8920587,"cd_setor_fiscal":"004","cd_tipo_quadra":"F","tx_tipo_quadra":"FISCAL","cd_quadra_fiscal":"027","cd_subquadra_fiscal":null,"cd_condominio":"00","cd_tipo_lote":"F","tx_tipo_lote":"FISCAL","cd_lote":"0035","cd_situacao":1,"cd_digito_sql":"1","cd_logradouro":"148806","nm_logradouro_completo":"R ODORICO MENDES","cd_numero_porta":"392","tx_complemento_endereco":null,"tx_situ_lote":"ATIVO","cd_tipo_uso_imovel":"10","dc_tipo_uso_imovel":"Residencial","cd_tipo_terreno_imovel":1,"qt_area_terreno":72,"qt_area_construida":86}}},{"type":"Feature","geometry":{"type":"Polygon","coordinates":[[[-46.618558,-23.41048],[-46.618564,-23.410551],[-46.618569,-23.410605],[-46.618571,-23.410625],[-46.618559,-23.410627],[-46.61856,-23.41063],[-46.618458,-23.410637],[-46.618458,-23.410629],[-46.618443,-23.410483],[-46.618558,-23.41048]]]},"properties":{"sqlu":"SP-004-148750","inscription":"SP-GEOSAMPA-2148750","inscricaoImobiliaria":"SP-IMO-2148750","setor":"004","quadra":"026","lote":"0009","sourceType":"OFFICIAL_IMPORT","mainAddress":"Setor Fiscal 004","zoneamento":"RESIDENCIAL","statusCadastral":"ATIVO","workflowStatus":"PENDENTE","isOfficial":true,"rawProperties":{"cd_identificador":2148750,"cd_identificador_original_lote":8920529,"cd_setor_fiscal":"004","cd_tipo_quadra":"F","tx_tipo_quadra":"FISCAL","cd_quadra_fiscal":"026","cd_subquadra_fiscal":null,"cd_condominio":"00","cd_tipo_lote":"F","tx_tipo_lote":"FISCAL","cd_lote":"0009","cd_situacao":1,"cd_digito_sql":"6","cd_logradouro":"148806","nm_logradouro_completo":"R ODORICO MENDES","cd_numero_porta":"174","tx_complemento_endereco":null,"tx_situ_lote":"ATIVO","cd_tipo_uso_imovel":"72","dc_tipo_uso_imovel":"Não residencial","cd_tipo_terreno_imovel":1,"qt_area_terreno":210,"qt_area_construida":200}}},{"type":"Feature","geometry":{"type":"Polygon","coordinates":[[[-46.626881,-23.412405],[-46.62705,-23.412844],[-46.627064,-23.412879],[-46.627078,-23.412917],[-46.62696,-23.412964],[-46.626946,-23.412926],[-46.626929,-23.412883],[-46.626842,-23.412655],[-46.62676,-23.412443],[-46.626881,-23.412405]]]},"properties":{"sqlu":"SP-004-148722","inscription":"SP-GEOSAMPA-2148722","inscricaoImobiliaria":"SP-IMO-2148722","setor":"004","quadra":"044","lote":"0095","sourceType":"OFFICIAL_IMPORT","mainAddress":"Setor Fiscal 004","zoneamento":"RESIDENCIAL","statusCadastral":"ATIVO","workflowStatus":"PENDENTE","isOfficial":true,"rawProperties":{"cd_identificador":2148722,"cd_identificador_original_lote":8920450,"cd_setor_fiscal":"004","cd_tipo_quadra":"F","tx_tipo_quadra":"FISCAL","cd_quadra_fiscal":"044","cd_subquadra_fiscal":null,"cd_condominio":"00","cd_tipo_lote":"F","tx_tipo_lote":"FISCAL","cd_lote":"0095","cd_situacao":1,"cd_digito_sql":"7","cd_logradouro":"090328","nm_logradouro_completo":"R BR DE IGUAPE","cd_numero_porta":"890","tx_complemento_endereco":"896 E 900","tx_situ_lote":"ATIVO","cd_tipo_uso_imovel":"40","dc_tipo_uso_imovel":"Não residencial","cd_tipo_terreno_imovel":1,"qt_area_terreno":840,"qt_area_construida":1100}}},{"type":"Feature","geometry":{"type":"Polygon","coordinates":[[[-46.626881,-23.412405],[-46.627016,-23.412362],[-46.62707,-23.412498],[-46.627086,-23.412532],[-46.627093,-23.412548],[-46.627149,-23.412678],[-46.627227,-23.412858],[-46.627182,-23.412876],[-46.627078,-23.412917],[-46.627064,-23.412879],[-46.62705,-23.412844],[-46.626881,-23.412405]]]},"properties":{"sqlu":"SP-004-148723","inscription":"SP-GEOSAMPA-2148723","inscricaoImobiliaria":"SP-IMO-2148723","setor":"004","quadra":"044","lote":"0012","sourceType":"OFFICIAL_IMPORT","mainAddress":"Setor Fiscal 004","zoneamento":"RESIDENCIAL","statusCadastral":"ATIVO","workflowStatus":"PENDENTE","isOfficial":true,"rawProperties":{"cd_identificador":2148723,"cd_identificador_original_lote":8920451,"cd_setor_fiscal":"004","cd_tipo_quadra":"F","tx_tipo_quadra":"FISCAL","cd_quadra_fiscal":"044","cd_subquadra_fiscal":null,"cd_condominio":"00","cd_tipo_lote":"F","tx_tipo_lote":"FISCAL","cd_lote":"0012","cd_situacao":1,"cd_digito_sql":"4","cd_logradouro":"090328","nm_logradouro_completo":"R BR DE IGUAPE","cd_numero_porta":"886","tx_complemento_endereco":null,"tx_situ_lote":"ATIVO","cd_tipo_uso_imovel":"50","dc_tipo_uso_imovel":"Não residencial","cd_tipo_terreno_imovel":1,"qt_area_terreno":855,"qt_area_construida":840}}},{"type":"Feature","geometry":{"type":"Polygon","coordinates":[[[-46.622574,-23.408172],[-46.622664,-23.408159],[-46.622685,-23.408155],[-46.622778,-23.408141],[-46.622806,-23.408137],[-46.622808,-23.40818],[-46.622737,-23.408191],[-46.62269,-23.408198],[-46.622582,-23.408214],[-46.622574,-23.408172]]]},"properties":{"sqlu":"SP-004-149153","inscription":"SP-GEOSAMPA-2149153","inscricaoImobiliaria":"SP-IMO-2149153","setor":"004","quadra":"003","lote":"0015","sourceType":"OFFICIAL_IMPORT","mainAddress":"Setor Fiscal 004","zoneamento":"RESIDENCIAL","statusCadastral":"ATIVO","workflowStatus":"PENDENTE","isOfficial":true,"rawProperties":{"cd_identificador":2149153,"cd_identificador_original_lote":8918642,"cd_setor_fiscal":"004","cd_tipo_quadra":"F","tx_tipo_quadra":"FISCAL","cd_quadra_fiscal":"003","cd_subquadra_fiscal":null,"cd_condominio":"00","cd_tipo_lote":"F","tx_tipo_lote":"FISCAL","cd_lote":"0015","cd_situacao":1,"cd_digito_sql":"1","cd_logradouro":"199265","nm_logradouro_completo":"R WANDENKOLK","cd_numero_porta":"652","tx_complemento_endereco":null,"tx_situ_lote":"ATIVO","cd_tipo_uso_imovel":"10","dc_tipo_uso_imovel":"Residencial","cd_tipo_terreno_imovel":1,"qt_area_terreno":147,"qt_area_construida":140}}},{"type":"Feature","geometry":{"type":"Polygon","coordinates":[[[-46.615159,-23.415194],[-46.615141,-23.415157],[-46.615276,-23.415108],[-46.615333,-23.415088],[-46.615393,-23.415067],[-46.615408,-23.415102],[-46.615393,-23.415107],[-46.615343,-23.415126],[-46.615292,-23.415144],[-46.615245,-23.415161],[-46.615159,-23.415194]]]},"properties":{"sqlu":"SP-004-149071","inscription":"SP-GEOSAMPA-2149071","inscricaoImobiliaria":"SP-IMO-2149071","setor":"004","quadra":"064","lote":"0026","sourceType":"OFFICIAL_IMPORT","mainAddress":"Setor Fiscal 004","zoneamento":"RESIDENCIAL","statusCadastral":"ATIVO","workflowStatus":"PENDENTE","isOfficial":true,"rawProperties":{"cd_identificador":2149071,"cd_identificador_original_lote":8919359,"cd_setor_fiscal":"004","cd_tipo_quadra":"F","tx_tipo_quadra":"FISCAL","cd_quadra_fiscal":"064","cd_subquadra_fiscal":null,"cd_condominio":"00","cd_tipo_lote":"F","tx_tipo_lote":"FISCAL","cd_lote":"0026","cd_situacao":1,"cd_digito_sql":"1","cd_logradouro":"011967","nm_logradouro_completo":"R DONA ANA NERI","cd_numero_porta":"814","tx_complemento_endereco":null,"tx_situ_lote":"ATIVO","cd_tipo_uso_imovel":"14","dc_tipo_uso_imovel":"Residencial","cd_tipo_terreno_imovel":1,"qt_area_terreno":115,"qt_area_construida":190}}},{"type":"Feature","geometry":{"type":"Polygon","coordinates":[[[-46.620687,-23.413698],[-46.620678,-23.413805],[-46.620638,-23.413808],[-46.620649,-23.41371],[-46.62065,-23.413702],[-46.620652,-23.413698],[-46.620687,-23.413698]]]},"properties":{"sqlu":"SP-004-149026","inscription":"SP-GEOSAMPA-2149026","inscricaoImobiliaria":"SP-IMO-2149026","setor":"004","quadra":"056","lote":"0043","sourceType":"OFFICIAL_IMPORT","mainAddress":"Setor Fiscal 004","zoneamento":"RESIDENCIAL","statusCadastral":"ATIVO","workflowStatus":"PENDENTE","isOfficial":true,"rawProperties":{"cd_identificador":2149026,"cd_identificador_original_lote":8920118,"cd_setor_fiscal":"004","cd_tipo_quadra":"F","tx_tipo_quadra":"FISCAL","cd_quadra_fiscal":"056","cd_subquadra_fiscal":null,"cd_condominio":"00","cd_tipo_lote":"F","tx_tipo_lote":"FISCAL","cd_lote":"0043","cd_situacao":1,"cd_digito_sql":"7","cd_logradouro":"182087","nm_logradouro_completo":"R SILVEIRA DA MOTA","cd_numero_porta":"117","tx_complemento_endereco":null,"tx_situ_lote":"ATIVO","cd_tipo_uso_imovel":"10","dc_tipo_uso_imovel":"Residencial","cd_tipo_terreno_imovel":1,"qt_area_terreno":68,"qt_area_construida":100}}},{"type":"Feature","geometry":{"type":"Polygon","coordinates":[[[-46.618055,-23.416886],[-46.61809,-23.416973],[-46.618102,-23.417004],[-46.618109,-23.417021],[-46.618073,-23.417035],[-46.618066,-23.417016],[-46.618059,-23.416999],[-46.618053,-23.416986],[-46.618018,-23.416898],[-46.618055,-23.416886]]]},"properties":{"sqlu":"SP-004-149078","inscription":"SP-GEOSAMPA-2149078","inscricaoImobiliaria":"SP-IMO-2149078","setor":"004","quadra":"071","lote":"0039","sourceType":"OFFICIAL_IMPORT","mainAddress":"Setor Fiscal 004","zoneamento":"RESIDENCIAL","statusCadastral":"ATIVO","workflowStatus":"PENDENTE","isOfficial":true,"rawProperties":{"cd_identificador":2149078,"cd_identificador_original_lote":8919362,"cd_setor_fiscal":"004","cd_tipo_quadra":"F","tx_tipo_quadra":"FISCAL","cd_quadra_fiscal":"071","cd_subquadra_fiscal":null,"cd_condominio":"00","cd_tipo_lote":"F","tx_tipo_lote":"FISCAL","cd_lote":"0039","cd_situacao":1,"cd_digito_sql":"3","cd_logradouro":"098310","nm_logradouro_completo":"R BR DE JAGUARA","cd_numero_porta":"1133","tx_complemento_endereco":"CS 4","tx_situ_lote":"ATIVO","cd_tipo_uso_imovel":"10","dc_tipo_uso_imovel":"Residencial","cd_tipo_terreno_imovel":4,"qt_area_terreno":57,"qt_area_construida":80}}},{"type":"Feature","geometry":{"type":"Polygon","coordinates":[[[-46.616642,-23.417337],[-46.616672,-23.4174],[-46.616627,-23.417417],[-46.616488,-23.41747],[-46.616309,-23.417538],[-46.616278,-23.417473],[-46.616642,-23.417337]]]},"properties":{"sqlu":"SP-004-149079","inscription":"SP-GEOSAMPA-2149079","inscricaoImobiliaria":"SP-IMO-2149079","setor":"004","quadra":"072","lote":"0016","sourceType":"OFFICIAL_IMPORT","mainAddress":"Setor Fiscal 004","zoneamento":"RESIDENCIAL","statusCadastral":"ATIVO","workflowStatus":"PENDENTE","isOfficial":true,"rawProperties":{"cd_identificador":2149079,"cd_identificador_original_lote":8919751,"cd_setor_fiscal":"004","cd_tipo_quadra":"F","tx_tipo_quadra":"FISCAL","cd_quadra_fiscal":"072","cd_subquadra_fiscal":null,"cd_condominio":"00","cd_tipo_lote":"F","tx_tipo_lote":"FISCAL","cd_lote":"0016","cd_situacao":1,"cd_digito_sql":"9","cd_logradouro":"011967","nm_logradouro_completo":"R DONA ANA NERI","cd_numero_porta":"1096","tx_complemento_endereco":null,"tx_situ_lote":"ATIVO","cd_tipo_uso_imovel":"40","dc_tipo_uso_imovel":"Não residencial","cd_tipo_terreno_imovel":1,"qt_area_terreno":312,"qt_area_construida":312}}},{"type":"Feature","geometry":{"type":"Polygon","coordinates":[[[-46.616642,-23.417337],[-46.616278,-23.417473],[-46.616256,-23.417428],[-46.61662,-23.417291],[-46.616642,-23.417337]]]},"properties":{"sqlu":"SP-004-149080","inscription":"SP-GEOSAMPA-2149080","inscricaoImobiliaria":"SP-IMO-2149080","setor":"004","quadra":"072","lote":"0017","sourceType":"OFFICIAL_IMPORT","mainAddress":"Setor Fiscal 004","zoneamento":"RESIDENCIAL","statusCadastral":"ATIVO","workflowStatus":"PENDENTE","isOfficial":true,"rawProperties":{"cd_identificador":2149080,"cd_identificador_original_lote":8919568,"cd_setor_fiscal":"004","cd_tipo_quadra":"F","tx_tipo_quadra":"FISCAL","cd_quadra_fiscal":"072","cd_subquadra_fiscal":null,"cd_condominio":"00","cd_tipo_lote":"F","tx_tipo_lote":"FISCAL","cd_lote":"0017","cd_situacao":1,"cd_digito_sql":"7","cd_logradouro":"011967","nm_logradouro_completo":"R DONA ANA NERI","cd_numero_porta":"1090","tx_complemento_endereco":null,"tx_situ_lote":"ATIVO","cd_tipo_uso_imovel":"91","dc_tipo_uso_imovel":null,"cd_tipo_terreno_imovel":1,"qt_area_terreno":268,"qt_area_construida":503}}},{"type":"Feature","geometry":{"type":"Polygon","coordinates":[[[-46.620043,-23.408361],[-46.620103,-23.408356],[-46.620106,-23.408356],[-46.620115,-23.408473],[-46.620053,-23.408473],[-46.620043,-23.408361]]]},"properties":{"sqlu":"SP-004-895214","inscription":"SP-GEOSAMPA-6895214","inscricaoImobiliaria":"SP-IMO-6895214","setor":"004","quadra":"005","lote":"0006","sourceType":"OFFICIAL_IMPORT","mainAddress":"Setor Fiscal 004","zoneamento":"RESIDENCIAL","statusCadastral":"ATIVO","workflowStatus":"PENDENTE","isOfficial":true,"rawProperties":{"cd_identificador":6895214,"cd_identificador_original_lote":10743913,"cd_setor_fiscal":"004","cd_tipo_quadra":"F","tx_tipo_quadra":"FISCAL","cd_quadra_fiscal":"005","cd_subquadra_fiscal":null,"cd_condominio":"00","cd_tipo_lote":"F","tx_tipo_lote":"FISCAL","cd_lote":"0006","cd_situacao":1,"cd_digito_sql":"1","cd_logradouro":"503223","nm_logradouro_completo":"TV SERAFINA CHIRICO SERRA","cd_numero_porta":"27","tx_complemento_endereco":null,"tx_situ_lote":"ATIVO","cd_tipo_uso_imovel":"10","dc_tipo_uso_imovel":"Residencial","cd_tipo_terreno_imovel":1,"qt_area_terreno":80,"qt_area_construida":90}}},{"type":"Feature","geometry":{"type":"Polygon","coordinates":[[[-46.620043,-23.408361],[-46.620053,-23.408473],[-46.619974,-23.408474],[-46.61997,-23.408443],[-46.619964,-23.408367],[-46.620043,-23.408361]]]},"properties":{"sqlu":"SP-004-895215","inscription":"SP-GEOSAMPA-6895215","inscricaoImobiliaria":"SP-IMO-6895215","setor":"004","quadra":"005","lote":"0007","sourceType":"OFFICIAL_IMPORT","mainAddress":"Setor Fiscal 004","zoneamento":"RESIDENCIAL","statusCadastral":"ATIVO","workflowStatus":"PENDENTE","isOfficial":true,"rawProperties":{"cd_identificador":6895215,"cd_identificador_original_lote":10743914,"cd_setor_fiscal":"004","cd_tipo_quadra":"F","tx_tipo_quadra":"FISCAL","cd_quadra_fiscal":"005","cd_subquadra_fiscal":null,"cd_condominio":"00","cd_tipo_lote":"F","tx_tipo_lote":"FISCAL","cd_lote":"0007","cd_situacao":1,"cd_digito_sql":"8","cd_logradouro":"503223","nm_logradouro_completo":"TV SERAFINA CHIRICO SERRA","cd_numero_porta":"25","tx_complemento_endereco":null,"tx_situ_lote":"ATIVO","cd_tipo_uso_imovel":"10","dc_tipo_uso_imovel":"Residencial","cd_tipo_terreno_imovel":1,"qt_area_terreno":96,"qt_area_construida":90}}},{"type":"Feature","geometry":{"type":"Polygon","coordinates":[[[-46.627736,-23.415307],[-46.627699,-23.415383],[-46.62761,-23.415335],[-46.627587,-23.415311],[-46.627585,-23.415306],[-46.62757,-23.415265],[-46.627569,-23.415262],[-46.627557,-23.415228],[-46.62756,-23.415227],[-46.627736,-23.415307]]]},"properties":{"sqlu":"SP-004-149346","inscription":"SP-GEOSAMPA-2149346","inscricaoImobiliaria":"SP-IMO-2149346","setor":"004","quadra":"052","lote":"0092","sourceType":"OFFICIAL_IMPORT","mainAddress":"Setor Fiscal 004","zoneamento":"RESIDENCIAL","statusCadastral":"ATIVO","workflowStatus":"PENDENTE","isOfficial":true,"rawProperties":{"cd_identificador":2149346,"cd_identificador_original_lote":8918957,"cd_setor_fiscal":"004","cd_tipo_quadra":"F","tx_tipo_quadra":"FISCAL","cd_quadra_fiscal":"052","cd_subquadra_fiscal":null,"cd_condominio":"00","cd_tipo_lote":"F","tx_tipo_lote":"FISCAL","cd_lote":"0092","cd_situacao":1,"cd_digito_sql":"7","cd_logradouro":"116491","nm_logradouro_completo":"R DO LAVAPES","cd_numero_porta":"327","tx_complemento_endereco":"329","tx_situ_lote":"ATIVO","cd_tipo_uso_imovel":"40","dc_tipo_uso_imovel":"Não residencial","cd_tipo_terreno_imovel":1,"qt_area_terreno":159,"qt_area_construida":289}}},{"type":"Feature","geometry":{"type":"Polygon","coordinates":[[[-46.623183,-23.407727],[-46.623231,-23.407726],[-46.62325,-23.4079],[-46.623202,-23.407902],[-46.623183,-23.407727]]]},"properties":{"sqlu":"SP-004-149420","inscription":"SP-GEOSAMPA-2149420","inscricaoImobiliaria":"SP-IMO-2149420","setor":"004","quadra":"003","lote":"0032","sourceType":"OFFICIAL_IMPORT","mainAddress":"Setor Fiscal 004","zoneamento":"RESIDENCIAL","statusCadastral":"ATIVO","workflowStatus":"PENDENTE","isOfficial":true,"rawProperties":{"cd_identificador":2149420,"cd_identificador_original_lote":8918493,"cd_setor_fiscal":"004","cd_tipo_quadra":"F","tx_tipo_quadra":"FISCAL","cd_quadra_fiscal":"003","cd_subquadra_fiscal":null,"cd_condominio":"00","cd_tipo_lote":"F","tx_tipo_lote":"FISCAL","cd_lote":"0032","cd_situacao":1,"cd_digito_sql":"1","cd_logradouro":"142131","nm_logradouro_completo":"R DA MOOCA","cd_numero_porta":"70","tx_complemento_endereco":"72","tx_situ_lote":"ATIVO","cd_tipo_uso_imovel":"31","dc_tipo_uso_imovel":"Não residencial","cd_tipo_terreno_imovel":1,"qt_area_terreno":91,"qt_area_construida":369}}},{"type":"Feature","geometry":{"type":"Polygon","coordinates":[[[-46.618604,-23.416382],[-46.618549,-23.4164],[-46.61852,-23.41641],[-46.618471,-23.416427],[-46.618408,-23.416448],[-46.618321,-23.416477],[-46.618262,-23.416497],[-46.618254,-23.416478],[-46.618231,-23.416422],[-46.618325,-23.416391],[-46.618445,-23.41635],[-46.618535,-23.41632],[-46.61857,-23.416308],[-46.618604,-23.416382]]]},"properties":{"sqlu":"SP-004-149447","inscription":"SP-GEOSAMPA-2149447","inscricaoImobiliaria":"SP-IMO-2149447","setor":"004","quadra":"068","lote":"0038","sourceType":"OFFICIAL_IMPORT","mainAddress":"Setor Fiscal 004","zoneamento":"RESIDENCIAL","statusCadastral":"ATIVO","workflowStatus":"PENDENTE","isOfficial":true,"rawProperties":{"cd_identificador":2149447,"cd_identificador_original_lote":8919652,"cd_setor_fiscal":"004","cd_tipo_quadra":"F","tx_tipo_quadra":"FISCAL","cd_quadra_fiscal":"068","cd_subquadra_fiscal":null,"cd_condominio":"00","cd_tipo_lote":"F","tx_tipo_lote":"FISCAL","cd_lote":"0038","cd_situacao":1,"cd_digito_sql":"3","cd_logradouro":"098310","nm_logradouro_completo":"R BR DE JAGUARA","cd_numero_porta":"1100","tx_complemento_endereco":"E 1104","tx_situ_lote":"ATIVO","cd_tipo_uso_imovel":"14","dc_tipo_uso_imovel":"Residencial","cd_tipo_terreno_imovel":1,"qt_area_terreno":348,"qt_area_construida":226}}},{"type":"Feature","geometry":{"type":"Polygon","coordinates":[[[-46.614758,-23.408886],[-46.614793,-23.408883],[-46.614816,-23.409104],[-46.614819,-23.409133],[-46.614822,-23.409162],[-46.614822,-23.409168],[-46.614825,-23.409197],[-46.614792,-23.4092],[-46.614788,-23.409165],[-46.614786,-23.409147],[-46.614783,-23.409112],[-46.614775,-23.409037],[-46.614758,-23.408886]]]},"properties":{"sqlu":"SP-004-149564","inscription":"SP-GEOSAMPA-2149564","inscricaoImobiliaria":"SP-IMO-2149564","setor":"004","quadra":"009","lote":"0044","sourceType":"OFFICIAL_IMPORT","mainAddress":"Setor Fiscal 004","zoneamento":"RESIDENCIAL","statusCadastral":"ATIVO","workflowStatus":"PENDENTE","isOfficial":true,"rawProperties":{"cd_identificador":2149564,"cd_identificador_original_lote":8919136,"cd_setor_fiscal":"004","cd_tipo_quadra":"F","tx_tipo_quadra":"FISCAL","cd_quadra_fiscal":"009","cd_subquadra_fiscal":null,"cd_condominio":"00","cd_tipo_lote":"F","tx_tipo_lote":"FISCAL","cd_lote":"0044","cd_situacao":1,"cd_digito_sql":"0","cd_logradouro":"091740","nm_logradouro_completo":"R SAN GENNARO","cd_numero_porta":"197","tx_complemento_endereco":null,"tx_situ_lote":"ATIVO","cd_tipo_uso_imovel":"10","dc_tipo_uso_imovel":"Residencial","cd_tipo_terreno_imovel":1,"qt_area_terreno":105,"qt_area_construida":144}}},{"type":"Feature","geometry":{"type":"Polygon","coordinates":[[[-46.617161,-23.412747],[-46.617186,-23.412805],[-46.617102,-23.412845],[-46.617056,-23.412866],[-46.61704,-23.412874],[-46.617024,-23.412881],[-46.616995,-23.412826],[-46.617161,-23.412747]]]},"properties":{"sqlu":"SP-004-149636","inscription":"SP-GEOSAMPA-2149636","inscricaoImobiliaria":"SP-IMO-2149636","setor":"004","quadra":"050","lote":"0055","sourceType":"OFFICIAL_IMPORT","mainAddress":"Setor Fiscal 004","zoneamento":"RESIDENCIAL","statusCadastral":"ATIVO","workflowStatus":"PENDENTE","isOfficial":true,"rawProperties":{"cd_identificador":2149636,"cd_identificador_original_lote":8920476,"cd_setor_fiscal":"004","cd_tipo_quadra":"F","tx_tipo_quadra":"FISCAL","cd_quadra_fiscal":"050","cd_subquadra_fiscal":null,"cd_condominio":"00","cd_tipo_lote":"F","tx_tipo_lote":"FISCAL","cd_lote":"0055","cd_situacao":1,"cd_digito_sql":"3","cd_logradouro":"163074","nm_logradouro_completo":"R PIQUEROBI","cd_numero_porta":"110","tx_complemento_endereco":null,"tx_situ_lote":"ATIVO","cd_tipo_uso_imovel":"10","dc_tipo_uso_imovel":"Residencial","cd_tipo_terreno_imovel":1,"qt_area_terreno":140,"qt_area_construida":80}}},{"type":"Feature","geometry":{"type":"Polygon","coordinates":[[[-46.614322,-23.413489],[-46.614345,-23.41348],[-46.614676,-23.413346],[-46.614679,-23.413345],[-46.614727,-23.413444],[-46.614371,-23.413588],[-46.614322,-23.413489]]]},"properties":{"sqlu":"SP-004-149812","inscription":"SP-GEOSAMPA-2149812","inscricaoImobiliaria":"SP-IMO-2149812","setor":"004","quadra":"051","lote":"0038","sourceType":"OFFICIAL_IMPORT","mainAddress":"Setor Fiscal 004","zoneamento":"RESIDENCIAL","statusCadastral":"ATIVO","workflowStatus":"PENDENTE","isOfficial":true,"rawProperties":{"cd_identificador":2149812,"cd_identificador_original_lote":8920276,"cd_setor_fiscal":"004","cd_tipo_quadra":"F","tx_tipo_quadra":"FISCAL","cd_quadra_fiscal":"051","cd_subquadra_fiscal":null,"cd_condominio":"00","cd_tipo_lote":"F","tx_tipo_lote":"FISCAL","cd_lote":"0038","cd_situacao":1,"cd_digito_sql":"8","cd_logradouro":"011967","nm_logradouro_completo":"R DONA ANA NERI","cd_numero_porta":"616","tx_complemento_endereco":null,"tx_situ_lote":"ATIVO","cd_tipo_uso_imovel":"60","dc_tipo_uso_imovel":"Não residencial","cd_tipo_terreno_imovel":1,"qt_area_terreno":480,"qt_area_construida":678}}},{"type":"Feature","geometry":{"type":"Polygon","coordinates":[[[-46.619095,-23.409744],[-46.619086,-23.409574],[-46.619107,-23.409556],[-46.619153,-23.409554],[-46.619163,-23.409741],[-46.619095,-23.409744]]]},"properties":{"sqlu":"SP-004-149726","inscription":"SP-GEOSAMPA-2149726","inscricaoImobiliaria":"SP-IMO-2149726","setor":"004","quadra":"014","lote":"0027","sourceType":"OFFICIAL_IMPORT","mainAddress":"Setor Fiscal 004","zoneamento":"RESIDENCIAL","statusCadastral":"ATIVO","workflowStatus":"PENDENTE","isOfficial":true,"rawProperties":{"cd_identificador":2149726,"cd_identificador_original_lote":8920597,"cd_setor_fiscal":"004","cd_tipo_quadra":"F","tx_tipo_quadra":"FISCAL","cd_quadra_fiscal":"014","cd_subquadra_fiscal":null,"cd_condominio":"00","cd_tipo_lote":"F","tx_tipo_lote":"FISCAL","cd_lote":"0027","cd_situacao":1,"cd_digito_sql":"1","cd_logradouro":"035173","nm_logradouro_completo":"R DOM BOSCO","cd_numero_porta":"186","tx_complemento_endereco":null,"tx_situ_lote":"ATIVO","cd_tipo_uso_imovel":"42","dc_tipo_uso_imovel":"Não residencial","cd_tipo_terreno_imovel":2,"qt_area_terreno":100,"qt_area_construida":120}}},{"type":"Feature","geometry":{"type":"Polygon","coordinates":[[[-46.614322,-23.413489],[-46.614287,-23.413417],[-46.614263,-23.413367],[-46.614441,-23.413295],[-46.614465,-23.413284],[-46.614528,-23.413259],[-46.61457,-23.413242],[-46.614612,-23.413224],[-46.61463,-23.413217],[-46.614635,-23.413215],[-46.614656,-23.413207],[-46.614694,-23.413191],[-46.614705,-23.413187],[-46.614732,-23.413176],[-46.614768,-23.413161],[-46.614805,-23.413146],[-46.614841,-23.413131],[-46.614861,-23.413123],[-46.614923,-23.413244],[-46.614901,-23.413252],[-46.614851,-23.413273],[-46.614762,-23.413309],[-46.614678,-23.413343],[-46.614679,-23.413345],[-46.614676,-23.413346],[-46.614345,-23.41348],[-46.614322,-23.413489]]]},"properties":{"sqlu":"SP-004-149813","inscription":"SP-GEOSAMPA-2149813","inscricaoImobiliaria":"SP-IMO-2149813","setor":"004","quadra":"051","lote":"0077","sourceType":"OFFICIAL_IMPORT","mainAddress":"Setor Fiscal 004","zoneamento":"RESIDENCIAL","statusCadastral":"ATIVO","workflowStatus":"PENDENTE","isOfficial":true,"rawProperties":{"cd_identificador":2149813,"cd_identificador_original_lote":8920277,"cd_setor_fiscal":"004","cd_tipo_quadra":"F","tx_tipo_quadra":"FISCAL","cd_quadra_fiscal":"051","cd_subquadra_fiscal":null,"cd_condominio":"00","cd_tipo_lote":"F","tx_tipo_lote":"FISCAL","cd_lote":"0077","cd_situacao":1,"cd_digito_sql":"9","cd_logradouro":"011967","nm_logradouro_completo":"R DONA ANA NERI","cd_numero_porta":"610","tx_complemento_endereco":null,"tx_situ_lote":"ATIVO","cd_tipo_uso_imovel":"62","dc_tipo_uso_imovel":"Não residencial","cd_tipo_terreno_imovel":1,"qt_area_terreno":829,"qt_area_construida":640}}},{"type":"Feature","geometry":{"type":"Polygon","coordinates":[[[-46.620285,-23.409902],[-46.620286,-23.409922],[-46.620289,-23.409969],[-46.620292,-23.410023],[-46.620296,-23.410098],[-46.620301,-23.410181],[-46.620306,-23.410261],[-46.620271,-23.410273],[-46.620267,-23.410274],[-46.620248,-23.410276],[-46.620244,-23.410199],[-46.620226,-23.409905],[-46.620237,-23.409904],[-46.620285,-23.409902]]]},"properties":{"sqlu":"SP-004-149936","inscription":"SP-GEOSAMPA-2149936","inscricaoImobiliaria":"SP-IMO-2149936","setor":"004","quadra":"014","lote":"0015","sourceType":"OFFICIAL_IMPORT","mainAddress":"Setor Fiscal 004","zoneamento":"RESIDENCIAL","statusCadastral":"ATIVO","workflowStatus":"PENDENTE","isOfficial":true,"rawProperties":{"cd_identificador":2149936,"cd_identificador_original_lote":8920128,"cd_setor_fiscal":"004","cd_tipo_quadra":"F","tx_tipo_quadra":"FISCAL","cd_quadra_fiscal":"014","cd_subquadra_fiscal":null,"cd_condominio":"00","cd_tipo_lote":"F","tx_tipo_lote":"FISCAL","cd_lote":"0015","cd_situacao":1,"cd_digito_sql":"8","cd_logradouro":"066427","nm_logradouro_completo":"AV DO ESTADO","cd_numero_porta":"4953","tx_complemento_endereco":"E 4955","tx_situ_lote":"ATIVO","cd_tipo_uso_imovel":"22","dc_tipo_uso_imovel":"Residencial","cd_tipo_terreno_imovel":1,"qt_area_terreno":258,"qt_area_construida":600}}},{"type":"Feature","geometry":{"type":"Polygon","coordinates":[[[-46.618876,-23.408139],[-46.618579,-23.408152],[-46.618574,-23.40807],[-46.618635,-23.408067],[-46.618634,-23.408052],[-46.618693,-23.40805],[-46.618694,-23.40806],[-46.618698,-23.408128],[-46.61877,-23.408125],[-46.618784,-23.408124],[-46.618875,-23.40812],[-46.618876,-23.408139]]]},"properties":{"sqlu":"SP-004-149943","inscription":"SP-GEOSAMPA-2149943","inscricaoImobiliaria":"SP-IMO-2149943","setor":"004","quadra":"007","lote":"0063","sourceType":"OFFICIAL_IMPORT","mainAddress":"Setor Fiscal 004","zoneamento":"RESIDENCIAL","statusCadastral":"ATIVO","workflowStatus":"PENDENTE","isOfficial":true,"rawProperties":{"cd_identificador":2149943,"cd_identificador_original_lote":8918498,"cd_setor_fiscal":"004","cd_tipo_quadra":"F","tx_tipo_quadra":"FISCAL","cd_quadra_fiscal":"007","cd_subquadra_fiscal":null,"cd_condominio":"00","cd_tipo_lote":"F","tx_tipo_lote":"FISCAL","cd_lote":"0063","cd_situacao":1,"cd_digito_sql":"8","cd_logradouro":"049549","nm_logradouro_completo":"R CEL CINTRA","cd_numero_porta":"43","tx_complemento_endereco":null,"tx_situ_lote":"ATIVO","cd_tipo_uso_imovel":"10","dc_tipo_uso_imovel":"Residencial","cd_tipo_terreno_imovel":6,"qt_area_terreno":153,"qt_area_construida":50}}},{"type":"Feature","geometry":{"type":"Polygon","coordinates":[[[-46.622835,-23.408075],[-46.622806,-23.408137],[-46.622778,-23.408141],[-46.622685,-23.408155],[-46.622664,-23.408159],[-46.622574,-23.408172],[-46.622557,-23.408093],[-46.622804,-23.408056],[-46.622847,-23.40805],[-46.622835,-23.408075]]]},"properties":{"sqlu":"SP-004-150151","inscription":"SP-GEOSAMPA-2150151","inscricaoImobiliaria":"SP-IMO-2150151","setor":"004","quadra":"003","lote":"0016","sourceType":"OFFICIAL_IMPORT","mainAddress":"Setor Fiscal 004","zoneamento":"RESIDENCIAL","statusCadastral":"ATIVO","workflowStatus":"PENDENTE","isOfficial":true,"rawProperties":{"cd_identificador":2150151,"cd_identificador_original_lote":8918516,"cd_setor_fiscal":"004","cd_tipo_quadra":"F","tx_tipo_quadra":"FISCAL","cd_quadra_fiscal":"003","cd_subquadra_fiscal":null,"cd_condominio":"00","cd_tipo_lote":"F","tx_tipo_lote":"FISCAL","cd_lote":"0016","cd_situacao":1,"cd_digito_sql":"8","cd_logradouro":"199265","nm_logradouro_completo":"R WANDENKOLK","cd_numero_porta":"646","tx_complemento_endereco":"E 648","tx_situ_lote":"ATIVO","cd_tipo_uso_imovel":"14","dc_tipo_uso_imovel":"Residencial","cd_tipo_terreno_imovel":1,"qt_area_terreno":243,"qt_area_construida":230}}},{"type":"Feature","geometry":{"type":"Polygon","coordinates":[[[-46.618482,-23.407817],[-46.618539,-23.407814],[-46.61855,-23.407968],[-46.618554,-23.408013],[-46.618536,-23.408014],[-46.618497,-23.408016],[-46.618482,-23.407817]]]},"properties":{"sqlu":"SP-004-150136","inscription":"SP-GEOSAMPA-2150136","inscricaoImobiliaria":"SP-IMO-2150136","setor":"004","quadra":"007","lote":"0069","sourceType":"OFFICIAL_IMPORT","mainAddress":"Setor Fiscal 004","zoneamento":"RESIDENCIAL","statusCadastral":"ATIVO","workflowStatus":"PENDENTE","isOfficial":true,"rawProperties":{"cd_identificador":2150136,"cd_identificador_original_lote":8918495,"cd_setor_fiscal":"004","cd_tipo_quadra":"F","tx_tipo_quadra":"FISCAL","cd_quadra_fiscal":"007","cd_subquadra_fiscal":null,"cd_condominio":"00","cd_tipo_lote":"F","tx_tipo_lote":"FISCAL","cd_lote":"0069","cd_situacao":1,"cd_digito_sql":"7","cd_logradouro":"142131","nm_logradouro_completo":"R DA MOOCA","cd_numero_porta":"546","tx_complemento_endereco":"546 BXS","tx_situ_lote":"ATIVO","cd_tipo_uso_imovel":"00","dc_tipo_uso_imovel":"Terreno","cd_tipo_terreno_imovel":1,"qt_area_terreno":168,"qt_area_construida":0}}},{"type":"Feature","geometry":{"type":"Polygon","coordinates":[[[-46.627539,-23.415587],[-46.6275,-23.415623],[-46.627445,-23.415544],[-46.627427,-23.415514],[-46.627394,-23.415396],[-46.627355,-23.415257],[-46.627315,-23.415117],[-46.62731,-23.415098],[-46.627348,-23.415086],[-46.627354,-23.415107],[-46.627425,-23.415357],[-46.627428,-23.41537],[-46.627432,-23.415389],[-46.627442,-23.41543],[-46.627453,-23.415477],[-46.627463,-23.415502],[-46.627481,-23.415527],[-46.627539,-23.415587]]]},"properties":{"sqlu":"SP-004-150023","inscription":"SP-GEOSAMPA-2150023","inscricaoImobiliaria":"SP-IMO-2150023","setor":"004","quadra":"052","lote":"0027","sourceType":"OFFICIAL_IMPORT","mainAddress":"Setor Fiscal 004","zoneamento":"RESIDENCIAL","statusCadastral":"ATIVO","workflowStatus":"PENDENTE","isOfficial":true,"rawProperties":{"cd_identificador":2150023,"cd_identificador_original_lote":8918952,"cd_setor_fiscal":"004","cd_tipo_quadra":"F","tx_tipo_quadra":"FISCAL","cd_quadra_fiscal":"052","cd_subquadra_fiscal":null,"cd_condominio":"00","cd_tipo_lote":"F","tx_tipo_lote":"FISCAL","cd_lote":"0027","cd_situacao":1,"cd_digito_sql":"7","cd_logradouro":"116491","nm_logradouro_completo":"R DO LAVAPES","cd_numero_porta":"373","tx_complemento_endereco":"E 375","tx_situ_lote":"ATIVO","cd_tipo_uso_imovel":"42","dc_tipo_uso_imovel":"Não residencial","cd_tipo_terreno_imovel":1,"qt_area_terreno":150,"qt_area_construida":200}}},{"type":"Feature","geometry":{"type":"Polygon","coordinates":[[[-46.618482,-23.407817],[-46.618497,-23.408016],[-46.618441,-23.408019],[-46.618432,-23.407932],[-46.618424,-23.407863],[-46.618419,-23.407821],[-46.618436,-23.40782],[-46.618482,-23.407817]]]},"properties":{"sqlu":"SP-004-150137","inscription":"SP-GEOSAMPA-2150137","inscricaoImobiliaria":"SP-IMO-2150137","setor":"004","quadra":"007","lote":"0070","sourceType":"OFFICIAL_IMPORT","mainAddress":"Setor Fiscal 004","zoneamento":"RESIDENCIAL","statusCadastral":"ATIVO","workflowStatus":"PENDENTE","isOfficial":true,"rawProperties":{"cd_identificador":2150137,"cd_identificador_original_lote":8919064,"cd_setor_fiscal":"004","cd_tipo_quadra":"F","tx_tipo_quadra":"FISCAL","cd_quadra_fiscal":"007","cd_subquadra_fiscal":null,"cd_condominio":"00","cd_tipo_lote":"F","tx_tipo_lote":"FISCAL","cd_lote":"0070","cd_situacao":1,"cd_digito_sql":"0","cd_logradouro":"142131","nm_logradouro_completo":"R DA MOOCA","cd_numero_porta":"556","tx_complemento_endereco":null,"tx_situ_lote":"ATIVO","cd_tipo_uso_imovel":"42","dc_tipo_uso_imovel":"Não residencial","cd_tipo_terreno_imovel":1,"qt_area_terreno":174,"qt_area_construida":230}}},{"type":"Feature","geometry":{"type":"Polygon","coordinates":[[[-46.616937,-23.415686],[-46.616923,-23.415692],[-46.616849,-23.415722],[-46.616829,-23.415681],[-46.616917,-23.415645],[-46.616937,-23.415686]]]},"properties":{"sqlu":"SP-004-150033","inscription":"SP-GEOSAMPA-2150033","inscricaoImobiliaria":"SP-IMO-2150033","setor":"004","quadra":"069","lote":"0020","sourceType":"OFFICIAL_IMPORT","mainAddress":"Setor Fiscal 004","zoneamento":"RESIDENCIAL","statusCadastral":"ATIVO","workflowStatus":"PENDENTE","isOfficial":true,"rawProperties":{"cd_identificador":2150033,"cd_identificador_original_lote":8919111,"cd_setor_fiscal":"004","cd_tipo_quadra":"F","tx_tipo_quadra":"FISCAL","cd_quadra_fiscal":"069","cd_subquadra_fiscal":null,"cd_condominio":"00","cd_tipo_lote":"F","tx_tipo_lote":"FISCAL","cd_lote":"0020","cd_situacao":1,"cd_digito_sql":"5","cd_logradouro":"184845","nm_logradouro_completo":"R ESTEFANO","cd_numero_porta":"98","tx_complemento_endereco":null,"tx_situ_lote":"ATIVO","cd_tipo_uso_imovel":"10","dc_tipo_uso_imovel":"Residencial","cd_tipo_terreno_imovel":1,"qt_area_terreno":50,"qt_area_construida":149}}},{"type":"Feature","geometry":{"type":"Polygon","coordinates":[[[-46.620262,-23.409514],[-46.62033,-23.409511],[-46.620335,-23.409606],[-46.620338,-23.409644],[-46.620342,-23.409714],[-46.620343,-23.409736],[-46.620376,-23.409736],[-46.6204,-23.409737],[-46.620402,-23.409763],[-46.620404,-23.409792],[-46.620405,-23.409807],[-46.620278,-23.40979],[-46.620262,-23.409514]]]},"properties":{"sqlu":"SP-004-150226","inscription":"SP-GEOSAMPA-2150226","inscricaoImobiliaria":"SP-IMO-2150226","setor":"004","quadra":"014","lote":"0046","sourceType":"OFFICIAL_IMPORT","mainAddress":"Setor Fiscal 004","zoneamento":"RESIDENCIAL","statusCadastral":"ATIVO","workflowStatus":"PENDENTE","isOfficial":true,"rawProperties":{"cd_identificador":2150226,"cd_identificador_original_lote":8920653,"cd_setor_fiscal":"004","cd_tipo_quadra":"F","tx_tipo_quadra":"FISCAL","cd_quadra_fiscal":"014","cd_subquadra_fiscal":null,"cd_condominio":"00","cd_tipo_lote":"F","tx_tipo_lote":"FISCAL","cd_lote":"0046","cd_situacao":1,"cd_digito_sql":"8","cd_logradouro":"035173","nm_logradouro_completo":"R DOM BOSCO","cd_numero_porta":"60","tx_complemento_endereco":".","tx_situ_lote":"ATIVO","cd_tipo_uso_imovel":"40","dc_tipo_uso_imovel":"Não residencial","cd_tipo_terreno_imovel":1,"qt_area_terreno":261,"qt_area_construida":261}}},{"type":"Feature","geometry":{"type":"Polygon","coordinates":[[[-46.614644,-23.413822],[-46.614597,-23.413741],[-46.614638,-23.413722],[-46.614649,-23.413717],[-46.61467,-23.413753],[-46.614695,-23.413798],[-46.614644,-23.413822]]]},"properties":{"sqlu":"SP-004-149972","inscription":"SP-GEOSAMPA-2149972","inscricaoImobiliaria":"SP-IMO-2149972","setor":"004","quadra":"051","lote":"0031","sourceType":"OFFICIAL_IMPORT","mainAddress":"Setor Fiscal 004","zoneamento":"RESIDENCIAL","statusCadastral":"ATIVO","workflowStatus":"PENDENTE","isOfficial":true,"rawProperties":{"cd_identificador":2149972,"cd_identificador_original_lote":8920036,"cd_setor_fiscal":"004","cd_tipo_quadra":"F","tx_tipo_quadra":"FISCAL","cd_quadra_fiscal":"051","cd_subquadra_fiscal":null,"cd_condominio":"00","cd_tipo_lote":"F","tx_tipo_lote":"FISCAL","cd_lote":"0031","cd_situacao":1,"cd_digito_sql":"0","cd_logradouro":"161713","nm_logradouro_completo":"R DOS PESCADORES","cd_numero_porta":"233","tx_complemento_endereco":null,"tx_situ_lote":"ATIVO","cd_tipo_uso_imovel":"10","dc_tipo_uso_imovel":"Residencial","cd_tipo_terreno_imovel":1,"qt_area_terreno":63,"qt_area_construida":100}}},{"type":"Feature","geometry":{"type":"Polygon","coordinates":[[[-46.619009,-23.408291],[-46.619008,-23.408279],[-46.619006,-23.408241],[-46.619116,-23.408231],[-46.619142,-23.408229],[-46.619145,-23.408229],[-46.619148,-23.408288],[-46.619107,-23.408284],[-46.619042,-23.408289],[-46.619009,-23.408291]]]},"properties":{"sqlu":"SP-004-150209","inscription":"SP-GEOSAMPA-2150209","inscricaoImobiliaria":"SP-IMO-2150209","setor":"004","quadra":"006","lote":"0002","sourceType":"OFFICIAL_IMPORT","mainAddress":"Setor Fiscal 004","zoneamento":"RESIDENCIAL","statusCadastral":"ATIVO","workflowStatus":"PENDENTE","isOfficial":true,"rawProperties":{"cd_identificador":2150209,"cd_identificador_original_lote":8918589,"cd_setor_fiscal":"004","cd_tipo_quadra":"F","tx_tipo_quadra":"FISCAL","cd_quadra_fiscal":"006","cd_subquadra_fiscal":null,"cd_condominio":"00","cd_tipo_lote":"F","tx_tipo_lote":"FISCAL","cd_lote":"0002","cd_situacao":1,"cd_digito_sql":"1","cd_logradouro":"049549","nm_logradouro_completo":"R CEL CINTRA","cd_numero_porta":"60","tx_complemento_endereco":null,"tx_situ_lote":"ATIVO","cd_tipo_uso_imovel":"10","dc_tipo_uso_imovel":"Residencial","cd_tipo_terreno_imovel":1,"qt_area_terreno":75,"qt_area_construida":50}}},{"type":"Feature","geometry":{"type":"Polygon","coordinates":[[[-46.620262,-23.409514],[-46.620278,-23.40979],[-46.620282,-23.409847],[-46.620283,-23.409866],[-46.620283,-23.409879],[-46.620285,-23.409902],[-46.620237,-23.409904],[-46.620234,-23.409863],[-46.620233,-23.409835],[-46.620222,-23.409678],[-46.620222,-23.409668],[-46.620212,-23.409517],[-46.620262,-23.409514]]]},"properties":{"sqlu":"SP-004-150227","inscription":"SP-GEOSAMPA-2150227","inscricaoImobiliaria":"SP-IMO-2150227","setor":"004","quadra":"014","lote":"0045","sourceType":"OFFICIAL_IMPORT","mainAddress":"Setor Fiscal 004","zoneamento":"RESIDENCIAL","statusCadastral":"ATIVO","workflowStatus":"PENDENTE","isOfficial":true,"rawProperties":{"cd_identificador":2150227,"cd_identificador_original_lote":8920654,"cd_setor_fiscal":"004","cd_tipo_quadra":"F","tx_tipo_quadra":"FISCAL","cd_quadra_fiscal":"014","cd_subquadra_fiscal":null,"cd_condominio":"00","cd_tipo_lote":"F","tx_tipo_lote":"FISCAL","cd_lote":"0045","cd_situacao":1,"cd_digito_sql":"1","cd_logradouro":"035173","nm_logradouro_completo":"R DOM BOSCO","cd_numero_porta":"70","tx_complemento_endereco":null,"tx_situ_lote":"ATIVO","cd_tipo_uso_imovel":"10","dc_tipo_uso_imovel":"Residencial","cd_tipo_terreno_imovel":1,"qt_area_terreno":215,"qt_area_construida":180}}},{"type":"Feature","geometry":{"type":"Polygon","coordinates":[[[-46.617693,-23.409311],[-46.617724,-23.40931],[-46.617898,-23.409305],[-46.617899,-23.409339],[-46.617727,-23.409346],[-46.617719,-23.409346],[-46.617697,-23.409347],[-46.617693,-23.409311]]]},"properties":{"sqlu":"SP-004-150203","inscription":"SP-GEOSAMPA-2150203","inscricaoImobiliaria":"SP-IMO-2150203","setor":"004","quadra":"007","lote":"0022","sourceType":"OFFICIAL_IMPORT","mainAddress":"Setor Fiscal 004","zoneamento":"RESIDENCIAL","statusCadastral":"ATIVO","workflowStatus":"PENDENTE","isOfficial":true,"rawProperties":{"cd_identificador":2150203,"cd_identificador_original_lote":8918833,"cd_setor_fiscal":"004","cd_tipo_quadra":"F","tx_tipo_quadra":"FISCAL","cd_quadra_fiscal":"007","cd_subquadra_fiscal":null,"cd_condominio":"00","cd_tipo_lote":"F","tx_tipo_lote":"FISCAL","cd_lote":"0022","cd_situacao":1,"cd_digito_sql":"0","cd_logradouro":"151181","nm_logradouro_completo":"R OSCAR HORTA","cd_numero_porta":"168","tx_complemento_endereco":null,"tx_situ_lote":"ATIVO","cd_tipo_uso_imovel":"10","dc_tipo_uso_imovel":"Residencial","cd_tipo_terreno_imovel":1,"qt_area_terreno":80,"qt_area_construida":120}}},{"type":"Feature","geometry":{"type":"Polygon","coordinates":[[[-46.62002,-23.408943],[-46.620019,-23.408938],[-46.620214,-23.408933],[-46.620215,-23.40897],[-46.62013,-23.408972],[-46.620098,-23.408973],[-46.620055,-23.408974],[-46.620049,-23.408974],[-46.620023,-23.408975],[-46.62002,-23.408943]]]},"properties":{"sqlu":"SP-004-150275","inscription":"SP-GEOSAMPA-2150275","inscricaoImobiliaria":"SP-IMO-2150275","setor":"004","quadra":"005","lote":"0028","sourceType":"OFFICIAL_IMPORT","mainAddress":"Setor Fiscal 004","zoneamento":"RESIDENCIAL","statusCadastral":"ATIVO","workflowStatus":"PENDENTE","isOfficial":true,"rawProperties":{"cd_identificador":2150275,"cd_identificador_original_lote":8918803,"cd_setor_fiscal":"004","cd_tipo_quadra":"F","tx_tipo_quadra":"FISCAL","cd_quadra_fiscal":"005","cd_subquadra_fiscal":null,"cd_condominio":"00","cd_tipo_lote":"F","tx_tipo_lote":"FISCAL","cd_lote":"0028","cd_situacao":1,"cd_digito_sql":"0","cd_logradouro":"035173","nm_logradouro_completo":"R DOM BOSCO","cd_numero_porta":"71","tx_complemento_endereco":"CS10","tx_situ_lote":"ATIVO","cd_tipo_uso_imovel":"10","dc_tipo_uso_imovel":"Residencial","cd_tipo_terreno_imovel":4,"qt_area_terreno":85,"qt_area_construida":70}}},{"type":"Feature","geometry":{"type":"Polygon","coordinates":[[[-46.620405,-23.409807],[-46.620469,-23.409816],[-46.620531,-23.409824],[-46.620554,-23.409828],[-46.620602,-23.409834],[-46.62077,-23.409857],[-46.620807,-23.409862],[-46.620793,-23.40995],[-46.620591,-23.409922],[-46.620542,-23.409915],[-46.620283,-23.409879],[-46.620283,-23.409866],[-46.620282,-23.409847],[-46.620278,-23.40979],[-46.620405,-23.409807]]]},"properties":{"sqlu":"SP-004-786148","inscription":"SP-GEOSAMPA-6786148","inscricaoImobiliaria":"SP-IMO-6786148","setor":"004","quadra":"014","lote":"0000","sourceType":"OFFICIAL_IMPORT","mainAddress":"Setor Fiscal 004","zoneamento":"RESIDENCIAL","statusCadastral":"ATIVO","workflowStatus":"PENDENTE","isOfficial":true,"rawProperties":{"cd_identificador":6786148,"cd_identificador_original_lote":10644760,"cd_setor_fiscal":"004","cd_tipo_quadra":"F","tx_tipo_quadra":"FISCAL","cd_quadra_fiscal":"014","cd_subquadra_fiscal":null,"cd_condominio":"01","cd_tipo_lote":"F","tx_tipo_lote":"FISCAL","cd_lote":"0000","cd_situacao":1,"cd_digito_sql":null,"cd_logradouro":"122386","nm_logradouro_completo":"R LUIS GAMA","cd_numero_porta":"245","tx_complemento_endereco":null,"tx_situ_lote":null,"cd_tipo_uso_imovel":"XX","dc_tipo_uso_imovel":"Condomínio","cd_tipo_terreno_imovel":99,"qt_area_terreno":532,"qt_area_construida":null}}},{"type":"Feature","geometry":{"type":"Polygon","coordinates":[[[-46.623147,-23.415182],[-46.623113,-23.415072],[-46.623105,-23.415045],[-46.623139,-23.415035],[-46.623176,-23.415115],[-46.623177,-23.415117],[-46.623195,-23.415157],[-46.623147,-23.415182]]]},"properties":{"sqlu":"SP-004-150426","inscription":"SP-GEOSAMPA-2150426","inscricaoImobiliaria":"SP-IMO-2150426","setor":"004","quadra":"060","lote":"0022","sourceType":"OFFICIAL_IMPORT","mainAddress":"Setor Fiscal 004","zoneamento":"RESIDENCIAL","statusCadastral":"ATIVO","workflowStatus":"PENDENTE","isOfficial":true,"rawProperties":{"cd_identificador":2150426,"cd_identificador_original_lote":8918769,"cd_setor_fiscal":"004","cd_tipo_quadra":"F","tx_tipo_quadra":"FISCAL","cd_quadra_fiscal":"060","cd_subquadra_fiscal":null,"cd_condominio":"00","cd_tipo_lote":"F","tx_tipo_lote":"FISCAL","cd_lote":"0022","cd_situacao":1,"cd_digito_sql":"0","cd_logradouro":"187801","nm_logradouro_completo":"R TEIXEIRA MENDES","cd_numero_porta":"104","tx_complemento_endereco":"CASA 16","tx_situ_lote":"ATIVO","cd_tipo_uso_imovel":"10","dc_tipo_uso_imovel":"Residencial","cd_tipo_terreno_imovel":4,"qt_area_terreno":73,"qt_area_construida":80}}},{"type":"Feature","geometry":{"type":"Polygon","coordinates":[[[-46.623147,-23.415182],[-46.623096,-23.415209],[-46.623088,-23.415178],[-46.623084,-23.415162],[-46.623078,-23.415144],[-46.623056,-23.41506],[-46.623105,-23.415045],[-46.623113,-23.415072],[-46.623147,-23.415182]]]},"properties":{"sqlu":"SP-004-150427","inscription":"SP-GEOSAMPA-2150427","inscricaoImobiliaria":"SP-IMO-2150427","setor":"004","quadra":"060","lote":"0021","sourceType":"OFFICIAL_IMPORT","mainAddress":"Setor Fiscal 004","zoneamento":"RESIDENCIAL","statusCadastral":"ATIVO","workflowStatus":"PENDENTE","isOfficial":true,"rawProperties":{"cd_identificador":2150427,"cd_identificador_original_lote":8918808,"cd_setor_fiscal":"004","cd_tipo_quadra":"F","tx_tipo_quadra":"FISCAL","cd_quadra_fiscal":"060","cd_subquadra_fiscal":null,"cd_condominio":"00","cd_tipo_lote":"F","tx_tipo_lote":"FISCAL","cd_lote":"0021","cd_situacao":1,"cd_digito_sql":"2","cd_logradouro":"187801","nm_logradouro_completo":"R TEIXEIRA MENDES","cd_numero_porta":"104","tx_complemento_endereco":"CS 15","tx_situ_lote":"ATIVO","cd_tipo_uso_imovel":"10","dc_tipo_uso_imovel":"Residencial","cd_tipo_terreno_imovel":4,"qt_area_terreno":93,"qt_area_construida":87}}},{"type":"Feature","geometry":{"type":"Polygon","coordinates":[[[-46.61619,-23.408578],[-46.615846,-23.408624],[-46.615838,-23.408582],[-46.615836,-23.408571],[-46.61608,-23.408538],[-46.616115,-23.408533],[-46.616184,-23.408524],[-46.61619,-23.408578]]]},"properties":{"sqlu":"SP-004-150390","inscription":"SP-GEOSAMPA-2150390","inscricaoImobiliaria":"SP-IMO-2150390","setor":"004","quadra":"008","lote":"0010","sourceType":"OFFICIAL_IMPORT","mainAddress":"Setor Fiscal 004","zoneamento":"RESIDENCIAL","statusCadastral":"ATIVO","workflowStatus":"PENDENTE","isOfficial":true,"rawProperties":{"cd_identificador":2150390,"cd_identificador_original_lote":8919915,"cd_setor_fiscal":"004","cd_tipo_quadra":"F","tx_tipo_quadra":"FISCAL","cd_quadra_fiscal":"008","cd_subquadra_fiscal":null,"cd_condominio":"00","cd_tipo_lote":"F","tx_tipo_lote":"FISCAL","cd_lote":"0010","cd_situacao":1,"cd_digito_sql":"1","cd_logradouro":"098310","nm_logradouro_completo":"R BR DE JAGUARA","cd_numero_porta":"188","tx_complemento_endereco":"E 190","tx_situ_lote":"ATIVO","cd_tipo_uso_imovel":"42","dc_tipo_uso_imovel":"Não residencial","cd_tipo_terreno_imovel":1,"qt_area_terreno":210,"qt_area_construida":150}}},{"type":"Feature","geometry":{"type":"Polygon","coordinates":[[[-46.616979,-23.414789],[-46.617017,-23.414777],[-46.617041,-23.414769],[-46.617071,-23.41476],[-46.617123,-23.414877],[-46.617135,-23.414906],[-46.617045,-23.414939],[-46.616979,-23.414789]]]},"properties":{"sqlu":"SP-004-150470","inscription":"SP-GEOSAMPA-2150470","inscricaoImobiliaria":"SP-IMO-2150470","setor":"004","quadra":"065","lote":"0029","sourceType":"OFFICIAL_IMPORT","mainAddress":"Setor Fiscal 004","zoneamento":"RESIDENCIAL","statusCadastral":"ATIVO","workflowStatus":"PENDENTE","isOfficial":true,"rawProperties":{"cd_identificador":2150470,"cd_identificador_original_lote":8920349,"cd_setor_fiscal":"004","cd_tipo_quadra":"F","tx_tipo_quadra":"FISCAL","cd_quadra_fiscal":"065","cd_subquadra_fiscal":null,"cd_condominio":"00","cd_tipo_lote":"F","tx_tipo_lote":"FISCAL","cd_lote":"0029","cd_situacao":1,"cd_digito_sql":"0","cd_logradouro":"182087","nm_logradouro_completo":"R SILVEIRA DA MOTA","cd_numero_porta":"504","tx_complemento_endereco":null,"tx_situ_lote":"ATIVO","cd_tipo_uso_imovel":"12","dc_tipo_uso_imovel":"Residencial","cd_tipo_terreno_imovel":1,"qt_area_terreno":178,"qt_area_construida":300}}},{"type":"Feature","geometry":{"type":"Polygon","coordinates":[[[-46.628106,-23.412115],[-46.628076,-23.412113],[-46.628043,-23.412111],[-46.627958,-23.411955],[-46.627948,-23.411937],[-46.627967,-23.411929],[-46.628001,-23.411917],[-46.628106,-23.412115]]]},"properties":{"sqlu":"SP-004-150629","inscription":"SP-GEOSAMPA-2150629","inscricaoImobiliaria":"SP-IMO-2150629","setor":"004","quadra":"030","lote":"0026","sourceType":"OFFICIAL_IMPORT","mainAddress":"Setor Fiscal 004","zoneamento":"RESIDENCIAL","statusCadastral":"ATIVO","workflowStatus":"PENDENTE","isOfficial":true,"rawProperties":{"cd_identificador":2150629,"cd_identificador_original_lote":8920635,"cd_setor_fiscal":"004","cd_tipo_quadra":"F","tx_tipo_quadra":"FISCAL","cd_quadra_fiscal":"030","cd_subquadra_fiscal":null,"cd_condominio":"00","cd_tipo_lote":"F","tx_tipo_lote":"FISCAL","cd_lote":"0026","cd_situacao":1,"cd_digito_sql":"2","cd_logradouro":"090328","nm_logradouro_completo":"R BR DE IGUAPE","cd_numero_porta":"759","tx_complemento_endereco":".","tx_situ_lote":"ATIVO","cd_tipo_uso_imovel":"10","dc_tipo_uso_imovel":"Residencial","cd_tipo_terreno_imovel":1,"qt_area_terreno":166,"qt_area_construida":300}}},{"type":"Feature","geometry":{"type":"Polygon","coordinates":[[[-46.622469,-23.415473],[-46.622466,-23.415464],[-46.622451,-23.41542],[-46.622447,-23.415409],[-46.622693,-23.415324],[-46.622777,-23.415295],[-46.622833,-23.415376],[-46.622469,-23.415473]]]},"properties":{"sqlu":"SP-004-150607","inscription":"SP-GEOSAMPA-2150607","inscricaoImobiliaria":"SP-IMO-2150607","setor":"004","quadra":"060","lote":"0047","sourceType":"OFFICIAL_IMPORT","mainAddress":"Setor Fiscal 004","zoneamento":"RESIDENCIAL","statusCadastral":"ATIVO","workflowStatus":"PENDENTE","isOfficial":true,"rawProperties":{"cd_identificador":2150607,"cd_identificador_original_lote":8919269,"cd_setor_fiscal":"004","cd_tipo_quadra":"F","tx_tipo_quadra":"FISCAL","cd_quadra_fiscal":"060","cd_subquadra_fiscal":null,"cd_condominio":"00","cd_tipo_lote":"F","tx_tipo_lote":"FISCAL","cd_lote":"0047","cd_situacao":1,"cd_digito_sql":"6","cd_logradouro":"114545","nm_logradouro_completo":"R JUSTO AZAMBUJA","cd_numero_porta":"336","tx_complemento_endereco":"E 340","tx_situ_lote":"ATIVO","cd_tipo_uso_imovel":"12","dc_tipo_uso_imovel":"Residencial","cd_tipo_terreno_imovel":1,"qt_area_terreno":300,"qt_area_construida":400}}},{"type":"Feature","geometry":{"type":"Polygon","coordinates":[[[-46.615377,-23.408271],[-46.615433,-23.408266],[-46.615434,-23.40827],[-46.615497,-23.408265],[-46.615517,-23.408262],[-46.615525,-23.408313],[-46.615619,-23.4083],[-46.615628,-23.408346],[-46.61551,-23.408362],[-46.615492,-23.408365],[-46.615416,-23.408375],[-46.615385,-23.408379],[-46.615376,-23.408331],[-46.615366,-23.408272],[-46.615377,-23.408271]]]},"properties":{"sqlu":"SP-004-150622","inscription":"SP-GEOSAMPA-2150622","inscricaoImobiliaria":"SP-IMO-2150622","setor":"004","quadra":"009","lote":"0101","sourceType":"OFFICIAL_IMPORT","mainAddress":"Setor Fiscal 004","zoneamento":"RESIDENCIAL","statusCadastral":"ATIVO","workflowStatus":"PENDENTE","isOfficial":true,"rawProperties":{"cd_identificador":2150622,"cd_identificador_original_lote":8918981,"cd_setor_fiscal":"004","cd_tipo_quadra":"F","tx_tipo_quadra":"FISCAL","cd_quadra_fiscal":"009","cd_subquadra_fiscal":null,"cd_condominio":"00","cd_tipo_lote":"F","tx_tipo_lote":"FISCAL","cd_lote":"0101","cd_situacao":1,"cd_digito_sql":"3","cd_logradouro":"098310","nm_logradouro_completo":"R BR DE JAGUARA","cd_numero_porta":"155","tx_complemento_endereco":null,"tx_situ_lote":"ATIVO","cd_tipo_uso_imovel":"40","dc_tipo_uso_imovel":"Não residencial","cd_tipo_terreno_imovel":1,"qt_area_terreno":233,"qt_area_construida":233}}},{"type":"Feature","geometry":{"type":"Polygon","coordinates":[[[-46.615377,-23.408271],[-46.615366,-23.408272],[-46.615328,-23.408276],[-46.615311,-23.408277],[-46.615285,-23.408279],[-46.615271,-23.408281],[-46.615268,-23.408261],[-46.615266,-23.408248],[-46.615265,-23.408241],[-46.615252,-23.40815],[-46.615247,-23.408116],[-46.615244,-23.408091],[-46.615237,-23.408047],[-46.615343,-23.408039],[-46.615349,-23.40808],[-46.61537,-23.408227],[-46.615373,-23.408244],[-46.615377,-23.408271]]]},"properties":{"sqlu":"SP-004-150623","inscription":"SP-GEOSAMPA-2150623","inscricaoImobiliaria":"SP-IMO-2150623","setor":"004","quadra":"009","lote":"0194","sourceType":"OFFICIAL_IMPORT","mainAddress":"Setor Fiscal 004","zoneamento":"RESIDENCIAL","statusCadastral":"ATIVO","workflowStatus":"PENDENTE","isOfficial":true,"rawProperties":{"cd_identificador":2150623,"cd_identificador_original_lote":8919340,"cd_setor_fiscal":"004","cd_tipo_quadra":"F","tx_tipo_quadra":"FISCAL","cd_quadra_fiscal":"009","cd_subquadra_fiscal":null,"cd_condominio":"00","cd_tipo_lote":"F","tx_tipo_lote":"FISCAL","cd_lote":"0194","cd_situacao":1,"cd_digito_sql":"3","cd_logradouro":"142131","nm_logradouro_completo":"R DA MOOCA","cd_numero_porta":"874","tx_complemento_endereco":"882","tx_situ_lote":"ATIVO","cd_tipo_uso_imovel":"43","dc_tipo_uso_imovel":"Não residencial","cd_tipo_terreno_imovel":1,"qt_area_terreno":278,"qt_area_construida":377}}},{"type":"Feature","geometry":{"type":"Polygon","coordinates":[[[-46.617212,-23.415232],[-46.617165,-23.41525],[-46.61712,-23.415141],[-46.61711,-23.415116],[-46.617072,-23.41503],[-46.617115,-23.415015],[-46.617153,-23.415099],[-46.617162,-23.41512],[-46.617212,-23.415232]]]},"properties":{"sqlu":"SP-004-150797","inscription":"SP-GEOSAMPA-2150797","inscricaoImobiliaria":"SP-IMO-2150797","setor":"004","quadra":"065","lote":"0006","sourceType":"OFFICIAL_IMPORT","mainAddress":"Setor Fiscal 004","zoneamento":"RESIDENCIAL","statusCadastral":"ATIVO","workflowStatus":"PENDENTE","isOfficial":true,"rawProperties":{"cd_identificador":2150797,"cd_identificador_original_lote":8920564,"cd_setor_fiscal":"004","cd_tipo_quadra":"F","tx_tipo_quadra":"FISCAL","cd_quadra_fiscal":"065","cd_subquadra_fiscal":null,"cd_condominio":"00","cd_tipo_lote":"F","tx_tipo_lote":"FISCAL","cd_lote":"0006","cd_situacao":1,"cd_digito_sql":"1","cd_logradouro":"196304","nm_logradouro_completo":"R VICENTE DE CARVALHO","cd_numero_porta":"49","tx_complemento_endereco":null,"tx_situ_lote":"ATIVO","cd_tipo_uso_imovel":"10","dc_tipo_uso_imovel":"Residencial","cd_tipo_terreno_imovel":1,"qt_area_terreno":80,"qt_area_construida":80}}},{"type":"Feature","geometry":{"type":"Polygon","coordinates":[[[-46.617212,-23.415232],[-46.617162,-23.41512],[-46.617153,-23.415099],[-46.617115,-23.415015],[-46.61715,-23.415002],[-46.617197,-23.415105],[-46.617213,-23.415138],[-46.61725,-23.415219],[-46.617212,-23.415232]]]},"properties":{"sqlu":"SP-004-150798","inscription":"SP-GEOSAMPA-2150798","inscricaoImobiliaria":"SP-IMO-2150798","setor":"004","quadra":"065","lote":"0005","sourceType":"OFFICIAL_IMPORT","mainAddress":"Setor Fiscal 004","zoneamento":"RESIDENCIAL","statusCadastral":"ATIVO","workflowStatus":"PENDENTE","isOfficial":true,"rawProperties":{"cd_identificador":2150798,"cd_identificador_original_lote":8920565,"cd_setor_fiscal":"004","cd_tipo_quadra":"F","tx_tipo_quadra":"FISCAL","cd_quadra_fiscal":"065","cd_subquadra_fiscal":null,"cd_condominio":"00","cd_tipo_lote":"F","tx_tipo_lote":"FISCAL","cd_lote":"0005","cd_situacao":1,"cd_digito_sql":"3","cd_logradouro":"196304","nm_logradouro_completo":"R VICENTE DE CARVALHO","cd_numero_porta":"41","tx_complemento_endereco":null,"tx_situ_lote":"ATIVO","cd_tipo_uso_imovel":"40","dc_tipo_uso_imovel":"Não residencial","cd_tipo_terreno_imovel":1,"qt_area_terreno":140,"qt_area_construida":99}}},{"type":"Feature","geometry":{"type":"Polygon","coordinates":[[[-46.620936,-23.408825],[-46.620919,-23.408952],[-46.620916,-23.408952],[-46.620877,-23.408954],[-46.620763,-23.408959],[-46.620617,-23.408966],[-46.620523,-23.40897],[-46.62054,-23.408842],[-46.620908,-23.408827],[-46.620936,-23.408825]]]},"properties":{"sqlu":"SP-004-150900","inscription":"SP-GEOSAMPA-2150900","inscricaoImobiliaria":"SP-IMO-2150900","setor":"004","quadra":"005","lote":"0450","sourceType":"OFFICIAL_IMPORT","mainAddress":"Setor Fiscal 004","zoneamento":"RESIDENCIAL","statusCadastral":"ATIVO","workflowStatus":"PENDENTE","isOfficial":true,"rawProperties":{"cd_identificador":2150900,"cd_identificador_original_lote":8920330,"cd_setor_fiscal":"004","cd_tipo_quadra":"F","tx_tipo_quadra":"FISCAL","cd_quadra_fiscal":"005","cd_subquadra_fiscal":null,"cd_condominio":"00","cd_tipo_lote":"F","tx_tipo_lote":"FISCAL","cd_lote":"0450","cd_situacao":1,"cd_digito_sql":"2","cd_logradouro":"122386","nm_logradouro_completo":"R LUIS GAMA","cd_numero_porta":"133","tx_complemento_endereco":null,"tx_situ_lote":"ATIVO","cd_tipo_uso_imovel":"51","dc_tipo_uso_imovel":"Não residencial","cd_tipo_terreno_imovel":1,"qt_area_terreno":560,"qt_area_construida":648}}},{"type":"Feature","geometry":{"type":"Polygon","coordinates":[[[-46.620936,-23.408825],[-46.620908,-23.408827],[-46.62054,-23.408842],[-46.620554,-23.408746],[-46.620948,-23.408728],[-46.620936,-23.408825]]]},"properties":{"sqlu":"SP-004-150901","inscription":"SP-GEOSAMPA-2150901","inscricaoImobiliaria":"SP-IMO-2150901","setor":"004","quadra":"005","lote":"0448","sourceType":"OFFICIAL_IMPORT","mainAddress":"Setor Fiscal 004","zoneamento":"RESIDENCIAL","statusCadastral":"ATIVO","workflowStatus":"PENDENTE","isOfficial":true,"rawProperties":{"cd_identificador":2150901,"cd_identificador_original_lote":8920331,"cd_setor_fiscal":"004","cd_tipo_quadra":"F","tx_tipo_quadra":"FISCAL","cd_quadra_fiscal":"005","cd_subquadra_fiscal":null,"cd_condominio":"00","cd_tipo_lote":"F","tx_tipo_lote":"FISCAL","cd_lote":"0448","cd_situacao":1,"cd_digito_sql":"0","cd_logradouro":"122386","nm_logradouro_completo":"R LUIS GAMA","cd_numero_porta":"117","tx_complemento_endereco":"123","tx_situ_lote":"ATIVO","cd_tipo_uso_imovel":"51","dc_tipo_uso_imovel":"Não residencial","cd_tipo_terreno_imovel":2,"qt_area_terreno":440,"qt_area_construida":386}}},{"type":"Feature","geometry":{"type":"Polygon","coordinates":[[[-46.627259,-23.41179],[-46.627185,-23.411819],[-46.62708,-23.411859],[-46.62706,-23.411814],[-46.627129,-23.411788],[-46.627146,-23.411781],[-46.627164,-23.411774],[-46.627238,-23.411745],[-46.627259,-23.41179]]]},"properties":{"sqlu":"SP-004-150847","inscription":"SP-GEOSAMPA-2150847","inscricaoImobiliaria":"SP-IMO-2150847","setor":"004","quadra":"037","lote":"0010","sourceType":"OFFICIAL_IMPORT","mainAddress":"Setor Fiscal 004","zoneamento":"RESIDENCIAL","statusCadastral":"ATIVO","workflowStatus":"PENDENTE","isOfficial":true,"rawProperties":{"cd_identificador":2150847,"cd_identificador_original_lote":8920197,"cd_setor_fiscal":"004","cd_tipo_quadra":"F","tx_tipo_quadra":"FISCAL","cd_quadra_fiscal":"037","cd_subquadra_fiscal":null,"cd_condominio":"00","cd_tipo_lote":"F","tx_tipo_lote":"FISCAL","cd_lote":"0010","cd_situacao":1,"cd_digito_sql":"8","cd_logradouro":"187771","nm_logradouro_completo":"R TEIXEIRA LEITE","cd_numero_porta":"273","tx_complemento_endereco":null,"tx_situ_lote":"ATIVO","cd_tipo_uso_imovel":"40","dc_tipo_uso_imovel":"Não residencial","cd_tipo_terreno_imovel":1,"qt_area_terreno":113,"qt_area_construida":56}}},{"type":"Feature","geometry":{"type":"Polygon","coordinates":[[[-46.627259,-23.41179],[-46.62728,-23.411835],[-46.627206,-23.411863],[-46.62713,-23.411893],[-46.627101,-23.411904],[-46.62708,-23.411859],[-46.627185,-23.411819],[-46.627259,-23.41179]]]},"properties":{"sqlu":"SP-004-150848","inscription":"SP-GEOSAMPA-2150848","inscricaoImobiliaria":"SP-IMO-2150848","setor":"004","quadra":"037","lote":"0011","sourceType":"OFFICIAL_IMPORT","mainAddress":"Setor Fiscal 004","zoneamento":"RESIDENCIAL","statusCadastral":"ATIVO","workflowStatus":"PENDENTE","isOfficial":true,"rawProperties":{"cd_identificador":2150848,"cd_identificador_original_lote":8920198,"cd_setor_fiscal":"004","cd_tipo_quadra":"F","tx_tipo_quadra":"FISCAL","cd_quadra_fiscal":"037","cd_subquadra_fiscal":null,"cd_condominio":"00","cd_tipo_lote":"F","tx_tipo_lote":"FISCAL","cd_lote":"0011","cd_situacao":1,"cd_digito_sql":"6","cd_logradouro":"187771","nm_logradouro_completo":"R TEIXEIRA LEITE","cd_numero_porta":"275","tx_complemento_endereco":null,"tx_situ_lote":"ATIVO","cd_tipo_uso_imovel":"40","dc_tipo_uso_imovel":"Não residencial","cd_tipo_terreno_imovel":1,"qt_area_terreno":112,"qt_area_construida":35}}},{"type":"Feature","geometry":{"type":"Polygon","coordinates":[[[-46.616111,-23.416259],[-46.615984,-23.416305],[-46.615977,-23.416308],[-46.61595,-23.416318],[-46.615871,-23.416347],[-46.615748,-23.416391],[-46.615718,-23.416333],[-46.615814,-23.416298],[-46.616083,-23.416201],[-46.616111,-23.416259]]]},"properties":{"sqlu":"SP-004-150858","inscription":"SP-GEOSAMPA-2150858","inscricaoImobiliaria":"SP-IMO-2150858","setor":"004","quadra":"070","lote":"0025","sourceType":"OFFICIAL_IMPORT","mainAddress":"Setor Fiscal 004","zoneamento":"RESIDENCIAL","statusCadastral":"ATIVO","workflowStatus":"PENDENTE","isOfficial":true,"rawProperties":{"cd_identificador":2150858,"cd_identificador_original_lote":8918864,"cd_setor_fiscal":"004","cd_tipo_quadra":"F","tx_tipo_quadra":"FISCAL","cd_quadra_fiscal":"070","cd_subquadra_fiscal":null,"cd_condominio":"00","cd_tipo_lote":"F","tx_tipo_lote":"FISCAL","cd_lote":"0025","cd_situacao":1,"cd_digito_sql":"9","cd_logradouro":"011967","nm_logradouro_completo":"R DONA ANA NERI","cd_numero_porta":"954","tx_complemento_endereco":"E 956","tx_situ_lote":"ATIVO","cd_tipo_uso_imovel":"42","dc_tipo_uso_imovel":"Não residencial","cd_tipo_terreno_imovel":1,"qt_area_terreno":260,"qt_area_construida":120}}},{"type":"Feature","geometry":{"type":"Polygon","coordinates":[[[-46.623374,-23.415828],[-46.623321,-23.415745],[-46.623302,-23.415715],[-46.623246,-23.415629],[-46.623204,-23.415563],[-46.623148,-23.415476],[-46.623128,-23.415445],[-46.623073,-23.415359],[-46.623007,-23.415256],[-46.62305,-23.415234],[-46.623074,-23.415221],[-46.623082,-23.415217],[-46.623147,-23.415319],[-46.623457,-23.415809],[-46.623374,-23.415828]]]},"properties":{"sqlu":"SP-004-150910","inscription":"SP-GEOSAMPA-2150910","inscricaoImobiliaria":"SP-IMO-2150910","setor":"004","quadra":"060","lote":"0000","sourceType":"OFFICIAL_IMPORT","mainAddress":"Setor Fiscal 004","zoneamento":"RESIDENCIAL","statusCadastral":"ATIVO","workflowStatus":"PENDENTE","isOfficial":true,"rawProperties":{"cd_identificador":2150910,"cd_identificador_original_lote":8919254,"cd_setor_fiscal":"004","cd_tipo_quadra":"F","tx_tipo_quadra":"FISCAL","cd_quadra_fiscal":"060","cd_subquadra_fiscal":null,"cd_condominio":"01","cd_tipo_lote":"F","tx_tipo_lote":"FISCAL","cd_lote":"0000","cd_situacao":1,"cd_digito_sql":null,"cd_logradouro":"116491","nm_logradouro_completo":"R DO LAVAPES","cd_numero_porta":"801 811","tx_complemento_endereco":null,"tx_situ_lote":null,"cd_tipo_uso_imovel":"XX","dc_tipo_uso_imovel":"Condomínio","cd_tipo_terreno_imovel":99,"qt_area_terreno":680,"qt_area_construida":null}}},{"type":"Feature","geometry":{"type":"Polygon","coordinates":[[[-46.616443,-23.410747],[-46.616451,-23.410785],[-46.616391,-23.410793],[-46.616265,-23.41081],[-46.616257,-23.41077],[-46.616382,-23.410755],[-46.616443,-23.410747]]]},"properties":{"sqlu":"SP-004-150911","inscription":"SP-GEOSAMPA-2150911","inscricaoImobiliaria":"SP-IMO-2150911","setor":"004","quadra":"027","lote":"0027","sourceType":"OFFICIAL_IMPORT","mainAddress":"Setor Fiscal 004","zoneamento":"RESIDENCIAL","statusCadastral":"ATIVO","workflowStatus":"PENDENTE","isOfficial":true,"rawProperties":{"cd_identificador":2150911,"cd_identificador_original_lote":8920059,"cd_setor_fiscal":"004","cd_tipo_quadra":"F","tx_tipo_quadra":"FISCAL","cd_quadra_fiscal":"027","cd_subquadra_fiscal":null,"cd_condominio":"00","cd_tipo_lote":"F","tx_tipo_lote":"FISCAL","cd_lote":"0027","cd_situacao":1,"cd_digito_sql":"9","cd_logradouro":"098310","nm_logradouro_completo":"R BR DE JAGUARA","cd_numero_porta":"438","tx_complemento_endereco":null,"tx_situ_lote":"ATIVO","cd_tipo_uso_imovel":"10","dc_tipo_uso_imovel":"Residencial","cd_tipo_terreno_imovel":1,"qt_area_terreno":77,"qt_area_construida":139}}},{"type":"Feature","geometry":{"type":"Polygon","coordinates":[[[-46.618898,-23.408495],[-46.618901,-23.40855],[-46.618903,-23.408585],[-46.618797,-23.408591],[-46.618382,-23.408612],[-46.618259,-23.408617],[-46.618249,-23.408531],[-46.618645,-23.40851],[-46.618898,-23.408495]]]},"properties":{"sqlu":"SP-004-216513","inscription":"SP-GEOSAMPA-2216513","inscricaoImobiliaria":"SP-IMO-2216513","setor":"004","quadra":"007","lote":"0055","sourceType":"OFFICIAL_IMPORT","mainAddress":"Setor Fiscal 004","zoneamento":"RESIDENCIAL","statusCadastral":"ATIVO","workflowStatus":"PENDENTE","isOfficial":true,"rawProperties":{"cd_identificador":2216513,"cd_identificador_original_lote":8918883,"cd_setor_fiscal":"004","cd_tipo_quadra":"F","tx_tipo_quadra":"FISCAL","cd_quadra_fiscal":"007","cd_subquadra_fiscal":null,"cd_condominio":"00","cd_tipo_lote":"F","tx_tipo_lote":"FISCAL","cd_lote":"0055","cd_situacao":1,"cd_digito_sql":"7","cd_logradouro":"049549","nm_logradouro_completo":"R CEL CINTRA","cd_numero_porta":"87","tx_complemento_endereco":null,"tx_situ_lote":"ATIVO","cd_tipo_uso_imovel":"40","dc_tipo_uso_imovel":"Não residencial","cd_tipo_terreno_imovel":1,"qt_area_terreno":400,"qt_area_construida":683}}},{"type":"Feature","geometry":{"type":"Polygon","coordinates":[[[-46.619841,-23.409927],[-46.619854,-23.409926],[-46.619874,-23.409925],[-46.619891,-23.409924],[-46.619912,-23.409923],[-46.619914,-23.409966],[-46.619933,-23.410289],[-46.619765,-23.410294],[-46.619756,-23.410141],[-46.619748,-23.410007],[-46.619745,-23.409947],[-46.619744,-23.409932],[-46.619796,-23.409929],[-46.619841,-23.409927]]]},"properties":{"sqlu":"SP-004-216501","inscription":"SP-GEOSAMPA-2216501","inscricaoImobiliaria":"SP-IMO-2216501","setor":"004","quadra":"014","lote":"0054","sourceType":"OFFICIAL_IMPORT","mainAddress":"Setor Fiscal 004","zoneamento":"RESIDENCIAL","statusCadastral":"ATIVO","workflowStatus":"PENDENTE","isOfficial":true,"rawProperties":{"cd_identificador":2216501,"cd_identificador_original_lote":8920606,"cd_setor_fiscal":"004","cd_tipo_quadra":"F","tx_tipo_quadra":"FISCAL","cd_quadra_fiscal":"014","cd_subquadra_fiscal":null,"cd_condominio":"00","cd_tipo_lote":"F","tx_tipo_lote":"FISCAL","cd_lote":"0054","cd_situacao":1,"cd_digito_sql":"9","cd_logradouro":"148806","nm_logradouro_completo":"R ODORICO MENDES","cd_numero_porta":"43","tx_complemento_endereco":null,"tx_situ_lote":"ATIVO","cd_tipo_uso_imovel":"72","dc_tipo_uso_imovel":"Não residencial","cd_tipo_terreno_imovel":1,"qt_area_terreno":735,"qt_area_construida":973}}},{"type":"Feature","geometry":{"type":"Polygon","coordinates":[[[-46.62289,-23.414926],[-46.622944,-23.414912],[-46.622966,-23.414982],[-46.622914,-23.414995],[-46.62289,-23.414926]]]},"properties":{"sqlu":"SP-004-216546","inscription":"SP-GEOSAMPA-2216546","inscricaoImobiliaria":"SP-IMO-2216546","setor":"004","quadra":"060","lote":"0077","sourceType":"OFFICIAL_IMPORT","mainAddress":"Setor Fiscal 004","zoneamento":"RESIDENCIAL","statusCadastral":"ATIVO","workflowStatus":"PENDENTE","isOfficial":true,"rawProperties":{"cd_identificador":2216546,"cd_identificador_original_lote":8918469,"cd_setor_fiscal":"004","cd_tipo_quadra":"F","tx_tipo_quadra":"FISCAL","cd_quadra_fiscal":"060","cd_subquadra_fiscal":null,"cd_condominio":"00","cd_tipo_lote":"F","tx_tipo_lote":"FISCAL","cd_lote":"0077","cd_situacao":1,"cd_digito_sql":"8","cd_logradouro":"187801","nm_logradouro_completo":"R TEIXEIRA MENDES","cd_numero_porta":"104","tx_complemento_endereco":"CS 6","tx_situ_lote":"ATIVO","cd_tipo_uso_imovel":"10","dc_tipo_uso_imovel":"Residencial","cd_tipo_terreno_imovel":4,"qt_area_terreno":50,"qt_area_construida":120}}},{"type":"Feature","geometry":{"type":"Polygon","coordinates":[[[-46.613629,-23.409183],[-46.613632,-23.40922],[-46.613565,-23.409225],[-46.613514,-23.409229],[-46.613495,-23.40923],[-46.613493,-23.40921],[-46.613491,-23.409193],[-46.613629,-23.409183]]]},"properties":{"sqlu":"SP-004-216471","inscription":"SP-GEOSAMPA-2216471","inscricaoImobiliaria":"SP-IMO-2216471","setor":"004","quadra":"010","lote":"0020","sourceType":"OFFICIAL_IMPORT","mainAddress":"Setor Fiscal 004","zoneamento":"RESIDENCIAL","statusCadastral":"ATIVO","workflowStatus":"PENDENTE","isOfficial":true,"rawProperties":{"cd_identificador":2216471,"cd_identificador_original_lote":8919908,"cd_setor_fiscal":"004","cd_tipo_quadra":"F","tx_tipo_quadra":"FISCAL","cd_quadra_fiscal":"010","cd_subquadra_fiscal":null,"cd_condominio":"00","cd_tipo_lote":"F","tx_tipo_lote":"FISCAL","cd_lote":"0020","cd_situacao":1,"cd_digito_sql":"6","cd_logradouro":"091740","nm_logradouro_completo":"R SAN GENNARO","cd_numero_porta":"81","tx_complemento_endereco":"CS5","tx_situ_lote":"ATIVO","cd_tipo_uso_imovel":"10","dc_tipo_uso_imovel":"Residencial","cd_tipo_terreno_imovel":4,"qt_area_terreno":72,"qt_area_construida":72}}},{"type":"Feature","geometry":{"type":"Polygon","coordinates":[[[-46.62007,-23.41604],[-46.620063,-23.416091],[-46.619931,-23.416147],[-46.619922,-23.416151],[-46.6199,-23.416114],[-46.619911,-23.416109],[-46.62007,-23.41604]]]},"properties":{"sqlu":"SP-004-159755","inscription":"SP-GEOSAMPA-2159755","inscricaoImobiliaria":"SP-IMO-2159755","setor":"004","quadra":"068","lote":"0076","sourceType":"OFFICIAL_IMPORT","mainAddress":"Setor Fiscal 004","zoneamento":"RESIDENCIAL","statusCadastral":"ATIVO","workflowStatus":"PENDENTE","isOfficial":true,"rawProperties":{"cd_identificador":2159755,"cd_identificador_original_lote":8918724,"cd_setor_fiscal":"004","cd_tipo_quadra":"F","tx_tipo_quadra":"FISCAL","cd_quadra_fiscal":"068","cd_subquadra_fiscal":null,"cd_condominio":"00","cd_tipo_lote":"F","tx_tipo_lote":"FISCAL","cd_lote":"0076","cd_situacao":1,"cd_digito_sql":"6","cd_logradouro":"122386","nm_logradouro_completo":"R LUIS GAMA","cd_numero_porta":"943","tx_complemento_endereco":null,"tx_situ_lote":"ATIVO","cd_tipo_uso_imovel":"43","dc_tipo_uso_imovel":"Não residencial","cd_tipo_terreno_imovel":1,"qt_area_terreno":97,"qt_area_construida":179}}},{"type":"Feature","geometry":{"type":"Polygon","coordinates":[[[-46.620997,-23.415661],[-46.621038,-23.415854],[-46.621046,-23.415894],[-46.620952,-23.415925],[-46.620899,-23.415786],[-46.620886,-23.415754],[-46.620875,-23.415725],[-46.620868,-23.415699],[-46.620855,-23.415649],[-46.620844,-23.415605],[-46.620839,-23.415588],[-46.620835,-23.41557],[-46.620805,-23.415458],[-46.620786,-23.415382],[-46.62075,-23.415247],[-46.620816,-23.415223],[-46.620897,-23.415195],[-46.620948,-23.415427],[-46.620955,-23.415459],[-46.620997,-23.415661]]]},"properties":{"sqlu":"SP-004-810927","inscription":"SP-GEOSAMPA-6810927","inscricaoImobiliaria":"SP-IMO-6810927","setor":"004","quadra":"067","lote":"0187","sourceType":"OFFICIAL_IMPORT","mainAddress":"Setor Fiscal 004","zoneamento":"RESIDENCIAL","statusCadastral":"ATIVO","workflowStatus":"PENDENTE","isOfficial":true,"rawProperties":{"cd_identificador":6810927,"cd_identificador_original_lote":10670495,"cd_setor_fiscal":"004","cd_tipo_quadra":"F","tx_tipo_quadra":"FISCAL","cd_quadra_fiscal":"067","cd_subquadra_fiscal":null,"cd_condominio":"00","cd_tipo_lote":"F","tx_tipo_lote":"FISCAL","cd_lote":"0187","cd_situacao":1,"cd_digito_sql":"3","cd_logradouro":"116491","nm_logradouro_completo":"R DO LAVAPES","cd_numero_porta":"1051","tx_complemento_endereco":"1053 1057","tx_situ_lote":"ATIVO","cd_tipo_uso_imovel":"43","dc_tipo_uso_imovel":"Não residencial","cd_tipo_terreno_imovel":3,"qt_area_terreno":1061,"qt_area_construida":662}}},{"type":"Feature","geometry":{"type":"Polygon","coordinates":[[[-46.62354,-23.412195],[-46.623491,-23.412189],[-46.62345,-23.412184],[-46.623366,-23.412173],[-46.623287,-23.412163],[-46.623197,-23.412152],[-46.623303,-23.411304],[-46.623399,-23.411315],[-46.623608,-23.411339],[-46.62366,-23.411345],[-46.623721,-23.41086],[-46.624221,-23.410924],[-46.625061,-23.411031],[-46.625067,-23.411035],[-46.625072,-23.41104],[-46.625076,-23.411046],[-46.625079,-23.411052],[-46.625081,-23.411058],[-46.625081,-23.411065],[-46.62508,-23.411072],[-46.62496,-23.411944],[-46.624883,-23.412272],[-46.624849,-23.412296],[-46.624791,-23.412324],[-46.623906,-23.412707],[-46.623833,-23.41273],[-46.623769,-23.412722],[-46.62382,-23.412231],[-46.623758,-23.412223],[-46.623673,-23.412212],[-46.62363,-23.412207],[-46.62354,-23.412195]]]},"properties":{"sqlu":"SP-004-216330","inscription":"SP-GEOSAMPA-2216330","inscricaoImobiliaria":"SP-IMO-2216330","setor":"004","quadra":"033","lote":"0008","sourceType":"OFFICIAL_IMPORT","mainAddress":"Setor Fiscal 004","zoneamento":"RESIDENCIAL","statusCadastral":"ATIVO","workflowStatus":"PENDENTE","isOfficial":true,"rawProperties":{"cd_identificador":2216330,"cd_identificador_original_lote":8920405,"cd_setor_fiscal":"004","cd_tipo_quadra":"F","tx_tipo_quadra":"FISCAL","cd_quadra_fiscal":"033","cd_subquadra_fiscal":null,"cd_condominio":"00","cd_tipo_lote":"F","tx_tipo_lote":"FISCAL","cd_lote":"0008","cd_situacao":1,"cd_digito_sql":"8","cd_logradouro":"146200","nm_logradouro_completo":"PC NINA RODRIGUES","cd_numero_porta":"S/N","tx_complemento_endereco":null,"tx_situ_lote":"ATIVO","cd_tipo_uso_imovel":"84","dc_tipo_uso_imovel":"Não residencial","cd_tipo_terreno_imovel":3,"qt_area_terreno":25945,"qt_area_construida":21079}}},{"type":"Feature","geometry":{"type":"Polygon","coordinates":[[[-46.615904,-23.414612],[-46.615934,-23.4146],[-46.615979,-23.414583],[-46.61602,-23.414568],[-46.61612,-23.414807],[-46.616165,-23.414914],[-46.616048,-23.414955],[-46.616045,-23.41495],[-46.615904,-23.414612]]]},"properties":{"sqlu":"SP-004-216245","inscription":"SP-GEOSAMPA-2216245","inscricaoImobiliaria":"SP-IMO-2216245","setor":"004","quadra":"064","lote":"0097","sourceType":"OFFICIAL_IMPORT","mainAddress":"Setor Fiscal 004","zoneamento":"RESIDENCIAL","statusCadastral":"ATIVO","workflowStatus":"PENDENTE","isOfficial":true,"rawProperties":{"cd_identificador":2216245,"cd_identificador_original_lote":8919410,"cd_setor_fiscal":"004","cd_tipo_quadra":"F","tx_tipo_quadra":"FISCAL","cd_quadra_fiscal":"064","cd_subquadra_fiscal":null,"cd_condominio":"00","cd_tipo_lote":"F","tx_tipo_lote":"FISCAL","cd_lote":"0097","cd_situacao":1,"cd_digito_sql":"0","cd_logradouro":"182087","nm_logradouro_completo":"R SILVEIRA DA MOTA","cd_numero_porta":"595","tx_complemento_endereco":null,"tx_situ_lote":"ATIVO","cd_tipo_uso_imovel":"50","dc_tipo_uso_imovel":"Não residencial","cd_tipo_terreno_imovel":1,"qt_area_terreno":518,"qt_area_construida":476}}},{"type":"Feature","geometry":{"type":"Polygon","coordinates":[[[-46.620534,-23.413325],[-46.620544,-23.413235],[-46.620613,-23.413232],[-46.620681,-23.41323],[-46.620846,-23.413224],[-46.620846,-23.413231],[-46.620849,-23.413309],[-46.620534,-23.413325]]]},"properties":{"sqlu":"SP-004-216387","inscription":"SP-GEOSAMPA-2216387","inscricaoImobiliaria":"SP-IMO-2216387","setor":"004","quadra":"056","lote":"0028","sourceType":"OFFICIAL_IMPORT","mainAddress":"Setor Fiscal 004","zoneamento":"RESIDENCIAL","statusCadastral":"ATIVO","workflowStatus":"PENDENTE","isOfficial":true,"rawProperties":{"cd_identificador":2216387,"cd_identificador_original_lote":8920108,"cd_setor_fiscal":"004","cd_tipo_quadra":"F","tx_tipo_quadra":"FISCAL","cd_quadra_fiscal":"056","cd_subquadra_fiscal":null,"cd_condominio":"00","cd_tipo_lote":"F","tx_tipo_lote":"FISCAL","cd_lote":"0028","cd_situacao":1,"cd_digito_sql":"3","cd_logradouro":"122386","nm_logradouro_completo":"R LUIS GAMA","cd_numero_porta":"630","tx_complemento_endereco":null,"tx_situ_lote":"ATIVO","cd_tipo_uso_imovel":"40","dc_tipo_uso_imovel":"Não residencial","cd_tipo_terreno_imovel":1,"qt_area_terreno":307,"qt_area_construida":336}}},{"type":"Feature","geometry":{"type":"Polygon","coordinates":[[[-46.615825,-23.415517],[-46.615786,-23.415533],[-46.615755,-23.415546],[-46.615748,-23.415548],[-46.615712,-23.415562],[-46.615678,-23.415575],[-46.615641,-23.415589],[-46.615625,-23.415555],[-46.615664,-23.41554],[-46.615722,-23.415518],[-46.615744,-23.41551],[-46.615748,-23.415509],[-46.615758,-23.415505],[-46.61577,-23.4155],[-46.615782,-23.415496],[-46.61581,-23.415485],[-46.615825,-23.415517]]]},"properties":{"sqlu":"SP-004-811180","inscription":"SP-GEOSAMPA-6811180","inscricaoImobiliaria":"SP-IMO-6811180","setor":"004","quadra":"066","lote":"0074","sourceType":"OFFICIAL_IMPORT","mainAddress":"Setor Fiscal 004","zoneamento":"RESIDENCIAL","statusCadastral":"ATIVO","workflowStatus":"PENDENTE","isOfficial":true,"rawProperties":{"cd_identificador":6811180,"cd_identificador_original_lote":10670398,"cd_setor_fiscal":"004","cd_tipo_quadra":"F","tx_tipo_quadra":"FISCAL","cd_quadra_fiscal":"066","cd_subquadra_fiscal":null,"cd_condominio":"00","cd_tipo_lote":"F","tx_tipo_lote":"FISCAL","cd_lote":"0074","cd_situacao":1,"cd_digito_sql":"0","cd_logradouro":"196304","nm_logradouro_completo":"R VICENTE DE CARVALHO","cd_numero_porta":"191","tx_complemento_endereco":"FUNDOS","tx_situ_lote":"ATIVO","cd_tipo_uso_imovel":"10","dc_tipo_uso_imovel":"Residencial","cd_tipo_terreno_imovel":5,"qt_area_terreno":123,"qt_area_construida":86}}},{"type":"Feature","geometry":{"type":"Polygon","coordinates":[[[-46.613819,-23.409581],[-46.613808,-23.409482],[-46.613804,-23.409445],[-46.613792,-23.409341],[-46.613909,-23.409335],[-46.613917,-23.40941],[-46.613919,-23.409435],[-46.613924,-23.409478],[-46.613934,-23.409576],[-46.613819,-23.409581]]]},"properties":{"sqlu":"SP-004-805591","inscription":"SP-GEOSAMPA-6805591","inscricaoImobiliaria":"SP-IMO-6805591","setor":"004","quadra":"010","lote":"0000","sourceType":"OFFICIAL_IMPORT","mainAddress":"Setor Fiscal 004","zoneamento":"RESIDENCIAL","statusCadastral":"ATIVO","workflowStatus":"PENDENTE","isOfficial":true,"rawProperties":{"cd_identificador":6805591,"cd_identificador_original_lote":10665470,"cd_setor_fiscal":"004","cd_tipo_quadra":"F","tx_tipo_quadra":"FISCAL","cd_quadra_fiscal":"010","cd_subquadra_fiscal":null,"cd_condominio":"01","cd_tipo_lote":"F","tx_tipo_lote":"FISCAL","cd_lote":"0000","cd_situacao":1,"cd_digito_sql":null,"cd_logradouro":"035173","nm_logradouro_completo":"R DOM BOSCO","cd_numero_porta":"713 717 721","tx_complemento_endereco":null,"tx_situ_lote":null,"cd_tipo_uso_imovel":"XX","dc_tipo_uso_imovel":"Condomínio","cd_tipo_terreno_imovel":99,"qt_area_terreno":357,"qt_area_construida":null}}},{"type":"Feature","geometry":{"type":"Polygon","coordinates":[[[-46.617324,-23.417006],[-46.617342,-23.417043],[-46.617224,-23.417092],[-46.617206,-23.417055],[-46.617324,-23.417006]]]},"properties":{"sqlu":"SP-004-151100","inscription":"SP-GEOSAMPA-2151100","inscricaoImobiliaria":"SP-IMO-2151100","setor":"004","quadra":"072","lote":"0046","sourceType":"OFFICIAL_IMPORT","mainAddress":"Setor Fiscal 004","zoneamento":"RESIDENCIAL","statusCadastral":"ATIVO","workflowStatus":"PENDENTE","isOfficial":true,"rawProperties":{"cd_identificador":2151100,"cd_identificador_original_lote":8919005,"cd_setor_fiscal":"004","cd_tipo_quadra":"F","tx_tipo_quadra":"FISCAL","cd_quadra_fiscal":"072","cd_subquadra_fiscal":null,"cd_condominio":"00","cd_tipo_lote":"F","tx_tipo_lote":"FISCAL","cd_lote":"0046","cd_situacao":1,"cd_digito_sql":"0","cd_logradouro":"184845","nm_logradouro_completo":"R ESTEFANO","cd_numero_porta":"253","tx_complemento_endereco":null,"tx_situ_lote":"ATIVO","cd_tipo_uso_imovel":"10","dc_tipo_uso_imovel":"Residencial","cd_tipo_terreno_imovel":1,"qt_area_terreno":58,"qt_area_construida":100}}},{"type":"Feature","geometry":{"type":"Polygon","coordinates":[[[-46.623412,-23.408038],[-46.623323,-23.407999],[-46.623159,-23.407926],[-46.623139,-23.407918],[-46.623121,-23.40791],[-46.623119,-23.407909],[-46.623115,-23.40791],[-46.623115,-23.407905],[-46.62316,-23.407904],[-46.623202,-23.407902],[-46.62325,-23.4079],[-46.623231,-23.407726],[-46.623352,-23.407714],[-46.623436,-23.407728],[-46.623503,-23.407762],[-46.623585,-23.407807],[-46.623412,-23.408038]]]},"properties":{"sqlu":"SP-004-151106","inscription":"SP-GEOSAMPA-2151106","inscricaoImobiliaria":"SP-IMO-2151106","setor":"004","quadra":"003","lote":"0038","sourceType":"OFFICIAL_IMPORT","mainAddress":"Setor Fiscal 004","zoneamento":"RESIDENCIAL","statusCadastral":"ATIVO","workflowStatus":"PENDENTE","isOfficial":true,"rawProperties":{"cd_identificador":2151106,"cd_identificador_original_lote":8918494,"cd_setor_fiscal":"004","cd_tipo_quadra":"F","tx_tipo_quadra":"FISCAL","cd_quadra_fiscal":"003","cd_subquadra_fiscal":null,"cd_condominio":"00","cd_tipo_lote":"F","tx_tipo_lote":"FISCAL","cd_lote":"0038","cd_situacao":1,"cd_digito_sql":"9","cd_logradouro":"066427","nm_logradouro_completo":"AV DO ESTADO","cd_numero_porta":"4505","tx_complemento_endereco":null,"tx_situ_lote":"ATIVO","cd_tipo_uso_imovel":"50","dc_tipo_uso_imovel":"Não residencial","cd_tipo_terreno_imovel":2,"qt_area_terreno":900,"qt_area_construida":868}}},{"type":"Feature","geometry":{"type":"Polygon","coordinates":[[[-46.613269,-23.409016],[-46.613291,-23.409205],[-46.613269,-23.409207],[-46.613255,-23.409208],[-46.613233,-23.40902],[-46.613269,-23.409016]]]},"properties":{"sqlu":"SP-004-151181","inscription":"SP-GEOSAMPA-2151181","inscricaoImobiliaria":"SP-IMO-2151181","setor":"004","quadra":"010","lote":"0083","sourceType":"OFFICIAL_IMPORT","mainAddress":"Setor Fiscal 004","zoneamento":"RESIDENCIAL","statusCadastral":"ATIVO","workflowStatus":"PENDENTE","isOfficial":true,"rawProperties":{"cd_identificador":2151181,"cd_identificador_original_lote":8920378,"cd_setor_fiscal":"004","cd_tipo_quadra":"F","tx_tipo_quadra":"FISCAL","cd_quadra_fiscal":"010","cd_subquadra_fiscal":null,"cd_condominio":"00","cd_tipo_lote":"F","tx_tipo_lote":"FISCAL","cd_lote":"0083","cd_situacao":1,"cd_digito_sql":"4","cd_logradouro":"091740","nm_logradouro_completo":"R SAN GENNARO","cd_numero_porta":"39","tx_complemento_endereco":null,"tx_situ_lote":"ATIVO","cd_tipo_uso_imovel":"31","dc_tipo_uso_imovel":"Não residencial","cd_tipo_terreno_imovel":1,"qt_area_terreno":80,"qt_area_construida":235}}},{"type":"Feature","geometry":{"type":"Polygon","coordinates":[[[-46.616238,-23.409641],[-46.616243,-23.40967],[-46.616199,-23.409677],[-46.616161,-23.409682],[-46.616048,-23.409698],[-46.616038,-23.409648],[-46.616238,-23.409641]]]},"properties":{"sqlu":"SP-004-151130","inscription":"SP-GEOSAMPA-2151130","inscricaoImobiliaria":"SP-IMO-2151130","setor":"004","quadra":"017","lote":"0020","sourceType":"OFFICIAL_IMPORT","mainAddress":"Setor Fiscal 004","zoneamento":"RESIDENCIAL","statusCadastral":"ATIVO","workflowStatus":"PENDENTE","isOfficial":true,"rawProperties":{"cd_identificador":2151130,"cd_identificador_original_lote":8919582,"cd_setor_fiscal":"004","cd_tipo_quadra":"F","tx_tipo_quadra":"FISCAL","cd_quadra_fiscal":"017","cd_subquadra_fiscal":null,"cd_condominio":"00","cd_tipo_lote":"F","tx_tipo_lote":"FISCAL","cd_lote":"0020","cd_situacao":1,"cd_digito_sql":"8","cd_logradouro":"098310","nm_logradouro_completo":"R BR DE JAGUARA","cd_numero_porta":"312","tx_complemento_endereco":null,"tx_situ_lote":"ATIVO","cd_tipo_uso_imovel":"42","dc_tipo_uso_imovel":"Não residencial","cd_tipo_terreno_imovel":2,"qt_area_terreno":138,"qt_area_construida":208}}},{"type":"Feature","geometry":{"type":"Polygon","coordinates":[[[-46.627529,-23.41237],[-46.627402,-23.412419],[-46.627388,-23.412424],[-46.627381,-23.412426],[-46.627356,-23.412436],[-46.627344,-23.41241],[-46.627337,-23.412392],[-46.627361,-23.412382],[-46.627507,-23.412326],[-46.627515,-23.412341],[-46.627529,-23.41237]]]},"properties":{"sqlu":"SP-004-151118","inscription":"SP-GEOSAMPA-2151118","inscricaoImobiliaria":"SP-IMO-2151118","setor":"004","quadra":"044","lote":"0027","sourceType":"OFFICIAL_IMPORT","mainAddress":"Setor Fiscal 004","zoneamento":"RESIDENCIAL","statusCadastral":"ATIVO","workflowStatus":"PENDENTE","isOfficial":true,"rawProperties":{"cd_identificador":2151118,"cd_identificador_original_lote":8919690,"cd_setor_fiscal":"004","cd_tipo_quadra":"F","tx_tipo_quadra":"FISCAL","cd_quadra_fiscal":"044","cd_subquadra_fiscal":null,"cd_condominio":"00","cd_tipo_lote":"F","tx_tipo_lote":"FISCAL","cd_lote":"0027","cd_situacao":1,"cd_digito_sql":"2","cd_logradouro":"187771","nm_logradouro_completo":"R TEIXEIRA LEITE","cd_numero_porta":"339","tx_complemento_endereco":null,"tx_situ_lote":"ATIVO","cd_tipo_uso_imovel":"10","dc_tipo_uso_imovel":"Residencial","cd_tipo_terreno_imovel":1,"qt_area_terreno":112,"qt_area_construida":112}}},{"type":"Feature","geometry":{"type":"Polygon","coordinates":[[[-46.622671,-23.407882],[-46.622675,-23.407938],[-46.62253,-23.407961],[-46.622518,-23.407902],[-46.622671,-23.407882]]]},"properties":{"sqlu":"SP-004-151307","inscription":"SP-GEOSAMPA-2151307","inscricaoImobiliaria":"SP-IMO-2151307","setor":"004","quadra":"003","lote":"0035","sourceType":"OFFICIAL_IMPORT","mainAddress":"Setor Fiscal 004","zoneamento":"RESIDENCIAL","statusCadastral":"ATIVO","workflowStatus":"PENDENTE","isOfficial":true,"rawProperties":{"cd_identificador":2151307,"cd_identificador_original_lote":8918519,"cd_setor_fiscal":"004","cd_tipo_quadra":"F","tx_tipo_quadra":"FISCAL","cd_quadra_fiscal":"003","cd_subquadra_fiscal":null,"cd_condominio":"00","cd_tipo_lote":"F","tx_tipo_lote":"FISCAL","cd_lote":"0035","cd_situacao":1,"cd_digito_sql":"4","cd_logradouro":"199265","nm_logradouro_completo":"R WANDENKOLK","cd_numero_porta":"624","tx_complemento_endereco":"E 626","tx_situ_lote":"ATIVO","cd_tipo_uso_imovel":"42","dc_tipo_uso_imovel":"Não residencial","cd_tipo_terreno_imovel":1,"qt_area_terreno":94,"qt_area_construida":180}}},{"type":"Feature","geometry":{"type":"Polygon","coordinates":[[[-46.620771,-23.415089],[-46.620756,-23.414995],[-46.620749,-23.414947],[-46.62079,-23.414947],[-46.620808,-23.415076],[-46.620771,-23.415089]]]},"properties":{"sqlu":"SP-004-151335","inscription":"SP-GEOSAMPA-2151335","inscricaoImobiliaria":"SP-IMO-2151335","setor":"004","quadra":"061","lote":"0020","sourceType":"OFFICIAL_IMPORT","mainAddress":"Setor Fiscal 004","zoneamento":"RESIDENCIAL","statusCadastral":"ATIVO","workflowStatus":"PENDENTE","isOfficial":true,"rawProperties":{"cd_identificador":2151335,"cd_identificador_original_lote":8919458,"cd_setor_fiscal":"004","cd_tipo_quadra":"F","tx_tipo_quadra":"FISCAL","cd_quadra_fiscal":"061","cd_subquadra_fiscal":null,"cd_condominio":"00","cd_tipo_lote":"F","tx_tipo_lote":"FISCAL","cd_lote":"0020","cd_situacao":1,"cd_digito_sql":"9","cd_logradouro":"048291","nm_logradouro_completo":"R CESARIO RAMALHO","cd_numero_porta":"341","tx_complemento_endereco":null,"tx_situ_lote":"ATIVO","cd_tipo_uso_imovel":"14","dc_tipo_uso_imovel":"Residencial","cd_tipo_terreno_imovel":1,"qt_area_terreno":79,"qt_area_construida":109}}},{"type":"Feature","geometry":{"type":"Polygon","coordinates":[[[-46.620771,-23.415089],[-46.6207,-23.415115],[-46.620648,-23.414995],[-46.620692,-23.414995],[-46.620724,-23.414995],[-46.620756,-23.414995],[-46.620771,-23.415089]]]},"properties":{"sqlu":"SP-004-151336","inscription":"SP-GEOSAMPA-2151336","inscricaoImobiliaria":"SP-IMO-2151336","setor":"004","quadra":"061","lote":"0021","sourceType":"OFFICIAL_IMPORT","mainAddress":"Setor Fiscal 004","zoneamento":"RESIDENCIAL","statusCadastral":"ATIVO","workflowStatus":"PENDENTE","isOfficial":true,"rawProperties":{"cd_identificador":2151336,"cd_identificador_original_lote":8919459,"cd_setor_fiscal":"004","cd_tipo_quadra":"F","tx_tipo_quadra":"FISCAL","cd_quadra_fiscal":"061","cd_subquadra_fiscal":null,"cd_condominio":"00","cd_tipo_lote":"F","tx_tipo_lote":"FISCAL","cd_lote":"0021","cd_situacao":1,"cd_digito_sql":"7","cd_logradouro":"048291","nm_logradouro_completo":"R CESARIO RAMALHO","cd_numero_porta":"347","tx_complemento_endereco":null,"tx_situ_lote":"ATIVO","cd_tipo_uso_imovel":"10","dc_tipo_uso_imovel":"Residencial","cd_tipo_terreno_imovel":1,"qt_area_terreno":110,"qt_area_construida":158}}},{"type":"Feature","geometry":{"type":"Polygon","coordinates":[[[-46.622671,-23.407882],[-46.622667,-23.407821],[-46.622663,-23.407775],[-46.622683,-23.40777],[-46.622719,-23.407764],[-46.622736,-23.407929],[-46.622737,-23.407941],[-46.622738,-23.40795],[-46.622741,-23.407983],[-46.622708,-23.407988],[-46.622703,-23.407963],[-46.622677,-23.407967],[-46.622676,-23.407956],[-46.622675,-23.407938],[-46.622671,-23.407882]]]},"properties":{"sqlu":"SP-004-151308","inscription":"SP-GEOSAMPA-2151308","inscricaoImobiliaria":"SP-IMO-2151308","setor":"004","quadra":"003","lote":"0023","sourceType":"OFFICIAL_IMPORT","mainAddress":"Setor Fiscal 004","zoneamento":"RESIDENCIAL","statusCadastral":"ATIVO","workflowStatus":"PENDENTE","isOfficial":true,"rawProperties":{"cd_identificador":2151308,"cd_identificador_original_lote":8918521,"cd_setor_fiscal":"004","cd_tipo_quadra":"F","tx_tipo_quadra":"FISCAL","cd_quadra_fiscal":"003","cd_subquadra_fiscal":null,"cd_condominio":"00","cd_tipo_lote":"F","tx_tipo_lote":"FISCAL","cd_lote":"0023","cd_situacao":1,"cd_digito_sql":"0","cd_logradouro":"142131","nm_logradouro_completo":"R DA MOOCA","cd_numero_porta":"122","tx_complemento_endereco":"E 124","tx_situ_lote":"ATIVO","cd_tipo_uso_imovel":"10","dc_tipo_uso_imovel":"Residencial","cd_tipo_terreno_imovel":1,"qt_area_terreno":129,"qt_area_construida":35}}},{"type":"Feature","geometry":{"type":"Polygon","coordinates":[[[-46.617397,-23.414718],[-46.617262,-23.414766],[-46.617256,-23.414768],[-46.617215,-23.414783],[-46.617185,-23.414794],[-46.617176,-23.414773],[-46.617158,-23.414732],[-46.617352,-23.41467],[-46.617385,-23.414687],[-46.617397,-23.414718]]]},"properties":{"sqlu":"SP-004-151478","inscription":"SP-GEOSAMPA-2151478","inscricaoImobiliaria":"SP-IMO-2151478","setor":"004","quadra":"065","lote":"0032","sourceType":"OFFICIAL_IMPORT","mainAddress":"Setor Fiscal 004","zoneamento":"RESIDENCIAL","statusCadastral":"ATIVO","workflowStatus":"PENDENTE","isOfficial":true,"rawProperties":{"cd_identificador":2151478,"cd_identificador_original_lote":8920573,"cd_setor_fiscal":"004","cd_tipo_quadra":"F","tx_tipo_quadra":"FISCAL","cd_quadra_fiscal":"065","cd_subquadra_fiscal":null,"cd_condominio":"00","cd_tipo_lote":"F","tx_tipo_lote":"FISCAL","cd_lote":"0032","cd_situacao":1,"cd_digito_sql":"0","cd_logradouro":"098310","nm_logradouro_completo":"R BR DE JAGUARA","cd_numero_porta":"887","tx_complemento_endereco":"E 889","tx_situ_lote":"ATIVO","cd_tipo_uso_imovel":"42","dc_tipo_uso_imovel":"Não residencial","cd_tipo_terreno_imovel":2,"qt_area_terreno":127,"qt_area_construida":200}}},{"type":"Feature","geometry":{"type":"Polygon","coordinates":[[[-46.615786,-23.415533],[-46.615825,-23.415517],[-46.615882,-23.415635],[-46.615919,-23.415711],[-46.61588,-23.415726],[-46.61579,-23.415541],[-46.615786,-23.415533]]]},"properties":{"sqlu":"SP-004-811207","inscription":"SP-GEOSAMPA-6811207","inscricaoImobiliaria":"SP-IMO-6811207","setor":"004","quadra":"066","lote":"0015","sourceType":"OFFICIAL_IMPORT","mainAddress":"Setor Fiscal 004","zoneamento":"RESIDENCIAL","statusCadastral":"ATIVO","workflowStatus":"PENDENTE","isOfficial":true,"rawProperties":{"cd_identificador":6811207,"cd_identificador_original_lote":10670396,"cd_setor_fiscal":"004","cd_tipo_quadra":"F","tx_tipo_quadra":"FISCAL","cd_quadra_fiscal":"066","cd_subquadra_fiscal":null,"cd_condominio":"00","cd_tipo_lote":"F","tx_tipo_lote":"FISCAL","cd_lote":"0015","cd_situacao":1,"cd_digito_sql":"5","cd_logradouro":"196304","nm_logradouro_completo":"R VICENTE DE CARVALHO","cd_numero_porta":"191","tx_complemento_endereco":null,"tx_situ_lote":"ATIVO","cd_tipo_uso_imovel":"10","dc_tipo_uso_imovel":"Residencial","cd_tipo_terreno_imovel":1,"qt_area_terreno":91,"qt_area_construida":180}}},{"type":"Feature","geometry":{"type":"Polygon","coordinates":[[[-46.615755,-23.415546],[-46.615786,-23.415533],[-46.61579,-23.415541],[-46.61588,-23.415726],[-46.615842,-23.41574],[-46.615799,-23.415644],[-46.615758,-23.415552],[-46.615755,-23.415546]]]},"properties":{"sqlu":"SP-004-811341","inscription":"SP-GEOSAMPA-6811341","inscricaoImobiliaria":"SP-IMO-6811341","setor":"004","quadra":"066","lote":"0016","sourceType":"OFFICIAL_IMPORT","mainAddress":"Setor Fiscal 004","zoneamento":"RESIDENCIAL","statusCadastral":"ATIVO","workflowStatus":"PENDENTE","isOfficial":true,"rawProperties":{"cd_identificador":6811341,"cd_identificador_original_lote":10670397,"cd_setor_fiscal":"004","cd_tipo_quadra":"F","tx_tipo_quadra":"FISCAL","cd_quadra_fiscal":"066","cd_subquadra_fiscal":null,"cd_condominio":"00","cd_tipo_lote":"F","tx_tipo_lote":"FISCAL","cd_lote":"0016","cd_situacao":1,"cd_digito_sql":"3","cd_logradouro":"196304","nm_logradouro_completo":"R VICENTE DE CARVALHO","cd_numero_porta":"193","tx_complemento_endereco":null,"tx_situ_lote":"ATIVO","cd_tipo_uso_imovel":"10","dc_tipo_uso_imovel":"Residencial","cd_tipo_terreno_imovel":1,"qt_area_terreno":88,"qt_area_construida":88}}},{"type":"Feature","geometry":{"type":"Polygon","coordinates":[[[-46.61989,-23.40888],[-46.620013,-23.40887],[-46.620016,-23.408902],[-46.620019,-23.408938],[-46.62002,-23.408943],[-46.619897,-23.408953],[-46.61989,-23.40888]]]},"properties":{"sqlu":"SP-004-151359","inscription":"SP-GEOSAMPA-2151359","inscricaoImobiliaria":"SP-IMO-2151359","setor":"004","quadra":"005","lote":"0015","sourceType":"OFFICIAL_IMPORT","mainAddress":"Setor Fiscal 004","zoneamento":"RESIDENCIAL","statusCadastral":"ATIVO","workflowStatus":"PENDENTE","isOfficial":true,"rawProperties":{"cd_identificador":2151359,"cd_identificador_original_lote":8919629,"cd_setor_fiscal":"004","cd_tipo_quadra":"F","tx_tipo_quadra":"FISCAL","cd_quadra_fiscal":"005","cd_subquadra_fiscal":null,"cd_condominio":"00","cd_tipo_lote":"F","tx_tipo_lote":"FISCAL","cd_lote":"0015","cd_situacao":1,"cd_digito_sql":"9","cd_logradouro":"008567","nm_logradouro_completo":"TV ALTA FLORESTA","cd_numero_porta":"9","tx_complemento_endereco":null,"tx_situ_lote":"ATIVO","cd_tipo_uso_imovel":"10","dc_tipo_uso_imovel":"Residencial","cd_tipo_terreno_imovel":1,"qt_area_terreno":108,"qt_area_construida":75}}},{"type":"Feature","geometry":{"type":"Polygon","coordinates":[[[-46.616381,-23.417686],[-46.616357,-23.417637],[-46.616519,-23.417575],[-46.616676,-23.417515],[-46.616722,-23.417497],[-46.616748,-23.417548],[-46.6167,-23.417566],[-46.616692,-23.417569],[-46.616626,-23.417594],[-46.616381,-23.417686]]]},"properties":{"sqlu":"SP-004-151609","inscription":"SP-GEOSAMPA-2151609","inscricaoImobiliaria":"SP-IMO-2151609","setor":"004","quadra":"072","lote":"0013","sourceType":"OFFICIAL_IMPORT","mainAddress":"Setor Fiscal 004","zoneamento":"RESIDENCIAL","statusCadastral":"ATIVO","workflowStatus":"PENDENTE","isOfficial":true,"rawProperties":{"cd_identificador":2151609,"cd_identificador_original_lote":8919754,"cd_setor_fiscal":"004","cd_tipo_quadra":"F","tx_tipo_quadra":"FISCAL","cd_quadra_fiscal":"072","cd_subquadra_fiscal":null,"cd_condominio":"00","cd_tipo_lote":"F","tx_tipo_lote":"FISCAL","cd_lote":"0013","cd_situacao":1,"cd_digito_sql":"4","cd_logradouro":"011967","nm_logradouro_completo":"R DONA ANA NERI","cd_numero_porta":"1112","tx_complemento_endereco":null,"tx_situ_lote":"ATIVO","cd_tipo_uso_imovel":"10","dc_tipo_uso_imovel":"Residencial","cd_tipo_terreno_imovel":1,"qt_area_terreno":240,"qt_area_construida":115}}},{"type":"Feature","geometry":{"type":"Polygon","coordinates":[[[-46.621756,-23.408],[-46.621752,-23.407939],[-46.62175,-23.407916],[-46.621765,-23.407915],[-46.621819,-23.407912],[-46.621868,-23.40791],[-46.621917,-23.407908],[-46.621971,-23.407905],[-46.621982,-23.407904],[-46.621988,-23.407988],[-46.621999,-23.40812],[-46.622002,-23.40816],[-46.622003,-23.408173],[-46.621856,-23.408179],[-46.62184,-23.40818],[-46.621827,-23.408009],[-46.621826,-23.407996],[-46.621756,-23.408]]]},"properties":{"sqlu":"SP-004-151600","inscription":"SP-GEOSAMPA-2151600","inscricaoImobiliaria":"SP-IMO-2151600","setor":"004","quadra":"004","lote":"0103","sourceType":"OFFICIAL_IMPORT","mainAddress":"Setor Fiscal 004","zoneamento":"RESIDENCIAL","statusCadastral":"ATIVO","workflowStatus":"PENDENTE","isOfficial":true,"rawProperties":{"cd_identificador":2151600,"cd_identificador_original_lote":8920611,"cd_setor_fiscal":"004","cd_tipo_quadra":"F","tx_tipo_quadra":"FISCAL","cd_quadra_fiscal":"004","cd_subquadra_fiscal":null,"cd_condominio":"00","cd_tipo_lote":"F","tx_tipo_lote":"FISCAL","cd_lote":"0103","cd_situacao":1,"cd_digito_sql":"7","cd_logradouro":"158046","nm_logradouro_completo":"R DO LIRISMO","cd_numero_porta":"51","tx_complemento_endereco":"65","tx_situ_lote":"ATIVO","cd_tipo_uso_imovel":"50","dc_tipo_uso_imovel":"Não residencial","cd_tipo_terreno_imovel":1,"qt_area_terreno":552,"qt_area_construida":609}}},{"type":"Feature","geometry":{"type":"Polygon","coordinates":[[[-46.623585,-23.414302],[-46.623559,-23.414249],[-46.623667,-23.414212],[-46.623677,-23.414208],[-46.623686,-23.414233],[-46.623697,-23.414264],[-46.62371,-23.414302],[-46.623712,-23.414309],[-46.623713,-23.414312],[-46.623725,-23.414346],[-46.623691,-23.414358],[-46.623649,-23.414372],[-46.623624,-23.41438],[-46.623603,-23.414337],[-46.623585,-23.414302]]]},"properties":{"sqlu":"SP-004-817434","inscription":"SP-GEOSAMPA-6817434","inscricaoImobiliaria":"SP-IMO-6817434","setor":"004","quadra":"052","lote":"0101","sourceType":"OFFICIAL_IMPORT","mainAddress":"Setor Fiscal 004","zoneamento":"RESIDENCIAL","statusCadastral":"ATIVO","workflowStatus":"PENDENTE","isOfficial":true,"rawProperties":{"cd_identificador":6817434,"cd_identificador_original_lote":10677103,"cd_setor_fiscal":"004","cd_tipo_quadra":"F","tx_tipo_quadra":"FISCAL","cd_quadra_fiscal":"052","cd_subquadra_fiscal":null,"cd_condominio":"00","cd_tipo_lote":"F","tx_tipo_lote":"FISCAL","cd_lote":"0101","cd_situacao":1,"cd_digito_sql":"1","cd_logradouro":"048291","nm_logradouro_completo":"R CESARIO RAMALHO","cd_numero_porta":"S/N","tx_complemento_endereco":null,"tx_situ_lote":"ATIVO","cd_tipo_uso_imovel":"51","dc_tipo_uso_imovel":"Não residencial","cd_tipo_terreno_imovel":1,"qt_area_terreno":175,"qt_area_construida":175}}},{"type":"Feature","geometry":{"type":"Polygon","coordinates":[[[-46.623585,-23.414302],[-46.623603,-23.414337],[-46.623598,-23.414339],[-46.62359,-23.414341],[-46.623442,-23.414394],[-46.623429,-23.414355],[-46.623574,-23.414306],[-46.623582,-23.414303],[-46.623585,-23.414302]]]},"properties":{"sqlu":"SP-004-817435","inscription":"SP-GEOSAMPA-6817435","inscricaoImobiliaria":"SP-IMO-6817435","setor":"004","quadra":"052","lote":"0080","sourceType":"OFFICIAL_IMPORT","mainAddress":"Setor Fiscal 004","zoneamento":"RESIDENCIAL","statusCadastral":"ATIVO","workflowStatus":"PENDENTE","isOfficial":true,"rawProperties":{"cd_identificador":6817435,"cd_identificador_original_lote":10677107,"cd_setor_fiscal":"004","cd_tipo_quadra":"F","tx_tipo_quadra":"FISCAL","cd_quadra_fiscal":"052","cd_subquadra_fiscal":null,"cd_condominio":"00","cd_tipo_lote":"F","tx_tipo_lote":"FISCAL","cd_lote":"0080","cd_situacao":1,"cd_digito_sql":"3","cd_logradouro":"187801","nm_logradouro_completo":"R TEIXEIRA MENDES","cd_numero_porta":"159","tx_complemento_endereco":null,"tx_situ_lote":"ATIVO","cd_tipo_uso_imovel":"31","dc_tipo_uso_imovel":"Não residencial","cd_tipo_terreno_imovel":1,"qt_area_terreno":68,"qt_area_construida":160}}},{"type":"Feature","geometry":{"type":"Polygon","coordinates":[[[-46.616883,-23.413132],[-46.616866,-23.413091],[-46.616862,-23.413081],[-46.616892,-23.413066],[-46.616901,-23.41306],[-46.616974,-23.413028],[-46.61702,-23.413005],[-46.617026,-23.413003],[-46.617047,-23.412996],[-46.617073,-23.413041],[-46.617027,-23.413063],[-46.616883,-23.413132]]]},"properties":{"sqlu":"SP-004-151708","inscription":"SP-GEOSAMPA-2151708","inscricaoImobiliaria":"SP-IMO-2151708","setor":"004","quadra":"050","lote":"0089","sourceType":"OFFICIAL_IMPORT","mainAddress":"Setor Fiscal 004","zoneamento":"RESIDENCIAL","statusCadastral":"ATIVO","workflowStatus":"PENDENTE","isOfficial":true,"rawProperties":{"cd_identificador":2151708,"cd_identificador_original_lote":8920013,"cd_setor_fiscal":"004","cd_tipo_quadra":"F","tx_tipo_quadra":"FISCAL","cd_quadra_fiscal":"050","cd_subquadra_fiscal":null,"cd_condominio":"00","cd_tipo_lote":"F","tx_tipo_lote":"FISCAL","cd_lote":"0089","cd_situacao":1,"cd_digito_sql":"8","cd_logradouro":"098310","nm_logradouro_completo":"R BR DE JAGUARA","cd_numero_porta":"702","tx_complemento_endereco":null,"tx_situ_lote":"ATIVO","cd_tipo_uso_imovel":"10","dc_tipo_uso_imovel":"Residencial","cd_tipo_terreno_imovel":1,"qt_area_terreno":126,"qt_area_construida":112}}},{"type":"Feature","geometry":{"type":"Polygon","coordinates":[[[-46.617239,-23.414331],[-46.617267,-23.414398],[-46.617172,-23.41443],[-46.61716,-23.414434],[-46.617153,-23.414437],[-46.617134,-23.414443],[-46.617097,-23.414456],[-46.617084,-23.41446],[-46.617058,-23.414469],[-46.617049,-23.414449],[-46.617046,-23.414441],[-46.617032,-23.414407],[-46.617239,-23.414331]]]},"properties":{"sqlu":"SP-004-151613","inscription":"SP-GEOSAMPA-2151613","inscricaoImobiliaria":"SP-IMO-2151613","setor":"004","quadra":"064","lote":"0080","sourceType":"OFFICIAL_IMPORT","mainAddress":"Setor Fiscal 004","zoneamento":"RESIDENCIAL","statusCadastral":"ATIVO","workflowStatus":"PENDENTE","isOfficial":true,"rawProperties":{"cd_identificador":2151613,"cd_identificador_original_lote":8918861,"cd_setor_fiscal":"004","cd_tipo_quadra":"F","tx_tipo_quadra":"FISCAL","cd_quadra_fiscal":"064","cd_subquadra_fiscal":null,"cd_condominio":"00","cd_tipo_lote":"F","tx_tipo_lote":"FISCAL","cd_lote":"0080","cd_situacao":1,"cd_digito_sql":"6","cd_logradouro":"098310","nm_logradouro_completo":"R BR DE JAGUARA","cd_numero_porta":"849","tx_complemento_endereco":null,"tx_situ_lote":"ATIVO","cd_tipo_uso_imovel":"10","dc_tipo_uso_imovel":"Residencial","cd_tipo_terreno_imovel":1,"qt_area_terreno":204,"qt_area_construida":150}}},{"type":"Feature","geometry":{"type":"Polygon","coordinates":[[[-46.623559,-23.414249],[-46.623585,-23.414302],[-46.623582,-23.414303],[-46.623574,-23.414306],[-46.623429,-23.414355],[-46.623418,-23.414321],[-46.623432,-23.414293],[-46.623559,-23.414249]]]},"properties":{"sqlu":"SP-004-817624","inscription":"SP-GEOSAMPA-6817624","inscricaoImobiliaria":"SP-IMO-6817624","setor":"004","quadra":"052","lote":"0081","sourceType":"OFFICIAL_IMPORT","mainAddress":"Setor Fiscal 004","zoneamento":"RESIDENCIAL","statusCadastral":"ATIVO","workflowStatus":"PENDENTE","isOfficial":true,"rawProperties":{"cd_identificador":6817624,"cd_identificador_original_lote":10677105,"cd_setor_fiscal":"004","cd_tipo_quadra":"F","tx_tipo_quadra":"FISCAL","cd_quadra_fiscal":"052","cd_subquadra_fiscal":null,"cd_condominio":"00","cd_tipo_lote":"F","tx_tipo_lote":"FISCAL","cd_lote":"0081","cd_situacao":1,"cd_digito_sql":"1","cd_logradouro":"187801","nm_logradouro_completo":"R TEIXEIRA MENDES","cd_numero_porta":"167","tx_complemento_endereco":null,"tx_situ_lote":"ATIVO","cd_tipo_uso_imovel":"64","dc_tipo_uso_imovel":"Não residencial","cd_tipo_terreno_imovel":2,"qt_area_terreno":106,"qt_area_construida":160}}},{"type":"Feature","geometry":{"type":"Polygon","coordinates":[[[-46.616883,-23.413132],[-46.617027,-23.413063],[-46.617073,-23.413041],[-46.61711,-23.413024],[-46.617129,-23.413069],[-46.617071,-23.413096],[-46.6169,-23.413175],[-46.616897,-23.413167],[-46.616883,-23.413132]]]},"properties":{"sqlu":"SP-004-151707","inscription":"SP-GEOSAMPA-2151707","inscricaoImobiliaria":"SP-IMO-2151707","setor":"004","quadra":"050","lote":"0088","sourceType":"OFFICIAL_IMPORT","mainAddress":"Setor Fiscal 004","zoneamento":"RESIDENCIAL","statusCadastral":"ATIVO","workflowStatus":"PENDENTE","isOfficial":true,"rawProperties":{"cd_identificador":2151707,"cd_identificador_original_lote":8920012,"cd_setor_fiscal":"004","cd_tipo_quadra":"F","tx_tipo_quadra":"FISCAL","cd_quadra_fiscal":"050","cd_subquadra_fiscal":null,"cd_condominio":"00","cd_tipo_lote":"F","tx_tipo_lote":"FISCAL","cd_lote":"0088","cd_situacao":1,"cd_digito_sql":"1","cd_logradouro":"098310","nm_logradouro_completo":"R BR DE JAGUARA","cd_numero_porta":"708","tx_complemento_endereco":"E 712","tx_situ_lote":"ATIVO","cd_tipo_uso_imovel":"12","dc_tipo_uso_imovel":"Residencial","cd_tipo_terreno_imovel":1,"qt_area_terreno":139,"qt_area_construida":120}}},{"type":"Feature","geometry":{"type":"Polygon","coordinates":[[[-46.618878,-23.412415],[-46.618897,-23.412464],[-46.618702,-23.412526],[-46.618682,-23.412477],[-46.618878,-23.412415]]]},"properties":{"sqlu":"SP-004-151793","inscription":"SP-GEOSAMPA-2151793","inscricaoImobiliaria":"SP-IMO-2151793","setor":"004","quadra":"049","lote":"0004","sourceType":"OFFICIAL_IMPORT","mainAddress":"Setor Fiscal 004","zoneamento":"RESIDENCIAL","statusCadastral":"ATIVO","workflowStatus":"PENDENTE","isOfficial":true,"rawProperties":{"cd_identificador":2151793,"cd_identificador_original_lote":8920242,"cd_setor_fiscal":"004","cd_tipo_quadra":"F","tx_tipo_quadra":"FISCAL","cd_quadra_fiscal":"049","cd_subquadra_fiscal":null,"cd_condominio":"00","cd_tipo_lote":"F","tx_tipo_lote":"FISCAL","cd_lote":"0004","cd_situacao":1,"cd_digito_sql":"6","cd_logradouro":"006378","nm_logradouro_completo":"R ALEXANDRE LEVI","cd_numero_porta":"121","tx_complemento_endereco":null,"tx_situ_lote":"ATIVO","cd_tipo_uso_imovel":"40","dc_tipo_uso_imovel":"Não residencial","cd_tipo_terreno_imovel":1,"qt_area_terreno":109,"qt_area_construida":350}}},{"type":"Feature","geometry":{"type":"Polygon","coordinates":[[[-46.618878,-23.412415],[-46.618682,-23.412477],[-46.618664,-23.412429],[-46.618861,-23.412369],[-46.618878,-23.412415]]]},"properties":{"sqlu":"SP-004-151794","inscription":"SP-GEOSAMPA-2151794","inscricaoImobiliaria":"SP-IMO-2151794","setor":"004","quadra":"049","lote":"0003","sourceType":"OFFICIAL_IMPORT","mainAddress":"Setor Fiscal 004","zoneamento":"RESIDENCIAL","statusCadastral":"ATIVO","workflowStatus":"PENDENTE","isOfficial":true,"rawProperties":{"cd_identificador":2151794,"cd_identificador_original_lote":8920243,"cd_setor_fiscal":"004","cd_tipo_quadra":"F","tx_tipo_quadra":"FISCAL","cd_quadra_fiscal":"049","cd_subquadra_fiscal":null,"cd_condominio":"00","cd_tipo_lote":"F","tx_tipo_lote":"FISCAL","cd_lote":"0003","cd_situacao":1,"cd_digito_sql":"8","cd_logradouro":"006378","nm_logradouro_completo":"R ALEXANDRE LEVI","cd_numero_porta":"113","tx_complemento_endereco":"115","tx_situ_lote":"ATIVO","cd_tipo_uso_imovel":"42","dc_tipo_uso_imovel":"Não residencial","cd_tipo_terreno_imovel":1,"qt_area_terreno":138,"qt_area_construida":200}}},{"type":"Feature","geometry":{"type":"Polygon","coordinates":[[[-46.617144,-23.4141],[-46.617157,-23.414133],[-46.616925,-23.414218],[-46.616911,-23.414186],[-46.616952,-23.41417],[-46.616992,-23.414156],[-46.617144,-23.4141]]]},"properties":{"sqlu":"SP-004-151824","inscription":"SP-GEOSAMPA-2151824","inscricaoImobiliaria":"SP-IMO-2151824","setor":"004","quadra":"064","lote":"0076","sourceType":"OFFICIAL_IMPORT","mainAddress":"Setor Fiscal 004","zoneamento":"RESIDENCIAL","statusCadastral":"ATIVO","workflowStatus":"PENDENTE","isOfficial":true,"rawProperties":{"cd_identificador":2151824,"cd_identificador_original_lote":8918903,"cd_setor_fiscal":"004","cd_tipo_quadra":"F","tx_tipo_quadra":"FISCAL","cd_quadra_fiscal":"064","cd_subquadra_fiscal":null,"cd_condominio":"00","cd_tipo_lote":"F","tx_tipo_lote":"FISCAL","cd_lote":"0076","cd_situacao":1,"cd_digito_sql":"8","cd_logradouro":"098310","nm_logradouro_completo":"R BR DE JAGUARA","cd_numero_porta":"821","tx_complemento_endereco":"E 819","tx_situ_lote":"ATIVO","cd_tipo_uso_imovel":"42","dc_tipo_uso_imovel":"Não residencial","cd_tipo_terreno_imovel":1,"qt_area_terreno":100,"qt_area_construida":200}}},{"type":"Feature","geometry":{"type":"Polygon","coordinates":[[[-46.619195,-23.409013],[-46.619196,-23.409031],[-46.619197,-23.409053],[-46.619158,-23.409061],[-46.619089,-23.409066],[-46.619058,-23.409067],[-46.619057,-23.409055],[-46.619055,-23.40902],[-46.619195,-23.409013]]]},"properties":{"sqlu":"SP-004-151927","inscription":"SP-GEOSAMPA-2151927","inscricaoImobiliaria":"SP-IMO-2151927","setor":"004","quadra":"006","lote":"0056","sourceType":"OFFICIAL_IMPORT","mainAddress":"Setor Fiscal 004","zoneamento":"RESIDENCIAL","statusCadastral":"ATIVO","workflowStatus":"PENDENTE","isOfficial":true,"rawProperties":{"cd_identificador":2151927,"cd_identificador_original_lote":8918540,"cd_setor_fiscal":"004","cd_tipo_quadra":"F","tx_tipo_quadra":"FISCAL","cd_quadra_fiscal":"006","cd_subquadra_fiscal":null,"cd_condominio":"00","cd_tipo_lote":"F","tx_tipo_lote":"FISCAL","cd_lote":"0056","cd_situacao":1,"cd_digito_sql":"0","cd_logradouro":"049549","nm_logradouro_completo":"R CEL CINTRA","cd_numero_porta":"146","tx_complemento_endereco":null,"tx_situ_lote":"ATIVO","cd_tipo_uso_imovel":"10","dc_tipo_uso_imovel":"Residencial","cd_tipo_terreno_imovel":1,"qt_area_terreno":70,"qt_area_construida":60}}},{"type":"Feature","geometry":{"type":"Polygon","coordinates":[[[-46.620626,-23.415142],[-46.620599,-23.415078],[-46.620583,-23.41504],[-46.620611,-23.41504],[-46.62061,-23.414995],[-46.620648,-23.414995],[-46.6207,-23.415115],[-46.620626,-23.415142]]]},"properties":{"sqlu":"SP-004-151765","inscription":"SP-GEOSAMPA-2151765","inscricaoImobiliaria":"SP-IMO-2151765","setor":"004","quadra":"061","lote":"0022","sourceType":"OFFICIAL_IMPORT","mainAddress":"Setor Fiscal 004","zoneamento":"RESIDENCIAL","statusCadastral":"ATIVO","workflowStatus":"PENDENTE","isOfficial":true,"rawProperties":{"cd_identificador":2151765,"cd_identificador_original_lote":8919460,"cd_setor_fiscal":"004","cd_tipo_quadra":"F","tx_tipo_quadra":"FISCAL","cd_quadra_fiscal":"061","cd_subquadra_fiscal":null,"cd_condominio":"00","cd_tipo_lote":"F","tx_tipo_lote":"FISCAL","cd_lote":"0022","cd_situacao":1,"cd_digito_sql":"5","cd_logradouro":"048291","nm_logradouro_completo":"R CESARIO RAMALHO","cd_numero_porta":"355","tx_complemento_endereco":null,"tx_situ_lote":"ATIVO","cd_tipo_uso_imovel":"10","dc_tipo_uso_imovel":"Residencial","cd_tipo_terreno_imovel":1,"qt_area_terreno":135,"qt_area_construida":139}}},{"type":"Feature","geometry":{"type":"Polygon","coordinates":[[[-46.620626,-23.415142],[-46.620553,-23.415169],[-46.620526,-23.415106],[-46.620501,-23.415047],[-46.620543,-23.415042],[-46.62056,-23.41504],[-46.620583,-23.41504],[-46.620599,-23.415078],[-46.620626,-23.415142]]]},"properties":{"sqlu":"SP-004-151766","inscription":"SP-GEOSAMPA-2151766","inscricaoImobiliaria":"SP-IMO-2151766","setor":"004","quadra":"061","lote":"0023","sourceType":"OFFICIAL_IMPORT","mainAddress":"Setor Fiscal 004","zoneamento":"RESIDENCIAL","statusCadastral":"ATIVO","workflowStatus":"PENDENTE","isOfficial":true,"rawProperties":{"cd_identificador":2151766,"cd_identificador_original_lote":8919549,"cd_setor_fiscal":"004","cd_tipo_quadra":"F","tx_tipo_quadra":"FISCAL","cd_quadra_fiscal":"061","cd_subquadra_fiscal":null,"cd_condominio":"00","cd_tipo_lote":"F","tx_tipo_lote":"FISCAL","cd_lote":"0023","cd_situacao":1,"cd_digito_sql":"3","cd_logradouro":"048291","nm_logradouro_completo":"R CESARIO RAMALHO","cd_numero_porta":"361","tx_complemento_endereco":null,"tx_situ_lote":"ATIVO","cd_tipo_uso_imovel":"10","dc_tipo_uso_imovel":"Residencial","cd_tipo_terreno_imovel":1,"qt_area_terreno":117,"qt_area_construida":120}}},{"type":"Feature","geometry":{"type":"Polygon","coordinates":[[[-46.618441,-23.408019],[-46.618482,-23.408427],[-46.618376,-23.408432],[-46.618367,-23.408347],[-46.618358,-23.408266],[-46.618355,-23.408234],[-46.618339,-23.408077],[-46.618335,-23.408045],[-46.618331,-23.407996],[-46.618317,-23.407826],[-46.618419,-23.407821],[-46.618424,-23.407863],[-46.618432,-23.407932],[-46.618441,-23.408019]]]},"properties":{"sqlu":"SP-004-822284","inscription":"SP-GEOSAMPA-6822284","inscricaoImobiliaria":"SP-IMO-6822284","setor":"004","quadra":"007","lote":"0120","sourceType":"OFFICIAL_IMPORT","mainAddress":"Setor Fiscal 004","zoneamento":"RESIDENCIAL","statusCadastral":"ATIVO","workflowStatus":"PENDENTE","isOfficial":true,"rawProperties":{"cd_identificador":6822284,"cd_identificador_original_lote":10680355,"cd_setor_fiscal":"004","cd_tipo_quadra":"F","tx_tipo_quadra":"FISCAL","cd_quadra_fiscal":"007","cd_subquadra_fiscal":null,"cd_condominio":"00","cd_tipo_lote":"F","tx_tipo_lote":"FISCAL","cd_lote":"0120","cd_situacao":1,"cd_digito_sql":"0","cd_logradouro":"142131","nm_logradouro_completo":"R DA MOOCA","cd_numero_porta":"562","tx_complemento_endereco":null,"tx_situ_lote":"ATIVO","cd_tipo_uso_imovel":"42","dc_tipo_uso_imovel":"Não residencial","cd_tipo_terreno_imovel":1,"qt_area_terreno":748,"qt_area_construida":917}}},{"type":"Feature","geometry":{"type":"Polygon","coordinates":[[[-46.618579,-23.408152],[-46.618582,-23.408203],[-46.618583,-23.408218],[-46.618585,-23.408258],[-46.618589,-23.408313],[-46.618596,-23.408421],[-46.618482,-23.408427],[-46.618441,-23.408019],[-46.618497,-23.408016],[-46.618536,-23.408014],[-46.618554,-23.408013],[-46.61855,-23.407968],[-46.618539,-23.407814],[-46.618557,-23.407813],[-46.618566,-23.407952],[-46.618571,-23.408037],[-46.618573,-23.40806],[-46.618574,-23.40807],[-46.618579,-23.408152]]]},"properties":{"sqlu":"SP-004-822315","inscription":"SP-GEOSAMPA-6822315","inscricaoImobiliaria":"SP-IMO-6822315","setor":"004","quadra":"007","lote":"0121","sourceType":"OFFICIAL_IMPORT","mainAddress":"Setor Fiscal 004","zoneamento":"RESIDENCIAL","statusCadastral":"ATIVO","workflowStatus":"PENDENTE","isOfficial":true,"rawProperties":{"cd_identificador":6822315,"cd_identificador_original_lote":10680356,"cd_setor_fiscal":"004","cd_tipo_quadra":"F","tx_tipo_quadra":"FISCAL","cd_quadra_fiscal":"007","cd_subquadra_fiscal":null,"cd_condominio":"00","cd_tipo_lote":"F","tx_tipo_lote":"FISCAL","cd_lote":"0121","cd_situacao":1,"cd_digito_sql":"9","cd_logradouro":"142131","nm_logradouro_completo":"R DA MOOCA","cd_numero_porta":"544","tx_complemento_endereco":null,"tx_situ_lote":"ATIVO","cd_tipo_uso_imovel":"00","dc_tipo_uso_imovel":"Terreno","cd_tipo_terreno_imovel":6,"qt_area_terreno":613,"qt_area_construida":0}}},{"type":"Feature","geometry":{"type":"Polygon","coordinates":[[[-46.618582,-23.408203],[-46.618579,-23.408152],[-46.618876,-23.408139],[-46.61888,-23.408191],[-46.618582,-23.408203]]]},"properties":{"sqlu":"SP-004-822400","inscription":"SP-GEOSAMPA-6822400","inscricaoImobiliaria":"SP-IMO-6822400","setor":"004","quadra":"007","lote":"0122","sourceType":"OFFICIAL_IMPORT","mainAddress":"Setor Fiscal 004","zoneamento":"RESIDENCIAL","statusCadastral":"ATIVO","workflowStatus":"PENDENTE","isOfficial":true,"rawProperties":{"cd_identificador":6822400,"cd_identificador_original_lote":10680354,"cd_setor_fiscal":"004","cd_tipo_quadra":"F","tx_tipo_quadra":"FISCAL","cd_quadra_fiscal":"007","cd_subquadra_fiscal":null,"cd_condominio":"00","cd_tipo_lote":"F","tx_tipo_lote":"FISCAL","cd_lote":"0122","cd_situacao":1,"cd_digito_sql":"7","cd_logradouro":"049549","nm_logradouro_completo":"R CEL CINTRA","cd_numero_porta":"45","tx_complemento_endereco":null,"tx_situ_lote":"ATIVO","cd_tipo_uso_imovel":"22","dc_tipo_uso_imovel":"Residencial","cd_tipo_terreno_imovel":1,"qt_area_terreno":177,"qt_area_construida":750}}},{"type":"Feature","geometry":{"type":"Polygon","coordinates":[[[-46.617487,-23.412497],[-46.617467,-23.412503],[-46.617416,-23.412515],[-46.617247,-23.412559],[-46.617222,-23.4125],[-46.617369,-23.412464],[-46.617464,-23.41244],[-46.617487,-23.412497]]]},"properties":{"sqlu":"SP-004-151865","inscription":"SP-GEOSAMPA-2151865","inscricaoImobiliaria":"SP-IMO-2151865","setor":"004","quadra":"050","lote":"0045","sourceType":"OFFICIAL_IMPORT","mainAddress":"Setor Fiscal 004","zoneamento":"RESIDENCIAL","statusCadastral":"ATIVO","workflowStatus":"PENDENTE","isOfficial":true,"rawProperties":{"cd_identificador":2151865,"cd_identificador_original_lote":8920237,"cd_setor_fiscal":"004","cd_tipo_quadra":"F","tx_tipo_quadra":"FISCAL","cd_quadra_fiscal":"050","cd_subquadra_fiscal":null,"cd_condominio":"00","cd_tipo_lote":"F","tx_tipo_lote":"FISCAL","cd_lote":"0045","cd_situacao":1,"cd_digito_sql":"6","cd_logradouro":"163074","nm_logradouro_completo":"R PIQUEROBI","cd_numero_porta":"137","tx_complemento_endereco":null,"tx_situ_lote":"ATIVO","cd_tipo_uso_imovel":"60","dc_tipo_uso_imovel":"Não residencial","cd_tipo_terreno_imovel":1,"qt_area_terreno":182,"qt_area_construida":182}}},{"type":"Feature","geometry":{"type":"Polygon","coordinates":[[[-46.620264,-23.414343],[-46.620262,-23.414354],[-46.620256,-23.414415],[-46.61989,-23.414415],[-46.619883,-23.414346],[-46.619901,-23.414345],[-46.619938,-23.414345],[-46.61996,-23.414345],[-46.620022,-23.414344],[-46.620264,-23.414343]]]},"properties":{"sqlu":"SP-004-152058","inscription":"SP-GEOSAMPA-2152058","inscricaoImobiliaria":"SP-IMO-2152058","setor":"004","quadra":"062","lote":"0059","sourceType":"OFFICIAL_IMPORT","mainAddress":"Setor Fiscal 004","zoneamento":"RESIDENCIAL","statusCadastral":"ATIVO","workflowStatus":"PENDENTE","isOfficial":true,"rawProperties":{"cd_identificador":2152058,"cd_identificador_original_lote":8919188,"cd_setor_fiscal":"004","cd_tipo_quadra":"F","tx_tipo_quadra":"FISCAL","cd_quadra_fiscal":"062","cd_subquadra_fiscal":null,"cd_condominio":"00","cd_tipo_lote":"F","tx_tipo_lote":"FISCAL","cd_lote":"0059","cd_situacao":1,"cd_digito_sql":"9","cd_logradouro":"122386","nm_logradouro_completo":"R LUIS GAMA","cd_numero_porta":"755","tx_complemento_endereco":null,"tx_situ_lote":"ATIVO","cd_tipo_uso_imovel":"42","dc_tipo_uso_imovel":"Não residencial","cd_tipo_terreno_imovel":1,"qt_area_terreno":292,"qt_area_construida":480}}},{"type":"Feature","geometry":{"type":"Polygon","coordinates":[[[-46.623811,-23.414317],[-46.623826,-23.414312],[-46.623885,-23.414292],[-46.623902,-23.414379],[-46.623915,-23.414446],[-46.623858,-23.414461],[-46.623853,-23.414445],[-46.623828,-23.414371],[-46.62382,-23.414345],[-46.623811,-23.414317]]]},"properties":{"sqlu":"SP-004-822632","inscription":"SP-GEOSAMPA-6822632","inscricaoImobiliaria":"SP-IMO-6822632","setor":"004","quadra":"052","lote":"0051","sourceType":"OFFICIAL_IMPORT","mainAddress":"Setor Fiscal 004","zoneamento":"RESIDENCIAL","statusCadastral":"ATIVO","workflowStatus":"PENDENTE","isOfficial":true,"rawProperties":{"cd_identificador":6822632,"cd_identificador_original_lote":10680359,"cd_setor_fiscal":"004","cd_tipo_quadra":"F","tx_tipo_quadra":"FISCAL","cd_quadra_fiscal":"052","cd_subquadra_fiscal":null,"cd_condominio":"00","cd_tipo_lote":"F","tx_tipo_lote":"FISCAL","cd_lote":"0051","cd_situacao":1,"cd_digito_sql":"1","cd_logradouro":"187801","nm_logradouro_completo":"R TEIXEIRA MENDES","cd_numero_porta":"139","tx_complemento_endereco":"CS 10","tx_situ_lote":"ATIVO","cd_tipo_uso_imovel":"12","dc_tipo_uso_imovel":"Residencial","cd_tipo_terreno_imovel":4,"qt_area_terreno":60,"qt_area_construida":120}}},{"type":"Feature","geometry":{"type":"Polygon","coordinates":[[[-46.616849,-23.407908],[-46.616906,-23.407903],[-46.616932,-23.408257],[-46.616938,-23.408331],[-46.616943,-23.408408],[-46.616949,-23.40848],[-46.616913,-23.408482],[-46.616892,-23.408484],[-46.616849,-23.407908]]]},"properties":{"sqlu":"SP-004-822677","inscription":"SP-GEOSAMPA-6822677","inscricaoImobiliaria":"SP-IMO-6822677","setor":"004","quadra":"008","lote":"0070","sourceType":"OFFICIAL_IMPORT","mainAddress":"Setor Fiscal 004","zoneamento":"RESIDENCIAL","statusCadastral":"ATIVO","workflowStatus":"PENDENTE","isOfficial":true,"rawProperties":{"cd_identificador":6822677,"cd_identificador_original_lote":10680358,"cd_setor_fiscal":"004","cd_tipo_quadra":"F","tx_tipo_quadra":"FISCAL","cd_quadra_fiscal":"008","cd_subquadra_fiscal":null,"cd_condominio":"00","cd_tipo_lote":"F","tx_tipo_lote":"FISCAL","cd_lote":"0070","cd_situacao":1,"cd_digito_sql":"5","cd_logradouro":"142131","nm_logradouro_completo":"R DA MOOCA","cd_numero_porta":"714","tx_complemento_endereco":"E 716","tx_situ_lote":"ATIVO","cd_tipo_uso_imovel":"71","dc_tipo_uso_imovel":"Não residencial","cd_tipo_terreno_imovel":1,"qt_area_terreno":408,"qt_area_construida":408}}},{"type":"Feature","geometry":{"type":"Polygon","coordinates":[[[-46.619139,-23.408822],[-46.619142,-23.40887],[-46.619044,-23.408874],[-46.619041,-23.408826],[-46.619139,-23.408822]]]},"properties":{"sqlu":"SP-004-152073","inscription":"SP-GEOSAMPA-2152073","inscricaoImobiliaria":"SP-IMO-2152073","setor":"004","quadra":"006","lote":"0052","sourceType":"OFFICIAL_IMPORT","mainAddress":"Setor Fiscal 004","zoneamento":"RESIDENCIAL","statusCadastral":"ATIVO","workflowStatus":"PENDENTE","isOfficial":true,"rawProperties":{"cd_identificador":2152073,"cd_identificador_original_lote":8918544,"cd_setor_fiscal":"004","cd_tipo_quadra":"F","tx_tipo_quadra":"FISCAL","cd_quadra_fiscal":"006","cd_subquadra_fiscal":null,"cd_condominio":"00","cd_tipo_lote":"F","tx_tipo_lote":"FISCAL","cd_lote":"0052","cd_situacao":1,"cd_digito_sql":"8","cd_logradouro":"049549","nm_logradouro_completo":"R CEL CINTRA","cd_numero_porta":"126","tx_complemento_endereco":null,"tx_situ_lote":"ATIVO","cd_tipo_uso_imovel":"10","dc_tipo_uso_imovel":"Residencial","cd_tipo_terreno_imovel":1,"qt_area_terreno":70,"qt_area_construida":50}}},{"type":"Feature","geometry":{"type":"Polygon","coordinates":[[[-46.617406,-23.416042],[-46.617428,-23.416086],[-46.617376,-23.416108],[-46.61737,-23.41611],[-46.617263,-23.416154],[-46.617229,-23.416168],[-46.617132,-23.416208],[-46.617098,-23.416223],[-46.61707,-23.416166],[-46.617105,-23.416152],[-46.6174,-23.41603],[-46.617406,-23.416042]]]},"properties":{"sqlu":"SP-004-152075","inscription":"SP-GEOSAMPA-2152075","inscricaoImobiliaria":"SP-IMO-2152075","setor":"004","quadra":"069","lote":"0009","sourceType":"OFFICIAL_IMPORT","mainAddress":"Setor Fiscal 004","zoneamento":"RESIDENCIAL","statusCadastral":"ATIVO","workflowStatus":"PENDENTE","isOfficial":true,"rawProperties":{"cd_identificador":2152075,"cd_identificador_original_lote":8918872,"cd_setor_fiscal":"004","cd_tipo_quadra":"F","tx_tipo_quadra":"FISCAL","cd_quadra_fiscal":"069","cd_subquadra_fiscal":null,"cd_condominio":"00","cd_tipo_lote":"F","tx_tipo_lote":"FISCAL","cd_lote":"0009","cd_situacao":1,"cd_digito_sql":"4","cd_logradouro":"184845","nm_logradouro_completo":"R ESTEFANO","cd_numero_porta":"164","tx_complemento_endereco":null,"tx_situ_lote":"ATIVO","cd_tipo_uso_imovel":"42","dc_tipo_uso_imovel":"Não residencial","cd_tipo_terreno_imovel":1,"qt_area_terreno":189,"qt_area_construida":346}}},{"type":"Feature","geometry":{"type":"Polygon","coordinates":[[[-46.616849,-23.407908],[-46.616892,-23.408484],[-46.616815,-23.408489],[-46.616741,-23.408495],[-46.616739,-23.408495],[-46.616673,-23.4085],[-46.616654,-23.408501],[-46.616652,-23.408472],[-46.61664,-23.408302],[-46.616635,-23.40823],[-46.61669,-23.408228],[-46.616689,-23.408204],[-46.616668,-23.407923],[-46.616849,-23.407908]]]},"properties":{"sqlu":"SP-004-822676","inscription":"SP-GEOSAMPA-6822676","inscricaoImobiliaria":"SP-IMO-6822676","setor":"004","quadra":"008","lote":"0127","sourceType":"OFFICIAL_IMPORT","mainAddress":"Setor Fiscal 004","zoneamento":"RESIDENCIAL","statusCadastral":"ATIVO","workflowStatus":"PENDENTE","isOfficial":true,"rawProperties":{"cd_identificador":6822676,"cd_identificador_original_lote":10680357,"cd_setor_fiscal":"004","cd_tipo_quadra":"F","tx_tipo_quadra":"FISCAL","cd_quadra_fiscal":"008","cd_subquadra_fiscal":null,"cd_condominio":"00","cd_tipo_lote":"F","tx_tipo_lote":"FISCAL","cd_lote":"0127","cd_situacao":1,"cd_digito_sql":"2","cd_logradouro":"142131","nm_logradouro_completo":"R DA MOOCA","cd_numero_porta":"722","tx_complemento_endereco":"726 730","tx_situ_lote":"ATIVO","cd_tipo_uso_imovel":"51","dc_tipo_uso_imovel":"Não residencial","cd_tipo_terreno_imovel":1,"qt_area_terreno":1359,"qt_area_construida":733}}},{"type":"Feature","geometry":{"type":"Polygon","coordinates":[[[-46.618359,-23.416733],[-46.618335,-23.416674],[-46.618567,-23.416596],[-46.618651,-23.416568],[-46.618684,-23.416556],[-46.61871,-23.416613],[-46.618933,-23.417094],[-46.618907,-23.417111],[-46.618858,-23.417137],[-46.618791,-23.417173],[-46.618707,-23.417219],[-46.618658,-23.417145],[-46.618648,-23.41713],[-46.618598,-23.417055],[-46.618591,-23.417045],[-46.618528,-23.416951],[-46.618457,-23.416974],[-46.618359,-23.416733]]]},"properties":{"sqlu":"SP-004-822562","inscription":"SP-GEOSAMPA-6822562","inscricaoImobiliaria":"SP-IMO-6822562","setor":"004","quadra":"068","lote":"0093","sourceType":"OFFICIAL_IMPORT","mainAddress":"Setor Fiscal 004","zoneamento":"RESIDENCIAL","statusCadastral":"ATIVO","workflowStatus":"PENDENTE","isOfficial":true,"rawProperties":{"cd_identificador":6822562,"cd_identificador_original_lote":10680361,"cd_setor_fiscal":"004","cd_tipo_quadra":"F","tx_tipo_quadra":"FISCAL","cd_quadra_fiscal":"068","cd_subquadra_fiscal":null,"cd_condominio":"00","cd_tipo_lote":"F","tx_tipo_lote":"FISCAL","cd_lote":"0093","cd_situacao":1,"cd_digito_sql":"6","cd_logradouro":"039616","nm_logradouro_completo":"LG DO CAMBUCI","cd_numero_porta":"167","tx_complemento_endereco":null,"tx_situ_lote":"ATIVO","cd_tipo_uso_imovel":"40","dc_tipo_uso_imovel":"Não residencial","cd_tipo_terreno_imovel":3,"qt_area_terreno":2342,"qt_area_construida":2705}}},{"type":"Feature","geometry":{"type":"Polygon","coordinates":[[[-46.61561,-23.41353],[-46.615644,-23.413595],[-46.615656,-23.413616],[-46.615691,-23.413683],[-46.615712,-23.413723],[-46.615666,-23.413744],[-46.615618,-23.413765],[-46.615519,-23.413573],[-46.615539,-23.413563],[-46.61561,-23.41353]]]},"properties":{"sqlu":"SP-004-152146","inscription":"SP-GEOSAMPA-2152146","inscricaoImobiliaria":"SP-IMO-2152146","setor":"004","quadra":"059","lote":"0000","sourceType":"OFFICIAL_IMPORT","mainAddress":"Setor Fiscal 004","zoneamento":"RESIDENCIAL","statusCadastral":"ATIVO","workflowStatus":"PENDENTE","isOfficial":true,"rawProperties":{"cd_identificador":2152146,"cd_identificador_original_lote":8919678,"cd_setor_fiscal":"004","cd_tipo_quadra":"F","tx_tipo_quadra":"FISCAL","cd_quadra_fiscal":"059","cd_subquadra_fiscal":null,"cd_condominio":"04","cd_tipo_lote":"F","tx_tipo_lote":"FISCAL","cd_lote":"0000","cd_situacao":1,"cd_digito_sql":null,"cd_logradouro":"161713","nm_logradouro_completo":"R DOS PESCADORES","cd_numero_porta":"134 142","tx_complemento_endereco":null,"tx_situ_lote":null,"cd_tipo_uso_imovel":"XX","dc_tipo_uso_imovel":"Condomínio","cd_tipo_terreno_imovel":99,"qt_area_terreno":275,"qt_area_construida":null}}},{"type":"Feature","geometry":{"type":"Polygon","coordinates":[[[-46.623809,-23.4155],[-46.623791,-23.415443],[-46.623926,-23.415405],[-46.623953,-23.415397],[-46.62396,-23.415395],[-46.623979,-23.415389],[-46.623994,-23.415442],[-46.623968,-23.415448],[-46.623944,-23.415455],[-46.623946,-23.415463],[-46.623907,-23.415474],[-46.623809,-23.4155]]]},"properties":{"sqlu":"SP-004-152135","inscription":"SP-GEOSAMPA-2152135","inscricaoImobiliaria":"SP-IMO-2152135","setor":"004","quadra":"052","lote":"0033","sourceType":"OFFICIAL_IMPORT","mainAddress":"Setor Fiscal 004","zoneamento":"RESIDENCIAL","statusCadastral":"ATIVO","workflowStatus":"PENDENTE","isOfficial":true,"rawProperties":{"cd_identificador":2152135,"cd_identificador_original_lote":8918910,"cd_setor_fiscal":"004","cd_tipo_quadra":"F","tx_tipo_quadra":"FISCAL","cd_quadra_fiscal":"052","cd_subquadra_fiscal":null,"cd_condominio":"00","cd_tipo_lote":"F","tx_tipo_lote":"FISCAL","cd_lote":"0033","cd_situacao":1,"cd_digito_sql":"1","cd_logradouro":"187801","nm_logradouro_completo":"R TEIXEIRA MENDES","cd_numero_porta":"33","tx_complemento_endereco":null,"tx_situ_lote":"ATIVO","cd_tipo_uso_imovel":"10","dc_tipo_uso_imovel":"Residencial","cd_tipo_terreno_imovel":1,"qt_area_terreno":122,"qt_area_construida":180}}},{"type":"Feature","geometry":{"type":"Polygon","coordinates":[[[-46.619693,-23.415967],[-46.619715,-23.415957],[-46.619874,-23.415889],[-46.619855,-23.41585],[-46.619857,-23.41585],[-46.619835,-23.415806],[-46.619861,-23.415808],[-46.619894,-23.415811],[-46.619959,-23.415817],[-46.619978,-23.415819],[-46.620004,-23.415821],[-46.620096,-23.415829],[-46.620086,-23.415913],[-46.619951,-23.415965],[-46.619906,-23.415984],[-46.619822,-23.416018],[-46.619818,-23.416019],[-46.619805,-23.416024],[-46.619758,-23.416047],[-46.619735,-23.416058],[-46.619718,-23.416021],[-46.619693,-23.415967]]]},"properties":{"sqlu":"SP-004-152250","inscription":"SP-GEOSAMPA-2152250","inscricaoImobiliaria":"SP-IMO-2152250","setor":"004","quadra":"068","lote":"0000","sourceType":"OFFICIAL_IMPORT","mainAddress":"Setor Fiscal 004","zoneamento":"RESIDENCIAL","statusCadastral":"ATIVO","workflowStatus":"PENDENTE","isOfficial":true,"rawProperties":{"cd_identificador":2152250,"cd_identificador_original_lote":8918727,"cd_setor_fiscal":"004","cd_tipo_quadra":"F","tx_tipo_quadra":"FISCAL","cd_quadra_fiscal":"068","cd_subquadra_fiscal":null,"cd_condominio":"01","cd_tipo_lote":"F","tx_tipo_lote":"FISCAL","cd_lote":"0000","cd_situacao":1,"cd_digito_sql":null,"cd_logradouro":"122386","nm_logradouro_completo":"R LUIS GAMA","cd_numero_porta":"917 919","tx_complemento_endereco":null,"tx_situ_lote":null,"cd_tipo_uso_imovel":"XX","dc_tipo_uso_imovel":"Condomínio","cd_tipo_terreno_imovel":99,"qt_area_terreno":550,"qt_area_construida":null}}},{"type":"Feature","geometry":{"type":"Polygon","coordinates":[[[-46.615919,-23.408265],[-46.615926,-23.408315],[-46.615871,-23.408322],[-46.615789,-23.408332],[-46.615779,-23.408282],[-46.615895,-23.408268],[-46.615919,-23.408265]]]},"properties":{"sqlu":"SP-004-152257","inscription":"SP-GEOSAMPA-2152257","inscricaoImobiliaria":"SP-IMO-2152257","setor":"004","quadra":"008","lote":"0004","sourceType":"OFFICIAL_IMPORT","mainAddress":"Setor Fiscal 004","zoneamento":"RESIDENCIAL","statusCadastral":"ATIVO","workflowStatus":"PENDENTE","isOfficial":true,"rawProperties":{"cd_identificador":2152257,"cd_identificador_original_lote":8920088,"cd_setor_fiscal":"004","cd_tipo_quadra":"F","tx_tipo_quadra":"FISCAL","cd_quadra_fiscal":"008","cd_subquadra_fiscal":null,"cd_condominio":"00","cd_tipo_lote":"F","tx_tipo_lote":"FISCAL","cd_lote":"0004","cd_situacao":1,"cd_digito_sql":"7","cd_logradouro":"098310","nm_logradouro_completo":"R BR DE JAGUARA","cd_numero_porta":"160","tx_complemento_endereco":null,"tx_situ_lote":"ATIVO","cd_tipo_uso_imovel":"42","dc_tipo_uso_imovel":"Não residencial","cd_tipo_terreno_imovel":1,"qt_area_terreno":86,"qt_area_construida":50}}},{"type":"Feature","geometry":{"type":"Polygon","coordinates":[[[-46.618534,-23.413328],[-46.618393,-23.413362],[-46.618373,-23.41331],[-46.618377,-23.413308],[-46.618417,-23.413299],[-46.618515,-23.413275],[-46.618534,-23.413328]]]},"properties":{"sqlu":"SP-004-152215","inscription":"SP-GEOSAMPA-2152215","inscricaoImobiliaria":"SP-IMO-2152215","setor":"004","quadra":"049","lote":"0045","sourceType":"OFFICIAL_IMPORT","mainAddress":"Setor Fiscal 004","zoneamento":"RESIDENCIAL","statusCadastral":"ATIVO","workflowStatus":"PENDENTE","isOfficial":true,"rawProperties":{"cd_identificador":2152215,"cd_identificador_original_lote":8920246,"cd_setor_fiscal":"004","cd_tipo_quadra":"F","tx_tipo_quadra":"FISCAL","cd_quadra_fiscal":"049","cd_subquadra_fiscal":null,"cd_condominio":"00","cd_tipo_lote":"F","tx_tipo_lote":"FISCAL","cd_lote":"0045","cd_situacao":1,"cd_digito_sql":"3","cd_logradouro":"008141","nm_logradouro_completo":"R DOS ALPES","cd_numero_porta":"230","tx_complemento_endereco":null,"tx_situ_lote":"ATIVO","cd_tipo_uso_imovel":"10","dc_tipo_uso_imovel":"Residencial","cd_tipo_terreno_imovel":1,"qt_area_terreno":87,"qt_area_construida":110}}},{"type":"Feature","geometry":{"type":"Polygon","coordinates":[[[-46.617272,-23.414082],[-46.617395,-23.414054],[-46.617485,-23.414033],[-46.617488,-23.414033],[-46.617551,-23.414018],[-46.617649,-23.413996],[-46.617669,-23.414043],[-46.617674,-23.414057],[-46.617574,-23.414079],[-46.617501,-23.414096],[-46.617297,-23.414142],[-46.61728,-23.414101],[-46.617272,-23.414082]]]},"properties":{"sqlu":"SP-004-159870","inscription":"SP-GEOSAMPA-2159870","inscricaoImobiliaria":"SP-IMO-2159870","setor":"004","quadra":"058","lote":"0012","sourceType":"OFFICIAL_IMPORT","mainAddress":"Setor Fiscal 004","zoneamento":"RESIDENCIAL","statusCadastral":"ATIVO","workflowStatus":"PENDENTE","isOfficial":true,"rawProperties":{"cd_identificador":2159870,"cd_identificador_original_lote":8920168,"cd_setor_fiscal":"004","cd_tipo_quadra":"F","tx_tipo_quadra":"FISCAL","cd_quadra_fiscal":"058","cd_subquadra_fiscal":null,"cd_condominio":"00","cd_tipo_lote":"F","tx_tipo_lote":"FISCAL","cd_lote":"0012","cd_situacao":1,"cd_digito_sql":"6","cd_logradouro":"098310","nm_logradouro_completo":"R BR DE JAGUARA","cd_numero_porta":"822","tx_complemento_endereco":"E 826","tx_situ_lote":"ATIVO","cd_tipo_uso_imovel":"40","dc_tipo_uso_imovel":"Não residencial","cd_tipo_terreno_imovel":1,"qt_area_terreno":280,"qt_area_construida":390}}},{"type":"Feature","geometry":{"type":"Polygon","coordinates":[[[-46.617272,-23.414082],[-46.617248,-23.414025],[-46.617552,-23.413955],[-46.617626,-23.413938],[-46.617649,-23.413996],[-46.617551,-23.414018],[-46.617488,-23.414033],[-46.617485,-23.414033],[-46.617395,-23.414054],[-46.617272,-23.414082]]]},"properties":{"sqlu":"SP-004-159871","inscription":"SP-GEOSAMPA-2159871","inscricaoImobiliaria":"SP-IMO-2159871","setor":"004","quadra":"058","lote":"0013","sourceType":"OFFICIAL_IMPORT","mainAddress":"Setor Fiscal 004","zoneamento":"RESIDENCIAL","statusCadastral":"ATIVO","workflowStatus":"PENDENTE","isOfficial":true,"rawProperties":{"cd_identificador":2159871,"cd_identificador_original_lote":8920169,"cd_setor_fiscal":"004","cd_tipo_quadra":"F","tx_tipo_quadra":"FISCAL","cd_quadra_fiscal":"058","cd_subquadra_fiscal":null,"cd_condominio":"00","cd_tipo_lote":"F","tx_tipo_lote":"FISCAL","cd_lote":"0013","cd_situacao":1,"cd_digito_sql":"4","cd_logradouro":"098310","nm_logradouro_completo":"R BR DE JAGUARA","cd_numero_porta":"818","tx_complemento_endereco":"E 820","tx_situ_lote":"ATIVO","cd_tipo_uso_imovel":"42","dc_tipo_uso_imovel":"Não residencial","cd_tipo_terreno_imovel":1,"qt_area_terreno":280,"qt_area_construida":280}}},{"type":"Feature","geometry":{"type":"Polygon","coordinates":[[[-46.617793,-23.415683],[-46.617846,-23.415813],[-46.617676,-23.415882],[-46.617655,-23.41589],[-46.617592,-23.415916],[-46.617571,-23.415925],[-46.617503,-23.415952],[-46.61747,-23.415966],[-46.61742,-23.415986],[-46.617385,-23.416],[-46.617384,-23.415996],[-46.617363,-23.415954],[-46.617345,-23.415919],[-46.617326,-23.415879],[-46.617324,-23.415876],[-46.617363,-23.41586],[-46.617793,-23.415683]]]},"properties":{"sqlu":"SP-004-159701","inscription":"SP-GEOSAMPA-2159701","inscricaoImobiliaria":"SP-IMO-2159701","setor":"004","quadra":"069","lote":"0069","sourceType":"OFFICIAL_IMPORT","mainAddress":"Setor Fiscal 004","zoneamento":"RESIDENCIAL","statusCadastral":"ATIVO","workflowStatus":"PENDENTE","isOfficial":true,"rawProperties":{"cd_identificador":2159701,"cd_identificador_original_lote":8919180,"cd_setor_fiscal":"004","cd_tipo_quadra":"F","tx_tipo_quadra":"FISCAL","cd_quadra_fiscal":"069","cd_subquadra_fiscal":null,"cd_condominio":"00","cd_tipo_lote":"F","tx_tipo_lote":"FISCAL","cd_lote":"0069","cd_situacao":1,"cd_digito_sql":"8","cd_logradouro":"098310","nm_logradouro_completo":"R BR DE JAGUARA","cd_numero_porta":"1005","tx_complemento_endereco":"1015 E 1017","tx_situ_lote":"ATIVO","cd_tipo_uso_imovel":"64","dc_tipo_uso_imovel":"Não residencial","cd_tipo_terreno_imovel":1,"qt_area_terreno":780,"qt_area_construida":780}}},{"type":"Feature","geometry":{"type":"Polygon","coordinates":[[[-46.618957,-23.413438],[-46.618971,-23.413476],[-46.618973,-23.413479],[-46.619042,-23.413665],[-46.619052,-23.413691],[-46.619002,-23.413703],[-46.618956,-23.413713],[-46.618945,-23.413682],[-46.61893,-23.41364],[-46.618927,-23.413631],[-46.618882,-23.413506],[-46.618866,-23.413459],[-46.618957,-23.413438]]]},"properties":{"sqlu":"SP-004-159859","inscription":"SP-GEOSAMPA-2159859","inscricaoImobiliaria":"SP-IMO-2159859","setor":"004","quadra":"057","lote":"0053","sourceType":"OFFICIAL_IMPORT","mainAddress":"Setor Fiscal 004","zoneamento":"RESIDENCIAL","statusCadastral":"ATIVO","workflowStatus":"PENDENTE","isOfficial":true,"rawProperties":{"cd_identificador":2159859,"cd_identificador_original_lote":8918756,"cd_setor_fiscal":"004","cd_tipo_quadra":"F","tx_tipo_quadra":"FISCAL","cd_quadra_fiscal":"057","cd_subquadra_fiscal":null,"cd_condominio":"00","cd_tipo_lote":"F","tx_tipo_lote":"FISCAL","cd_lote":"0053","cd_situacao":1,"cd_digito_sql":"9","cd_logradouro":"100510","nm_logradouro_completo":"R JERONIMO DE ALBUQUERQUE","cd_numero_porta":"38","tx_complemento_endereco":null,"tx_situ_lote":"ATIVO","cd_tipo_uso_imovel":"10","dc_tipo_uso_imovel":"Residencial","cd_tipo_terreno_imovel":1,"qt_area_terreno":300,"qt_area_construida":260}}},{"type":"Feature","geometry":{"type":"Polygon","coordinates":[[[-46.629266,-23.413623],[-46.629247,-23.413606],[-46.629407,-23.413527],[-46.62943,-23.413572],[-46.629297,-23.413635],[-46.629266,-23.413623]]]},"properties":{"sqlu":"SP-004-159969","inscription":"SP-GEOSAMPA-2159969","inscricaoImobiliaria":"SP-IMO-2159969","setor":"004","quadra":"043","lote":"0087","sourceType":"OFFICIAL_IMPORT","mainAddress":"Setor Fiscal 004","zoneamento":"RESIDENCIAL","statusCadastral":"ATIVO","workflowStatus":"PENDENTE","isOfficial":true,"rawProperties":{"cd_identificador":2159969,"cd_identificador_original_lote":8918741,"cd_setor_fiscal":"004","cd_tipo_quadra":"F","tx_tipo_quadra":"FISCAL","cd_quadra_fiscal":"043","cd_subquadra_fiscal":null,"cd_condominio":"00","cd_tipo_lote":"F","tx_tipo_lote":"FISCAL","cd_lote":"0087","cd_situacao":1,"cd_digito_sql":"1","cd_logradouro":"080241","nm_logradouro_completo":"R GLICERIO","cd_numero_porta":"827","tx_complemento_endereco":null,"tx_situ_lote":"ATIVO","cd_tipo_uso_imovel":"40","dc_tipo_uso_imovel":"Não residencial","cd_tipo_terreno_imovel":1,"qt_area_terreno":90,"qt_area_construida":119}}},{"type":"Feature","geometry":{"type":"Polygon","coordinates":[[[-46.629266,-23.413623],[-46.629259,-23.413662],[-46.629251,-23.413705],[-46.629247,-23.413725],[-46.629226,-23.413841],[-46.629207,-23.413942],[-46.629138,-23.413934],[-46.629158,-23.413841],[-46.629199,-23.413643],[-46.629211,-23.413581],[-46.629213,-23.413574],[-46.629219,-23.41358],[-46.629247,-23.413606],[-46.629266,-23.413623]]]},"properties":{"sqlu":"SP-004-159970","inscription":"SP-GEOSAMPA-2159970","inscricaoImobiliaria":"SP-IMO-2159970","setor":"004","quadra":"043","lote":"0000","sourceType":"OFFICIAL_IMPORT","mainAddress":"Setor Fiscal 004","zoneamento":"RESIDENCIAL","statusCadastral":"ATIVO","workflowStatus":"PENDENTE","isOfficial":true,"rawProperties":{"cd_identificador":2159970,"cd_identificador_original_lote":8919524,"cd_setor_fiscal":"004","cd_tipo_quadra":"F","tx_tipo_quadra":"FISCAL","cd_quadra_fiscal":"043","cd_subquadra_fiscal":null,"cd_condominio":"01","cd_tipo_lote":"F","tx_tipo_lote":"FISCAL","cd_lote":"0000","cd_situacao":1,"cd_digito_sql":null,"cd_logradouro":"116491","nm_logradouro_completo":"R DO LAVAPES","cd_numero_porta":"59 61","tx_complemento_endereco":null,"tx_situ_lote":null,"cd_tipo_uso_imovel":"XX","dc_tipo_uso_imovel":"Condomínio","cd_tipo_terreno_imovel":99,"qt_area_terreno":188,"qt_area_construida":null}}},{"type":"Feature","geometry":{"type":"Polygon","coordinates":[[[-46.620845,-23.415063],[-46.620838,-23.41498],[-46.620841,-23.414947],[-46.620849,-23.414857],[-46.620849,-23.414853],[-46.620849,-23.41485],[-46.620844,-23.414764],[-46.62084,-23.414708],[-46.620839,-23.41468],[-46.620839,-23.414679],[-46.620855,-23.414674],[-46.620897,-23.414662],[-46.620906,-23.41485],[-46.620935,-23.414851],[-46.62094,-23.415028],[-46.620845,-23.415063]]]},"properties":{"sqlu":"SP-004-160013","inscription":"SP-GEOSAMPA-2160013","inscricaoImobiliaria":"SP-IMO-2160013","setor":"004","quadra":"061","lote":"0018","sourceType":"OFFICIAL_IMPORT","mainAddress":"Setor Fiscal 004","zoneamento":"RESIDENCIAL","statusCadastral":"ATIVO","workflowStatus":"PENDENTE","isOfficial":true,"rawProperties":{"cd_identificador":2160013,"cd_identificador_original_lote":8919456,"cd_setor_fiscal":"004","cd_tipo_quadra":"F","tx_tipo_quadra":"FISCAL","cd_quadra_fiscal":"061","cd_subquadra_fiscal":null,"cd_condominio":"00","cd_tipo_lote":"F","tx_tipo_lote":"FISCAL","cd_lote":"0018","cd_situacao":1,"cd_digito_sql":"7","cd_logradouro":"048291","nm_logradouro_completo":"R CESARIO RAMALHO","cd_numero_porta":"327","tx_complemento_endereco":"329 E 335","tx_situ_lote":"ATIVO","cd_tipo_uso_imovel":"42","dc_tipo_uso_imovel":"Não residencial","cd_tipo_terreno_imovel":1,"qt_area_terreno":347,"qt_area_construida":525}}},{"type":"Feature","geometry":{"type":"Polygon","coordinates":[[[-46.619342,-23.415749],[-46.619358,-23.415783],[-46.619527,-23.416149],[-46.619533,-23.416163],[-46.619499,-23.416182],[-46.619432,-23.416219],[-46.619419,-23.416192],[-46.619231,-23.415789],[-46.619342,-23.415749]]]},"properties":{"sqlu":"SP-004-160104","inscription":"SP-GEOSAMPA-2160104","inscricaoImobiliaria":"SP-IMO-2160104","setor":"004","quadra":"068","lote":"0053","sourceType":"OFFICIAL_IMPORT","mainAddress":"Setor Fiscal 004","zoneamento":"RESIDENCIAL","statusCadastral":"ATIVO","workflowStatus":"PENDENTE","isOfficial":true,"rawProperties":{"cd_identificador":2160104,"cd_identificador_original_lote":8919385,"cd_setor_fiscal":"004","cd_tipo_quadra":"F","tx_tipo_quadra":"FISCAL","cd_quadra_fiscal":"068","cd_subquadra_fiscal":null,"cd_condominio":"00","cd_tipo_lote":"F","tx_tipo_lote":"FISCAL","cd_lote":"0053","cd_situacao":1,"cd_digito_sql":"7","cd_logradouro":"048291","nm_logradouro_completo":"R CESARIO RAMALHO","cd_numero_porta":"504","tx_complemento_endereco":null,"tx_situ_lote":"ATIVO","cd_tipo_uso_imovel":"51","dc_tipo_uso_imovel":"Não residencial","cd_tipo_terreno_imovel":1,"qt_area_terreno":624,"qt_area_construida":1088}}},{"type":"Feature","geometry":{"type":"Polygon","coordinates":[[[-46.627482,-23.414733],[-46.627621,-23.414788],[-46.627723,-23.414828],[-46.627761,-23.414844],[-46.627824,-23.414869],[-46.627818,-23.414921],[-46.627744,-23.414898],[-46.627662,-23.414873],[-46.627437,-23.414785],[-46.627433,-23.414778],[-46.627415,-23.414742],[-46.627395,-23.414703],[-46.627399,-23.414701],[-46.627419,-23.414709],[-46.627482,-23.414733]]]},"properties":{"sqlu":"SP-004-160488","inscription":"SP-GEOSAMPA-2160488","inscricaoImobiliaria":"SP-IMO-2160488","setor":"004","quadra":"052","lote":"0010","sourceType":"OFFICIAL_IMPORT","mainAddress":"Setor Fiscal 004","zoneamento":"RESIDENCIAL","statusCadastral":"ATIVO","workflowStatus":"PENDENTE","isOfficial":true,"rawProperties":{"cd_identificador":2160488,"cd_identificador_original_lote":8919179,"cd_setor_fiscal":"004","cd_tipo_quadra":"F","tx_tipo_quadra":"FISCAL","cd_quadra_fiscal":"052","cd_subquadra_fiscal":null,"cd_condominio":"00","cd_tipo_lote":"F","tx_tipo_lote":"FISCAL","cd_lote":"0010","cd_situacao":1,"cd_digito_sql":"2","cd_logradouro":"116491","nm_logradouro_completo":"R DO LAVAPES","cd_numero_porta":"277","tx_complemento_endereco":null,"tx_situ_lote":"ATIVO","cd_tipo_uso_imovel":"14","dc_tipo_uso_imovel":"Residencial","cd_tipo_terreno_imovel":1,"qt_area_terreno":240,"qt_area_construida":218}}},{"type":"Feature","geometry":{"type":"Polygon","coordinates":[[[-46.627813,-23.414968],[-46.627807,-23.415016],[-46.627589,-23.41497],[-46.627522,-23.414955],[-46.627486,-23.414883],[-46.627667,-23.414938],[-46.627813,-23.414968]]]},"properties":{"sqlu":"SP-004-160160","inscription":"SP-GEOSAMPA-2160160","inscricaoImobiliaria":"SP-IMO-2160160","setor":"004","quadra":"052","lote":"0012","sourceType":"OFFICIAL_IMPORT","mainAddress":"Setor Fiscal 004","zoneamento":"RESIDENCIAL","statusCadastral":"ATIVO","workflowStatus":"PENDENTE","isOfficial":true,"rawProperties":{"cd_identificador":2160160,"cd_identificador_original_lote":8919177,"cd_setor_fiscal":"004","cd_tipo_quadra":"F","tx_tipo_quadra":"FISCAL","cd_quadra_fiscal":"052","cd_subquadra_fiscal":null,"cd_condominio":"00","cd_tipo_lote":"F","tx_tipo_lote":"FISCAL","cd_lote":"0012","cd_situacao":1,"cd_digito_sql":"9","cd_logradouro":"116491","nm_logradouro_completo":"R DO LAVAPES","cd_numero_porta":"285","tx_complemento_endereco":"E 287","tx_situ_lote":"ATIVO","cd_tipo_uso_imovel":"42","dc_tipo_uso_imovel":"Não residencial","cd_tipo_terreno_imovel":1,"qt_area_terreno":264,"qt_area_construida":528}}},{"type":"Feature","geometry":{"type":"Polygon","coordinates":[[[-46.618066,-23.410718],[-46.61801,-23.410733],[-46.618006,-23.410693],[-46.618005,-23.410681],[-46.618004,-23.410668],[-46.617987,-23.410499],[-46.618043,-23.410496],[-46.618059,-23.410654],[-46.618061,-23.410677],[-46.618064,-23.410698],[-46.618066,-23.410718]]]},"properties":{"sqlu":"SP-004-160458","inscription":"SP-GEOSAMPA-2160458","inscricaoImobiliaria":"SP-IMO-2160458","setor":"004","quadra":"026","lote":"0017","sourceType":"OFFICIAL_IMPORT","mainAddress":"Setor Fiscal 004","zoneamento":"RESIDENCIAL","statusCadastral":"ATIVO","workflowStatus":"PENDENTE","isOfficial":true,"rawProperties":{"cd_identificador":2160458,"cd_identificador_original_lote":8920522,"cd_setor_fiscal":"004","cd_tipo_quadra":"F","tx_tipo_quadra":"FISCAL","cd_quadra_fiscal":"026","cd_subquadra_fiscal":null,"cd_condominio":"00","cd_tipo_lote":"F","tx_tipo_lote":"FISCAL","cd_lote":"0017","cd_situacao":1,"cd_digito_sql":"7","cd_logradouro":"148806","nm_logradouro_completo":"R ODORICO MENDES","cd_numero_porta":"S/N","tx_complemento_endereco":"N23O","tx_situ_lote":"ATIVO","cd_tipo_uso_imovel":"00","dc_tipo_uso_imovel":"Terreno","cd_tipo_terreno_imovel":1,"qt_area_terreno":145,"qt_area_construida":0}}},{"type":"Feature","geometry":{"type":"Polygon","coordinates":[[[-46.619664,-23.409243],[-46.619667,-23.409243],[-46.619669,-23.409271],[-46.61967,-23.409293],[-46.619677,-23.409392],[-46.619625,-23.409394],[-46.619619,-23.409295],[-46.619617,-23.409274],[-46.619615,-23.409245],[-46.619629,-23.409244],[-46.619664,-23.409243]]]},"properties":{"sqlu":"SP-004-160206","inscription":"SP-GEOSAMPA-2160206","inscricaoImobiliaria":"SP-IMO-2160206","setor":"004","quadra":"006","lote":"0091","sourceType":"OFFICIAL_IMPORT","mainAddress":"Setor Fiscal 004","zoneamento":"RESIDENCIAL","statusCadastral":"ATIVO","workflowStatus":"PENDENTE","isOfficial":true,"rawProperties":{"cd_identificador":2160206,"cd_identificador_original_lote":8918503,"cd_setor_fiscal":"004","cd_tipo_quadra":"F","tx_tipo_quadra":"FISCAL","cd_quadra_fiscal":"006","cd_subquadra_fiscal":null,"cd_condominio":"00","cd_tipo_lote":"F","tx_tipo_lote":"FISCAL","cd_lote":"0091","cd_situacao":1,"cd_digito_sql":"9","cd_logradouro":"035173","nm_logradouro_completo":"R DOM BOSCO","cd_numero_porta":"129","tx_complemento_endereco":null,"tx_situ_lote":"ATIVO","cd_tipo_uso_imovel":"10","dc_tipo_uso_imovel":"Residencial","cd_tipo_terreno_imovel":1,"qt_area_terreno":90,"qt_area_construida":127}}},{"type":"Feature","geometry":{"type":"Polygon","coordinates":[[[-46.621401,-23.408068],[-46.621404,-23.408114],[-46.621374,-23.408116],[-46.621372,-23.408116],[-46.621227,-23.408122],[-46.621212,-23.408123],[-46.62117,-23.408125],[-46.621177,-23.408077],[-46.621262,-23.408074],[-46.621369,-23.408069],[-46.621401,-23.408068]]]},"properties":{"sqlu":"SP-004-160324","inscription":"SP-GEOSAMPA-2160324","inscricaoImobiliaria":"SP-IMO-2160324","setor":"004","quadra":"004","lote":"0004","sourceType":"OFFICIAL_IMPORT","mainAddress":"Setor Fiscal 004","zoneamento":"RESIDENCIAL","statusCadastral":"ATIVO","workflowStatus":"PENDENTE","isOfficial":true,"rawProperties":{"cd_identificador":2160324,"cd_identificador_original_lote":8920621,"cd_setor_fiscal":"004","cd_tipo_quadra":"F","tx_tipo_quadra":"FISCAL","cd_quadra_fiscal":"004","cd_subquadra_fiscal":null,"cd_condominio":"00","cd_tipo_lote":"F","tx_tipo_lote":"FISCAL","cd_lote":"0004","cd_situacao":1,"cd_digito_sql":"9","cd_logradouro":"122386","nm_logradouro_completo":"R LUIS GAMA","cd_numero_porta":"46","tx_complemento_endereco":null,"tx_situ_lote":"ATIVO","cd_tipo_uso_imovel":"10","dc_tipo_uso_imovel":"Residencial","cd_tipo_terreno_imovel":1,"qt_area_terreno":125,"qt_area_construida":225}}},{"type":"Feature","geometry":{"type":"Polygon","coordinates":[[[-46.619725,-23.408103],[-46.619722,-23.408033],[-46.619755,-23.408031],[-46.619758,-23.408031],[-46.619775,-23.40803],[-46.619779,-23.40803],[-46.619865,-23.408026],[-46.619871,-23.408097],[-46.619725,-23.408103]]]},"properties":{"sqlu":"SP-004-160675","inscription":"SP-GEOSAMPA-2160675","inscricaoImobiliaria":"SP-IMO-2160675","setor":"004","quadra":"006","lote":"0110","sourceType":"OFFICIAL_IMPORT","mainAddress":"Setor Fiscal 004","zoneamento":"RESIDENCIAL","statusCadastral":"ATIVO","workflowStatus":"PENDENTE","isOfficial":true,"rawProperties":{"cd_identificador":2160675,"cd_identificador_original_lote":8918606,"cd_setor_fiscal":"004","cd_tipo_quadra":"F","tx_tipo_quadra":"FISCAL","cd_quadra_fiscal":"006","cd_subquadra_fiscal":null,"cd_condominio":"00","cd_tipo_lote":"F","tx_tipo_lote":"FISCAL","cd_lote":"0110","cd_situacao":1,"cd_digito_sql":"9","cd_logradouro":"142131","nm_logradouro_completo":"R DA MOOCA","cd_numero_porta":"406","tx_complemento_endereco":"CASA 32","tx_situ_lote":"ATIVO","cd_tipo_uso_imovel":"10","dc_tipo_uso_imovel":"Residencial","cd_tipo_terreno_imovel":4,"qt_area_terreno":112,"qt_area_construida":102}}},{"type":"Feature","geometry":{"type":"Polygon","coordinates":[[[-46.619725,-23.408103],[-46.619871,-23.408097],[-46.619877,-23.40817],[-46.619786,-23.408172],[-46.619756,-23.408173],[-46.61975,-23.408174],[-46.619728,-23.408175],[-46.619725,-23.408103]]]},"properties":{"sqlu":"SP-004-160676","inscription":"SP-GEOSAMPA-2160676","inscricaoImobiliaria":"SP-IMO-2160676","setor":"004","quadra":"006","lote":"0109","sourceType":"OFFICIAL_IMPORT","mainAddress":"Setor Fiscal 004","zoneamento":"RESIDENCIAL","statusCadastral":"ATIVO","workflowStatus":"PENDENTE","isOfficial":true,"rawProperties":{"cd_identificador":2160676,"cd_identificador_original_lote":8918607,"cd_setor_fiscal":"004","cd_tipo_quadra":"F","tx_tipo_quadra":"FISCAL","cd_quadra_fiscal":"006","cd_subquadra_fiscal":null,"cd_condominio":"00","cd_tipo_lote":"F","tx_tipo_lote":"FISCAL","cd_lote":"0109","cd_situacao":1,"cd_digito_sql":"5","cd_logradouro":"142131","nm_logradouro_completo":"R DA MOOCA","cd_numero_porta":"406","tx_complemento_endereco":"CS 30","tx_situ_lote":"ATIVO","cd_tipo_uso_imovel":"10","dc_tipo_uso_imovel":"Residencial","cd_tipo_terreno_imovel":4,"qt_area_terreno":114,"qt_area_construida":90}}},{"type":"Feature","geometry":{"type":"Polygon","coordinates":[[[-46.619725,-23.408103],[-46.619728,-23.408175],[-46.619631,-23.408184],[-46.619622,-23.407998],[-46.619614,-23.407804],[-46.619612,-23.407758],[-46.61971,-23.407753],[-46.619719,-23.407957],[-46.619722,-23.408033],[-46.619725,-23.408103]]]},"properties":{"sqlu":"SP-004-160677","inscription":"SP-GEOSAMPA-2160677","inscricaoImobiliaria":"SP-IMO-2160677","setor":"004","quadra":"006","lote":"0114","sourceType":"OFFICIAL_IMPORT","mainAddress":"Setor Fiscal 004","zoneamento":"RESIDENCIAL","statusCadastral":"ATIVO","workflowStatus":"PENDENTE","isOfficial":true,"rawProperties":{"cd_identificador":2160677,"cd_identificador_original_lote":8918626,"cd_setor_fiscal":"004","cd_tipo_quadra":"F","tx_tipo_quadra":"FISCAL","cd_quadra_fiscal":"006","cd_subquadra_fiscal":null,"cd_condominio":"00","cd_tipo_lote":"F","tx_tipo_lote":"FISCAL","cd_lote":"0114","cd_situacao":1,"cd_digito_sql":"1","cd_logradouro":"142131","nm_logradouro_completo":"R DA MOOCA","cd_numero_porta":"428","tx_complemento_endereco":null,"tx_situ_lote":"ATIVO","cd_tipo_uso_imovel":"51","dc_tipo_uso_imovel":"Não residencial","cd_tipo_terreno_imovel":1,"qt_area_terreno":490,"qt_area_construida":600}}},{"type":"Feature","geometry":{"type":"Polygon","coordinates":[[[-46.613453,-23.409837],[-46.613453,-23.40984],[-46.613458,-23.40987],[-46.61342,-23.409871],[-46.61326,-23.409876],[-46.61314,-23.409879],[-46.613061,-23.409881],[-46.613056,-23.409848],[-46.613258,-23.409842],[-46.613453,-23.409837]]]},"properties":{"sqlu":"SP-004-160497","inscription":"SP-GEOSAMPA-2160497","inscricaoImobiliaria":"SP-IMO-2160497","setor":"004","quadra":"018","lote":"0100","sourceType":"OFFICIAL_IMPORT","mainAddress":"Setor Fiscal 004","zoneamento":"RESIDENCIAL","statusCadastral":"ATIVO","workflowStatus":"PENDENTE","isOfficial":true,"rawProperties":{"cd_identificador":2160497,"cd_identificador_original_lote":8919831,"cd_setor_fiscal":"004","cd_tipo_quadra":"F","tx_tipo_quadra":"FISCAL","cd_quadra_fiscal":"018","cd_subquadra_fiscal":null,"cd_condominio":"00","cd_tipo_lote":"F","tx_tipo_lote":"FISCAL","cd_lote":"0100","cd_situacao":1,"cd_digito_sql":"4","cd_logradouro":"011967","nm_logradouro_completo":"R DONA ANA NERI","cd_numero_porta":"188","tx_complemento_endereco":null,"tx_situ_lote":"ATIVO","cd_tipo_uso_imovel":"42","dc_tipo_uso_imovel":"Não residencial","cd_tipo_terreno_imovel":1,"qt_area_terreno":140,"qt_area_construida":170}}},{"type":"Feature","geometry":{"type":"Polygon","coordinates":[[[-46.61775,-23.413296],[-46.617686,-23.41331],[-46.617634,-23.413323],[-46.617573,-23.413337],[-46.617548,-23.413278],[-46.617786,-23.413221],[-46.617804,-23.413263],[-46.617812,-23.413281],[-46.617762,-23.413293],[-46.61775,-23.413296]]]},"properties":{"sqlu":"SP-004-160691","inscription":"SP-GEOSAMPA-2160691","inscricaoImobiliaria":"SP-IMO-2160691","setor":"004","quadra":"050","lote":"0030","sourceType":"OFFICIAL_IMPORT","mainAddress":"Setor Fiscal 004","zoneamento":"RESIDENCIAL","statusCadastral":"ATIVO","workflowStatus":"PENDENTE","isOfficial":true,"rawProperties":{"cd_identificador":2160691,"cd_identificador_original_lote":8920464,"cd_setor_fiscal":"004","cd_tipo_quadra":"F","tx_tipo_quadra":"FISCAL","cd_quadra_fiscal":"050","cd_subquadra_fiscal":null,"cd_condominio":"00","cd_tipo_lote":"F","tx_tipo_lote":"FISCAL","cd_lote":"0030","cd_situacao":1,"cd_digito_sql":"8","cd_logradouro":"163074","nm_logradouro_completo":"R PIQUEROBI","cd_numero_porta":"37","tx_complemento_endereco":null,"tx_situ_lote":"ATIVO","cd_tipo_uso_imovel":"42","dc_tipo_uso_imovel":"Não residencial","cd_tipo_terreno_imovel":1,"qt_area_terreno":175,"qt_area_construida":296}}},{"type":"Feature","geometry":{"type":"Polygon","coordinates":[[[-46.61775,-23.413296],[-46.617762,-23.413323],[-46.617855,-23.413538],[-46.617788,-23.413553],[-46.617756,-23.413476],[-46.617738,-23.413434],[-46.617731,-23.413418],[-46.617712,-23.413373],[-46.617702,-23.413349],[-46.617686,-23.41331],[-46.61775,-23.413296]]]},"properties":{"sqlu":"SP-004-160692","inscription":"SP-GEOSAMPA-2160692","inscricaoImobiliaria":"SP-IMO-2160692","setor":"004","quadra":"050","lote":"0027","sourceType":"OFFICIAL_IMPORT","mainAddress":"Setor Fiscal 004","zoneamento":"RESIDENCIAL","statusCadastral":"ATIVO","workflowStatus":"PENDENTE","isOfficial":true,"rawProperties":{"cd_identificador":2160692,"cd_identificador_original_lote":8920466,"cd_setor_fiscal":"004","cd_tipo_quadra":"F","tx_tipo_quadra":"FISCAL","cd_quadra_fiscal":"050","cd_subquadra_fiscal":null,"cd_condominio":"00","cd_tipo_lote":"F","tx_tipo_lote":"FISCAL","cd_lote":"0027","cd_situacao":1,"cd_digito_sql":"8","cd_logradouro":"100510","nm_logradouro_completo":"R JERONIMO DE ALBUQUERQUE","cd_numero_porta":"151","tx_complemento_endereco":"153","tx_situ_lote":"ATIVO","cd_tipo_uso_imovel":"12","dc_tipo_uso_imovel":"Residencial","cd_tipo_terreno_imovel":1,"qt_area_terreno":196,"qt_area_construida":392}}},{"type":"Feature","geometry":{"type":"Polygon","coordinates":[[[-46.627998,-23.412986],[-46.627985,-23.412958],[-46.627951,-23.412889],[-46.628111,-23.412827],[-46.628142,-23.412816],[-46.628177,-23.412802],[-46.628474,-23.412688],[-46.628471,-23.412681],[-46.628524,-23.412657],[-46.628534,-23.412675],[-46.628543,-23.412693],[-46.628544,-23.412695],[-46.628582,-23.412769],[-46.628529,-23.412791],[-46.628521,-23.412782],[-46.628401,-23.412829],[-46.628375,-23.412839],[-46.628222,-23.412898],[-46.628144,-23.412929],[-46.627998,-23.412986]]]},"properties":{"sqlu":"SP-004-160633","inscription":"SP-GEOSAMPA-2160633","inscricaoImobiliaria":"SP-IMO-2160633","setor":"004","quadra":"043","lote":"0037","sourceType":"OFFICIAL_IMPORT","mainAddress":"Setor Fiscal 004","zoneamento":"RESIDENCIAL","statusCadastral":"ATIVO","workflowStatus":"PENDENTE","isOfficial":true,"rawProperties":{"cd_identificador":2160633,"cd_identificador_original_lote":8919295,"cd_setor_fiscal":"004","cd_tipo_quadra":"F","tx_tipo_quadra":"FISCAL","cd_quadra_fiscal":"043","cd_subquadra_fiscal":null,"cd_condominio":"00","cd_tipo_lote":"F","tx_tipo_lote":"FISCAL","cd_lote":"0037","cd_situacao":1,"cd_digito_sql":"5","cd_logradouro":"187771","nm_logradouro_completo":"R TEIXEIRA LEITE","cd_numero_porta":"414","tx_complemento_endereco":"E 422","tx_situ_lote":"ATIVO","cd_tipo_uso_imovel":"50","dc_tipo_uso_imovel":"Não residencial","cd_tipo_terreno_imovel":1,"qt_area_terreno":598,"qt_area_construida":500}}},{"type":"Feature","geometry":{"type":"Polygon","coordinates":[[[-46.618487,-23.413982],[-46.618296,-23.414025],[-46.61826,-23.414033],[-46.618266,-23.414054],[-46.618275,-23.414085],[-46.618215,-23.414101],[-46.618197,-23.414106],[-46.618143,-23.414121],[-46.618121,-23.414064],[-46.618102,-23.414013],[-46.618466,-23.41393],[-46.618487,-23.413982]]]},"properties":{"sqlu":"SP-004-160770","inscription":"SP-GEOSAMPA-2160770","inscricaoImobiliaria":"SP-IMO-2160770","setor":"004","quadra":"058","lote":"0041","sourceType":"OFFICIAL_IMPORT","mainAddress":"Setor Fiscal 004","zoneamento":"RESIDENCIAL","statusCadastral":"ATIVO","workflowStatus":"PENDENTE","isOfficial":true,"rawProperties":{"cd_identificador":2160770,"cd_identificador_original_lote":8919923,"cd_setor_fiscal":"004","cd_tipo_quadra":"F","tx_tipo_quadra":"FISCAL","cd_quadra_fiscal":"058","cd_subquadra_fiscal":null,"cd_condominio":"00","cd_tipo_lote":"F","tx_tipo_lote":"FISCAL","cd_lote":"0041","cd_situacao":1,"cd_digito_sql":"1","cd_logradouro":"008141","nm_logradouro_completo":"R DOS ALPES","cd_numero_porta":"297","tx_complemento_endereco":"E 301","tx_situ_lote":"ATIVO","cd_tipo_uso_imovel":"42","dc_tipo_uso_imovel":"Não residencial","cd_tipo_terreno_imovel":1,"qt_area_terreno":306,"qt_area_construida":280}}},{"type":"Feature","geometry":{"type":"Polygon","coordinates":[[[-46.616673,-23.4085],[-46.616739,-23.408495],[-46.616741,-23.408495],[-46.616815,-23.408489],[-46.616892,-23.408484],[-46.616913,-23.408482],[-46.616949,-23.40848],[-46.617447,-23.408444],[-46.617467,-23.408626],[-46.617439,-23.408628],[-46.617287,-23.40864],[-46.617233,-23.408645],[-46.616741,-23.408684],[-46.61669,-23.408688],[-46.616688,-23.408664],[-46.616673,-23.4085]]]},"properties":{"sqlu":"SP-004-161016","inscription":"SP-GEOSAMPA-2161016","inscricaoImobiliaria":"SP-IMO-2161016","setor":"004","quadra":"008","lote":"0103","sourceType":"OFFICIAL_IMPORT","mainAddress":"Setor Fiscal 004","zoneamento":"RESIDENCIAL","statusCadastral":"ATIVO","workflowStatus":"PENDENTE","isOfficial":true,"rawProperties":{"cd_identificador":2161016,"cd_identificador_original_lote":8919612,"cd_setor_fiscal":"004","cd_tipo_quadra":"F","tx_tipo_quadra":"FISCAL","cd_quadra_fiscal":"008","cd_subquadra_fiscal":null,"cd_condominio":"00","cd_tipo_lote":"F","tx_tipo_lote":"FISCAL","cd_lote":"0103","cd_situacao":1,"cd_digito_sql":"5","cd_logradouro":"151181","nm_logradouro_completo":"R OSCAR HORTA","cd_numero_porta":"75","tx_complemento_endereco":"79 E 87","tx_situ_lote":"ATIVO","cd_tipo_uso_imovel":"12","dc_tipo_uso_imovel":"Residencial","cd_tipo_terreno_imovel":1,"qt_area_terreno":1640,"qt_area_construida":1500}}},{"type":"Feature","geometry":{"type":"Polygon","coordinates":[[[-46.618872,-23.41592],[-46.619148,-23.415818],[-46.619231,-23.415789],[-46.619419,-23.416192],[-46.619432,-23.416219],[-46.619463,-23.416286],[-46.619478,-23.416317],[-46.619526,-23.416421],[-46.619556,-23.416483],[-46.619572,-23.416518],[-46.619609,-23.416598],[-46.619545,-23.416645],[-46.619478,-23.416692],[-46.619377,-23.416567],[-46.619246,-23.416406],[-46.619201,-23.416424],[-46.619187,-23.416429],[-46.619119,-23.416456],[-46.619092,-23.416466],[-46.619055,-23.416372],[-46.619042,-23.416339],[-46.618949,-23.416109],[-46.618938,-23.416083],[-46.618924,-23.41605],[-46.618883,-23.415946],[-46.618873,-23.415922],[-46.618872,-23.41592]]]},"properties":{"sqlu":"SP-004-160882","inscription":"SP-GEOSAMPA-2160882","inscricaoImobiliaria":"SP-IMO-2160882","setor":"004","quadra":"068","lote":"0052","sourceType":"OFFICIAL_IMPORT","mainAddress":"Setor Fiscal 004","zoneamento":"RESIDENCIAL","statusCadastral":"ATIVO","workflowStatus":"PENDENTE","isOfficial":true,"rawProperties":{"cd_identificador":2160882,"cd_identificador_original_lote":8919380,"cd_setor_fiscal":"004","cd_tipo_quadra":"F","tx_tipo_quadra":"FISCAL","cd_quadra_fiscal":"068","cd_subquadra_fiscal":null,"cd_condominio":"00","cd_tipo_lote":"F","tx_tipo_lote":"FISCAL","cd_lote":"0052","cd_situacao":1,"cd_digito_sql":"9","cd_logradouro":"048291","nm_logradouro_completo":"R CESARIO RAMALHO","cd_numero_porta":"522","tx_complemento_endereco":"LGO CAMBUCI 73","tx_situ_lote":"ATIVO","cd_tipo_uso_imovel":"91","dc_tipo_uso_imovel":null,"cd_tipo_terreno_imovel":3,"qt_area_terreno":3316,"qt_area_construida":385}}},{"type":"Feature","geometry":{"type":"Polygon","coordinates":[[[-46.616897,-23.415045],[-46.616792,-23.415085],[-46.616779,-23.415054],[-46.616706,-23.415083],[-46.616577,-23.415134],[-46.616575,-23.415129],[-46.61657,-23.415118],[-46.616646,-23.41509],[-46.616666,-23.415082],[-46.616704,-23.415067],[-46.616761,-23.415045],[-46.616802,-23.41503],[-46.61687,-23.415005],[-46.616929,-23.414984],[-46.616979,-23.414966],[-46.616996,-23.415005],[-46.616997,-23.415007],[-46.616897,-23.415045]]]},"properties":{"sqlu":"SP-004-160609","inscription":"SP-GEOSAMPA-2160609","inscricaoImobiliaria":"SP-IMO-2160609","setor":"004","quadra":"065","lote":"0001","sourceType":"OFFICIAL_IMPORT","mainAddress":"Setor Fiscal 004","zoneamento":"RESIDENCIAL","statusCadastral":"ATIVO","workflowStatus":"PENDENTE","isOfficial":true,"rawProperties":{"cd_identificador":2160609,"cd_identificador_original_lote":8919317,"cd_setor_fiscal":"004","cd_tipo_quadra":"F","tx_tipo_quadra":"FISCAL","cd_quadra_fiscal":"065","cd_subquadra_fiscal":null,"cd_condominio":"00","cd_tipo_lote":"V","tx_tipo_lote":"Via de Acesso","cd_lote":"0001","cd_situacao":1,"cd_digito_sql":null,"cd_logradouro":null,"nm_logradouro_completo":null,"cd_numero_porta":null,"tx_complemento_endereco":null,"tx_situ_lote":null,"cd_tipo_uso_imovel":null,"dc_tipo_uso_imovel":null,"cd_tipo_terreno_imovel":null,"qt_area_terreno":null,"qt_area_construida":null}}},{"type":"Feature","geometry":{"type":"Polygon","coordinates":[[[-46.614765,-23.413662],[-46.614753,-23.413639],[-46.61474,-23.413614],[-46.614796,-23.413588],[-46.614811,-23.413618],[-46.614864,-23.413718],[-46.614807,-23.413745],[-46.614784,-23.413699],[-46.614773,-23.413678],[-46.614765,-23.413662]]]},"properties":{"sqlu":"SP-004-160856","inscription":"SP-GEOSAMPA-2160856","inscricaoImobiliaria":"SP-IMO-2160856","setor":"004","quadra":"051","lote":"0028","sourceType":"OFFICIAL_IMPORT","mainAddress":"Setor Fiscal 004","zoneamento":"RESIDENCIAL","statusCadastral":"ATIVO","workflowStatus":"PENDENTE","isOfficial":true,"rawProperties":{"cd_identificador":2160856,"cd_identificador_original_lote":8919990,"cd_setor_fiscal":"004","cd_tipo_quadra":"F","tx_tipo_quadra":"FISCAL","cd_quadra_fiscal":"051","cd_subquadra_fiscal":null,"cd_condominio":"00","cd_tipo_lote":"F","tx_tipo_lote":"FISCAL","cd_lote":"0028","cd_situacao":1,"cd_digito_sql":"0","cd_logradouro":"161713","nm_logradouro_completo":"R DOS PESCADORES","cd_numero_porta":"213","tx_complemento_endereco":null,"tx_situ_lote":"ATIVO","cd_tipo_uso_imovel":"10","dc_tipo_uso_imovel":"Residencial","cd_tipo_terreno_imovel":1,"qt_area_terreno":99,"qt_area_construida":145}}},{"type":"Feature","geometry":{"type":"Polygon","coordinates":[[[-46.613993,-23.409259],[-46.613959,-23.408957],[-46.614042,-23.408949],[-46.614058,-23.409101],[-46.614063,-23.409147],[-46.614067,-23.409183],[-46.614071,-23.409216],[-46.614075,-23.409255],[-46.613993,-23.409259]]]},"properties":{"sqlu":"SP-004-161061","inscription":"SP-GEOSAMPA-2161061","inscricaoImobiliaria":"SP-IMO-2161061","setor":"004","quadra":"010","lote":"0028","sourceType":"OFFICIAL_IMPORT","mainAddress":"Setor Fiscal 004","zoneamento":"RESIDENCIAL","statusCadastral":"ATIVO","workflowStatus":"PENDENTE","isOfficial":true,"rawProperties":{"cd_identificador":2161061,"cd_identificador_original_lote":8919897,"cd_setor_fiscal":"004","cd_tipo_quadra":"F","tx_tipo_quadra":"FISCAL","cd_quadra_fiscal":"010","cd_subquadra_fiscal":null,"cd_condominio":"00","cd_tipo_lote":"F","tx_tipo_lote":"FISCAL","cd_lote":"0028","cd_situacao":1,"cd_digito_sql":"1","cd_logradouro":"091740","nm_logradouro_completo":"R SAN GENNARO","cd_numero_porta":"115","tx_complemento_endereco":null,"tx_situ_lote":"ATIVO","cd_tipo_uso_imovel":"64","dc_tipo_uso_imovel":"Não residencial","cd_tipo_terreno_imovel":1,"qt_area_terreno":366,"qt_area_construida":324}}},{"type":"Feature","geometry":{"type":"Polygon","coordinates":[[[-46.617363,-23.415954],[-46.61731,-23.415976],[-46.617253,-23.416],[-46.617237,-23.416006],[-46.617063,-23.416078],[-46.617032,-23.416091],[-46.617014,-23.416055],[-46.617045,-23.416042],[-46.61713,-23.416007],[-46.617219,-23.415971],[-46.617278,-23.415946],[-46.617345,-23.415919],[-46.617363,-23.415954]]]},"properties":{"sqlu":"SP-004-161088","inscription":"SP-GEOSAMPA-2161088","inscricaoImobiliaria":"SP-IMO-2161088","setor":"004","quadra":"069","lote":"0012","sourceType":"OFFICIAL_IMPORT","mainAddress":"Setor Fiscal 004","zoneamento":"RESIDENCIAL","statusCadastral":"ATIVO","workflowStatus":"PENDENTE","isOfficial":true,"rawProperties":{"cd_identificador":2161088,"cd_identificador_original_lote":8918870,"cd_setor_fiscal":"004","cd_tipo_quadra":"F","tx_tipo_quadra":"FISCAL","cd_quadra_fiscal":"069","cd_subquadra_fiscal":null,"cd_condominio":"00","cd_tipo_lote":"F","tx_tipo_lote":"FISCAL","cd_lote":"0012","cd_situacao":1,"cd_digito_sql":"4","cd_logradouro":"184845","nm_logradouro_completo":"R ESTEFANO","cd_numero_porta":"148","tx_complemento_endereco":null,"tx_situ_lote":"ATIVO","cd_tipo_uso_imovel":"10","dc_tipo_uso_imovel":"Residencial","cd_tipo_terreno_imovel":1,"qt_area_terreno":166,"qt_area_construida":120}}},{"type":"Feature","geometry":{"type":"Polygon","coordinates":[[[-46.620523,-23.413412],[-46.620529,-23.413362],[-46.62085,-23.413346],[-46.620851,-23.413397],[-46.620757,-23.413401],[-46.620597,-23.413409],[-46.620523,-23.413412]]]},"properties":{"sqlu":"SP-004-160988","inscription":"SP-GEOSAMPA-2160988","inscricaoImobiliaria":"SP-IMO-2160988","setor":"004","quadra":"056","lote":"0026","sourceType":"OFFICIAL_IMPORT","mainAddress":"Setor Fiscal 004","zoneamento":"RESIDENCIAL","statusCadastral":"ATIVO","workflowStatus":"PENDENTE","isOfficial":true,"rawProperties":{"cd_identificador":2160988,"cd_identificador_original_lote":8920110,"cd_setor_fiscal":"004","cd_tipo_quadra":"F","tx_tipo_quadra":"FISCAL","cd_quadra_fiscal":"056","cd_subquadra_fiscal":null,"cd_condominio":"00","cd_tipo_lote":"F","tx_tipo_lote":"FISCAL","cd_lote":"0026","cd_situacao":1,"cd_digito_sql":"7","cd_logradouro":"122386","nm_logradouro_completo":"R LUIS GAMA","cd_numero_porta":"638","tx_complemento_endereco":null,"tx_situ_lote":"ATIVO","cd_tipo_uso_imovel":"40","dc_tipo_uso_imovel":"Não residencial","cd_tipo_terreno_imovel":1,"qt_area_terreno":191,"qt_area_construida":382}}},{"type":"Feature","geometry":{"type":"Polygon","coordinates":[[[-46.620525,-23.409729],[-46.620598,-23.409738],[-46.62063,-23.409743],[-46.620637,-23.409743],[-46.620644,-23.409744],[-46.620647,-23.409745],[-46.620737,-23.409756],[-46.620777,-23.409761],[-46.620818,-23.409766],[-46.620813,-23.409813],[-46.620777,-23.409808],[-46.620528,-23.409776],[-46.620525,-23.409729]]]},"properties":{"sqlu":"SP-004-161395","inscription":"SP-GEOSAMPA-2161395","inscricaoImobiliaria":"SP-IMO-2161395","setor":"004","quadra":"014","lote":"0007","sourceType":"OFFICIAL_IMPORT","mainAddress":"Setor Fiscal 004","zoneamento":"RESIDENCIAL","statusCadastral":"ATIVO","workflowStatus":"PENDENTE","isOfficial":true,"rawProperties":{"cd_identificador":2161395,"cd_identificador_original_lote":8920132,"cd_setor_fiscal":"004","cd_tipo_quadra":"F","tx_tipo_quadra":"FISCAL","cd_quadra_fiscal":"014","cd_subquadra_fiscal":null,"cd_condominio":"00","cd_tipo_lote":"F","tx_tipo_lote":"FISCAL","cd_lote":"0007","cd_situacao":1,"cd_digito_sql":"7","cd_logradouro":"122386","nm_logradouro_completo":"R LUIS GAMA","cd_numero_porta":"235","tx_complemento_endereco":null,"tx_situ_lote":"ATIVO","cd_tipo_uso_imovel":"10","dc_tipo_uso_imovel":"Residencial","cd_tipo_terreno_imovel":1,"qt_area_terreno":140,"qt_area_construida":100}}},{"type":"Feature","geometry":{"type":"Polygon","coordinates":[[[-46.623812,-23.414732],[-46.623602,-23.414792],[-46.623579,-23.414798],[-46.623561,-23.414744],[-46.623591,-23.414735],[-46.623794,-23.414679],[-46.623812,-23.414732]]]},"properties":{"sqlu":"SP-004-161311","inscription":"SP-GEOSAMPA-2161311","inscricaoImobiliaria":"SP-IMO-2161311","setor":"004","quadra":"052","lote":"0000","sourceType":"OFFICIAL_IMPORT","mainAddress":"Setor Fiscal 004","zoneamento":"RESIDENCIAL","statusCadastral":"ATIVO","workflowStatus":"PENDENTE","isOfficial":true,"rawProperties":{"cd_identificador":2161311,"cd_identificador_original_lote":8918690,"cd_setor_fiscal":"004","cd_tipo_quadra":"F","tx_tipo_quadra":"FISCAL","cd_quadra_fiscal":"052","cd_subquadra_fiscal":null,"cd_condominio":"04","cd_tipo_lote":"F","tx_tipo_lote":"FISCAL","cd_lote":"0000","cd_situacao":1,"cd_digito_sql":null,"cd_logradouro":"187801","nm_logradouro_completo":"R TEIXEIRA MENDES","cd_numero_porta":"115 119","tx_complemento_endereco":null,"tx_situ_lote":null,"cd_tipo_uso_imovel":"XX","dc_tipo_uso_imovel":"Condomínio","cd_tipo_terreno_imovel":99,"qt_area_terreno":160,"qt_area_construida":null}}},{"type":"Feature","geometry":{"type":"Polygon","coordinates":[[[-46.621458,-23.40918],[-46.621518,-23.409139],[-46.621563,-23.409185],[-46.621783,-23.409408],[-46.621847,-23.409472],[-46.62178,-23.409519],[-46.621713,-23.409449],[-46.621554,-23.409282],[-46.621519,-23.409245],[-46.621458,-23.40918]]]},"properties":{"sqlu":"SP-004-160881","inscription":"SP-GEOSAMPA-2160881","inscricaoImobiliaria":"SP-IMO-2160881","setor":"004","quadra":"013","lote":"0003","sourceType":"OFFICIAL_IMPORT","mainAddress":"Setor Fiscal 004","zoneamento":"RESIDENCIAL","statusCadastral":"ATIVO","workflowStatus":"PENDENTE","isOfficial":true,"rawProperties":{"cd_identificador":2160881,"cd_identificador_original_lote":8920179,"cd_setor_fiscal":"004","cd_tipo_quadra":"F","tx_tipo_quadra":"FISCAL","cd_quadra_fiscal":"013","cd_subquadra_fiscal":null,"cd_condominio":"00","cd_tipo_lote":"F","tx_tipo_lote":"FISCAL","cd_lote":"0003","cd_situacao":1,"cd_digito_sql":"1","cd_logradouro":"066427","nm_logradouro_completo":"AV DO ESTADO","cd_numero_porta":"4767","tx_complemento_endereco":"E 4773","tx_situ_lote":"ATIVO","cd_tipo_uso_imovel":"91","dc_tipo_uso_imovel":null,"cd_tipo_terreno_imovel":1,"qt_area_terreno":415,"qt_area_construida":587}}},{"type":"Feature","geometry":{"type":"Polygon","coordinates":[[[-46.618961,-23.410465],[-46.618972,-23.410594],[-46.618972,-23.4106],[-46.61898,-23.410697],[-46.618929,-23.410714],[-46.618926,-23.410714],[-46.618914,-23.410602],[-46.6189,-23.410468],[-46.618961,-23.410465]]]},"properties":{"sqlu":"SP-004-161225","inscription":"SP-GEOSAMPA-2161225","inscricaoImobiliaria":"SP-IMO-2161225","setor":"004","quadra":"026","lote":"0002","sourceType":"OFFICIAL_IMPORT","mainAddress":"Setor Fiscal 004","zoneamento":"RESIDENCIAL","statusCadastral":"ATIVO","workflowStatus":"PENDENTE","isOfficial":true,"rawProperties":{"cd_identificador":2161225,"cd_identificador_original_lote":8920535,"cd_setor_fiscal":"004","cd_tipo_quadra":"F","tx_tipo_quadra":"FISCAL","cd_quadra_fiscal":"026","cd_subquadra_fiscal":null,"cd_condominio":"00","cd_tipo_lote":"F","tx_tipo_lote":"FISCAL","cd_lote":"0002","cd_situacao":1,"cd_digito_sql":"9","cd_logradouro":"148806","nm_logradouro_completo":"R ODORICO MENDES","cd_numero_porta":"136","tx_complemento_endereco":null,"tx_situ_lote":"ATIVO","cd_tipo_uso_imovel":"14","dc_tipo_uso_imovel":"Residencial","cd_tipo_terreno_imovel":1,"qt_area_terreno":150,"qt_area_construida":220}}},{"type":"Feature","geometry":{"type":"Polygon","coordinates":[[[-46.618634,-23.408052],[-46.618618,-23.407809],[-46.618662,-23.407807],[-46.618676,-23.407806],[-46.618686,-23.407953],[-46.618693,-23.40805],[-46.618634,-23.408052]]]},"properties":{"sqlu":"SP-004-161489","inscription":"SP-GEOSAMPA-2161489","inscricaoImobiliaria":"SP-IMO-2161489","setor":"004","quadra":"007","lote":"0066","sourceType":"OFFICIAL_IMPORT","mainAddress":"Setor Fiscal 004","zoneamento":"RESIDENCIAL","statusCadastral":"ATIVO","workflowStatus":"PENDENTE","isOfficial":true,"rawProperties":{"cd_identificador":2161489,"cd_identificador_original_lote":8918496,"cd_setor_fiscal":"004","cd_tipo_quadra":"F","tx_tipo_quadra":"FISCAL","cd_quadra_fiscal":"007","cd_subquadra_fiscal":null,"cd_condominio":"00","cd_tipo_lote":"F","tx_tipo_lote":"FISCAL","cd_lote":"0066","cd_situacao":1,"cd_digito_sql":"2","cd_logradouro":"142131","nm_logradouro_completo":"R DA MOOCA","cd_numero_porta":"532","tx_complemento_endereco":"E 534","tx_situ_lote":"ATIVO","cd_tipo_uso_imovel":"40","dc_tipo_uso_imovel":"Não residencial","cd_tipo_terreno_imovel":1,"qt_area_terreno":210,"qt_area_construida":213}}},{"type":"Feature","geometry":{"type":"Polygon","coordinates":[[[-46.617011,-23.415462],[-46.617098,-23.415428],[-46.617181,-23.415601],[-46.617199,-23.415639],[-46.617216,-23.415673],[-46.617189,-23.415685],[-46.617172,-23.415693],[-46.617166,-23.415696],[-46.617126,-23.415713],[-46.617091,-23.415636],[-46.617034,-23.415513],[-46.617011,-23.415462]]]},"properties":{"sqlu":"SP-004-161475","inscription":"SP-GEOSAMPA-2161475","inscricaoImobiliaria":"SP-IMO-2161475","setor":"004","quadra":"069","lote":"0000","sourceType":"OFFICIAL_IMPORT","mainAddress":"Setor Fiscal 004","zoneamento":"RESIDENCIAL","statusCadastral":"ATIVO","workflowStatus":"PENDENTE","isOfficial":true,"rawProperties":{"cd_identificador":2161475,"cd_identificador_original_lote":8918917,"cd_setor_fiscal":"004","cd_tipo_quadra":"F","tx_tipo_quadra":"FISCAL","cd_quadra_fiscal":"069","cd_subquadra_fiscal":null,"cd_condominio":"02","cd_tipo_lote":"F","tx_tipo_lote":"FISCAL","cd_lote":"0000","cd_situacao":1,"cd_digito_sql":null,"cd_logradouro":"196304","nm_logradouro_completo":"R VICENTE DE CARVALHO","cd_numero_porta":"66 72","tx_complemento_endereco":null,"tx_situ_lote":null,"cd_tipo_uso_imovel":"XX","dc_tipo_uso_imovel":"Condomínio","cd_tipo_terreno_imovel":99,"qt_area_terreno":300,"qt_area_construida":null}}},{"type":"Feature","geometry":{"type":"Polygon","coordinates":[[[-46.616269,-23.416701],[-46.616229,-23.416716],[-46.616176,-23.416614],[-46.616171,-23.416604],[-46.616211,-23.416588],[-46.616216,-23.416598],[-46.616269,-23.416701]]]},"properties":{"sqlu":"SP-004-161477","inscription":"SP-GEOSAMPA-2161477","inscricaoImobiliaria":"SP-IMO-2161477","setor":"004","quadra":"070","lote":"0011","sourceType":"OFFICIAL_IMPORT","mainAddress":"Setor Fiscal 004","zoneamento":"RESIDENCIAL","statusCadastral":"ATIVO","workflowStatus":"PENDENTE","isOfficial":true,"rawProperties":{"cd_identificador":2161477,"cd_identificador_original_lote":8919593,"cd_setor_fiscal":"004","cd_tipo_quadra":"F","tx_tipo_quadra":"FISCAL","cd_quadra_fiscal":"070","cd_subquadra_fiscal":null,"cd_condominio":"00","cd_tipo_lote":"F","tx_tipo_lote":"FISCAL","cd_lote":"0011","cd_situacao":1,"cd_digito_sql":"9","cd_logradouro":"048291","nm_logradouro_completo":"R CESARIO RAMALHO","cd_numero_porta":"841","tx_complemento_endereco":null,"tx_situ_lote":"ATIVO","cd_tipo_uso_imovel":"10","dc_tipo_uso_imovel":"Residencial","cd_tipo_terreno_imovel":1,"qt_area_terreno":66,"qt_area_construida":100}}},{"type":"Feature","geometry":{"type":"Polygon","coordinates":[[[-46.624113,-23.410113],[-46.623329,-23.410014],[-46.623307,-23.409987],[-46.623367,-23.409509],[-46.62338,-23.409405],[-46.623409,-23.409171],[-46.623446,-23.408868],[-46.623761,-23.40851],[-46.623784,-23.408507],[-46.6239,-23.408512],[-46.624199,-23.408549],[-46.624599,-23.408599],[-46.624793,-23.408624],[-46.624829,-23.408628],[-46.624981,-23.408645],[-46.625023,-23.408654],[-46.625253,-23.408682],[-46.62526,-23.408682],[-46.625274,-23.408682],[-46.625289,-23.408683],[-46.625303,-23.408684],[-46.625318,-23.408686],[-46.625368,-23.408695],[-46.625373,-23.408699],[-46.625395,-23.408716],[-46.6254,-23.408721],[-46.625411,-23.408738],[-46.625411,-23.408745],[-46.62538,-23.408955],[-46.625344,-23.409213],[-46.625309,-23.40945],[-46.625303,-23.409496],[-46.625281,-23.409674],[-46.624902,-23.409625],[-46.62489,-23.409715],[-46.624183,-23.409623],[-46.624113,-23.410113]]]},"properties":{"sqlu":"SP-004-161289","inscription":"SP-GEOSAMPA-2161289","inscricaoImobiliaria":"SP-IMO-2161289","setor":"004","quadra":"012","lote":"0006","sourceType":"OFFICIAL_IMPORT","mainAddress":"Setor Fiscal 004","zoneamento":"RESIDENCIAL","statusCadastral":"ATIVO","workflowStatus":"PENDENTE","isOfficial":true,"rawProperties":{"cd_identificador":2161289,"cd_identificador_original_lote":8919393,"cd_setor_fiscal":"004","cd_tipo_quadra":"F","tx_tipo_quadra":"FISCAL","cd_quadra_fiscal":"012","cd_subquadra_fiscal":null,"cd_condominio":"00","cd_tipo_lote":"F","tx_tipo_lote":"FISCAL","cd_lote":"0006","cd_situacao":1,"cd_digito_sql":"1","cd_logradouro":"066427","nm_logradouro_completo":"AV DO ESTADO","cd_numero_porta":"4568","tx_complemento_endereco":null,"tx_situ_lote":"ATIVO","cd_tipo_uso_imovel":"72","dc_tipo_uso_imovel":"Não residencial","cd_tipo_terreno_imovel":2,"qt_area_terreno":26729,"qt_area_construida":63775}}},{"type":"Feature","geometry":{"type":"Polygon","coordinates":[[[-46.624113,-23.410113],[-46.624183,-23.409623],[-46.62489,-23.409715],[-46.624902,-23.409625],[-46.625281,-23.409674],[-46.625274,-23.409727],[-46.625231,-23.410037],[-46.625206,-23.410228],[-46.625201,-23.410233],[-46.625178,-23.410249],[-46.625171,-23.410249],[-46.624912,-23.410215],[-46.624113,-23.410113]]]},"properties":{"sqlu":"SP-004-161288","inscription":"SP-GEOSAMPA-2161288","inscricaoImobiliaria":"SP-IMO-2161288","setor":"004","quadra":"012","lote":"0003","sourceType":"OFFICIAL_IMPORT","mainAddress":"Setor Fiscal 004","zoneamento":"RESIDENCIAL","statusCadastral":"ATIVO","workflowStatus":"PENDENTE","isOfficial":true,"rawProperties":{"cd_identificador":2161288,"cd_identificador_original_lote":8919392,"cd_setor_fiscal":"004","cd_tipo_quadra":"F","tx_tipo_quadra":"FISCAL","cd_quadra_fiscal":"012","cd_subquadra_fiscal":null,"cd_condominio":"00","cd_tipo_lote":"F","tx_tipo_lote":"FISCAL","cd_lote":"0003","cd_situacao":1,"cd_digito_sql":"5","cd_logradouro":"162221","nm_logradouro_completo":"R PIEDADE","cd_numero_porta":"42","tx_complemento_endereco":null,"tx_situ_lote":"ATIVO","cd_tipo_uso_imovel":"84","dc_tipo_uso_imovel":"Não residencial","cd_tipo_terreno_imovel":2,"qt_area_terreno":6542,"qt_area_construida":270}}},{"type":"Feature","geometry":{"type":"Polygon","coordinates":[[[-46.62,-23.408729],[-46.619999,-23.408723],[-46.620026,-23.408722],[-46.620038,-23.408722],[-46.620206,-23.408716],[-46.620207,-23.408753],[-46.620123,-23.408755],[-46.620002,-23.408758],[-46.62,-23.408729]]]},"properties":{"sqlu":"SP-004-161524","inscription":"SP-GEOSAMPA-2161524","inscricaoImobiliaria":"SP-IMO-2161524","setor":"004","quadra":"005","lote":"0034","sourceType":"OFFICIAL_IMPORT","mainAddress":"Setor Fiscal 004","zoneamento":"RESIDENCIAL","statusCadastral":"ATIVO","workflowStatus":"PENDENTE","isOfficial":true,"rawProperties":{"cd_identificador":2161524,"cd_identificador_original_lote":8918847,"cd_setor_fiscal":"004","cd_tipo_quadra":"F","tx_tipo_quadra":"FISCAL","cd_quadra_fiscal":"005","cd_subquadra_fiscal":null,"cd_condominio":"00","cd_tipo_lote":"F","tx_tipo_lote":"FISCAL","cd_lote":"0034","cd_situacao":1,"cd_digito_sql":"5","cd_logradouro":"035173","nm_logradouro_completo":"R DOM BOSCO","cd_numero_porta":"71","tx_complemento_endereco":"CS22","tx_situ_lote":"ATIVO","cd_tipo_uso_imovel":"10","dc_tipo_uso_imovel":"Residencial","cd_tipo_terreno_imovel":4,"qt_area_terreno":54,"qt_area_construida":60}}},{"type":"Feature","geometry":{"type":"Polygon","coordinates":[[[-46.616088,-23.410698],[-46.616094,-23.410734],[-46.616096,-23.410743],[-46.616026,-23.410746],[-46.615981,-23.410749],[-46.615954,-23.41075],[-46.615919,-23.410752],[-46.615918,-23.410744],[-46.615917,-23.41074],[-46.615912,-23.41071],[-46.616088,-23.410698]]]},"properties":{"sqlu":"SP-004-161351","inscription":"SP-GEOSAMPA-2161351","inscricaoImobiliaria":"SP-IMO-2161351","setor":"004","quadra":"028","lote":"0081","sourceType":"OFFICIAL_IMPORT","mainAddress":"Setor Fiscal 004","zoneamento":"RESIDENCIAL","statusCadastral":"ATIVO","workflowStatus":"PENDENTE","isOfficial":true,"rawProperties":{"cd_identificador":2161351,"cd_identificador_original_lote":8920399,"cd_setor_fiscal":"004","cd_tipo_quadra":"F","tx_tipo_quadra":"FISCAL","cd_quadra_fiscal":"028","cd_subquadra_fiscal":null,"cd_condominio":"00","cd_tipo_lote":"F","tx_tipo_lote":"FISCAL","cd_lote":"0081","cd_situacao":1,"cd_digito_sql":"8","cd_logradouro":"098310","nm_logradouro_completo":"R BR DE JAGUARA","cd_numero_porta":"429","tx_complemento_endereco":null,"tx_situ_lote":"ATIVO","cd_tipo_uso_imovel":"00","dc_tipo_uso_imovel":"Terreno","cd_tipo_terreno_imovel":1,"qt_area_terreno":90,"qt_area_construida":0}}},{"type":"Feature","geometry":{"type":"Polygon","coordinates":[[[-46.619455,-23.409544],[-46.619577,-23.409539],[-46.619585,-23.409724],[-46.619463,-23.409729],[-46.619455,-23.409544]]]},"properties":{"sqlu":"SP-004-161293","inscription":"SP-GEOSAMPA-2161293","inscricaoImobiliaria":"SP-IMO-2161293","setor":"004","quadra":"014","lote":"0032","sourceType":"OFFICIAL_IMPORT","mainAddress":"Setor Fiscal 004","zoneamento":"RESIDENCIAL","statusCadastral":"ATIVO","workflowStatus":"PENDENTE","isOfficial":true,"rawProperties":{"cd_identificador":2161293,"cd_identificador_original_lote":8920592,"cd_setor_fiscal":"004","cd_tipo_quadra":"F","tx_tipo_quadra":"FISCAL","cd_quadra_fiscal":"014","cd_subquadra_fiscal":null,"cd_condominio":"00","cd_tipo_lote":"F","tx_tipo_lote":"FISCAL","cd_lote":"0032","cd_situacao":1,"cd_digito_sql":"8","cd_logradouro":"035173","nm_logradouro_completo":"R DOM BOSCO","cd_numero_porta":"142","tx_complemento_endereco":"E 148","tx_situ_lote":"ATIVO","cd_tipo_uso_imovel":"50","dc_tipo_uso_imovel":"Não residencial","cd_tipo_terreno_imovel":1,"qt_area_terreno":259,"qt_area_construida":563}}},{"type":"Feature","geometry":{"type":"Polygon","coordinates":[[[-46.61619,-23.414158],[-46.6161,-23.414191],[-46.615842,-23.413663],[-46.615845,-23.413662],[-46.615928,-23.413619],[-46.61609,-23.413951],[-46.61619,-23.414158]]]},"properties":{"sqlu":"SP-004-161631","inscription":"SP-GEOSAMPA-2161631","inscricaoImobiliaria":"SP-IMO-2161631","setor":"004","quadra":"059","lote":"0010","sourceType":"OFFICIAL_IMPORT","mainAddress":"Setor Fiscal 004","zoneamento":"RESIDENCIAL","statusCadastral":"ATIVO","workflowStatus":"PENDENTE","isOfficial":true,"rawProperties":{"cd_identificador":2161631,"cd_identificador_original_lote":8919793,"cd_setor_fiscal":"004","cd_tipo_quadra":"F","tx_tipo_quadra":"FISCAL","cd_quadra_fiscal":"059","cd_subquadra_fiscal":null,"cd_condominio":"00","cd_tipo_lote":"F","tx_tipo_lote":"FISCAL","cd_lote":"0010","cd_situacao":1,"cd_digito_sql":"4","cd_logradouro":"145637","nm_logradouro_completo":"R NICOLAU ANCONA LOPEZ","cd_numero_porta":"105","tx_complemento_endereco":null,"tx_situ_lote":"ATIVO","cd_tipo_uso_imovel":"50","dc_tipo_uso_imovel":"Não residencial","cd_tipo_terreno_imovel":1,"qt_area_terreno":650,"qt_area_construida":734}}},{"type":"Feature","geometry":{"type":"Polygon","coordinates":[[[-46.621537,-23.413553],[-46.621559,-23.413651],[-46.62157,-23.413697],[-46.621552,-23.413699],[-46.62151,-23.413705],[-46.621468,-23.413456],[-46.621451,-23.413351],[-46.621489,-23.413346],[-46.621537,-23.413553]]]},"properties":{"sqlu":"SP-004-161787","inscription":"SP-GEOSAMPA-2161787","inscricaoImobiliaria":"SP-IMO-2161787","setor":"004","quadra":"056","lote":"0003","sourceType":"OFFICIAL_IMPORT","mainAddress":"Setor Fiscal 004","zoneamento":"RESIDENCIAL","statusCadastral":"ATIVO","workflowStatus":"PENDENTE","isOfficial":true,"rawProperties":{"cd_identificador":2161787,"cd_identificador_original_lote":8920341,"cd_setor_fiscal":"004","cd_tipo_quadra":"F","tx_tipo_quadra":"FISCAL","cd_quadra_fiscal":"056","cd_subquadra_fiscal":null,"cd_condominio":"00","cd_tipo_lote":"F","tx_tipo_lote":"FISCAL","cd_lote":"0003","cd_situacao":1,"cd_digito_sql":"8","cd_logradouro":"182087","nm_logradouro_completo":"R SILVEIRA DA MOTA","cd_numero_porta":"25","tx_complemento_endereco":"25A","tx_situ_lote":"ATIVO","cd_tipo_uso_imovel":"42","dc_tipo_uso_imovel":"Não residencial","cd_tipo_terreno_imovel":1,"qt_area_terreno":240,"qt_area_construida":306}}},{"type":"Feature","geometry":{"type":"Polygon","coordinates":[[[-46.621537,-23.413553],[-46.621658,-23.413536],[-46.621683,-23.413606],[-46.621708,-23.413678],[-46.621671,-23.413683],[-46.62157,-23.413697],[-46.621559,-23.413651],[-46.621537,-23.413553]]]},"properties":{"sqlu":"SP-004-161788","inscription":"SP-GEOSAMPA-2161788","inscricaoImobiliaria":"SP-IMO-2161788","setor":"004","quadra":"056","lote":"0056","sourceType":"OFFICIAL_IMPORT","mainAddress":"Setor Fiscal 004","zoneamento":"RESIDENCIAL","statusCadastral":"ATIVO","workflowStatus":"PENDENTE","isOfficial":true,"rawProperties":{"cd_identificador":2161788,"cd_identificador_original_lote":8920343,"cd_setor_fiscal":"004","cd_tipo_quadra":"F","tx_tipo_quadra":"FISCAL","cd_quadra_fiscal":"056","cd_subquadra_fiscal":null,"cd_condominio":"00","cd_tipo_lote":"F","tx_tipo_lote":"FISCAL","cd_lote":"0056","cd_situacao":1,"cd_digito_sql":"9","cd_logradouro":"182087","nm_logradouro_completo":"R SILVEIRA DA MOTA","cd_numero_porta":"15","tx_complemento_endereco":"23","tx_situ_lote":"ATIVO","cd_tipo_uso_imovel":"40","dc_tipo_uso_imovel":"Não residencial","cd_tipo_terreno_imovel":2,"qt_area_terreno":246,"qt_area_construida":400}}},{"type":"Feature","geometry":{"type":"Polygon","coordinates":[[[-46.617434,-23.417225],[-46.61745,-23.417258],[-46.617333,-23.417308],[-46.617323,-23.41729],[-46.617315,-23.417274],[-46.617341,-23.417263],[-46.617363,-23.417254],[-46.617434,-23.417225]]]},"properties":{"sqlu":"SP-004-161847","inscription":"SP-GEOSAMPA-2161847","inscricaoImobiliaria":"SP-IMO-2161847","setor":"004","quadra":"072","lote":"0052","sourceType":"OFFICIAL_IMPORT","mainAddress":"Setor Fiscal 004","zoneamento":"RESIDENCIAL","statusCadastral":"ATIVO","workflowStatus":"PENDENTE","isOfficial":true,"rawProperties":{"cd_identificador":2161847,"cd_identificador_original_lote":8919002,"cd_setor_fiscal":"004","cd_tipo_quadra":"F","tx_tipo_quadra":"FISCAL","cd_quadra_fiscal":"072","cd_subquadra_fiscal":null,"cd_condominio":"00","cd_tipo_lote":"F","tx_tipo_lote":"FISCAL","cd_lote":"0052","cd_situacao":1,"cd_digito_sql":"5","cd_logradouro":"184845","nm_logradouro_completo":"R ESTEFANO","cd_numero_porta":"281","tx_complemento_endereco":null,"tx_situ_lote":"ATIVO","cd_tipo_uso_imovel":"10","dc_tipo_uso_imovel":"Residencial","cd_tipo_terreno_imovel":1,"qt_area_terreno":59,"qt_area_construida":100}}},{"type":"Feature","geometry":{"type":"Polygon","coordinates":[[[-46.61697,-23.413678],[-46.616975,-23.413689],[-46.616988,-23.413722],[-46.616908,-23.413754],[-46.616856,-23.413774],[-46.616852,-23.413776],[-46.616792,-23.413797],[-46.616775,-23.413755],[-46.616835,-23.413731],[-46.616848,-23.413726],[-46.616948,-23.413686],[-46.61697,-23.413678]]]},"properties":{"sqlu":"SP-004-161598","inscription":"SP-GEOSAMPA-2161598","inscricaoImobiliaria":"SP-IMO-2161598","setor":"004","quadra":"059","lote":"0097","sourceType":"OFFICIAL_IMPORT","mainAddress":"Setor Fiscal 004","zoneamento":"RESIDENCIAL","statusCadastral":"ATIVO","workflowStatus":"PENDENTE","isOfficial":true,"rawProperties":{"cd_identificador":2161598,"cd_identificador_original_lote":8919805,"cd_setor_fiscal":"004","cd_tipo_quadra":"F","tx_tipo_quadra":"FISCAL","cd_quadra_fiscal":"059","cd_subquadra_fiscal":null,"cd_condominio":"00","cd_tipo_lote":"F","tx_tipo_lote":"FISCAL","cd_lote":"0097","cd_situacao":1,"cd_digito_sql":"1","cd_logradouro":"098310","nm_logradouro_completo":"R BR DE JAGUARA","cd_numero_porta":"769","tx_complemento_endereco":null,"tx_situ_lote":"ATIVO","cd_tipo_uso_imovel":"10","dc_tipo_uso_imovel":"Residencial","cd_tipo_terreno_imovel":1,"qt_area_terreno":100,"qt_area_construida":120}}},{"type":"Feature","geometry":{"type":"Polygon","coordinates":[[[-46.618109,-23.417021],[-46.618102,-23.417004],[-46.61809,-23.416973],[-46.618055,-23.416886],[-46.618104,-23.416872],[-46.618105,-23.416874],[-46.61811,-23.416886],[-46.618117,-23.416905],[-46.618131,-23.416939],[-46.618143,-23.416968],[-46.618144,-23.416972],[-46.618157,-23.417003],[-46.618154,-23.417004],[-46.618109,-23.417021]]]},"properties":{"sqlu":"SP-004-161832","inscription":"SP-GEOSAMPA-2161832","inscricaoImobiliaria":"SP-IMO-2161832","setor":"004","quadra":"071","lote":"0038","sourceType":"OFFICIAL_IMPORT","mainAddress":"Setor Fiscal 004","zoneamento":"RESIDENCIAL","statusCadastral":"ATIVO","workflowStatus":"PENDENTE","isOfficial":true,"rawProperties":{"cd_identificador":2161832,"cd_identificador_original_lote":8919361,"cd_setor_fiscal":"004","cd_tipo_quadra":"F","tx_tipo_quadra":"FISCAL","cd_quadra_fiscal":"071","cd_subquadra_fiscal":null,"cd_condominio":"00","cd_tipo_lote":"F","tx_tipo_lote":"FISCAL","cd_lote":"0038","cd_situacao":1,"cd_digito_sql":"5","cd_logradouro":"098310","nm_logradouro_completo":"R BR DE JAGUARA","cd_numero_porta":"1133","tx_complemento_endereco":"CS 2","tx_situ_lote":"ATIVO","cd_tipo_uso_imovel":"10","dc_tipo_uso_imovel":"Residencial","cd_tipo_terreno_imovel":4,"qt_area_terreno":82,"qt_area_construida":109}}},{"type":"Feature","geometry":{"type":"Polygon","coordinates":[[[-46.617924,-23.415676],[-46.617988,-23.415652],[-46.618288,-23.415545],[-46.618312,-23.415603],[-46.618253,-23.415624],[-46.618196,-23.415644],[-46.617947,-23.415733],[-46.617924,-23.415676]]]},"properties":{"sqlu":"SP-004-161819","inscription":"SP-GEOSAMPA-2161819","inscricaoImobiliaria":"SP-IMO-2161819","setor":"004","quadra":"063","lote":"0007","sourceType":"OFFICIAL_IMPORT","mainAddress":"Setor Fiscal 004","zoneamento":"RESIDENCIAL","statusCadastral":"ATIVO","workflowStatus":"PENDENTE","isOfficial":true,"rawProperties":{"cd_identificador":2161819,"cd_identificador_original_lote":8919105,"cd_setor_fiscal":"004","cd_tipo_quadra":"F","tx_tipo_quadra":"FISCAL","cd_quadra_fiscal":"063","cd_subquadra_fiscal":null,"cd_condominio":"00","cd_tipo_lote":"F","tx_tipo_lote":"FISCAL","cd_lote":"0007","cd_situacao":1,"cd_digito_sql":"0","cd_logradouro":"098310","nm_logradouro_completo":"R BR DE JAGUARA","cd_numero_porta":"1012","tx_complemento_endereco":"E 1014","tx_situ_lote":"ATIVO","cd_tipo_uso_imovel":"43","dc_tipo_uso_imovel":"Não residencial","cd_tipo_terreno_imovel":1,"qt_area_terreno":280,"qt_area_construida":674}}},{"type":"Feature","geometry":{"type":"Polygon","coordinates":[[[-46.61697,-23.413678],[-46.616948,-23.413686],[-46.616848,-23.413726],[-46.616835,-23.413731],[-46.616775,-23.413755],[-46.616732,-23.413772],[-46.616728,-23.413762],[-46.616712,-23.413719],[-46.616821,-23.413677],[-46.616949,-23.413627],[-46.616965,-23.413667],[-46.61697,-23.413678]]]},"properties":{"sqlu":"SP-004-161599","inscription":"SP-GEOSAMPA-2161599","inscricaoImobiliaria":"SP-IMO-2161599","setor":"004","quadra":"059","lote":"0096","sourceType":"OFFICIAL_IMPORT","mainAddress":"Setor Fiscal 004","zoneamento":"RESIDENCIAL","statusCadastral":"ATIVO","workflowStatus":"PENDENTE","isOfficial":true,"rawProperties":{"cd_identificador":2161599,"cd_identificador_original_lote":8919806,"cd_setor_fiscal":"004","cd_tipo_quadra":"F","tx_tipo_quadra":"FISCAL","cd_quadra_fiscal":"059","cd_subquadra_fiscal":null,"cd_condominio":"00","cd_tipo_lote":"F","tx_tipo_lote":"FISCAL","cd_lote":"0096","cd_situacao":1,"cd_digito_sql":"1","cd_logradouro":"098310","nm_logradouro_completo":"R BR DE JAGUARA","cd_numero_porta":"767","tx_complemento_endereco":"771","tx_situ_lote":"ATIVO","cd_tipo_uso_imovel":"10","dc_tipo_uso_imovel":"Residencial","cd_tipo_terreno_imovel":1,"qt_area_terreno":162,"qt_area_construida":120}}},{"type":"Feature","geometry":{"type":"Polygon","coordinates":[[[-46.619934,-23.415649],[-46.619958,-23.415643],[-46.619992,-23.415635],[-46.620019,-23.415629],[-46.620124,-23.415604],[-46.620111,-23.415715],[-46.620074,-23.415714],[-46.620053,-23.415713],[-46.620024,-23.415712],[-46.619888,-23.415706],[-46.619893,-23.415703],[-46.619946,-23.415677],[-46.619934,-23.415649]]]},"properties":{"sqlu":"SP-004-161739","inscription":"SP-GEOSAMPA-2161739","inscricaoImobiliaria":"SP-IMO-2161739","setor":"004","quadra":"068","lote":"0069","sourceType":"OFFICIAL_IMPORT","mainAddress":"Setor Fiscal 004","zoneamento":"RESIDENCIAL","statusCadastral":"ATIVO","workflowStatus":"PENDENTE","isOfficial":true,"rawProperties":{"cd_identificador":2161739,"cd_identificador_original_lote":8919649,"cd_setor_fiscal":"004","cd_tipo_quadra":"F","tx_tipo_quadra":"FISCAL","cd_quadra_fiscal":"068","cd_subquadra_fiscal":null,"cd_condominio":"00","cd_tipo_lote":"F","tx_tipo_lote":"FISCAL","cd_lote":"0069","cd_situacao":1,"cd_digito_sql":"3","cd_logradouro":"122386","nm_logradouro_completo":"R LUIS GAMA","cd_numero_porta":"895","tx_complemento_endereco":"E 899","tx_situ_lote":"ATIVO","cd_tipo_uso_imovel":"14","dc_tipo_uso_imovel":"Residencial","cd_tipo_terreno_imovel":1,"qt_area_terreno":275,"qt_area_construida":240}}},{"type":"Feature","geometry":{"type":"Polygon","coordinates":[[[-46.619934,-23.415649],[-46.619946,-23.415677],[-46.619893,-23.415703],[-46.619886,-23.415689],[-46.619835,-23.415574],[-46.619892,-23.415554],[-46.61992,-23.415618],[-46.619929,-23.415639],[-46.619934,-23.415649]]]},"properties":{"sqlu":"SP-004-161738","inscription":"SP-GEOSAMPA-2161738","inscricaoImobiliaria":"SP-IMO-2161738","setor":"004","quadra":"068","lote":"0066","sourceType":"OFFICIAL_IMPORT","mainAddress":"Setor Fiscal 004","zoneamento":"RESIDENCIAL","statusCadastral":"ATIVO","workflowStatus":"PENDENTE","isOfficial":true,"rawProperties":{"cd_identificador":2161738,"cd_identificador_original_lote":8919383,"cd_setor_fiscal":"004","cd_tipo_quadra":"F","tx_tipo_quadra":"FISCAL","cd_quadra_fiscal":"068","cd_subquadra_fiscal":null,"cd_condominio":"00","cd_tipo_lote":"F","tx_tipo_lote":"FISCAL","cd_lote":"0066","cd_situacao":1,"cd_digito_sql":"9","cd_logradouro":"048291","nm_logradouro_completo":"R CESARIO RAMALHO","cd_numero_porta":"452","tx_complemento_endereco":null,"tx_situ_lote":"ATIVO","cd_tipo_uso_imovel":"10","dc_tipo_uso_imovel":"Residencial","cd_tipo_terreno_imovel":1,"qt_area_terreno":90,"qt_area_construida":154}}},{"type":"Feature","geometry":{"type":"Polygon","coordinates":[[[-46.620523,-23.40897],[-46.620514,-23.409034],[-46.620508,-23.40908],[-46.620501,-23.409125],[-46.620501,-23.40908],[-46.6205,-23.409035],[-46.620498,-23.408971],[-46.620496,-23.408844],[-46.620494,-23.408748],[-46.620554,-23.408746],[-46.62054,-23.408842],[-46.620523,-23.40897]]]},"properties":{"sqlu":"SP-004-161688","inscription":"SP-GEOSAMPA-2161688","inscricaoImobiliaria":"SP-IMO-2161688","setor":"004","quadra":"005","lote":"0062","sourceType":"OFFICIAL_IMPORT","mainAddress":"Setor Fiscal 004","zoneamento":"RESIDENCIAL","statusCadastral":"ATIVO","workflowStatus":"PENDENTE","isOfficial":true,"rawProperties":{"cd_identificador":2161688,"cd_identificador_original_lote":8919023,"cd_setor_fiscal":"004","cd_tipo_quadra":"F","tx_tipo_quadra":"FISCAL","cd_quadra_fiscal":"005","cd_subquadra_fiscal":null,"cd_condominio":"00","cd_tipo_lote":"F","tx_tipo_lote":"FISCAL","cd_lote":"0062","cd_situacao":1,"cd_digito_sql":"0","cd_logradouro":"651516","nm_logradouro_completo":"RP SEM DENOMINACAO (MOOCA)","cd_numero_porta":"S/N","tx_complemento_endereco":null,"tx_situ_lote":"ATIVO","cd_tipo_uso_imovel":"50","dc_tipo_uso_imovel":"Não residencial","cd_tipo_terreno_imovel":1,"qt_area_terreno":149,"qt_area_construida":149}}},{"type":"Feature","geometry":{"type":"Polygon","coordinates":[[[-46.620523,-23.40897],[-46.620617,-23.408966],[-46.620763,-23.408959],[-46.620877,-23.408954],[-46.620916,-23.408952],[-46.620919,-23.408952],[-46.620911,-23.409016],[-46.620872,-23.409018],[-46.62065,-23.409028],[-46.620622,-23.409029],[-46.620514,-23.409034],[-46.620523,-23.40897]]]},"properties":{"sqlu":"SP-004-161689","inscription":"SP-GEOSAMPA-2161689","inscricaoImobiliaria":"SP-IMO-2161689","setor":"004","quadra":"005","lote":"0044","sourceType":"OFFICIAL_IMPORT","mainAddress":"Setor Fiscal 004","zoneamento":"RESIDENCIAL","statusCadastral":"ATIVO","workflowStatus":"PENDENTE","isOfficial":true,"rawProperties":{"cd_identificador":2161689,"cd_identificador_original_lote":8920329,"cd_setor_fiscal":"004","cd_tipo_quadra":"F","tx_tipo_quadra":"FISCAL","cd_quadra_fiscal":"005","cd_subquadra_fiscal":null,"cd_condominio":"00","cd_tipo_lote":"F","tx_tipo_lote":"FISCAL","cd_lote":"0044","cd_situacao":1,"cd_digito_sql":"2","cd_logradouro":"122386","nm_logradouro_completo":"R LUIS GAMA","cd_numero_porta":"141","tx_complemento_endereco":null,"tx_situ_lote":"ATIVO","cd_tipo_uso_imovel":"71","dc_tipo_uso_imovel":"Não residencial","cd_tipo_terreno_imovel":1,"qt_area_terreno":280,"qt_area_construida":175}}},{"type":"Feature","geometry":{"type":"Polygon","coordinates":[[[-46.623044,-23.407733],[-46.623098,-23.407731],[-46.623105,-23.4078],[-46.623115,-23.407905],[-46.623115,-23.40791],[-46.623068,-23.407913],[-46.623055,-23.407814],[-46.623044,-23.407733]]]},"properties":{"sqlu":"SP-004-161943","inscription":"SP-GEOSAMPA-2161943","inscricaoImobiliaria":"SP-IMO-2161943","setor":"004","quadra":"003","lote":"0029","sourceType":"OFFICIAL_IMPORT","mainAddress":"Setor Fiscal 004","zoneamento":"RESIDENCIAL","statusCadastral":"ATIVO","workflowStatus":"PENDENTE","isOfficial":true,"rawProperties":{"cd_identificador":2161943,"cd_identificador_original_lote":8918491,"cd_setor_fiscal":"004","cd_tipo_quadra":"F","tx_tipo_quadra":"FISCAL","cd_quadra_fiscal":"003","cd_subquadra_fiscal":null,"cd_condominio":"00","cd_tipo_lote":"F","tx_tipo_lote":"FISCAL","cd_lote":"0029","cd_situacao":1,"cd_digito_sql":"1","cd_logradouro":"142131","nm_logradouro_completo":"R DA MOOCA","cd_numero_porta":"84","tx_complemento_endereco":"E 86","tx_situ_lote":"ATIVO","cd_tipo_uso_imovel":"40","dc_tipo_uso_imovel":"Não residencial","cd_tipo_terreno_imovel":1,"qt_area_terreno":98,"qt_area_construida":265}}},{"type":"Feature","geometry":{"type":"Polygon","coordinates":[[[-46.614731,-23.408745],[-46.614653,-23.408752],[-46.614642,-23.408661],[-46.614629,-23.40854],[-46.614607,-23.408345],[-46.614593,-23.408223],[-46.61458,-23.408103],[-46.614605,-23.408101],[-46.614659,-23.408096],[-46.614686,-23.408339],[-46.614698,-23.408448],[-46.614713,-23.408577],[-46.614731,-23.408745]]]},"properties":{"sqlu":"SP-004-162214","inscription":"SP-GEOSAMPA-2162214","inscricaoImobiliaria":"SP-IMO-2162214","setor":"004","quadra":"009","lote":"0208","sourceType":"OFFICIAL_IMPORT","mainAddress":"Setor Fiscal 004","zoneamento":"RESIDENCIAL","statusCadastral":"ATIVO","workflowStatus":"PENDENTE","isOfficial":true,"rawProperties":{"cd_identificador":2162214,"cd_identificador_original_lote":8919331,"cd_setor_fiscal":"004","cd_tipo_quadra":"F","tx_tipo_quadra":"FISCAL","cd_quadra_fiscal":"009","cd_subquadra_fiscal":null,"cd_condominio":"00","cd_tipo_lote":"F","tx_tipo_lote":"FISCAL","cd_lote":"0208","cd_situacao":1,"cd_digito_sql":"7","cd_logradouro":"142131","nm_logradouro_completo":"R DA MOOCA","cd_numero_porta":"944","tx_complemento_endereco":null,"tx_situ_lote":"ATIVO","cd_tipo_uso_imovel":"74","dc_tipo_uso_imovel":"Não residencial","cd_tipo_terreno_imovel":3,"qt_area_terreno":576,"qt_area_construida":358}}},{"type":"Feature","geometry":{"type":"Polygon","coordinates":[[[-46.61728,-23.410859],[-46.617274,-23.410794],[-46.617688,-23.410773],[-46.617694,-23.41083],[-46.617548,-23.410836],[-46.617472,-23.410839],[-46.61747,-23.410839],[-46.617422,-23.410844],[-46.617381,-23.410848],[-46.617351,-23.410851],[-46.617304,-23.410856],[-46.61728,-23.410859]]]},"properties":{"sqlu":"SP-004-162135","inscription":"SP-GEOSAMPA-2162135","inscricaoImobiliaria":"SP-IMO-2162135","setor":"004","quadra":"027","lote":"0004","sourceType":"OFFICIAL_IMPORT","mainAddress":"Setor Fiscal 004","zoneamento":"RESIDENCIAL","statusCadastral":"ATIVO","workflowStatus":"PENDENTE","isOfficial":true,"rawProperties":{"cd_identificador":2162135,"cd_identificador_original_lote":8920581,"cd_setor_fiscal":"004","cd_tipo_quadra":"F","tx_tipo_quadra":"FISCAL","cd_quadra_fiscal":"027","cd_subquadra_fiscal":null,"cd_condominio":"00","cd_tipo_lote":"F","tx_tipo_lote":"FISCAL","cd_lote":"0004","cd_situacao":1,"cd_digito_sql":"1","cd_logradouro":"151181","nm_logradouro_completo":"R OSCAR HORTA","cd_numero_porta":"329","tx_complemento_endereco":null,"tx_situ_lote":"ATIVO","cd_tipo_uso_imovel":"51","dc_tipo_uso_imovel":"Não residencial","cd_tipo_terreno_imovel":1,"qt_area_terreno":338,"qt_area_construida":338}}},{"type":"Feature","geometry":{"type":"Polygon","coordinates":[[[-46.623585,-23.407807],[-46.623503,-23.407762],[-46.623436,-23.407728],[-46.623352,-23.407714],[-46.623392,-23.407704],[-46.623608,-23.407541],[-46.623622,-23.407533],[-46.623629,-23.407531],[-46.623636,-23.40753],[-46.623644,-23.407529],[-46.623651,-23.407529],[-46.623658,-23.407528],[-46.623666,-23.407528],[-46.623673,-23.407529],[-46.62368,-23.407529],[-46.623688,-23.40753],[-46.623694,-23.407533],[-46.6237,-23.407537],[-46.623705,-23.407543],[-46.623708,-23.407549],[-46.62371,-23.407555],[-46.62371,-23.407562],[-46.623705,-23.40758],[-46.623671,-23.407644],[-46.623585,-23.407807]]]},"properties":{"sqlu":"SP-004-162154","inscription":"SP-GEOSAMPA-2162154","inscricaoImobiliaria":"SP-IMO-2162154","setor":"004","quadra":"003","lote":"0001","sourceType":"OFFICIAL_IMPORT","mainAddress":"Setor Fiscal 004","zoneamento":"RESIDENCIAL","statusCadastral":"ATIVO","workflowStatus":"PENDENTE","isOfficial":true,"rawProperties":{"cd_identificador":2162154,"cd_identificador_original_lote":8918608,"cd_setor_fiscal":"004","cd_tipo_quadra":"F","tx_tipo_quadra":"FISCAL","cd_quadra_fiscal":"003","cd_subquadra_fiscal":null,"cd_condominio":"00","cd_tipo_lote":"M","tx_tipo_lote":"MUNICIPAL","cd_lote":"0001","cd_situacao":1,"cd_digito_sql":null,"cd_logradouro":null,"nm_logradouro_completo":null,"cd_numero_porta":null,"tx_complemento_endereco":null,"tx_situ_lote":null,"cd_tipo_uso_imovel":null,"dc_tipo_uso_imovel":null,"cd_tipo_terreno_imovel":null,"qt_area_terreno":null,"qt_area_construida":null}}},{"type":"Feature","geometry":{"type":"Polygon","coordinates":[[[-46.61857,-23.416308],[-46.618535,-23.41632],[-46.618445,-23.41635],[-46.618325,-23.416391],[-46.618231,-23.416422],[-46.61819,-23.416323],[-46.618264,-23.416296],[-46.618283,-23.416289],[-46.618305,-23.416282],[-46.618374,-23.416256],[-46.61839,-23.416251],[-46.618401,-23.416247],[-46.618427,-23.416237],[-46.618457,-23.416227],[-46.61846,-23.416225],[-46.618465,-23.416238],[-46.618496,-23.416227],[-46.618529,-23.416216],[-46.61857,-23.416308]]]},"properties":{"sqlu":"SP-004-161919","inscription":"SP-GEOSAMPA-2161919","inscricaoImobiliaria":"SP-IMO-2161919","setor":"004","quadra":"068","lote":"0039","sourceType":"OFFICIAL_IMPORT","mainAddress":"Setor Fiscal 004","zoneamento":"RESIDENCIAL","statusCadastral":"ATIVO","workflowStatus":"PENDENTE","isOfficial":true,"rawProperties":{"cd_identificador":2161919,"cd_identificador_original_lote":8919651,"cd_setor_fiscal":"004","cd_tipo_quadra":"F","tx_tipo_quadra":"FISCAL","cd_quadra_fiscal":"068","cd_subquadra_fiscal":null,"cd_condominio":"00","cd_tipo_lote":"F","tx_tipo_lote":"FISCAL","cd_lote":"0039","cd_situacao":1,"cd_digito_sql":"1","cd_logradouro":"098310","nm_logradouro_completo":"R BR DE JAGUARA","cd_numero_porta":"1086","tx_complemento_endereco":"1092 E 1094","tx_situ_lote":"ATIVO","cd_tipo_uso_imovel":"22","dc_tipo_uso_imovel":"Residencial","cd_tipo_terreno_imovel":1,"qt_area_terreno":428,"qt_area_construida":983}}},{"type":"Feature","geometry":{"type":"Polygon","coordinates":[[[-46.61857,-23.416308],[-46.618529,-23.416216],[-46.618459,-23.416063],[-46.618565,-23.416026],[-46.618729,-23.41597],[-46.618767,-23.416059],[-46.618907,-23.416387],[-46.618863,-23.416402],[-46.618647,-23.416475],[-46.618604,-23.416382],[-46.61857,-23.416308]]]},"properties":{"sqlu":"SP-004-161918","inscription":"SP-GEOSAMPA-2161918","inscricaoImobiliaria":"SP-IMO-2161918","setor":"004","quadra":"068","lote":"0096","sourceType":"OFFICIAL_IMPORT","mainAddress":"Setor Fiscal 004","zoneamento":"RESIDENCIAL","statusCadastral":"ATIVO","workflowStatus":"PENDENTE","isOfficial":true,"rawProperties":{"cd_identificador":2161918,"cd_identificador_original_lote":8919379,"cd_setor_fiscal":"004","cd_tipo_quadra":"F","tx_tipo_quadra":"FISCAL","cd_quadra_fiscal":"068","cd_subquadra_fiscal":null,"cd_condominio":"00","cd_tipo_lote":"F","tx_tipo_lote":"FISCAL","cd_lote":"0096","cd_situacao":1,"cd_digito_sql":"0","cd_logradouro":"048291","nm_logradouro_completo":"R CESARIO RAMALHO","cd_numero_porta":"S/N","tx_complemento_endereco":null,"tx_situ_lote":"ATIVO","cd_tipo_uso_imovel":"00","dc_tipo_uso_imovel":"Terreno","cd_tipo_terreno_imovel":1,"qt_area_terreno":1283,"qt_area_construida":0}}},{"type":"Feature","geometry":{"type":"Polygon","coordinates":[[[-46.616136,-23.417181],[-46.616113,-23.417133],[-46.616384,-23.417034],[-46.616403,-23.417071],[-46.616408,-23.417083],[-46.616336,-23.41711],[-46.616278,-23.41713],[-46.616136,-23.417181]]]},"properties":{"sqlu":"SP-004-162198","inscription":"SP-GEOSAMPA-2162198","inscricaoImobiliaria":"SP-IMO-2162198","setor":"004","quadra":"072","lote":"0023","sourceType":"OFFICIAL_IMPORT","mainAddress":"Setor Fiscal 004","zoneamento":"RESIDENCIAL","statusCadastral":"ATIVO","workflowStatus":"PENDENTE","isOfficial":true,"rawProperties":{"cd_identificador":2162198,"cd_identificador_original_lote":8920503,"cd_setor_fiscal":"004","cd_tipo_quadra":"F","tx_tipo_quadra":"FISCAL","cd_quadra_fiscal":"072","cd_subquadra_fiscal":null,"cd_condominio":"00","cd_tipo_lote":"F","tx_tipo_lote":"FISCAL","cd_lote":"0023","cd_situacao":1,"cd_digito_sql":"1","cd_logradouro":"011967","nm_logradouro_completo":"R DONA ANA NERI","cd_numero_porta":"1052","tx_complemento_endereco":"E 1056","tx_situ_lote":"ATIVO","cd_tipo_uso_imovel":"40","dc_tipo_uso_imovel":"Não residencial","cd_tipo_terreno_imovel":1,"qt_area_terreno":180,"qt_area_construida":196}}},{"type":"Feature","geometry":{"type":"Polygon","coordinates":[[[-46.616088,-23.417082],[-46.616061,-23.417025],[-46.616332,-23.416928],[-46.616357,-23.416979],[-46.61636,-23.416984],[-46.616293,-23.417008],[-46.616088,-23.417082]]]},"properties":{"sqlu":"SP-004-162091","inscription":"SP-GEOSAMPA-2162091","inscricaoImobiliaria":"SP-IMO-2162091","setor":"004","quadra":"072","lote":"0025","sourceType":"OFFICIAL_IMPORT","mainAddress":"Setor Fiscal 004","zoneamento":"RESIDENCIAL","statusCadastral":"ATIVO","workflowStatus":"PENDENTE","isOfficial":true,"rawProperties":{"cd_identificador":2162091,"cd_identificador_original_lote":8920501,"cd_setor_fiscal":"004","cd_tipo_quadra":"F","tx_tipo_quadra":"FISCAL","cd_quadra_fiscal":"072","cd_subquadra_fiscal":null,"cd_condominio":"00","cd_tipo_lote":"F","tx_tipo_lote":"FISCAL","cd_lote":"0025","cd_situacao":1,"cd_digito_sql":"8","cd_logradouro":"011967","nm_logradouro_completo":"R DONA ANA NERI","cd_numero_porta":"1040","tx_complemento_endereco":null,"tx_situ_lote":"ATIVO","cd_tipo_uso_imovel":"42","dc_tipo_uso_imovel":"Não residencial","cd_tipo_terreno_imovel":1,"qt_area_terreno":210,"qt_area_construida":210}}},{"type":"Feature","geometry":{"type":"Polygon","coordinates":[[[-46.62117,-23.411305],[-46.621165,-23.411346],[-46.62113,-23.411342],[-46.621027,-23.41133],[-46.621013,-23.411328],[-46.621019,-23.411286],[-46.621136,-23.411301],[-46.62117,-23.411305]]]},"properties":{"sqlu":"SP-004-162092","inscription":"SP-GEOSAMPA-2162092","inscricaoImobiliaria":"SP-IMO-2162092","setor":"004","quadra":"042","lote":"0013","sourceType":"OFFICIAL_IMPORT","mainAddress":"Setor Fiscal 004","zoneamento":"RESIDENCIAL","statusCadastral":"ATIVO","workflowStatus":"PENDENTE","isOfficial":true,"rawProperties":{"cd_identificador":2162092,"cd_identificador_original_lote":8919814,"cd_setor_fiscal":"004","cd_tipo_quadra":"F","tx_tipo_quadra":"FISCAL","cd_quadra_fiscal":"042","cd_subquadra_fiscal":null,"cd_condominio":"00","cd_tipo_lote":"F","tx_tipo_lote":"FISCAL","cd_lote":"0013","cd_situacao":1,"cd_digito_sql":"3","cd_logradouro":"197017","nm_logradouro_completo":"R VIEIRA RAVASCO","cd_numero_porta":"97","tx_complemento_endereco":null,"tx_situ_lote":"ATIVO","cd_tipo_uso_imovel":"10","dc_tipo_uso_imovel":"Residencial","cd_tipo_terreno_imovel":1,"qt_area_terreno":75,"qt_area_construida":100}}},{"type":"Feature","geometry":{"type":"Polygon","coordinates":[[[-46.615997,-23.416798],[-46.615974,-23.416806],[-46.615965,-23.416806],[-46.615957,-23.416804],[-46.615951,-23.4168],[-46.615948,-23.416797],[-46.615945,-23.416792],[-46.615895,-23.41669],[-46.615936,-23.416675],[-46.615997,-23.416798]]]},"properties":{"sqlu":"SP-004-162543","inscription":"SP-GEOSAMPA-2162543","inscricaoImobiliaria":"SP-IMO-2162543","setor":"004","quadra":"070","lote":"0018","sourceType":"OFFICIAL_IMPORT","mainAddress":"Setor Fiscal 004","zoneamento":"RESIDENCIAL","statusCadastral":"ATIVO","workflowStatus":"PENDENTE","isOfficial":true,"rawProperties":{"cd_identificador":2162543,"cd_identificador_original_lote":8919034,"cd_setor_fiscal":"004","cd_tipo_quadra":"F","tx_tipo_quadra":"FISCAL","cd_quadra_fiscal":"070","cd_subquadra_fiscal":null,"cd_condominio":"00","cd_tipo_lote":"F","tx_tipo_lote":"FISCAL","cd_lote":"0018","cd_situacao":1,"cd_digito_sql":"6","cd_logradouro":"011967","nm_logradouro_completo":"R DONA ANA NERI","cd_numero_porta":"1004","tx_complemento_endereco":null,"tx_situ_lote":"ATIVO","cd_tipo_uso_imovel":"10","dc_tipo_uso_imovel":"Residencial","cd_tipo_terreno_imovel":2,"qt_area_terreno":60,"qt_area_construida":80}}},{"type":"Feature","geometry":{"type":"Polygon","coordinates":[[[-46.616794,-23.413933],[-46.616759,-23.413842],[-46.616732,-23.413772],[-46.616775,-23.413755],[-46.616792,-23.413797],[-46.61681,-23.413839],[-46.616841,-23.413915],[-46.616794,-23.413933]]]},"properties":{"sqlu":"SP-004-162480","inscription":"SP-GEOSAMPA-2162480","inscricaoImobiliaria":"SP-IMO-2162480","setor":"004","quadra":"059","lote":"0001","sourceType":"OFFICIAL_IMPORT","mainAddress":"Setor Fiscal 004","zoneamento":"RESIDENCIAL","statusCadastral":"ATIVO","workflowStatus":"PENDENTE","isOfficial":true,"rawProperties":{"cd_identificador":2162480,"cd_identificador_original_lote":8919802,"cd_setor_fiscal":"004","cd_tipo_quadra":"F","tx_tipo_quadra":"FISCAL","cd_quadra_fiscal":"059","cd_subquadra_fiscal":null,"cd_condominio":"00","cd_tipo_lote":"F","tx_tipo_lote":"FISCAL","cd_lote":"0001","cd_situacao":1,"cd_digito_sql":"5","cd_logradouro":"145637","nm_logradouro_completo":"R NICOLAU ANCONA LOPEZ","cd_numero_porta":"33","tx_complemento_endereco":null,"tx_situ_lote":"ATIVO","cd_tipo_uso_imovel":"10","dc_tipo_uso_imovel":"Residencial","cd_tipo_terreno_imovel":1,"qt_area_terreno":95,"qt_area_construida":128}}},{"type":"Feature","geometry":{"type":"Polygon","coordinates":[[[-46.623337,-23.41538],[-46.623387,-23.415367],[-46.623574,-23.415317],[-46.623625,-23.415304],[-46.623652,-23.415388],[-46.62343,-23.415443],[-46.623384,-23.415455],[-46.623337,-23.41538]]]},"properties":{"sqlu":"SP-004-162366","inscription":"SP-GEOSAMPA-2162366","inscricaoImobiliaria":"SP-IMO-2162366","setor":"004","quadra":"060","lote":"0099","sourceType":"OFFICIAL_IMPORT","mainAddress":"Setor Fiscal 004","zoneamento":"RESIDENCIAL","statusCadastral":"ATIVO","workflowStatus":"PENDENTE","isOfficial":true,"rawProperties":{"cd_identificador":2162366,"cd_identificador_original_lote":8919031,"cd_setor_fiscal":"004","cd_tipo_quadra":"F","tx_tipo_quadra":"FISCAL","cd_quadra_fiscal":"060","cd_subquadra_fiscal":null,"cd_condominio":"00","cd_tipo_lote":"F","tx_tipo_lote":"FISCAL","cd_lote":"0099","cd_situacao":1,"cd_digito_sql":"9","cd_logradouro":"187801","nm_logradouro_completo":"R TEIXEIRA MENDES","cd_numero_porta":"54","tx_complemento_endereco":null,"tx_situ_lote":"ATIVO","cd_tipo_uso_imovel":"72","dc_tipo_uso_imovel":"Não residencial","cd_tipo_terreno_imovel":1,"qt_area_terreno":226,"qt_area_construida":209}}},{"type":"Feature","geometry":{"type":"Polygon","coordinates":[[[-46.621032,-23.414995],[-46.620986,-23.415011],[-46.620984,-23.414903],[-46.620983,-23.414874],[-46.620981,-23.414791],[-46.620968,-23.414792],[-46.620957,-23.414645],[-46.621016,-23.414628],[-46.621023,-23.414782],[-46.621032,-23.414995]]]},"properties":{"sqlu":"SP-004-162420","inscription":"SP-GEOSAMPA-2162420","inscricaoImobiliaria":"SP-IMO-2162420","setor":"004","quadra":"061","lote":"0016","sourceType":"OFFICIAL_IMPORT","mainAddress":"Setor Fiscal 004","zoneamento":"RESIDENCIAL","statusCadastral":"ATIVO","workflowStatus":"PENDENTE","isOfficial":true,"rawProperties":{"cd_identificador":2162420,"cd_identificador_original_lote":8919452,"cd_setor_fiscal":"004","cd_tipo_quadra":"F","tx_tipo_quadra":"FISCAL","cd_quadra_fiscal":"061","cd_subquadra_fiscal":null,"cd_condominio":"00","cd_tipo_lote":"F","tx_tipo_lote":"FISCAL","cd_lote":"0016","cd_situacao":1,"cd_digito_sql":"0","cd_logradouro":"048291","nm_logradouro_completo":"R CESARIO RAMALHO","cd_numero_porta":"319","tx_complemento_endereco":null,"tx_situ_lote":"ATIVO","cd_tipo_uso_imovel":"10","dc_tipo_uso_imovel":"Residencial","cd_tipo_terreno_imovel":1,"qt_area_terreno":200,"qt_area_construida":60}}},{"type":"Feature","geometry":{"type":"Polygon","coordinates":[[[-46.616794,-23.413933],[-46.61675,-23.413949],[-46.616662,-23.413739],[-46.616679,-23.413732],[-46.616712,-23.413719],[-46.616728,-23.413762],[-46.616732,-23.413772],[-46.616759,-23.413842],[-46.616794,-23.413933]]]},"properties":{"sqlu":"SP-004-162479","inscription":"SP-GEOSAMPA-2162479","inscricaoImobiliaria":"SP-IMO-2162479","setor":"004","quadra":"059","lote":"0002","sourceType":"OFFICIAL_IMPORT","mainAddress":"Setor Fiscal 004","zoneamento":"RESIDENCIAL","statusCadastral":"ATIVO","workflowStatus":"PENDENTE","isOfficial":true,"rawProperties":{"cd_identificador":2162479,"cd_identificador_original_lote":8919801,"cd_setor_fiscal":"004","cd_tipo_quadra":"F","tx_tipo_quadra":"FISCAL","cd_quadra_fiscal":"059","cd_subquadra_fiscal":null,"cd_condominio":"00","cd_tipo_lote":"F","tx_tipo_lote":"FISCAL","cd_lote":"0002","cd_situacao":1,"cd_digito_sql":"3","cd_logradouro":"145637","nm_logradouro_completo":"R NICOLAU ANCONA LOPEZ","cd_numero_porta":"35","tx_complemento_endereco":null,"tx_situ_lote":"ATIVO","cd_tipo_uso_imovel":"12","dc_tipo_uso_imovel":"Residencial","cd_tipo_terreno_imovel":1,"qt_area_terreno":125,"qt_area_construida":170}}},{"type":"Feature","geometry":{"type":"Polygon","coordinates":[[[-46.615399,-23.414453],[-46.615384,-23.414459],[-46.615349,-23.414472],[-46.615223,-23.414218],[-46.615214,-23.414199],[-46.615194,-23.414159],[-46.615159,-23.41409],[-46.615145,-23.41406],[-46.615175,-23.414049],[-46.615181,-23.414046],[-46.615197,-23.414041],[-46.615261,-23.414171],[-46.615327,-23.414307],[-46.615364,-23.414382],[-46.615399,-23.414453]]]},"properties":{"sqlu":"SP-004-162383","inscription":"SP-GEOSAMPA-2162383","inscricaoImobiliaria":"SP-IMO-2162383","setor":"004","quadra":"059","lote":"0025","sourceType":"OFFICIAL_IMPORT","mainAddress":"Setor Fiscal 004","zoneamento":"RESIDENCIAL","statusCadastral":"ATIVO","workflowStatus":"PENDENTE","isOfficial":true,"rawProperties":{"cd_identificador":2162383,"cd_identificador_original_lote":8919737,"cd_setor_fiscal":"004","cd_tipo_quadra":"F","tx_tipo_quadra":"FISCAL","cd_quadra_fiscal":"059","cd_subquadra_fiscal":null,"cd_condominio":"00","cd_tipo_lote":"F","tx_tipo_lote":"FISCAL","cd_lote":"0025","cd_situacao":1,"cd_digito_sql":"2","cd_logradouro":"145637","nm_logradouro_completo":"R NICOLAU ANCONA LOPEZ","cd_numero_porta":"189","tx_complemento_endereco":null,"tx_situ_lote":"ATIVO","cd_tipo_uso_imovel":"10","dc_tipo_uso_imovel":"Residencial","cd_tipo_terreno_imovel":1,"qt_area_terreno":275,"qt_area_construida":146}}},{"type":"Feature","geometry":{"type":"Polygon","coordinates":[[[-46.615146,-23.414662],[-46.615206,-23.41464],[-46.615243,-23.414722],[-46.615216,-23.414733],[-46.615184,-23.414746],[-46.615172,-23.41472],[-46.615146,-23.414662]]]},"properties":{"sqlu":"SP-004-162380","inscription":"SP-GEOSAMPA-2162380","inscricaoImobiliaria":"SP-IMO-2162380","setor":"004","quadra":"064","lote":"0042","sourceType":"OFFICIAL_IMPORT","mainAddress":"Setor Fiscal 004","zoneamento":"RESIDENCIAL","statusCadastral":"ATIVO","workflowStatus":"PENDENTE","isOfficial":true,"rawProperties":{"cd_identificador":2162380,"cd_identificador_original_lote":8919159,"cd_setor_fiscal":"004","cd_tipo_quadra":"F","tx_tipo_quadra":"FISCAL","cd_quadra_fiscal":"064","cd_subquadra_fiscal":null,"cd_condominio":"00","cd_tipo_lote":"F","tx_tipo_lote":"FISCAL","cd_lote":"0042","cd_situacao":1,"cd_digito_sql":"3","cd_logradouro":"145637","nm_logradouro_completo":"R NICOLAU ANCONA LOPEZ","cd_numero_porta":"216","tx_complemento_endereco":null,"tx_situ_lote":"ATIVO","cd_tipo_uso_imovel":"10","dc_tipo_uso_imovel":"Residencial","cd_tipo_terreno_imovel":1,"qt_area_terreno":67,"qt_area_construida":67}}},{"type":"Feature","geometry":{"type":"Polygon","coordinates":[[[-46.620512,-23.409504],[-46.620572,-23.409501],[-46.620825,-23.40949],[-46.620847,-23.409513],[-46.620843,-23.409552],[-46.620574,-23.409523],[-46.620568,-23.409558],[-46.620515,-23.409551],[-46.620512,-23.409504]]]},"properties":{"sqlu":"SP-004-162547","inscription":"SP-GEOSAMPA-2162547","inscricaoImobiliaria":"SP-IMO-2162547","setor":"004","quadra":"014","lote":"0001","sourceType":"OFFICIAL_IMPORT","mainAddress":"Setor Fiscal 004","zoneamento":"RESIDENCIAL","statusCadastral":"ATIVO","workflowStatus":"PENDENTE","isOfficial":true,"rawProperties":{"cd_identificador":2162547,"cd_identificador_original_lote":8920178,"cd_setor_fiscal":"004","cd_tipo_quadra":"F","tx_tipo_quadra":"FISCAL","cd_quadra_fiscal":"014","cd_subquadra_fiscal":null,"cd_condominio":"00","cd_tipo_lote":"F","tx_tipo_lote":"FISCAL","cd_lote":"0001","cd_situacao":1,"cd_digito_sql":"8","cd_logradouro":"122386","nm_logradouro_completo":"R LUIS GAMA","cd_numero_porta":"207","tx_complemento_endereco":null,"tx_situ_lote":"ATIVO","cd_tipo_uso_imovel":"42","dc_tipo_uso_imovel":"Não residencial","cd_tipo_terreno_imovel":2,"qt_area_terreno":170,"qt_area_construida":150}}},{"type":"Feature","geometry":{"type":"Polygon","coordinates":[[[-46.618257,-23.414238],[-46.618308,-23.414227],[-46.618313,-23.414244],[-46.61833,-23.414314],[-46.618279,-23.414324],[-46.618257,-23.414238]]]},"properties":{"sqlu":"SP-004-162596","inscription":"SP-GEOSAMPA-2162596","inscricaoImobiliaria":"SP-IMO-2162596","setor":"004","quadra":"058","lote":"0048","sourceType":"OFFICIAL_IMPORT","mainAddress":"Setor Fiscal 004","zoneamento":"RESIDENCIAL","statusCadastral":"ATIVO","workflowStatus":"PENDENTE","isOfficial":true,"rawProperties":{"cd_identificador":2162596,"cd_identificador_original_lote":8919930,"cd_setor_fiscal":"004","cd_tipo_quadra":"F","tx_tipo_quadra":"FISCAL","cd_quadra_fiscal":"058","cd_subquadra_fiscal":null,"cd_condominio":"00","cd_tipo_lote":"F","tx_tipo_lote":"FISCAL","cd_lote":"0048","cd_situacao":1,"cd_digito_sql":"7","cd_logradouro":"182087","nm_logradouro_completo":"R SILVEIRA DA MOTA","cd_numero_porta":"365","tx_complemento_endereco":null,"tx_situ_lote":"ATIVO","cd_tipo_uso_imovel":"14","dc_tipo_uso_imovel":"Residencial","cd_tipo_terreno_imovel":1,"qt_area_terreno":50,"qt_area_construida":88}}},{"type":"Feature","geometry":{"type":"Polygon","coordinates":[[[-46.616919,-23.413557],[-46.616934,-23.413591],[-46.616829,-23.413634],[-46.616824,-23.413636],[-46.616804,-23.413643],[-46.616798,-23.41363],[-46.616792,-23.413618],[-46.616789,-23.413611],[-46.616815,-23.4136],[-46.616919,-23.413557]]]},"properties":{"sqlu":"SP-004-162367","inscription":"SP-GEOSAMPA-2162367","inscricaoImobiliaria":"SP-IMO-2162367","setor":"004","quadra":"059","lote":"0094","sourceType":"OFFICIAL_IMPORT","mainAddress":"Setor Fiscal 004","zoneamento":"RESIDENCIAL","statusCadastral":"ATIVO","workflowStatus":"PENDENTE","isOfficial":true,"rawProperties":{"cd_identificador":2162367,"cd_identificador_original_lote":8919860,"cd_setor_fiscal":"004","cd_tipo_quadra":"F","tx_tipo_quadra":"FISCAL","cd_quadra_fiscal":"059","cd_subquadra_fiscal":null,"cd_condominio":"00","cd_tipo_lote":"F","tx_tipo_lote":"FISCAL","cd_lote":"0094","cd_situacao":1,"cd_digito_sql":"5","cd_logradouro":"098310","nm_logradouro_completo":"R BR DE JAGUARA","cd_numero_porta":"759","tx_complemento_endereco":null,"tx_situ_lote":"ATIVO","cd_tipo_uso_imovel":"14","dc_tipo_uso_imovel":"Residencial","cd_tipo_terreno_imovel":1,"qt_area_terreno":62,"qt_area_construida":120}}},{"type":"Feature","geometry":{"type":"Polygon","coordinates":[[[-46.61997,-23.408443],[-46.61998,-23.408514],[-46.619855,-23.408523],[-46.619847,-23.40845],[-46.61997,-23.408443]]]},"properties":{"sqlu":"SP-004-162459","inscription":"SP-GEOSAMPA-2162459","inscricaoImobiliaria":"SP-IMO-2162459","setor":"004","quadra":"005","lote":"0009","sourceType":"OFFICIAL_IMPORT","mainAddress":"Setor Fiscal 004","zoneamento":"RESIDENCIAL","statusCadastral":"ATIVO","workflowStatus":"PENDENTE","isOfficial":true,"rawProperties":{"cd_identificador":2162459,"cd_identificador_original_lote":8919635,"cd_setor_fiscal":"004","cd_tipo_quadra":"F","tx_tipo_quadra":"FISCAL","cd_quadra_fiscal":"005","cd_subquadra_fiscal":null,"cd_condominio":"00","cd_tipo_lote":"F","tx_tipo_lote":"FISCAL","cd_lote":"0009","cd_situacao":1,"cd_digito_sql":"4","cd_logradouro":"008567","nm_logradouro_completo":"TV ALTA FLORESTA","cd_numero_porta":"21","tx_complemento_endereco":null,"tx_situ_lote":"ATIVO","cd_tipo_uso_imovel":"10","dc_tipo_uso_imovel":"Residencial","cd_tipo_terreno_imovel":1,"qt_area_terreno":110,"qt_area_construida":60}}},{"type":"Feature","geometry":{"type":"Polygon","coordinates":[[[-46.616861,-23.414677],[-46.616806,-23.414694],[-46.616774,-23.414617],[-46.616712,-23.414466],[-46.616726,-23.41446],[-46.616767,-23.414445],[-46.616785,-23.41449],[-46.616861,-23.414677]]]},"properties":{"sqlu":"SP-004-162496","inscription":"SP-GEOSAMPA-2162496","inscricaoImobiliaria":"SP-IMO-2162496","setor":"004","quadra":"064","lote":"0009","sourceType":"OFFICIAL_IMPORT","mainAddress":"Setor Fiscal 004","zoneamento":"RESIDENCIAL","statusCadastral":"ATIVO","workflowStatus":"PENDENTE","isOfficial":true,"rawProperties":{"cd_identificador":2162496,"cd_identificador_original_lote":8919416,"cd_setor_fiscal":"004","cd_tipo_quadra":"F","tx_tipo_quadra":"FISCAL","cd_quadra_fiscal":"064","cd_subquadra_fiscal":null,"cd_condominio":"00","cd_tipo_lote":"F","tx_tipo_lote":"FISCAL","cd_lote":"0009","cd_situacao":1,"cd_digito_sql":"1","cd_logradouro":"182087","nm_logradouro_completo":"R SILVEIRA DA MOTA","cd_numero_porta":"519","tx_complemento_endereco":"521","tx_situ_lote":"ATIVO","cd_tipo_uso_imovel":"42","dc_tipo_uso_imovel":"Não residencial","cd_tipo_terreno_imovel":1,"qt_area_terreno":168,"qt_area_construida":300}}},{"type":"Feature","geometry":{"type":"Polygon","coordinates":[[[-46.619244,-23.409738],[-46.619212,-23.409739],[-46.619202,-23.409553],[-46.619234,-23.409551],[-46.619244,-23.409738]]]},"properties":{"sqlu":"SP-004-162707","inscription":"SP-GEOSAMPA-2162707","inscricaoImobiliaria":"SP-IMO-2162707","setor":"004","quadra":"014","lote":"0029","sourceType":"OFFICIAL_IMPORT","mainAddress":"Setor Fiscal 004","zoneamento":"RESIDENCIAL","statusCadastral":"ATIVO","workflowStatus":"PENDENTE","isOfficial":true,"rawProperties":{"cd_identificador":2162707,"cd_identificador_original_lote":8920595,"cd_setor_fiscal":"004","cd_tipo_quadra":"F","tx_tipo_quadra":"FISCAL","cd_quadra_fiscal":"014","cd_subquadra_fiscal":null,"cd_condominio":"00","cd_tipo_lote":"F","tx_tipo_lote":"FISCAL","cd_lote":"0029","cd_situacao":1,"cd_digito_sql":"8","cd_logradouro":"035173","nm_logradouro_completo":"R DOM BOSCO","cd_numero_porta":"178","tx_complemento_endereco":null,"tx_situ_lote":"ATIVO","cd_tipo_uso_imovel":"42","dc_tipo_uso_imovel":"Não residencial","cd_tipo_terreno_imovel":1,"qt_area_terreno":100,"qt_area_construida":100}}},{"type":"Feature","geometry":{"type":"Polygon","coordinates":[[[-46.622856,-23.414876],[-46.622861,-23.414875],[-46.622871,-23.414871],[-46.622882,-23.414902],[-46.62289,-23.414926],[-46.622914,-23.414995],[-46.622966,-23.414982],[-46.623018,-23.414968],[-46.623071,-23.414955],[-46.62308,-23.414985],[-46.62313,-23.414973],[-46.623181,-23.414961],[-46.623239,-23.414947],[-46.623245,-23.414965],[-46.623306,-23.414949],[-46.623346,-23.414939],[-46.623426,-23.414918],[-46.623489,-23.414901],[-46.623501,-23.414937],[-46.623201,-23.415018],[-46.623139,-23.415035],[-46.623105,-23.415045],[-46.623056,-23.41506],[-46.623004,-23.415075],[-46.622947,-23.415091],[-46.622973,-23.415171],[-46.622981,-23.415195],[-46.622969,-23.415198],[-46.622907,-23.415214],[-46.622886,-23.415149],[-46.622871,-23.415102],[-46.622856,-23.415054],[-46.62284,-23.415007],[-46.622825,-23.414959],[-46.622804,-23.414894],[-46.622856,-23.414876]]]},"properties":{"sqlu":"SP-004-162882","inscription":"SP-GEOSAMPA-2162882","inscricaoImobiliaria":"SP-IMO-2162882","setor":"004","quadra":"060","lote":"0002","sourceType":"OFFICIAL_IMPORT","mainAddress":"Setor Fiscal 004","zoneamento":"RESIDENCIAL","statusCadastral":"ATIVO","workflowStatus":"PENDENTE","isOfficial":true,"rawProperties":{"cd_identificador":2162882,"cd_identificador_original_lote":8918468,"cd_setor_fiscal":"004","cd_tipo_quadra":"F","tx_tipo_quadra":"FISCAL","cd_quadra_fiscal":"060","cd_subquadra_fiscal":null,"cd_condominio":"00","cd_tipo_lote":"V","tx_tipo_lote":"Via de Acesso","cd_lote":"0002","cd_situacao":1,"cd_digito_sql":null,"cd_logradouro":null,"nm_logradouro_completo":null,"cd_numero_porta":null,"tx_complemento_endereco":null,"tx_situ_lote":null,"cd_tipo_uso_imovel":null,"dc_tipo_uso_imovel":null,"cd_tipo_terreno_imovel":null,"qt_area_terreno":null,"qt_area_construida":null}}},{"type":"Feature","geometry":{"type":"Polygon","coordinates":[[[-46.622462,-23.414972],[-46.622472,-23.415001],[-46.622436,-23.415014],[-46.622384,-23.415033],[-46.622326,-23.415053],[-46.622312,-23.41501],[-46.622457,-23.414956],[-46.622462,-23.414972]]]},"properties":{"sqlu":"SP-004-162804","inscription":"SP-GEOSAMPA-2162804","inscricaoImobiliaria":"SP-IMO-2162804","setor":"004","quadra":"060","lote":"0055","sourceType":"OFFICIAL_IMPORT","mainAddress":"Setor Fiscal 004","zoneamento":"RESIDENCIAL","statusCadastral":"ATIVO","workflowStatus":"PENDENTE","isOfficial":true,"rawProperties":{"cd_identificador":2162804,"cd_identificador_original_lote":8919559,"cd_setor_fiscal":"004","cd_tipo_quadra":"F","tx_tipo_quadra":"FISCAL","cd_quadra_fiscal":"060","cd_subquadra_fiscal":null,"cd_condominio":"00","cd_tipo_lote":"F","tx_tipo_lote":"FISCAL","cd_lote":"0055","cd_situacao":1,"cd_digito_sql":"7","cd_logradouro":"114545","nm_logradouro_completo":"R JUSTO AZAMBUJA","cd_numero_porta":"292","tx_complemento_endereco":null,"tx_situ_lote":"ATIVO","cd_tipo_uso_imovel":"10","dc_tipo_uso_imovel":"Residencial","cd_tipo_terreno_imovel":1,"qt_area_terreno":82,"qt_area_construida":70}}},{"type":"Feature","geometry":{"type":"Polygon","coordinates":[[[-46.619952,-23.408247],[-46.620097,-23.408236],[-46.620101,-23.408277],[-46.620103,-23.40831],[-46.620104,-23.408315],[-46.620074,-23.408317],[-46.619957,-23.408325],[-46.619952,-23.408247]]]},"properties":{"sqlu":"SP-004-162880","inscription":"SP-GEOSAMPA-2162880","inscricaoImobiliaria":"SP-IMO-2162880","setor":"004","quadra":"005","lote":"0005","sourceType":"OFFICIAL_IMPORT","mainAddress":"Setor Fiscal 004","zoneamento":"RESIDENCIAL","statusCadastral":"ATIVO","workflowStatus":"PENDENTE","isOfficial":true,"rawProperties":{"cd_identificador":2162880,"cd_identificador_original_lote":8919637,"cd_setor_fiscal":"004","cd_tipo_quadra":"F","tx_tipo_quadra":"FISCAL","cd_quadra_fiscal":"005","cd_subquadra_fiscal":null,"cd_condominio":"00","cd_tipo_lote":"F","tx_tipo_lote":"FISCAL","cd_lote":"0005","cd_situacao":1,"cd_digito_sql":"1","cd_logradouro":"008567","nm_logradouro_completo":"TV ALTA FLORESTA","cd_numero_porta":"29","tx_complemento_endereco":null,"tx_situ_lote":"ATIVO","cd_tipo_uso_imovel":"10","dc_tipo_uso_imovel":"Residencial","cd_tipo_terreno_imovel":2,"qt_area_terreno":120,"qt_area_construida":100}}},{"type":"Feature","geometry":{"type":"Polygon","coordinates":[[[-46.61851,-23.416521],[-46.618567,-23.416502],[-46.618617,-23.416485],[-46.618647,-23.416475],[-46.618664,-23.416513],[-46.618633,-23.416524],[-46.618403,-23.416605],[-46.618318,-23.416634],[-46.618301,-23.416591],[-46.61851,-23.416521]]]},"properties":{"sqlu":"SP-004-162853","inscription":"SP-GEOSAMPA-2162853","inscricaoImobiliaria":"SP-IMO-2162853","setor":"004","quadra":"068","lote":"0035","sourceType":"OFFICIAL_IMPORT","mainAddress":"Setor Fiscal 004","zoneamento":"RESIDENCIAL","statusCadastral":"ATIVO","workflowStatus":"PENDENTE","isOfficial":true,"rawProperties":{"cd_identificador":2162853,"cd_identificador_original_lote":8919315,"cd_setor_fiscal":"004","cd_tipo_quadra":"F","tx_tipo_quadra":"FISCAL","cd_quadra_fiscal":"068","cd_subquadra_fiscal":null,"cd_condominio":"00","cd_tipo_lote":"F","tx_tipo_lote":"FISCAL","cd_lote":"0035","cd_situacao":1,"cd_digito_sql":"9","cd_logradouro":"098310","nm_logradouro_completo":"R BR DE JAGUARA","cd_numero_porta":"1118","tx_complemento_endereco":"E 1122","tx_situ_lote":"ATIVO","cd_tipo_uso_imovel":"12","dc_tipo_uso_imovel":"Residencial","cd_tipo_terreno_imovel":1,"qt_area_terreno":190,"qt_area_construida":200}}},{"type":"Feature","geometry":{"type":"Polygon","coordinates":[[[-46.61851,-23.416521],[-46.618301,-23.416591],[-46.618284,-23.416552],[-46.618278,-23.416537],[-46.6184,-23.416496],[-46.618465,-23.416474],[-46.618487,-23.416466],[-46.61849,-23.416474],[-46.61851,-23.416521]]]},"properties":{"sqlu":"SP-004-162854","inscription":"SP-GEOSAMPA-2162854","inscricaoImobiliaria":"SP-IMO-2162854","setor":"004","quadra":"068","lote":"0036","sourceType":"OFFICIAL_IMPORT","mainAddress":"Setor Fiscal 004","zoneamento":"RESIDENCIAL","statusCadastral":"ATIVO","workflowStatus":"PENDENTE","isOfficial":true,"rawProperties":{"cd_identificador":2162854,"cd_identificador_original_lote":8919653,"cd_setor_fiscal":"004","cd_tipo_quadra":"F","tx_tipo_quadra":"FISCAL","cd_quadra_fiscal":"068","cd_subquadra_fiscal":null,"cd_condominio":"00","cd_tipo_lote":"F","tx_tipo_lote":"FISCAL","cd_lote":"0036","cd_situacao":1,"cd_digito_sql":"7","cd_logradouro":"098310","nm_logradouro_completo":"R BR DE JAGUARA","cd_numero_porta":"1112","tx_complemento_endereco":null,"tx_situ_lote":"ATIVO","cd_tipo_uso_imovel":"10","dc_tipo_uso_imovel":"Residencial","cd_tipo_terreno_imovel":1,"qt_area_terreno":175,"qt_area_construida":120}}},{"type":"Feature","geometry":{"type":"Polygon","coordinates":[[[-46.618684,-23.416556],[-46.618664,-23.416513],[-46.618647,-23.416475],[-46.618863,-23.416402],[-46.61902,-23.416769],[-46.619115,-23.41696],[-46.619044,-23.417013],[-46.618966,-23.417069],[-46.618933,-23.417094],[-46.61871,-23.416613],[-46.618684,-23.416556]]]},"properties":{"sqlu":"SP-004-162652","inscription":"SP-GEOSAMPA-2162652","inscricaoImobiliaria":"SP-IMO-2162652","setor":"004","quadra":"068","lote":"0094","sourceType":"OFFICIAL_IMPORT","mainAddress":"Setor Fiscal 004","zoneamento":"RESIDENCIAL","statusCadastral":"ATIVO","workflowStatus":"PENDENTE","isOfficial":true,"rawProperties":{"cd_identificador":2162652,"cd_identificador_original_lote":8918712,"cd_setor_fiscal":"004","cd_tipo_quadra":"F","tx_tipo_quadra":"FISCAL","cd_quadra_fiscal":"068","cd_subquadra_fiscal":null,"cd_condominio":"00","cd_tipo_lote":"F","tx_tipo_lote":"FISCAL","cd_lote":"0094","cd_situacao":1,"cd_digito_sql":"4","cd_logradouro":"039616","nm_logradouro_completo":"LG DO CAMBUCI","cd_numero_porta":"141","tx_complemento_endereco":null,"tx_situ_lote":"ATIVO","cd_tipo_uso_imovel":"43","dc_tipo_uso_imovel":"Não residencial","cd_tipo_terreno_imovel":1,"qt_area_terreno":1373,"qt_area_construida":2141}}},{"type":"Feature","geometry":{"type":"Polygon","coordinates":[[[-46.617652,-23.410876],[-46.617699,-23.410874],[-46.61772,-23.411087],[-46.617678,-23.411099],[-46.617652,-23.410876]]]},"properties":{"sqlu":"SP-004-162835","inscription":"SP-GEOSAMPA-2162835","inscricaoImobiliaria":"SP-IMO-2162835","setor":"004","quadra":"027","lote":"0006","sourceType":"OFFICIAL_IMPORT","mainAddress":"Setor Fiscal 004","zoneamento":"RESIDENCIAL","statusCadastral":"ATIVO","workflowStatus":"PENDENTE","isOfficial":true,"rawProperties":{"cd_identificador":2162835,"cd_identificador_original_lote":8920296,"cd_setor_fiscal":"004","cd_tipo_quadra":"F","tx_tipo_quadra":"FISCAL","cd_quadra_fiscal":"027","cd_subquadra_fiscal":null,"cd_condominio":"00","cd_tipo_lote":"F","tx_tipo_lote":"FISCAL","cd_lote":"0006","cd_situacao":1,"cd_digito_sql":"6","cd_logradouro":"066427","nm_logradouro_completo":"AV DO ESTADO","cd_numero_porta":"5241","tx_complemento_endereco":null,"tx_situ_lote":"ATIVO","cd_tipo_uso_imovel":"42","dc_tipo_uso_imovel":"Não residencial","cd_tipo_terreno_imovel":2,"qt_area_terreno":115,"qt_area_construida":130}}},{"type":"Feature","geometry":{"type":"Polygon","coordinates":[[[-46.626076,-23.412195],[-46.626111,-23.412287],[-46.626132,-23.412343],[-46.626181,-23.412471],[-46.626133,-23.412484],[-46.626064,-23.412302],[-46.62603,-23.41221],[-46.626076,-23.412195]]]},"properties":{"sqlu":"SP-004-162618","inscription":"SP-GEOSAMPA-2162618","inscricaoImobiliaria":"SP-IMO-2162618","setor":"004","quadra":"037","lote":"0033","sourceType":"OFFICIAL_IMPORT","mainAddress":"Setor Fiscal 004","zoneamento":"RESIDENCIAL","statusCadastral":"ATIVO","workflowStatus":"PENDENTE","isOfficial":true,"rawProperties":{"cd_identificador":2162618,"cd_identificador_original_lote":8919954,"cd_setor_fiscal":"004","cd_tipo_quadra":"F","tx_tipo_quadra":"FISCAL","cd_quadra_fiscal":"037","cd_subquadra_fiscal":null,"cd_condominio":"00","cd_tipo_lote":"F","tx_tipo_lote":"FISCAL","cd_lote":"0033","cd_situacao":1,"cd_digito_sql":"7","cd_logradouro":"090328","nm_logradouro_completo":"R BR DE IGUAPE","cd_numero_porta":"965","tx_complemento_endereco":"E 967","tx_situ_lote":"ATIVO","cd_tipo_uso_imovel":"00","dc_tipo_uso_imovel":"Terreno","cd_tipo_terreno_imovel":1,"qt_area_terreno":270,"qt_area_construida":0}}},{"type":"Feature","geometry":{"type":"Polygon","coordinates":[[[-46.626076,-23.412195],[-46.62603,-23.41221],[-46.625988,-23.412101],[-46.625961,-23.412028],[-46.625931,-23.411947],[-46.625882,-23.411811],[-46.625931,-23.411817],[-46.626065,-23.411832],[-46.626083,-23.411834],[-46.626151,-23.41184],[-46.626169,-23.411841],[-46.626274,-23.411795],[-46.626324,-23.411773],[-46.626394,-23.411948],[-46.626414,-23.411999],[-46.62642,-23.412014],[-46.626475,-23.41215],[-46.626482,-23.412168],[-46.626549,-23.412336],[-46.626555,-23.412354],[-46.62655,-23.412356],[-46.62644,-23.41239],[-46.626374,-23.412411],[-46.626309,-23.41224],[-46.626268,-23.412135],[-46.6262,-23.412156],[-46.626139,-23.412175],[-46.626076,-23.412195]]]},"properties":{"sqlu":"SP-004-162619","inscription":"SP-GEOSAMPA-2162619","inscricaoImobiliaria":"SP-IMO-2162619","setor":"004","quadra":"037","lote":"0038","sourceType":"OFFICIAL_IMPORT","mainAddress":"Setor Fiscal 004","zoneamento":"RESIDENCIAL","statusCadastral":"ATIVO","workflowStatus":"PENDENTE","isOfficial":true,"rawProperties":{"cd_identificador":2162619,"cd_identificador_original_lote":8919958,"cd_setor_fiscal":"004","cd_tipo_quadra":"F","tx_tipo_quadra":"FISCAL","cd_quadra_fiscal":"037","cd_subquadra_fiscal":null,"cd_condominio":"00","cd_tipo_lote":"F","tx_tipo_lote":"FISCAL","cd_lote":"0038","cd_situacao":1,"cd_digito_sql":"8","cd_logradouro":"090328","nm_logradouro_completo":"R BR DE IGUAPE","cd_numero_porta":"929","tx_complemento_endereco":"931 E 939","tx_situ_lote":"ATIVO","cd_tipo_uso_imovel":"51","dc_tipo_uso_imovel":"Não residencial","cd_tipo_terreno_imovel":3,"qt_area_terreno":1900,"qt_area_construida":1250}}},{"type":"Feature","geometry":{"type":"Polygon","coordinates":[[[-46.623772,-23.41433],[-46.623781,-23.414355],[-46.623782,-23.414358],[-46.623789,-23.414381],[-46.623814,-23.414455],[-46.62382,-23.414472],[-46.623778,-23.414484],[-46.623772,-23.414467],[-46.62373,-23.414344],[-46.623763,-23.414333],[-46.623772,-23.41433]]]},"properties":{"sqlu":"SP-004-163082","inscription":"SP-GEOSAMPA-2163082","inscricaoImobiliaria":"SP-IMO-2163082","setor":"004","quadra":"052","lote":"0053","sourceType":"OFFICIAL_IMPORT","mainAddress":"Setor Fiscal 004","zoneamento":"RESIDENCIAL","statusCadastral":"ATIVO","workflowStatus":"PENDENTE","isOfficial":true,"rawProperties":{"cd_identificador":2163082,"cd_identificador_original_lote":8919424,"cd_setor_fiscal":"004","cd_tipo_quadra":"F","tx_tipo_quadra":"FISCAL","cd_quadra_fiscal":"052","cd_subquadra_fiscal":null,"cd_condominio":"00","cd_tipo_lote":"F","tx_tipo_lote":"FISCAL","cd_lote":"0053","cd_situacao":1,"cd_digito_sql":"6","cd_logradouro":"187801","nm_logradouro_completo":"R TEIXEIRA MENDES","cd_numero_porta":"139","tx_complemento_endereco":"CS 6","tx_situ_lote":"ATIVO","cd_tipo_uso_imovel":"10","dc_tipo_uso_imovel":"Residencial","cd_tipo_terreno_imovel":4,"qt_area_terreno":48,"qt_area_construida":80}}},{"type":"Feature","geometry":{"type":"Polygon","coordinates":[[[-46.623772,-23.41433],[-46.623811,-23.414317],[-46.62382,-23.414345],[-46.623828,-23.414371],[-46.623853,-23.414445],[-46.623858,-23.414461],[-46.62382,-23.414472],[-46.623814,-23.414455],[-46.623789,-23.414381],[-46.623782,-23.414358],[-46.623781,-23.414355],[-46.623772,-23.41433]]]},"properties":{"sqlu":"SP-004-163083","inscription":"SP-GEOSAMPA-2163083","inscricaoImobiliaria":"SP-IMO-2163083","setor":"004","quadra":"052","lote":"0052","sourceType":"OFFICIAL_IMPORT","mainAddress":"Setor Fiscal 004","zoneamento":"RESIDENCIAL","statusCadastral":"ATIVO","workflowStatus":"PENDENTE","isOfficial":true,"rawProperties":{"cd_identificador":2163083,"cd_identificador_original_lote":8919461,"cd_setor_fiscal":"004","cd_tipo_quadra":"F","tx_tipo_quadra":"FISCAL","cd_quadra_fiscal":"052","cd_subquadra_fiscal":null,"cd_condominio":"00","cd_tipo_lote":"F","tx_tipo_lote":"FISCAL","cd_lote":"0052","cd_situacao":1,"cd_digito_sql":"8","cd_logradouro":"187801","nm_logradouro_completo":"R TEIXEIRA MENDES","cd_numero_porta":"139","tx_complemento_endereco":"CS 8","tx_situ_lote":"ATIVO","cd_tipo_uso_imovel":"10","dc_tipo_uso_imovel":"Residencial","cd_tipo_terreno_imovel":4,"qt_area_terreno":48,"qt_area_construida":80}}},{"type":"Feature","geometry":{"type":"Polygon","coordinates":[[[-46.619415,-23.415484],[-46.619444,-23.415557],[-46.619447,-23.415565],[-46.619339,-23.415601],[-46.619303,-23.415586],[-46.619282,-23.415533],[-46.619389,-23.415494],[-46.619415,-23.415484]]]},"properties":{"sqlu":"SP-004-163008","inscription":"SP-GEOSAMPA-2163008","inscricaoImobiliaria":"SP-IMO-2163008","setor":"004","quadra":"062","lote":"0009","sourceType":"OFFICIAL_IMPORT","mainAddress":"Setor Fiscal 004","zoneamento":"RESIDENCIAL","statusCadastral":"ATIVO","workflowStatus":"PENDENTE","isOfficial":true,"rawProperties":{"cd_identificador":2163008,"cd_identificador_original_lote":8918702,"cd_setor_fiscal":"004","cd_tipo_quadra":"F","tx_tipo_quadra":"FISCAL","cd_quadra_fiscal":"062","cd_subquadra_fiscal":null,"cd_condominio":"00","cd_tipo_lote":"F","tx_tipo_lote":"FISCAL","cd_lote":"0009","cd_situacao":1,"cd_digito_sql":"2","cd_logradouro":"048291","nm_logradouro_completo":"R CESARIO RAMALHO","cd_numero_porta":"489","tx_complemento_endereco":"E 493","tx_situ_lote":"ATIVO","cd_tipo_uso_imovel":"42","dc_tipo_uso_imovel":"Não residencial","cd_tipo_terreno_imovel":2,"qt_area_terreno":119,"qt_area_construida":230}}},{"type":"Feature","geometry":{"type":"Polygon","coordinates":[[[-46.613931,-23.410875],[-46.613887,-23.41088],[-46.613877,-23.410783],[-46.613862,-23.410641],[-46.613907,-23.41064],[-46.613931,-23.410875]]]},"properties":{"sqlu":"SP-004-163040","inscription":"SP-GEOSAMPA-2163040","inscricaoImobiliaria":"SP-IMO-2163040","setor":"004","quadra":"028","lote":"0044","sourceType":"OFFICIAL_IMPORT","mainAddress":"Setor Fiscal 004","zoneamento":"RESIDENCIAL","statusCadastral":"ATIVO","workflowStatus":"PENDENTE","isOfficial":true,"rawProperties":{"cd_identificador":2163040,"cd_identificador_original_lote":8920513,"cd_setor_fiscal":"004","cd_tipo_quadra":"F","tx_tipo_quadra":"FISCAL","cd_quadra_fiscal":"028","cd_subquadra_fiscal":null,"cd_condominio":"00","cd_tipo_lote":"F","tx_tipo_lote":"FISCAL","cd_lote":"0044","cd_situacao":1,"cd_digito_sql":"3","cd_logradouro":"148806","nm_logradouro_completo":"R ODORICO MENDES","cd_numero_porta":"644","tx_complemento_endereco":null,"tx_situ_lote":"ATIVO","cd_tipo_uso_imovel":"10","dc_tipo_uso_imovel":"Residencial","cd_tipo_terreno_imovel":1,"qt_area_terreno":125,"qt_area_construida":60}}},{"type":"Feature","geometry":{"type":"Polygon","coordinates":[[[-46.613931,-23.410875],[-46.613907,-23.41064],[-46.613953,-23.410639],[-46.614003,-23.410637],[-46.614022,-23.410817],[-46.614024,-23.410835],[-46.614026,-23.410855],[-46.613978,-23.410869],[-46.613931,-23.410875]]]},"properties":{"sqlu":"SP-004-163041","inscription":"SP-GEOSAMPA-2163041","inscricaoImobiliaria":"SP-IMO-2163041","setor":"004","quadra":"028","lote":"0045","sourceType":"OFFICIAL_IMPORT","mainAddress":"Setor Fiscal 004","zoneamento":"RESIDENCIAL","statusCadastral":"ATIVO","workflowStatus":"PENDENTE","isOfficial":true,"rawProperties":{"cd_identificador":2163041,"cd_identificador_original_lote":8920514,"cd_setor_fiscal":"004","cd_tipo_quadra":"F","tx_tipo_quadra":"FISCAL","cd_quadra_fiscal":"028","cd_subquadra_fiscal":null,"cd_condominio":"00","cd_tipo_lote":"F","tx_tipo_lote":"FISCAL","cd_lote":"0045","cd_situacao":1,"cd_digito_sql":"1","cd_logradouro":"148806","nm_logradouro_completo":"R ODORICO MENDES","cd_numero_porta":"642","tx_complemento_endereco":null,"tx_situ_lote":"ATIVO","cd_tipo_uso_imovel":"10","dc_tipo_uso_imovel":"Residencial","cd_tipo_terreno_imovel":2,"qt_area_terreno":125,"qt_area_construida":121}}},{"type":"Feature","geometry":{"type":"Polygon","coordinates":[[[-46.617484,-23.413126],[-46.617463,-23.413076],[-46.617536,-23.413057],[-46.617599,-23.413042],[-46.617628,-23.413034],[-46.617669,-23.413024],[-46.617695,-23.413018],[-46.617713,-23.413069],[-46.617544,-23.413111],[-46.617484,-23.413126]]]},"properties":{"sqlu":"SP-004-163101","inscription":"SP-GEOSAMPA-2163101","inscricaoImobiliaria":"SP-IMO-2163101","setor":"004","quadra":"050","lote":"0034","sourceType":"OFFICIAL_IMPORT","mainAddress":"Setor Fiscal 004","zoneamento":"RESIDENCIAL","statusCadastral":"ATIVO","workflowStatus":"PENDENTE","isOfficial":true,"rawProperties":{"cd_identificador":2163101,"cd_identificador_original_lote":8920290,"cd_setor_fiscal":"004","cd_tipo_quadra":"F","tx_tipo_quadra":"FISCAL","cd_quadra_fiscal":"050","cd_subquadra_fiscal":null,"cd_condominio":"00","cd_tipo_lote":"F","tx_tipo_lote":"FISCAL","cd_lote":"0034","cd_situacao":1,"cd_digito_sql":"0","cd_logradouro":"163074","nm_logradouro_completo":"R PIQUEROBI","cd_numero_porta":"63","tx_complemento_endereco":null,"tx_situ_lote":"ATIVO","cd_tipo_uso_imovel":"10","dc_tipo_uso_imovel":"Residencial","cd_tipo_terreno_imovel":1,"qt_area_terreno":158,"qt_area_construida":115}}},{"type":"Feature","geometry":{"type":"Polygon","coordinates":[[[-46.614706,-23.41369],[-46.614753,-23.413668],[-46.614765,-23.413662],[-46.614773,-23.413678],[-46.614784,-23.413699],[-46.614807,-23.413745],[-46.614751,-23.413771],[-46.614706,-23.41369]]]},"properties":{"sqlu":"SP-004-163098","inscription":"SP-GEOSAMPA-2163098","inscricaoImobiliaria":"SP-IMO-2163098","setor":"004","quadra":"051","lote":"0029","sourceType":"OFFICIAL_IMPORT","mainAddress":"Setor Fiscal 004","zoneamento":"RESIDENCIAL","statusCadastral":"ATIVO","workflowStatus":"PENDENTE","isOfficial":true,"rawProperties":{"cd_identificador":2163098,"cd_identificador_original_lote":8920034,"cd_setor_fiscal":"004","cd_tipo_quadra":"F","tx_tipo_quadra":"FISCAL","cd_quadra_fiscal":"051","cd_subquadra_fiscal":null,"cd_condominio":"00","cd_tipo_lote":"F","tx_tipo_lote":"FISCAL","cd_lote":"0029","cd_situacao":1,"cd_digito_sql":"9","cd_logradouro":"161713","nm_logradouro_completo":"R DOS PESCADORES","cd_numero_porta":"221","tx_complemento_endereco":null,"tx_situ_lote":"ATIVO","cd_tipo_uso_imovel":"10","dc_tipo_uso_imovel":"Residencial","cd_tipo_terreno_imovel":1,"qt_area_terreno":51,"qt_area_construida":90}}},{"type":"Feature","geometry":{"type":"Polygon","coordinates":[[[-46.616096,-23.413537],[-46.615997,-23.413347],[-46.616004,-23.413344],[-46.616051,-23.413322],[-46.616149,-23.413511],[-46.616114,-23.413528],[-46.616096,-23.413537]]]},"properties":{"sqlu":"SP-004-162577","inscription":"SP-GEOSAMPA-2162577","inscricaoImobiliaria":"SP-IMO-2162577","setor":"004","quadra":"059","lote":"0067","sourceType":"OFFICIAL_IMPORT","mainAddress":"Setor Fiscal 004","zoneamento":"RESIDENCIAL","statusCadastral":"ATIVO","workflowStatus":"PENDENTE","isOfficial":true,"rawProperties":{"cd_identificador":2162577,"cd_identificador_original_lote":8918787,"cd_setor_fiscal":"004","cd_tipo_quadra":"F","tx_tipo_quadra":"FISCAL","cd_quadra_fiscal":"059","cd_subquadra_fiscal":null,"cd_condominio":"00","cd_tipo_lote":"F","tx_tipo_lote":"FISCAL","cd_lote":"0067","cd_situacao":1,"cd_digito_sql":"8","cd_logradouro":"161713","nm_logradouro_completo":"R DOS PESCADORES","cd_numero_porta":"86","tx_complemento_endereco":"E 86A","tx_situ_lote":"ATIVO","cd_tipo_uso_imovel":"12","dc_tipo_uso_imovel":"Residencial","cd_tipo_terreno_imovel":1,"qt_area_terreno":134,"qt_area_construida":220}}},{"type":"Feature","geometry":{"type":"Polygon","coordinates":[[[-46.620162,-23.407885],[-46.620183,-23.408219],[-46.620184,-23.408242],[-46.620186,-23.40827],[-46.620101,-23.408277],[-46.620097,-23.408236],[-46.620091,-23.408165],[-46.620085,-23.408093],[-46.620079,-23.40802],[-46.620076,-23.407986],[-46.620073,-23.40795],[-46.620069,-23.407902],[-46.620068,-23.407886],[-46.620055,-23.407733],[-46.620151,-23.407729],[-46.62016,-23.407857],[-46.620162,-23.407885]]]},"properties":{"sqlu":"SP-004-163197","inscription":"SP-GEOSAMPA-2163197","inscricaoImobiliaria":"SP-IMO-2163197","setor":"004","quadra":"005","lote":"0059","sourceType":"OFFICIAL_IMPORT","mainAddress":"Setor Fiscal 004","zoneamento":"RESIDENCIAL","statusCadastral":"ATIVO","workflowStatus":"PENDENTE","isOfficial":true,"rawProperties":{"cd_identificador":2163197,"cd_identificador_original_lote":8920217,"cd_setor_fiscal":"004","cd_tipo_quadra":"F","tx_tipo_quadra":"FISCAL","cd_quadra_fiscal":"005","cd_subquadra_fiscal":null,"cd_condominio":"00","cd_tipo_lote":"F","tx_tipo_lote":"FISCAL","cd_lote":"0059","cd_situacao":1,"cd_digito_sql":"0","cd_logradouro":"142131","nm_logradouro_completo":"R DA MOOCA","cd_numero_porta":"384","tx_complemento_endereco":"E 390","tx_situ_lote":"ATIVO","cd_tipo_uso_imovel":"40","dc_tipo_uso_imovel":"Não residencial","cd_tipo_terreno_imovel":1,"qt_area_terreno":600,"qt_area_construida":882}}},{"type":"Feature","geometry":{"type":"Polygon","coordinates":[[[-46.619415,-23.415484],[-46.619389,-23.415494],[-46.619282,-23.415533],[-46.619266,-23.415494],[-46.619381,-23.415451],[-46.619398,-23.415444],[-46.619407,-23.415467],[-46.619415,-23.415484]]]},"properties":{"sqlu":"SP-004-163007","inscription":"SP-GEOSAMPA-2163007","inscricaoImobiliaria":"SP-IMO-2163007","setor":"004","quadra":"062","lote":"0010","sourceType":"OFFICIAL_IMPORT","mainAddress":"Setor Fiscal 004","zoneamento":"RESIDENCIAL","statusCadastral":"ATIVO","workflowStatus":"PENDENTE","isOfficial":true,"rawProperties":{"cd_identificador":2163007,"cd_identificador_original_lote":8918701,"cd_setor_fiscal":"004","cd_tipo_quadra":"F","tx_tipo_quadra":"FISCAL","cd_quadra_fiscal":"062","cd_subquadra_fiscal":null,"cd_condominio":"00","cd_tipo_lote":"F","tx_tipo_lote":"FISCAL","cd_lote":"0010","cd_situacao":1,"cd_digito_sql":"6","cd_logradouro":"008141","nm_logradouro_completo":"R DOS ALPES","cd_numero_porta":"492","tx_complemento_endereco":null,"tx_situ_lote":"ATIVO","cd_tipo_uso_imovel":"14","dc_tipo_uso_imovel":"Residencial","cd_tipo_terreno_imovel":1,"qt_area_terreno":65,"qt_area_construida":110}}},{"type":"Feature","geometry":{"type":"Polygon","coordinates":[[[-46.619255,-23.409121],[-46.619259,-23.409197],[-46.619261,-23.409227],[-46.619263,-23.409259],[-46.619241,-23.40926],[-46.619212,-23.409261],[-46.619212,-23.409252],[-46.619208,-23.409205],[-46.619205,-23.409157],[-46.619203,-23.409124],[-46.619255,-23.409121]]]},"properties":{"sqlu":"SP-004-163079","inscription":"SP-GEOSAMPA-2163079","inscricaoImobiliaria":"SP-IMO-2163079","setor":"004","quadra":"006","lote":"0076","sourceType":"OFFICIAL_IMPORT","mainAddress":"Setor Fiscal 004","zoneamento":"RESIDENCIAL","statusCadastral":"ATIVO","workflowStatus":"PENDENTE","isOfficial":true,"rawProperties":{"cd_identificador":2163079,"cd_identificador_original_lote":8918661,"cd_setor_fiscal":"004","cd_tipo_quadra":"F","tx_tipo_quadra":"FISCAL","cd_quadra_fiscal":"006","cd_subquadra_fiscal":null,"cd_condominio":"00","cd_tipo_lote":"F","tx_tipo_lote":"FISCAL","cd_lote":"0076","cd_situacao":1,"cd_digito_sql":"5","cd_logradouro":"049549","nm_logradouro_completo":"R CEL CINTRA","cd_numero_porta":"148","tx_complemento_endereco":"E 150 CS 1","tx_situ_lote":"ATIVO","cd_tipo_uso_imovel":"10","dc_tipo_uso_imovel":"Residencial","cd_tipo_terreno_imovel":4,"qt_area_terreno":78,"qt_area_construida":100}}},{"type":"Feature","geometry":{"type":"Polygon","coordinates":[[[-46.619311,-23.409257],[-46.619332,-23.409256],[-46.619349,-23.409255],[-46.619359,-23.409403],[-46.619307,-23.409405],[-46.619297,-23.409257],[-46.619311,-23.409257]]]},"properties":{"sqlu":"SP-004-163236","inscription":"SP-GEOSAMPA-2163236","inscricaoImobiliaria":"SP-IMO-2163236","setor":"004","quadra":"006","lote":"0085","sourceType":"OFFICIAL_IMPORT","mainAddress":"Setor Fiscal 004","zoneamento":"RESIDENCIAL","statusCadastral":"ATIVO","workflowStatus":"PENDENTE","isOfficial":true,"rawProperties":{"cd_identificador":2163236,"cd_identificador_original_lote":8918509,"cd_setor_fiscal":"004","cd_tipo_quadra":"F","tx_tipo_quadra":"FISCAL","cd_quadra_fiscal":"006","cd_subquadra_fiscal":null,"cd_condominio":"00","cd_tipo_lote":"F","tx_tipo_lote":"FISCAL","cd_lote":"0085","cd_situacao":1,"cd_digito_sql":"4","cd_logradouro":"035173","nm_logradouro_completo":"R DOM BOSCO","cd_numero_porta":"161","tx_complemento_endereco":null,"tx_situ_lote":"ATIVO","cd_tipo_uso_imovel":"42","dc_tipo_uso_imovel":"Não residencial","cd_tipo_terreno_imovel":1,"qt_area_terreno":91,"qt_area_construida":153}}},{"type":"Feature","geometry":{"type":"Polygon","coordinates":[[[-46.619851,-23.415266],[-46.619859,-23.415301],[-46.619865,-23.415328],[-46.619881,-23.415403],[-46.619767,-23.415445],[-46.619681,-23.415476],[-46.619649,-23.415487],[-46.619583,-23.415511],[-46.619533,-23.41539],[-46.619462,-23.415221],[-46.619442,-23.415172],[-46.619597,-23.415117],[-46.619806,-23.415043],[-46.619812,-23.415072],[-46.619826,-23.415148],[-46.61983,-23.415166],[-46.619842,-23.415221],[-46.619851,-23.415266]]]},"properties":{"sqlu":"SP-004-163380","inscription":"SP-GEOSAMPA-2163380","inscricaoImobiliaria":"SP-IMO-2163380","setor":"004","quadra":"062","lote":"0006","sourceType":"OFFICIAL_IMPORT","mainAddress":"Setor Fiscal 004","zoneamento":"RESIDENCIAL","statusCadastral":"ATIVO","workflowStatus":"PENDENTE","isOfficial":true,"rawProperties":{"cd_identificador":2163380,"cd_identificador_original_lote":8918705,"cd_setor_fiscal":"004","cd_tipo_quadra":"F","tx_tipo_quadra":"FISCAL","cd_quadra_fiscal":"062","cd_subquadra_fiscal":null,"cd_condominio":"00","cd_tipo_lote":"F","tx_tipo_lote":"FISCAL","cd_lote":"0006","cd_situacao":1,"cd_digito_sql":"8","cd_logradouro":"048291","nm_logradouro_completo":"R CESARIO RAMALHO","cd_numero_porta":"451","tx_complemento_endereco":"465","tx_situ_lote":"ATIVO","cd_tipo_uso_imovel":"51","dc_tipo_uso_imovel":"Não residencial","cd_tipo_terreno_imovel":1,"qt_area_terreno":1460,"qt_area_construida":1476}}},{"type":"Feature","geometry":{"type":"Polygon","coordinates":[[[-46.628835,-23.412427],[-46.628857,-23.412468],[-46.628711,-23.412531],[-46.628642,-23.412561],[-46.628455,-23.412643],[-46.628436,-23.4126],[-46.628621,-23.41252],[-46.628835,-23.412427]]]},"properties":{"sqlu":"SP-004-163223","inscription":"SP-GEOSAMPA-2163223","inscricaoImobiliaria":"SP-IMO-2163223","setor":"004","quadra":"043","lote":"0066","sourceType":"OFFICIAL_IMPORT","mainAddress":"Setor Fiscal 004","zoneamento":"RESIDENCIAL","statusCadastral":"ATIVO","workflowStatus":"PENDENTE","isOfficial":true,"rawProperties":{"cd_identificador":2163223,"cd_identificador_original_lote":8918961,"cd_setor_fiscal":"004","cd_tipo_quadra":"F","tx_tipo_quadra":"FISCAL","cd_quadra_fiscal":"043","cd_subquadra_fiscal":null,"cd_condominio":"00","cd_tipo_lote":"F","tx_tipo_lote":"FISCAL","cd_lote":"0066","cd_situacao":1,"cd_digito_sql":"9","cd_logradouro":"080241","nm_logradouro_completo":"R GLICERIO","cd_numero_porta":"695","tx_complemento_endereco":null,"tx_situ_lote":"ATIVO","cd_tipo_uso_imovel":"10","dc_tipo_uso_imovel":"Residencial","cd_tipo_terreno_imovel":1,"qt_area_terreno":187,"qt_area_construida":100}}},{"type":"Feature","geometry":{"type":"Polygon","coordinates":[[[-46.61678,-23.415392],[-46.616729,-23.41541],[-46.616697,-23.4154],[-46.616656,-23.415306],[-46.61662,-23.415228],[-46.61661,-23.415207],[-46.616686,-23.415177],[-46.616689,-23.415175],[-46.616715,-23.415166],[-46.616781,-23.41533],[-46.616755,-23.415338],[-46.61678,-23.415392]]]},"properties":{"sqlu":"SP-004-163281","inscription":"SP-GEOSAMPA-2163281","inscricaoImobiliaria":"SP-IMO-2163281","setor":"004","quadra":"065","lote":"0049","sourceType":"OFFICIAL_IMPORT","mainAddress":"Setor Fiscal 004","zoneamento":"RESIDENCIAL","statusCadastral":"ATIVO","workflowStatus":"PENDENTE","isOfficial":true,"rawProperties":{"cd_identificador":2163281,"cd_identificador_original_lote":8920557,"cd_setor_fiscal":"004","cd_tipo_quadra":"F","tx_tipo_quadra":"FISCAL","cd_quadra_fiscal":"065","cd_subquadra_fiscal":null,"cd_condominio":"00","cd_tipo_lote":"F","tx_tipo_lote":"FISCAL","cd_lote":"0049","cd_situacao":1,"cd_digito_sql":"5","cd_logradouro":"184845","nm_logradouro_completo":"R ESTEFANO","cd_numero_porta":"42","tx_complemento_endereco":"46 50 54 58 E 62","tx_situ_lote":"ATIVO","cd_tipo_uso_imovel":"22","dc_tipo_uso_imovel":"Residencial","cd_tipo_terreno_imovel":2,"qt_area_terreno":283,"qt_area_construida":1023}}},{"type":"Feature","geometry":{"type":"Polygon","coordinates":[[[-46.614952,-23.409182],[-46.61502,-23.409174],[-46.61506,-23.409537],[-46.614992,-23.409539],[-46.614984,-23.409462],[-46.614979,-23.40942],[-46.61497,-23.409343],[-46.614952,-23.409182]]]},"properties":{"sqlu":"SP-004-163444","inscription":"SP-GEOSAMPA-2163444","inscricaoImobiliaria":"SP-IMO-2163444","setor":"004","quadra":"009","lote":"0052","sourceType":"OFFICIAL_IMPORT","mainAddress":"Setor Fiscal 004","zoneamento":"RESIDENCIAL","statusCadastral":"ATIVO","workflowStatus":"PENDENTE","isOfficial":true,"rawProperties":{"cd_identificador":2163444,"cd_identificador_original_lote":8918997,"cd_setor_fiscal":"004","cd_tipo_quadra":"F","tx_tipo_quadra":"FISCAL","cd_quadra_fiscal":"009","cd_subquadra_fiscal":null,"cd_condominio":"00","cd_tipo_lote":"F","tx_tipo_lote":"FISCAL","cd_lote":"0052","cd_situacao":1,"cd_digito_sql":"1","cd_logradouro":"035173","nm_logradouro_completo":"R DOM BOSCO","cd_numero_porta":"599","tx_complemento_endereco":null,"tx_situ_lote":"ATIVO","cd_tipo_uso_imovel":"10","dc_tipo_uso_imovel":"Residencial","cd_tipo_terreno_imovel":1,"qt_area_terreno":264,"qt_area_construida":260}}},{"type":"Feature","geometry":{"type":"Polygon","coordinates":[[[-46.614368,-23.412996],[-46.614352,-23.413002],[-46.614311,-23.413019],[-46.614292,-23.412981],[-46.614196,-23.412788],[-46.614251,-23.412763],[-46.614288,-23.412836],[-46.614368,-23.412996]]]},"properties":{"sqlu":"SP-004-163352","inscription":"SP-GEOSAMPA-2163352","inscricaoImobiliaria":"SP-IMO-2163352","setor":"004","quadra":"051","lote":"0061","sourceType":"OFFICIAL_IMPORT","mainAddress":"Setor Fiscal 004","zoneamento":"RESIDENCIAL","statusCadastral":"ATIVO","workflowStatus":"PENDENTE","isOfficial":true,"rawProperties":{"cd_identificador":2163352,"cd_identificador_original_lote":8920286,"cd_setor_fiscal":"004","cd_tipo_quadra":"F","tx_tipo_quadra":"FISCAL","cd_quadra_fiscal":"051","cd_subquadra_fiscal":null,"cd_condominio":"00","cd_tipo_lote":"F","tx_tipo_lote":"FISCAL","cd_lote":"0061","cd_situacao":1,"cd_digito_sql":"2","cd_logradouro":"066427","nm_logradouro_completo":"AV DO ESTADO","cd_numero_porta":"5634","tx_complemento_endereco":null,"tx_situ_lote":"ATIVO","cd_tipo_uso_imovel":"40","dc_tipo_uso_imovel":"Não residencial","cd_tipo_terreno_imovel":1,"qt_area_terreno":188,"qt_area_construida":355}}},{"type":"Feature","geometry":{"type":"Polygon","coordinates":[[[-46.613442,-23.408859],[-46.613428,-23.408693],[-46.613467,-23.408691],[-46.613481,-23.408856],[-46.613442,-23.408859]]]},"properties":{"sqlu":"SP-004-163655","inscription":"SP-GEOSAMPA-2163655","inscricaoImobiliaria":"SP-IMO-2163655","setor":"004","quadra":"009","lote":"0020","sourceType":"OFFICIAL_IMPORT","mainAddress":"Setor Fiscal 004","zoneamento":"RESIDENCIAL","statusCadastral":"ATIVO","workflowStatus":"PENDENTE","isOfficial":true,"rawProperties":{"cd_identificador":2163655,"cd_identificador_original_lote":8919061,"cd_setor_fiscal":"004","cd_tipo_quadra":"F","tx_tipo_quadra":"FISCAL","cd_quadra_fiscal":"009","cd_subquadra_fiscal":null,"cd_condominio":"00","cd_tipo_lote":"F","tx_tipo_lote":"FISCAL","cd_lote":"0020","cd_situacao":1,"cd_digito_sql":"3","cd_logradouro":"091740","nm_logradouro_completo":"R SAN GENNARO","cd_numero_porta":"66","tx_complemento_endereco":null,"tx_situ_lote":"ATIVO","cd_tipo_uso_imovel":"10","dc_tipo_uso_imovel":"Residencial","cd_tipo_terreno_imovel":1,"qt_area_terreno":48,"qt_area_construida":153}}},{"type":"Feature","geometry":{"type":"Polygon","coordinates":[[[-46.618278,-23.416537],[-46.618262,-23.416497],[-46.618321,-23.416477],[-46.618408,-23.416448],[-46.618471,-23.416427],[-46.61852,-23.41641],[-46.618549,-23.4164],[-46.618604,-23.416382],[-46.618647,-23.416475],[-46.618617,-23.416485],[-46.618567,-23.416502],[-46.61851,-23.416521],[-46.61849,-23.416474],[-46.618487,-23.416466],[-46.618465,-23.416474],[-46.6184,-23.416496],[-46.618278,-23.416537]]]},"properties":{"sqlu":"SP-004-163531","inscription":"SP-GEOSAMPA-2163531","inscricaoImobiliaria":"SP-IMO-2163531","setor":"004","quadra":"068","lote":"0037","sourceType":"OFFICIAL_IMPORT","mainAddress":"Setor Fiscal 004","zoneamento":"RESIDENCIAL","statusCadastral":"ATIVO","workflowStatus":"PENDENTE","isOfficial":true,"rawProperties":{"cd_identificador":2163531,"cd_identificador_original_lote":8919654,"cd_setor_fiscal":"004","cd_tipo_quadra":"F","tx_tipo_quadra":"FISCAL","cd_quadra_fiscal":"068","cd_subquadra_fiscal":null,"cd_condominio":"00","cd_tipo_lote":"F","tx_tipo_lote":"FISCAL","cd_lote":"0037","cd_situacao":1,"cd_digito_sql":"5","cd_logradouro":"098310","nm_logradouro_completo":"R BR DE JAGUARA","cd_numero_porta":"1108","tx_complemento_endereco":"1110 E 1110FDS","tx_situ_lote":"ATIVO","cd_tipo_uso_imovel":"14","dc_tipo_uso_imovel":"Residencial","cd_tipo_terreno_imovel":1,"qt_area_terreno":265,"qt_area_construida":191}}},{"type":"Feature","geometry":{"type":"Polygon","coordinates":[[[-46.616945,-23.414651],[-46.616905,-23.414663],[-46.616843,-23.414512],[-46.616828,-23.414476],[-46.616809,-23.41443],[-46.616849,-23.414415],[-46.616913,-23.414573],[-46.616945,-23.414651]]]},"properties":{"sqlu":"SP-004-163711","inscription":"SP-GEOSAMPA-2163711","inscricaoImobiliaria":"SP-IMO-2163711","setor":"004","quadra":"064","lote":"0007","sourceType":"OFFICIAL_IMPORT","mainAddress":"Setor Fiscal 004","zoneamento":"RESIDENCIAL","statusCadastral":"ATIVO","workflowStatus":"PENDENTE","isOfficial":true,"rawProperties":{"cd_identificador":2163711,"cd_identificador_original_lote":8919418,"cd_setor_fiscal":"004","cd_tipo_quadra":"F","tx_tipo_quadra":"FISCAL","cd_quadra_fiscal":"064","cd_subquadra_fiscal":null,"cd_condominio":"00","cd_tipo_lote":"F","tx_tipo_lote":"FISCAL","cd_lote":"0007","cd_situacao":1,"cd_digito_sql":"5","cd_logradouro":"182087","nm_logradouro_completo":"R SILVEIRA DA MOTA","cd_numero_porta":"511","tx_complemento_endereco":null,"tx_situ_lote":"ATIVO","cd_tipo_uso_imovel":"10","dc_tipo_uso_imovel":"Residencial","cd_tipo_terreno_imovel":1,"qt_area_terreno":118,"qt_area_construida":70}}},{"type":"Feature","geometry":{"type":"Polygon","coordinates":[[[-46.616945,-23.414651],[-46.616913,-23.414573],[-46.616849,-23.414415],[-46.616889,-23.414401],[-46.616986,-23.414638],[-46.616945,-23.414651]]]},"properties":{"sqlu":"SP-004-163712","inscription":"SP-GEOSAMPA-2163712","inscricaoImobiliaria":"SP-IMO-2163712","setor":"004","quadra":"064","lote":"0006","sourceType":"OFFICIAL_IMPORT","mainAddress":"Setor Fiscal 004","zoneamento":"RESIDENCIAL","statusCadastral":"ATIVO","workflowStatus":"PENDENTE","isOfficial":true,"rawProperties":{"cd_identificador":2163712,"cd_identificador_original_lote":8919419,"cd_setor_fiscal":"004","cd_tipo_quadra":"F","tx_tipo_quadra":"FISCAL","cd_quadra_fiscal":"064","cd_subquadra_fiscal":null,"cd_condominio":"00","cd_tipo_lote":"F","tx_tipo_lote":"FISCAL","cd_lote":"0006","cd_situacao":1,"cd_digito_sql":"7","cd_logradouro":"182087","nm_logradouro_completo":"R SILVEIRA DA MOTA","cd_numero_porta":"503","tx_complemento_endereco":null,"tx_situ_lote":"ATIVO","cd_tipo_uso_imovel":"10","dc_tipo_uso_imovel":"Residencial","cd_tipo_terreno_imovel":1,"qt_area_terreno":128,"qt_area_construida":70}}},{"type":"Feature","geometry":{"type":"Polygon","coordinates":[[[-46.615901,-23.411358],[-46.615906,-23.41139],[-46.615918,-23.411464],[-46.61593,-23.411543],[-46.615943,-23.41163],[-46.615904,-23.411642],[-46.615891,-23.411555],[-46.615874,-23.411441],[-46.615868,-23.411402],[-46.615863,-23.411369],[-46.615901,-23.411358]]]},"properties":{"sqlu":"SP-004-163512","inscription":"SP-GEOSAMPA-2163512","inscricaoImobiliaria":"SP-IMO-2163512","setor":"004","quadra":"028","lote":"0008","sourceType":"OFFICIAL_IMPORT","mainAddress":"Setor Fiscal 004","zoneamento":"RESIDENCIAL","statusCadastral":"ATIVO","workflowStatus":"PENDENTE","isOfficial":true,"rawProperties":{"cd_identificador":2163512,"cd_identificador_original_lote":8919401,"cd_setor_fiscal":"004","cd_tipo_quadra":"F","tx_tipo_quadra":"FISCAL","cd_quadra_fiscal":"028","cd_subquadra_fiscal":null,"cd_condominio":"00","cd_tipo_lote":"F","tx_tipo_lote":"FISCAL","cd_lote":"0008","cd_situacao":1,"cd_digito_sql":"7","cd_logradouro":"066427","nm_logradouro_completo":"AV DO ESTADO","cd_numero_porta":"5425","tx_complemento_endereco":null,"tx_situ_lote":"ATIVO","cd_tipo_uso_imovel":"10","dc_tipo_uso_imovel":"Residencial","cd_tipo_terreno_imovel":1,"qt_area_terreno":120,"qt_area_construida":100}}},{"type":"Feature","geometry":{"type":"Polygon","coordinates":[[[-46.615901,-23.411358],[-46.61594,-23.411346],[-46.615945,-23.411378],[-46.615952,-23.411423],[-46.615953,-23.411427],[-46.615961,-23.411479],[-46.615969,-23.411532],[-46.615983,-23.411618],[-46.615943,-23.41163],[-46.61593,-23.411543],[-46.615918,-23.411464],[-46.615906,-23.41139],[-46.615901,-23.411358]]]},"properties":{"sqlu":"SP-004-163513","inscription":"SP-GEOSAMPA-2163513","inscricaoImobiliaria":"SP-IMO-2163513","setor":"004","quadra":"028","lote":"0007","sourceType":"OFFICIAL_IMPORT","mainAddress":"Setor Fiscal 004","zoneamento":"RESIDENCIAL","statusCadastral":"ATIVO","workflowStatus":"PENDENTE","isOfficial":true,"rawProperties":{"cd_identificador":2163513,"cd_identificador_original_lote":8919402,"cd_setor_fiscal":"004","cd_tipo_quadra":"F","tx_tipo_quadra":"FISCAL","cd_quadra_fiscal":"028","cd_subquadra_fiscal":null,"cd_condominio":"00","cd_tipo_lote":"F","tx_tipo_lote":"FISCAL","cd_lote":"0007","cd_situacao":1,"cd_digito_sql":"9","cd_logradouro":"066427","nm_logradouro_completo":"AV DO ESTADO","cd_numero_porta":"5421","tx_complemento_endereco":null,"tx_situ_lote":"ATIVO","cd_tipo_uso_imovel":"42","dc_tipo_uso_imovel":"Não residencial","cd_tipo_terreno_imovel":1,"qt_area_terreno":130,"qt_area_construida":100}}},{"type":"Feature","geometry":{"type":"Polygon","coordinates":[[[-46.617051,-23.416128],[-46.617044,-23.416114],[-46.617032,-23.416091],[-46.617063,-23.416078],[-46.617237,-23.416006],[-46.617253,-23.416],[-46.61731,-23.415976],[-46.617363,-23.415954],[-46.617384,-23.415996],[-46.617285,-23.416035],[-46.617193,-23.416072],[-46.61707,-23.416121],[-46.617051,-23.416128]]]},"properties":{"sqlu":"SP-004-163972","inscription":"SP-GEOSAMPA-2163972","inscricaoImobiliaria":"SP-IMO-2163972","setor":"004","quadra":"069","lote":"0011","sourceType":"OFFICIAL_IMPORT","mainAddress":"Setor Fiscal 004","zoneamento":"RESIDENCIAL","statusCadastral":"ATIVO","workflowStatus":"PENDENTE","isOfficial":true,"rawProperties":{"cd_identificador":2163972,"cd_identificador_original_lote":8918643,"cd_setor_fiscal":"004","cd_tipo_quadra":"F","tx_tipo_quadra":"FISCAL","cd_quadra_fiscal":"069","cd_subquadra_fiscal":null,"cd_condominio":"00","cd_tipo_lote":"F","tx_tipo_lote":"FISCAL","cd_lote":"0011","cd_situacao":1,"cd_digito_sql":"6","cd_logradouro":"184845","nm_logradouro_completo":"R ESTEFANO","cd_numero_porta":"154","tx_complemento_endereco":null,"tx_situ_lote":"ATIVO","cd_tipo_uso_imovel":"40","dc_tipo_uso_imovel":"Não residencial","cd_tipo_terreno_imovel":1,"qt_area_terreno":168,"qt_area_construida":123}}},{"type":"Feature","geometry":{"type":"Polygon","coordinates":[[[-46.62057,-23.413],[-46.620577,-23.412939],[-46.620583,-23.412883],[-46.620639,-23.412889],[-46.620704,-23.412896],[-46.620746,-23.4129],[-46.62078,-23.412903],[-46.620855,-23.412911],[-46.620852,-23.412961],[-46.62085,-23.413004],[-46.620798,-23.413003],[-46.620766,-23.413003],[-46.620648,-23.413001],[-46.62057,-23.413]]]},"properties":{"sqlu":"SP-004-163878","inscription":"SP-GEOSAMPA-2163878","inscricaoImobiliaria":"SP-IMO-2163878","setor":"004","quadra":"056","lote":"0034","sourceType":"OFFICIAL_IMPORT","mainAddress":"Setor Fiscal 004","zoneamento":"RESIDENCIAL","statusCadastral":"ATIVO","workflowStatus":"PENDENTE","isOfficial":true,"rawProperties":{"cd_identificador":2163878,"cd_identificador_original_lote":8920102,"cd_setor_fiscal":"004","cd_tipo_quadra":"F","tx_tipo_quadra":"FISCAL","cd_quadra_fiscal":"056","cd_subquadra_fiscal":null,"cd_condominio":"00","cd_tipo_lote":"F","tx_tipo_lote":"FISCAL","cd_lote":"0034","cd_situacao":1,"cd_digito_sql":"8","cd_logradouro":"122386","nm_logradouro_completo":"R LUIS GAMA","cd_numero_porta":"588","tx_complemento_endereco":"588A 590 592 E 5","tx_situ_lote":"ATIVO","cd_tipo_uso_imovel":"42","dc_tipo_uso_imovel":"Não residencial","cd_tipo_terreno_imovel":1,"qt_area_terreno":394,"qt_area_construida":300}}},{"type":"Feature","geometry":{"type":"Polygon","coordinates":[[[-46.619234,-23.409551],[-46.619287,-23.40955],[-46.619295,-23.409736],[-46.619244,-23.409738],[-46.619234,-23.409551]]]},"properties":{"sqlu":"SP-004-163671","inscription":"SP-GEOSAMPA-2163671","inscricaoImobiliaria":"SP-IMO-2163671","setor":"004","quadra":"014","lote":"0030","sourceType":"OFFICIAL_IMPORT","mainAddress":"Setor Fiscal 004","zoneamento":"RESIDENCIAL","statusCadastral":"ATIVO","workflowStatus":"PENDENTE","isOfficial":true,"rawProperties":{"cd_identificador":2163671,"cd_identificador_original_lote":8920594,"cd_setor_fiscal":"004","cd_tipo_quadra":"F","tx_tipo_quadra":"FISCAL","cd_quadra_fiscal":"014","cd_subquadra_fiscal":null,"cd_condominio":"00","cd_tipo_lote":"F","tx_tipo_lote":"FISCAL","cd_lote":"0030","cd_situacao":1,"cd_digito_sql":"1","cd_logradouro":"035173","nm_logradouro_completo":"R DOM BOSCO","cd_numero_porta":"170","tx_complemento_endereco":null,"tx_situ_lote":"ATIVO","cd_tipo_uso_imovel":"40","dc_tipo_uso_imovel":"Não residencial","cd_tipo_terreno_imovel":1,"qt_area_terreno":100,"qt_area_construida":60}}},{"type":"Feature","geometry":{"type":"Polygon","coordinates":[[[-46.616452,-23.413334],[-46.616365,-23.413172],[-46.616416,-23.413148],[-46.616478,-23.413272],[-46.616499,-23.413315],[-46.616452,-23.413334]]]},"properties":{"sqlu":"SP-004-164170","inscription":"SP-GEOSAMPA-2164170","inscricaoImobiliaria":"SP-IMO-2164170","setor":"004","quadra":"059","lote":"0075","sourceType":"OFFICIAL_IMPORT","mainAddress":"Setor Fiscal 004","zoneamento":"RESIDENCIAL","statusCadastral":"ATIVO","workflowStatus":"PENDENTE","isOfficial":true,"rawProperties":{"cd_identificador":2164170,"cd_identificador_original_lote":8918782,"cd_setor_fiscal":"004","cd_tipo_quadra":"F","tx_tipo_quadra":"FISCAL","cd_quadra_fiscal":"059","cd_subquadra_fiscal":null,"cd_condominio":"00","cd_tipo_lote":"F","tx_tipo_lote":"FISCAL","cd_lote":"0075","cd_situacao":1,"cd_digito_sql":"9","cd_logradouro":"161713","nm_logradouro_completo":"R DOS PESCADORES","cd_numero_porta":"40","tx_complemento_endereco":"E 42","tx_situ_lote":"ATIVO","cd_tipo_uso_imovel":"40","dc_tipo_uso_imovel":"Não residencial","cd_tipo_terreno_imovel":1,"qt_area_terreno":114,"qt_area_construida":196}}},{"type":"Feature","geometry":{"type":"Polygon","coordinates":[[[-46.616452,-23.413334],[-46.616499,-23.413315],[-46.616544,-23.413297],[-46.616588,-23.41328],[-46.616776,-23.413206],[-46.616793,-23.413247],[-46.616814,-23.4133],[-46.616831,-23.413341],[-46.616478,-23.413483],[-46.616416,-23.413348],[-46.616452,-23.413334]]]},"properties":{"sqlu":"SP-004-164171","inscription":"SP-GEOSAMPA-2164171","inscricaoImobiliaria":"SP-IMO-2164171","setor":"004","quadra":"059","lote":"0000","sourceType":"OFFICIAL_IMPORT","mainAddress":"Setor Fiscal 004","zoneamento":"RESIDENCIAL","statusCadastral":"ATIVO","workflowStatus":"PENDENTE","isOfficial":true,"rawProperties":{"cd_identificador":2164171,"cd_identificador_original_lote":8919862,"cd_setor_fiscal":"004","cd_tipo_quadra":"F","tx_tipo_quadra":"FISCAL","cd_quadra_fiscal":"059","cd_subquadra_fiscal":null,"cd_condominio":"05","cd_tipo_lote":"F","tx_tipo_lote":"FISCAL","cd_lote":"0000","cd_situacao":1,"cd_digito_sql":null,"cd_logradouro":"098310","nm_logradouro_completo":"R BR DE JAGUARA","cd_numero_porta":"721","tx_complemento_endereco":null,"tx_situ_lote":null,"cd_tipo_uso_imovel":"XX","dc_tipo_uso_imovel":"Condomínio","cd_tipo_terreno_imovel":99,"qt_area_terreno":640,"qt_area_construida":null}}},{"type":"Feature","geometry":{"type":"Polygon","coordinates":[[[-46.618226,-23.414335],[-46.618194,-23.414252],[-46.618257,-23.414238],[-46.618279,-23.414324],[-46.618226,-23.414335]]]},"properties":{"sqlu":"SP-004-163777","inscription":"SP-GEOSAMPA-2163777","inscricaoImobiliaria":"SP-IMO-2163777","setor":"004","quadra":"058","lote":"0049","sourceType":"OFFICIAL_IMPORT","mainAddress":"Setor Fiscal 004","zoneamento":"RESIDENCIAL","statusCadastral":"ATIVO","workflowStatus":"PENDENTE","isOfficial":true,"rawProperties":{"cd_identificador":2163777,"cd_identificador_original_lote":8919931,"cd_setor_fiscal":"004","cd_tipo_quadra":"F","tx_tipo_quadra":"FISCAL","cd_quadra_fiscal":"058","cd_subquadra_fiscal":null,"cd_condominio":"00","cd_tipo_lote":"F","tx_tipo_lote":"FISCAL","cd_lote":"0049","cd_situacao":1,"cd_digito_sql":"5","cd_logradouro":"182087","nm_logradouro_completo":"R SILVEIRA DA MOTA","cd_numero_porta":"367","tx_complemento_endereco":null,"tx_situ_lote":"ATIVO","cd_tipo_uso_imovel":"14","dc_tipo_uso_imovel":"Residencial","cd_tipo_terreno_imovel":1,"qt_area_terreno":55,"qt_area_construida":80}}},{"type":"Feature","geometry":{"type":"Polygon","coordinates":[[[-46.616258,-23.409746],[-46.616251,-23.409709],[-46.616243,-23.40967],[-46.616238,-23.409641],[-46.616276,-23.40964],[-46.6163,-23.409777],[-46.616309,-23.409831],[-46.616299,-23.409832],[-46.616275,-23.409835],[-46.616272,-23.409822],[-46.616267,-23.409796],[-46.616265,-23.409784],[-46.616258,-23.409746]]]},"properties":{"sqlu":"SP-004-163894","inscription":"SP-GEOSAMPA-2163894","inscricaoImobiliaria":"SP-IMO-2163894","setor":"004","quadra":"017","lote":"0021","sourceType":"OFFICIAL_IMPORT","mainAddress":"Setor Fiscal 004","zoneamento":"RESIDENCIAL","statusCadastral":"ATIVO","workflowStatus":"PENDENTE","isOfficial":true,"rawProperties":{"cd_identificador":2163894,"cd_identificador_original_lote":8919824,"cd_setor_fiscal":"004","cd_tipo_quadra":"F","tx_tipo_quadra":"FISCAL","cd_quadra_fiscal":"017","cd_subquadra_fiscal":null,"cd_condominio":"00","cd_tipo_lote":"F","tx_tipo_lote":"FISCAL","cd_lote":"0021","cd_situacao":1,"cd_digito_sql":"6","cd_logradouro":"035173","nm_logradouro_completo":"R DOM BOSCO","cd_numero_porta":"478","tx_complemento_endereco":null,"tx_situ_lote":"ATIVO","cd_tipo_uso_imovel":"10","dc_tipo_uso_imovel":"Residencial","cd_tipo_terreno_imovel":1,"qt_area_terreno":84,"qt_area_construida":94}}},{"type":"Feature","geometry":{"type":"Polygon","coordinates":[[[-46.619515,-23.409249],[-46.619524,-23.409248],[-46.619562,-23.409247],[-46.619571,-23.409396],[-46.619519,-23.409398],[-46.619511,-23.409249],[-46.619515,-23.409249]]]},"properties":{"sqlu":"SP-004-164062","inscription":"SP-GEOSAMPA-2164062","inscricaoImobiliaria":"SP-IMO-2164062","setor":"004","quadra":"006","lote":"0089","sourceType":"OFFICIAL_IMPORT","mainAddress":"Setor Fiscal 004","zoneamento":"RESIDENCIAL","statusCadastral":"ATIVO","workflowStatus":"PENDENTE","isOfficial":true,"rawProperties":{"cd_identificador":2164062,"cd_identificador_original_lote":8918505,"cd_setor_fiscal":"004","cd_tipo_quadra":"F","tx_tipo_quadra":"FISCAL","cd_quadra_fiscal":"006","cd_subquadra_fiscal":null,"cd_condominio":"00","cd_tipo_lote":"F","tx_tipo_lote":"FISCAL","cd_lote":"0089","cd_situacao":1,"cd_digito_sql":"7","cd_logradouro":"035173","nm_logradouro_completo":"R DOM BOSCO","cd_numero_porta":"139","tx_complemento_endereco":"E141","tx_situ_lote":"ATIVO","cd_tipo_uso_imovel":"40","dc_tipo_uso_imovel":"Não residencial","cd_tipo_terreno_imovel":1,"qt_area_terreno":88,"qt_area_construida":225}}},{"type":"Feature","geometry":{"type":"Polygon","coordinates":[[[-46.616258,-23.409746],[-46.616265,-23.409784],[-46.616183,-23.409796],[-46.61607,-23.409812],[-46.616062,-23.409773],[-46.616176,-23.409757],[-46.616258,-23.409746]]]},"properties":{"sqlu":"SP-004-163895","inscription":"SP-GEOSAMPA-2163895","inscricaoImobiliaria":"SP-IMO-2163895","setor":"004","quadra":"017","lote":"0017","sourceType":"OFFICIAL_IMPORT","mainAddress":"Setor Fiscal 004","zoneamento":"RESIDENCIAL","statusCadastral":"ATIVO","workflowStatus":"PENDENTE","isOfficial":true,"rawProperties":{"cd_identificador":2163895,"cd_identificador_original_lote":8919579,"cd_setor_fiscal":"004","cd_tipo_quadra":"F","tx_tipo_quadra":"FISCAL","cd_quadra_fiscal":"017","cd_subquadra_fiscal":null,"cd_condominio":"00","cd_tipo_lote":"F","tx_tipo_lote":"FISCAL","cd_lote":"0017","cd_situacao":1,"cd_digito_sql":"8","cd_logradouro":"098310","nm_logradouro_completo":"R BR DE JAGUARA","cd_numero_porta":"326","tx_complemento_endereco":null,"tx_situ_lote":"ATIVO","cd_tipo_uso_imovel":"10","dc_tipo_uso_imovel":"Residencial","cd_tipo_terreno_imovel":1,"qt_area_terreno":84,"qt_area_construida":120}}},{"type":"Feature","geometry":{"type":"Polygon","coordinates":[[[-46.616804,-23.416298],[-46.616838,-23.416368],[-46.616857,-23.416408],[-46.61689,-23.416477],[-46.616835,-23.416497],[-46.616769,-23.416369],[-46.616746,-23.416322],[-46.616765,-23.416314],[-46.61677,-23.416312],[-46.616804,-23.416298]]]},"properties":{"sqlu":"SP-004-164323","inscription":"SP-GEOSAMPA-2164323","inscricaoImobiliaria":"SP-IMO-2164323","setor":"004","quadra":"070","lote":"0000","sourceType":"OFFICIAL_IMPORT","mainAddress":"Setor Fiscal 004","zoneamento":"RESIDENCIAL","statusCadastral":"ATIVO","workflowStatus":"PENDENTE","isOfficial":true,"rawProperties":{"cd_identificador":2164323,"cd_identificador_original_lote":8919043,"cd_setor_fiscal":"004","cd_tipo_quadra":"F","tx_tipo_quadra":"FISCAL","cd_quadra_fiscal":"070","cd_subquadra_fiscal":null,"cd_condominio":"03","cd_tipo_lote":"F","tx_tipo_lote":"FISCAL","cd_lote":"0000","cd_situacao":1,"cd_digito_sql":null,"cd_logradouro":"048291","nm_logradouro_completo":"R CESARIO RAMALHO","cd_numero_porta":"771 775","tx_complemento_endereco":null,"tx_situ_lote":null,"cd_tipo_uso_imovel":"XX","dc_tipo_uso_imovel":"Condomínio","cd_tipo_terreno_imovel":99,"qt_area_terreno":137,"qt_area_construida":null}}},{"type":"Feature","geometry":{"type":"Polygon","coordinates":[[[-46.627975,-23.412107],[-46.627915,-23.412104],[-46.627873,-23.411964],[-46.627916,-23.411948],[-46.627924,-23.41197],[-46.627975,-23.412107]]]},"properties":{"sqlu":"SP-004-164324","inscription":"SP-GEOSAMPA-2164324","inscricaoImobiliaria":"SP-IMO-2164324","setor":"004","quadra":"030","lote":"0028","sourceType":"OFFICIAL_IMPORT","mainAddress":"Setor Fiscal 004","zoneamento":"RESIDENCIAL","statusCadastral":"ATIVO","workflowStatus":"PENDENTE","isOfficial":true,"rawProperties":{"cd_identificador":2164324,"cd_identificador_original_lote":8920633,"cd_setor_fiscal":"004","cd_tipo_quadra":"F","tx_tipo_quadra":"FISCAL","cd_quadra_fiscal":"030","cd_subquadra_fiscal":null,"cd_condominio":"00","cd_tipo_lote":"F","tx_tipo_lote":"FISCAL","cd_lote":"0028","cd_situacao":1,"cd_digito_sql":"9","cd_logradouro":"090328","nm_logradouro_completo":"R BR DE IGUAPE","cd_numero_porta":"777","tx_complemento_endereco":null,"tx_situ_lote":"ATIVO","cd_tipo_uso_imovel":"10","dc_tipo_uso_imovel":"Residencial","cd_tipo_terreno_imovel":1,"qt_area_terreno":120,"qt_area_construida":140}}},{"type":"Feature","geometry":{"type":"Polygon","coordinates":[[[-46.614225,-23.410486],[-46.614067,-23.410493],[-46.614019,-23.410107],[-46.614171,-23.410102],[-46.614225,-23.410486]]]},"properties":{"sqlu":"SP-004-163897","inscription":"SP-GEOSAMPA-2163897","inscricaoImobiliaria":"SP-IMO-2163897","setor":"004","quadra":"018","lote":"0123","sourceType":"OFFICIAL_IMPORT","mainAddress":"Setor Fiscal 004","zoneamento":"RESIDENCIAL","statusCadastral":"ATIVO","workflowStatus":"PENDENTE","isOfficial":true,"rawProperties":{"cd_identificador":2163897,"cd_identificador_original_lote":8920314,"cd_setor_fiscal":"004","cd_tipo_quadra":"F","tx_tipo_quadra":"FISCAL","cd_quadra_fiscal":"018","cd_subquadra_fiscal":null,"cd_condominio":"00","cd_tipo_lote":"F","tx_tipo_lote":"FISCAL","cd_lote":"0123","cd_situacao":1,"cd_digito_sql":"3","cd_logradouro":"148806","nm_logradouro_completo":"R ODORICO MENDES","cd_numero_porta":"623","tx_complemento_endereco":null,"tx_situ_lote":"ATIVO","cd_tipo_uso_imovel":"50","dc_tipo_uso_imovel":"Não residencial","cd_tipo_terreno_imovel":1,"qt_area_terreno":674,"qt_area_construida":732}}},{"type":"Feature","geometry":{"type":"Polygon","coordinates":[[[-46.615914,-23.409814],[-46.615925,-23.409873],[-46.615748,-23.409879],[-46.615733,-23.40988],[-46.615692,-23.409881],[-46.615598,-23.409884],[-46.615581,-23.409885],[-46.615571,-23.40983],[-46.615674,-23.409825],[-46.615707,-23.409823],[-46.615729,-23.409822],[-46.615788,-23.40982],[-46.615807,-23.409819],[-46.615914,-23.409814]]]},"properties":{"sqlu":"SP-004-164496","inscription":"SP-GEOSAMPA-2164496","inscricaoImobiliaria":"SP-IMO-2164496","setor":"004","quadra":"018","lote":"0004","sourceType":"OFFICIAL_IMPORT","mainAddress":"Setor Fiscal 004","zoneamento":"RESIDENCIAL","statusCadastral":"ATIVO","workflowStatus":"PENDENTE","isOfficial":true,"rawProperties":{"cd_identificador":2164496,"cd_identificador_original_lote":8920550,"cd_setor_fiscal":"004","cd_tipo_quadra":"F","tx_tipo_quadra":"FISCAL","cd_quadra_fiscal":"018","cd_subquadra_fiscal":null,"cd_condominio":"00","cd_tipo_lote":"F","tx_tipo_lote":"FISCAL","cd_lote":"0004","cd_situacao":1,"cd_digito_sql":"0","cd_logradouro":"098310","nm_logradouro_completo":"R BR DE JAGUARA","cd_numero_porta":"327","tx_complemento_endereco":null,"tx_situ_lote":"ATIVO","cd_tipo_uso_imovel":"10","dc_tipo_uso_imovel":"Residencial","cd_tipo_terreno_imovel":1,"qt_area_terreno":226,"qt_area_construida":302}}},{"type":"Feature","geometry":{"type":"Polygon","coordinates":[[[-46.624154,-23.408021],[-46.62426,-23.407901],[-46.624264,-23.407895],[-46.624269,-23.40789],[-46.624275,-23.407885],[-46.62428,-23.407883],[-46.624287,-23.407882],[-46.624294,-23.407882],[-46.624301,-23.407883],[-46.624308,-23.407886],[-46.624314,-23.407889],[-46.62432,-23.407894],[-46.624324,-23.4079],[-46.624333,-23.407923],[-46.624343,-23.407948],[-46.624352,-23.407974],[-46.62436,-23.408],[-46.624366,-23.408022],[-46.624368,-23.408029],[-46.624369,-23.408036],[-46.62437,-23.408042],[-46.624371,-23.408049],[-46.624372,-23.408056],[-46.624372,-23.408062],[-46.624372,-23.408069],[-46.624373,-23.408076],[-46.624373,-23.408082],[-46.624372,-23.408089],[-46.624371,-23.408096],[-46.624368,-23.408102],[-46.624366,-23.408108],[-46.624362,-23.408114],[-46.624339,-23.408145],[-46.62429,-23.408113],[-46.624284,-23.408109],[-46.624278,-23.408105],[-46.624272,-23.408101],[-46.624266,-23.408097],[-46.62426,-23.408093],[-46.624255,-23.408089],[-46.624249,-23.408085],[-46.624243,-23.408081],[-46.624237,-23.408077],[-46.624231,-23.408073],[-46.624225,-23.408069],[-46.624219,-23.408065],[-46.624213,-23.408061],[-46.624208,-23.408058],[-46.624202,-23.408054],[-46.624196,-23.40805],[-46.62419,-23.408046],[-46.624184,-23.408042],[-46.624178,-23.408038],[-46.624172,-23.408034],[-46.624167,-23.40803],[-46.624161,-23.408026],[-46.624155,-23.408022],[-46.624154,-23.408021]]]},"properties":{"sqlu":"SP-004-164017","inscription":"SP-GEOSAMPA-2164017","inscricaoImobiliaria":"SP-IMO-2164017","setor":"004","quadra":"004","lote":"0002","sourceType":"OFFICIAL_IMPORT","mainAddress":"Setor Fiscal 004","zoneamento":"RESIDENCIAL","statusCadastral":"ATIVO","workflowStatus":"PENDENTE","isOfficial":true,"rawProperties":{"cd_identificador":2164017,"cd_identificador_original_lote":8918623,"cd_setor_fiscal":"004","cd_tipo_quadra":"M","tx_tipo_quadra":"MUNICIPAL","cd_quadra_fiscal":"004","cd_subquadra_fiscal":null,"cd_condominio":"00","cd_tipo_lote":"M","tx_tipo_lote":"MUNICIPAL","cd_lote":"0002","cd_situacao":1,"cd_digito_sql":null,"cd_logradouro":null,"nm_logradouro_completo":null,"cd_numero_porta":null,"tx_complemento_endereco":null,"tx_situ_lote":null,"cd_tipo_uso_imovel":null,"dc_tipo_uso_imovel":null,"cd_tipo_terreno_imovel":null,"qt_area_terreno":null,"qt_area_construida":null}}},{"type":"Feature","geometry":{"type":"Polygon","coordinates":[[[-46.616202,-23.415261],[-46.616177,-23.415205],[-46.616206,-23.415195],[-46.616251,-23.415179],[-46.616409,-23.415123],[-46.616432,-23.415174],[-46.616347,-23.415206],[-46.616202,-23.415261]]]},"properties":{"sqlu":"SP-004-164381","inscription":"SP-GEOSAMPA-2164381","inscricaoImobiliaria":"SP-IMO-2164381","setor":"004","quadra":"066","lote":"0053","sourceType":"OFFICIAL_IMPORT","mainAddress":"Setor Fiscal 004","zoneamento":"RESIDENCIAL","statusCadastral":"ATIVO","workflowStatus":"PENDENTE","isOfficial":true,"rawProperties":{"cd_identificador":2164381,"cd_identificador_original_lote":8920422,"cd_setor_fiscal":"004","cd_tipo_quadra":"F","tx_tipo_quadra":"FISCAL","cd_quadra_fiscal":"066","cd_subquadra_fiscal":null,"cd_condominio":"00","cd_tipo_lote":"F","tx_tipo_lote":"FISCAL","cd_lote":"0053","cd_situacao":1,"cd_digito_sql":"8","cd_logradouro":"184845","nm_logradouro_completo":"R ESTEFANO","cd_numero_porta":"25","tx_complemento_endereco":"25 FDS","tx_situ_lote":"ATIVO","cd_tipo_uso_imovel":"14","dc_tipo_uso_imovel":"Residencial","cd_tipo_terreno_imovel":1,"qt_area_terreno":152,"qt_area_construida":150}}},{"type":"Feature","geometry":{"type":"Polygon","coordinates":[[[-46.620085,-23.408093],[-46.620091,-23.408165],[-46.619947,-23.408176],[-46.619942,-23.408102],[-46.620085,-23.408093]]]},"properties":{"sqlu":"SP-004-164200","inscription":"SP-GEOSAMPA-2164200","inscricaoImobiliaria":"SP-IMO-2164200","setor":"004","quadra":"005","lote":"0003","sourceType":"OFFICIAL_IMPORT","mainAddress":"Setor Fiscal 004","zoneamento":"RESIDENCIAL","statusCadastral":"ATIVO","workflowStatus":"PENDENTE","isOfficial":true,"rawProperties":{"cd_identificador":2164200,"cd_identificador_original_lote":8919639,"cd_setor_fiscal":"004","cd_tipo_quadra":"F","tx_tipo_quadra":"FISCAL","cd_quadra_fiscal":"005","cd_subquadra_fiscal":null,"cd_condominio":"00","cd_tipo_lote":"F","tx_tipo_lote":"FISCAL","cd_lote":"0003","cd_situacao":1,"cd_digito_sql":"5","cd_logradouro":"008567","nm_logradouro_completo":"TV ALTA FLORESTA","cd_numero_porta":"33","tx_complemento_endereco":null,"tx_situ_lote":"ATIVO","cd_tipo_uso_imovel":"10","dc_tipo_uso_imovel":"Residencial","cd_tipo_terreno_imovel":1,"qt_area_terreno":120,"qt_area_construida":99}}},{"type":"Feature","geometry":{"type":"Polygon","coordinates":[[[-46.620085,-23.408093],[-46.619942,-23.408102],[-46.619937,-23.40803],[-46.620028,-23.408024],[-46.620056,-23.408022],[-46.620079,-23.40802],[-46.620085,-23.408093]]]},"properties":{"sqlu":"SP-004-164201","inscription":"SP-GEOSAMPA-2164201","inscricaoImobiliaria":"SP-IMO-2164201","setor":"004","quadra":"005","lote":"0002","sourceType":"OFFICIAL_IMPORT","mainAddress":"Setor Fiscal 004","zoneamento":"RESIDENCIAL","statusCadastral":"ATIVO","workflowStatus":"PENDENTE","isOfficial":true,"rawProperties":{"cd_identificador":2164201,"cd_identificador_original_lote":8919640,"cd_setor_fiscal":"004","cd_tipo_quadra":"F","tx_tipo_quadra":"FISCAL","cd_quadra_fiscal":"005","cd_subquadra_fiscal":null,"cd_condominio":"00","cd_tipo_lote":"F","tx_tipo_lote":"FISCAL","cd_lote":"0002","cd_situacao":1,"cd_digito_sql":"7","cd_logradouro":"008567","nm_logradouro_completo":"TV ALTA FLORESTA","cd_numero_porta":"35","tx_complemento_endereco":null,"tx_situ_lote":"ATIVO","cd_tipo_uso_imovel":"10","dc_tipo_uso_imovel":"Residencial","cd_tipo_terreno_imovel":1,"qt_area_terreno":120,"qt_area_construida":105}}},{"type":"Feature","geometry":{"type":"Polygon","coordinates":[[[-46.617029,-23.414624],[-46.616986,-23.414638],[-46.616889,-23.414401],[-46.616931,-23.414385],[-46.616951,-23.414436],[-46.617029,-23.414624]]]},"properties":{"sqlu":"SP-004-164717","inscription":"SP-GEOSAMPA-2164717","inscricaoImobiliaria":"SP-IMO-2164717","setor":"004","quadra":"064","lote":"0005","sourceType":"OFFICIAL_IMPORT","mainAddress":"Setor Fiscal 004","zoneamento":"RESIDENCIAL","statusCadastral":"ATIVO","workflowStatus":"PENDENTE","isOfficial":true,"rawProperties":{"cd_identificador":2164717,"cd_identificador_original_lote":8918853,"cd_setor_fiscal":"004","cd_tipo_quadra":"F","tx_tipo_quadra":"FISCAL","cd_quadra_fiscal":"064","cd_subquadra_fiscal":null,"cd_condominio":"00","cd_tipo_lote":"F","tx_tipo_lote":"FISCAL","cd_lote":"0005","cd_situacao":1,"cd_digito_sql":"9","cd_logradouro":"182087","nm_logradouro_completo":"R SILVEIRA DA MOTA","cd_numero_porta":"501","tx_complemento_endereco":null,"tx_situ_lote":"ATIVO","cd_tipo_uso_imovel":"10","dc_tipo_uso_imovel":"Residencial","cd_tipo_terreno_imovel":1,"qt_area_terreno":109,"qt_area_construida":109}}},{"type":"Feature","geometry":{"type":"Polygon","coordinates":[[[-46.627944,-23.41324],[-46.62788,-23.413267],[-46.627859,-23.413275],[-46.627797,-23.413301],[-46.627757,-23.413318],[-46.6277,-23.413341],[-46.627674,-23.413352],[-46.627637,-23.413367],[-46.627593,-23.413276],[-46.62763,-23.413261],[-46.62766,-23.413248],[-46.627902,-23.413152],[-46.627944,-23.41324]]]},"properties":{"sqlu":"SP-004-164511","inscription":"SP-GEOSAMPA-2164511","inscricaoImobiliaria":"SP-IMO-2164511","setor":"004","quadra":"044","lote":"0000","sourceType":"OFFICIAL_IMPORT","mainAddress":"Setor Fiscal 004","zoneamento":"RESIDENCIAL","statusCadastral":"ATIVO","workflowStatus":"PENDENTE","isOfficial":true,"rawProperties":{"cd_identificador":2164511,"cd_identificador_original_lote":8919230,"cd_setor_fiscal":"004","cd_tipo_quadra":"F","tx_tipo_quadra":"FISCAL","cd_quadra_fiscal":"044","cd_subquadra_fiscal":null,"cd_condominio":"02","cd_tipo_lote":"F","tx_tipo_lote":"FISCAL","cd_lote":"0000","cd_situacao":1,"cd_digito_sql":null,"cd_logradouro":"187771","nm_logradouro_completo":"R TEIXEIRA LEITE","cd_numero_porta":"447 449","tx_complemento_endereco":null,"tx_situ_lote":null,"cd_tipo_uso_imovel":"XX","dc_tipo_uso_imovel":"Condomínio","cd_tipo_terreno_imovel":99,"qt_area_terreno":415,"qt_area_construida":null}}},{"type":"Feature","geometry":{"type":"Polygon","coordinates":[[[-46.62792,-23.412249],[-46.627979,-23.412253],[-46.628037,-23.412396],[-46.627985,-23.412417],[-46.627936,-23.41229],[-46.62792,-23.412249]]]},"properties":{"sqlu":"SP-004-164586","inscription":"SP-GEOSAMPA-2164586","inscricaoImobiliaria":"SP-IMO-2164586","setor":"004","quadra":"043","lote":"0051","sourceType":"OFFICIAL_IMPORT","mainAddress":"Setor Fiscal 004","zoneamento":"RESIDENCIAL","statusCadastral":"ATIVO","workflowStatus":"PENDENTE","isOfficial":true,"rawProperties":{"cd_identificador":2164586,"cd_identificador_original_lote":8918530,"cd_setor_fiscal":"004","cd_tipo_quadra":"F","tx_tipo_quadra":"FISCAL","cd_quadra_fiscal":"043","cd_subquadra_fiscal":null,"cd_condominio":"00","cd_tipo_lote":"F","tx_tipo_lote":"FISCAL","cd_lote":"0051","cd_situacao":1,"cd_digito_sql":"0","cd_logradouro":"090328","nm_logradouro_completo":"R BR DE IGUAPE","cd_numero_porta":"778","tx_complemento_endereco":null,"tx_situ_lote":"ATIVO","cd_tipo_uso_imovel":"60","dc_tipo_uso_imovel":"Não residencial","cd_tipo_terreno_imovel":1,"qt_area_terreno":127,"qt_area_construida":127}}},{"type":"Feature","geometry":{"type":"Polygon","coordinates":[[[-46.628565,-23.411902],[-46.628588,-23.411946],[-46.628295,-23.412079],[-46.628271,-23.412032],[-46.62831,-23.412015],[-46.628338,-23.412003],[-46.628565,-23.411902]]]},"properties":{"sqlu":"SP-004-164565","inscription":"SP-GEOSAMPA-2164565","inscricaoImobiliaria":"SP-IMO-2164565","setor":"004","quadra":"030","lote":"0020","sourceType":"OFFICIAL_IMPORT","mainAddress":"Setor Fiscal 004","zoneamento":"RESIDENCIAL","statusCadastral":"ATIVO","workflowStatus":"PENDENTE","isOfficial":true,"rawProperties":{"cd_identificador":2164565,"cd_identificador_original_lote":8920640,"cd_setor_fiscal":"004","cd_tipo_quadra":"F","tx_tipo_quadra":"FISCAL","cd_quadra_fiscal":"030","cd_subquadra_fiscal":null,"cd_condominio":"00","cd_tipo_lote":"F","tx_tipo_lote":"FISCAL","cd_lote":"0020","cd_situacao":1,"cd_digito_sql":"3","cd_logradouro":"080241","nm_logradouro_completo":"R GLICERIO","cd_numero_porta":"629","tx_complemento_endereco":"E 629A","tx_situ_lote":"ATIVO","cd_tipo_uso_imovel":"42","dc_tipo_uso_imovel":"Não residencial","cd_tipo_terreno_imovel":1,"qt_area_terreno":189,"qt_area_construida":300}}},{"type":"Feature","geometry":{"type":"Polygon","coordinates":[[[-46.617865,-23.416124],[-46.617845,-23.41608],[-46.61794,-23.416045],[-46.617947,-23.416062],[-46.617951,-23.416074],[-46.61795,-23.416079],[-46.617947,-23.416087],[-46.617944,-23.416092],[-46.61794,-23.416096],[-46.617865,-23.416124]]]},"properties":{"sqlu":"SP-004-164622","inscription":"SP-GEOSAMPA-2164622","inscricaoImobiliaria":"SP-IMO-2164622","setor":"004","quadra":"069","lote":"0051","sourceType":"OFFICIAL_IMPORT","mainAddress":"Setor Fiscal 004","zoneamento":"RESIDENCIAL","statusCadastral":"ATIVO","workflowStatus":"PENDENTE","isOfficial":true,"rawProperties":{"cd_identificador":2164622,"cd_identificador_original_lote":8919120,"cd_setor_fiscal":"004","cd_tipo_quadra":"F","tx_tipo_quadra":"FISCAL","cd_quadra_fiscal":"069","cd_subquadra_fiscal":null,"cd_condominio":"00","cd_tipo_lote":"F","tx_tipo_lote":"FISCAL","cd_lote":"0051","cd_situacao":1,"cd_digito_sql":"5","cd_logradouro":"048291","nm_logradouro_completo":"R CESARIO RAMALHO","cd_numero_porta":"657","tx_complemento_endereco":null,"tx_situ_lote":"ATIVO","cd_tipo_uso_imovel":"31","dc_tipo_uso_imovel":"Não residencial","cd_tipo_terreno_imovel":2,"qt_area_terreno":55,"qt_area_construida":110}}},{"type":"Feature","geometry":{"type":"Polygon","coordinates":[[[-46.617865,-23.416124],[-46.617769,-23.416158],[-46.617744,-23.416101],[-46.617724,-23.416056],[-46.617759,-23.416043],[-46.617916,-23.415985],[-46.61794,-23.416045],[-46.617845,-23.41608],[-46.617865,-23.416124]]]},"properties":{"sqlu":"SP-004-164623","inscription":"SP-GEOSAMPA-2164623","inscricaoImobiliaria":"SP-IMO-2164623","setor":"004","quadra":"069","lote":"0000","sourceType":"OFFICIAL_IMPORT","mainAddress":"Setor Fiscal 004","zoneamento":"RESIDENCIAL","statusCadastral":"ATIVO","workflowStatus":"PENDENTE","isOfficial":true,"rawProperties":{"cd_identificador":2164623,"cd_identificador_original_lote":8919121,"cd_setor_fiscal":"004","cd_tipo_quadra":"F","tx_tipo_quadra":"FISCAL","cd_quadra_fiscal":"069","cd_subquadra_fiscal":null,"cd_condominio":"01","cd_tipo_lote":"F","tx_tipo_lote":"FISCAL","cd_lote":"0000","cd_situacao":1,"cd_digito_sql":null,"cd_logradouro":"048291","nm_logradouro_completo":"R CESARIO RAMALHO","cd_numero_porta":"663 671","tx_complemento_endereco":null,"tx_situ_lote":null,"cd_tipo_uso_imovel":"XX","dc_tipo_uso_imovel":"Condomínio","cd_tipo_terreno_imovel":99,"qt_area_terreno":218,"qt_area_construida":null}}},{"type":"Feature","geometry":{"type":"Polygon","coordinates":[[[-46.619022,-23.408489],[-46.619158,-23.408483],[-46.619161,-23.40853],[-46.619025,-23.408536],[-46.619022,-23.408489]]]},"properties":{"sqlu":"SP-004-164869","inscription":"SP-GEOSAMPA-2164869","inscricaoImobiliaria":"SP-IMO-2164869","setor":"004","quadra":"006","lote":"0026","sourceType":"OFFICIAL_IMPORT","mainAddress":"Setor Fiscal 004","zoneamento":"RESIDENCIAL","statusCadastral":"ATIVO","workflowStatus":"PENDENTE","isOfficial":true,"rawProperties":{"cd_identificador":2164869,"cd_identificador_original_lote":8918550,"cd_setor_fiscal":"004","cd_tipo_quadra":"F","tx_tipo_quadra":"FISCAL","cd_quadra_fiscal":"006","cd_subquadra_fiscal":null,"cd_condominio":"00","cd_tipo_lote":"F","tx_tipo_lote":"FISCAL","cd_lote":"0026","cd_situacao":1,"cd_digito_sql":"9","cd_logradouro":"049549","nm_logradouro_completo":"R CEL CINTRA","cd_numero_porta":"84","tx_complemento_endereco":"E 88","tx_situ_lote":"ATIVO","cd_tipo_uso_imovel":"12","dc_tipo_uso_imovel":"Residencial","cd_tipo_terreno_imovel":1,"qt_area_terreno":84,"qt_area_construida":182}}},{"type":"Feature","geometry":{"type":"Polygon","coordinates":[[[-46.623616,-23.414908],[-46.623598,-23.414853],[-46.623622,-23.414846],[-46.623713,-23.414821],[-46.62373,-23.414816],[-46.6238,-23.414796],[-46.623831,-23.414787],[-46.623839,-23.414811],[-46.62385,-23.414844],[-46.623639,-23.414902],[-46.623616,-23.414908]]]},"properties":{"sqlu":"SP-004-165252","inscription":"SP-GEOSAMPA-2165252","inscricaoImobiliaria":"SP-IMO-2165252","setor":"004","quadra":"052","lote":"0000","sourceType":"OFFICIAL_IMPORT","mainAddress":"Setor Fiscal 004","zoneamento":"RESIDENCIAL","statusCadastral":"ATIVO","workflowStatus":"PENDENTE","isOfficial":true,"rawProperties":{"cd_identificador":2165252,"cd_identificador_original_lote":8918692,"cd_setor_fiscal":"004","cd_tipo_quadra":"F","tx_tipo_quadra":"FISCAL","cd_quadra_fiscal":"052","cd_subquadra_fiscal":null,"cd_condominio":"02","cd_tipo_lote":"F","tx_tipo_lote":"FISCAL","cd_lote":"0000","cd_situacao":1,"cd_digito_sql":null,"cd_logradouro":"187801","nm_logradouro_completo":"R TEIXEIRA MENDES","cd_numero_porta":"103 107","tx_complemento_endereco":null,"tx_situ_lote":null,"cd_tipo_uso_imovel":"XX","dc_tipo_uso_imovel":"Condomínio","cd_tipo_terreno_imovel":99,"qt_area_terreno":160,"qt_area_construida":null}}},{"type":"Feature","geometry":{"type":"Polygon","coordinates":[[[-46.628545,-23.412286],[-46.628578,-23.412288],[-46.628574,-23.412401],[-46.62874,-23.412337],[-46.628725,-23.412296],[-46.628768,-23.412299],[-46.628788,-23.412336],[-46.628574,-23.412423],[-46.628522,-23.412444],[-46.628545,-23.412396],[-46.628545,-23.412286]]]},"properties":{"sqlu":"SP-004-165185","inscription":"SP-GEOSAMPA-2165185","inscricaoImobiliaria":"SP-IMO-2165185","setor":"004","quadra":"043","lote":"0063","sourceType":"OFFICIAL_IMPORT","mainAddress":"Setor Fiscal 004","zoneamento":"RESIDENCIAL","statusCadastral":"ATIVO","workflowStatus":"PENDENTE","isOfficial":true,"rawProperties":{"cd_identificador":2165185,"cd_identificador_original_lote":8918651,"cd_setor_fiscal":"004","cd_tipo_quadra":"F","tx_tipo_quadra":"FISCAL","cd_quadra_fiscal":"043","cd_subquadra_fiscal":null,"cd_condominio":"00","cd_tipo_lote":"F","tx_tipo_lote":"FISCAL","cd_lote":"0063","cd_situacao":1,"cd_digito_sql":"4","cd_logradouro":"080241","nm_logradouro_completo":"R GLICERIO","cd_numero_porta":"677","tx_complemento_endereco":null,"tx_situ_lote":"ATIVO","cd_tipo_uso_imovel":"42","dc_tipo_uso_imovel":"Não residencial","cd_tipo_terreno_imovel":2,"qt_area_terreno":170,"qt_area_construida":120}}},{"type":"Feature","geometry":{"type":"Polygon","coordinates":[[[-46.614503,-23.412662],[-46.614543,-23.412745],[-46.614584,-23.412831],[-46.614632,-23.412929],[-46.614564,-23.412957],[-46.614538,-23.412899],[-46.614528,-23.412903],[-46.614525,-23.412897],[-46.614502,-23.41285],[-46.61446,-23.412764],[-46.614424,-23.412691],[-46.614503,-23.412662]]]},"properties":{"sqlu":"SP-004-165273","inscription":"SP-GEOSAMPA-2165273","inscricaoImobiliaria":"SP-IMO-2165273","setor":"004","quadra":"051","lote":"0065","sourceType":"OFFICIAL_IMPORT","mainAddress":"Setor Fiscal 004","zoneamento":"RESIDENCIAL","statusCadastral":"ATIVO","workflowStatus":"PENDENTE","isOfficial":true,"rawProperties":{"cd_identificador":2165273,"cd_identificador_original_lote":8920213,"cd_setor_fiscal":"004","cd_tipo_quadra":"F","tx_tipo_quadra":"FISCAL","cd_quadra_fiscal":"051","cd_subquadra_fiscal":null,"cd_condominio":"00","cd_tipo_lote":"F","tx_tipo_lote":"FISCAL","cd_lote":"0065","cd_situacao":1,"cd_digito_sql":"5","cd_logradouro":"066427","nm_logradouro_completo":"AV DO ESTADO","cd_numero_porta":"5612","tx_complemento_endereco":null,"tx_situ_lote":"ATIVO","cd_tipo_uso_imovel":"31","dc_tipo_uso_imovel":"Não residencial","cd_tipo_terreno_imovel":1,"qt_area_terreno":280,"qt_area_construida":246}}},{"type":"Feature","geometry":{"type":"Polygon","coordinates":[[[-46.623719,-23.413032],[-46.623723,-23.413068],[-46.623737,-23.413188],[-46.623789,-23.413628],[-46.623792,-23.413656],[-46.623829,-23.413998],[-46.623388,-23.414152],[-46.623364,-23.414138],[-46.623224,-23.413717],[-46.623127,-23.413418],[-46.623105,-23.413332],[-46.623105,-23.413324],[-46.623108,-23.413313],[-46.623113,-23.413303],[-46.623119,-23.413297],[-46.623134,-23.413288],[-46.623204,-23.413255],[-46.623341,-23.413193],[-46.623664,-23.413055],[-46.623719,-23.413032]]]},"properties":{"sqlu":"SP-004-165370","inscription":"SP-GEOSAMPA-2165370","inscricaoImobiliaria":"SP-IMO-2165370","setor":"004","quadra":"052","lote":"0063","sourceType":"OFFICIAL_IMPORT","mainAddress":"Setor Fiscal 004","zoneamento":"RESIDENCIAL","statusCadastral":"ATIVO","workflowStatus":"PENDENTE","isOfficial":true,"rawProperties":{"cd_identificador":2165370,"cd_identificador_original_lote":8919463,"cd_setor_fiscal":"004","cd_tipo_quadra":"F","tx_tipo_quadra":"FISCAL","cd_quadra_fiscal":"052","cd_subquadra_fiscal":null,"cd_condominio":"00","cd_tipo_lote":"F","tx_tipo_lote":"FISCAL","cd_lote":"0063","cd_situacao":1,"cd_digito_sql":"3","cd_logradouro":"152277","nm_logradouro_completo":"R OTTO DE ALENCAR","cd_numero_porta":"230","tx_complemento_endereco":"ESQUINA COM RUA","tx_situ_lote":"ATIVO","cd_tipo_uso_imovel":"84","dc_tipo_uso_imovel":"Não residencial","cd_tipo_terreno_imovel":2,"qt_area_terreno":6113,"qt_area_construida":3500}}},{"type":"Feature","geometry":{"type":"Polygon","coordinates":[[[-46.622593,-23.413271],[-46.622652,-23.412787],[-46.62266,-23.412728],[-46.622731,-23.412737],[-46.622775,-23.412742],[-46.622789,-23.412756],[-46.622736,-23.413184],[-46.622736,-23.413191],[-46.622734,-23.413198],[-46.622727,-23.413209],[-46.622718,-23.413216],[-46.622593,-23.413271]]]},"properties":{"sqlu":"SP-004-165351","inscription":"SP-GEOSAMPA-2165351","inscricaoImobiliaria":"SP-IMO-2165351","setor":"004","quadra":"054","lote":"0087","sourceType":"OFFICIAL_IMPORT","mainAddress":"Setor Fiscal 004","zoneamento":"RESIDENCIAL","statusCadastral":"ATIVO","workflowStatus":"PENDENTE","isOfficial":true,"rawProperties":{"cd_identificador":2165351,"cd_identificador_original_lote":8920003,"cd_setor_fiscal":"004","cd_tipo_quadra":"F","tx_tipo_quadra":"FISCAL","cd_quadra_fiscal":"054","cd_subquadra_fiscal":null,"cd_condominio":"00","cd_tipo_lote":"F","tx_tipo_lote":"FISCAL","cd_lote":"0087","cd_situacao":1,"cd_digito_sql":"1","cd_logradouro":"159930","nm_logradouro_completo":"R DR PEDRO SEVERIANO","cd_numero_porta":"S/N","tx_complemento_endereco":null,"tx_situ_lote":"ATIVO","cd_tipo_uso_imovel":"64","dc_tipo_uso_imovel":"Não residencial","cd_tipo_terreno_imovel":2,"qt_area_terreno":715,"qt_area_construida":270}}},{"type":"Feature","geometry":{"type":"Polygon","coordinates":[[[-46.619588,-23.408427],[-46.619598,-23.408558],[-46.619548,-23.40856],[-46.619539,-23.408429],[-46.619588,-23.408427]]]},"properties":{"sqlu":"SP-004-165433","inscription":"SP-GEOSAMPA-2165433","inscricaoImobiliaria":"SP-IMO-2165433","setor":"004","quadra":"006","lote":"0016","sourceType":"OFFICIAL_IMPORT","mainAddress":"Setor Fiscal 004","zoneamento":"RESIDENCIAL","statusCadastral":"ATIVO","workflowStatus":"PENDENTE","isOfficial":true,"rawProperties":{"cd_identificador":2165433,"cd_identificador_original_lote":8918575,"cd_setor_fiscal":"004","cd_tipo_quadra":"F","tx_tipo_quadra":"FISCAL","cd_quadra_fiscal":"006","cd_subquadra_fiscal":null,"cd_condominio":"00","cd_tipo_lote":"F","tx_tipo_lote":"FISCAL","cd_lote":"0016","cd_situacao":1,"cd_digito_sql":"1","cd_logradouro":"049549","nm_logradouro_completo":"R CEL CINTRA","cd_numero_porta":"72","tx_complemento_endereco":"E 78 CS 17","tx_situ_lote":"ATIVO","cd_tipo_uso_imovel":"10","dc_tipo_uso_imovel":"Residencial","cd_tipo_terreno_imovel":4,"qt_area_terreno":75,"qt_area_construida":71}}},{"type":"Feature","geometry":{"type":"Polygon","coordinates":[[[-46.627298,-23.412621],[-46.627261,-23.412635],[-46.627211,-23.41251],[-46.627248,-23.412499],[-46.627298,-23.412621]]]},"properties":{"sqlu":"SP-004-165336","inscription":"SP-GEOSAMPA-2165336","inscricaoImobiliaria":"SP-IMO-2165336","setor":"004","quadra":"044","lote":"0018","sourceType":"OFFICIAL_IMPORT","mainAddress":"Setor Fiscal 004","zoneamento":"RESIDENCIAL","statusCadastral":"ATIVO","workflowStatus":"PENDENTE","isOfficial":true,"rawProperties":{"cd_identificador":2165336,"cd_identificador_original_lote":8919697,"cd_setor_fiscal":"004","cd_tipo_quadra":"F","tx_tipo_quadra":"FISCAL","cd_quadra_fiscal":"044","cd_subquadra_fiscal":null,"cd_condominio":"00","cd_tipo_lote":"F","tx_tipo_lote":"FISCAL","cd_lote":"0018","cd_situacao":1,"cd_digito_sql":"3","cd_logradouro":"090328","nm_logradouro_completo":"R BR DE IGUAPE","cd_numero_porta":"862","tx_complemento_endereco":"CS 4","tx_situ_lote":"ATIVO","cd_tipo_uso_imovel":"10","dc_tipo_uso_imovel":"Residencial","cd_tipo_terreno_imovel":4,"qt_area_terreno":61,"qt_area_construida":91}}},{"type":"Feature","geometry":{"type":"Polygon","coordinates":[[[-46.619071,-23.409306],[-46.619182,-23.409302],[-46.619183,-23.409302],[-46.619185,-23.409322],[-46.619187,-23.409348],[-46.619074,-23.409353],[-46.619071,-23.409306]]]},"properties":{"sqlu":"SP-004-165379","inscription":"SP-GEOSAMPA-2165379","inscricaoImobiliaria":"SP-IMO-2165379","setor":"004","quadra":"006","lote":"0081","sourceType":"OFFICIAL_IMPORT","mainAddress":"Setor Fiscal 004","zoneamento":"RESIDENCIAL","statusCadastral":"ATIVO","workflowStatus":"PENDENTE","isOfficial":true,"rawProperties":{"cd_identificador":2165379,"cd_identificador_original_lote":8918513,"cd_setor_fiscal":"004","cd_tipo_quadra":"F","tx_tipo_quadra":"FISCAL","cd_quadra_fiscal":"006","cd_subquadra_fiscal":null,"cd_condominio":"00","cd_tipo_lote":"F","tx_tipo_lote":"FISCAL","cd_lote":"0081","cd_situacao":1,"cd_digito_sql":"1","cd_logradouro":"049549","nm_logradouro_completo":"R CEL CINTRA","cd_numero_porta":"176","tx_complemento_endereco":null,"tx_situ_lote":"ATIVO","cd_tipo_uso_imovel":"12","dc_tipo_uso_imovel":"Residencial","cd_tipo_terreno_imovel":1,"qt_area_terreno":65,"qt_area_construida":94}}},{"type":"Feature","geometry":{"type":"Polygon","coordinates":[[[-46.621183,-23.408032],[-46.621223,-23.408031],[-46.62124,-23.40803],[-46.621364,-23.408025],[-46.621384,-23.408024],[-46.621398,-23.408023],[-46.621399,-23.408043],[-46.621401,-23.408065],[-46.621401,-23.408068],[-46.621369,-23.408069],[-46.621262,-23.408074],[-46.621177,-23.408077],[-46.621183,-23.408032]]]},"properties":{"sqlu":"SP-004-165438","inscription":"SP-GEOSAMPA-2165438","inscricaoImobiliaria":"SP-IMO-2165438","setor":"004","quadra":"004","lote":"0003","sourceType":"OFFICIAL_IMPORT","mainAddress":"Setor Fiscal 004","zoneamento":"RESIDENCIAL","statusCadastral":"ATIVO","workflowStatus":"PENDENTE","isOfficial":true,"rawProperties":{"cd_identificador":2165438,"cd_identificador_original_lote":8920622,"cd_setor_fiscal":"004","cd_tipo_quadra":"F","tx_tipo_quadra":"FISCAL","cd_quadra_fiscal":"004","cd_subquadra_fiscal":null,"cd_condominio":"00","cd_tipo_lote":"F","tx_tipo_lote":"FISCAL","cd_lote":"0003","cd_situacao":1,"cd_digito_sql":"0","cd_logradouro":"122386","nm_logradouro_completo":"R LUIS GAMA","cd_numero_porta":"44","tx_complemento_endereco":null,"tx_situ_lote":"ATIVO","cd_tipo_uso_imovel":"10","dc_tipo_uso_imovel":"Residencial","cd_tipo_terreno_imovel":1,"qt_area_terreno":125,"qt_area_construida":225}}},{"type":"Feature","geometry":{"type":"Polygon","coordinates":[[[-46.617789,-23.408276],[-46.617791,-23.408294],[-46.617793,-23.408315],[-46.617755,-23.408318],[-46.617597,-23.40833],[-46.617593,-23.40829],[-46.617778,-23.408276],[-46.617789,-23.408276]]]},"properties":{"sqlu":"SP-004-165214","inscription":"SP-GEOSAMPA-2165214","inscricaoImobiliaria":"SP-IMO-2165214","setor":"004","quadra":"007","lote":"0004","sourceType":"OFFICIAL_IMPORT","mainAddress":"Setor Fiscal 004","zoneamento":"RESIDENCIAL","statusCadastral":"ATIVO","workflowStatus":"PENDENTE","isOfficial":true,"rawProperties":{"cd_identificador":2165214,"cd_identificador_original_lote":8918939,"cd_setor_fiscal":"004","cd_tipo_quadra":"F","tx_tipo_quadra":"FISCAL","cd_quadra_fiscal":"007","cd_subquadra_fiscal":null,"cd_condominio":"00","cd_tipo_lote":"F","tx_tipo_lote":"FISCAL","cd_lote":"0004","cd_situacao":1,"cd_digito_sql":"2","cd_logradouro":"151181","nm_logradouro_completo":"R OSCAR HORTA","cd_numero_porta":"58","tx_complemento_endereco":null,"tx_situ_lote":"ATIVO","cd_tipo_uso_imovel":"10","dc_tipo_uso_imovel":"Residencial","cd_tipo_terreno_imovel":1,"qt_area_terreno":80,"qt_area_construida":141}}},{"type":"Feature","geometry":{"type":"Polygon","coordinates":[[[-46.615547,-23.40947],[-46.615536,-23.409418],[-46.615586,-23.40941],[-46.615707,-23.409392],[-46.615828,-23.409374],[-46.615841,-23.409438],[-46.615547,-23.40947]]]},"properties":{"sqlu":"SP-004-165525","inscription":"SP-GEOSAMPA-2165525","inscricaoImobiliaria":"SP-IMO-2165525","setor":"004","quadra":"009","lote":"0064","sourceType":"OFFICIAL_IMPORT","mainAddress":"Setor Fiscal 004","zoneamento":"RESIDENCIAL","statusCadastral":"ATIVO","workflowStatus":"PENDENTE","isOfficial":true,"rawProperties":{"cd_identificador":2165525,"cd_identificador_original_lote":8918992,"cd_setor_fiscal":"004","cd_tipo_quadra":"F","tx_tipo_quadra":"FISCAL","cd_quadra_fiscal":"009","cd_subquadra_fiscal":null,"cd_condominio":"00","cd_tipo_lote":"F","tx_tipo_lote":"FISCAL","cd_lote":"0064","cd_situacao":1,"cd_digito_sql":"5","cd_logradouro":"098310","nm_logradouro_completo":"R BR DE JAGUARA","cd_numero_porta":"279","tx_complemento_endereco":null,"tx_situ_lote":"ATIVO","cd_tipo_uso_imovel":"43","dc_tipo_uso_imovel":"Não residencial","cd_tipo_terreno_imovel":1,"qt_area_terreno":175,"qt_area_construida":148}}},{"type":"Feature","geometry":{"type":"Polygon","coordinates":[[[-46.616894,-23.416345],[-46.616974,-23.416314],[-46.616994,-23.416354],[-46.616915,-23.416385],[-46.616894,-23.416345]]]},"properties":{"sqlu":"SP-004-165659","inscription":"SP-GEOSAMPA-2165659","inscricaoImobiliaria":"SP-IMO-2165659","setor":"004","quadra":"070","lote":"0061","sourceType":"OFFICIAL_IMPORT","mainAddress":"Setor Fiscal 004","zoneamento":"RESIDENCIAL","statusCadastral":"ATIVO","workflowStatus":"PENDENTE","isOfficial":true,"rawProperties":{"cd_identificador":2165659,"cd_identificador_original_lote":8919045,"cd_setor_fiscal":"004","cd_tipo_quadra":"F","tx_tipo_quadra":"FISCAL","cd_quadra_fiscal":"070","cd_subquadra_fiscal":null,"cd_condominio":"00","cd_tipo_lote":"F","tx_tipo_lote":"FISCAL","cd_lote":"0061","cd_situacao":1,"cd_digito_sql":"5","cd_logradouro":"184845","nm_logradouro_completo":"R ESTEFANO","cd_numero_porta":"173","tx_complemento_endereco":"E 173 A","tx_situ_lote":"ATIVO","cd_tipo_uso_imovel":"40","dc_tipo_uso_imovel":"Não residencial","cd_tipo_terreno_imovel":1,"qt_area_terreno":68,"qt_area_construida":122}}},{"type":"Feature","geometry":{"type":"Polygon","coordinates":[[[-46.616894,-23.416345],[-46.616915,-23.416385],[-46.616949,-23.416456],[-46.61689,-23.416477],[-46.616857,-23.416408],[-46.616838,-23.416368],[-46.616871,-23.416354],[-46.616894,-23.416345]]]},"properties":{"sqlu":"SP-004-165660","inscription":"SP-GEOSAMPA-2165660","inscricaoImobiliaria":"SP-IMO-2165660","setor":"004","quadra":"070","lote":"0062","sourceType":"OFFICIAL_IMPORT","mainAddress":"Setor Fiscal 004","zoneamento":"RESIDENCIAL","statusCadastral":"ATIVO","workflowStatus":"PENDENTE","isOfficial":true,"rawProperties":{"cd_identificador":2165660,"cd_identificador_original_lote":8919594,"cd_setor_fiscal":"004","cd_tipo_quadra":"F","tx_tipo_quadra":"FISCAL","cd_quadra_fiscal":"070","cd_subquadra_fiscal":null,"cd_condominio":"00","cd_tipo_lote":"F","tx_tipo_lote":"FISCAL","cd_lote":"0062","cd_situacao":1,"cd_digito_sql":"3","cd_logradouro":"048291","nm_logradouro_completo":"R CESARIO RAMALHO","cd_numero_porta":"765","tx_complemento_endereco":null,"tx_situ_lote":"ATIVO","cd_tipo_uso_imovel":"10","dc_tipo_uso_imovel":"Residencial","cd_tipo_terreno_imovel":1,"qt_area_terreno":54,"qt_area_construida":100}}},{"type":"Feature","geometry":{"type":"Polygon","coordinates":[[[-46.615893,-23.409704],[-46.615903,-23.409757],[-46.615798,-23.409761],[-46.615776,-23.409762],[-46.615641,-23.409768],[-46.615632,-23.409714],[-46.615706,-23.409711],[-46.615893,-23.409704]]]},"properties":{"sqlu":"SP-004-165565","inscription":"SP-GEOSAMPA-2165565","inscricaoImobiliaria":"SP-IMO-2165565","setor":"004","quadra":"018","lote":"0002","sourceType":"OFFICIAL_IMPORT","mainAddress":"Setor Fiscal 004","zoneamento":"RESIDENCIAL","statusCadastral":"ATIVO","workflowStatus":"PENDENTE","isOfficial":true,"rawProperties":{"cd_identificador":2165565,"cd_identificador_original_lote":8920552,"cd_setor_fiscal":"004","cd_tipo_quadra":"F","tx_tipo_quadra":"FISCAL","cd_quadra_fiscal":"018","cd_subquadra_fiscal":null,"cd_condominio":"00","cd_tipo_lote":"F","tx_tipo_lote":"FISCAL","cd_lote":"0002","cd_situacao":1,"cd_digito_sql":"4","cd_logradouro":"098310","nm_logradouro_completo":"R BR DE JAGUARA","cd_numero_porta":"313","tx_complemento_endereco":"315 317","tx_situ_lote":"ATIVO","cd_tipo_uso_imovel":"42","dc_tipo_uso_imovel":"Não residencial","cd_tipo_terreno_imovel":1,"qt_area_terreno":136,"qt_area_construida":238}}},{"type":"Feature","geometry":{"type":"Polygon","coordinates":[[[-46.620073,-23.414168],[-46.620108,-23.414161],[-46.620138,-23.414155],[-46.620287,-23.414126],[-46.620282,-23.414172],[-46.620082,-23.414199],[-46.620073,-23.414168]]]},"properties":{"sqlu":"SP-004-165683","inscription":"SP-GEOSAMPA-2165683","inscricaoImobiliaria":"SP-IMO-2165683","setor":"004","quadra":"062","lote":"0042","sourceType":"OFFICIAL_IMPORT","mainAddress":"Setor Fiscal 004","zoneamento":"RESIDENCIAL","statusCadastral":"ATIVO","workflowStatus":"PENDENTE","isOfficial":true,"rawProperties":{"cd_identificador":2165683,"cd_identificador_original_lote":8919191,"cd_setor_fiscal":"004","cd_tipo_quadra":"F","tx_tipo_quadra":"FISCAL","cd_quadra_fiscal":"062","cd_subquadra_fiscal":null,"cd_condominio":"00","cd_tipo_lote":"F","tx_tipo_lote":"FISCAL","cd_lote":"0042","cd_situacao":1,"cd_digito_sql":"4","cd_logradouro":"122386","nm_logradouro_completo":"R LUIS GAMA","cd_numero_porta":"727","tx_complemento_endereco":"E 729","tx_situ_lote":"ATIVO","cd_tipo_uso_imovel":"42","dc_tipo_uso_imovel":"Não residencial","cd_tipo_terreno_imovel":1,"qt_area_terreno":117,"qt_area_construida":200}}},{"type":"Feature","geometry":{"type":"Polygon","coordinates":[[[-46.616489,-23.413569],[-46.616506,-23.413608],[-46.616531,-23.413667],[-46.61644,-23.413699],[-46.616416,-23.413639],[-46.616402,-23.413604],[-46.616489,-23.413569]]]},"properties":{"sqlu":"SP-004-165506","inscription":"SP-GEOSAMPA-2165506","inscricaoImobiliaria":"SP-IMO-2165506","setor":"004","quadra":"059","lote":"0087","sourceType":"OFFICIAL_IMPORT","mainAddress":"Setor Fiscal 004","zoneamento":"RESIDENCIAL","statusCadastral":"ATIVO","workflowStatus":"PENDENTE","isOfficial":true,"rawProperties":{"cd_identificador":2165506,"cd_identificador_original_lote":8918776,"cd_setor_fiscal":"004","cd_tipo_quadra":"F","tx_tipo_quadra":"FISCAL","cd_quadra_fiscal":"059","cd_subquadra_fiscal":null,"cd_condominio":"00","cd_tipo_lote":"F","tx_tipo_lote":"FISCAL","cd_lote":"0087","cd_situacao":1,"cd_digito_sql":"2","cd_logradouro":"098310","nm_logradouro_completo":"R BR DE JAGUARA","cd_numero_porta":"747","tx_complemento_endereco":"CS 1","tx_situ_lote":"ATIVO","cd_tipo_uso_imovel":"10","dc_tipo_uso_imovel":"Residencial","cd_tipo_terreno_imovel":4,"qt_area_terreno":74,"qt_area_construida":60}}},{"type":"Feature","geometry":{"type":"Polygon","coordinates":[[[-46.621858,-23.408595],[-46.621855,-23.408552],[-46.621853,-23.408537],[-46.621853,-23.408531],[-46.621846,-23.408444],[-46.62184,-23.408355],[-46.621837,-23.408326],[-46.621905,-23.408322],[-46.621909,-23.408376],[-46.621926,-23.408591],[-46.621858,-23.408595]]]},"properties":{"sqlu":"SP-004-165579","inscription":"SP-GEOSAMPA-2165579","inscricaoImobiliaria":"SP-IMO-2165579","setor":"004","quadra":"013","lote":"0046","sourceType":"OFFICIAL_IMPORT","mainAddress":"Setor Fiscal 004","zoneamento":"RESIDENCIAL","statusCadastral":"ATIVO","workflowStatus":"PENDENTE","isOfficial":true,"rawProperties":{"cd_identificador":2165579,"cd_identificador_original_lote":8919668,"cd_setor_fiscal":"004","cd_tipo_quadra":"F","tx_tipo_quadra":"FISCAL","cd_quadra_fiscal":"013","cd_subquadra_fiscal":null,"cd_condominio":"00","cd_tipo_lote":"F","tx_tipo_lote":"FISCAL","cd_lote":"0046","cd_situacao":1,"cd_digito_sql":"3","cd_logradouro":"158046","nm_logradouro_completo":"R DO LIRISMO","cd_numero_porta":"62","tx_complemento_endereco":null,"tx_situ_lote":"ATIVO","cd_tipo_uso_imovel":"40","dc_tipo_uso_imovel":"Não residencial","cd_tipo_terreno_imovel":1,"qt_area_terreno":210,"qt_area_construida":285}}},{"type":"Feature","geometry":{"type":"Polygon","coordinates":[[[-46.613334,-23.408208],[-46.613342,-23.408296],[-46.613348,-23.408359],[-46.613354,-23.408428],[-46.613363,-23.408523],[-46.613369,-23.408592],[-46.613315,-23.408597],[-46.613306,-23.408497],[-46.613282,-23.408212],[-46.613334,-23.408208]]]},"properties":{"sqlu":"SP-004-165762","inscription":"SP-GEOSAMPA-2165762","inscricaoImobiliaria":"SP-IMO-2165762","setor":"004","quadra":"009","lote":"0137","sourceType":"OFFICIAL_IMPORT","mainAddress":"Setor Fiscal 004","zoneamento":"RESIDENCIAL","statusCadastral":"ATIVO","workflowStatus":"PENDENTE","isOfficial":true,"rawProperties":{"cd_identificador":2165762,"cd_identificador_original_lote":8919281,"cd_setor_fiscal":"004","cd_tipo_quadra":"F","tx_tipo_quadra":"FISCAL","cd_quadra_fiscal":"009","cd_subquadra_fiscal":null,"cd_condominio":"00","cd_tipo_lote":"F","tx_tipo_lote":"FISCAL","cd_lote":"0137","cd_situacao":1,"cd_digito_sql":"4","cd_logradouro":"142131","nm_logradouro_completo":"R DA MOOCA","cd_numero_porta":"1080","tx_complemento_endereco":"E 1082","tx_situ_lote":"ATIVO","cd_tipo_uso_imovel":"50","dc_tipo_uso_imovel":"Não residencial","cd_tipo_terreno_imovel":1,"qt_area_terreno":251,"qt_area_construida":220}}},{"type":"Feature","geometry":{"type":"Polygon","coordinates":[[[-46.616426,-23.409636],[-46.616503,-23.409633],[-46.616508,-23.409667],[-46.616524,-23.409796],[-46.616476,-23.409849],[-46.616451,-23.40985],[-46.616444,-23.409789],[-46.616441,-23.409766],[-46.61643,-23.409671],[-46.616426,-23.409636]]]},"properties":{"sqlu":"SP-004-900452","inscription":"SP-GEOSAMPA-6900452","inscricaoImobiliaria":"SP-IMO-6900452","setor":"004","quadra":"017","lote":"0026","sourceType":"OFFICIAL_IMPORT","mainAddress":"Setor Fiscal 004","zoneamento":"RESIDENCIAL","statusCadastral":"ATIVO","workflowStatus":"PENDENTE","isOfficial":true,"rawProperties":{"cd_identificador":6900452,"cd_identificador_original_lote":10749092,"cd_setor_fiscal":"004","cd_tipo_quadra":"F","tx_tipo_quadra":"FISCAL","cd_quadra_fiscal":"017","cd_subquadra_fiscal":null,"cd_condominio":"00","cd_tipo_lote":"F","tx_tipo_lote":"FISCAL","cd_lote":"0026","cd_situacao":1,"cd_digito_sql":"7","cd_logradouro":"035173","nm_logradouro_completo":"R DOM BOSCO","cd_numero_porta":"454","tx_complemento_endereco":null,"tx_situ_lote":"ATIVO","cd_tipo_uso_imovel":"10","dc_tipo_uso_imovel":"Residencial","cd_tipo_terreno_imovel":1,"qt_area_terreno":176,"qt_area_construida":163}}},{"type":"Feature","geometry":{"type":"Polygon","coordinates":[[[-46.62952,-23.413977],[-46.629542,-23.41382],[-46.629556,-23.413816],[-46.629633,-23.41396],[-46.629612,-23.413988],[-46.62952,-23.413977]]]},"properties":{"sqlu":"SP-004-165826","inscription":"SP-GEOSAMPA-2165826","inscricaoImobiliaria":"SP-IMO-2165826","setor":"004","quadra":"043","lote":"0001","sourceType":"OFFICIAL_IMPORT","mainAddress":"Setor Fiscal 004","zoneamento":"RESIDENCIAL","statusCadastral":"ATIVO","workflowStatus":"PENDENTE","isOfficial":true,"rawProperties":{"cd_identificador":2165826,"cd_identificador_original_lote":8918738,"cd_setor_fiscal":"004","cd_tipo_quadra":"F","tx_tipo_quadra":"FISCAL","cd_quadra_fiscal":"043","cd_subquadra_fiscal":null,"cd_condominio":"00","cd_tipo_lote":"F","tx_tipo_lote":"FISCAL","cd_lote":"0001","cd_situacao":1,"cd_digito_sql":"4","cd_logradouro":"116491","nm_logradouro_completo":"R DO LAVAPES","cd_numero_porta":"15","tx_complemento_endereco":"E23","tx_situ_lote":"ATIVO","cd_tipo_uso_imovel":"42","dc_tipo_uso_imovel":"Não residencial","cd_tipo_terreno_imovel":2,"qt_area_terreno":293,"qt_area_construida":587}}},{"type":"Feature","geometry":{"type":"Polygon","coordinates":[[[-46.619675,-23.415819],[-46.619664,-23.415796],[-46.619632,-23.415725],[-46.619601,-23.415657],[-46.619642,-23.415643],[-46.619673,-23.415711],[-46.619687,-23.415741],[-46.619716,-23.415804],[-46.619675,-23.415819]]]},"properties":{"sqlu":"SP-004-165803","inscription":"SP-GEOSAMPA-2165803","inscricaoImobiliaria":"SP-IMO-2165803","setor":"004","quadra":"068","lote":"0081","sourceType":"OFFICIAL_IMPORT","mainAddress":"Setor Fiscal 004","zoneamento":"RESIDENCIAL","statusCadastral":"ATIVO","workflowStatus":"PENDENTE","isOfficial":true,"rawProperties":{"cd_identificador":2165803,"cd_identificador_original_lote":8919685,"cd_setor_fiscal":"004","cd_tipo_quadra":"F","tx_tipo_quadra":"FISCAL","cd_quadra_fiscal":"068","cd_subquadra_fiscal":null,"cd_condominio":"00","cd_tipo_lote":"F","tx_tipo_lote":"FISCAL","cd_lote":"0081","cd_situacao":1,"cd_digito_sql":"2","cd_logradouro":"048291","nm_logradouro_completo":"R CESARIO RAMALHO","cd_numero_porta":"474","tx_complemento_endereco":null,"tx_situ_lote":"ATIVO","cd_tipo_uso_imovel":"42","dc_tipo_uso_imovel":"Não residencial","cd_tipo_terreno_imovel":1,"qt_area_terreno":75,"qt_area_construida":120}}},{"type":"Feature","geometry":{"type":"Polygon","coordinates":[[[-46.619675,-23.415819],[-46.619632,-23.415834],[-46.619558,-23.415673],[-46.619601,-23.415657],[-46.619632,-23.415725],[-46.619664,-23.415796],[-46.619675,-23.415819]]]},"properties":{"sqlu":"SP-004-165804","inscription":"SP-GEOSAMPA-2165804","inscricaoImobiliaria":"SP-IMO-2165804","setor":"004","quadra":"068","lote":"0080","sourceType":"OFFICIAL_IMPORT","mainAddress":"Setor Fiscal 004","zoneamento":"RESIDENCIAL","statusCadastral":"ATIVO","workflowStatus":"PENDENTE","isOfficial":true,"rawProperties":{"cd_identificador":2165804,"cd_identificador_original_lote":8919542,"cd_setor_fiscal":"004","cd_tipo_quadra":"F","tx_tipo_quadra":"FISCAL","cd_quadra_fiscal":"068","cd_subquadra_fiscal":null,"cd_condominio":"00","cd_tipo_lote":"F","tx_tipo_lote":"FISCAL","cd_lote":"0080","cd_situacao":1,"cd_digito_sql":"4","cd_logradouro":"048291","nm_logradouro_completo":"R CESARIO RAMALHO","cd_numero_porta":"480","tx_complemento_endereco":null,"tx_situ_lote":"ATIVO","cd_tipo_uso_imovel":"10","dc_tipo_uso_imovel":"Residencial","cd_tipo_terreno_imovel":1,"qt_area_terreno":107,"qt_area_construida":96}}},{"type":"Feature","geometry":{"type":"Polygon","coordinates":[[[-46.615736,-23.415779],[-46.615646,-23.415598],[-46.615641,-23.415589],[-46.615678,-23.415575],[-46.615732,-23.415691],[-46.615767,-23.415768],[-46.615736,-23.415779]]]},"properties":{"sqlu":"SP-004-165982","inscription":"SP-GEOSAMPA-2165982","inscricaoImobiliaria":"SP-IMO-2165982","setor":"004","quadra":"066","lote":"0019","sourceType":"OFFICIAL_IMPORT","mainAddress":"Setor Fiscal 004","zoneamento":"RESIDENCIAL","statusCadastral":"ATIVO","workflowStatus":"PENDENTE","isOfficial":true,"rawProperties":{"cd_identificador":2165982,"cd_identificador_original_lote":8920185,"cd_setor_fiscal":"004","cd_tipo_quadra":"F","tx_tipo_quadra":"FISCAL","cd_quadra_fiscal":"066","cd_subquadra_fiscal":null,"cd_condominio":"00","cd_tipo_lote":"F","tx_tipo_lote":"FISCAL","cd_lote":"0019","cd_situacao":1,"cd_digito_sql":"8","cd_logradouro":"196304","nm_logradouro_completo":"R VICENTE DE CARVALHO","cd_numero_porta":"207","tx_complemento_endereco":null,"tx_situ_lote":"ATIVO","cd_tipo_uso_imovel":"10","dc_tipo_uso_imovel":"Residencial","cd_tipo_terreno_imovel":1,"qt_area_terreno":87,"qt_area_construida":85}}},{"type":"Feature","geometry":{"type":"Polygon","coordinates":[[[-46.621917,-23.407908],[-46.621868,-23.40791],[-46.621849,-23.407671],[-46.621846,-23.40764],[-46.621898,-23.407636],[-46.621901,-23.407679],[-46.621911,-23.407821],[-46.621913,-23.407855],[-46.621915,-23.407871],[-46.621917,-23.407908]]]},"properties":{"sqlu":"SP-004-166282","inscription":"SP-GEOSAMPA-2166282","inscricaoImobiliaria":"SP-IMO-2166282","setor":"004","quadra":"004","lote":"0034","sourceType":"OFFICIAL_IMPORT","mainAddress":"Setor Fiscal 004","zoneamento":"RESIDENCIAL","statusCadastral":"ATIVO","workflowStatus":"PENDENTE","isOfficial":true,"rawProperties":{"cd_identificador":2166282,"cd_identificador_original_lote":8920669,"cd_setor_fiscal":"004","cd_tipo_quadra":"F","tx_tipo_quadra":"FISCAL","cd_quadra_fiscal":"004","cd_subquadra_fiscal":null,"cd_condominio":"00","cd_tipo_lote":"F","tx_tipo_lote":"FISCAL","cd_lote":"0034","cd_situacao":1,"cd_digito_sql":"0","cd_logradouro":"142131","nm_logradouro_completo":"R DA MOOCA","cd_numero_porta":"204","tx_complemento_endereco":null,"tx_situ_lote":"ATIVO","cd_tipo_uso_imovel":"40","dc_tipo_uso_imovel":"Não residencial","cd_tipo_terreno_imovel":1,"qt_area_terreno":134,"qt_area_construida":108}}},{"type":"Feature","geometry":{"type":"Polygon","coordinates":[[[-46.621917,-23.407908],[-46.621915,-23.407871],[-46.621913,-23.407855],[-46.621911,-23.407821],[-46.621901,-23.407679],[-46.621898,-23.407636],[-46.621951,-23.407634],[-46.621955,-23.407688],[-46.621955,-23.407699],[-46.621967,-23.407856],[-46.621969,-23.407882],[-46.621971,-23.407905],[-46.621917,-23.407908]]]},"properties":{"sqlu":"SP-004-166283","inscription":"SP-GEOSAMPA-2166283","inscricaoImobiliaria":"SP-IMO-2166283","setor":"004","quadra":"004","lote":"0033","sourceType":"OFFICIAL_IMPORT","mainAddress":"Setor Fiscal 004","zoneamento":"RESIDENCIAL","statusCadastral":"ATIVO","workflowStatus":"PENDENTE","isOfficial":true,"rawProperties":{"cd_identificador":2166283,"cd_identificador_original_lote":8920670,"cd_setor_fiscal":"004","cd_tipo_quadra":"F","tx_tipo_quadra":"FISCAL","cd_quadra_fiscal":"004","cd_subquadra_fiscal":null,"cd_condominio":"00","cd_tipo_lote":"F","tx_tipo_lote":"FISCAL","cd_lote":"0033","cd_situacao":1,"cd_digito_sql":"2","cd_logradouro":"142131","nm_logradouro_completo":"R DA MOOCA","cd_numero_porta":"202","tx_complemento_endereco":null,"tx_situ_lote":"ATIVO","cd_tipo_uso_imovel":"12","dc_tipo_uso_imovel":"Residencial","cd_tipo_terreno_imovel":1,"qt_area_terreno":134,"qt_area_construida":60}}},{"type":"Feature","geometry":{"type":"Polygon","coordinates":[[[-46.616593,-23.415169],[-46.616579,-23.415138],[-46.616577,-23.415134],[-46.616706,-23.415083],[-46.616779,-23.415054],[-46.616792,-23.415085],[-46.616796,-23.415092],[-46.616593,-23.415169]]]},"properties":{"sqlu":"SP-004-166206","inscription":"SP-GEOSAMPA-2166206","inscricaoImobiliaria":"SP-IMO-2166206","setor":"004","quadra":"065","lote":"0017","sourceType":"OFFICIAL_IMPORT","mainAddress":"Setor Fiscal 004","zoneamento":"RESIDENCIAL","statusCadastral":"ATIVO","workflowStatus":"PENDENTE","isOfficial":true,"rawProperties":{"cd_identificador":2166206,"cd_identificador_original_lote":8920630,"cd_setor_fiscal":"004","cd_tipo_quadra":"F","tx_tipo_quadra":"FISCAL","cd_quadra_fiscal":"065","cd_subquadra_fiscal":null,"cd_condominio":"00","cd_tipo_lote":"F","tx_tipo_lote":"FISCAL","cd_lote":"0017","cd_situacao":1,"cd_digito_sql":"7","cd_logradouro":"184845","nm_logradouro_completo":"R ESTEFANO","cd_numero_porta":"32","tx_complemento_endereco":null,"tx_situ_lote":"ATIVO","cd_tipo_uso_imovel":"10","dc_tipo_uso_imovel":"Residencial","cd_tipo_terreno_imovel":1,"qt_area_terreno":110,"qt_area_construida":90}}},{"type":"Feature","geometry":{"type":"Polygon","coordinates":[[[-46.621446,-23.407931],[-46.621449,-23.407977],[-46.621278,-23.407983],[-46.621189,-23.407987],[-46.621197,-23.407934],[-46.621232,-23.407937],[-46.621274,-23.407941],[-46.621299,-23.40794],[-46.621358,-23.407936],[-46.621378,-23.407935],[-46.621409,-23.407933],[-46.621413,-23.407933],[-46.621446,-23.407931]]]},"properties":{"sqlu":"SP-004-165923","inscription":"SP-GEOSAMPA-2165923","inscricaoImobiliaria":"SP-IMO-2165923","setor":"004","quadra":"004","lote":"0001","sourceType":"OFFICIAL_IMPORT","mainAddress":"Setor Fiscal 004","zoneamento":"RESIDENCIAL","statusCadastral":"ATIVO","workflowStatus":"PENDENTE","isOfficial":true,"rawProperties":{"cd_identificador":2165923,"cd_identificador_original_lote":8920624,"cd_setor_fiscal":"004","cd_tipo_quadra":"F","tx_tipo_quadra":"FISCAL","cd_quadra_fiscal":"004","cd_subquadra_fiscal":null,"cd_condominio":"00","cd_tipo_lote":"F","tx_tipo_lote":"FISCAL","cd_lote":"0001","cd_situacao":1,"cd_digito_sql":"4","cd_logradouro":"122386","nm_logradouro_completo":"R LUIS GAMA","cd_numero_porta":"34","tx_complemento_endereco":null,"tx_situ_lote":"ATIVO","cd_tipo_uso_imovel":"10","dc_tipo_uso_imovel":"Residencial","cd_tipo_terreno_imovel":1,"qt_area_terreno":183,"qt_area_construida":200}}},{"type":"Feature","geometry":{"type":"Polygon","coordinates":[[[-46.617518,-23.410375],[-46.617512,-23.410308],[-46.617505,-23.410309],[-46.617503,-23.410296],[-46.617502,-23.410292],[-46.617596,-23.410287],[-46.617636,-23.410285],[-46.617637,-23.410297],[-46.617643,-23.410351],[-46.617623,-23.41037],[-46.617518,-23.410375]]]},"properties":{"sqlu":"SP-004-166255","inscription":"SP-GEOSAMPA-2166255","inscricaoImobiliaria":"SP-IMO-2166255","setor":"004","quadra":"017","lote":"0056","sourceType":"OFFICIAL_IMPORT","mainAddress":"Setor Fiscal 004","zoneamento":"RESIDENCIAL","statusCadastral":"ATIVO","workflowStatus":"PENDENTE","isOfficial":true,"rawProperties":{"cd_identificador":2166255,"cd_identificador_original_lote":8919084,"cd_setor_fiscal":"004","cd_tipo_quadra":"F","tx_tipo_quadra":"FISCAL","cd_quadra_fiscal":"017","cd_subquadra_fiscal":null,"cd_condominio":"00","cd_tipo_lote":"F","tx_tipo_lote":"FISCAL","cd_lote":"0056","cd_situacao":1,"cd_digito_sql":"9","cd_logradouro":"151181","nm_logradouro_completo":"R OSCAR HORTA","cd_numero_porta":"275","tx_complemento_endereco":null,"tx_situ_lote":"ATIVO","cd_tipo_uso_imovel":"42","dc_tipo_uso_imovel":"Não residencial","cd_tipo_terreno_imovel":2,"qt_area_terreno":193,"qt_area_construida":120}}},{"type":"Feature","geometry":{"type":"Polygon","coordinates":[[[-46.614702,-23.413033],[-46.614745,-23.413115],[-46.614753,-23.413131],[-46.614768,-23.413161],[-46.614732,-23.413176],[-46.614666,-23.413048],[-46.614702,-23.413033]]]},"properties":{"sqlu":"SP-004-165973","inscription":"SP-GEOSAMPA-2165973","inscricaoImobiliaria":"SP-IMO-2165973","setor":"004","quadra":"051","lote":"0051","sourceType":"OFFICIAL_IMPORT","mainAddress":"Setor Fiscal 004","zoneamento":"RESIDENCIAL","statusCadastral":"ATIVO","workflowStatus":"PENDENTE","isOfficial":true,"rawProperties":{"cd_identificador":2165973,"cd_identificador_original_lote":8920175,"cd_setor_fiscal":"004","cd_tipo_quadra":"F","tx_tipo_quadra":"FISCAL","cd_quadra_fiscal":"051","cd_subquadra_fiscal":null,"cd_condominio":"00","cd_tipo_lote":"F","tx_tipo_lote":"FISCAL","cd_lote":"0051","cd_situacao":1,"cd_digito_sql":"5","cd_logradouro":"011967","nm_logradouro_completo":"R DONA ANA NERI","cd_numero_porta":"578","tx_complemento_endereco":"CS 11","tx_situ_lote":"ATIVO","cd_tipo_uso_imovel":"10","dc_tipo_uso_imovel":"Residencial","cd_tipo_terreno_imovel":4,"qt_area_terreno":63,"qt_area_construida":104}}},{"type":"Feature","geometry":{"type":"Polygon","coordinates":[[[-46.61331,-23.409013],[-46.613328,-23.409182],[-46.61333,-23.409202],[-46.613291,-23.409205],[-46.613269,-23.409016],[-46.61331,-23.409013]]]},"properties":{"sqlu":"SP-004-166013","inscription":"SP-GEOSAMPA-2166013","inscricaoImobiliaria":"SP-IMO-2166013","setor":"004","quadra":"010","lote":"0011","sourceType":"OFFICIAL_IMPORT","mainAddress":"Setor Fiscal 004","zoneamento":"RESIDENCIAL","statusCadastral":"ATIVO","workflowStatus":"PENDENTE","isOfficial":true,"rawProperties":{"cd_identificador":2166013,"cd_identificador_original_lote":8920379,"cd_setor_fiscal":"004","cd_tipo_quadra":"F","tx_tipo_quadra":"FISCAL","cd_quadra_fiscal":"010","cd_subquadra_fiscal":null,"cd_condominio":"00","cd_tipo_lote":"F","tx_tipo_lote":"FISCAL","cd_lote":"0011","cd_situacao":1,"cd_digito_sql":"7","cd_logradouro":"091740","nm_logradouro_completo":"R SAN GENNARO","cd_numero_porta":"45","tx_complemento_endereco":null,"tx_situ_lote":"ATIVO","cd_tipo_uso_imovel":"50","dc_tipo_uso_imovel":"Não residencial","cd_tipo_terreno_imovel":1,"qt_area_terreno":88,"qt_area_construida":88}}},{"type":"Feature","geometry":{"type":"Polygon","coordinates":[[[-46.617231,-23.41682],[-46.617249,-23.416857],[-46.617131,-23.416906],[-46.617112,-23.416869],[-46.61713,-23.416862],[-46.617162,-23.416849],[-46.617231,-23.41682]]]},"properties":{"sqlu":"SP-004-166095","inscription":"SP-GEOSAMPA-2166095","inscricaoImobiliaria":"SP-IMO-2166095","setor":"004","quadra":"072","lote":"0041","sourceType":"OFFICIAL_IMPORT","mainAddress":"Setor Fiscal 004","zoneamento":"RESIDENCIAL","statusCadastral":"ATIVO","workflowStatus":"PENDENTE","isOfficial":true,"rawProperties":{"cd_identificador":2166095,"cd_identificador_original_lote":8919010,"cd_setor_fiscal":"004","cd_tipo_quadra":"F","tx_tipo_quadra":"FISCAL","cd_quadra_fiscal":"072","cd_subquadra_fiscal":null,"cd_condominio":"00","cd_tipo_lote":"F","tx_tipo_lote":"FISCAL","cd_lote":"0041","cd_situacao":1,"cd_digito_sql":"1","cd_logradouro":"184845","nm_logradouro_completo":"R ESTEFANO","cd_numero_porta":"233","tx_complemento_endereco":null,"tx_situ_lote":"ATIVO","cd_tipo_uso_imovel":"10","dc_tipo_uso_imovel":"Residencial","cd_tipo_terreno_imovel":1,"qt_area_terreno":58,"qt_area_construida":100}}},{"type":"Feature","geometry":{"type":"Polygon","coordinates":[[[-46.613607,-23.410133],[-46.613503,-23.410141],[-46.613495,-23.41009],[-46.613475,-23.409972],[-46.613463,-23.4099],[-46.613458,-23.40987],[-46.613453,-23.40984],[-46.613453,-23.409837],[-46.613447,-23.409802],[-46.613436,-23.409737],[-46.613516,-23.409734],[-46.613593,-23.409731],[-46.613672,-23.409728],[-46.613679,-23.409797],[-46.613682,-23.409828],[-46.613689,-23.409893],[-46.613691,-23.409913],[-46.613696,-23.409958],[-46.613639,-23.409962],[-46.613643,-23.409999],[-46.613652,-23.410085],[-46.613656,-23.410126],[-46.613639,-23.410127],[-46.61364,-23.410132],[-46.613607,-23.410133]]]},"properties":{"sqlu":"SP-004-166151","inscription":"SP-GEOSAMPA-2166151","inscricaoImobiliaria":"SP-IMO-2166151","setor":"004","quadra":"018","lote":"0120","sourceType":"OFFICIAL_IMPORT","mainAddress":"Setor Fiscal 004","zoneamento":"RESIDENCIAL","statusCadastral":"ATIVO","workflowStatus":"PENDENTE","isOfficial":true,"rawProperties":{"cd_identificador":2166151,"cd_identificador_original_lote":8920076,"cd_setor_fiscal":"004","cd_tipo_quadra":"F","tx_tipo_quadra":"FISCAL","cd_quadra_fiscal":"018","cd_subquadra_fiscal":null,"cd_condominio":"00","cd_tipo_lote":"F","tx_tipo_lote":"FISCAL","cd_lote":"0120","cd_situacao":1,"cd_digito_sql":"9","cd_logradouro":"035173","nm_logradouro_completo":"R DOM BOSCO","cd_numero_porta":"742","tx_complemento_endereco":"746 750 754","tx_situ_lote":"ATIVO","cd_tipo_uso_imovel":"43","dc_tipo_uso_imovel":"Não residencial","cd_tipo_terreno_imovel":1,"qt_area_terreno":877,"qt_area_construida":2116}}},{"type":"Feature","geometry":{"type":"Polygon","coordinates":[[[-46.613607,-23.410133],[-46.613614,-23.410182],[-46.613389,-23.410192],[-46.61312,-23.4102],[-46.613113,-23.410201],[-46.613098,-23.41011],[-46.613384,-23.410096],[-46.613495,-23.41009],[-46.613503,-23.410141],[-46.613607,-23.410133]]]},"properties":{"sqlu":"SP-004-166152","inscription":"SP-GEOSAMPA-2166152","inscricaoImobiliaria":"SP-IMO-2166152","setor":"004","quadra":"018","lote":"0092","sourceType":"OFFICIAL_IMPORT","mainAddress":"Setor Fiscal 004","zoneamento":"RESIDENCIAL","statusCadastral":"ATIVO","workflowStatus":"PENDENTE","isOfficial":true,"rawProperties":{"cd_identificador":2166152,"cd_identificador_original_lote":8920082,"cd_setor_fiscal":"004","cd_tipo_quadra":"F","tx_tipo_quadra":"FISCAL","cd_quadra_fiscal":"018","cd_subquadra_fiscal":null,"cd_condominio":"00","cd_tipo_lote":"F","tx_tipo_lote":"FISCAL","cd_lote":"0092","cd_situacao":1,"cd_digito_sql":"1","cd_logradouro":"011967","nm_logradouro_completo":"R DONA ANA NERI","cd_numero_porta":"214","tx_complemento_endereco":"222","tx_situ_lote":"ATIVO","cd_tipo_uso_imovel":"22","dc_tipo_uso_imovel":"Residencial","cd_tipo_terreno_imovel":1,"qt_area_terreno":530,"qt_area_construida":820}}},{"type":"Feature","geometry":{"type":"Polygon","coordinates":[[[-46.616593,-23.415169],[-46.616796,-23.415092],[-46.616801,-23.415106],[-46.616811,-23.415128],[-46.616768,-23.415145],[-46.616765,-23.415146],[-46.616723,-23.415162],[-46.616715,-23.415166],[-46.616689,-23.415175],[-46.616686,-23.415177],[-46.61661,-23.415207],[-46.616593,-23.415169]]]},"properties":{"sqlu":"SP-004-166205","inscription":"SP-GEOSAMPA-2166205","inscricaoImobiliaria":"SP-IMO-2166205","setor":"004","quadra":"065","lote":"0016","sourceType":"OFFICIAL_IMPORT","mainAddress":"Setor Fiscal 004","zoneamento":"RESIDENCIAL","statusCadastral":"ATIVO","workflowStatus":"PENDENTE","isOfficial":true,"rawProperties":{"cd_identificador":2166205,"cd_identificador_original_lote":8920556,"cd_setor_fiscal":"004","cd_tipo_quadra":"F","tx_tipo_quadra":"FISCAL","cd_quadra_fiscal":"065","cd_subquadra_fiscal":null,"cd_condominio":"00","cd_tipo_lote":"F","tx_tipo_lote":"FISCAL","cd_lote":"0016","cd_situacao":1,"cd_digito_sql":"9","cd_logradouro":"184845","nm_logradouro_completo":"R ESTEFANO","cd_numero_porta":"40","tx_complemento_endereco":null,"tx_situ_lote":"ATIVO","cd_tipo_uso_imovel":"10","dc_tipo_uso_imovel":"Residencial","cd_tipo_terreno_imovel":1,"qt_area_terreno":97,"qt_area_construida":68}}},{"type":"Feature","geometry":{"type":"Polygon","coordinates":[[[-46.619275,-23.408779],[-46.619326,-23.408777],[-46.619339,-23.40891],[-46.619287,-23.408912],[-46.619275,-23.408779]]]},"properties":{"sqlu":"SP-004-166147","inscription":"SP-GEOSAMPA-2166147","inscricaoImobiliaria":"SP-IMO-2166147","setor":"004","quadra":"006","lote":"0048","sourceType":"OFFICIAL_IMPORT","mainAddress":"Setor Fiscal 004","zoneamento":"RESIDENCIAL","statusCadastral":"ATIVO","workflowStatus":"PENDENTE","isOfficial":true,"rawProperties":{"cd_identificador":2166147,"cd_identificador_original_lote":8918568,"cd_setor_fiscal":"004","cd_tipo_quadra":"F","tx_tipo_quadra":"FISCAL","cd_quadra_fiscal":"006","cd_subquadra_fiscal":null,"cd_condominio":"00","cd_tipo_lote":"F","tx_tipo_lote":"FISCAL","cd_lote":"0048","cd_situacao":1,"cd_digito_sql":"1","cd_logradouro":"049549","nm_logradouro_completo":"R CEL CINTRA","cd_numero_porta":"110","tx_complemento_endereco":"E 116 CS 5","tx_situ_lote":"ATIVO","cd_tipo_uso_imovel":"00","dc_tipo_uso_imovel":"Terreno","cd_tipo_terreno_imovel":4,"qt_area_terreno":75,"qt_area_construida":0}}},{"type":"Feature","geometry":{"type":"Polygon","coordinates":[[[-46.613334,-23.410807],[-46.613205,-23.410814],[-46.6132,-23.410782],[-46.613337,-23.410776],[-46.613334,-23.410807]]]},"properties":{"sqlu":"SP-004-166650","inscription":"SP-GEOSAMPA-2166650","inscricaoImobiliaria":"SP-IMO-2166650","setor":"004","quadra":"028","lote":"0034","sourceType":"OFFICIAL_IMPORT","mainAddress":"Setor Fiscal 004","zoneamento":"RESIDENCIAL","statusCadastral":"ATIVO","workflowStatus":"PENDENTE","isOfficial":true,"rawProperties":{"cd_identificador":2166650,"cd_identificador_original_lote":8919395,"cd_setor_fiscal":"004","cd_tipo_quadra":"F","tx_tipo_quadra":"FISCAL","cd_quadra_fiscal":"028","cd_subquadra_fiscal":null,"cd_condominio":"00","cd_tipo_lote":"F","tx_tipo_lote":"FISCAL","cd_lote":"0034","cd_situacao":1,"cd_digito_sql":"6","cd_logradouro":"011967","nm_logradouro_completo":"R DONA ANA NERI","cd_numero_porta":"288","tx_complemento_endereco":null,"tx_situ_lote":"ATIVO","cd_tipo_uso_imovel":"40","dc_tipo_uso_imovel":"Não residencial","cd_tipo_terreno_imovel":1,"qt_area_terreno":60,"qt_area_construida":50}}},{"type":"Feature","geometry":{"type":"Polygon","coordinates":[[[-46.616511,-23.414153],[-46.616557,-23.414136],[-46.616662,-23.414389],[-46.616616,-23.414406],[-46.616584,-23.414328],[-46.616577,-23.414312],[-46.616511,-23.414153]]]},"properties":{"sqlu":"SP-004-166287","inscription":"SP-GEOSAMPA-2166287","inscricaoImobiliaria":"SP-IMO-2166287","setor":"004","quadra":"064","lote":"0065","sourceType":"OFFICIAL_IMPORT","mainAddress":"Setor Fiscal 004","zoneamento":"RESIDENCIAL","statusCadastral":"ATIVO","workflowStatus":"PENDENTE","isOfficial":true,"rawProperties":{"cd_identificador":2166287,"cd_identificador_original_lote":8919152,"cd_setor_fiscal":"004","cd_tipo_quadra":"F","tx_tipo_quadra":"FISCAL","cd_quadra_fiscal":"064","cd_subquadra_fiscal":null,"cd_condominio":"00","cd_tipo_lote":"F","tx_tipo_lote":"FISCAL","cd_lote":"0065","cd_situacao":1,"cd_digito_sql":"2","cd_logradouro":"145637","nm_logradouro_completo":"R NICOLAU ANCONA LOPEZ","cd_numero_porta":"70","tx_complemento_endereco":null,"tx_situ_lote":"ATIVO","cd_tipo_uso_imovel":"12","dc_tipo_uso_imovel":"Residencial","cd_tipo_terreno_imovel":1,"qt_area_terreno":155,"qt_area_construida":92}}},{"type":"Feature","geometry":{"type":"Polygon","coordinates":[[[-46.616957,-23.415326],[-46.616903,-23.415346],[-46.616872,-23.415273],[-46.616811,-23.415128],[-46.616829,-23.415121],[-46.616867,-23.415107],[-46.616957,-23.415326]]]},"properties":{"sqlu":"SP-004-166549","inscription":"SP-GEOSAMPA-2166549","inscricaoImobiliaria":"SP-IMO-2166549","setor":"004","quadra":"065","lote":"0011","sourceType":"OFFICIAL_IMPORT","mainAddress":"Setor Fiscal 004","zoneamento":"RESIDENCIAL","statusCadastral":"ATIVO","workflowStatus":"PENDENTE","isOfficial":true,"rawProperties":{"cd_identificador":2166549,"cd_identificador_original_lote":8920560,"cd_setor_fiscal":"004","cd_tipo_quadra":"F","tx_tipo_quadra":"FISCAL","cd_quadra_fiscal":"065","cd_subquadra_fiscal":null,"cd_condominio":"00","cd_tipo_lote":"F","tx_tipo_lote":"FISCAL","cd_lote":"0011","cd_situacao":1,"cd_digito_sql":"8","cd_logradouro":"196304","nm_logradouro_completo":"R VICENTE DE CARVALHO","cd_numero_porta":"77","tx_complemento_endereco":"E 79","tx_situ_lote":"ATIVO","cd_tipo_uso_imovel":"42","dc_tipo_uso_imovel":"Não residencial","cd_tipo_terreno_imovel":1,"qt_area_terreno":156,"qt_area_construida":200}}},{"type":"Feature","geometry":{"type":"Polygon","coordinates":[[[-46.616957,-23.415326],[-46.616867,-23.415107],[-46.616895,-23.415096],[-46.616916,-23.415088],[-46.616921,-23.415086],[-46.616929,-23.415105],[-46.616977,-23.415221],[-46.617013,-23.415306],[-46.616957,-23.415326]]]},"properties":{"sqlu":"SP-004-166550","inscription":"SP-GEOSAMPA-2166550","inscricaoImobiliaria":"SP-IMO-2166550","setor":"004","quadra":"065","lote":"0010","sourceType":"OFFICIAL_IMPORT","mainAddress":"Setor Fiscal 004","zoneamento":"RESIDENCIAL","statusCadastral":"ATIVO","workflowStatus":"PENDENTE","isOfficial":true,"rawProperties":{"cd_identificador":2166550,"cd_identificador_original_lote":8920561,"cd_setor_fiscal":"004","cd_tipo_quadra":"F","tx_tipo_quadra":"FISCAL","cd_quadra_fiscal":"065","cd_subquadra_fiscal":null,"cd_condominio":"00","cd_tipo_lote":"F","tx_tipo_lote":"FISCAL","cd_lote":"0010","cd_situacao":1,"cd_digito_sql":"1","cd_logradouro":"196304","nm_logradouro_completo":"R VICENTE DE CARVALHO","cd_numero_porta":"69","tx_complemento_endereco":"71","tx_situ_lote":"ATIVO","cd_tipo_uso_imovel":"12","dc_tipo_uso_imovel":"Residencial","cd_tipo_terreno_imovel":1,"qt_area_terreno":156,"qt_area_construida":198}}},{"type":"Feature","geometry":{"type":"Polygon","coordinates":[[[-46.615229,-23.413939],[-46.615184,-23.413857],[-46.615127,-23.413757],[-46.615169,-23.413737],[-46.615271,-23.413919],[-46.615229,-23.413939]]]},"properties":{"sqlu":"SP-004-166464","inscription":"SP-GEOSAMPA-2166464","inscricaoImobiliaria":"SP-IMO-2166464","setor":"004","quadra":"059","lote":"0049","sourceType":"OFFICIAL_IMPORT","mainAddress":"Setor Fiscal 004","zoneamento":"RESIDENCIAL","statusCadastral":"ATIVO","workflowStatus":"PENDENTE","isOfficial":true,"rawProperties":{"cd_identificador":2166464,"cd_identificador_original_lote":8919680,"cd_setor_fiscal":"004","cd_tipo_quadra":"F","tx_tipo_quadra":"FISCAL","cd_quadra_fiscal":"059","cd_subquadra_fiscal":null,"cd_condominio":"00","cd_tipo_lote":"F","tx_tipo_lote":"FISCAL","cd_lote":"0049","cd_situacao":1,"cd_digito_sql":"1","cd_logradouro":"161713","nm_logradouro_completo":"R DOS PESCADORES","cd_numero_porta":"184","tx_complemento_endereco":null,"tx_situ_lote":"ATIVO","cd_tipo_uso_imovel":"40","dc_tipo_uso_imovel":"Não residencial","cd_tipo_terreno_imovel":1,"qt_area_terreno":95,"qt_area_construida":95}}},{"type":"Feature","geometry":{"type":"Polygon","coordinates":[[[-46.615229,-23.413939],[-46.615211,-23.413947],[-46.615248,-23.414022],[-46.615224,-23.41403],[-46.615139,-23.413878],[-46.615136,-23.413874],[-46.615082,-23.413778],[-46.615127,-23.413757],[-46.615184,-23.413857],[-46.615229,-23.413939]]]},"properties":{"sqlu":"SP-004-166465","inscription":"SP-GEOSAMPA-2166465","inscricaoImobiliaria":"SP-IMO-2166465","setor":"004","quadra":"059","lote":"0048","sourceType":"OFFICIAL_IMPORT","mainAddress":"Setor Fiscal 004","zoneamento":"RESIDENCIAL","statusCadastral":"ATIVO","workflowStatus":"PENDENTE","isOfficial":true,"rawProperties":{"cd_identificador":2166465,"cd_identificador_original_lote":8919718,"cd_setor_fiscal":"004","cd_tipo_quadra":"F","tx_tipo_quadra":"FISCAL","cd_quadra_fiscal":"059","cd_subquadra_fiscal":null,"cd_condominio":"00","cd_tipo_lote":"F","tx_tipo_lote":"FISCAL","cd_lote":"0048","cd_situacao":1,"cd_digito_sql":"1","cd_logradouro":"161713","nm_logradouro_completo":"R DOS PESCADORES","cd_numero_porta":"192","tx_complemento_endereco":null,"tx_situ_lote":"ATIVO","cd_tipo_uso_imovel":"43","dc_tipo_uso_imovel":"Não residencial","cd_tipo_terreno_imovel":1,"qt_area_terreno":158,"qt_area_construida":182}}},{"type":"Feature","geometry":{"type":"Polygon","coordinates":[[[-46.613328,-23.408869],[-46.613314,-23.408731],[-46.613313,-23.408716],[-46.613311,-23.4087],[-46.613346,-23.408697],[-46.613349,-23.408729],[-46.613363,-23.408866],[-46.613328,-23.408869]]]},"properties":{"sqlu":"SP-004-166277","inscription":"SP-GEOSAMPA-2166277","inscricaoImobiliaria":"SP-IMO-2166277","setor":"004","quadra":"009","lote":"0014","sourceType":"OFFICIAL_IMPORT","mainAddress":"Setor Fiscal 004","zoneamento":"RESIDENCIAL","statusCadastral":"ATIVO","workflowStatus":"PENDENTE","isOfficial":true,"rawProperties":{"cd_identificador":2166277,"cd_identificador_original_lote":8918646,"cd_setor_fiscal":"004","cd_tipo_quadra":"F","tx_tipo_quadra":"FISCAL","cd_quadra_fiscal":"009","cd_subquadra_fiscal":null,"cd_condominio":"00","cd_tipo_lote":"F","tx_tipo_lote":"FISCAL","cd_lote":"0014","cd_situacao":1,"cd_digito_sql":"9","cd_logradouro":"091740","nm_logradouro_completo":"R SAN GENNARO","cd_numero_porta":"50","tx_complemento_endereco":null,"tx_situ_lote":"ATIVO","cd_tipo_uso_imovel":"10","dc_tipo_uso_imovel":"Residencial","cd_tipo_terreno_imovel":1,"qt_area_terreno":80,"qt_area_construida":40}}},{"type":"Feature","geometry":{"type":"Polygon","coordinates":[[[-46.621015,-23.408221],[-46.620944,-23.408225],[-46.620843,-23.408232],[-46.620816,-23.408234],[-46.620695,-23.408241],[-46.620521,-23.40825],[-46.62045,-23.408255],[-46.620425,-23.40789],[-46.620423,-23.407854],[-46.620413,-23.407717],[-46.62051,-23.407712],[-46.620661,-23.407704],[-46.620777,-23.407698],[-46.621052,-23.407684],[-46.621061,-23.407688],[-46.621067,-23.407696],[-46.62107,-23.407702],[-46.621071,-23.40771],[-46.621071,-23.407718],[-46.621063,-23.407786],[-46.62104,-23.407967],[-46.621016,-23.408149],[-46.621015,-23.408221]]]},"properties":{"sqlu":"SP-004-166560","inscription":"SP-GEOSAMPA-2166560","inscricaoImobiliaria":"SP-IMO-2166560","setor":"004","quadra":"005","lote":"0000","sourceType":"OFFICIAL_IMPORT","mainAddress":"Setor Fiscal 004","zoneamento":"RESIDENCIAL","statusCadastral":"ATIVO","workflowStatus":"PENDENTE","isOfficial":true,"rawProperties":{"cd_identificador":2166560,"cd_identificador_original_lote":8920223,"cd_setor_fiscal":"004","cd_tipo_quadra":"F","tx_tipo_quadra":"FISCAL","cd_quadra_fiscal":"005","cd_subquadra_fiscal":null,"cd_condominio":"01","cd_tipo_lote":"F","tx_tipo_lote":"FISCAL","cd_lote":"0000","cd_situacao":1,"cd_digito_sql":null,"cd_logradouro":"142131","nm_logradouro_completo":"R DA MOOCA","cd_numero_porta":"336","tx_complemento_endereco":null,"tx_situ_lote":null,"cd_tipo_uso_imovel":"XX","dc_tipo_uso_imovel":"Condomínio","cd_tipo_terreno_imovel":99,"qt_area_terreno":3718,"qt_area_construida":null}}},{"type":"Feature","geometry":{"type":"Polygon","coordinates":[[[-46.622231,-23.413938],[-46.622207,-23.413943],[-46.622174,-23.41395],[-46.62197,-23.413995],[-46.621956,-23.413953],[-46.622163,-23.41392],[-46.622197,-23.413914],[-46.622205,-23.413913],[-46.622221,-23.413909],[-46.622231,-23.413938]]]},"properties":{"sqlu":"SP-004-166535","inscription":"SP-GEOSAMPA-2166535","inscricaoImobiliaria":"SP-IMO-2166535","setor":"004","quadra":"053","lote":"0022","sourceType":"OFFICIAL_IMPORT","mainAddress":"Setor Fiscal 004","zoneamento":"RESIDENCIAL","statusCadastral":"ATIVO","workflowStatus":"PENDENTE","isOfficial":true,"rawProperties":{"cd_identificador":2166535,"cd_identificador_original_lote":8919505,"cd_setor_fiscal":"004","cd_tipo_quadra":"F","tx_tipo_quadra":"FISCAL","cd_quadra_fiscal":"053","cd_subquadra_fiscal":null,"cd_condominio":"00","cd_tipo_lote":"F","tx_tipo_lote":"FISCAL","cd_lote":"0022","cd_situacao":1,"cd_digito_sql":"0","cd_logradouro":"114545","nm_logradouro_completo":"R JUSTO AZAMBUJA","cd_numero_porta":"170","tx_complemento_endereco":null,"tx_situ_lote":"ATIVO","cd_tipo_uso_imovel":"40","dc_tipo_uso_imovel":"Não residencial","cd_tipo_terreno_imovel":1,"qt_area_terreno":115,"qt_area_construida":83}}},{"type":"Feature","geometry":{"type":"Polygon","coordinates":[[[-46.623488,-23.41453],[-46.623684,-23.414476],[-46.623688,-23.414489],[-46.623695,-23.414511],[-46.623685,-23.414524],[-46.623651,-23.414533],[-46.623615,-23.414542],[-46.623502,-23.41457],[-46.623488,-23.41453]]]},"properties":{"sqlu":"SP-004-166505","inscription":"SP-GEOSAMPA-2166505","inscricaoImobiliaria":"SP-IMO-2166505","setor":"004","quadra":"052","lote":"0056","sourceType":"OFFICIAL_IMPORT","mainAddress":"Setor Fiscal 004","zoneamento":"RESIDENCIAL","statusCadastral":"ATIVO","workflowStatus":"PENDENTE","isOfficial":true,"rawProperties":{"cd_identificador":2166505,"cd_identificador_original_lote":8919472,"cd_setor_fiscal":"004","cd_tipo_quadra":"F","tx_tipo_quadra":"FISCAL","cd_quadra_fiscal":"052","cd_subquadra_fiscal":null,"cd_condominio":"00","cd_tipo_lote":"F","tx_tipo_lote":"FISCAL","cd_lote":"0056","cd_situacao":1,"cd_digito_sql":"0","cd_logradouro":"187801","nm_logradouro_completo":"R TEIXEIRA MENDES","cd_numero_porta":"143","tx_complemento_endereco":null,"tx_situ_lote":"ATIVO","cd_tipo_uso_imovel":"10","dc_tipo_uso_imovel":"Residencial","cd_tipo_terreno_imovel":1,"qt_area_terreno":98,"qt_area_construida":150}}},{"type":"Feature","geometry":{"type":"Polygon","coordinates":[[[-46.623488,-23.41453],[-46.623476,-23.414493],[-46.623586,-23.414461],[-46.623616,-23.414452],[-46.623671,-23.414437],[-46.623684,-23.414476],[-46.623488,-23.41453]]]},"properties":{"sqlu":"SP-004-166504","inscription":"SP-GEOSAMPA-2166504","inscricaoImobiliaria":"SP-IMO-2166504","setor":"004","quadra":"052","lote":"0057","sourceType":"OFFICIAL_IMPORT","mainAddress":"Setor Fiscal 004","zoneamento":"RESIDENCIAL","statusCadastral":"ATIVO","workflowStatus":"PENDENTE","isOfficial":true,"rawProperties":{"cd_identificador":2166504,"cd_identificador_original_lote":8919471,"cd_setor_fiscal":"004","cd_tipo_quadra":"F","tx_tipo_quadra":"FISCAL","cd_quadra_fiscal":"052","cd_subquadra_fiscal":null,"cd_condominio":"00","cd_tipo_lote":"F","tx_tipo_lote":"FISCAL","cd_lote":"0057","cd_situacao":1,"cd_digito_sql":"9","cd_logradouro":"187801","nm_logradouro_completo":"R TEIXEIRA MENDES","cd_numero_porta":"147","tx_complemento_endereco":null,"tx_situ_lote":"ATIVO","cd_tipo_uso_imovel":"31","dc_tipo_uso_imovel":"Não residencial","cd_tipo_terreno_imovel":1,"qt_area_terreno":99,"qt_area_construida":100}}},{"type":"Feature","geometry":{"type":"Polygon","coordinates":[[[-46.617261,-23.415059],[-46.617323,-23.415192],[-46.617287,-23.415205],[-46.617247,-23.415124],[-46.617231,-23.415091],[-46.617223,-23.415073],[-46.617261,-23.415059]]]},"properties":{"sqlu":"SP-004-166323","inscription":"SP-GEOSAMPA-2166323","inscricaoImobiliaria":"SP-IMO-2166323","setor":"004","quadra":"065","lote":"0003","sourceType":"OFFICIAL_IMPORT","mainAddress":"Setor Fiscal 004","zoneamento":"RESIDENCIAL","statusCadastral":"ATIVO","workflowStatus":"PENDENTE","isOfficial":true,"rawProperties":{"cd_identificador":2166323,"cd_identificador_original_lote":8920567,"cd_setor_fiscal":"004","cd_tipo_quadra":"F","tx_tipo_quadra":"FISCAL","cd_quadra_fiscal":"065","cd_subquadra_fiscal":null,"cd_condominio":"00","cd_tipo_lote":"F","tx_tipo_lote":"FISCAL","cd_lote":"0003","cd_situacao":1,"cd_digito_sql":"7","cd_logradouro":"196304","nm_logradouro_completo":"R VICENTE DE CARVALHO","cd_numero_porta":"33","tx_complemento_endereco":null,"tx_situ_lote":"ATIVO","cd_tipo_uso_imovel":"10","dc_tipo_uso_imovel":"Residencial","cd_tipo_terreno_imovel":1,"qt_area_terreno":64,"qt_area_construida":80}}},{"type":"Feature","geometry":{"type":"Polygon","coordinates":[[[-46.626546,-23.41251],[-46.626719,-23.412961],[-46.626733,-23.412998],[-46.626752,-23.413047],[-46.626729,-23.413056],[-46.626655,-23.413016],[-46.626624,-23.412932],[-46.626564,-23.41277],[-46.626475,-23.412532],[-46.626546,-23.41251]]]},"properties":{"sqlu":"SP-004-166325","inscription":"SP-GEOSAMPA-2166325","inscricaoImobiliaria":"SP-IMO-2166325","setor":"004","quadra":"044","lote":"0074","sourceType":"OFFICIAL_IMPORT","mainAddress":"Setor Fiscal 004","zoneamento":"RESIDENCIAL","statusCadastral":"ATIVO","workflowStatus":"PENDENTE","isOfficial":true,"rawProperties":{"cd_identificador":2166325,"cd_identificador_original_lote":8920447,"cd_setor_fiscal":"004","cd_tipo_quadra":"F","tx_tipo_quadra":"FISCAL","cd_quadra_fiscal":"044","cd_subquadra_fiscal":null,"cd_condominio":"00","cd_tipo_lote":"F","tx_tipo_lote":"FISCAL","cd_lote":"0074","cd_situacao":1,"cd_digito_sql":"4","cd_logradouro":"090328","nm_logradouro_completo":"R BR DE IGUAPE","cd_numero_porta":"926","tx_complemento_endereco":"E 932","tx_situ_lote":"ATIVO","cd_tipo_uso_imovel":"40","dc_tipo_uso_imovel":"Não residencial","cd_tipo_terreno_imovel":3,"qt_area_terreno":494,"qt_area_construida":808}}},{"type":"Feature","geometry":{"type":"Polygon","coordinates":[[[-46.617636,-23.415291],[-46.617663,-23.415358],[-46.617458,-23.415442],[-46.617427,-23.415377],[-46.617636,-23.415291]]]},"properties":{"sqlu":"SP-004-166321","inscription":"SP-GEOSAMPA-2166321","inscricaoImobiliaria":"SP-IMO-2166321","setor":"004","quadra":"069","lote":"0035","sourceType":"OFFICIAL_IMPORT","mainAddress":"Setor Fiscal 004","zoneamento":"RESIDENCIAL","statusCadastral":"ATIVO","workflowStatus":"PENDENTE","isOfficial":true,"rawProperties":{"cd_identificador":2166321,"cd_identificador_original_lote":8919377,"cd_setor_fiscal":"004","cd_tipo_quadra":"F","tx_tipo_quadra":"FISCAL","cd_quadra_fiscal":"069","cd_subquadra_fiscal":null,"cd_condominio":"00","cd_tipo_lote":"F","tx_tipo_lote":"FISCAL","cd_lote":"0035","cd_situacao":1,"cd_digito_sql":"3","cd_logradouro":"098310","nm_logradouro_completo":"R BR DE JAGUARA","cd_numero_porta":"965","tx_complemento_endereco":null,"tx_situ_lote":"ATIVO","cd_tipo_uso_imovel":"42","dc_tipo_uso_imovel":"Não residencial","cd_tipo_terreno_imovel":1,"qt_area_terreno":184,"qt_area_construida":120}}},{"type":"Feature","geometry":{"type":"Polygon","coordinates":[[[-46.616772,-23.413575],[-46.616748,-23.413584],[-46.616635,-23.413629],[-46.616649,-23.413661],[-46.616665,-23.413699],[-46.616674,-23.41372],[-46.616679,-23.413732],[-46.616662,-23.413739],[-46.616627,-23.413753],[-46.616593,-23.413766],[-46.616575,-23.413773],[-46.616556,-23.413727],[-46.616531,-23.413667],[-46.616506,-23.413608],[-46.616489,-23.413569],[-46.616489,-23.413568],[-46.616599,-23.41353],[-46.616627,-23.413598],[-46.616893,-23.413493],[-46.616905,-23.413523],[-46.616817,-23.413557],[-46.616772,-23.413575]]]},"properties":{"sqlu":"SP-004-166648","inscription":"SP-GEOSAMPA-2166648","inscricaoImobiliaria":"SP-IMO-2166648","setor":"004","quadra":"059","lote":"0001","sourceType":"OFFICIAL_IMPORT","mainAddress":"Setor Fiscal 004","zoneamento":"RESIDENCIAL","statusCadastral":"ATIVO","workflowStatus":"PENDENTE","isOfficial":true,"rawProperties":{"cd_identificador":2166648,"cd_identificador_original_lote":8918470,"cd_setor_fiscal":"004","cd_tipo_quadra":"F","tx_tipo_quadra":"FISCAL","cd_quadra_fiscal":"059","cd_subquadra_fiscal":null,"cd_condominio":"00","cd_tipo_lote":"V","tx_tipo_lote":"Via de Acesso","cd_lote":"0001","cd_situacao":1,"cd_digito_sql":null,"cd_logradouro":null,"nm_logradouro_completo":null,"cd_numero_porta":null,"tx_complemento_endereco":null,"tx_situ_lote":null,"cd_tipo_uso_imovel":null,"dc_tipo_uso_imovel":null,"cd_tipo_terreno_imovel":null,"qt_area_terreno":null,"qt_area_construida":null}}},{"type":"Feature","geometry":{"type":"Polygon","coordinates":[[[-46.616772,-23.413575],[-46.616786,-23.413606],[-46.616736,-23.413626],[-46.616649,-23.413661],[-46.616635,-23.413629],[-46.616748,-23.413584],[-46.616772,-23.413575]]]},"properties":{"sqlu":"SP-004-166649","inscription":"SP-GEOSAMPA-2166649","inscricaoImobiliaria":"SP-IMO-2166649","setor":"004","quadra":"059","lote":"0092","sourceType":"OFFICIAL_IMPORT","mainAddress":"Setor Fiscal 004","zoneamento":"RESIDENCIAL","statusCadastral":"ATIVO","workflowStatus":"PENDENTE","isOfficial":true,"rawProperties":{"cd_identificador":2166649,"cd_identificador_original_lote":8918779,"cd_setor_fiscal":"004","cd_tipo_quadra":"F","tx_tipo_quadra":"FISCAL","cd_quadra_fiscal":"059","cd_subquadra_fiscal":null,"cd_condominio":"00","cd_tipo_lote":"F","tx_tipo_lote":"FISCAL","cd_lote":"0092","cd_situacao":1,"cd_digito_sql":"9","cd_logradouro":"098310","nm_logradouro_completo":"R BR DE JAGUARA","cd_numero_porta":"747","tx_complemento_endereco":"CS 6","tx_situ_lote":"ATIVO","cd_tipo_uso_imovel":"10","dc_tipo_uso_imovel":"Residencial","cd_tipo_terreno_imovel":4,"qt_area_terreno":58,"qt_area_construida":60}}},{"type":"Feature","geometry":{"type":"Polygon","coordinates":[[[-46.619323,-23.415255],[-46.619328,-23.415267],[-46.619335,-23.415284],[-46.619201,-23.415332],[-46.61919,-23.415302],[-46.619282,-23.415269],[-46.619323,-23.415255]]]},"properties":{"sqlu":"SP-004-166945","inscription":"SP-GEOSAMPA-2166945","inscricaoImobiliaria":"SP-IMO-2166945","setor":"004","quadra":"062","lote":"0015","sourceType":"OFFICIAL_IMPORT","mainAddress":"Setor Fiscal 004","zoneamento":"RESIDENCIAL","statusCadastral":"ATIVO","workflowStatus":"PENDENTE","isOfficial":true,"rawProperties":{"cd_identificador":2166945,"cd_identificador_original_lote":8918964,"cd_setor_fiscal":"004","cd_tipo_quadra":"F","tx_tipo_quadra":"FISCAL","cd_quadra_fiscal":"062","cd_subquadra_fiscal":null,"cd_condominio":"00","cd_tipo_lote":"F","tx_tipo_lote":"FISCAL","cd_lote":"0015","cd_situacao":1,"cd_digito_sql":"7","cd_logradouro":"008141","nm_logradouro_completo":"R DOS ALPES","cd_numero_porta":"466","tx_complemento_endereco":null,"tx_situ_lote":"ATIVO","cd_tipo_uso_imovel":"10","dc_tipo_uso_imovel":"Residencial","cd_tipo_terreno_imovel":1,"qt_area_terreno":55,"qt_area_construida":95}}},{"type":"Feature","geometry":{"type":"Polygon","coordinates":[[[-46.615887,-23.410571],[-46.615935,-23.410568],[-46.616042,-23.410562],[-46.616066,-23.410578],[-46.616072,-23.410614],[-46.616065,-23.410614],[-46.615896,-23.410619],[-46.615891,-23.410591],[-46.615889,-23.410582],[-46.615887,-23.410571]]]},"properties":{"sqlu":"SP-004-166974","inscription":"SP-GEOSAMPA-2166974","inscricaoImobiliaria":"SP-IMO-2166974","setor":"004","quadra":"028","lote":"0078","sourceType":"OFFICIAL_IMPORT","mainAddress":"Setor Fiscal 004","zoneamento":"RESIDENCIAL","statusCadastral":"ATIVO","workflowStatus":"PENDENTE","isOfficial":true,"rawProperties":{"cd_identificador":2166974,"cd_identificador_original_lote":8920402,"cd_setor_fiscal":"004","cd_tipo_quadra":"F","tx_tipo_quadra":"FISCAL","cd_quadra_fiscal":"028","cd_subquadra_fiscal":null,"cd_condominio":"00","cd_tipo_lote":"F","tx_tipo_lote":"FISCAL","cd_lote":"0078","cd_situacao":1,"cd_digito_sql":"8","cd_logradouro":"098310","nm_logradouro_completo":"R BR DE JAGUARA","cd_numero_porta":"413","tx_complemento_endereco":null,"tx_situ_lote":"ATIVO","cd_tipo_uso_imovel":"42","dc_tipo_uso_imovel":"Não residencial","cd_tipo_terreno_imovel":2,"qt_area_terreno":125,"qt_area_construida":140}}},{"type":"Feature","geometry":{"type":"Polygon","coordinates":[[[-46.617065,-23.415287],[-46.617013,-23.415306],[-46.616977,-23.415221],[-46.616929,-23.415105],[-46.616921,-23.415086],[-46.616974,-23.415066],[-46.617065,-23.415287]]]},"properties":{"sqlu":"SP-004-166798","inscription":"SP-GEOSAMPA-2166798","inscricaoImobiliaria":"SP-IMO-2166798","setor":"004","quadra":"065","lote":"0000","sourceType":"OFFICIAL_IMPORT","mainAddress":"Setor Fiscal 004","zoneamento":"RESIDENCIAL","statusCadastral":"ATIVO","workflowStatus":"PENDENTE","isOfficial":true,"rawProperties":{"cd_identificador":2166798,"cd_identificador_original_lote":8920562,"cd_setor_fiscal":"004","cd_tipo_quadra":"F","tx_tipo_quadra":"FISCAL","cd_quadra_fiscal":"065","cd_subquadra_fiscal":null,"cd_condominio":"02","cd_tipo_lote":"F","tx_tipo_lote":"FISCAL","cd_lote":"0000","cd_situacao":1,"cd_digito_sql":null,"cd_logradouro":"196304","nm_logradouro_completo":"R VICENTE DE CARVALHO","cd_numero_porta":"61","tx_complemento_endereco":null,"tx_situ_lote":null,"cd_tipo_uso_imovel":"XX","dc_tipo_uso_imovel":"Condomínio","cd_tipo_terreno_imovel":99,"qt_area_terreno":156,"qt_area_construida":null}}},{"type":"Feature","geometry":{"type":"Polygon","coordinates":[[[-46.619297,-23.409049],[-46.619291,-23.408969],[-46.619288,-23.408926],[-46.619287,-23.408912],[-46.619339,-23.40891],[-46.619351,-23.409046],[-46.619297,-23.409049]]]},"properties":{"sqlu":"SP-004-166897","inscription":"SP-GEOSAMPA-2166897","inscricaoImobiliaria":"SP-IMO-2166897","setor":"004","quadra":"006","lote":"0059","sourceType":"OFFICIAL_IMPORT","mainAddress":"Setor Fiscal 004","zoneamento":"RESIDENCIAL","statusCadastral":"ATIVO","workflowStatus":"PENDENTE","isOfficial":true,"rawProperties":{"cd_identificador":2166897,"cd_identificador_original_lote":8918672,"cd_setor_fiscal":"004","cd_tipo_quadra":"F","tx_tipo_quadra":"FISCAL","cd_quadra_fiscal":"006","cd_subquadra_fiscal":null,"cd_condominio":"00","cd_tipo_lote":"F","tx_tipo_lote":"FISCAL","cd_lote":"0059","cd_situacao":1,"cd_digito_sql":"5","cd_logradouro":"049549","nm_logradouro_completo":"R CEL CINTRA","cd_numero_porta":"148","tx_complemento_endereco":"E 150 CS 6","tx_situ_lote":"ATIVO","cd_tipo_uso_imovel":"10","dc_tipo_uso_imovel":"Residencial","cd_tipo_terreno_imovel":4,"qt_area_terreno":78,"qt_area_construida":121}}},{"type":"Feature","geometry":{"type":"Polygon","coordinates":[[[-46.619503,-23.408562],[-46.619454,-23.408565],[-46.619452,-23.408539],[-46.61945,-23.408512],[-46.619445,-23.408434],[-46.619493,-23.408432],[-46.619503,-23.408562]]]},"properties":{"sqlu":"SP-004-167011","inscription":"SP-GEOSAMPA-2167011","inscricaoImobiliaria":"SP-IMO-2167011","setor":"004","quadra":"006","lote":"0018","sourceType":"OFFICIAL_IMPORT","mainAddress":"Setor Fiscal 004","zoneamento":"RESIDENCIAL","statusCadastral":"ATIVO","workflowStatus":"PENDENTE","isOfficial":true,"rawProperties":{"cd_identificador":2167011,"cd_identificador_original_lote":8918558,"cd_setor_fiscal":"004","cd_tipo_quadra":"F","tx_tipo_quadra":"FISCAL","cd_quadra_fiscal":"006","cd_subquadra_fiscal":null,"cd_condominio":"00","cd_tipo_lote":"F","tx_tipo_lote":"FISCAL","cd_lote":"0018","cd_situacao":1,"cd_digito_sql":"8","cd_logradouro":"049549","nm_logradouro_completo":"R CEL CINTRA","cd_numero_porta":"72","tx_complemento_endereco":"E 78 CS 13","tx_situ_lote":"ATIVO","cd_tipo_uso_imovel":"10","dc_tipo_uso_imovel":"Residencial","cd_tipo_terreno_imovel":4,"qt_area_terreno":72,"qt_area_construida":60}}},{"type":"Feature","geometry":{"type":"Polygon","coordinates":[[[-46.615887,-23.410571],[-46.615889,-23.410582],[-46.615891,-23.410591],[-46.615896,-23.410619],[-46.615903,-23.410662],[-46.615905,-23.410671],[-46.615912,-23.41071],[-46.615917,-23.41074],[-46.615918,-23.410744],[-46.615919,-23.410752],[-46.615927,-23.410797],[-46.615935,-23.410841],[-46.615808,-23.410847],[-46.615815,-23.410911],[-46.615823,-23.410994],[-46.615826,-23.411017],[-46.61584,-23.411157],[-46.615863,-23.411369],[-46.615868,-23.411402],[-46.615874,-23.411441],[-46.615891,-23.411555],[-46.615904,-23.411642],[-46.615719,-23.411696],[-46.615423,-23.411788],[-46.615399,-23.411796],[-46.615343,-23.411814],[-46.615164,-23.411873],[-46.614874,-23.411962],[-46.614807,-23.411983],[-46.614776,-23.411993],[-46.614449,-23.412102],[-46.614273,-23.412164],[-46.614088,-23.41224],[-46.613809,-23.412361],[-46.613802,-23.412363],[-46.613793,-23.412363],[-46.613787,-23.412362],[-46.613775,-23.412359],[-46.613766,-23.412353],[-46.613755,-23.412344],[-46.61374,-23.412323],[-46.613661,-23.412156],[-46.613539,-23.41189],[-46.613508,-23.41182],[-46.613436,-23.411678],[-46.613365,-23.411527],[-46.613333,-23.411459],[-46.613303,-23.411378],[-46.613279,-23.411289],[-46.613264,-23.411203],[-46.613257,-23.411133],[-46.613354,-23.41113],[-46.613513,-23.411125],[-46.613511,-23.411101],[-46.61351,-23.411072],[-46.613509,-23.41105],[-46.613507,-23.411017],[-46.613505,-23.410982],[-46.613503,-23.410938],[-46.613552,-23.410938],[-46.613815,-23.410929],[-46.613816,-23.41094],[-46.613821,-23.41097],[-46.613933,-23.410956],[-46.613965,-23.410952],[-46.614012,-23.410947],[-46.614021,-23.411003],[-46.613829,-23.411028],[-46.613838,-23.411086],[-46.61403,-23.411061],[-46.614047,-23.411167],[-46.614048,-23.411173],[-46.614063,-23.411278],[-46.614162,-23.41127],[-46.614131,-23.411074],[-46.6141,-23.410878],[-46.61406,-23.410636],[-46.614257,-23.410627],[-46.614434,-23.410624],[-46.6145,-23.410618],[-46.614566,-23.410616],[-46.614629,-23.410616],[-46.614651,-23.410615],[-46.614753,-23.410612],[-46.614784,-23.410611],[-46.614998,-23.410603],[-46.615779,-23.410576],[-46.615796,-23.410576],[-46.615887,-23.410571]]]},"properties":{"sqlu":"SP-004-166973","inscription":"SP-GEOSAMPA-2166973","inscricaoImobiliaria":"SP-IMO-2166973","setor":"004","quadra":"028","lote":"0173","sourceType":"OFFICIAL_IMPORT","mainAddress":"Setor Fiscal 004","zoneamento":"RESIDENCIAL","statusCadastral":"ATIVO","workflowStatus":"PENDENTE","isOfficial":true,"rawProperties":{"cd_identificador":2166973,"cd_identificador_original_lote":8919647,"cd_setor_fiscal":"004","cd_tipo_quadra":"F","tx_tipo_quadra":"FISCAL","cd_quadra_fiscal":"028","cd_subquadra_fiscal":null,"cd_condominio":"00","cd_tipo_lote":"F","tx_tipo_lote":"FISCAL","cd_lote":"0173","cd_situacao":1,"cd_digito_sql":"3","cd_logradouro":"066427","nm_logradouro_completo":"AV DO ESTADO","cd_numero_porta":"5533","tx_complemento_endereco":null,"tx_situ_lote":"ATIVO","cd_tipo_uso_imovel":"31","dc_tipo_uso_imovel":"Não residencial","cd_tipo_terreno_imovel":2,"qt_area_terreno":36405,"qt_area_construida":100144}}},{"type":"Feature","geometry":{"type":"Polygon","coordinates":[[[-46.616977,-23.413364],[-46.617014,-23.413346],[-46.61719,-23.413257],[-46.6172,-23.413273],[-46.617219,-23.413303],[-46.617162,-23.413332],[-46.617034,-23.413396],[-46.616997,-23.413414],[-46.616977,-23.413364]]]},"properties":{"sqlu":"SP-004-166979","inscription":"SP-GEOSAMPA-2166979","inscricaoImobiliaria":"SP-IMO-2166979","setor":"004","quadra":"050","lote":"0083","sourceType":"OFFICIAL_IMPORT","mainAddress":"Setor Fiscal 004","zoneamento":"RESIDENCIAL","statusCadastral":"ATIVO","workflowStatus":"PENDENTE","isOfficial":true,"rawProperties":{"cd_identificador":2166979,"cd_identificador_original_lote":8919782,"cd_setor_fiscal":"004","cd_tipo_quadra":"F","tx_tipo_quadra":"FISCAL","cd_quadra_fiscal":"050","cd_subquadra_fiscal":null,"cd_condominio":"00","cd_tipo_lote":"F","tx_tipo_lote":"FISCAL","cd_lote":"0083","cd_situacao":1,"cd_digito_sql":"9","cd_logradouro":"098310","nm_logradouro_completo":"R BR DE JAGUARA","cd_numero_porta":"738","tx_complemento_endereco":null,"tx_situ_lote":"ATIVO","cd_tipo_uso_imovel":"42","dc_tipo_uso_imovel":"Não residencial","cd_tipo_terreno_imovel":1,"qt_area_terreno":214,"qt_area_construida":405}}},{"type":"Feature","geometry":{"type":"Polygon","coordinates":[[[-46.621819,-23.407912],[-46.621765,-23.407915],[-46.621762,-23.407879],[-46.621761,-23.407865],[-46.621745,-23.407666],[-46.621743,-23.407645],[-46.621797,-23.407642],[-46.621819,-23.407912]]]},"properties":{"sqlu":"SP-004-167099","inscription":"SP-GEOSAMPA-2167099","inscricaoImobiliaria":"SP-IMO-2167099","setor":"004","quadra":"004","lote":"0036","sourceType":"OFFICIAL_IMPORT","mainAddress":"Setor Fiscal 004","zoneamento":"RESIDENCIAL","statusCadastral":"ATIVO","workflowStatus":"PENDENTE","isOfficial":true,"rawProperties":{"cd_identificador":2167099,"cd_identificador_original_lote":8920667,"cd_setor_fiscal":"004","cd_tipo_quadra":"F","tx_tipo_quadra":"FISCAL","cd_quadra_fiscal":"004","cd_subquadra_fiscal":null,"cd_condominio":"00","cd_tipo_lote":"F","tx_tipo_lote":"FISCAL","cd_lote":"0036","cd_situacao":1,"cd_digito_sql":"7","cd_logradouro":"142131","nm_logradouro_completo":"R DA MOOCA","cd_numero_porta":"214","tx_complemento_endereco":null,"tx_situ_lote":"ATIVO","cd_tipo_uso_imovel":"10","dc_tipo_uso_imovel":"Residencial","cd_tipo_terreno_imovel":1,"qt_area_terreno":153,"qt_area_construida":100}}},{"type":"Feature","geometry":{"type":"Polygon","coordinates":[[[-46.621819,-23.407912],[-46.621797,-23.407642],[-46.621846,-23.40764],[-46.621849,-23.407671],[-46.621868,-23.40791],[-46.621819,-23.407912]]]},"properties":{"sqlu":"SP-004-167100","inscription":"SP-GEOSAMPA-2167100","inscricaoImobiliaria":"SP-IMO-2167100","setor":"004","quadra":"004","lote":"0035","sourceType":"OFFICIAL_IMPORT","mainAddress":"Setor Fiscal 004","zoneamento":"RESIDENCIAL","statusCadastral":"ATIVO","workflowStatus":"PENDENTE","isOfficial":true,"rawProperties":{"cd_identificador":2167100,"cd_identificador_original_lote":8920668,"cd_setor_fiscal":"004","cd_tipo_quadra":"F","tx_tipo_quadra":"FISCAL","cd_quadra_fiscal":"004","cd_subquadra_fiscal":null,"cd_condominio":"00","cd_tipo_lote":"F","tx_tipo_lote":"FISCAL","cd_lote":"0035","cd_situacao":1,"cd_digito_sql":"9","cd_logradouro":"142131","nm_logradouro_completo":"R DA MOOCA","cd_numero_porta":"212","tx_complemento_endereco":null,"tx_situ_lote":"ATIVO","cd_tipo_uso_imovel":"51","dc_tipo_uso_imovel":"Não residencial","cd_tipo_terreno_imovel":1,"qt_area_terreno":156,"qt_area_construida":150}}},{"type":"Feature","geometry":{"type":"Polygon","coordinates":[[[-46.614909,-23.410462],[-46.61485,-23.410465],[-46.614813,-23.410072],[-46.61487,-23.410069],[-46.614876,-23.410125],[-46.614886,-23.410234],[-46.614895,-23.410324],[-46.614898,-23.41035],[-46.614909,-23.410462]]]},"properties":{"sqlu":"SP-004-167129","inscription":"SP-GEOSAMPA-2167129","inscricaoImobiliaria":"SP-IMO-2167129","setor":"004","quadra":"018","lote":"0023","sourceType":"OFFICIAL_IMPORT","mainAddress":"Setor Fiscal 004","zoneamento":"RESIDENCIAL","statusCadastral":"ATIVO","workflowStatus":"PENDENTE","isOfficial":true,"rawProperties":{"cd_identificador":2167129,"cd_identificador_original_lote":8920319,"cd_setor_fiscal":"004","cd_tipo_quadra":"F","tx_tipo_quadra":"FISCAL","cd_quadra_fiscal":"018","cd_subquadra_fiscal":null,"cd_condominio":"00","cd_tipo_lote":"F","tx_tipo_lote":"FISCAL","cd_lote":"0023","cd_situacao":1,"cd_digito_sql":"7","cd_logradouro":"148806","nm_logradouro_completo":"R ODORICO MENDES","cd_numero_porta":"549","tx_complemento_endereco":null,"tx_situ_lote":"ATIVO","cd_tipo_uso_imovel":"50","dc_tipo_uso_imovel":"Não residencial","cd_tipo_terreno_imovel":1,"qt_area_terreno":247,"qt_area_construida":532}}},{"type":"Feature","geometry":{"type":"Polygon","coordinates":[[[-46.619,-23.408144],[-46.619105,-23.408135],[-46.619134,-23.408133],[-46.619137,-23.408163],[-46.619142,-23.408229],[-46.619116,-23.408231],[-46.619006,-23.408241],[-46.619,-23.408144]]]},"properties":{"sqlu":"SP-004-167327","inscription":"SP-GEOSAMPA-2167327","inscricaoImobiliaria":"SP-IMO-2167327","setor":"004","quadra":"006","lote":"0001","sourceType":"OFFICIAL_IMPORT","mainAddress":"Setor Fiscal 004","zoneamento":"RESIDENCIAL","statusCadastral":"ATIVO","workflowStatus":"PENDENTE","isOfficial":true,"rawProperties":{"cd_identificador":2167327,"cd_identificador_original_lote":8918590,"cd_setor_fiscal":"004","cd_tipo_quadra":"F","tx_tipo_quadra":"FISCAL","cd_quadra_fiscal":"006","cd_subquadra_fiscal":null,"cd_condominio":"00","cd_tipo_lote":"F","tx_tipo_lote":"FISCAL","cd_lote":"0001","cd_situacao":1,"cd_digito_sql":"3","cd_logradouro":"049549","nm_logradouro_completo":"R CEL CINTRA","cd_numero_porta":"46","tx_complemento_endereco":"E 56","tx_situ_lote":"ATIVO","cd_tipo_uso_imovel":"14","dc_tipo_uso_imovel":"Residencial","cd_tipo_terreno_imovel":1,"qt_area_terreno":330,"qt_area_construida":200}}},{"type":"Feature","geometry":{"type":"Polygon","coordinates":[[[-46.628304,-23.413638],[-46.628266,-23.413556],[-46.628386,-23.413511],[-46.628443,-23.41349],[-46.628536,-23.413478],[-46.628554,-23.413476],[-46.6286,-23.41347],[-46.628599,-23.413555],[-46.628598,-23.413572],[-46.628555,-23.413575],[-46.628545,-23.413575],[-46.628504,-23.413578],[-46.628451,-23.413582],[-46.628385,-23.413607],[-46.628304,-23.413638]]]},"properties":{"sqlu":"SP-004-167255","inscription":"SP-GEOSAMPA-2167255","inscricaoImobiliaria":"SP-IMO-2167255","setor":"004","quadra":"043","lote":"0000","sourceType":"OFFICIAL_IMPORT","mainAddress":"Setor Fiscal 004","zoneamento":"RESIDENCIAL","statusCadastral":"ATIVO","workflowStatus":"PENDENTE","isOfficial":true,"rawProperties":{"cd_identificador":2167255,"cd_identificador_original_lote":8919475,"cd_setor_fiscal":"004","cd_tipo_quadra":"F","tx_tipo_quadra":"FISCAL","cd_quadra_fiscal":"043","cd_subquadra_fiscal":null,"cd_condominio":"06","cd_tipo_lote":"F","tx_tipo_lote":"FISCAL","cd_lote":"0000","cd_situacao":1,"cd_digito_sql":null,"cd_logradouro":"187771","nm_logradouro_completo":"R TEIXEIRA LEITE","cd_numero_porta":"494","tx_complemento_endereco":null,"tx_situ_lote":null,"cd_tipo_uso_imovel":"XX","dc_tipo_uso_imovel":"Condomínio","cd_tipo_terreno_imovel":99,"qt_area_terreno":350,"qt_area_construida":null}}},{"type":"Feature","geometry":{"type":"Polygon","coordinates":[[[-46.616337,-23.410166],[-46.616344,-23.410202],[-46.61624,-23.410216],[-46.616152,-23.410227],[-46.616145,-23.410191],[-46.616234,-23.41018],[-46.616337,-23.410166]]]},"properties":{"sqlu":"SP-004-167256","inscription":"SP-GEOSAMPA-2167256","inscricaoImobiliaria":"SP-IMO-2167256","setor":"004","quadra":"017","lote":"0006","sourceType":"OFFICIAL_IMPORT","mainAddress":"Setor Fiscal 004","zoneamento":"RESIDENCIAL","statusCadastral":"ATIVO","workflowStatus":"PENDENTE","isOfficial":true,"rawProperties":{"cd_identificador":2167256,"cd_identificador_original_lote":8919535,"cd_setor_fiscal":"004","cd_tipo_quadra":"F","tx_tipo_quadra":"FISCAL","cd_quadra_fiscal":"017","cd_subquadra_fiscal":null,"cd_condominio":"00","cd_tipo_lote":"F","tx_tipo_lote":"FISCAL","cd_lote":"0006","cd_situacao":1,"cd_digito_sql":"2","cd_logradouro":"098310","nm_logradouro_completo":"R BR DE JAGUARA","cd_numero_porta":"372","tx_complemento_endereco":null,"tx_situ_lote":"ATIVO","cd_tipo_uso_imovel":"10","dc_tipo_uso_imovel":"Residencial","cd_tipo_terreno_imovel":1,"qt_area_terreno":84,"qt_area_construida":120}}},{"type":"Feature","geometry":{"type":"Polygon","coordinates":[[[-46.617987,-23.410499],[-46.618004,-23.410668],[-46.618005,-23.410681],[-46.618006,-23.410693],[-46.61801,-23.410733],[-46.617953,-23.410748],[-46.617946,-23.410673],[-46.617933,-23.41054],[-46.617929,-23.410501],[-46.617944,-23.410501],[-46.617987,-23.410499]]]},"properties":{"sqlu":"SP-004-167199","inscription":"SP-GEOSAMPA-2167199","inscricaoImobiliaria":"SP-IMO-2167199","setor":"004","quadra":"026","lote":"0018","sourceType":"OFFICIAL_IMPORT","mainAddress":"Setor Fiscal 004","zoneamento":"RESIDENCIAL","statusCadastral":"ATIVO","workflowStatus":"PENDENTE","isOfficial":true,"rawProperties":{"cd_identificador":2167199,"cd_identificador_original_lote":8920521,"cd_setor_fiscal":"004","cd_tipo_quadra":"F","tx_tipo_quadra":"FISCAL","cd_quadra_fiscal":"026","cd_subquadra_fiscal":null,"cd_condominio":"00","cd_tipo_lote":"F","tx_tipo_lote":"FISCAL","cd_lote":"0018","cd_situacao":1,"cd_digito_sql":"5","cd_logradouro":"148806","nm_logradouro_completo":"R ODORICO MENDES","cd_numero_porta":"232","tx_complemento_endereco":"E 236","tx_situ_lote":"ATIVO","cd_tipo_uso_imovel":"12","dc_tipo_uso_imovel":"Residencial","cd_tipo_terreno_imovel":1,"qt_area_terreno":141,"qt_area_construida":120}}},{"type":"Feature","geometry":{"type":"Polygon","coordinates":[[[-46.617697,-23.415443],[-46.617502,-23.41552],[-46.617484,-23.415482],[-46.617683,-23.415408],[-46.617697,-23.415443]]]},"properties":{"sqlu":"SP-004-167308","inscription":"SP-GEOSAMPA-2167308","inscricaoImobiliaria":"SP-IMO-2167308","setor":"004","quadra":"069","lote":"0037","sourceType":"OFFICIAL_IMPORT","mainAddress":"Setor Fiscal 004","zoneamento":"RESIDENCIAL","statusCadastral":"ATIVO","workflowStatus":"PENDENTE","isOfficial":true,"rawProperties":{"cd_identificador":2167308,"cd_identificador_original_lote":8918876,"cd_setor_fiscal":"004","cd_tipo_quadra":"F","tx_tipo_quadra":"FISCAL","cd_quadra_fiscal":"069","cd_subquadra_fiscal":null,"cd_condominio":"00","cd_tipo_lote":"F","tx_tipo_lote":"FISCAL","cd_lote":"0037","cd_situacao":1,"cd_digito_sql":"1","cd_logradouro":"098310","nm_logradouro_completo":"R BR DE JAGUARA","cd_numero_porta":"975","tx_complemento_endereco":null,"tx_situ_lote":"ATIVO","cd_tipo_uso_imovel":"42","dc_tipo_uso_imovel":"Não residencial","cd_tipo_terreno_imovel":1,"qt_area_terreno":126,"qt_area_construida":120}}},{"type":"Feature","geometry":{"type":"Polygon","coordinates":[[[-46.616809,-23.409893],[-46.616749,-23.409895],[-46.616744,-23.40984],[-46.616763,-23.409838],[-46.616806,-23.409836],[-46.616836,-23.409835],[-46.616854,-23.409809],[-46.616837,-23.409624],[-46.616874,-23.409623],[-46.616878,-23.409668],[-46.616892,-23.409834],[-46.616937,-23.409832],[-46.616983,-23.409831],[-46.616987,-23.409886],[-46.616942,-23.409888],[-46.616875,-23.40989],[-46.616809,-23.409893]]]},"properties":{"sqlu":"SP-004-167405","inscription":"SP-GEOSAMPA-2167405","inscricaoImobiliaria":"SP-IMO-2167405","setor":"004","quadra":"017","lote":"0002","sourceType":"OFFICIAL_IMPORT","mainAddress":"Setor Fiscal 004","zoneamento":"RESIDENCIAL","statusCadastral":"ATIVO","workflowStatus":"PENDENTE","isOfficial":true,"rawProperties":{"cd_identificador":2167405,"cd_identificador_original_lote":8918482,"cd_setor_fiscal":"004","cd_tipo_quadra":"F","tx_tipo_quadra":"FISCAL","cd_quadra_fiscal":"017","cd_subquadra_fiscal":null,"cd_condominio":"00","cd_tipo_lote":"V","tx_tipo_lote":"Via de Acesso","cd_lote":"0002","cd_situacao":1,"cd_digito_sql":null,"cd_logradouro":null,"nm_logradouro_completo":null,"cd_numero_porta":null,"tx_complemento_endereco":null,"tx_situ_lote":null,"cd_tipo_uso_imovel":null,"dc_tipo_uso_imovel":null,"cd_tipo_terreno_imovel":null,"qt_area_terreno":null,"qt_area_construida":null}}},{"type":"Feature","geometry":{"type":"Polygon","coordinates":[[[-46.622162,-23.413701],[-46.622358,-23.414223],[-46.622466,-23.414479],[-46.622432,-23.414491],[-46.622336,-23.414231],[-46.622306,-23.414158],[-46.6223,-23.414141],[-46.622289,-23.41411],[-46.622275,-23.414069],[-46.622258,-23.414019],[-46.62224,-23.413967],[-46.622231,-23.413938],[-46.622221,-23.413909],[-46.622179,-23.41382],[-46.622131,-23.413714],[-46.622162,-23.413701]]]},"properties":{"sqlu":"SP-004-167443","inscription":"SP-GEOSAMPA-2167443","inscricaoImobiliaria":"SP-IMO-2167443","setor":"004","quadra":"053","lote":"0001","sourceType":"OFFICIAL_IMPORT","mainAddress":"Setor Fiscal 004","zoneamento":"RESIDENCIAL","statusCadastral":"ATIVO","workflowStatus":"PENDENTE","isOfficial":true,"rawProperties":{"cd_identificador":2167443,"cd_identificador_original_lote":8920679,"cd_setor_fiscal":"004","cd_tipo_quadra":"F","tx_tipo_quadra":"FISCAL","cd_quadra_fiscal":"053","cd_subquadra_fiscal":null,"cd_condominio":"00","cd_tipo_lote":"M","tx_tipo_lote":"MUNICIPAL","cd_lote":"0001","cd_situacao":1,"cd_digito_sql":null,"cd_logradouro":null,"nm_logradouro_completo":null,"cd_numero_porta":null,"tx_complemento_endereco":null,"tx_situ_lote":null,"cd_tipo_uso_imovel":null,"dc_tipo_uso_imovel":null,"cd_tipo_terreno_imovel":null,"qt_area_terreno":null,"qt_area_construida":null}}},{"type":"Feature","geometry":{"type":"Polygon","coordinates":[[[-46.617315,-23.408232],[-46.617257,-23.408236],[-46.617247,-23.408109],[-46.617247,-23.408107],[-46.61724,-23.408026],[-46.617235,-23.407963],[-46.617227,-23.407878],[-46.617287,-23.407875],[-46.617294,-23.407967],[-46.617304,-23.408096],[-46.617305,-23.408104],[-46.617307,-23.40813],[-46.617311,-23.408174],[-46.617311,-23.408181],[-46.617315,-23.408232]]]},"properties":{"sqlu":"SP-004-167312","inscription":"SP-GEOSAMPA-2167312","inscricaoImobiliaria":"SP-IMO-2167312","setor":"004","quadra":"008","lote":"0063","sourceType":"OFFICIAL_IMPORT","mainAddress":"Setor Fiscal 004","zoneamento":"RESIDENCIAL","statusCadastral":"ATIVO","workflowStatus":"PENDENTE","isOfficial":true,"rawProperties":{"cd_identificador":2167312,"cd_identificador_original_lote":8920099,"cd_setor_fiscal":"004","cd_tipo_quadra":"F","tx_tipo_quadra":"FISCAL","cd_quadra_fiscal":"008","cd_subquadra_fiscal":null,"cd_condominio":"00","cd_tipo_lote":"F","tx_tipo_lote":"FISCAL","cd_lote":"0063","cd_situacao":1,"cd_digito_sql":"2","cd_logradouro":"142131","nm_logradouro_completo":"R DA MOOCA","cd_numero_porta":"674","tx_complemento_endereco":"E 678","tx_situ_lote":"ATIVO","cd_tipo_uso_imovel":"42","dc_tipo_uso_imovel":"Não residencial","cd_tipo_terreno_imovel":1,"qt_area_terreno":252,"qt_area_construida":340}}},{"type":"Feature","geometry":{"type":"Polygon","coordinates":[[[-46.620695,-23.408241],[-46.620697,-23.408437],[-46.620763,-23.408437],[-46.620796,-23.408437],[-46.620984,-23.408437],[-46.620969,-23.408548],[-46.620799,-23.408557],[-46.620772,-23.408558],[-46.620576,-23.408568],[-46.620503,-23.408571],[-46.620507,-23.408535],[-46.620525,-23.408341],[-46.620521,-23.40825],[-46.620695,-23.408241]]]},"properties":{"sqlu":"SP-004-167543","inscription":"SP-GEOSAMPA-2167543","inscricaoImobiliaria":"SP-IMO-2167543","setor":"004","quadra":"005","lote":"0458","sourceType":"OFFICIAL_IMPORT","mainAddress":"Setor Fiscal 004","zoneamento":"RESIDENCIAL","statusCadastral":"ATIVO","workflowStatus":"PENDENTE","isOfficial":true,"rawProperties":{"cd_identificador":2167543,"cd_identificador_original_lote":8920268,"cd_setor_fiscal":"004","cd_tipo_quadra":"F","tx_tipo_quadra":"FISCAL","cd_quadra_fiscal":"005","cd_subquadra_fiscal":null,"cd_condominio":"00","cd_tipo_lote":"F","tx_tipo_lote":"FISCAL","cd_lote":"0458","cd_situacao":1,"cd_digito_sql":"8","cd_logradouro":"122386","nm_logradouro_completo":"R LUIS GAMA","cd_numero_porta":"91","tx_complemento_endereco":null,"tx_situ_lote":"ATIVO","cd_tipo_uso_imovel":"50","dc_tipo_uso_imovel":"Não residencial","cd_tipo_terreno_imovel":1,"qt_area_terreno":1213,"qt_area_construida":1362}}},{"type":"Feature","geometry":{"type":"Polygon","coordinates":[[[-46.613414,-23.40849],[-46.613381,-23.408492],[-46.613385,-23.408521],[-46.613363,-23.408523],[-46.613354,-23.408428],[-46.613348,-23.408359],[-46.613342,-23.408296],[-46.613334,-23.408208],[-46.613385,-23.408204],[-46.613414,-23.40849]]]},"properties":{"sqlu":"SP-004-167463","inscription":"SP-GEOSAMPA-2167463","inscricaoImobiliaria":"SP-IMO-2167463","setor":"004","quadra":"009","lote":"0000","sourceType":"OFFICIAL_IMPORT","mainAddress":"Setor Fiscal 004","zoneamento":"RESIDENCIAL","statusCadastral":"ATIVO","workflowStatus":"PENDENTE","isOfficial":true,"rawProperties":{"cd_identificador":2167463,"cd_identificador_original_lote":8919282,"cd_setor_fiscal":"004","cd_tipo_quadra":"F","tx_tipo_quadra":"FISCAL","cd_quadra_fiscal":"009","cd_subquadra_fiscal":null,"cd_condominio":"01","cd_tipo_lote":"F","tx_tipo_lote":"FISCAL","cd_lote":"0000","cd_situacao":1,"cd_digito_sql":null,"cd_logradouro":"142131","nm_logradouro_completo":"R DA MOOCA","cd_numero_porta":"1074 1078","tx_complemento_endereco":null,"tx_situ_lote":null,"cd_tipo_uso_imovel":"XX","dc_tipo_uso_imovel":"Condomínio","cd_tipo_terreno_imovel":99,"qt_area_terreno":237,"qt_area_construida":null}}},{"type":"Feature","geometry":{"type":"Polygon","coordinates":[[[-46.617719,-23.416681],[-46.617737,-23.416715],[-46.61769,-23.416733],[-46.617626,-23.416757],[-46.617546,-23.416788],[-46.617409,-23.416841],[-46.617388,-23.416799],[-46.617493,-23.416762],[-46.617557,-23.41674],[-46.61761,-23.416719],[-46.617674,-23.416697],[-46.617719,-23.416681]]]},"properties":{"sqlu":"SP-004-167750","inscription":"SP-GEOSAMPA-2167750","inscricaoImobiliaria":"SP-IMO-2167750","setor":"004","quadra":"071","lote":"0016","sourceType":"OFFICIAL_IMPORT","mainAddress":"Setor Fiscal 004","zoneamento":"RESIDENCIAL","statusCadastral":"ATIVO","workflowStatus":"PENDENTE","isOfficial":true,"rawProperties":{"cd_identificador":2167750,"cd_identificador_original_lote":8919026,"cd_setor_fiscal":"004","cd_tipo_quadra":"F","tx_tipo_quadra":"FISCAL","cd_quadra_fiscal":"071","cd_subquadra_fiscal":null,"cd_condominio":"00","cd_tipo_lote":"F","tx_tipo_lote":"FISCAL","cd_lote":"0016","cd_situacao":1,"cd_digito_sql":"4","cd_logradouro":"184845","nm_logradouro_completo":"R ESTEFANO","cd_numero_porta":"238","tx_complemento_endereco":null,"tx_situ_lote":"ATIVO","cd_tipo_uso_imovel":"10","dc_tipo_uso_imovel":"Residencial","cd_tipo_terreno_imovel":1,"qt_area_terreno":167,"qt_area_construida":240}}}]}