{"type":"FeatureCollection","features":[{"type":"Feature","geometry":{"type":"Polygon","coordinates":[[[-46.621154,-23.395087],[-46.621157,-23.395088],[-46.621202,-23.395104],[-46.621179,-23.395161],[-46.621148,-23.395238],[-46.621096,-23.395369],[-46.621048,-23.395352],[-46.62114,-23.395121],[-46.621154,-23.395087]]]},"properties":{"sqlu":"SP-002-827871","inscription":"SP-GEOSAMPA-2827871","inscricaoImobiliaria":"SP-IMO-2827871","setor":"002","quadra":"043","lote":"0070","sourceType":"OFFICIAL_IMPORT","mainAddress":"Setor Fiscal 002","zoneamento":"RESIDENCIAL","statusCadastral":"ATIVO","workflowStatus":"PENDENTE","isOfficial":true,"rawProperties":{"cd_identificador":2827871,"cd_identificador_original_lote":9163106,"cd_setor_fiscal":"002","cd_tipo_quadra":"F","tx_tipo_quadra":"FISCAL","cd_quadra_fiscal":"043","cd_subquadra_fiscal":null,"cd_condominio":"00","cd_tipo_lote":"F","tx_tipo_lote":"FISCAL","cd_lote":"0070","cd_situacao":1,"cd_digito_sql":"3","cd_logradouro":"070173","nm_logradouro_completo":"R FERNANDES SILVA","cd_numero_porta":"309","tx_complemento_endereco":null,"tx_situ_lote":"ATIVO","cd_tipo_uso_imovel":"40","dc_tipo_uso_imovel":"Não residencial","cd_tipo_terreno_imovel":1,"qt_area_terreno":169,"qt_area_construida":154}}},{"type":"Feature","geometry":{"type":"Polygon","coordinates":[[[-46.624155,-23.39399],[-46.624146,-23.394015],[-46.624063,-23.394252],[-46.62397,-23.394226],[-46.623966,-23.394225],[-46.624046,-23.393982],[-46.624055,-23.393954],[-46.624155,-23.39399]]]},"properties":{"sqlu":"SP-002-738308","inscription":"SP-GEOSAMPA-2738308","inscricaoImobiliaria":"SP-IMO-2738308","setor":"002","quadra":"017","lote":"0048","sourceType":"OFFICIAL_IMPORT","mainAddress":"Setor Fiscal 002","zoneamento":"RESIDENCIAL","statusCadastral":"ATIVO","workflowStatus":"PENDENTE","isOfficial":true,"rawProperties":{"cd_identificador":2738308,"cd_identificador_original_lote":9163291,"cd_setor_fiscal":"002","cd_tipo_quadra":"F","tx_tipo_quadra":"FISCAL","cd_quadra_fiscal":"017","cd_subquadra_fiscal":null,"cd_condominio":"00","cd_tipo_lote":"F","tx_tipo_lote":"FISCAL","cd_lote":"0048","cd_situacao":1,"cd_digito_sql":"4","cd_logradouro":"138215","nm_logradouro_completo":"R MENDES CALDEIRA","cd_numero_porta":"145","tx_complemento_endereco":"147 E 149","tx_situ_lote":"ATIVO","cd_tipo_uso_imovel":"51","dc_tipo_uso_imovel":"Não residencial","cd_tipo_terreno_imovel":1,"qt_area_terreno":310,"qt_area_construida":900}}},{"type":"Feature","geometry":{"type":"Polygon","coordinates":[[[-46.622667,-23.393456],[-46.622548,-23.393723],[-46.622448,-23.393688],[-46.622568,-23.39342],[-46.622667,-23.393456]]]},"properties":{"sqlu":"SP-002-775558","inscription":"SP-GEOSAMPA-6775558","inscricaoImobiliaria":"SP-IMO-6775558","setor":"002","quadra":"017","lote":"0084","sourceType":"OFFICIAL_IMPORT","mainAddress":"Setor Fiscal 002","zoneamento":"RESIDENCIAL","statusCadastral":"ATIVO","workflowStatus":"PENDENTE","isOfficial":true,"rawProperties":{"cd_identificador":6775558,"cd_identificador_original_lote":10631505,"cd_setor_fiscal":"002","cd_tipo_quadra":"F","tx_tipo_quadra":"FISCAL","cd_quadra_fiscal":"017","cd_subquadra_fiscal":null,"cd_condominio":"00","cd_tipo_lote":"F","tx_tipo_lote":"FISCAL","cd_lote":"0084","cd_situacao":1,"cd_digito_sql":"0","cd_logradouro":"138215","nm_logradouro_completo":"R MENDES CALDEIRA","cd_numero_porta":"299","tx_complemento_endereco":"LT B","tx_situ_lote":"ATIVO","cd_tipo_uso_imovel":"40","dc_tipo_uso_imovel":"Não residencial","cd_tipo_terreno_imovel":1,"qt_area_terreno":343,"qt_area_construida":370}}},{"type":"Feature","geometry":{"type":"Polygon","coordinates":[[[-46.622548,-23.393723],[-46.622667,-23.393456],[-46.622758,-23.393488],[-46.622727,-23.39356],[-46.622701,-23.393619],[-46.622687,-23.393653],[-46.622678,-23.393674],[-46.622664,-23.393706],[-46.622642,-23.393757],[-46.622548,-23.393723]]]},"properties":{"sqlu":"SP-002-775579","inscription":"SP-GEOSAMPA-6775579","inscricaoImobiliaria":"SP-IMO-6775579","setor":"002","quadra":"017","lote":"0083","sourceType":"OFFICIAL_IMPORT","mainAddress":"Setor Fiscal 002","zoneamento":"RESIDENCIAL","statusCadastral":"ATIVO","workflowStatus":"PENDENTE","isOfficial":true,"rawProperties":{"cd_identificador":6775579,"cd_identificador_original_lote":10631504,"cd_setor_fiscal":"002","cd_tipo_quadra":"F","tx_tipo_quadra":"FISCAL","cd_quadra_fiscal":"017","cd_subquadra_fiscal":null,"cd_condominio":"00","cd_tipo_lote":"F","tx_tipo_lote":"FISCAL","cd_lote":"0083","cd_situacao":1,"cd_digito_sql":"2","cd_logradouro":"138215","nm_logradouro_completo":"R MENDES CALDEIRA","cd_numero_porta":"295","tx_complemento_endereco":"LT A","tx_situ_lote":"ATIVO","cd_tipo_uso_imovel":"40","dc_tipo_uso_imovel":"Não residencial","cd_tipo_terreno_imovel":1,"qt_area_terreno":343,"qt_area_construida":370}}},{"type":"Feature","geometry":{"type":"Polygon","coordinates":[[[-46.622795,-23.394759],[-46.622839,-23.394774],[-46.622857,-23.39478],[-46.622812,-23.39491],[-46.622737,-23.395121],[-46.622678,-23.395101],[-46.622702,-23.395029],[-46.622795,-23.394759]]]},"properties":{"sqlu":"SP-002-828243","inscription":"SP-GEOSAMPA-2828243","inscricaoImobiliaria":"SP-IMO-2828243","setor":"002","quadra":"039","lote":"0092","sourceType":"OFFICIAL_IMPORT","mainAddress":"Setor Fiscal 002","zoneamento":"RESIDENCIAL","statusCadastral":"ATIVO","workflowStatus":"PENDENTE","isOfficial":true,"rawProperties":{"cd_identificador":2828243,"cd_identificador_original_lote":9163080,"cd_setor_fiscal":"002","cd_tipo_quadra":"F","tx_tipo_quadra":"FISCAL","cd_quadra_fiscal":"039","cd_subquadra_fiscal":null,"cd_condominio":"00","cd_tipo_lote":"F","tx_tipo_lote":"FISCAL","cd_lote":"0092","cd_situacao":1,"cd_digito_sql":"8","cd_logradouro":"031984","nm_logradouro_completo":"R BENJAMIM DE OLIVEIRA","cd_numero_porta":"293","tx_complemento_endereco":"E 297","tx_situ_lote":"ATIVO","cd_tipo_uso_imovel":"42","dc_tipo_uso_imovel":"Não residencial","cd_tipo_terreno_imovel":1,"qt_area_terreno":280,"qt_area_construida":300}}},{"type":"Feature","geometry":{"type":"Polygon","coordinates":[[[-46.620698,-23.400032],[-46.620734,-23.399965],[-46.620861,-23.399729],[-46.620906,-23.399743],[-46.620935,-23.399752],[-46.620765,-23.400063],[-46.620698,-23.400032]]]},"properties":{"sqlu":"SP-002-828270","inscription":"SP-GEOSAMPA-2828270","inscricaoImobiliaria":"SP-IMO-2828270","setor":"002","quadra":"081","lote":"0020","sourceType":"OFFICIAL_IMPORT","mainAddress":"Setor Fiscal 002","zoneamento":"RESIDENCIAL","statusCadastral":"ATIVO","workflowStatus":"PENDENTE","isOfficial":true,"rawProperties":{"cd_identificador":2828270,"cd_identificador_original_lote":9163881,"cd_setor_fiscal":"002","cd_tipo_quadra":"F","tx_tipo_quadra":"FISCAL","cd_quadra_fiscal":"081","cd_subquadra_fiscal":null,"cd_condominio":"00","cd_tipo_lote":"F","tx_tipo_lote":"FISCAL","cd_lote":"0020","cd_situacao":1,"cd_digito_sql":"2","cd_logradouro":"168700","nm_logradouro_completo":"AV RANGEL PESTANA","cd_numero_porta":"1271","tx_complemento_endereco":null,"tx_situ_lote":"ATIVO","cd_tipo_uso_imovel":"91","dc_tipo_uso_imovel":null,"cd_tipo_terreno_imovel":1,"qt_area_terreno":270,"qt_area_construida":596}}},{"type":"Feature","geometry":{"type":"Polygon","coordinates":[[[-46.625603,-23.395279],[-46.625628,-23.395198],[-46.625664,-23.395208],[-46.625639,-23.395289],[-46.625603,-23.395279]]]},"properties":{"sqlu":"SP-002-828271","inscription":"SP-GEOSAMPA-2828271","inscricaoImobiliaria":"SP-IMO-2828271","setor":"002","quadra":"029","lote":"0042","sourceType":"OFFICIAL_IMPORT","mainAddress":"Setor Fiscal 002","zoneamento":"RESIDENCIAL","statusCadastral":"ATIVO","workflowStatus":"PENDENTE","isOfficial":true,"rawProperties":{"cd_identificador":2828271,"cd_identificador_original_lote":9163993,"cd_setor_fiscal":"002","cd_tipo_quadra":"F","tx_tipo_quadra":"FISCAL","cd_quadra_fiscal":"029","cd_subquadra_fiscal":null,"cd_condominio":"00","cd_tipo_lote":"F","tx_tipo_lote":"FISCAL","cd_lote":"0042","cd_situacao":1,"cd_digito_sql":"8","cd_logradouro":"010847","nm_logradouro_completo":"R PROF EURIPEDES SIMOES DE PAULA","cd_numero_porta":"131","tx_complemento_endereco":null,"tx_situ_lote":"ATIVO","cd_tipo_uso_imovel":"40","dc_tipo_uso_imovel":"Não residencial","cd_tipo_terreno_imovel":1,"qt_area_terreno":32,"qt_area_construida":32}}},{"type":"Feature","geometry":{"type":"Polygon","coordinates":[[[-46.622758,-23.393488],[-46.622906,-23.393541],[-46.622881,-23.393599],[-46.622874,-23.393615],[-46.622849,-23.393673],[-46.622846,-23.393679],[-46.622834,-23.393706],[-46.622824,-23.393728],[-46.622822,-23.393734],[-46.622809,-23.393762],[-46.622789,-23.39381],[-46.622642,-23.393757],[-46.622664,-23.393706],[-46.622678,-23.393674],[-46.622687,-23.393653],[-46.622701,-23.393619],[-46.622727,-23.39356],[-46.622758,-23.393488]]]},"properties":{"sqlu":"SP-002-827856","inscription":"SP-GEOSAMPA-2827856","inscricaoImobiliaria":"SP-IMO-2827856","setor":"002","quadra":"017","lote":"0032","sourceType":"OFFICIAL_IMPORT","mainAddress":"Setor Fiscal 002","zoneamento":"RESIDENCIAL","statusCadastral":"ATIVO","workflowStatus":"PENDENTE","isOfficial":true,"rawProperties":{"cd_identificador":2827856,"cd_identificador_original_lote":9163130,"cd_setor_fiscal":"002","cd_tipo_quadra":"F","tx_tipo_quadra":"FISCAL","cd_quadra_fiscal":"017","cd_subquadra_fiscal":null,"cd_condominio":"00","cd_tipo_lote":"F","tx_tipo_lote":"FISCAL","cd_lote":"0032","cd_situacao":1,"cd_digito_sql":"8","cd_logradouro":"138215","nm_logradouro_completo":"R MENDES CALDEIRA","cd_numero_porta":"281","tx_complemento_endereco":"285 E 289","tx_situ_lote":"ATIVO","cd_tipo_uso_imovel":"22","dc_tipo_uso_imovel":"Residencial","cd_tipo_terreno_imovel":1,"qt_area_terreno":523,"qt_area_construida":1094}}},{"type":"Feature","geometry":{"type":"Polygon","coordinates":[[[-46.619796,-23.398997],[-46.619724,-23.398951],[-46.619748,-23.39892],[-46.619818,-23.398965],[-46.619796,-23.398997]]]},"properties":{"sqlu":"SP-002-827858","inscription":"SP-GEOSAMPA-2827858","inscricaoImobiliaria":"SP-IMO-2827858","setor":"002","quadra":"083","lote":"0011","sourceType":"OFFICIAL_IMPORT","mainAddress":"Setor Fiscal 002","zoneamento":"RESIDENCIAL","statusCadastral":"ATIVO","workflowStatus":"PENDENTE","isOfficial":true,"rawProperties":{"cd_identificador":2827858,"cd_identificador_original_lote":9163858,"cd_setor_fiscal":"002","cd_tipo_quadra":"F","tx_tipo_quadra":"FISCAL","cd_quadra_fiscal":"083","cd_subquadra_fiscal":null,"cd_condominio":"00","cd_tipo_lote":"F","tx_tipo_lote":"FISCAL","cd_lote":"0011","cd_situacao":1,"cd_digito_sql":"2","cd_logradouro":"098736","nm_logradouro_completo":"R JAIRO GOIS","cd_numero_porta":"76","tx_complemento_endereco":null,"tx_situ_lote":"ATIVO","cd_tipo_uso_imovel":"40","dc_tipo_uso_imovel":"Não residencial","cd_tipo_terreno_imovel":1,"qt_area_terreno":38,"qt_area_construida":60}}},{"type":"Feature","geometry":{"type":"Polygon","coordinates":[[[-46.619071,-23.396132],[-46.619061,-23.396126],[-46.619027,-23.396104],[-46.619143,-23.395954],[-46.619161,-23.395966],[-46.619187,-23.395982],[-46.619143,-23.396038],[-46.619092,-23.396105],[-46.619071,-23.396132]]]},"properties":{"sqlu":"SP-002-758374","inscription":"SP-GEOSAMPA-2758374","inscricaoImobiliaria":"SP-IMO-2758374","setor":"002","quadra":"048","lote":"0010","sourceType":"OFFICIAL_IMPORT","mainAddress":"Setor Fiscal 002","zoneamento":"RESIDENCIAL","statusCadastral":"ATIVO","workflowStatus":"PENDENTE","isOfficial":true,"rawProperties":{"cd_identificador":2758374,"cd_identificador_original_lote":9162858,"cd_setor_fiscal":"002","cd_tipo_quadra":"F","tx_tipo_quadra":"FISCAL","cd_quadra_fiscal":"048","cd_subquadra_fiscal":null,"cd_condominio":"00","cd_tipo_lote":"F","tx_tipo_lote":"FISCAL","cd_lote":"0010","cd_situacao":1,"cd_digito_sql":"2","cd_logradouro":"177067","nm_logradouro_completo":"R SAMPAIO MOREIRA","cd_numero_porta":"151","tx_complemento_endereco":null,"tx_situ_lote":"ATIVO","cd_tipo_uso_imovel":"12","dc_tipo_uso_imovel":"Residencial","cd_tipo_terreno_imovel":1,"qt_area_terreno":107,"qt_area_construida":120}}},{"type":"Feature","geometry":{"type":"Polygon","coordinates":[[[-46.623073,-23.400735],[-46.623028,-23.400716],[-46.622998,-23.400703],[-46.623028,-23.400642],[-46.623102,-23.400674],[-46.623073,-23.400735]]]},"properties":{"sqlu":"SP-002-757779","inscription":"SP-GEOSAMPA-2757779","inscricaoImobiliaria":"SP-IMO-2757779","setor":"002","quadra":"080","lote":"0081","sourceType":"OFFICIAL_IMPORT","mainAddress":"Setor Fiscal 002","zoneamento":"RESIDENCIAL","statusCadastral":"ATIVO","workflowStatus":"PENDENTE","isOfficial":true,"rawProperties":{"cd_identificador":2757779,"cd_identificador_original_lote":9164206,"cd_setor_fiscal":"002","cd_tipo_quadra":"F","tx_tipo_quadra":"FISCAL","cd_quadra_fiscal":"080","cd_subquadra_fiscal":null,"cd_condominio":"00","cd_tipo_lote":"F","tx_tipo_lote":"FISCAL","cd_lote":"0081","cd_situacao":1,"cd_digito_sql":"1","cd_logradouro":"168700","nm_logradouro_completo":"AV RANGEL PESTANA","cd_numero_porta":"1035","tx_complemento_endereco":"CS 3","tx_situ_lote":"ATIVO","cd_tipo_uso_imovel":"10","dc_tipo_uso_imovel":"Residencial","cd_tipo_terreno_imovel":4,"qt_area_terreno":62,"qt_area_construida":100}}},{"type":"Feature","geometry":{"type":"Polygon","coordinates":[[[-46.622237,-23.400354],[-46.622187,-23.400462],[-46.622089,-23.400674],[-46.621993,-23.40063],[-46.621879,-23.400577],[-46.621952,-23.400353],[-46.622036,-23.400095],[-46.622315,-23.400182],[-46.622237,-23.400354]]]},"properties":{"sqlu":"SP-002-772086","inscription":"SP-GEOSAMPA-6772086","inscricaoImobiliaria":"SP-IMO-6772086","setor":"002","quadra":"080","lote":"0000","sourceType":"OFFICIAL_IMPORT","mainAddress":"Setor Fiscal 002","zoneamento":"RESIDENCIAL","statusCadastral":"ATIVO","workflowStatus":"PENDENTE","isOfficial":true,"rawProperties":{"cd_identificador":6772086,"cd_identificador_original_lote":10627168,"cd_setor_fiscal":"002","cd_tipo_quadra":"F","tx_tipo_quadra":"FISCAL","cd_quadra_fiscal":"080","cd_subquadra_fiscal":null,"cd_condominio":"05","cd_tipo_lote":"F","tx_tipo_lote":"FISCAL","cd_lote":"0000","cd_situacao":1,"cd_digito_sql":null,"cd_logradouro":"168700","nm_logradouro_completo":"AV RANGEL PESTANA","cd_numero_porta":"1119","tx_complemento_endereco":null,"tx_situ_lote":null,"cd_tipo_uso_imovel":"XX","dc_tipo_uso_imovel":"Condomínio","cd_tipo_terreno_imovel":99,"qt_area_terreno":1679,"qt_area_construida":null}}},{"type":"Feature","geometry":{"type":"Polygon","coordinates":[[[-46.621689,-23.400099],[-46.621876,-23.400161],[-46.621858,-23.400215],[-46.621671,-23.400148],[-46.621689,-23.400099]]]},"properties":{"sqlu":"SP-002-727960","inscription":"SP-GEOSAMPA-2727960","inscricaoImobiliaria":"SP-IMO-2727960","setor":"002","quadra":"081","lote":"0047","sourceType":"OFFICIAL_IMPORT","mainAddress":"Setor Fiscal 002","zoneamento":"RESIDENCIAL","statusCadastral":"ATIVO","workflowStatus":"PENDENTE","isOfficial":true,"rawProperties":{"cd_identificador":2727960,"cd_identificador_original_lote":9163737,"cd_setor_fiscal":"002","cd_tipo_quadra":"F","tx_tipo_quadra":"FISCAL","cd_quadra_fiscal":"081","cd_subquadra_fiscal":null,"cd_condominio":"00","cd_tipo_lote":"F","tx_tipo_lote":"FISCAL","cd_lote":"0047","cd_situacao":1,"cd_digito_sql":"4","cd_logradouro":"012106","nm_logradouro_completo":"R MONS ANACLETO","cd_numero_porta":"54","tx_complemento_endereco":"E 56","tx_situ_lote":"ATIVO","cd_tipo_uso_imovel":"42","dc_tipo_uso_imovel":"Não residencial","cd_tipo_terreno_imovel":1,"qt_area_terreno":210,"qt_area_construida":250}}},{"type":"Feature","geometry":{"type":"Polygon","coordinates":[[[-46.619236,-23.398282],[-46.619266,-23.39824],[-46.619269,-23.398227],[-46.619274,-23.398206],[-46.619362,-23.398256],[-46.61961,-23.398397],[-46.619558,-23.398472],[-46.619476,-23.398424],[-46.619451,-23.398409],[-46.619368,-23.39836],[-46.619355,-23.398352],[-46.619253,-23.398292],[-46.619246,-23.398288],[-46.619236,-23.398282]]]},"properties":{"sqlu":"SP-002-727963","inscription":"SP-GEOSAMPA-2727963","inscricaoImobiliaria":"SP-IMO-2727963","setor":"002","quadra":"084","lote":"0037","sourceType":"OFFICIAL_IMPORT","mainAddress":"Setor Fiscal 002","zoneamento":"RESIDENCIAL","statusCadastral":"ATIVO","workflowStatus":"PENDENTE","isOfficial":true,"rawProperties":{"cd_identificador":2727963,"cd_identificador_original_lote":9162751,"cd_setor_fiscal":"002","cd_tipo_quadra":"F","tx_tipo_quadra":"FISCAL","cd_quadra_fiscal":"084","cd_subquadra_fiscal":null,"cd_condominio":"00","cd_tipo_lote":"F","tx_tipo_lote":"FISCAL","cd_lote":"0037","cd_situacao":1,"cd_digito_sql":"0","cd_logradouro":"012769","nm_logradouro_completo":"R MONS ANDRADE","cd_numero_porta":"118","tx_complemento_endereco":"E 120","tx_situ_lote":"ATIVO","cd_tipo_uso_imovel":"43","dc_tipo_uso_imovel":"Não residencial","cd_tipo_terreno_imovel":1,"qt_area_terreno":380,"qt_area_construida":710}}},{"type":"Feature","geometry":{"type":"Polygon","coordinates":[[[-46.619236,-23.398282],[-46.619175,-23.398371],[-46.619143,-23.398352],[-46.619116,-23.398335],[-46.619037,-23.398287],[-46.619026,-23.39828],[-46.619,-23.398265],[-46.618856,-23.398177],[-46.618996,-23.397977],[-46.619032,-23.397966],[-46.619198,-23.39801],[-46.619205,-23.398001],[-46.619238,-23.398021],[-46.619311,-23.398041],[-46.619275,-23.398199],[-46.619274,-23.398206],[-46.619269,-23.398227],[-46.619266,-23.39824],[-46.619236,-23.398282]]]},"properties":{"sqlu":"SP-002-727964","inscription":"SP-GEOSAMPA-2727964","inscricaoImobiliaria":"SP-IMO-2727964","setor":"002","quadra":"084","lote":"0196","sourceType":"OFFICIAL_IMPORT","mainAddress":"Setor Fiscal 002","zoneamento":"RESIDENCIAL","statusCadastral":"ATIVO","workflowStatus":"PENDENTE","isOfficial":true,"rawProperties":{"cd_identificador":2727964,"cd_identificador_original_lote":9162522,"cd_setor_fiscal":"002","cd_tipo_quadra":"F","tx_tipo_quadra":"FISCAL","cd_quadra_fiscal":"084","cd_subquadra_fiscal":null,"cd_condominio":"00","cd_tipo_lote":"F","tx_tipo_lote":"FISCAL","cd_lote":"0196","cd_situacao":1,"cd_digito_sql":"2","cd_logradouro":"077860","nm_logradouro_completo":"R DO GASOMETRO","cd_numero_porta":"568","tx_complemento_endereco":"570","tx_situ_lote":"ATIVO","cd_tipo_uso_imovel":"61","dc_tipo_uso_imovel":"Não residencial","cd_tipo_terreno_imovel":2,"qt_area_terreno":1163,"qt_area_construida":686}}},{"type":"Feature","geometry":{"type":"Polygon","coordinates":[[[-46.623006,-23.399727],[-46.623259,-23.399267],[-46.623298,-23.399264],[-46.623351,-23.399261],[-46.623362,-23.39926],[-46.623085,-23.399764],[-46.623006,-23.399727]]]},"properties":{"sqlu":"SP-002-728183","inscription":"SP-GEOSAMPA-2728183","inscricaoImobiliaria":"SP-IMO-2728183","setor":"002","quadra":"076","lote":"0042","sourceType":"OFFICIAL_IMPORT","mainAddress":"Setor Fiscal 002","zoneamento":"RESIDENCIAL","statusCadastral":"ATIVO","workflowStatus":"PENDENTE","isOfficial":true,"rawProperties":{"cd_identificador":2728183,"cd_identificador_original_lote":9163963,"cd_setor_fiscal":"002","cd_tipo_quadra":"F","tx_tipo_quadra":"FISCAL","cd_quadra_fiscal":"076","cd_subquadra_fiscal":null,"cd_condominio":"00","cd_tipo_lote":"F","tx_tipo_lote":"FISCAL","cd_lote":"0042","cd_situacao":1,"cd_digito_sql":"2","cd_logradouro":"132268","nm_logradouro_completo":"R MARIA DOMITILA","cd_numero_porta":"219","tx_complemento_endereco":"E 221","tx_situ_lote":"ATIVO","cd_tipo_uso_imovel":"51","dc_tipo_uso_imovel":"Não residencial","cd_tipo_terreno_imovel":1,"qt_area_terreno":522,"qt_area_construida":400}}},{"type":"Feature","geometry":{"type":"Polygon","coordinates":[[[-46.619858,-23.397722],[-46.61995,-23.39775],[-46.61991,-23.3979],[-46.619894,-23.397912],[-46.619816,-23.397894],[-46.61983,-23.397834],[-46.619844,-23.397777],[-46.619858,-23.397722]]]},"properties":{"sqlu":"SP-002-728397","inscription":"SP-GEOSAMPA-2728397","inscricaoImobiliaria":"SP-IMO-2728397","setor":"002","quadra":"057","lote":"0087","sourceType":"OFFICIAL_IMPORT","mainAddress":"Setor Fiscal 002","zoneamento":"RESIDENCIAL","statusCadastral":"ATIVO","workflowStatus":"PENDENTE","isOfficial":true,"rawProperties":{"cd_identificador":2728397,"cd_identificador_original_lote":9163476,"cd_setor_fiscal":"002","cd_tipo_quadra":"F","tx_tipo_quadra":"FISCAL","cd_quadra_fiscal":"057","cd_subquadra_fiscal":null,"cd_condominio":"00","cd_tipo_lote":"F","tx_tipo_lote":"FISCAL","cd_lote":"0087","cd_situacao":1,"cd_digito_sql":"1","cd_logradouro":"012769","nm_logradouro_completo":"R MONS ANDRADE","cd_numero_porta":"194","tx_complemento_endereco":"-200-204 E 210","tx_situ_lote":"ATIVO","cd_tipo_uso_imovel":"22","dc_tipo_uso_imovel":"Residencial","cd_tipo_terreno_imovel":2,"qt_area_terreno":190,"qt_area_construida":573}}},{"type":"Feature","geometry":{"type":"Polygon","coordinates":[[[-46.623454,-23.388949],[-46.623506,-23.388938],[-46.623577,-23.388925],[-46.623598,-23.389014],[-46.623421,-23.38905],[-46.623409,-23.389007],[-46.6234,-23.38896],[-46.623454,-23.388949]]]},"properties":{"sqlu":"SP-002-728335","inscription":"SP-GEOSAMPA-2728335","inscricaoImobiliaria":"SP-IMO-2728335","setor":"002","quadra":"003","lote":"0044","sourceType":"OFFICIAL_IMPORT","mainAddress":"Setor Fiscal 002","zoneamento":"RESIDENCIAL","statusCadastral":"ATIVO","workflowStatus":"PENDENTE","isOfficial":true,"rawProperties":{"cd_identificador":2728335,"cd_identificador_original_lote":9162302,"cd_setor_fiscal":"002","cd_tipo_quadra":"F","tx_tipo_quadra":"FISCAL","cd_quadra_fiscal":"003","cd_subquadra_fiscal":null,"cd_condominio":"00","cd_tipo_lote":"F","tx_tipo_lote":"FISCAL","cd_lote":"0044","cd_situacao":1,"cd_digito_sql":"1","cd_logradouro":"066427","nm_logradouro_completo":"AV DO ESTADO","cd_numero_porta":"2267","tx_complemento_endereco":null,"tx_situ_lote":"ATIVO","cd_tipo_uso_imovel":"60","dc_tipo_uso_imovel":"Não residencial","cd_tipo_terreno_imovel":1,"qt_area_terreno":209,"qt_area_construida":137}}},{"type":"Feature","geometry":{"type":"Polygon","coordinates":[[[-46.628015,-23.397182],[-46.628047,-23.39718],[-46.62808,-23.397179],[-46.628081,-23.397219],[-46.628075,-23.397215],[-46.627966,-23.397297],[-46.627925,-23.397252],[-46.627999,-23.397194],[-46.628015,-23.397182]]]},"properties":{"sqlu":"SP-002-728308","inscription":"SP-GEOSAMPA-2728308","inscricaoImobiliaria":"SP-IMO-2728308","setor":"002","quadra":"032","lote":"0021","sourceType":"OFFICIAL_IMPORT","mainAddress":"Setor Fiscal 002","zoneamento":"RESIDENCIAL","statusCadastral":"ATIVO","workflowStatus":"PENDENTE","isOfficial":true,"rawProperties":{"cd_identificador":2728308,"cd_identificador_original_lote":9162632,"cd_setor_fiscal":"002","cd_tipo_quadra":"F","tx_tipo_quadra":"FISCAL","cd_quadra_fiscal":"032","cd_subquadra_fiscal":null,"cd_condominio":"00","cd_tipo_lote":"F","tx_tipo_lote":"FISCAL","cd_lote":"0021","cd_situacao":1,"cd_digito_sql":"7","cd_logradouro":"159840","nm_logradouro_completo":"PQ DOM PEDRO II","cd_numero_porta":"46","tx_complemento_endereco":"E 48","tx_situ_lote":"ATIVO","cd_tipo_uso_imovel":"42","dc_tipo_uso_imovel":"Não residencial","cd_tipo_terreno_imovel":1,"qt_area_terreno":120,"qt_area_construida":300}}},{"type":"Feature","geometry":{"type":"Polygon","coordinates":[[[-46.623287,-23.400736],[-46.623333,-23.400758],[-46.623305,-23.400814],[-46.623132,-23.401162],[-46.623081,-23.401138],[-46.623257,-23.400796],[-46.623265,-23.40078],[-46.623287,-23.400736]]]},"properties":{"sqlu":"SP-002-728630","inscription":"SP-GEOSAMPA-2728630","inscricaoImobiliaria":"SP-IMO-2728630","setor":"002","quadra":"080","lote":"0088","sourceType":"OFFICIAL_IMPORT","mainAddress":"Setor Fiscal 002","zoneamento":"RESIDENCIAL","statusCadastral":"ATIVO","workflowStatus":"PENDENTE","isOfficial":true,"rawProperties":{"cd_identificador":2728630,"cd_identificador_original_lote":9164087,"cd_setor_fiscal":"002","cd_tipo_quadra":"F","tx_tipo_quadra":"FISCAL","cd_quadra_fiscal":"080","cd_subquadra_fiscal":null,"cd_condominio":"00","cd_tipo_lote":"F","tx_tipo_lote":"FISCAL","cd_lote":"0088","cd_situacao":1,"cd_digito_sql":"7","cd_logradouro":"168700","nm_logradouro_completo":"AV RANGEL PESTANA","cd_numero_porta":"999","tx_complemento_endereco":null,"tx_situ_lote":"ATIVO","cd_tipo_uso_imovel":"40","dc_tipo_uso_imovel":"Não residencial","cd_tipo_terreno_imovel":1,"qt_area_terreno":254,"qt_area_construida":200}}},{"type":"Feature","geometry":{"type":"Polygon","coordinates":[[[-46.618502,-23.396327],[-46.618461,-23.396301],[-46.618657,-23.396044],[-46.618699,-23.396071],[-46.618617,-23.396178],[-46.618578,-23.396229],[-46.618502,-23.396327]]]},"properties":{"sqlu":"SP-002-732446","inscription":"SP-GEOSAMPA-2732446","inscricaoImobiliaria":"SP-IMO-2732446","setor":"002","quadra":"058","lote":"0064","sourceType":"OFFICIAL_IMPORT","mainAddress":"Setor Fiscal 002","zoneamento":"RESIDENCIAL","statusCadastral":"ATIVO","workflowStatus":"PENDENTE","isOfficial":true,"rawProperties":{"cd_identificador":2732446,"cd_identificador_original_lote":9162536,"cd_setor_fiscal":"002","cd_tipo_quadra":"F","tx_tipo_quadra":"FISCAL","cd_quadra_fiscal":"058","cd_subquadra_fiscal":null,"cd_condominio":"00","cd_tipo_lote":"F","tx_tipo_lote":"FISCAL","cd_lote":"0064","cd_situacao":1,"cd_digito_sql":"5","cd_logradouro":"177067","nm_logradouro_completo":"R SAMPAIO MOREIRA","cd_numero_porta":"186","tx_complemento_endereco":null,"tx_situ_lote":"ATIVO","cd_tipo_uso_imovel":"40","dc_tipo_uso_imovel":"Não residencial","cd_tipo_terreno_imovel":1,"qt_area_terreno":175,"qt_area_construida":131}}},{"type":"Feature","geometry":{"type":"Polygon","coordinates":[[[-46.622882,-23.388823],[-46.622926,-23.388812],[-46.622947,-23.388999],[-46.622949,-23.389015],[-46.62292,-23.389021],[-46.622903,-23.389025],[-46.622899,-23.388982],[-46.622896,-23.38896],[-46.622894,-23.388939],[-46.622891,-23.388907],[-46.62289,-23.388897],[-46.622882,-23.388823]]]},"properties":{"sqlu":"SP-002-728501","inscription":"SP-GEOSAMPA-2728501","inscricaoImobiliaria":"SP-IMO-2728501","setor":"002","quadra":"004","lote":"0000","sourceType":"OFFICIAL_IMPORT","mainAddress":"Setor Fiscal 002","zoneamento":"RESIDENCIAL","statusCadastral":"ATIVO","workflowStatus":"PENDENTE","isOfficial":true,"rawProperties":{"cd_identificador":2728501,"cd_identificador_original_lote":9162318,"cd_setor_fiscal":"002","cd_tipo_quadra":"F","tx_tipo_quadra":"FISCAL","cd_quadra_fiscal":"004","cd_subquadra_fiscal":null,"cd_condominio":"03","cd_tipo_lote":"F","tx_tipo_lote":"FISCAL","cd_lote":"0000","cd_situacao":1,"cd_digito_sql":null,"cd_logradouro":"104850","nm_logradouro_completo":"R JOAO TEODORO","cd_numero_porta":"854 856","tx_complemento_endereco":null,"tx_situ_lote":null,"cd_tipo_uso_imovel":"XX","dc_tipo_uso_imovel":"Condomínio","cd_tipo_terreno_imovel":99,"qt_area_terreno":115,"qt_area_construida":null}}},{"type":"Feature","geometry":{"type":"Polygon","coordinates":[[[-46.621512,-23.389164],[-46.621596,-23.389143],[-46.621618,-23.389275],[-46.621621,-23.389292],[-46.621629,-23.389337],[-46.621635,-23.389375],[-46.621652,-23.389474],[-46.621656,-23.389498],[-46.621659,-23.389518],[-46.621565,-23.38951],[-46.621554,-23.389404],[-46.62155,-23.389373],[-46.62153,-23.389226],[-46.621512,-23.389164]]]},"properties":{"sqlu":"SP-002-728511","inscription":"SP-GEOSAMPA-2728511","inscricaoImobiliaria":"SP-IMO-2728511","setor":"002","quadra":"004","lote":"0130","sourceType":"OFFICIAL_IMPORT","mainAddress":"Setor Fiscal 002","zoneamento":"RESIDENCIAL","statusCadastral":"ATIVO","workflowStatus":"PENDENTE","isOfficial":true,"rawProperties":{"cd_identificador":2728511,"cd_identificador_original_lote":9162441,"cd_setor_fiscal":"002","cd_tipo_quadra":"F","tx_tipo_quadra":"FISCAL","cd_quadra_fiscal":"004","cd_subquadra_fiscal":null,"cd_condominio":"00","cd_tipo_lote":"F","tx_tipo_lote":"FISCAL","cd_lote":"0130","cd_situacao":1,"cd_digito_sql":"0","cd_logradouro":"104850","nm_logradouro_completo":"R JOAO TEODORO","cd_numero_porta":"996","tx_complemento_endereco":"998 E 1002","tx_situ_lote":"ATIVO","cd_tipo_uso_imovel":"64","dc_tipo_uso_imovel":"Não residencial","cd_tipo_terreno_imovel":1,"qt_area_terreno":370,"qt_area_construida":450}}},{"type":"Feature","geometry":{"type":"Polygon","coordinates":[[[-46.63192,-23.403014],[-46.631873,-23.403139],[-46.631755,-23.403103],[-46.631772,-23.403057],[-46.631784,-23.40306],[-46.631799,-23.403015],[-46.631772,-23.403006],[-46.631789,-23.402963],[-46.631792,-23.402964],[-46.631828,-23.402978],[-46.631886,-23.403001],[-46.63192,-23.403014]]]},"properties":{"sqlu":"SP-002-728417","inscription":"SP-GEOSAMPA-2728417","inscricaoImobiliaria":"SP-IMO-2728417","setor":"002","quadra":"061","lote":"0005","sourceType":"OFFICIAL_IMPORT","mainAddress":"Setor Fiscal 002","zoneamento":"RESIDENCIAL","statusCadastral":"ATIVO","workflowStatus":"PENDENTE","isOfficial":true,"rawProperties":{"cd_identificador":2728417,"cd_identificador_original_lote":9162545,"cd_setor_fiscal":"002","cd_tipo_quadra":"F","tx_tipo_quadra":"FISCAL","cd_quadra_fiscal":"061","cd_subquadra_fiscal":null,"cd_condominio":"00","cd_tipo_lote":"F","tx_tipo_lote":"FISCAL","cd_lote":"0005","cd_situacao":1,"cd_digito_sql":"1","cd_logradouro":"175455","nm_logradouro_completo":"PC DA SE","cd_numero_porta":"43","tx_complemento_endereco":"47 E 51","tx_situ_lote":"ATIVO","cd_tipo_uso_imovel":"43","dc_tipo_uso_imovel":"Não residencial","cd_tipo_terreno_imovel":1,"qt_area_terreno":206,"qt_area_construida":2200}}},{"type":"Feature","geometry":{"type":"Polygon","coordinates":[[[-46.623672,-23.394127],[-46.623557,-23.394086],[-46.623636,-23.393872],[-46.623647,-23.393842],[-46.623659,-23.393811],[-46.62377,-23.393851],[-46.623749,-23.39391],[-46.623733,-23.393957],[-46.623672,-23.394127]]]},"properties":{"sqlu":"SP-002-728707","inscription":"SP-GEOSAMPA-2728707","inscricaoImobiliaria":"SP-IMO-2728707","setor":"002","quadra":"017","lote":"0025","sourceType":"OFFICIAL_IMPORT","mainAddress":"Setor Fiscal 002","zoneamento":"RESIDENCIAL","statusCadastral":"ATIVO","workflowStatus":"PENDENTE","isOfficial":true,"rawProperties":{"cd_identificador":2728707,"cd_identificador_original_lote":9163138,"cd_setor_fiscal":"002","cd_tipo_quadra":"F","tx_tipo_quadra":"FISCAL","cd_quadra_fiscal":"017","cd_subquadra_fiscal":null,"cd_condominio":"00","cd_tipo_lote":"F","tx_tipo_lote":"FISCAL","cd_lote":"0025","cd_situacao":1,"cd_digito_sql":"5","cd_logradouro":"138215","nm_logradouro_completo":"R MENDES CALDEIRA","cd_numero_porta":"195","tx_complemento_endereco":"E 205","tx_situ_lote":"ATIVO","cd_tipo_uso_imovel":"43","dc_tipo_uso_imovel":"Não residencial","cd_tipo_terreno_imovel":1,"qt_area_terreno":403,"qt_area_construida":872}}},{"type":"Feature","geometry":{"type":"Polygon","coordinates":[[[-46.624315,-23.38928],[-46.624297,-23.38924],[-46.624402,-23.389205],[-46.624407,-23.389217],[-46.624419,-23.389245],[-46.624315,-23.38928]]]},"properties":{"sqlu":"SP-002-728683","inscription":"SP-GEOSAMPA-2728683","inscricaoImobiliaria":"SP-IMO-2728683","setor":"002","quadra":"002","lote":"0040","sourceType":"OFFICIAL_IMPORT","mainAddress":"Setor Fiscal 002","zoneamento":"RESIDENCIAL","statusCadastral":"ATIVO","workflowStatus":"PENDENTE","isOfficial":true,"rawProperties":{"cd_identificador":2728683,"cd_identificador_original_lote":9162368,"cd_setor_fiscal":"002","cd_tipo_quadra":"F","tx_tipo_quadra":"FISCAL","cd_quadra_fiscal":"002","cd_subquadra_fiscal":null,"cd_condominio":"00","cd_tipo_lote":"F","tx_tipo_lote":"FISCAL","cd_lote":"0040","cd_situacao":1,"cd_digito_sql":"2","cd_logradouro":"066427","nm_logradouro_completo":"AV DO ESTADO","cd_numero_porta":"2320","tx_complemento_endereco":null,"tx_situ_lote":"ATIVO","cd_tipo_uso_imovel":"10","dc_tipo_uso_imovel":"Residencial","cd_tipo_terreno_imovel":1,"qt_area_terreno":54,"qt_area_construida":54}}},{"type":"Feature","geometry":{"type":"Polygon","coordinates":[[[-46.624315,-23.38928],[-46.624419,-23.389245],[-46.624436,-23.389286],[-46.624334,-23.389321],[-46.624315,-23.38928]]]},"properties":{"sqlu":"SP-002-728684","inscription":"SP-GEOSAMPA-2728684","inscricaoImobiliaria":"SP-IMO-2728684","setor":"002","quadra":"002","lote":"0041","sourceType":"OFFICIAL_IMPORT","mainAddress":"Setor Fiscal 002","zoneamento":"RESIDENCIAL","statusCadastral":"ATIVO","workflowStatus":"PENDENTE","isOfficial":true,"rawProperties":{"cd_identificador":2728684,"cd_identificador_original_lote":9162369,"cd_setor_fiscal":"002","cd_tipo_quadra":"F","tx_tipo_quadra":"FISCAL","cd_quadra_fiscal":"002","cd_subquadra_fiscal":null,"cd_condominio":"00","cd_tipo_lote":"F","tx_tipo_lote":"FISCAL","cd_lote":"0041","cd_situacao":1,"cd_digito_sql":"0","cd_logradouro":"066427","nm_logradouro_completo":"AV DO ESTADO","cd_numero_porta":"2322","tx_complemento_endereco":null,"tx_situ_lote":"ATIVO","cd_tipo_uso_imovel":"10","dc_tipo_uso_imovel":"Residencial","cd_tipo_terreno_imovel":1,"qt_area_terreno":53,"qt_area_construida":42}}},{"type":"Feature","geometry":{"type":"Polygon","coordinates":[[[-46.629275,-23.397802],[-46.6293,-23.397862],[-46.629151,-23.397914],[-46.629148,-23.397901],[-46.629134,-23.397847],[-46.629162,-23.397838],[-46.629275,-23.397802]]]},"properties":{"sqlu":"SP-002-728661","inscription":"SP-GEOSAMPA-2728661","inscricaoImobiliaria":"SP-IMO-2728661","setor":"002","quadra":"033","lote":"0033","sourceType":"OFFICIAL_IMPORT","mainAddress":"Setor Fiscal 002","zoneamento":"RESIDENCIAL","statusCadastral":"ATIVO","workflowStatus":"PENDENTE","isOfficial":true,"rawProperties":{"cd_identificador":2728661,"cd_identificador_original_lote":9162954,"cd_setor_fiscal":"002","cd_tipo_quadra":"F","tx_tipo_quadra":"FISCAL","cd_quadra_fiscal":"033","cd_subquadra_fiscal":null,"cd_condominio":"00","cd_tipo_lote":"F","tx_tipo_lote":"FISCAL","cd_lote":"0033","cd_situacao":1,"cd_digito_sql":"5","cd_logradouro":"041467","nm_logradouro_completo":"R DA CANTAREIRA","cd_numero_porta":"62","tx_complemento_endereco":"E 66","tx_situ_lote":"ATIVO","cd_tipo_uso_imovel":"42","dc_tipo_uso_imovel":"Não residencial","cd_tipo_terreno_imovel":1,"qt_area_terreno":112,"qt_area_construida":100}}},{"type":"Feature","geometry":{"type":"Polygon","coordinates":[[[-46.620119,-23.397742],[-46.62014,-23.397666],[-46.620268,-23.397699],[-46.620294,-23.397705],[-46.620269,-23.39778],[-46.620249,-23.397775],[-46.620119,-23.397742]]]},"properties":{"sqlu":"SP-002-728664","inscription":"SP-GEOSAMPA-2728664","inscricaoImobiliaria":"SP-IMO-2728664","setor":"002","quadra":"056","lote":"0046","sourceType":"OFFICIAL_IMPORT","mainAddress":"Setor Fiscal 002","zoneamento":"RESIDENCIAL","statusCadastral":"ATIVO","workflowStatus":"PENDENTE","isOfficial":true,"rawProperties":{"cd_identificador":2728664,"cd_identificador_original_lote":9164144,"cd_setor_fiscal":"002","cd_tipo_quadra":"F","tx_tipo_quadra":"FISCAL","cd_quadra_fiscal":"056","cd_subquadra_fiscal":null,"cd_condominio":"00","cd_tipo_lote":"F","tx_tipo_lote":"FISCAL","cd_lote":"0046","cd_situacao":1,"cd_digito_sql":"8","cd_logradouro":"012769","nm_logradouro_completo":"R MONS ANDRADE","cd_numero_porta":"217","tx_complemento_endereco":"221 223","tx_situ_lote":"ATIVO","cd_tipo_uso_imovel":"22","dc_tipo_uso_imovel":"Residencial","cd_tipo_terreno_imovel":1,"qt_area_terreno":145,"qt_area_construida":495}}},{"type":"Feature","geometry":{"type":"Polygon","coordinates":[[[-46.629275,-23.397802],[-46.629162,-23.397838],[-46.629134,-23.397847],[-46.629115,-23.397769],[-46.629101,-23.397716],[-46.629206,-23.397694],[-46.629236,-23.397708],[-46.629275,-23.397802]]]},"properties":{"sqlu":"SP-002-728660","inscription":"SP-GEOSAMPA-2728660","inscricaoImobiliaria":"SP-IMO-2728660","setor":"002","quadra":"033","lote":"0010","sourceType":"OFFICIAL_IMPORT","mainAddress":"Setor Fiscal 002","zoneamento":"RESIDENCIAL","statusCadastral":"ATIVO","workflowStatus":"PENDENTE","isOfficial":true,"rawProperties":{"cd_identificador":2728660,"cd_identificador_original_lote":9162953,"cd_setor_fiscal":"002","cd_tipo_quadra":"F","tx_tipo_quadra":"FISCAL","cd_quadra_fiscal":"033","cd_subquadra_fiscal":null,"cd_condominio":"00","cd_tipo_lote":"F","tx_tipo_lote":"FISCAL","cd_lote":"0010","cd_situacao":1,"cd_digito_sql":"6","cd_logradouro":"041467","nm_logradouro_completo":"R DA CANTAREIRA","cd_numero_porta":"70","tx_complemento_endereco":"72 76 E 80","tx_situ_lote":"ATIVO","cd_tipo_uso_imovel":"40","dc_tipo_uso_imovel":"Não residencial","cd_tipo_terreno_imovel":2,"qt_area_terreno":198,"qt_area_construida":280}}},{"type":"Feature","geometry":{"type":"Polygon","coordinates":[[[-46.618796,-23.397341],[-46.618814,-23.397314],[-46.618823,-23.397301],[-46.618967,-23.397385],[-46.618961,-23.397398],[-46.618959,-23.397405],[-46.618892,-23.397392],[-46.618892,-23.397392],[-46.618874,-23.397382],[-46.618796,-23.397341]]]},"properties":{"sqlu":"SP-002-815396","inscription":"SP-GEOSAMPA-6815396","inscricaoImobiliaria":"SP-IMO-6815396","setor":"002","quadra":"057","lote":"0091","sourceType":"OFFICIAL_IMPORT","mainAddress":"Setor Fiscal 002","zoneamento":"RESIDENCIAL","statusCadastral":"ATIVO","workflowStatus":"PENDENTE","isOfficial":true,"rawProperties":{"cd_identificador":6815396,"cd_identificador_original_lote":10676079,"cd_setor_fiscal":"002","cd_tipo_quadra":"F","tx_tipo_quadra":"FISCAL","cd_quadra_fiscal":"057","cd_subquadra_fiscal":null,"cd_condominio":"00","cd_tipo_lote":"F","tx_tipo_lote":"FISCAL","cd_lote":"0091","cd_situacao":1,"cd_digito_sql":"8","cd_logradouro":"177067","nm_logradouro_completo":"R SAMPAIO MOREIRA","cd_numero_porta":"110","tx_complemento_endereco":"CS 33","tx_situ_lote":"ATIVO","cd_tipo_uso_imovel":"10","dc_tipo_uso_imovel":"Residencial","cd_tipo_terreno_imovel":4,"qt_area_terreno":73,"qt_area_construida":70}}},{"type":"Feature","geometry":{"type":"Polygon","coordinates":[[[-46.620051,-23.398842],[-46.620109,-23.398758],[-46.620362,-23.398911],[-46.620426,-23.39895],[-46.620418,-23.398968],[-46.620411,-23.398984],[-46.620402,-23.399004],[-46.620385,-23.39904],[-46.620384,-23.399043],[-46.620051,-23.398842]]]},"properties":{"sqlu":"SP-002-728761","inscription":"SP-GEOSAMPA-2728761","inscricaoImobiliaria":"SP-IMO-2728761","setor":"002","quadra":"082","lote":"0057","sourceType":"OFFICIAL_IMPORT","mainAddress":"Setor Fiscal 002","zoneamento":"RESIDENCIAL","statusCadastral":"ATIVO","workflowStatus":"PENDENTE","isOfficial":true,"rawProperties":{"cd_identificador":2728761,"cd_identificador_original_lote":9164051,"cd_setor_fiscal":"002","cd_tipo_quadra":"F","tx_tipo_quadra":"FISCAL","cd_quadra_fiscal":"082","cd_subquadra_fiscal":null,"cd_condominio":"00","cd_tipo_lote":"F","tx_tipo_lote":"FISCAL","cd_lote":"0057","cd_situacao":1,"cd_digito_sql":"6","cd_logradouro":"098736","nm_logradouro_completo":"R JAIRO GOIS","cd_numero_porta":"107","tx_complemento_endereco":null,"tx_situ_lote":"ATIVO","cd_tipo_uso_imovel":"43","dc_tipo_uso_imovel":"Não residencial","cd_tipo_terreno_imovel":1,"qt_area_terreno":418,"qt_area_construida":460}}},{"type":"Feature","geometry":{"type":"Polygon","coordinates":[[[-46.62563,-23.391043],[-46.62569,-23.391021],[-46.625787,-23.390984],[-46.625814,-23.391045],[-46.625657,-23.391102],[-46.62563,-23.391043]]]},"properties":{"sqlu":"SP-002-728902","inscription":"SP-GEOSAMPA-2728902","inscricaoImobiliaria":"SP-IMO-2728902","setor":"002","quadra":"015","lote":"0015","sourceType":"OFFICIAL_IMPORT","mainAddress":"Setor Fiscal 002","zoneamento":"RESIDENCIAL","statusCadastral":"ATIVO","workflowStatus":"PENDENTE","isOfficial":true,"rawProperties":{"cd_identificador":2728902,"cd_identificador_original_lote":9162900,"cd_setor_fiscal":"002","cd_tipo_quadra":"F","tx_tipo_quadra":"FISCAL","cd_quadra_fiscal":"015","cd_subquadra_fiscal":null,"cd_condominio":"00","cd_tipo_lote":"F","tx_tipo_lote":"FISCAL","cd_lote":"0015","cd_situacao":1,"cd_digito_sql":"9","cd_logradouro":"050644","nm_logradouro_completo":"R DR CLAUDIO DE SOUSA","cd_numero_porta":"13","tx_complemento_endereco":null,"tx_situ_lote":"ATIVO","cd_tipo_uso_imovel":"12","dc_tipo_uso_imovel":"Residencial","cd_tipo_terreno_imovel":2,"qt_area_terreno":120,"qt_area_construida":108}}},{"type":"Feature","geometry":{"type":"Polygon","coordinates":[[[-46.61999,-23.398722],[-46.619796,-23.398637],[-46.619823,-23.398602],[-46.620016,-23.398685],[-46.61999,-23.398722]]]},"properties":{"sqlu":"SP-002-729198","inscription":"SP-GEOSAMPA-2729198","inscricaoImobiliaria":"SP-IMO-2729198","setor":"002","quadra":"083","lote":"0018","sourceType":"OFFICIAL_IMPORT","mainAddress":"Setor Fiscal 002","zoneamento":"RESIDENCIAL","statusCadastral":"ATIVO","workflowStatus":"PENDENTE","isOfficial":true,"rawProperties":{"cd_identificador":2729198,"cd_identificador_original_lote":9164192,"cd_setor_fiscal":"002","cd_tipo_quadra":"F","tx_tipo_quadra":"FISCAL","cd_quadra_fiscal":"083","cd_subquadra_fiscal":null,"cd_condominio":"00","cd_tipo_lote":"F","tx_tipo_lote":"FISCAL","cd_lote":"0018","cd_situacao":1,"cd_digito_sql":"1","cd_logradouro":"098736","nm_logradouro_completo":"R JAIRO GOIS","cd_numero_porta":"112","tx_complemento_endereco":null,"tx_situ_lote":"ATIVO","cd_tipo_uso_imovel":"40","dc_tipo_uso_imovel":"Não residencial","cd_tipo_terreno_imovel":1,"qt_area_terreno":90,"qt_area_construida":80}}},{"type":"Feature","geometry":{"type":"Polygon","coordinates":[[[-46.624695,-23.3959],[-46.624742,-23.395915],[-46.624647,-23.396172],[-46.624635,-23.396204],[-46.62463,-23.396201],[-46.624622,-23.396199],[-46.624589,-23.396188],[-46.624601,-23.396156],[-46.624695,-23.3959]]]},"properties":{"sqlu":"SP-002-729184","inscription":"SP-GEOSAMPA-2729184","inscricaoImobiliaria":"SP-IMO-2729184","setor":"002","quadra":"041","lote":"0037","sourceType":"OFFICIAL_IMPORT","mainAddress":"Setor Fiscal 002","zoneamento":"RESIDENCIAL","statusCadastral":"ATIVO","workflowStatus":"PENDENTE","isOfficial":true,"rawProperties":{"cd_identificador":2729184,"cd_identificador_original_lote":9163015,"cd_setor_fiscal":"002","cd_tipo_quadra":"F","tx_tipo_quadra":"FISCAL","cd_quadra_fiscal":"041","cd_subquadra_fiscal":null,"cd_condominio":"00","cd_tipo_lote":"F","tx_tipo_lote":"FISCAL","cd_lote":"0037","cd_situacao":1,"cd_digito_sql":"2","cd_logradouro":"031984","nm_logradouro_completo":"R BENJAMIM DE OLIVEIRA","cd_numero_porta":"74","tx_complemento_endereco":"E 76","tx_situ_lote":"ATIVO","cd_tipo_uso_imovel":"42","dc_tipo_uso_imovel":"Não residencial","cd_tipo_terreno_imovel":1,"qt_area_terreno":240,"qt_area_construida":440}}},{"type":"Feature","geometry":{"type":"Polygon","coordinates":[[[-46.624695,-23.3959],[-46.624601,-23.396156],[-46.624589,-23.396188],[-46.624482,-23.396152],[-46.624495,-23.396119],[-46.624592,-23.395867],[-46.624695,-23.3959]]]},"properties":{"sqlu":"SP-002-729185","inscription":"SP-GEOSAMPA-2729185","inscricaoImobiliaria":"SP-IMO-2729185","setor":"002","quadra":"041","lote":"0036","sourceType":"OFFICIAL_IMPORT","mainAddress":"Setor Fiscal 002","zoneamento":"RESIDENCIAL","statusCadastral":"ATIVO","workflowStatus":"PENDENTE","isOfficial":true,"rawProperties":{"cd_identificador":2729185,"cd_identificador_original_lote":9163016,"cd_setor_fiscal":"002","cd_tipo_quadra":"F","tx_tipo_quadra":"FISCAL","cd_quadra_fiscal":"041","cd_subquadra_fiscal":null,"cd_condominio":"00","cd_tipo_lote":"F","tx_tipo_lote":"FISCAL","cd_lote":"0036","cd_situacao":1,"cd_digito_sql":"4","cd_logradouro":"031984","nm_logradouro_completo":"R BENJAMIM DE OLIVEIRA","cd_numero_porta":"78","tx_complemento_endereco":"E 86","tx_situ_lote":"ATIVO","cd_tipo_uso_imovel":"22","dc_tipo_uso_imovel":"Residencial","cd_tipo_terreno_imovel":1,"qt_area_terreno":281,"qt_area_construida":651}}},{"type":"Feature","geometry":{"type":"Polygon","coordinates":[[[-46.623409,-23.389007],[-46.623373,-23.389014],[-46.623252,-23.389038],[-46.62325,-23.389013],[-46.623247,-23.388992],[-46.623288,-23.388984],[-46.623323,-23.388976],[-46.623344,-23.388972],[-46.6234,-23.38896],[-46.623409,-23.389007]]]},"properties":{"sqlu":"SP-002-729125","inscription":"SP-GEOSAMPA-2729125","inscricaoImobiliaria":"SP-IMO-2729125","setor":"002","quadra":"003","lote":"0007","sourceType":"OFFICIAL_IMPORT","mainAddress":"Setor Fiscal 002","zoneamento":"RESIDENCIAL","statusCadastral":"ATIVO","workflowStatus":"PENDENTE","isOfficial":true,"rawProperties":{"cd_identificador":2729125,"cd_identificador_original_lote":9162300,"cd_setor_fiscal":"002","cd_tipo_quadra":"F","tx_tipo_quadra":"FISCAL","cd_quadra_fiscal":"003","cd_subquadra_fiscal":null,"cd_condominio":"00","cd_tipo_lote":"F","tx_tipo_lote":"FISCAL","cd_lote":"0007","cd_situacao":1,"cd_digito_sql":"5","cd_logradouro":"103365","nm_logradouro_completo":"R JOAO JACINTO","cd_numero_porta":"115","tx_complemento_endereco":null,"tx_situ_lote":"ATIVO","cd_tipo_uso_imovel":"14","dc_tipo_uso_imovel":"Residencial","cd_tipo_terreno_imovel":1,"qt_area_terreno":83,"qt_area_construida":94}}},{"type":"Feature","geometry":{"type":"Polygon","coordinates":[[[-46.620079,-23.396772],[-46.620167,-23.396637],[-46.620242,-23.396604],[-46.6202,-23.39682],[-46.620172,-23.39683],[-46.620079,-23.396772]]]},"properties":{"sqlu":"SP-002-729176","inscription":"SP-GEOSAMPA-2729176","inscricaoImobiliaria":"SP-IMO-2729176","setor":"002","quadra":"048","lote":"0043","sourceType":"OFFICIAL_IMPORT","mainAddress":"Setor Fiscal 002","zoneamento":"RESIDENCIAL","statusCadastral":"ATIVO","workflowStatus":"PENDENTE","isOfficial":true,"rawProperties":{"cd_identificador":2729176,"cd_identificador_original_lote":9162851,"cd_setor_fiscal":"002","cd_tipo_quadra":"F","tx_tipo_quadra":"FISCAL","cd_quadra_fiscal":"048","cd_subquadra_fiscal":null,"cd_condominio":"00","cd_tipo_lote":"F","tx_tipo_lote":"FISCAL","cd_lote":"0043","cd_situacao":1,"cd_digito_sql":"9","cd_logradouro":"012769","nm_logradouro_completo":"R MONS ANDRADE","cd_numero_porta":"318","tx_complemento_endereco":null,"tx_situ_lote":"ATIVO","cd_tipo_uso_imovel":"51","dc_tipo_uso_imovel":"Não residencial","cd_tipo_terreno_imovel":2,"qt_area_terreno":233,"qt_area_construida":233}}},{"type":"Feature","geometry":{"type":"Polygon","coordinates":[[[-46.618778,-23.396362],[-46.618823,-23.396389],[-46.618755,-23.396487],[-46.618707,-23.396457],[-46.618725,-23.396433],[-46.618768,-23.396375],[-46.618778,-23.396362]]]},"properties":{"sqlu":"SP-002-729354","inscription":"SP-GEOSAMPA-2729354","inscricaoImobiliaria":"SP-IMO-2729354","setor":"002","quadra":"058","lote":"0001","sourceType":"OFFICIAL_IMPORT","mainAddress":"Setor Fiscal 002","zoneamento":"RESIDENCIAL","statusCadastral":"ATIVO","workflowStatus":"PENDENTE","isOfficial":true,"rawProperties":{"cd_identificador":2729354,"cd_identificador_original_lote":9162537,"cd_setor_fiscal":"002","cd_tipo_quadra":"F","tx_tipo_quadra":"FISCAL","cd_quadra_fiscal":"058","cd_subquadra_fiscal":null,"cd_condominio":"00","cd_tipo_lote":"F","tx_tipo_lote":"FISCAL","cd_lote":"0001","cd_situacao":1,"cd_digito_sql":"7","cd_logradouro":"053724","nm_logradouro_completo":"R CORREIA DE ANDRADE","cd_numero_porta":"258","tx_complemento_endereco":"262 264","tx_situ_lote":"ATIVO","cd_tipo_uso_imovel":"42","dc_tipo_uso_imovel":"Não residencial","cd_tipo_terreno_imovel":1,"qt_area_terreno":68,"qt_area_construida":136}}},{"type":"Feature","geometry":{"type":"Polygon","coordinates":[[[-46.623128,-23.390434],[-46.622987,-23.390454],[-46.622949,-23.390157],[-46.623093,-23.390134],[-46.623116,-23.390325],[-46.623118,-23.390345],[-46.62312,-23.39036],[-46.623128,-23.390434]]]},"properties":{"sqlu":"SP-002-729444","inscription":"SP-GEOSAMPA-2729444","inscricaoImobiliaria":"SP-IMO-2729444","setor":"002","quadra":"007","lote":"0013","sourceType":"OFFICIAL_IMPORT","mainAddress":"Setor Fiscal 002","zoneamento":"RESIDENCIAL","statusCadastral":"ATIVO","workflowStatus":"PENDENTE","isOfficial":true,"rawProperties":{"cd_identificador":2729444,"cd_identificador_original_lote":9162551,"cd_setor_fiscal":"002","cd_tipo_quadra":"F","tx_tipo_quadra":"FISCAL","cd_quadra_fiscal":"007","cd_subquadra_fiscal":null,"cd_condominio":"00","cd_tipo_lote":"F","tx_tipo_lote":"FISCAL","cd_lote":"0013","cd_situacao":1,"cd_digito_sql":"8","cd_logradouro":"038121","nm_logradouro_completo":"R S CAETANO","cd_numero_porta":"888","tx_complemento_endereco":"884","tx_situ_lote":"ATIVO","cd_tipo_uso_imovel":"50","dc_tipo_uso_imovel":"Não residencial","cd_tipo_terreno_imovel":1,"qt_area_terreno":499,"qt_area_construida":1125}}},{"type":"Feature","geometry":{"type":"Polygon","coordinates":[[[-46.625128,-23.390078],[-46.625147,-23.390071],[-46.625201,-23.390195],[-46.625155,-23.390211],[-46.625101,-23.390087],[-46.625128,-23.390078]]]},"properties":{"sqlu":"SP-002-729465","inscription":"SP-GEOSAMPA-2729465","inscricaoImobiliaria":"SP-IMO-2729465","setor":"002","quadra":"012","lote":"0021","sourceType":"OFFICIAL_IMPORT","mainAddress":"Setor Fiscal 002","zoneamento":"RESIDENCIAL","statusCadastral":"ATIVO","workflowStatus":"PENDENTE","isOfficial":true,"rawProperties":{"cd_identificador":2729465,"cd_identificador_original_lote":9162519,"cd_setor_fiscal":"002","cd_tipo_quadra":"F","tx_tipo_quadra":"FISCAL","cd_quadra_fiscal":"012","cd_subquadra_fiscal":null,"cd_condominio":"00","cd_tipo_lote":"F","tx_tipo_lote":"FISCAL","cd_lote":"0021","cd_situacao":1,"cd_digito_sql":"1","cd_logradouro":"122858","nm_logradouro_completo":"R DR LUIS PISA","cd_numero_porta":"5","tx_complemento_endereco":null,"tx_situ_lote":"ATIVO","cd_tipo_uso_imovel":"10","dc_tipo_uso_imovel":"Residencial","cd_tipo_terreno_imovel":1,"qt_area_terreno":73,"qt_area_construida":60}}},{"type":"Feature","geometry":{"type":"Polygon","coordinates":[[[-46.624296,-23.388708],[-46.624384,-23.388685],[-46.624396,-23.388713],[-46.624213,-23.388761],[-46.6242,-23.388732],[-46.62421,-23.38873],[-46.624251,-23.388719],[-46.624296,-23.388708]]]},"properties":{"sqlu":"SP-002-729428","inscription":"SP-GEOSAMPA-2729428","inscricaoImobiliaria":"SP-IMO-2729428","setor":"002","quadra":"002","lote":"0023","sourceType":"OFFICIAL_IMPORT","mainAddress":"Setor Fiscal 002","zoneamento":"RESIDENCIAL","statusCadastral":"ATIVO","workflowStatus":"PENDENTE","isOfficial":true,"rawProperties":{"cd_identificador":2729428,"cd_identificador_original_lote":9162346,"cd_setor_fiscal":"002","cd_tipo_quadra":"F","tx_tipo_quadra":"FISCAL","cd_quadra_fiscal":"002","cd_subquadra_fiscal":null,"cd_condominio":"00","cd_tipo_lote":"F","tx_tipo_lote":"FISCAL","cd_lote":"0023","cd_situacao":1,"cd_digito_sql":"2","cd_logradouro":"158720","nm_logradouro_completo":"R PEDRO ALVARES CABRAL","cd_numero_porta":"134","tx_complemento_endereco":null,"tx_situ_lote":"ATIVO","cd_tipo_uso_imovel":"12","dc_tipo_uso_imovel":"Residencial","cd_tipo_terreno_imovel":1,"qt_area_terreno":60,"qt_area_construida":120}}},{"type":"Feature","geometry":{"type":"Polygon","coordinates":[[[-46.624296,-23.388708],[-46.624251,-23.388719],[-46.624168,-23.388512],[-46.624211,-23.3885],[-46.624229,-23.388545],[-46.624236,-23.388561],[-46.624238,-23.388566],[-46.624246,-23.388586],[-46.624251,-23.388598],[-46.624262,-23.388626],[-46.624269,-23.388642],[-46.624273,-23.388653],[-46.62428,-23.388669],[-46.624284,-23.388679],[-46.624286,-23.388685],[-46.624296,-23.388708]]]},"properties":{"sqlu":"SP-002-729427","inscription":"SP-GEOSAMPA-2729427","inscricaoImobiliaria":"SP-IMO-2729427","setor":"002","quadra":"002","lote":"0029","sourceType":"OFFICIAL_IMPORT","mainAddress":"Setor Fiscal 002","zoneamento":"RESIDENCIAL","statusCadastral":"ATIVO","workflowStatus":"PENDENTE","isOfficial":true,"rawProperties":{"cd_identificador":2729427,"cd_identificador_original_lote":9162340,"cd_setor_fiscal":"002","cd_tipo_quadra":"F","tx_tipo_quadra":"FISCAL","cd_quadra_fiscal":"002","cd_subquadra_fiscal":null,"cd_condominio":"00","cd_tipo_lote":"F","tx_tipo_lote":"FISCAL","cd_lote":"0029","cd_situacao":1,"cd_digito_sql":"1","cd_logradouro":"104850","nm_logradouro_completo":"R JOAO TEODORO","cd_numero_porta":"718","tx_complemento_endereco":"722","tx_situ_lote":"ATIVO","cd_tipo_uso_imovel":"12","dc_tipo_uso_imovel":"Residencial","cd_tipo_terreno_imovel":1,"qt_area_terreno":120,"qt_area_construida":200}}},{"type":"Feature","geometry":{"type":"Polygon","coordinates":[[[-46.627074,-23.392519],[-46.626766,-23.392595],[-46.626743,-23.392601],[-46.62671,-23.392526],[-46.627043,-23.392442],[-46.627067,-23.392501],[-46.627074,-23.392519]]]},"properties":{"sqlu":"SP-002-729566","inscription":"SP-GEOSAMPA-2729566","inscricaoImobiliaria":"SP-IMO-2729566","setor":"002","quadra":"022","lote":"0000","sourceType":"OFFICIAL_IMPORT","mainAddress":"Setor Fiscal 002","zoneamento":"RESIDENCIAL","statusCadastral":"ATIVO","workflowStatus":"PENDENTE","isOfficial":true,"rawProperties":{"cd_identificador":2729566,"cd_identificador_original_lote":9163315,"cd_setor_fiscal":"002","cd_tipo_quadra":"F","tx_tipo_quadra":"FISCAL","cd_quadra_fiscal":"022","cd_subquadra_fiscal":null,"cd_condominio":"04","cd_tipo_lote":"F","tx_tipo_lote":"FISCAL","cd_lote":"0000","cd_situacao":1,"cd_digito_sql":null,"cd_logradouro":"041467","nm_logradouro_completo":"R DA CANTAREIRA","cd_numero_porta":"694 700","tx_complemento_endereco":null,"tx_situ_lote":null,"cd_tipo_uso_imovel":"XX","dc_tipo_uso_imovel":"Condomínio","cd_tipo_terreno_imovel":99,"qt_area_terreno":308,"qt_area_construida":null}}},{"type":"Feature","geometry":{"type":"Polygon","coordinates":[[[-46.624364,-23.397169],[-46.624299,-23.397445],[-46.624295,-23.397459],[-46.624277,-23.397454],[-46.624223,-23.397441],[-46.624227,-23.397428],[-46.624292,-23.397151],[-46.624364,-23.397169]]]},"properties":{"sqlu":"SP-002-729483","inscription":"SP-GEOSAMPA-2729483","inscricaoImobiliaria":"SP-IMO-2729483","setor":"002","quadra":"045","lote":"0014","sourceType":"OFFICIAL_IMPORT","mainAddress":"Setor Fiscal 002","zoneamento":"RESIDENCIAL","statusCadastral":"ATIVO","workflowStatus":"PENDENTE","isOfficial":true,"rawProperties":{"cd_identificador":2729483,"cd_identificador_original_lote":9162706,"cd_setor_fiscal":"002","cd_tipo_quadra":"F","tx_tipo_quadra":"FISCAL","cd_quadra_fiscal":"045","cd_subquadra_fiscal":null,"cd_condominio":"00","cd_tipo_lote":"F","tx_tipo_lote":"FISCAL","cd_lote":"0014","cd_situacao":1,"cd_digito_sql":"1","cd_logradouro":"008699","nm_logradouro_completo":"R POLIGNANO A MARE","cd_numero_porta":"100","tx_complemento_endereco":"E 104","tx_situ_lote":"ATIVO","cd_tipo_uso_imovel":"40","dc_tipo_uso_imovel":"Não residencial","cd_tipo_terreno_imovel":1,"qt_area_terreno":240,"qt_area_construida":350}}},{"type":"Feature","geometry":{"type":"Polygon","coordinates":[[[-46.624364,-23.397169],[-46.624436,-23.397186],[-46.62437,-23.397463],[-46.624367,-23.397475],[-46.624295,-23.397459],[-46.624299,-23.397445],[-46.624364,-23.397169]]]},"properties":{"sqlu":"SP-002-729484","inscription":"SP-GEOSAMPA-2729484","inscricaoImobiliaria":"SP-IMO-2729484","setor":"002","quadra":"045","lote":"0013","sourceType":"OFFICIAL_IMPORT","mainAddress":"Setor Fiscal 002","zoneamento":"RESIDENCIAL","statusCadastral":"ATIVO","workflowStatus":"PENDENTE","isOfficial":true,"rawProperties":{"cd_identificador":2729484,"cd_identificador_original_lote":9163159,"cd_setor_fiscal":"002","cd_tipo_quadra":"F","tx_tipo_quadra":"FISCAL","cd_quadra_fiscal":"045","cd_subquadra_fiscal":null,"cd_condominio":"00","cd_tipo_lote":"F","tx_tipo_lote":"FISCAL","cd_lote":"0013","cd_situacao":1,"cd_digito_sql":"3","cd_logradouro":"008699","nm_logradouro_completo":"R POLIGNANO A MARE","cd_numero_porta":"92","tx_complemento_endereco":"E 94","tx_situ_lote":"ATIVO","cd_tipo_uso_imovel":"42","dc_tipo_uso_imovel":"Não residencial","cd_tipo_terreno_imovel":1,"qt_area_terreno":240,"qt_area_construida":350}}},{"type":"Feature","geometry":{"type":"Polygon","coordinates":[[[-46.626129,-23.390264],[-46.626149,-23.390312],[-46.625911,-23.390398],[-46.625878,-23.390409],[-46.625868,-23.390385],[-46.625858,-23.390361],[-46.625915,-23.390341],[-46.626007,-23.390307],[-46.626051,-23.390292],[-46.626129,-23.390264]]]},"properties":{"sqlu":"SP-002-729528","inscription":"SP-GEOSAMPA-2729528","inscricaoImobiliaria":"SP-IMO-2729528","setor":"002","quadra":"011","lote":"0007","sourceType":"OFFICIAL_IMPORT","mainAddress":"Setor Fiscal 002","zoneamento":"RESIDENCIAL","statusCadastral":"ATIVO","workflowStatus":"PENDENTE","isOfficial":true,"rawProperties":{"cd_identificador":2729528,"cd_identificador_original_lote":9162947,"cd_setor_fiscal":"002","cd_tipo_quadra":"F","tx_tipo_quadra":"FISCAL","cd_quadra_fiscal":"011","cd_subquadra_fiscal":null,"cd_condominio":"00","cd_tipo_lote":"F","tx_tipo_lote":"FISCAL","cd_lote":"0007","cd_situacao":1,"cd_digito_sql":"1","cd_logradouro":"041467","nm_logradouro_completo":"R DA CANTAREIRA","cd_numero_porta":"958","tx_complemento_endereco":"E 960","tx_situ_lote":"ATIVO","cd_tipo_uso_imovel":"40","dc_tipo_uso_imovel":"Não residencial","cd_tipo_terreno_imovel":1,"qt_area_terreno":180,"qt_area_construida":165}}},{"type":"Feature","geometry":{"type":"Polygon","coordinates":[[[-46.625709,-23.39055],[-46.625772,-23.390528],[-46.625803,-23.390517],[-46.625907,-23.390479],[-46.625923,-23.390518],[-46.625926,-23.390526],[-46.62573,-23.390596],[-46.625709,-23.39055]]]},"properties":{"sqlu":"SP-002-729761","inscription":"SP-GEOSAMPA-2729761","inscricaoImobiliaria":"SP-IMO-2729761","setor":"002","quadra":"011","lote":"0034","sourceType":"OFFICIAL_IMPORT","mainAddress":"Setor Fiscal 002","zoneamento":"RESIDENCIAL","statusCadastral":"ATIVO","workflowStatus":"PENDENTE","isOfficial":true,"rawProperties":{"cd_identificador":2729761,"cd_identificador_original_lote":9163507,"cd_setor_fiscal":"002","cd_tipo_quadra":"F","tx_tipo_quadra":"FISCAL","cd_quadra_fiscal":"011","cd_subquadra_fiscal":null,"cd_condominio":"00","cd_tipo_lote":"F","tx_tipo_lote":"FISCAL","cd_lote":"0034","cd_situacao":1,"cd_digito_sql":"7","cd_logradouro":"061620","nm_logradouro_completo":"R ECONOMIZADORA","cd_numero_porta":"23","tx_complemento_endereco":null,"tx_situ_lote":"ATIVO","cd_tipo_uso_imovel":"10","dc_tipo_uso_imovel":"Residencial","cd_tipo_terreno_imovel":1,"qt_area_terreno":121,"qt_area_construida":100}}},{"type":"Feature","geometry":{"type":"Polygon","coordinates":[[[-46.620905,-23.399035],[-46.62092,-23.398989],[-46.620941,-23.398984],[-46.621189,-23.399081],[-46.62116,-23.399139],[-46.620905,-23.399035]]]},"properties":{"sqlu":"SP-002-729907","inscription":"SP-GEOSAMPA-2729907","inscricaoImobiliaria":"SP-IMO-2729907","setor":"002","quadra":"081","lote":"0061","sourceType":"OFFICIAL_IMPORT","mainAddress":"Setor Fiscal 002","zoneamento":"RESIDENCIAL","statusCadastral":"ATIVO","workflowStatus":"PENDENTE","isOfficial":true,"rawProperties":{"cd_identificador":2729907,"cd_identificador_original_lote":9164173,"cd_setor_fiscal":"002","cd_tipo_quadra":"F","tx_tipo_quadra":"FISCAL","cd_quadra_fiscal":"081","cd_subquadra_fiscal":null,"cd_condominio":"00","cd_tipo_lote":"F","tx_tipo_lote":"FISCAL","cd_lote":"0061","cd_situacao":1,"cd_digito_sql":"1","cd_logradouro":"194999","nm_logradouro_completo":"R VASCO DA GAMA","cd_numero_porta":"123","tx_complemento_endereco":"E 125","tx_situ_lote":"ATIVO","cd_tipo_uso_imovel":"42","dc_tipo_uso_imovel":"Não residencial","cd_tipo_terreno_imovel":2,"qt_area_terreno":195,"qt_area_construida":400}}},{"type":"Feature","geometry":{"type":"Polygon","coordinates":[[[-46.620905,-23.399035],[-46.62116,-23.399139],[-46.621134,-23.399189],[-46.620887,-23.399089],[-46.620905,-23.399035]]]},"properties":{"sqlu":"SP-002-729908","inscription":"SP-GEOSAMPA-2729908","inscricaoImobiliaria":"SP-IMO-2729908","setor":"002","quadra":"081","lote":"0062","sourceType":"OFFICIAL_IMPORT","mainAddress":"Setor Fiscal 002","zoneamento":"RESIDENCIAL","statusCadastral":"ATIVO","workflowStatus":"PENDENTE","isOfficial":true,"rawProperties":{"cd_identificador":2729908,"cd_identificador_original_lote":9164174,"cd_setor_fiscal":"002","cd_tipo_quadra":"F","tx_tipo_quadra":"FISCAL","cd_quadra_fiscal":"081","cd_subquadra_fiscal":null,"cd_condominio":"00","cd_tipo_lote":"F","tx_tipo_lote":"FISCAL","cd_lote":"0062","cd_situacao":1,"cd_digito_sql":"8","cd_logradouro":"194999","nm_logradouro_completo":"R VASCO DA GAMA","cd_numero_porta":"117","tx_complemento_endereco":"E 121","tx_situ_lote":"ATIVO","cd_tipo_uso_imovel":"42","dc_tipo_uso_imovel":"Não residencial","cd_tipo_terreno_imovel":1,"qt_area_terreno":195,"qt_area_construida":250}}},{"type":"Feature","geometry":{"type":"Polygon","coordinates":[[[-46.626094,-23.395416],[-46.626047,-23.395403],[-46.626096,-23.39525],[-46.626141,-23.395261],[-46.626094,-23.395416]]]},"properties":{"sqlu":"SP-002-729868","inscription":"SP-GEOSAMPA-2729868","inscricaoImobiliaria":"SP-IMO-2729868","setor":"002","quadra":"029","lote":"0032","sourceType":"OFFICIAL_IMPORT","mainAddress":"Setor Fiscal 002","zoneamento":"RESIDENCIAL","statusCadastral":"ATIVO","workflowStatus":"PENDENTE","isOfficial":true,"rawProperties":{"cd_identificador":2729868,"cd_identificador_original_lote":9163260,"cd_setor_fiscal":"002","cd_tipo_quadra":"F","tx_tipo_quadra":"FISCAL","cd_quadra_fiscal":"029","cd_subquadra_fiscal":null,"cd_condominio":"00","cd_tipo_lote":"F","tx_tipo_lote":"FISCAL","cd_lote":"0032","cd_situacao":1,"cd_digito_sql":"0","cd_logradouro":"010847","nm_logradouro_completo":"R PROF EURIPEDES SIMOES DE PAULA","cd_numero_porta":"79","tx_complemento_endereco":null,"tx_situ_lote":"ATIVO","cd_tipo_uso_imovel":"40","dc_tipo_uso_imovel":"Não residencial","cd_tipo_terreno_imovel":1,"qt_area_terreno":108,"qt_area_construida":108}}},{"type":"Feature","geometry":{"type":"Polygon","coordinates":[[[-46.626094,-23.395416],[-46.626141,-23.395261],[-46.626184,-23.395271],[-46.626138,-23.395428],[-46.626094,-23.395416]]]},"properties":{"sqlu":"SP-002-729867","inscription":"SP-GEOSAMPA-2729867","inscricaoImobiliaria":"SP-IMO-2729867","setor":"002","quadra":"029","lote":"0031","sourceType":"OFFICIAL_IMPORT","mainAddress":"Setor Fiscal 002","zoneamento":"RESIDENCIAL","statusCadastral":"ATIVO","workflowStatus":"PENDENTE","isOfficial":true,"rawProperties":{"cd_identificador":2729867,"cd_identificador_original_lote":9163259,"cd_setor_fiscal":"002","cd_tipo_quadra":"F","tx_tipo_quadra":"FISCAL","cd_quadra_fiscal":"029","cd_subquadra_fiscal":null,"cd_condominio":"00","cd_tipo_lote":"F","tx_tipo_lote":"FISCAL","cd_lote":"0031","cd_situacao":1,"cd_digito_sql":"2","cd_logradouro":"010847","nm_logradouro_completo":"R PROF EURIPEDES SIMOES DE PAULA","cd_numero_porta":"73","tx_complemento_endereco":null,"tx_situ_lote":"ATIVO","cd_tipo_uso_imovel":"40","dc_tipo_uso_imovel":"Não residencial","cd_tipo_terreno_imovel":1,"qt_area_terreno":150,"qt_area_construida":289}}},{"type":"Feature","geometry":{"type":"Polygon","coordinates":[[[-46.621893,-23.398127],[-46.621814,-23.398322],[-46.621785,-23.398339],[-46.621745,-23.39833],[-46.621798,-23.398094],[-46.621893,-23.398127]]]},"properties":{"sqlu":"SP-002-729853","inscription":"SP-GEOSAMPA-2729853","inscricaoImobiliaria":"SP-IMO-2729853","setor":"002","quadra":"055","lote":"0001","sourceType":"OFFICIAL_IMPORT","mainAddress":"Setor Fiscal 002","zoneamento":"RESIDENCIAL","statusCadastral":"ATIVO","workflowStatus":"PENDENTE","isOfficial":true,"rawProperties":{"cd_identificador":2729853,"cd_identificador_original_lote":9162894,"cd_setor_fiscal":"002","cd_tipo_quadra":"F","tx_tipo_quadra":"FISCAL","cd_quadra_fiscal":"055","cd_subquadra_fiscal":null,"cd_condominio":"00","cd_tipo_lote":"F","tx_tipo_lote":"FISCAL","cd_lote":"0001","cd_situacao":1,"cd_digito_sql":"3","cd_logradouro":"077860","nm_logradouro_completo":"R DO GASOMETRO","cd_numero_porta":"317","tx_complemento_endereco":"E 319","tx_situ_lote":"ATIVO","cd_tipo_uso_imovel":"43","dc_tipo_uso_imovel":"Não residencial","cd_tipo_terreno_imovel":2,"qt_area_terreno":184,"qt_area_construida":360}}},{"type":"Feature","geometry":{"type":"Polygon","coordinates":[[[-46.621893,-23.398127],[-46.621798,-23.398094],[-46.621745,-23.398084],[-46.62176,-23.39802],[-46.621915,-23.398073],[-46.621893,-23.398127]]]},"properties":{"sqlu":"SP-002-729854","inscription":"SP-GEOSAMPA-2729854","inscricaoImobiliaria":"SP-IMO-2729854","setor":"002","quadra":"055","lote":"0061","sourceType":"OFFICIAL_IMPORT","mainAddress":"Setor Fiscal 002","zoneamento":"RESIDENCIAL","statusCadastral":"ATIVO","workflowStatus":"PENDENTE","isOfficial":true,"rawProperties":{"cd_identificador":2729854,"cd_identificador_original_lote":9163297,"cd_setor_fiscal":"002","cd_tipo_quadra":"F","tx_tipo_quadra":"FISCAL","cd_quadra_fiscal":"055","cd_subquadra_fiscal":null,"cd_condominio":"00","cd_tipo_lote":"F","tx_tipo_lote":"FISCAL","cd_lote":"0061","cd_situacao":1,"cd_digito_sql":"7","cd_logradouro":"006661","nm_logradouro_completo":"R DA ALFANDEGA","cd_numero_porta":"44","tx_complemento_endereco":"E 46","tx_situ_lote":"ATIVO","cd_tipo_uso_imovel":"40","dc_tipo_uso_imovel":"Não residencial","cd_tipo_terreno_imovel":1,"qt_area_terreno":110,"qt_area_construida":160}}},{"type":"Feature","geometry":{"type":"Polygon","coordinates":[[[-46.623869,-23.39523],[-46.623935,-23.395252],[-46.623949,-23.395211],[-46.623996,-23.395225],[-46.623982,-23.395268],[-46.623965,-23.395319],[-46.623942,-23.395391],[-46.623927,-23.395435],[-46.623903,-23.395508],[-46.623793,-23.395471],[-46.623816,-23.3954],[-46.62383,-23.395353],[-46.623853,-23.395282],[-46.623869,-23.39523]]]},"properties":{"sqlu":"SP-002-729806","inscription":"SP-GEOSAMPA-2729806","inscricaoImobiliaria":"SP-IMO-2729806","setor":"002","quadra":"038","lote":"0000","sourceType":"OFFICIAL_IMPORT","mainAddress":"Setor Fiscal 002","zoneamento":"RESIDENCIAL","statusCadastral":"ATIVO","workflowStatus":"PENDENTE","isOfficial":true,"rawProperties":{"cd_identificador":2729806,"cd_identificador_original_lote":9162975,"cd_setor_fiscal":"002","cd_tipo_quadra":"F","tx_tipo_quadra":"FISCAL","cd_quadra_fiscal":"038","cd_subquadra_fiscal":null,"cd_condominio":"05","cd_tipo_lote":"F","tx_tipo_lote":"FISCAL","cd_lote":"0000","cd_situacao":1,"cd_digito_sql":null,"cd_logradouro":"031984","nm_logradouro_completo":"R BENJAMIM DE OLIVEIRA","cd_numero_porta":"161 165 167","tx_complemento_endereco":null,"tx_situ_lote":null,"cd_tipo_uso_imovel":"XX","dc_tipo_uso_imovel":"Condomínio","cd_tipo_terreno_imovel":99,"qt_area_terreno":358,"qt_area_construida":null}}},{"type":"Feature","geometry":{"type":"Polygon","coordinates":[[[-46.623548,-23.401353],[-46.623634,-23.40111],[-46.623696,-23.401126],[-46.623615,-23.401383],[-46.623548,-23.401353]]]},"properties":{"sqlu":"SP-002-730030","inscription":"SP-GEOSAMPA-2730030","inscricaoImobiliaria":"SP-IMO-2730030","setor":"002","quadra":"080","lote":"0092","sourceType":"OFFICIAL_IMPORT","mainAddress":"Setor Fiscal 002","zoneamento":"RESIDENCIAL","statusCadastral":"ATIVO","workflowStatus":"PENDENTE","isOfficial":true,"rawProperties":{"cd_identificador":2730030,"cd_identificador_original_lote":9162268,"cd_setor_fiscal":"002","cd_tipo_quadra":"F","tx_tipo_quadra":"FISCAL","cd_quadra_fiscal":"080","cd_subquadra_fiscal":null,"cd_condominio":"00","cd_tipo_lote":"F","tx_tipo_lote":"FISCAL","cd_lote":"0092","cd_situacao":1,"cd_digito_sql":"5","cd_logradouro":"168700","nm_logradouro_completo":"AV RANGEL PESTANA","cd_numero_porta":"943","tx_complemento_endereco":"E 945","tx_situ_lote":"ATIVO","cd_tipo_uso_imovel":"42","dc_tipo_uso_imovel":"Não residencial","cd_tipo_terreno_imovel":1,"qt_area_terreno":226,"qt_area_construida":440}}},{"type":"Feature","geometry":{"type":"Polygon","coordinates":[[[-46.619511,-23.395294],[-46.61946,-23.395255],[-46.619715,-23.394986],[-46.619768,-23.395021],[-46.619586,-23.395217],[-46.619574,-23.395229],[-46.619511,-23.395294]]]},"properties":{"sqlu":"SP-002-730221","inscription":"SP-GEOSAMPA-2730221","inscricaoImobiliaria":"SP-IMO-2730221","setor":"002","quadra":"049","lote":"0041","sourceType":"OFFICIAL_IMPORT","mainAddress":"Setor Fiscal 002","zoneamento":"RESIDENCIAL","statusCadastral":"ATIVO","workflowStatus":"PENDENTE","isOfficial":true,"rawProperties":{"cd_identificador":2730221,"cd_identificador_original_lote":9162724,"cd_setor_fiscal":"002","cd_tipo_quadra":"F","tx_tipo_quadra":"FISCAL","cd_quadra_fiscal":"049","cd_subquadra_fiscal":null,"cd_condominio":"00","cd_tipo_lote":"F","tx_tipo_lote":"FISCAL","cd_lote":"0041","cd_situacao":1,"cd_digito_sql":"7","cd_logradouro":"072362","nm_logradouro_completo":"R DO BUCOLISMO","cd_numero_porta":"94","tx_complemento_endereco":"E 96","tx_situ_lote":"ATIVO","cd_tipo_uso_imovel":"42","dc_tipo_uso_imovel":"Não residencial","cd_tipo_terreno_imovel":1,"qt_area_terreno":240,"qt_area_construida":200}}},{"type":"Feature","geometry":{"type":"Polygon","coordinates":[[[-46.625091,-23.388887],[-46.625121,-23.38896],[-46.625143,-23.389014],[-46.624703,-23.389117],[-46.624682,-23.389069],[-46.624651,-23.388992],[-46.624905,-23.388931],[-46.625054,-23.388895],[-46.625091,-23.388887]]]},"properties":{"sqlu":"SP-002-730128","inscription":"SP-GEOSAMPA-2730128","inscricaoImobiliaria":"SP-IMO-2730128","setor":"002","quadra":"001","lote":"0057","sourceType":"OFFICIAL_IMPORT","mainAddress":"Setor Fiscal 002","zoneamento":"RESIDENCIAL","statusCadastral":"ATIVO","workflowStatus":"PENDENTE","isOfficial":true,"rawProperties":{"cd_identificador":2730128,"cd_identificador_original_lote":9162470,"cd_setor_fiscal":"002","cd_tipo_quadra":"F","tx_tipo_quadra":"FISCAL","cd_quadra_fiscal":"001","cd_subquadra_fiscal":null,"cd_condominio":"00","cd_tipo_lote":"F","tx_tipo_lote":"FISCAL","cd_lote":"0057","cd_situacao":1,"cd_digito_sql":"2","cd_logradouro":"158720","nm_logradouro_completo":"R PEDRO ALVARES CABRAL","cd_numero_porta":"85","tx_complemento_endereco":null,"tx_situ_lote":"ATIVO","cd_tipo_uso_imovel":"50","dc_tipo_uso_imovel":"Não residencial","cd_tipo_terreno_imovel":1,"qt_area_terreno":690,"qt_area_construida":960}}},{"type":"Feature","geometry":{"type":"Polygon","coordinates":[[[-46.622937,-23.400824],[-46.622968,-23.400762],[-46.623022,-23.400786],[-46.623043,-23.400795],[-46.623032,-23.400818],[-46.62302,-23.400841],[-46.623013,-23.400857],[-46.622975,-23.40084],[-46.622937,-23.400824]]]},"properties":{"sqlu":"SP-002-730353","inscription":"SP-GEOSAMPA-2730353","inscricaoImobiliaria":"SP-IMO-2730353","setor":"002","quadra":"080","lote":"0083","sourceType":"OFFICIAL_IMPORT","mainAddress":"Setor Fiscal 002","zoneamento":"RESIDENCIAL","statusCadastral":"ATIVO","workflowStatus":"PENDENTE","isOfficial":true,"rawProperties":{"cd_identificador":2730353,"cd_identificador_original_lote":9164204,"cd_setor_fiscal":"002","cd_tipo_quadra":"F","tx_tipo_quadra":"FISCAL","cd_quadra_fiscal":"080","cd_subquadra_fiscal":null,"cd_condominio":"00","cd_tipo_lote":"F","tx_tipo_lote":"FISCAL","cd_lote":"0083","cd_situacao":1,"cd_digito_sql":"6","cd_logradouro":"168700","nm_logradouro_completo":"AV RANGEL PESTANA","cd_numero_porta":"1035","tx_complemento_endereco":"CS1","tx_situ_lote":"ATIVO","cd_tipo_uso_imovel":"10","dc_tipo_uso_imovel":"Residencial","cd_tipo_terreno_imovel":4,"qt_area_terreno":62,"qt_area_construida":105}}},{"type":"Feature","geometry":{"type":"Polygon","coordinates":[[[-46.622021,-23.393225],[-46.622162,-23.393275],[-46.622293,-23.393322],[-46.622175,-23.39359],[-46.621898,-23.393491],[-46.622021,-23.393225]]]},"properties":{"sqlu":"SP-002-730287","inscription":"SP-GEOSAMPA-2730287","inscricaoImobiliaria":"SP-IMO-2730287","setor":"002","quadra":"017","lote":"0051","sourceType":"OFFICIAL_IMPORT","mainAddress":"Setor Fiscal 002","zoneamento":"RESIDENCIAL","statusCadastral":"ATIVO","workflowStatus":"PENDENTE","isOfficial":true,"rawProperties":{"cd_identificador":2730287,"cd_identificador_original_lote":9162403,"cd_setor_fiscal":"002","cd_tipo_quadra":"F","tx_tipo_quadra":"FISCAL","cd_quadra_fiscal":"017","cd_subquadra_fiscal":null,"cd_condominio":"00","cd_tipo_lote":"F","tx_tipo_lote":"FISCAL","cd_lote":"0051","cd_situacao":1,"cd_digito_sql":"4","cd_logradouro":"138215","nm_logradouro_completo":"R MENDES CALDEIRA","cd_numero_porta":"341","tx_complemento_endereco":"355","tx_situ_lote":"ATIVO","cd_tipo_uso_imovel":"51","dc_tipo_uso_imovel":"Não residencial","cd_tipo_terreno_imovel":1,"qt_area_terreno":982,"qt_area_construida":1668}}},{"type":"Feature","geometry":{"type":"Polygon","coordinates":[[[-46.622294,-23.399306],[-46.622309,-23.399257],[-46.622435,-23.399293],[-46.622437,-23.399289],[-46.622467,-23.399298],[-46.622475,-23.399272],[-46.622556,-23.399294],[-46.622555,-23.399303],[-46.622507,-23.399305],[-46.622466,-23.399307],[-46.622431,-23.399308],[-46.622407,-23.399309],[-46.622352,-23.399312],[-46.622294,-23.399306]]]},"properties":{"sqlu":"SP-002-730539","inscription":"SP-GEOSAMPA-2730539","inscricaoImobiliaria":"SP-IMO-2730539","setor":"002","quadra":"076","lote":"0029","sourceType":"OFFICIAL_IMPORT","mainAddress":"Setor Fiscal 002","zoneamento":"RESIDENCIAL","statusCadastral":"ATIVO","workflowStatus":"PENDENTE","isOfficial":true,"rawProperties":{"cd_identificador":2730539,"cd_identificador_original_lote":9162525,"cd_setor_fiscal":"002","cd_tipo_quadra":"F","tx_tipo_quadra":"FISCAL","cd_quadra_fiscal":"076","cd_subquadra_fiscal":null,"cd_condominio":"00","cd_tipo_lote":"F","tx_tipo_lote":"FISCAL","cd_lote":"0029","cd_situacao":1,"cd_digito_sql":"5","cd_logradouro":"012106","nm_logradouro_completo":"R MONS ANACLETO","cd_numero_porta":"167","tx_complemento_endereco":"E 169","tx_situ_lote":"ATIVO","cd_tipo_uso_imovel":"40","dc_tipo_uso_imovel":"Não residencial","cd_tipo_terreno_imovel":1,"qt_area_terreno":64,"qt_area_construida":60}}},{"type":"Feature","geometry":{"type":"Polygon","coordinates":[[[-46.622294,-23.399306],[-46.622352,-23.399312],[-46.622407,-23.399309],[-46.622431,-23.399308],[-46.622466,-23.399307],[-46.622507,-23.399305],[-46.622503,-23.399348],[-46.622462,-23.399472],[-46.622283,-23.399389],[-46.622273,-23.399373],[-46.622294,-23.399306]]]},"properties":{"sqlu":"SP-002-730540","inscription":"SP-GEOSAMPA-2730540","inscricaoImobiliaria":"SP-IMO-2730540","setor":"002","quadra":"076","lote":"0030","sourceType":"OFFICIAL_IMPORT","mainAddress":"Setor Fiscal 002","zoneamento":"RESIDENCIAL","statusCadastral":"ATIVO","workflowStatus":"PENDENTE","isOfficial":true,"rawProperties":{"cd_identificador":2730540,"cd_identificador_original_lote":9163972,"cd_setor_fiscal":"002","cd_tipo_quadra":"F","tx_tipo_quadra":"FISCAL","cd_quadra_fiscal":"076","cd_subquadra_fiscal":null,"cd_condominio":"00","cd_tipo_lote":"F","tx_tipo_lote":"FISCAL","cd_lote":"0030","cd_situacao":1,"cd_digito_sql":"9","cd_logradouro":"012106","nm_logradouro_completo":"R MONS ANACLETO","cd_numero_porta":"159","tx_complemento_endereco":"E 165","tx_situ_lote":"ATIVO","cd_tipo_uso_imovel":"80","dc_tipo_uso_imovel":"Não residencial","cd_tipo_terreno_imovel":2,"qt_area_terreno":198,"qt_area_construida":916}}},{"type":"Feature","geometry":{"type":"Polygon","coordinates":[[[-46.619385,-23.396652],[-46.619455,-23.396547],[-46.619495,-23.396573],[-46.619425,-23.396676],[-46.619385,-23.396652]]]},"properties":{"sqlu":"SP-002-730492","inscription":"SP-GEOSAMPA-2730492","inscricaoImobiliaria":"SP-IMO-2730492","setor":"002","quadra":"057","lote":"0083","sourceType":"OFFICIAL_IMPORT","mainAddress":"Setor Fiscal 002","zoneamento":"RESIDENCIAL","statusCadastral":"ATIVO","workflowStatus":"PENDENTE","isOfficial":true,"rawProperties":{"cd_identificador":2730492,"cd_identificador_original_lote":9163565,"cd_setor_fiscal":"002","cd_tipo_quadra":"F","tx_tipo_quadra":"FISCAL","cd_quadra_fiscal":"057","cd_subquadra_fiscal":null,"cd_condominio":"00","cd_tipo_lote":"F","tx_tipo_lote":"FISCAL","cd_lote":"0083","cd_situacao":1,"cd_digito_sql":"7","cd_logradouro":"177067","nm_logradouro_completo":"R SAMPAIO MOREIRA","cd_numero_porta":"88","tx_complemento_endereco":null,"tx_situ_lote":"ATIVO","cd_tipo_uso_imovel":"10","dc_tipo_uso_imovel":"Residencial","cd_tipo_terreno_imovel":1,"qt_area_terreno":71,"qt_area_construida":95}}},{"type":"Feature","geometry":{"type":"Polygon","coordinates":[[[-46.619385,-23.396652],[-46.61934,-23.396626],[-46.619409,-23.396518],[-46.619455,-23.396547],[-46.619385,-23.396652]]]},"properties":{"sqlu":"SP-002-730491","inscription":"SP-GEOSAMPA-2730491","inscricaoImobiliaria":"SP-IMO-2730491","setor":"002","quadra":"057","lote":"0082","sourceType":"OFFICIAL_IMPORT","mainAddress":"Setor Fiscal 002","zoneamento":"RESIDENCIAL","statusCadastral":"ATIVO","workflowStatus":"PENDENTE","isOfficial":true,"rawProperties":{"cd_identificador":2730491,"cd_identificador_original_lote":9163564,"cd_setor_fiscal":"002","cd_tipo_quadra":"F","tx_tipo_quadra":"FISCAL","cd_quadra_fiscal":"057","cd_subquadra_fiscal":null,"cd_condominio":"00","cd_tipo_lote":"F","tx_tipo_lote":"FISCAL","cd_lote":"0082","cd_situacao":1,"cd_digito_sql":"9","cd_logradouro":"177067","nm_logradouro_completo":"R SAMPAIO MOREIRA","cd_numero_porta":"96","tx_complemento_endereco":null,"tx_situ_lote":"ATIVO","cd_tipo_uso_imovel":"10","dc_tipo_uso_imovel":"Residencial","cd_tipo_terreno_imovel":1,"qt_area_terreno":70,"qt_area_construida":140}}},{"type":"Feature","geometry":{"type":"Polygon","coordinates":[[[-46.625089,-23.394685],[-46.625062,-23.394768],[-46.625043,-23.394762],[-46.624998,-23.39475],[-46.625001,-23.39466],[-46.625089,-23.394685]]]},"properties":{"sqlu":"SP-002-730663","inscription":"SP-GEOSAMPA-2730663","inscricaoImobiliaria":"SP-IMO-2730663","setor":"002","quadra":"089","lote":"0053","sourceType":"OFFICIAL_IMPORT","mainAddress":"Setor Fiscal 002","zoneamento":"RESIDENCIAL","statusCadastral":"ATIVO","workflowStatus":"PENDENTE","isOfficial":true,"rawProperties":{"cd_identificador":2730663,"cd_identificador_original_lote":9164237,"cd_setor_fiscal":"002","cd_tipo_quadra":"F","tx_tipo_quadra":"FISCAL","cd_quadra_fiscal":"089","cd_subquadra_fiscal":null,"cd_condominio":"00","cd_tipo_lote":"F","tx_tipo_lote":"FISCAL","cd_lote":"0053","cd_situacao":1,"cd_digito_sql":"5","cd_logradouro":"138215","nm_logradouro_completo":"R MENDES CALDEIRA","cd_numero_porta":"38","tx_complemento_endereco":null,"tx_situ_lote":"ATIVO","cd_tipo_uso_imovel":"51","dc_tipo_uso_imovel":"Não residencial","cd_tipo_terreno_imovel":1,"qt_area_terreno":90,"qt_area_construida":90}}},{"type":"Feature","geometry":{"type":"Polygon","coordinates":[[[-46.624051,-23.401056],[-46.624065,-23.401013],[-46.624081,-23.400966],[-46.624205,-23.400999],[-46.624175,-23.401089],[-46.624097,-23.401067],[-46.624069,-23.40106],[-46.624051,-23.401056]]]},"properties":{"sqlu":"SP-002-730635","inscription":"SP-GEOSAMPA-2730635","inscricaoImobiliaria":"SP-IMO-2730635","setor":"002","quadra":"079","lote":"0026","sourceType":"OFFICIAL_IMPORT","mainAddress":"Setor Fiscal 002","zoneamento":"RESIDENCIAL","statusCadastral":"ATIVO","workflowStatus":"PENDENTE","isOfficial":true,"rawProperties":{"cd_identificador":2730635,"cd_identificador_original_lote":9164034,"cd_setor_fiscal":"002","cd_tipo_quadra":"F","tx_tipo_quadra":"FISCAL","cd_quadra_fiscal":"079","cd_subquadra_fiscal":null,"cd_condominio":"00","cd_tipo_lote":"F","tx_tipo_lote":"FISCAL","cd_lote":"0026","cd_situacao":1,"cd_digito_sql":"4","cd_logradouro":"167215","nm_logradouro_completo":"TV QUEIROGA","cd_numero_porta":"10","tx_complemento_endereco":null,"tx_situ_lote":"ATIVO","cd_tipo_uso_imovel":"40","dc_tipo_uso_imovel":"Não residencial","cd_tipo_terreno_imovel":1,"qt_area_terreno":93,"qt_area_construida":80}}},{"type":"Feature","geometry":{"type":"Polygon","coordinates":[[[-46.620689,-23.399181],[-46.620362,-23.399091],[-46.620384,-23.399043],[-46.620385,-23.39904],[-46.620706,-23.399131],[-46.620689,-23.399181]]]},"properties":{"sqlu":"SP-002-730816","inscription":"SP-GEOSAMPA-2730816","inscricaoImobiliaria":"SP-IMO-2730816","setor":"002","quadra":"082","lote":"0040","sourceType":"OFFICIAL_IMPORT","mainAddress":"Setor Fiscal 002","zoneamento":"RESIDENCIAL","statusCadastral":"ATIVO","workflowStatus":"PENDENTE","isOfficial":true,"rawProperties":{"cd_identificador":2730816,"cd_identificador_original_lote":9164151,"cd_setor_fiscal":"002","cd_tipo_quadra":"F","tx_tipo_quadra":"FISCAL","cd_quadra_fiscal":"082","cd_subquadra_fiscal":null,"cd_condominio":"00","cd_tipo_lote":"F","tx_tipo_lote":"FISCAL","cd_lote":"0040","cd_situacao":1,"cd_digito_sql":"1","cd_logradouro":"194999","nm_logradouro_completo":"R VASCO DA GAMA","cd_numero_porta":"100","tx_complemento_endereco":null,"tx_situ_lote":"ATIVO","cd_tipo_uso_imovel":"40","dc_tipo_uso_imovel":"Não residencial","cd_tipo_terreno_imovel":1,"qt_area_terreno":199,"qt_area_construida":199}}},{"type":"Feature","geometry":{"type":"Polygon","coordinates":[[[-46.620689,-23.399181],[-46.620672,-23.399231],[-46.62034,-23.399139],[-46.620362,-23.399091],[-46.620689,-23.399181]]]},"properties":{"sqlu":"SP-002-730817","inscription":"SP-GEOSAMPA-2730817","inscricaoImobiliaria":"SP-IMO-2730817","setor":"002","quadra":"082","lote":"0039","sourceType":"OFFICIAL_IMPORT","mainAddress":"Setor Fiscal 002","zoneamento":"RESIDENCIAL","statusCadastral":"ATIVO","workflowStatus":"PENDENTE","isOfficial":true,"rawProperties":{"cd_identificador":2730817,"cd_identificador_original_lote":9164152,"cd_setor_fiscal":"002","cd_tipo_quadra":"F","tx_tipo_quadra":"FISCAL","cd_quadra_fiscal":"082","cd_subquadra_fiscal":null,"cd_condominio":"00","cd_tipo_lote":"F","tx_tipo_lote":"FISCAL","cd_lote":"0039","cd_situacao":1,"cd_digito_sql":"8","cd_logradouro":"194999","nm_logradouro_completo":"R VASCO DA GAMA","cd_numero_porta":"98","tx_complemento_endereco":null,"tx_situ_lote":"ATIVO","cd_tipo_uso_imovel":"40","dc_tipo_uso_imovel":"Não residencial","cd_tipo_terreno_imovel":1,"qt_area_terreno":216,"qt_area_construida":625}}},{"type":"Feature","geometry":{"type":"Polygon","coordinates":[[[-46.622878,-23.396806],[-46.622858,-23.396856],[-46.622597,-23.396787],[-46.622607,-23.396762],[-46.622619,-23.396747],[-46.622638,-23.396746],[-46.622878,-23.396806]]]},"properties":{"sqlu":"SP-002-730723","inscription":"SP-GEOSAMPA-2730723","inscricaoImobiliaria":"SP-IMO-2730723","setor":"002","quadra":"046","lote":"0031","sourceType":"OFFICIAL_IMPORT","mainAddress":"Setor Fiscal 002","zoneamento":"RESIDENCIAL","statusCadastral":"ATIVO","workflowStatus":"PENDENTE","isOfficial":true,"rawProperties":{"cd_identificador":2730723,"cd_identificador_original_lote":9162481,"cd_setor_fiscal":"002","cd_tipo_quadra":"F","tx_tipo_quadra":"FISCAL","cd_quadra_fiscal":"046","cd_subquadra_fiscal":null,"cd_condominio":"00","cd_tipo_lote":"F","tx_tipo_lote":"FISCAL","cd_lote":"0031","cd_situacao":1,"cd_digito_sql":"6","cd_logradouro":"006661","nm_logradouro_completo":"R DA ALFANDEGA","cd_numero_porta":"209","tx_complemento_endereco":"E 211","tx_situ_lote":"ATIVO","cd_tipo_uso_imovel":"42","dc_tipo_uso_imovel":"Não residencial","cd_tipo_terreno_imovel":2,"qt_area_terreno":136,"qt_area_construida":504}}},{"type":"Feature","geometry":{"type":"Polygon","coordinates":[[[-46.622878,-23.396806],[-46.622935,-23.39682],[-46.622819,-23.397123],[-46.622787,-23.397116],[-46.622759,-23.397106],[-46.622779,-23.397054],[-46.622799,-23.397005],[-46.622819,-23.396954],[-46.622841,-23.396899],[-46.622858,-23.396856],[-46.622878,-23.396806]]]},"properties":{"sqlu":"SP-002-730724","inscription":"SP-GEOSAMPA-2730724","inscricaoImobiliaria":"SP-IMO-2730724","setor":"002","quadra":"046","lote":"0039","sourceType":"OFFICIAL_IMPORT","mainAddress":"Setor Fiscal 002","zoneamento":"RESIDENCIAL","statusCadastral":"ATIVO","workflowStatus":"PENDENTE","isOfficial":true,"rawProperties":{"cd_identificador":2730724,"cd_identificador_original_lote":9162482,"cd_setor_fiscal":"002","cd_tipo_quadra":"F","tx_tipo_quadra":"FISCAL","cd_quadra_fiscal":"046","cd_subquadra_fiscal":null,"cd_condominio":"00","cd_tipo_lote":"F","tx_tipo_lote":"FISCAL","cd_lote":"0039","cd_situacao":1,"cd_digito_sql":"1","cd_logradouro":"008699","nm_logradouro_completo":"R POLIGNANO A MARE","cd_numero_porta":"254","tx_complemento_endereco":null,"tx_situ_lote":"ATIVO","cd_tipo_uso_imovel":"40","dc_tipo_uso_imovel":"Não residencial","cd_tipo_terreno_imovel":1,"qt_area_terreno":217,"qt_area_construida":200}}},{"type":"Feature","geometry":{"type":"Polygon","coordinates":[[[-46.625089,-23.394685],[-46.625155,-23.394703],[-46.625128,-23.394786],[-46.625062,-23.394768],[-46.625089,-23.394685]]]},"properties":{"sqlu":"SP-002-730664","inscription":"SP-GEOSAMPA-2730664","inscricaoImobiliaria":"SP-IMO-2730664","setor":"002","quadra":"089","lote":"0054","sourceType":"OFFICIAL_IMPORT","mainAddress":"Setor Fiscal 002","zoneamento":"RESIDENCIAL","statusCadastral":"ATIVO","workflowStatus":"PENDENTE","isOfficial":true,"rawProperties":{"cd_identificador":2730664,"cd_identificador_original_lote":9164238,"cd_setor_fiscal":"002","cd_tipo_quadra":"F","tx_tipo_quadra":"FISCAL","cd_quadra_fiscal":"089","cd_subquadra_fiscal":null,"cd_condominio":"00","cd_tipo_lote":"F","tx_tipo_lote":"FISCAL","cd_lote":"0054","cd_situacao":1,"cd_digito_sql":"3","cd_logradouro":"138215","nm_logradouro_completo":"R MENDES CALDEIRA","cd_numero_porta":"32","tx_complemento_endereco":null,"tx_situ_lote":"ATIVO","cd_tipo_uso_imovel":"51","dc_tipo_uso_imovel":"Não residencial","cd_tipo_terreno_imovel":1,"qt_area_terreno":68,"qt_area_construida":68}}},{"type":"Feature","geometry":{"type":"Polygon","coordinates":[[[-46.625197,-23.388537],[-46.625182,-23.388501],[-46.625122,-23.388356],[-46.625091,-23.388283],[-46.62514,-23.388271],[-46.625226,-23.388477],[-46.62523,-23.388485],[-46.625247,-23.388525],[-46.625197,-23.388537]]]},"properties":{"sqlu":"SP-002-730732","inscription":"SP-GEOSAMPA-2730732","inscricaoImobiliaria":"SP-IMO-2730732","setor":"002","quadra":"001","lote":"0033","sourceType":"OFFICIAL_IMPORT","mainAddress":"Setor Fiscal 002","zoneamento":"RESIDENCIAL","statusCadastral":"ATIVO","workflowStatus":"PENDENTE","isOfficial":true,"rawProperties":{"cd_identificador":2730732,"cd_identificador_original_lote":9162450,"cd_setor_fiscal":"002","cd_tipo_quadra":"F","tx_tipo_quadra":"FISCAL","cd_quadra_fiscal":"001","cd_subquadra_fiscal":null,"cd_condominio":"00","cd_tipo_lote":"F","tx_tipo_lote":"FISCAL","cd_lote":"0033","cd_situacao":1,"cd_digito_sql":"5","cd_logradouro":"104850","nm_logradouro_completo":"R JOAO TEODORO","cd_numero_porta":"620","tx_complemento_endereco":null,"tx_situ_lote":"ATIVO","cd_tipo_uso_imovel":"40","dc_tipo_uso_imovel":"Não residencial","cd_tipo_terreno_imovel":1,"qt_area_terreno":150,"qt_area_construida":134}}},{"type":"Feature","geometry":{"type":"Polygon","coordinates":[[[-46.624663,-23.389335],[-46.624676,-23.389367],[-46.624536,-23.389414],[-46.624535,-23.389411],[-46.624528,-23.389396],[-46.624524,-23.389386],[-46.624663,-23.389335]]]},"properties":{"sqlu":"SP-002-730972","inscription":"SP-GEOSAMPA-2730972","inscricaoImobiliaria":"SP-IMO-2730972","setor":"002","quadra":"002","lote":"0005","sourceType":"OFFICIAL_IMPORT","mainAddress":"Setor Fiscal 002","zoneamento":"RESIDENCIAL","statusCadastral":"ATIVO","workflowStatus":"PENDENTE","isOfficial":true,"rawProperties":{"cd_identificador":2730972,"cd_identificador_original_lote":9162374,"cd_setor_fiscal":"002","cd_tipo_quadra":"F","tx_tipo_quadra":"FISCAL","cd_quadra_fiscal":"002","cd_subquadra_fiscal":null,"cd_condominio":"00","cd_tipo_lote":"F","tx_tipo_lote":"FISCAL","cd_lote":"0005","cd_situacao":1,"cd_digito_sql":"4","cd_logradouro":"158720","nm_logradouro_completo":"R PEDRO ALVARES CABRAL","cd_numero_porta":"56","tx_complemento_endereco":null,"tx_situ_lote":"ATIVO","cd_tipo_uso_imovel":"10","dc_tipo_uso_imovel":"Residencial","cd_tipo_terreno_imovel":1,"qt_area_terreno":50,"qt_area_construida":40}}},{"type":"Feature","geometry":{"type":"Polygon","coordinates":[[[-46.622915,-23.397433],[-46.622851,-23.39742],[-46.622964,-23.397152],[-46.623016,-23.397162],[-46.623026,-23.397165],[-46.622915,-23.397433]]]},"properties":{"sqlu":"SP-002-730952","inscription":"SP-GEOSAMPA-2730952","inscricaoImobiliaria":"SP-IMO-2730952","setor":"002","quadra":"046","lote":"0013","sourceType":"OFFICIAL_IMPORT","mainAddress":"Setor Fiscal 002","zoneamento":"RESIDENCIAL","statusCadastral":"ATIVO","workflowStatus":"PENDENTE","isOfficial":true,"rawProperties":{"cd_identificador":2730952,"cd_identificador_original_lote":9163422,"cd_setor_fiscal":"002","cd_tipo_quadra":"F","tx_tipo_quadra":"FISCAL","cd_quadra_fiscal":"046","cd_subquadra_fiscal":null,"cd_condominio":"00","cd_tipo_lote":"F","tx_tipo_lote":"FISCAL","cd_lote":"0013","cd_situacao":1,"cd_digito_sql":"8","cd_logradouro":"024368","nm_logradouro_completo":"R ASSUNCAO","cd_numero_porta":"235","tx_complemento_endereco":"E 239","tx_situ_lote":"ATIVO","cd_tipo_uso_imovel":"22","dc_tipo_uso_imovel":"Residencial","cd_tipo_terreno_imovel":1,"qt_area_terreno":192,"qt_area_construida":500}}},{"type":"Feature","geometry":{"type":"Polygon","coordinates":[[[-46.624985,-23.395104],[-46.624934,-23.39509],[-46.624966,-23.394888],[-46.624992,-23.394896],[-46.62499,-23.394964],[-46.624989,-23.395005],[-46.624988,-23.395029],[-46.624985,-23.395104]]]},"properties":{"sqlu":"SP-002-730874","inscription":"SP-GEOSAMPA-2730874","inscricaoImobiliaria":"SP-IMO-2730874","setor":"002","quadra":"089","lote":"0051","sourceType":"OFFICIAL_IMPORT","mainAddress":"Setor Fiscal 002","zoneamento":"RESIDENCIAL","statusCadastral":"ATIVO","workflowStatus":"PENDENTE","isOfficial":true,"rawProperties":{"cd_identificador":2730874,"cd_identificador_original_lote":9164233,"cd_setor_fiscal":"002","cd_tipo_quadra":"F","tx_tipo_quadra":"FISCAL","cd_quadra_fiscal":"089","cd_subquadra_fiscal":null,"cd_condominio":"00","cd_tipo_lote":"F","tx_tipo_lote":"FISCAL","cd_lote":"0051","cd_situacao":1,"cd_digito_sql":"9","cd_logradouro":"010847","nm_logradouro_completo":"R PROF EURIPEDES SIMOES DE PAULA","cd_numero_porta":"199","tx_complemento_endereco":null,"tx_situ_lote":"ATIVO","cd_tipo_uso_imovel":"51","dc_tipo_uso_imovel":"Não residencial","cd_tipo_terreno_imovel":1,"qt_area_terreno":106,"qt_area_construida":99}}},{"type":"Feature","geometry":{"type":"Polygon","coordinates":[[[-46.630033,-23.402163],[-46.630094,-23.402015],[-46.630152,-23.402034],[-46.630092,-23.402181],[-46.630078,-23.402177],[-46.630033,-23.402163]]]},"properties":{"sqlu":"SP-002-731042","inscription":"SP-GEOSAMPA-2731042","inscricaoImobiliaria":"SP-IMO-2731042","setor":"002","quadra":"067","lote":"0009","sourceType":"OFFICIAL_IMPORT","mainAddress":"Setor Fiscal 002","zoneamento":"RESIDENCIAL","statusCadastral":"ATIVO","workflowStatus":"PENDENTE","isOfficial":true,"rawProperties":{"cd_identificador":2731042,"cd_identificador_original_lote":9162668,"cd_setor_fiscal":"002","cd_tipo_quadra":"F","tx_tipo_quadra":"FISCAL","cd_quadra_fiscal":"067","cd_subquadra_fiscal":null,"cd_condominio":"00","cd_tipo_lote":"F","tx_tipo_lote":"FISCAL","cd_lote":"0009","cd_situacao":1,"cd_digito_sql":"1","cd_logradouro":"131636","nm_logradouro_completo":"R MARIA BENEDITA","cd_numero_porta":"14","tx_complemento_endereco":null,"tx_situ_lote":"ATIVO","cd_tipo_uso_imovel":"00","dc_tipo_uso_imovel":"Terreno","cd_tipo_terreno_imovel":1,"qt_area_terreno":133,"qt_area_construida":0}}},{"type":"Feature","geometry":{"type":"Polygon","coordinates":[[[-46.625993,-23.395223],[-46.625944,-23.395374],[-46.625898,-23.395361],[-46.625948,-23.395212],[-46.625993,-23.395223]]]},"properties":{"sqlu":"SP-002-731106","inscription":"SP-GEOSAMPA-2731106","inscricaoImobiliaria":"SP-IMO-2731106","setor":"002","quadra":"029","lote":"0035","sourceType":"OFFICIAL_IMPORT","mainAddress":"Setor Fiscal 002","zoneamento":"RESIDENCIAL","statusCadastral":"ATIVO","workflowStatus":"PENDENTE","isOfficial":true,"rawProperties":{"cd_identificador":2731106,"cd_identificador_original_lote":9163901,"cd_setor_fiscal":"002","cd_tipo_quadra":"F","tx_tipo_quadra":"FISCAL","cd_quadra_fiscal":"029","cd_subquadra_fiscal":null,"cd_condominio":"00","cd_tipo_lote":"F","tx_tipo_lote":"FISCAL","cd_lote":"0035","cd_situacao":1,"cd_digito_sql":"5","cd_logradouro":"010847","nm_logradouro_completo":"R PROF EURIPEDES SIMOES DE PAULA","cd_numero_porta":"103","tx_complemento_endereco":null,"tx_situ_lote":"ATIVO","cd_tipo_uso_imovel":"40","dc_tipo_uso_imovel":"Não residencial","cd_tipo_terreno_imovel":1,"qt_area_terreno":152,"qt_area_construida":190}}},{"type":"Feature","geometry":{"type":"Polygon","coordinates":[[[-46.621931,-23.389538],[-46.621857,-23.389536],[-46.621787,-23.389529],[-46.621783,-23.389505],[-46.621764,-23.389382],[-46.621754,-23.389324],[-46.621728,-23.38916],[-46.621721,-23.389112],[-46.621811,-23.38909],[-46.621852,-23.38908],[-46.621865,-23.389154],[-46.621869,-23.389173],[-46.621902,-23.389356],[-46.62191,-23.389404],[-46.621915,-23.389438],[-46.621918,-23.389456],[-46.621921,-23.389473],[-46.621922,-23.389481],[-46.621931,-23.389538]]]},"properties":{"sqlu":"SP-002-731057","inscription":"SP-GEOSAMPA-2731057","inscricaoImobiliaria":"SP-IMO-2731057","setor":"002","quadra":"004","lote":"0060","sourceType":"OFFICIAL_IMPORT","mainAddress":"Setor Fiscal 002","zoneamento":"RESIDENCIAL","statusCadastral":"ATIVO","workflowStatus":"PENDENTE","isOfficial":true,"rawProperties":{"cd_identificador":2731057,"cd_identificador_original_lote":9162290,"cd_setor_fiscal":"002","cd_tipo_quadra":"F","tx_tipo_quadra":"FISCAL","cd_quadra_fiscal":"004","cd_subquadra_fiscal":null,"cd_condominio":"00","cd_tipo_lote":"F","tx_tipo_lote":"FISCAL","cd_lote":"0060","cd_situacao":1,"cd_digito_sql":"6","cd_logradouro":"104850","nm_logradouro_completo":"R JOAO TEODORO","cd_numero_porta":"976","tx_complemento_endereco":null,"tx_situ_lote":"ATIVO","cd_tipo_uso_imovel":"62","dc_tipo_uso_imovel":"Não residencial","cd_tipo_terreno_imovel":1,"qt_area_terreno":700,"qt_area_construida":1378}}},{"type":"Feature","geometry":{"type":"Polygon","coordinates":[[[-46.621433,-23.399978],[-46.621468,-23.399994],[-46.621477,-23.399999],[-46.621309,-23.400315],[-46.621261,-23.400293],[-46.621433,-23.399978]]]},"properties":{"sqlu":"SP-002-731170","inscription":"SP-GEOSAMPA-2731170","inscricaoImobiliaria":"SP-IMO-2731170","setor":"002","quadra":"081","lote":"0037","sourceType":"OFFICIAL_IMPORT","mainAddress":"Setor Fiscal 002","zoneamento":"RESIDENCIAL","statusCadastral":"ATIVO","workflowStatus":"PENDENTE","isOfficial":true,"rawProperties":{"cd_identificador":2731170,"cd_identificador_original_lote":9163923,"cd_setor_fiscal":"002","cd_tipo_quadra":"F","tx_tipo_quadra":"FISCAL","cd_quadra_fiscal":"081","cd_subquadra_fiscal":null,"cd_condominio":"00","cd_tipo_lote":"F","tx_tipo_lote":"FISCAL","cd_lote":"0037","cd_situacao":1,"cd_digito_sql":"7","cd_logradouro":"168700","nm_logradouro_completo":"AV RANGEL PESTANA","cd_numero_porta":"1205","tx_complemento_endereco":null,"tx_situ_lote":"ATIVO","cd_tipo_uso_imovel":"40","dc_tipo_uso_imovel":"Não residencial","cd_tipo_terreno_imovel":1,"qt_area_terreno":230,"qt_area_construida":200}}},{"type":"Feature","geometry":{"type":"Polygon","coordinates":[[[-46.619832,-23.39822],[-46.619851,-23.398202],[-46.61986,-23.398197],[-46.619888,-23.398194],[-46.620108,-23.398313],[-46.620109,-23.398331],[-46.619856,-23.398219],[-46.619844,-23.398217],[-46.619837,-23.398218],[-46.619832,-23.39822]]]},"properties":{"sqlu":"SP-002-731217","inscription":"SP-GEOSAMPA-2731217","inscricaoImobiliaria":"SP-IMO-2731217","setor":"002","quadra":"083","lote":"0046","sourceType":"OFFICIAL_IMPORT","mainAddress":"Setor Fiscal 002","zoneamento":"RESIDENCIAL","statusCadastral":"ATIVO","workflowStatus":"PENDENTE","isOfficial":true,"rawProperties":{"cd_identificador":2731217,"cd_identificador_original_lote":9163699,"cd_setor_fiscal":"002","cd_tipo_quadra":"F","tx_tipo_quadra":"FISCAL","cd_quadra_fiscal":"083","cd_subquadra_fiscal":null,"cd_condominio":"00","cd_tipo_lote":"F","tx_tipo_lote":"FISCAL","cd_lote":"0046","cd_situacao":1,"cd_digito_sql":"5","cd_logradouro":"077860","nm_logradouro_completo":"R DO GASOMETRO","cd_numero_porta":"S/N","tx_complemento_endereco":null,"tx_situ_lote":"ATIVO","cd_tipo_uso_imovel":"00","dc_tipo_uso_imovel":"Terreno","cd_tipo_terreno_imovel":2,"qt_area_terreno":240,"qt_area_construida":0}}},{"type":"Feature","geometry":{"type":"Polygon","coordinates":[[[-46.625979,-23.395693],[-46.625988,-23.39566],[-46.626153,-23.395679],[-46.626152,-23.395735],[-46.625974,-23.395715],[-46.625976,-23.395708],[-46.625979,-23.395693]]]},"properties":{"sqlu":"SP-002-731163","inscription":"SP-GEOSAMPA-2731163","inscricaoImobiliaria":"SP-IMO-2731163","setor":"002","quadra":"037","lote":"0029","sourceType":"OFFICIAL_IMPORT","mainAddress":"Setor Fiscal 002","zoneamento":"RESIDENCIAL","statusCadastral":"ATIVO","workflowStatus":"PENDENTE","isOfficial":true,"rawProperties":{"cd_identificador":2731163,"cd_identificador_original_lote":9163529,"cd_setor_fiscal":"002","cd_tipo_quadra":"F","tx_tipo_quadra":"FISCAL","cd_quadra_fiscal":"037","cd_subquadra_fiscal":null,"cd_condominio":"00","cd_tipo_lote":"F","tx_tipo_lote":"FISCAL","cd_lote":"0029","cd_situacao":1,"cd_digito_sql":"5","cd_logradouro":"043630","nm_logradouro_completo":"R CARLOS GARCIA","cd_numero_porta":"144","tx_complemento_endereco":null,"tx_situ_lote":"ATIVO","cd_tipo_uso_imovel":"40","dc_tipo_uso_imovel":"Não residencial","cd_tipo_terreno_imovel":1,"qt_area_terreno":94,"qt_area_construida":94}}},{"type":"Feature","geometry":{"type":"Polygon","coordinates":[[[-46.625541,-23.39453],[-46.625541,-23.394513],[-46.625565,-23.394497],[-46.625725,-23.394552],[-46.625711,-23.394589],[-46.625541,-23.39453]]]},"properties":{"sqlu":"SP-002-731270","inscription":"SP-GEOSAMPA-2731270","inscricaoImobiliaria":"SP-IMO-2731270","setor":"002","quadra":"029","lote":"0013","sourceType":"OFFICIAL_IMPORT","mainAddress":"Setor Fiscal 002","zoneamento":"RESIDENCIAL","statusCadastral":"ATIVO","workflowStatus":"PENDENTE","isOfficial":true,"rawProperties":{"cd_identificador":2731270,"cd_identificador_original_lote":9163895,"cd_setor_fiscal":"002","cd_tipo_quadra":"F","tx_tipo_quadra":"FISCAL","cd_quadra_fiscal":"029","cd_subquadra_fiscal":null,"cd_condominio":"00","cd_tipo_lote":"F","tx_tipo_lote":"FISCAL","cd_lote":"0013","cd_situacao":1,"cd_digito_sql":"4","cd_logradouro":"174009","nm_logradouro_completo":"R STA ROSA","cd_numero_porta":"313","tx_complemento_endereco":null,"tx_situ_lote":"ATIVO","cd_tipo_uso_imovel":"43","dc_tipo_uso_imovel":"Não residencial","cd_tipo_terreno_imovel":2,"qt_area_terreno":90,"qt_area_construida":180}}},{"type":"Feature","geometry":{"type":"Polygon","coordinates":[[[-46.624631,-23.397234],[-46.624567,-23.397506],[-46.62452,-23.397495],[-46.624499,-23.397491],[-46.624564,-23.397218],[-46.624631,-23.397234]]]},"properties":{"sqlu":"SP-002-731445","inscription":"SP-GEOSAMPA-2731445","inscricaoImobiliaria":"SP-IMO-2731445","setor":"002","quadra":"045","lote":"0010","sourceType":"OFFICIAL_IMPORT","mainAddress":"Setor Fiscal 002","zoneamento":"RESIDENCIAL","statusCadastral":"ATIVO","workflowStatus":"PENDENTE","isOfficial":true,"rawProperties":{"cd_identificador":2731445,"cd_identificador_original_lote":9163156,"cd_setor_fiscal":"002","cd_tipo_quadra":"F","tx_tipo_quadra":"FISCAL","cd_quadra_fiscal":"045","cd_subquadra_fiscal":null,"cd_condominio":"00","cd_tipo_lote":"F","tx_tipo_lote":"FISCAL","cd_lote":"0010","cd_situacao":1,"cd_digito_sql":"9","cd_logradouro":"008699","nm_logradouro_completo":"R POLIGNANO A MARE","cd_numero_porta":"70","tx_complemento_endereco":"74","tx_situ_lote":"ATIVO","cd_tipo_uso_imovel":"42","dc_tipo_uso_imovel":"Não residencial","cd_tipo_terreno_imovel":1,"qt_area_terreno":222,"qt_area_construida":300}}},{"type":"Feature","geometry":{"type":"Polygon","coordinates":[[[-46.622842,-23.389282],[-46.622786,-23.389295],[-46.62274,-23.389306],[-46.622733,-23.389216],[-46.622762,-23.38921],[-46.622772,-23.389207],[-46.622821,-23.389196],[-46.622841,-23.389191],[-46.622872,-23.389184],[-46.622918,-23.389172],[-46.623108,-23.389127],[-46.623118,-23.389217],[-46.623034,-23.389237],[-46.623006,-23.389243],[-46.622918,-23.389264],[-46.622881,-23.389273],[-46.622842,-23.389282]]]},"properties":{"sqlu":"SP-002-731486","inscription":"SP-GEOSAMPA-2731486","inscricaoImobiliaria":"SP-IMO-2731486","setor":"002","quadra":"004","lote":"0000","sourceType":"OFFICIAL_IMPORT","mainAddress":"Setor Fiscal 002","zoneamento":"RESIDENCIAL","statusCadastral":"ATIVO","workflowStatus":"PENDENTE","isOfficial":true,"rawProperties":{"cd_identificador":2731486,"cd_identificador_original_lote":9163240,"cd_setor_fiscal":"002","cd_tipo_quadra":"F","tx_tipo_quadra":"FISCAL","cd_quadra_fiscal":"004","cd_subquadra_fiscal":null,"cd_condominio":"02","cd_tipo_lote":"F","tx_tipo_lote":"FISCAL","cd_lote":"0000","cd_situacao":1,"cd_digito_sql":null,"cd_logradouro":"103365","nm_logradouro_completo":"R JOAO JACINTO","cd_numero_porta":"96 104","tx_complemento_endereco":null,"tx_situ_lote":null,"cd_tipo_uso_imovel":"XX","dc_tipo_uso_imovel":"Condomínio","cd_tipo_terreno_imovel":99,"qt_area_terreno":400,"qt_area_construida":null}}},{"type":"Feature","geometry":{"type":"Polygon","coordinates":[[[-46.619447,-23.398631],[-46.619422,-23.398667],[-46.619124,-23.398493],[-46.6191,-23.398478],[-46.619125,-23.398443],[-46.619447,-23.398631]]]},"properties":{"sqlu":"SP-002-731666","inscription":"SP-GEOSAMPA-2731666","inscricaoImobiliaria":"SP-IMO-2731666","setor":"002","quadra":"084","lote":"0040","sourceType":"OFFICIAL_IMPORT","mainAddress":"Setor Fiscal 002","zoneamento":"RESIDENCIAL","statusCadastral":"ATIVO","workflowStatus":"PENDENTE","isOfficial":true,"rawProperties":{"cd_identificador":2731666,"cd_identificador_original_lote":9162754,"cd_setor_fiscal":"002","cd_tipo_quadra":"F","tx_tipo_quadra":"FISCAL","cd_quadra_fiscal":"084","cd_subquadra_fiscal":null,"cd_condominio":"00","cd_tipo_lote":"F","tx_tipo_lote":"FISCAL","cd_lote":"0040","cd_situacao":1,"cd_digito_sql":"0","cd_logradouro":"012769","nm_logradouro_completo":"R MONS ANDRADE","cd_numero_porta":"94","tx_complemento_endereco":"E 96","tx_situ_lote":"ATIVO","cd_tipo_uso_imovel":"42","dc_tipo_uso_imovel":"Não residencial","cd_tipo_terreno_imovel":1,"qt_area_terreno":152,"qt_area_construida":260}}},{"type":"Feature","geometry":{"type":"Polygon","coordinates":[[[-46.622468,-23.400182],[-46.622494,-23.400134],[-46.622521,-23.400085],[-46.622564,-23.400005],[-46.622578,-23.399979],[-46.622714,-23.399728],[-46.622832,-23.399784],[-46.622652,-23.400113],[-46.622585,-23.400235],[-46.622582,-23.400241],[-46.622468,-23.400182]]]},"properties":{"sqlu":"SP-002-732444","inscription":"SP-GEOSAMPA-2732444","inscricaoImobiliaria":"SP-IMO-2732444","setor":"002","quadra":"080","lote":"0129","sourceType":"OFFICIAL_IMPORT","mainAddress":"Setor Fiscal 002","zoneamento":"RESIDENCIAL","statusCadastral":"ATIVO","workflowStatus":"PENDENTE","isOfficial":true,"rawProperties":{"cd_identificador":2732444,"cd_identificador_original_lote":9163752,"cd_setor_fiscal":"002","cd_tipo_quadra":"F","tx_tipo_quadra":"FISCAL","cd_quadra_fiscal":"080","cd_subquadra_fiscal":null,"cd_condominio":"00","cd_tipo_lote":"F","tx_tipo_lote":"FISCAL","cd_lote":"0129","cd_situacao":1,"cd_digito_sql":"8","cd_logradouro":"132268","nm_logradouro_completo":"R MARIA DOMITILA","cd_numero_porta":"244","tx_complemento_endereco":null,"tx_situ_lote":"ATIVO","cd_tipo_uso_imovel":"51","dc_tipo_uso_imovel":"Não residencial","cd_tipo_terreno_imovel":1,"qt_area_terreno":824,"qt_area_construida":824}}},{"type":"Feature","geometry":{"type":"Polygon","coordinates":[[[-46.628135,-23.398787],[-46.628104,-23.398787],[-46.628109,-23.399038],[-46.627867,-23.39904],[-46.627885,-23.398813],[-46.627887,-23.398646],[-46.62788,-23.398413],[-46.627858,-23.398158],[-46.627841,-23.398013],[-46.627812,-23.397831],[-46.627765,-23.397578],[-46.627746,-23.397474],[-46.627714,-23.397355],[-46.627692,-23.397284],[-46.627701,-23.397281],[-46.627769,-23.39744],[-46.627811,-23.397537],[-46.627852,-23.397632],[-46.627861,-23.397661],[-46.627873,-23.397706],[-46.627923,-23.397947],[-46.627928,-23.398034],[-46.627936,-23.398136],[-46.627958,-23.398228],[-46.627997,-23.398336],[-46.62804,-23.398444],[-46.62808,-23.398538],[-46.628098,-23.398652],[-46.628113,-23.398726],[-46.628135,-23.398787]]]},"properties":{"sqlu":"SP-002-731783","inscription":"SP-GEOSAMPA-2731783","inscricaoImobiliaria":"SP-IMO-2731783","setor":"002","quadra":"001","lote":"0009","sourceType":"OFFICIAL_IMPORT","mainAddress":"Setor Fiscal 002","zoneamento":"RESIDENCIAL","statusCadastral":"ATIVO","workflowStatus":"PENDENTE","isOfficial":true,"rawProperties":{"cd_identificador":2731783,"cd_identificador_original_lote":9162744,"cd_setor_fiscal":"002","cd_tipo_quadra":"M","tx_tipo_quadra":"MUNICIPAL","cd_quadra_fiscal":"001","cd_subquadra_fiscal":null,"cd_condominio":"00","cd_tipo_lote":"M","tx_tipo_lote":"MUNICIPAL","cd_lote":"0009","cd_situacao":1,"cd_digito_sql":null,"cd_logradouro":null,"nm_logradouro_completo":null,"cd_numero_porta":null,"tx_complemento_endereco":null,"tx_situ_lote":null,"cd_tipo_uso_imovel":null,"dc_tipo_uso_imovel":null,"cd_tipo_terreno_imovel":null,"qt_area_terreno":null,"qt_area_construida":null}}},{"type":"Feature","geometry":{"type":"Polygon","coordinates":[[[-46.628135,-23.398787],[-46.628234,-23.398787],[-46.628331,-23.398921],[-46.628308,-23.398966],[-46.628264,-23.399037],[-46.628109,-23.399038],[-46.628104,-23.398787],[-46.628135,-23.398787]]]},"properties":{"sqlu":"SP-002-731784","inscription":"SP-GEOSAMPA-2731784","inscricaoImobiliaria":"SP-IMO-2731784","setor":"002","quadra":"001","lote":"0010","sourceType":"OFFICIAL_IMPORT","mainAddress":"Setor Fiscal 002","zoneamento":"RESIDENCIAL","statusCadastral":"ATIVO","workflowStatus":"PENDENTE","isOfficial":true,"rawProperties":{"cd_identificador":2731784,"cd_identificador_original_lote":9162745,"cd_setor_fiscal":"002","cd_tipo_quadra":"M","tx_tipo_quadra":"MUNICIPAL","cd_quadra_fiscal":"001","cd_subquadra_fiscal":null,"cd_condominio":"00","cd_tipo_lote":"M","tx_tipo_lote":"MUNICIPAL","cd_lote":"0010","cd_situacao":1,"cd_digito_sql":null,"cd_logradouro":null,"nm_logradouro_completo":null,"cd_numero_porta":null,"tx_complemento_endereco":null,"tx_situ_lote":null,"cd_tipo_uso_imovel":null,"dc_tipo_uso_imovel":null,"cd_tipo_terreno_imovel":null,"qt_area_terreno":null,"qt_area_construida":null}}},{"type":"Feature","geometry":{"type":"Polygon","coordinates":[[[-46.622677,-23.390074],[-46.622633,-23.390081],[-46.622602,-23.389847],[-46.622613,-23.389846],[-46.622643,-23.389843],[-46.622654,-23.38992],[-46.622661,-23.389961],[-46.622677,-23.390074]]]},"properties":{"sqlu":"SP-002-731736","inscription":"SP-GEOSAMPA-2731736","inscricaoImobiliaria":"SP-IMO-2731736","setor":"002","quadra":"004","lote":"0109","sourceType":"OFFICIAL_IMPORT","mainAddress":"Setor Fiscal 002","zoneamento":"RESIDENCIAL","statusCadastral":"ATIVO","workflowStatus":"PENDENTE","isOfficial":true,"rawProperties":{"cd_identificador":2731736,"cd_identificador_original_lote":9162927,"cd_setor_fiscal":"002","cd_tipo_quadra":"F","tx_tipo_quadra":"FISCAL","cd_quadra_fiscal":"004","cd_subquadra_fiscal":null,"cd_condominio":"00","cd_tipo_lote":"F","tx_tipo_lote":"FISCAL","cd_lote":"0109","cd_situacao":1,"cd_digito_sql":"2","cd_logradouro":"038121","nm_logradouro_completo":"R S CAETANO","cd_numero_porta":"923","tx_complemento_endereco":null,"tx_situ_lote":"ATIVO","cd_tipo_uso_imovel":"40","dc_tipo_uso_imovel":"Não residencial","cd_tipo_terreno_imovel":1,"qt_area_terreno":115,"qt_area_construida":100}}},{"type":"Feature","geometry":{"type":"Polygon","coordinates":[[[-46.627103,-23.392592],[-46.627183,-23.392794],[-46.627102,-23.392814],[-46.627094,-23.392816],[-46.627002,-23.392838],[-46.626959,-23.392848],[-46.626927,-23.392856],[-46.626909,-23.392812],[-46.626827,-23.392832],[-46.626814,-23.392797],[-46.62677,-23.392677],[-46.626793,-23.392672],[-46.626812,-23.392667],[-46.626861,-23.392654],[-46.626887,-23.392647],[-46.626939,-23.392634],[-46.627032,-23.39261],[-46.627103,-23.392592]]]},"properties":{"sqlu":"SP-002-731900","inscription":"SP-GEOSAMPA-2731900","inscricaoImobiliaria":"SP-IMO-2731900","setor":"002","quadra":"022","lote":"0000","sourceType":"OFFICIAL_IMPORT","mainAddress":"Setor Fiscal 002","zoneamento":"RESIDENCIAL","statusCadastral":"ATIVO","workflowStatus":"PENDENTE","isOfficial":true,"rawProperties":{"cd_identificador":2731900,"cd_identificador_original_lote":9163313,"cd_setor_fiscal":"002","cd_tipo_quadra":"F","tx_tipo_quadra":"FISCAL","cd_quadra_fiscal":"022","cd_subquadra_fiscal":null,"cd_condominio":"06","cd_tipo_lote":"F","tx_tipo_lote":"FISCAL","cd_lote":"0000","cd_situacao":1,"cd_digito_sql":null,"cd_logradouro":"041467","nm_logradouro_completo":"R DA CANTAREIRA","cd_numero_porta":"662 672 678","tx_complemento_endereco":null,"tx_situ_lote":null,"cd_tipo_uso_imovel":"XX","dc_tipo_uso_imovel":"Condomínio","cd_tipo_terreno_imovel":99,"qt_area_terreno":902,"qt_area_construida":null}}},{"type":"Feature","geometry":{"type":"Polygon","coordinates":[[[-46.622418,-23.398914],[-46.622592,-23.398938],[-46.622587,-23.398984],[-46.622408,-23.398945],[-46.622418,-23.398914]]]},"properties":{"sqlu":"SP-002-732006","inscription":"SP-GEOSAMPA-2732006","inscricaoImobiliaria":"SP-IMO-2732006","setor":"002","quadra":"076","lote":"0020","sourceType":"OFFICIAL_IMPORT","mainAddress":"Setor Fiscal 002","zoneamento":"RESIDENCIAL","statusCadastral":"ATIVO","workflowStatus":"PENDENTE","isOfficial":true,"rawProperties":{"cd_identificador":2732006,"cd_identificador_original_lote":9164061,"cd_setor_fiscal":"002","cd_tipo_quadra":"F","tx_tipo_quadra":"FISCAL","cd_quadra_fiscal":"076","cd_subquadra_fiscal":null,"cd_condominio":"00","cd_tipo_lote":"F","tx_tipo_lote":"FISCAL","cd_lote":"0020","cd_situacao":1,"cd_digito_sql":"1","cd_logradouro":"012106","nm_logradouro_completo":"R MONS ANACLETO","cd_numero_porta":"207","tx_complemento_endereco":"E 209","tx_situ_lote":"ATIVO","cd_tipo_uso_imovel":"42","dc_tipo_uso_imovel":"Não residencial","cd_tipo_terreno_imovel":1,"qt_area_terreno":71,"qt_area_construida":140}}},{"type":"Feature","geometry":{"type":"Polygon","coordinates":[[[-46.622418,-23.398914],[-46.622429,-23.398877],[-46.622596,-23.398901],[-46.622592,-23.398938],[-46.622418,-23.398914]]]},"properties":{"sqlu":"SP-002-732007","inscription":"SP-GEOSAMPA-2732007","inscricaoImobiliaria":"SP-IMO-2732007","setor":"002","quadra":"076","lote":"0019","sourceType":"OFFICIAL_IMPORT","mainAddress":"Setor Fiscal 002","zoneamento":"RESIDENCIAL","statusCadastral":"ATIVO","workflowStatus":"PENDENTE","isOfficial":true,"rawProperties":{"cd_identificador":2732007,"cd_identificador_original_lote":9164062,"cd_setor_fiscal":"002","cd_tipo_quadra":"F","tx_tipo_quadra":"FISCAL","cd_quadra_fiscal":"076","cd_subquadra_fiscal":null,"cd_condominio":"00","cd_tipo_lote":"F","tx_tipo_lote":"FISCAL","cd_lote":"0019","cd_situacao":1,"cd_digito_sql":"8","cd_logradouro":"012106","nm_logradouro_completo":"R MONS ANACLETO","cd_numero_porta":"211","tx_complemento_endereco":null,"tx_situ_lote":"ATIVO","cd_tipo_uso_imovel":"40","dc_tipo_uso_imovel":"Não residencial","cd_tipo_terreno_imovel":1,"qt_area_terreno":90,"qt_area_construida":90}}},{"type":"Feature","geometry":{"type":"Polygon","coordinates":[[[-46.618817,-23.396668],[-46.618852,-23.396617],[-46.618962,-23.39668],[-46.618952,-23.396694],[-46.618938,-23.396714],[-46.618926,-23.396732],[-46.618902,-23.396718],[-46.618817,-23.396668]]]},"properties":{"sqlu":"SP-002-731976","inscription":"SP-GEOSAMPA-2731976","inscricaoImobiliaria":"SP-IMO-2731976","setor":"002","quadra":"057","lote":"0044","sourceType":"OFFICIAL_IMPORT","mainAddress":"Setor Fiscal 002","zoneamento":"RESIDENCIAL","statusCadastral":"ATIVO","workflowStatus":"PENDENTE","isOfficial":true,"rawProperties":{"cd_identificador":2731976,"cd_identificador_original_lote":9163410,"cd_setor_fiscal":"002","cd_tipo_quadra":"F","tx_tipo_quadra":"FISCAL","cd_quadra_fiscal":"057","cd_subquadra_fiscal":null,"cd_condominio":"00","cd_tipo_lote":"F","tx_tipo_lote":"FISCAL","cd_lote":"0044","cd_situacao":1,"cd_digito_sql":"6","cd_logradouro":"053724","nm_logradouro_completo":"R CORREIA DE ANDRADE","cd_numero_porta":"243","tx_complemento_endereco":null,"tx_situ_lote":"ATIVO","cd_tipo_uso_imovel":"10","dc_tipo_uso_imovel":"Residencial","cd_tipo_terreno_imovel":1,"qt_area_terreno":73,"qt_area_construida":90}}},{"type":"Feature","geometry":{"type":"Polygon","coordinates":[[[-46.618952,-23.39692],[-46.618898,-23.396888],[-46.618841,-23.396855],[-46.618871,-23.396812],[-46.618884,-23.396793],[-46.618995,-23.396858],[-46.618965,-23.3969],[-46.618952,-23.39692]]]},"properties":{"sqlu":"SP-002-732048","inscription":"SP-GEOSAMPA-2732048","inscricaoImobiliaria":"SP-IMO-2732048","setor":"002","quadra":"057","lote":"0061","sourceType":"OFFICIAL_IMPORT","mainAddress":"Setor Fiscal 002","zoneamento":"RESIDENCIAL","statusCadastral":"ATIVO","workflowStatus":"PENDENTE","isOfficial":true,"rawProperties":{"cd_identificador":2732048,"cd_identificador_original_lote":9163547,"cd_setor_fiscal":"002","cd_tipo_quadra":"F","tx_tipo_quadra":"FISCAL","cd_quadra_fiscal":"057","cd_subquadra_fiscal":null,"cd_condominio":"00","cd_tipo_lote":"F","tx_tipo_lote":"FISCAL","cd_lote":"0061","cd_situacao":1,"cd_digito_sql":"6","cd_logradouro":"177067","nm_logradouro_completo":"R SAMPAIO MOREIRA","cd_numero_porta":"110","tx_complemento_endereco":"CS 10","tx_situ_lote":"ATIVO","cd_tipo_uso_imovel":"10","dc_tipo_uso_imovel":"Residencial","cd_tipo_terreno_imovel":4,"qt_area_terreno":70,"qt_area_construida":80}}},{"type":"Feature","geometry":{"type":"Polygon","coordinates":[[[-46.618952,-23.39692],[-46.618924,-23.39696],[-46.618813,-23.396896],[-46.618841,-23.396855],[-46.618898,-23.396888],[-46.618952,-23.39692]]]},"properties":{"sqlu":"SP-002-732049","inscription":"SP-GEOSAMPA-2732049","inscricaoImobiliaria":"SP-IMO-2732049","setor":"002","quadra":"057","lote":"0060","sourceType":"OFFICIAL_IMPORT","mainAddress":"Setor Fiscal 002","zoneamento":"RESIDENCIAL","statusCadastral":"ATIVO","workflowStatus":"PENDENTE","isOfficial":true,"rawProperties":{"cd_identificador":2732049,"cd_identificador_original_lote":9163548,"cd_setor_fiscal":"002","cd_tipo_quadra":"F","tx_tipo_quadra":"FISCAL","cd_quadra_fiscal":"057","cd_subquadra_fiscal":null,"cd_condominio":"00","cd_tipo_lote":"F","tx_tipo_lote":"FISCAL","cd_lote":"0060","cd_situacao":1,"cd_digito_sql":"8","cd_logradouro":"177067","nm_logradouro_completo":"R SAMPAIO MOREIRA","cd_numero_porta":"110","tx_complemento_endereco":"CS 12","tx_situ_lote":"ATIVO","cd_tipo_uso_imovel":"10","dc_tipo_uso_imovel":"Residencial","cd_tipo_terreno_imovel":4,"qt_area_terreno":117,"qt_area_construida":100}}},{"type":"Feature","geometry":{"type":"Polygon","coordinates":[[[-46.622204,-23.394201],[-46.622244,-23.394104],[-46.622282,-23.394009],[-46.622315,-23.39393],[-46.622362,-23.393813],[-46.622646,-23.393914],[-46.623099,-23.394076],[-46.622933,-23.394475],[-46.622478,-23.394304],[-46.622204,-23.394201]]]},"properties":{"sqlu":"SP-002-732192","inscription":"SP-GEOSAMPA-2732192","inscricaoImobiliaria":"SP-IMO-2732192","setor":"002","quadra":"090","lote":"0024","sourceType":"OFFICIAL_IMPORT","mainAddress":"Setor Fiscal 002","zoneamento":"RESIDENCIAL","statusCadastral":"ATIVO","workflowStatus":"PENDENTE","isOfficial":true,"rawProperties":{"cd_identificador":2732192,"cd_identificador_original_lote":9163769,"cd_setor_fiscal":"002","cd_tipo_quadra":"F","tx_tipo_quadra":"FISCAL","cd_quadra_fiscal":"090","cd_subquadra_fiscal":null,"cd_condominio":"00","cd_tipo_lote":"F","tx_tipo_lote":"FISCAL","cd_lote":"0024","cd_situacao":1,"cd_digito_sql":"4","cd_logradouro":"010847","nm_logradouro_completo":"R PROF EURIPEDES SIMOES DE PAULA","cd_numero_porta":"469","tx_complemento_endereco":"475  RUA MENDES","tx_situ_lote":"ATIVO","cd_tipo_uso_imovel":"31","dc_tipo_uso_imovel":"Não residencial","cd_tipo_terreno_imovel":3,"qt_area_terreno":3780,"qt_area_construida":9375}}},{"type":"Feature","geometry":{"type":"Polygon","coordinates":[[[-46.622803,-23.389714],[-46.622818,-23.389762],[-46.62269,-23.389791],[-46.622688,-23.389774],[-46.622684,-23.389741],[-46.622719,-23.389734],[-46.622737,-23.389729],[-46.622803,-23.389714]]]},"properties":{"sqlu":"SP-002-732408","inscription":"SP-GEOSAMPA-2732408","inscricaoImobiliaria":"SP-IMO-2732408","setor":"002","quadra":"004","lote":"0014","sourceType":"OFFICIAL_IMPORT","mainAddress":"Setor Fiscal 002","zoneamento":"RESIDENCIAL","statusCadastral":"ATIVO","workflowStatus":"PENDENTE","isOfficial":true,"rawProperties":{"cd_identificador":2732408,"cd_identificador_original_lote":9163498,"cd_setor_fiscal":"002","cd_tipo_quadra":"F","tx_tipo_quadra":"FISCAL","cd_quadra_fiscal":"004","cd_subquadra_fiscal":null,"cd_condominio":"00","cd_tipo_lote":"F","tx_tipo_lote":"FISCAL","cd_lote":"0014","cd_situacao":1,"cd_digito_sql":"2","cd_logradouro":"103365","nm_logradouro_completo":"R JOAO JACINTO","cd_numero_porta":"44","tx_complemento_endereco":"CS 10","tx_situ_lote":"ATIVO","cd_tipo_uso_imovel":"10","dc_tipo_uso_imovel":"Residencial","cd_tipo_terreno_imovel":4,"qt_area_terreno":75,"qt_area_construida":228}}},{"type":"Feature","geometry":{"type":"Polygon","coordinates":[[[-46.624981,-23.390427],[-46.624957,-23.390372],[-46.625004,-23.390354],[-46.625053,-23.390468],[-46.625006,-23.390485],[-46.625,-23.390472],[-46.624996,-23.390462],[-46.624995,-23.390459],[-46.624988,-23.390444],[-46.624981,-23.390427]]]},"properties":{"sqlu":"SP-002-732485","inscription":"SP-GEOSAMPA-2732485","inscricaoImobiliaria":"SP-IMO-2732485","setor":"002","quadra":"013","lote":"0005","sourceType":"OFFICIAL_IMPORT","mainAddress":"Setor Fiscal 002","zoneamento":"RESIDENCIAL","statusCadastral":"ATIVO","workflowStatus":"PENDENTE","isOfficial":true,"rawProperties":{"cd_identificador":2732485,"cd_identificador_original_lote":9163269,"cd_setor_fiscal":"002","cd_tipo_quadra":"F","tx_tipo_quadra":"FISCAL","cd_quadra_fiscal":"013","cd_subquadra_fiscal":null,"cd_condominio":"00","cd_tipo_lote":"F","tx_tipo_lote":"FISCAL","cd_lote":"0005","cd_situacao":1,"cd_digito_sql":"2","cd_logradouro":"122858","nm_logradouro_completo":"R DR LUIS PISA","cd_numero_porta":"16","tx_complemento_endereco":null,"tx_situ_lote":"ATIVO","cd_tipo_uso_imovel":"10","dc_tipo_uso_imovel":"Residencial","cd_tipo_terreno_imovel":1,"qt_area_terreno":73,"qt_area_construida":50}}},{"type":"Feature","geometry":{"type":"Polygon","coordinates":[[[-46.624981,-23.390427],[-46.624859,-23.390468],[-46.624833,-23.390417],[-46.624957,-23.390372],[-46.624981,-23.390427]]]},"properties":{"sqlu":"SP-002-732486","inscription":"SP-GEOSAMPA-2732486","inscricaoImobiliaria":"SP-IMO-2732486","setor":"002","quadra":"013","lote":"0004","sourceType":"OFFICIAL_IMPORT","mainAddress":"Setor Fiscal 002","zoneamento":"RESIDENCIAL","statusCadastral":"ATIVO","workflowStatus":"PENDENTE","isOfficial":true,"rawProperties":{"cd_identificador":2732486,"cd_identificador_original_lote":9163270,"cd_setor_fiscal":"002","cd_tipo_quadra":"F","tx_tipo_quadra":"FISCAL","cd_quadra_fiscal":"013","cd_subquadra_fiscal":null,"cd_condominio":"00","cd_tipo_lote":"F","tx_tipo_lote":"FISCAL","cd_lote":"0004","cd_situacao":1,"cd_digito_sql":"4","cd_logradouro":"122858","nm_logradouro_completo":"R DR LUIS PISA","cd_numero_porta":"18","tx_complemento_endereco":null,"tx_situ_lote":"ATIVO","cd_tipo_uso_imovel":"10","dc_tipo_uso_imovel":"Residencial","cd_tipo_terreno_imovel":2,"qt_area_terreno":99,"qt_area_construida":50}}},{"type":"Feature","geometry":{"type":"Polygon","coordinates":[[[-46.621326,-23.391661],[-46.620875,-23.391591],[-46.620881,-23.391497],[-46.621334,-23.391526],[-46.621328,-23.39163],[-46.621326,-23.391661]]]},"properties":{"sqlu":"SP-002-779650","inscription":"SP-GEOSAMPA-6779650","inscricaoImobiliaria":"SP-IMO-6779650","setor":"002","quadra":"018","lote":"0006","sourceType":"OFFICIAL_IMPORT","mainAddress":"Setor Fiscal 002","zoneamento":"RESIDENCIAL","statusCadastral":"ATIVO","workflowStatus":"PENDENTE","isOfficial":true,"rawProperties":{"cd_identificador":6779650,"cd_identificador_original_lote":9162992,"cd_setor_fiscal":"002","cd_tipo_quadra":"F","tx_tipo_quadra":"FISCAL","cd_quadra_fiscal":"018","cd_subquadra_fiscal":null,"cd_condominio":"00","cd_tipo_lote":"F","tx_tipo_lote":"FISCAL","cd_lote":"0006","cd_situacao":1,"cd_digito_sql":"3","cd_logradouro":"012769","nm_logradouro_completo":"R MONS ANDRADE","cd_numero_porta":"917","tx_complemento_endereco":null,"tx_situ_lote":"ATIVO","cd_tipo_uso_imovel":"40","dc_tipo_uso_imovel":"Não residencial","cd_tipo_terreno_imovel":1,"qt_area_terreno":501,"qt_area_construida":400}}},{"type":"Feature","geometry":{"type":"Polygon","coordinates":[[[-46.621326,-23.391661],[-46.62132,-23.391761],[-46.620915,-23.391696],[-46.620868,-23.391689],[-46.620875,-23.391591],[-46.621326,-23.391661]]]},"properties":{"sqlu":"SP-002-779651","inscription":"SP-GEOSAMPA-6779651","inscricaoImobiliaria":"SP-IMO-6779651","setor":"002","quadra":"018","lote":"0007","sourceType":"OFFICIAL_IMPORT","mainAddress":"Setor Fiscal 002","zoneamento":"RESIDENCIAL","statusCadastral":"ATIVO","workflowStatus":"PENDENTE","isOfficial":true,"rawProperties":{"cd_identificador":6779651,"cd_identificador_original_lote":9162993,"cd_setor_fiscal":"002","cd_tipo_quadra":"F","tx_tipo_quadra":"FISCAL","cd_quadra_fiscal":"018","cd_subquadra_fiscal":null,"cd_condominio":"00","cd_tipo_lote":"F","tx_tipo_lote":"FISCAL","cd_lote":"0007","cd_situacao":1,"cd_digito_sql":"1","cd_logradouro":"012769","nm_logradouro_completo":"R MONS ANDRADE","cd_numero_porta":"905","tx_complemento_endereco":"905 A","tx_situ_lote":"ATIVO","cd_tipo_uso_imovel":"40","dc_tipo_uso_imovel":"Não residencial","cd_tipo_terreno_imovel":1,"qt_area_terreno":500,"qt_area_construida":1403}}},{"type":"Feature","geometry":{"type":"Polygon","coordinates":[[[-46.624534,-23.395411],[-46.624623,-23.395132],[-46.624679,-23.395147],[-46.624589,-23.39543],[-46.624586,-23.395441],[-46.624529,-23.395424],[-46.624534,-23.395411]]]},"properties":{"sqlu":"SP-002-732838","inscription":"SP-GEOSAMPA-2732838","inscricaoImobiliaria":"SP-IMO-2732838","setor":"002","quadra":"038","lote":"0061","sourceType":"OFFICIAL_IMPORT","mainAddress":"Setor Fiscal 002","zoneamento":"RESIDENCIAL","statusCadastral":"ATIVO","workflowStatus":"PENDENTE","isOfficial":true,"rawProperties":{"cd_identificador":2732838,"cd_identificador_original_lote":9163059,"cd_setor_fiscal":"002","cd_tipo_quadra":"F","tx_tipo_quadra":"FISCAL","cd_quadra_fiscal":"038","cd_subquadra_fiscal":null,"cd_condominio":"00","cd_tipo_lote":"F","tx_tipo_lote":"FISCAL","cd_lote":"0061","cd_situacao":1,"cd_digito_sql":"3","cd_logradouro":"010847","nm_logradouro_completo":"R PROF EURIPEDES SIMOES DE PAULA","cd_numero_porta":"230","tx_complemento_endereco":"234","tx_situ_lote":"ATIVO","cd_tipo_uso_imovel":"42","dc_tipo_uso_imovel":"Não residencial","cd_tipo_terreno_imovel":1,"qt_area_terreno":204,"qt_area_construida":250}}},{"type":"Feature","geometry":{"type":"Polygon","coordinates":[[[-46.618788,-23.396932],[-46.618786,-23.396936],[-46.618678,-23.396873],[-46.618705,-23.396833],[-46.618813,-23.396896],[-46.618788,-23.396932]]]},"properties":{"sqlu":"SP-002-732814","inscription":"SP-GEOSAMPA-2732814","inscricaoImobiliaria":"SP-IMO-2732814","setor":"002","quadra":"057","lote":"0039","sourceType":"OFFICIAL_IMPORT","mainAddress":"Setor Fiscal 002","zoneamento":"RESIDENCIAL","statusCadastral":"ATIVO","workflowStatus":"PENDENTE","isOfficial":true,"rawProperties":{"cd_identificador":2732814,"cd_identificador_original_lote":9163406,"cd_setor_fiscal":"002","cd_tipo_quadra":"F","tx_tipo_quadra":"FISCAL","cd_quadra_fiscal":"057","cd_subquadra_fiscal":null,"cd_condominio":"00","cd_tipo_lote":"F","tx_tipo_lote":"FISCAL","cd_lote":"0039","cd_situacao":1,"cd_digito_sql":"1","cd_logradouro":"053724","nm_logradouro_completo":"R CORREIA DE ANDRADE","cd_numero_porta":"219","tx_complemento_endereco":null,"tx_situ_lote":"ATIVO","cd_tipo_uso_imovel":"40","dc_tipo_uso_imovel":"Não residencial","cd_tipo_terreno_imovel":1,"qt_area_terreno":98,"qt_area_construida":100}}},{"type":"Feature","geometry":{"type":"Polygon","coordinates":[[[-46.618239,-23.398357],[-46.618257,-23.398367],[-46.618477,-23.398501],[-46.618451,-23.398538],[-46.618213,-23.398394],[-46.618227,-23.398374],[-46.618239,-23.398357]]]},"properties":{"sqlu":"SP-002-732828","inscription":"SP-GEOSAMPA-2732828","inscricaoImobiliaria":"SP-IMO-2732828","setor":"002","quadra":"085","lote":"0034","sourceType":"OFFICIAL_IMPORT","mainAddress":"Setor Fiscal 002","zoneamento":"RESIDENCIAL","statusCadastral":"ATIVO","workflowStatus":"PENDENTE","isOfficial":true,"rawProperties":{"cd_identificador":2732828,"cd_identificador_original_lote":9163818,"cd_setor_fiscal":"002","cd_tipo_quadra":"F","tx_tipo_quadra":"FISCAL","cd_quadra_fiscal":"085","cd_subquadra_fiscal":null,"cd_condominio":"00","cd_tipo_lote":"F","tx_tipo_lote":"FISCAL","cd_lote":"0034","cd_situacao":1,"cd_digito_sql":"0","cd_logradouro":"148881","nm_logradouro_completo":"R OIAPOQUE","cd_numero_porta":"50","tx_complemento_endereco":"E 52","tx_situ_lote":"ATIVO","cd_tipo_uso_imovel":"91","dc_tipo_uso_imovel":null,"cd_tipo_terreno_imovel":1,"qt_area_terreno":140,"qt_area_construida":445}}},{"type":"Feature","geometry":{"type":"Polygon","coordinates":[[[-46.618648,-23.399017],[-46.618598,-23.398986],[-46.618792,-23.398709],[-46.618813,-23.398722],[-46.618843,-23.398679],[-46.61888,-23.398701],[-46.618648,-23.399017]]]},"properties":{"sqlu":"SP-002-732768","inscription":"SP-GEOSAMPA-2732768","inscricaoImobiliaria":"SP-IMO-2732768","setor":"002","quadra":"084","lote":"0005","sourceType":"OFFICIAL_IMPORT","mainAddress":"Setor Fiscal 002","zoneamento":"RESIDENCIAL","statusCadastral":"ATIVO","workflowStatus":"PENDENTE","isOfficial":true,"rawProperties":{"cd_identificador":2732768,"cd_identificador_original_lote":9162758,"cd_setor_fiscal":"002","cd_tipo_quadra":"F","tx_tipo_quadra":"FISCAL","cd_quadra_fiscal":"084","cd_subquadra_fiscal":null,"cd_condominio":"00","cd_tipo_lote":"F","tx_tipo_lote":"FISCAL","cd_lote":"0005","cd_situacao":1,"cd_digito_sql":"2","cd_logradouro":"168700","nm_logradouro_completo":"AV RANGEL PESTANA","cd_numero_porta":"1515","tx_complemento_endereco":"E 1517","tx_situ_lote":"ATIVO","cd_tipo_uso_imovel":"40","dc_tipo_uso_imovel":"Não residencial","cd_tipo_terreno_imovel":1,"qt_area_terreno":256,"qt_area_construida":200}}},{"type":"Feature","geometry":{"type":"Polygon","coordinates":[[[-46.621581,-23.399706],[-46.621542,-23.399691],[-46.621539,-23.399696],[-46.621462,-23.399663],[-46.621494,-23.399602],[-46.621506,-23.399607],[-46.621515,-23.399592],[-46.62161,-23.399631],[-46.621603,-23.399655],[-46.621594,-23.399676],[-46.621581,-23.399706]]]},"properties":{"sqlu":"SP-002-733037","inscription":"SP-GEOSAMPA-2733037","inscricaoImobiliaria":"SP-IMO-2733037","setor":"002","quadra":"081","lote":"0036","sourceType":"OFFICIAL_IMPORT","mainAddress":"Setor Fiscal 002","zoneamento":"RESIDENCIAL","statusCadastral":"ATIVO","workflowStatus":"PENDENTE","isOfficial":true,"rawProperties":{"cd_identificador":2733037,"cd_identificador_original_lote":9163738,"cd_setor_fiscal":"002","cd_tipo_quadra":"F","tx_tipo_quadra":"FISCAL","cd_quadra_fiscal":"081","cd_subquadra_fiscal":null,"cd_condominio":"00","cd_tipo_lote":"F","tx_tipo_lote":"FISCAL","cd_lote":"0036","cd_situacao":1,"cd_digito_sql":"9","cd_logradouro":"168700","nm_logradouro_completo":"AV RANGEL PESTANA","cd_numero_porta":"1211","tx_complemento_endereco":"CS 8","tx_situ_lote":"ATIVO","cd_tipo_uso_imovel":"10","dc_tipo_uso_imovel":"Residencial","cd_tipo_terreno_imovel":4,"qt_area_terreno":92,"qt_area_construida":79}}},{"type":"Feature","geometry":{"type":"Polygon","coordinates":[[[-46.62417,-23.395596],[-46.624116,-23.395578],[-46.624203,-23.395316],[-46.624238,-23.395322],[-46.624254,-23.395327],[-46.624244,-23.395359],[-46.62417,-23.395596]]]},"properties":{"sqlu":"SP-002-733159","inscription":"SP-GEOSAMPA-2733159","inscricaoImobiliaria":"SP-IMO-2733159","setor":"002","quadra":"038","lote":"0023","sourceType":"OFFICIAL_IMPORT","mainAddress":"Setor Fiscal 002","zoneamento":"RESIDENCIAL","statusCadastral":"ATIVO","workflowStatus":"PENDENTE","isOfficial":true,"rawProperties":{"cd_identificador":2733159,"cd_identificador_original_lote":9162427,"cd_setor_fiscal":"002","cd_tipo_quadra":"F","tx_tipo_quadra":"FISCAL","cd_quadra_fiscal":"038","cd_subquadra_fiscal":null,"cd_condominio":"00","cd_tipo_lote":"F","tx_tipo_lote":"FISCAL","cd_lote":"0023","cd_situacao":1,"cd_digito_sql":"0","cd_logradouro":"031984","nm_logradouro_completo":"R BENJAMIM DE OLIVEIRA","cd_numero_porta":"139","tx_complemento_endereco":"E 141","tx_situ_lote":"ATIVO","cd_tipo_uso_imovel":"42","dc_tipo_uso_imovel":"Não residencial","cd_tipo_terreno_imovel":1,"qt_area_terreno":183,"qt_area_construida":300}}},{"type":"Feature","geometry":{"type":"Polygon","coordinates":[[[-46.621369,-23.399842],[-46.621391,-23.399853],[-46.621442,-23.399877],[-46.621411,-23.399935],[-46.621338,-23.3999],[-46.621354,-23.39987],[-46.621358,-23.399863],[-46.621369,-23.399842]]]},"properties":{"sqlu":"SP-002-733432","inscription":"SP-GEOSAMPA-2733432","inscricaoImobiliaria":"SP-IMO-2733432","setor":"002","quadra":"081","lote":"0032","sourceType":"OFFICIAL_IMPORT","mainAddress":"Setor Fiscal 002","zoneamento":"RESIDENCIAL","statusCadastral":"ATIVO","workflowStatus":"PENDENTE","isOfficial":true,"rawProperties":{"cd_identificador":2733432,"cd_identificador_original_lote":9163742,"cd_setor_fiscal":"002","cd_tipo_quadra":"F","tx_tipo_quadra":"FISCAL","cd_quadra_fiscal":"081","cd_subquadra_fiscal":null,"cd_condominio":"00","cd_tipo_lote":"F","tx_tipo_lote":"FISCAL","cd_lote":"0032","cd_situacao":1,"cd_digito_sql":"6","cd_logradouro":"168700","nm_logradouro_completo":"AV RANGEL PESTANA","cd_numero_porta":"1211","tx_complemento_endereco":"CS 4","tx_situ_lote":"ATIVO","cd_tipo_uso_imovel":"10","dc_tipo_uso_imovel":"Residencial","cd_tipo_terreno_imovel":4,"qt_area_terreno":118,"qt_area_construida":200}}},{"type":"Feature","geometry":{"type":"Polygon","coordinates":[[[-46.625082,-23.38929],[-46.625121,-23.389281],[-46.62516,-23.389386],[-46.625166,-23.389402],[-46.625176,-23.389428],[-46.625138,-23.389433],[-46.625128,-23.389412],[-46.625123,-23.389394],[-46.625082,-23.38929]]]},"properties":{"sqlu":"SP-002-816702","inscription":"SP-GEOSAMPA-6816702","inscricaoImobiliaria":"SP-IMO-6816702","setor":"002","quadra":"001","lote":"0065","sourceType":"OFFICIAL_IMPORT","mainAddress":"Setor Fiscal 002","zoneamento":"RESIDENCIAL","statusCadastral":"ATIVO","workflowStatus":"PENDENTE","isOfficial":true,"rawProperties":{"cd_identificador":6816702,"cd_identificador_original_lote":9163487,"cd_setor_fiscal":"002","cd_tipo_quadra":"F","tx_tipo_quadra":"FISCAL","cd_quadra_fiscal":"001","cd_subquadra_fiscal":null,"cd_condominio":"00","cd_tipo_lote":"F","tx_tipo_lote":"FISCAL","cd_lote":"0065","cd_situacao":1,"cd_digito_sql":"3","cd_logradouro":"158720","nm_logradouro_completo":"R PEDRO ALVARES CABRAL","cd_numero_porta":"59","tx_complemento_endereco":"CS 2","tx_situ_lote":"ATIVO","cd_tipo_uso_imovel":"10","dc_tipo_uso_imovel":"Residencial","cd_tipo_terreno_imovel":4,"qt_area_terreno":68,"qt_area_construida":40}}},{"type":"Feature","geometry":{"type":"Polygon","coordinates":[[[-46.631645,-23.401804],[-46.631518,-23.401689],[-46.631662,-23.401587],[-46.631777,-23.401713],[-46.631755,-23.40184],[-46.631645,-23.401804]]]},"properties":{"sqlu":"SP-002-816703","inscription":"SP-GEOSAMPA-6816703","inscricaoImobiliaria":"SP-IMO-6816703","setor":"002","quadra":"059","lote":"0365","sourceType":"OFFICIAL_IMPORT","mainAddress":"Setor Fiscal 002","zoneamento":"RESIDENCIAL","statusCadastral":"ATIVO","workflowStatus":"PENDENTE","isOfficial":true,"rawProperties":{"cd_identificador":6816703,"cd_identificador_original_lote":9162747,"cd_setor_fiscal":"002","cd_tipo_quadra":"F","tx_tipo_quadra":"FISCAL","cd_quadra_fiscal":"059","cd_subquadra_fiscal":null,"cd_condominio":"00","cd_tipo_lote":"F","tx_tipo_lote":"FISCAL","cd_lote":"0365","cd_situacao":1,"cd_digito_sql":"7","cd_logradouro":"044695","nm_logradouro_completo":"R GAL CARNEIRO","cd_numero_porta":"S/N","tx_complemento_endereco":null,"tx_situ_lote":"ATIVO","cd_tipo_uso_imovel":"00","dc_tipo_uso_imovel":"Terreno","cd_tipo_terreno_imovel":2,"qt_area_terreno":433,"qt_area_construida":0}}},{"type":"Feature","geometry":{"type":"Polygon","coordinates":[[[-46.623093,-23.39718],[-46.623104,-23.397153],[-46.623117,-23.397123],[-46.623149,-23.397135],[-46.623179,-23.397146],[-46.623173,-23.397156],[-46.623151,-23.397209],[-46.623133,-23.397251],[-46.623043,-23.397461],[-46.622979,-23.397447],[-46.623014,-23.397365],[-46.623038,-23.397309],[-46.623064,-23.397246],[-46.623093,-23.39718]]]},"properties":{"sqlu":"SP-002-816710","inscription":"SP-GEOSAMPA-6816710","inscricaoImobiliaria":"SP-IMO-6816710","setor":"002","quadra":"046","lote":"0011","sourceType":"OFFICIAL_IMPORT","mainAddress":"Setor Fiscal 002","zoneamento":"RESIDENCIAL","statusCadastral":"ATIVO","workflowStatus":"PENDENTE","isOfficial":true,"rawProperties":{"cd_identificador":6816710,"cd_identificador_original_lote":9163421,"cd_setor_fiscal":"002","cd_tipo_quadra":"F","tx_tipo_quadra":"FISCAL","cd_quadra_fiscal":"046","cd_subquadra_fiscal":null,"cd_condominio":"00","cd_tipo_lote":"F","tx_tipo_lote":"FISCAL","cd_lote":"0011","cd_situacao":1,"cd_digito_sql":"1","cd_logradouro":"024368","nm_logradouro_completo":"R ASSUNCAO","cd_numero_porta":"221","tx_complemento_endereco":"E 225","tx_situ_lote":"ATIVO","cd_tipo_uso_imovel":"22","dc_tipo_uso_imovel":"Residencial","cd_tipo_terreno_imovel":1,"qt_area_terreno":321,"qt_area_construida":699}}},{"type":"Feature","geometry":{"type":"Polygon","coordinates":[[[-46.618781,-23.397163],[-46.618804,-23.397176],[-46.61875,-23.397256],[-46.618696,-23.397335],[-46.61866,-23.397315],[-46.618457,-23.397197],[-46.618511,-23.397118],[-46.618538,-23.397079],[-46.618565,-23.397038],[-46.618622,-23.397071],[-46.618673,-23.3971],[-46.618781,-23.397163]]]},"properties":{"sqlu":"SP-002-816711","inscription":"SP-GEOSAMPA-6816711","inscricaoImobiliaria":"SP-IMO-6816711","setor":"002","quadra":"057","lote":"0102","sourceType":"OFFICIAL_IMPORT","mainAddress":"Setor Fiscal 002","zoneamento":"RESIDENCIAL","statusCadastral":"ATIVO","workflowStatus":"PENDENTE","isOfficial":true,"rawProperties":{"cd_identificador":6816711,"cd_identificador_original_lote":9163401,"cd_setor_fiscal":"002","cd_tipo_quadra":"F","tx_tipo_quadra":"FISCAL","cd_quadra_fiscal":"057","cd_subquadra_fiscal":null,"cd_condominio":"00","cd_tipo_lote":"F","tx_tipo_lote":"FISCAL","cd_lote":"0102","cd_situacao":1,"cd_digito_sql":"7","cd_logradouro":"053724","nm_logradouro_completo":"R CORREIA DE ANDRADE","cd_numero_porta":"179","tx_complemento_endereco":null,"tx_situ_lote":"ATIVO","cd_tipo_uso_imovel":"40","dc_tipo_uso_imovel":"Não residencial","cd_tipo_terreno_imovel":1,"qt_area_terreno":609,"qt_area_construida":548}}},{"type":"Feature","geometry":{"type":"Polygon","coordinates":[[[-46.620679,-23.397702],[-46.620795,-23.397733],[-46.620782,-23.397772],[-46.620667,-23.397741],[-46.620679,-23.397702]]]},"properties":{"sqlu":"SP-002-733610","inscription":"SP-GEOSAMPA-2733610","inscricaoImobiliaria":"SP-IMO-2733610","setor":"002","quadra":"055","lote":"0023","sourceType":"OFFICIAL_IMPORT","mainAddress":"Setor Fiscal 002","zoneamento":"RESIDENCIAL","statusCadastral":"ATIVO","workflowStatus":"PENDENTE","isOfficial":true,"rawProperties":{"cd_identificador":2733610,"cd_identificador_original_lote":9163226,"cd_setor_fiscal":"002","cd_tipo_quadra":"F","tx_tipo_quadra":"FISCAL","cd_quadra_fiscal":"055","cd_subquadra_fiscal":null,"cd_condominio":"00","cd_tipo_lote":"F","tx_tipo_lote":"FISCAL","cd_lote":"0023","cd_situacao":1,"cd_digito_sql":"4","cd_logradouro":"115835","nm_logradouro_completo":"TV LAMEIRAO","cd_numero_porta":"7","tx_complemento_endereco":null,"tx_situ_lote":"ATIVO","cd_tipo_uso_imovel":"10","dc_tipo_uso_imovel":"Residencial","cd_tipo_terreno_imovel":1,"qt_area_terreno":55,"qt_area_construida":100}}},{"type":"Feature","geometry":{"type":"Polygon","coordinates":[[[-46.618149,-23.39781],[-46.618179,-23.397763],[-46.618272,-23.397787],[-46.618232,-23.397856],[-46.618214,-23.397846],[-46.618149,-23.39781]]]},"properties":{"sqlu":"SP-002-733774","inscription":"SP-GEOSAMPA-2733774","inscricaoImobiliaria":"SP-IMO-2733774","setor":"002","quadra":"085","lote":"0059","sourceType":"OFFICIAL_IMPORT","mainAddress":"Setor Fiscal 002","zoneamento":"RESIDENCIAL","statusCadastral":"ATIVO","workflowStatus":"PENDENTE","isOfficial":true,"rawProperties":{"cd_identificador":2733774,"cd_identificador_original_lote":9163869,"cd_setor_fiscal":"002","cd_tipo_quadra":"F","tx_tipo_quadra":"FISCAL","cd_quadra_fiscal":"085","cd_subquadra_fiscal":null,"cd_condominio":"00","cd_tipo_lote":"F","tx_tipo_lote":"FISCAL","cd_lote":"0059","cd_situacao":1,"cd_digito_sql":"6","cd_logradouro":"077860","nm_logradouro_completo":"R DO GASOMETRO","cd_numero_porta":"700","tx_complemento_endereco":"704 708","tx_situ_lote":"ATIVO","cd_tipo_uso_imovel":"40","dc_tipo_uso_imovel":"Não residencial","cd_tipo_terreno_imovel":1,"qt_area_terreno":71,"qt_area_construida":142}}},{"type":"Feature","geometry":{"type":"Polygon","coordinates":[[[-46.623383,-23.398281],[-46.623432,-23.398294],[-46.623421,-23.398343],[-46.62337,-23.398334],[-46.623383,-23.398281]]]},"properties":{"sqlu":"SP-002-733782","inscription":"SP-GEOSAMPA-2733782","inscricaoImobiliaria":"SP-IMO-2733782","setor":"002","quadra":"053","lote":"0031","sourceType":"OFFICIAL_IMPORT","mainAddress":"Setor Fiscal 002","zoneamento":"RESIDENCIAL","statusCadastral":"ATIVO","workflowStatus":"PENDENTE","isOfficial":true,"rawProperties":{"cd_identificador":2733782,"cd_identificador_original_lote":9164302,"cd_setor_fiscal":"002","cd_tipo_quadra":"F","tx_tipo_quadra":"FISCAL","cd_quadra_fiscal":"053","cd_subquadra_fiscal":null,"cd_condominio":"00","cd_tipo_lote":"F","tx_tipo_lote":"FISCAL","cd_lote":"0031","cd_situacao":1,"cd_digito_sql":"6","cd_logradouro":"120456","nm_logradouro_completo":"R DO LUCAS","cd_numero_porta":"49","tx_complemento_endereco":null,"tx_situ_lote":"ATIVO","cd_tipo_uso_imovel":"40","dc_tipo_uso_imovel":"Não residencial","cd_tipo_terreno_imovel":1,"qt_area_terreno":36,"qt_area_construida":30}}},{"type":"Feature","geometry":{"type":"Polygon","coordinates":[[[-46.625328,-23.390595],[-46.625375,-23.390578],[-46.625425,-23.390687],[-46.625377,-23.390705],[-46.625328,-23.390595]]]},"properties":{"sqlu":"SP-002-734041","inscription":"SP-GEOSAMPA-2734041","inscricaoImobiliaria":"SP-IMO-2734041","setor":"002","quadra":"014","lote":"0010","sourceType":"OFFICIAL_IMPORT","mainAddress":"Setor Fiscal 002","zoneamento":"RESIDENCIAL","statusCadastral":"ATIVO","workflowStatus":"PENDENTE","isOfficial":true,"rawProperties":{"cd_identificador":2734041,"cd_identificador_original_lote":9163463,"cd_setor_fiscal":"002","cd_tipo_quadra":"F","tx_tipo_quadra":"FISCAL","cd_quadra_fiscal":"014","cd_subquadra_fiscal":null,"cd_condominio":"00","cd_tipo_lote":"F","tx_tipo_lote":"FISCAL","cd_lote":"0010","cd_situacao":1,"cd_digito_sql":"3","cd_logradouro":"076830","nm_logradouro_completo":"R EURICLES FELIX DE MATOS","cd_numero_porta":"6","tx_complemento_endereco":null,"tx_situ_lote":"ATIVO","cd_tipo_uso_imovel":"10","dc_tipo_uso_imovel":"Residencial","cd_tipo_terreno_imovel":1,"qt_area_terreno":70,"qt_area_construida":50}}},{"type":"Feature","geometry":{"type":"Polygon","coordinates":[[[-46.630273,-23.402869],[-46.630324,-23.402883],[-46.630507,-23.402932],[-46.630627,-23.402964],[-46.630726,-23.40299],[-46.630706,-23.403065],[-46.630487,-23.403008],[-46.630334,-23.402985],[-46.630304,-23.40298],[-46.630295,-23.402979],[-46.630243,-23.402973],[-46.630251,-23.402944],[-46.630263,-23.402902],[-46.630273,-23.402869]]]},"properties":{"sqlu":"SP-002-734325","inscription":"SP-GEOSAMPA-2734325","inscricaoImobiliaria":"SP-IMO-2734325","setor":"002","quadra":"059","lote":"0049","sourceType":"OFFICIAL_IMPORT","mainAddress":"Setor Fiscal 002","zoneamento":"RESIDENCIAL","statusCadastral":"ATIVO","workflowStatus":"PENDENTE","isOfficial":true,"rawProperties":{"cd_identificador":2734325,"cd_identificador_original_lote":9164120,"cd_setor_fiscal":"002","cd_tipo_quadra":"F","tx_tipo_quadra":"FISCAL","cd_quadra_fiscal":"059","cd_subquadra_fiscal":null,"cd_condominio":"00","cd_tipo_lote":"F","tx_tipo_lote":"FISCAL","cd_lote":"0049","cd_situacao":1,"cd_digito_sql":"6","cd_logradouro":"172260","nm_logradouro_completo":"R ROBERTO SIMONSEN","cd_numero_porta":"112","tx_complemento_endereco":"E 114","tx_situ_lote":"ATIVO","cd_tipo_uso_imovel":"31","dc_tipo_uso_imovel":"Não residencial","cd_tipo_terreno_imovel":1,"qt_area_terreno":398,"qt_area_construida":960}}},{"type":"Feature","geometry":{"type":"Polygon","coordinates":[[[-46.619967,-23.397689],[-46.61995,-23.39775],[-46.619858,-23.397722],[-46.619805,-23.397706],[-46.619786,-23.3977],[-46.619727,-23.397682],[-46.61971,-23.397677],[-46.619676,-23.397667],[-46.619694,-23.397601],[-46.619781,-23.397636],[-46.619822,-23.397653],[-46.619967,-23.397689]]]},"properties":{"sqlu":"SP-002-734384","inscription":"SP-GEOSAMPA-2734384","inscricaoImobiliaria":"SP-IMO-2734384","setor":"002","quadra":"057","lote":"0086","sourceType":"OFFICIAL_IMPORT","mainAddress":"Setor Fiscal 002","zoneamento":"RESIDENCIAL","statusCadastral":"ATIVO","workflowStatus":"PENDENTE","isOfficial":true,"rawProperties":{"cd_identificador":2734384,"cd_identificador_original_lote":9163475,"cd_setor_fiscal":"002","cd_tipo_quadra":"F","tx_tipo_quadra":"FISCAL","cd_quadra_fiscal":"057","cd_subquadra_fiscal":null,"cd_condominio":"00","cd_tipo_lote":"F","tx_tipo_lote":"FISCAL","cd_lote":"0086","cd_situacao":1,"cd_digito_sql":"1","cd_logradouro":"012769","nm_logradouro_completo":"R MONS ANDRADE","cd_numero_porta":"214","tx_complemento_endereco":"E 216","tx_situ_lote":"ATIVO","cd_tipo_uso_imovel":"22","dc_tipo_uso_imovel":"Residencial","cd_tipo_terreno_imovel":1,"qt_area_terreno":214,"qt_area_construida":500}}},{"type":"Feature","geometry":{"type":"Polygon","coordinates":[[[-46.623462,-23.39669],[-46.62339,-23.396667],[-46.623429,-23.396558],[-46.623432,-23.396551],[-46.623531,-23.396584],[-46.62355,-23.39659],[-46.623566,-23.396595],[-46.623604,-23.396608],[-46.623638,-23.396619],[-46.62371,-23.396643],[-46.623666,-23.396755],[-46.623595,-23.396733],[-46.62356,-23.396722],[-46.623488,-23.396698],[-46.623462,-23.39669]]]},"properties":{"sqlu":"SP-002-734014","inscription":"SP-GEOSAMPA-2734014","inscricaoImobiliaria":"SP-IMO-2734014","setor":"002","quadra":"044","lote":"0045","sourceType":"OFFICIAL_IMPORT","mainAddress":"Setor Fiscal 002","zoneamento":"RESIDENCIAL","statusCadastral":"ATIVO","workflowStatus":"PENDENTE","isOfficial":true,"rawProperties":{"cd_identificador":2734014,"cd_identificador_original_lote":9162430,"cd_setor_fiscal":"002","cd_tipo_quadra":"F","tx_tipo_quadra":"FISCAL","cd_quadra_fiscal":"044","cd_subquadra_fiscal":null,"cd_condominio":"00","cd_tipo_lote":"F","tx_tipo_lote":"FISCAL","cd_lote":"0045","cd_situacao":1,"cd_digito_sql":"7","cd_logradouro":"120456","nm_logradouro_completo":"R DO LUCAS","cd_numero_porta":"228","tx_complemento_endereco":"232 E 236","tx_situ_lote":"ATIVO","cd_tipo_uso_imovel":"22","dc_tipo_uso_imovel":"Residencial","cd_tipo_terreno_imovel":1,"qt_area_terreno":420,"qt_area_construida":1148}}},{"type":"Feature","geometry":{"type":"Polygon","coordinates":[[[-46.617375,-23.398239],[-46.617326,-23.39821],[-46.617512,-23.397944],[-46.617558,-23.397972],[-46.617375,-23.398239]]]},"properties":{"sqlu":"SP-002-734015","inscription":"SP-GEOSAMPA-2734015","inscricaoImobiliaria":"SP-IMO-2734015","setor":"002","quadra":"086","lote":"0032","sourceType":"OFFICIAL_IMPORT","mainAddress":"Setor Fiscal 002","zoneamento":"RESIDENCIAL","statusCadastral":"ATIVO","workflowStatus":"PENDENTE","isOfficial":true,"rawProperties":{"cd_identificador":2734015,"cd_identificador_original_lote":9164260,"cd_setor_fiscal":"002","cd_tipo_quadra":"F","tx_tipo_quadra":"FISCAL","cd_quadra_fiscal":"086","cd_subquadra_fiscal":null,"cd_condominio":"00","cd_tipo_lote":"F","tx_tipo_lote":"FISCAL","cd_lote":"0032","cd_situacao":1,"cd_digito_sql":"9","cd_logradouro":"168700","nm_logradouro_completo":"AV RANGEL PESTANA","cd_numero_porta":"1673","tx_complemento_endereco":null,"tx_situ_lote":"ATIVO","cd_tipo_uso_imovel":"40","dc_tipo_uso_imovel":"Não residencial","cd_tipo_terreno_imovel":1,"qt_area_terreno":212,"qt_area_construida":200}}},{"type":"Feature","geometry":{"type":"Polygon","coordinates":[[[-46.624404,-23.394724],[-46.624341,-23.394922],[-46.624293,-23.394908],[-46.624355,-23.39471],[-46.624404,-23.394724]]]},"properties":{"sqlu":"SP-002-733966","inscription":"SP-GEOSAMPA-2733966","inscricaoImobiliaria":"SP-IMO-2733966","setor":"002","quadra":"089","lote":"0013","sourceType":"OFFICIAL_IMPORT","mainAddress":"Setor Fiscal 002","zoneamento":"RESIDENCIAL","statusCadastral":"ATIVO","workflowStatus":"PENDENTE","isOfficial":true,"rawProperties":{"cd_identificador":2733966,"cd_identificador_original_lote":9164229,"cd_setor_fiscal":"002","cd_tipo_quadra":"F","tx_tipo_quadra":"FISCAL","cd_quadra_fiscal":"089","cd_subquadra_fiscal":null,"cd_condominio":"00","cd_tipo_lote":"F","tx_tipo_lote":"FISCAL","cd_lote":"0013","cd_situacao":1,"cd_digito_sql":"6","cd_logradouro":"010847","nm_logradouro_completo":"R PROF EURIPEDES SIMOES DE PAULA","cd_numero_porta":"273","tx_complemento_endereco":null,"tx_situ_lote":"ATIVO","cd_tipo_uso_imovel":"51","dc_tipo_uso_imovel":"Não residencial","cd_tipo_terreno_imovel":1,"qt_area_terreno":113,"qt_area_construida":100}}},{"type":"Feature","geometry":{"type":"Polygon","coordinates":[[[-46.624404,-23.394724],[-46.624479,-23.394747],[-46.624499,-23.394753],[-46.624471,-23.394837],[-46.624434,-23.394948],[-46.624341,-23.394922],[-46.624404,-23.394724]]]},"properties":{"sqlu":"SP-002-733967","inscription":"SP-GEOSAMPA-2733967","inscricaoImobiliaria":"SP-IMO-2733967","setor":"002","quadra":"089","lote":"0012","sourceType":"OFFICIAL_IMPORT","mainAddress":"Setor Fiscal 002","zoneamento":"RESIDENCIAL","statusCadastral":"ATIVO","workflowStatus":"PENDENTE","isOfficial":true,"rawProperties":{"cd_identificador":2733967,"cd_identificador_original_lote":9164230,"cd_setor_fiscal":"002","cd_tipo_quadra":"F","tx_tipo_quadra":"FISCAL","cd_quadra_fiscal":"089","cd_subquadra_fiscal":null,"cd_condominio":"00","cd_tipo_lote":"F","tx_tipo_lote":"FISCAL","cd_lote":"0012","cd_situacao":1,"cd_digito_sql":"8","cd_logradouro":"010847","nm_logradouro_completo":"R PROF EURIPEDES SIMOES DE PAULA","cd_numero_porta":"259","tx_complemento_endereco":"E 265","tx_situ_lote":"ATIVO","cd_tipo_uso_imovel":"43","dc_tipo_uso_imovel":"Não residencial","cd_tipo_terreno_imovel":1,"qt_area_terreno":225,"qt_area_construida":500}}},{"type":"Feature","geometry":{"type":"Polygon","coordinates":[[[-46.624404,-23.394724],[-46.624355,-23.39471],[-46.624306,-23.394697],[-46.624262,-23.394685],[-46.624216,-23.394673],[-46.624284,-23.394462],[-46.624752,-23.394591],[-46.624683,-23.394808],[-46.624646,-23.394797],[-46.624641,-23.394795],[-46.624589,-23.394781],[-46.624499,-23.394753],[-46.624479,-23.394747],[-46.624404,-23.394724]]]},"properties":{"sqlu":"SP-002-733968","inscription":"SP-GEOSAMPA-2733968","inscricaoImobiliaria":"SP-IMO-2733968","setor":"002","quadra":"089","lote":"0031","sourceType":"OFFICIAL_IMPORT","mainAddress":"Setor Fiscal 002","zoneamento":"RESIDENCIAL","statusCadastral":"ATIVO","workflowStatus":"PENDENTE","isOfficial":true,"rawProperties":{"cd_identificador":2733968,"cd_identificador_original_lote":9164244,"cd_setor_fiscal":"002","cd_tipo_quadra":"F","tx_tipo_quadra":"FISCAL","cd_quadra_fiscal":"089","cd_subquadra_fiscal":null,"cd_condominio":"00","cd_tipo_lote":"F","tx_tipo_lote":"FISCAL","cd_lote":"0031","cd_situacao":1,"cd_digito_sql":"4","cd_logradouro":"138215","nm_logradouro_completo":"R MENDES CALDEIRA","cd_numero_porta":"82","tx_complemento_endereco":"86,92,96 E 98","tx_situ_lote":"ATIVO","cd_tipo_uso_imovel":"43","dc_tipo_uso_imovel":"Não residencial","cd_tipo_terreno_imovel":1,"qt_area_terreno":1250,"qt_area_construida":3500}}},{"type":"Feature","geometry":{"type":"Polygon","coordinates":[[[-46.620266,-23.399417],[-46.620206,-23.3994],[-46.620249,-23.399316],[-46.620262,-23.39932],[-46.620609,-23.39942],[-46.620579,-23.399508],[-46.620423,-23.399463],[-46.620315,-23.399431],[-46.620266,-23.399417]]]},"properties":{"sqlu":"SP-002-734436","inscription":"SP-GEOSAMPA-2734436","inscricaoImobiliaria":"SP-IMO-2734436","setor":"002","quadra":"082","lote":"0035","sourceType":"OFFICIAL_IMPORT","mainAddress":"Setor Fiscal 002","zoneamento":"RESIDENCIAL","statusCadastral":"ATIVO","workflowStatus":"PENDENTE","isOfficial":true,"rawProperties":{"cd_identificador":2734436,"cd_identificador_original_lote":9164155,"cd_setor_fiscal":"002","cd_tipo_quadra":"F","tx_tipo_quadra":"FISCAL","cd_quadra_fiscal":"082","cd_subquadra_fiscal":null,"cd_condominio":"00","cd_tipo_lote":"F","tx_tipo_lote":"FISCAL","cd_lote":"0035","cd_situacao":1,"cd_digito_sql":"5","cd_logradouro":"194999","nm_logradouro_completo":"R VASCO DA GAMA","cd_numero_porta":"64","tx_complemento_endereco":"E 68","tx_situ_lote":"ATIVO","cd_tipo_uso_imovel":"43","dc_tipo_uso_imovel":"Não residencial","cd_tipo_terreno_imovel":1,"qt_area_terreno":408,"qt_area_construida":1780}}},{"type":"Feature","geometry":{"type":"Polygon","coordinates":[[[-46.622583,-23.399027],[-46.622561,-23.399025],[-46.622513,-23.399019],[-46.622396,-23.398983],[-46.622408,-23.398945],[-46.622587,-23.398984],[-46.622583,-23.399027]]]},"properties":{"sqlu":"SP-002-734597","inscription":"SP-GEOSAMPA-2734597","inscricaoImobiliaria":"SP-IMO-2734597","setor":"002","quadra":"076","lote":"0021","sourceType":"OFFICIAL_IMPORT","mainAddress":"Setor Fiscal 002","zoneamento":"RESIDENCIAL","statusCadastral":"ATIVO","workflowStatus":"PENDENTE","isOfficial":true,"rawProperties":{"cd_identificador":2734597,"cd_identificador_original_lote":9164060,"cd_setor_fiscal":"002","cd_tipo_quadra":"F","tx_tipo_quadra":"FISCAL","cd_quadra_fiscal":"076","cd_subquadra_fiscal":null,"cd_condominio":"00","cd_tipo_lote":"F","tx_tipo_lote":"FISCAL","cd_lote":"0021","cd_situacao":1,"cd_digito_sql":"1","cd_logradouro":"012106","nm_logradouro_completo":"R MONS ANACLETO","cd_numero_porta":"205","tx_complemento_endereco":null,"tx_situ_lote":"ATIVO","cd_tipo_uso_imovel":"40","dc_tipo_uso_imovel":"Não residencial","cd_tipo_terreno_imovel":1,"qt_area_terreno":71,"qt_area_construida":60}}},{"type":"Feature","geometry":{"type":"Polygon","coordinates":[[[-46.624425,-23.398314],[-46.624369,-23.398285],[-46.624475,-23.397913],[-46.624606,-23.397941],[-46.624509,-23.398284],[-46.624485,-23.398277],[-46.624465,-23.398336],[-46.624425,-23.398314]]]},"properties":{"sqlu":"SP-002-734476","inscription":"SP-GEOSAMPA-2734476","inscricaoImobiliaria":"SP-IMO-2734476","setor":"002","quadra":"053","lote":"0012","sourceType":"OFFICIAL_IMPORT","mainAddress":"Setor Fiscal 002","zoneamento":"RESIDENCIAL","statusCadastral":"ATIVO","workflowStatus":"PENDENTE","isOfficial":true,"rawProperties":{"cd_identificador":2734476,"cd_identificador_original_lote":9163119,"cd_setor_fiscal":"002","cd_tipo_quadra":"F","tx_tipo_quadra":"FISCAL","cd_quadra_fiscal":"053","cd_subquadra_fiscal":null,"cd_condominio":"00","cd_tipo_lote":"F","tx_tipo_lote":"FISCAL","cd_lote":"0012","cd_situacao":1,"cd_digito_sql":"1","cd_logradouro":"024368","nm_logradouro_completo":"R ASSUNCAO","cd_numero_porta":"54","tx_complemento_endereco":"60 E 66","tx_situ_lote":"ATIVO","cd_tipo_uso_imovel":"42","dc_tipo_uso_imovel":"Não residencial","cd_tipo_terreno_imovel":1,"qt_area_terreno":580,"qt_area_construida":832}}},{"type":"Feature","geometry":{"type":"Polygon","coordinates":[[[-46.622449,-23.39748],[-46.622377,-23.397654],[-46.622333,-23.397626],[-46.622399,-23.39747],[-46.622449,-23.39748]]]},"properties":{"sqlu":"SP-002-734540","inscription":"SP-GEOSAMPA-2734540","inscricaoImobiliaria":"SP-IMO-2734540","setor":"002","quadra":"054","lote":"0029","sourceType":"OFFICIAL_IMPORT","mainAddress":"Setor Fiscal 002","zoneamento":"RESIDENCIAL","statusCadastral":"ATIVO","workflowStatus":"PENDENTE","isOfficial":true,"rawProperties":{"cd_identificador":2734540,"cd_identificador_original_lote":9162826,"cd_setor_fiscal":"002","cd_tipo_quadra":"F","tx_tipo_quadra":"FISCAL","cd_quadra_fiscal":"054","cd_subquadra_fiscal":null,"cd_condominio":"00","cd_tipo_lote":"F","tx_tipo_lote":"FISCAL","cd_lote":"0029","cd_situacao":1,"cd_digito_sql":"9","cd_logradouro":"024368","nm_logradouro_completo":"R ASSUNCAO","cd_numero_porta":"278","tx_complemento_endereco":"E 280","tx_situ_lote":"ATIVO","cd_tipo_uso_imovel":"42","dc_tipo_uso_imovel":"Não residencial","cd_tipo_terreno_imovel":1,"qt_area_terreno":100,"qt_area_construida":187}}},{"type":"Feature","geometry":{"type":"Polygon","coordinates":[[[-46.622449,-23.39748],[-46.622499,-23.397491],[-46.622416,-23.397679],[-46.622377,-23.397654],[-46.622449,-23.39748]]]},"properties":{"sqlu":"SP-002-734539","inscription":"SP-GEOSAMPA-2734539","inscricaoImobiliaria":"SP-IMO-2734539","setor":"002","quadra":"054","lote":"0030","sourceType":"OFFICIAL_IMPORT","mainAddress":"Setor Fiscal 002","zoneamento":"RESIDENCIAL","statusCadastral":"ATIVO","workflowStatus":"PENDENTE","isOfficial":true,"rawProperties":{"cd_identificador":2734539,"cd_identificador_original_lote":9162825,"cd_setor_fiscal":"002","cd_tipo_quadra":"F","tx_tipo_quadra":"FISCAL","cd_quadra_fiscal":"054","cd_subquadra_fiscal":null,"cd_condominio":"00","cd_tipo_lote":"F","tx_tipo_lote":"FISCAL","cd_lote":"0030","cd_situacao":1,"cd_digito_sql":"2","cd_logradouro":"024368","nm_logradouro_completo":"R ASSUNCAO","cd_numero_porta":"276","tx_complemento_endereco":null,"tx_situ_lote":"ATIVO","cd_tipo_uso_imovel":"40","dc_tipo_uso_imovel":"Não residencial","cd_tipo_terreno_imovel":1,"qt_area_terreno":113,"qt_area_construida":99}}},{"type":"Feature","geometry":{"type":"Polygon","coordinates":[[[-46.622254,-23.388979],[-46.622281,-23.388973],[-46.622309,-23.389059],[-46.622319,-23.389092],[-46.622326,-23.389122],[-46.622342,-23.389197],[-46.622368,-23.389194],[-46.622376,-23.389248],[-46.622384,-23.389305],[-46.622373,-23.389307],[-46.622382,-23.389359],[-46.622391,-23.389413],[-46.622401,-23.389413],[-46.622409,-23.389467],[-46.622417,-23.389522],[-46.622426,-23.389585],[-46.622408,-23.389585],[-46.622383,-23.389457],[-46.622337,-23.38946],[-46.622325,-23.389346],[-46.622308,-23.389189],[-46.622254,-23.388979]]]},"properties":{"sqlu":"SP-002-734618","inscription":"SP-GEOSAMPA-2734618","inscricaoImobiliaria":"SP-IMO-2734618","setor":"002","quadra":"004","lote":"0003","sourceType":"OFFICIAL_IMPORT","mainAddress":"Setor Fiscal 002","zoneamento":"RESIDENCIAL","statusCadastral":"ATIVO","workflowStatus":"PENDENTE","isOfficial":true,"rawProperties":{"cd_identificador":2734618,"cd_identificador_original_lote":9162930,"cd_setor_fiscal":"002","cd_tipo_quadra":"F","tx_tipo_quadra":"FISCAL","cd_quadra_fiscal":"004","cd_subquadra_fiscal":null,"cd_condominio":"00","cd_tipo_lote":"V","tx_tipo_lote":"Via de Acesso","cd_lote":"0003","cd_situacao":1,"cd_digito_sql":null,"cd_logradouro":null,"nm_logradouro_completo":null,"cd_numero_porta":null,"tx_complemento_endereco":null,"tx_situ_lote":null,"cd_tipo_uso_imovel":null,"dc_tipo_uso_imovel":null,"cd_tipo_terreno_imovel":null,"qt_area_terreno":null,"qt_area_construida":null}}},{"type":"Feature","geometry":{"type":"Polygon","coordinates":[[[-46.621862,-23.393633],[-46.621962,-23.39367],[-46.621882,-23.393863],[-46.621782,-23.393827],[-46.621862,-23.393633]]]},"properties":{"sqlu":"SP-002-734439","inscription":"SP-GEOSAMPA-2734439","inscricaoImobiliaria":"SP-IMO-2734439","setor":"002","quadra":"090","lote":"0020","sourceType":"OFFICIAL_IMPORT","mainAddress":"Setor Fiscal 002","zoneamento":"RESIDENCIAL","statusCadastral":"ATIVO","workflowStatus":"PENDENTE","isOfficial":true,"rawProperties":{"cd_identificador":2734439,"cd_identificador_original_lote":9163779,"cd_setor_fiscal":"002","cd_tipo_quadra":"F","tx_tipo_quadra":"FISCAL","cd_quadra_fiscal":"090","cd_subquadra_fiscal":null,"cd_condominio":"00","cd_tipo_lote":"F","tx_tipo_lote":"FISCAL","cd_lote":"0020","cd_situacao":1,"cd_digito_sql":"1","cd_logradouro":"138215","nm_logradouro_completo":"R MENDES CALDEIRA","cd_numero_porta":"376","tx_complemento_endereco":null,"tx_situ_lote":"ATIVO","cd_tipo_uso_imovel":"40","dc_tipo_uso_imovel":"Não residencial","cd_tipo_terreno_imovel":1,"qt_area_terreno":220,"qt_area_construida":210}}},{"type":"Feature","geometry":{"type":"Polygon","coordinates":[[[-46.621334,-23.391526],[-46.620881,-23.391497],[-46.620887,-23.391398],[-46.621341,-23.391421],[-46.621334,-23.391526]]]},"properties":{"sqlu":"SP-002-779831","inscription":"SP-GEOSAMPA-6779831","inscricaoImobiliaria":"SP-IMO-6779831","setor":"002","quadra":"018","lote":"0005","sourceType":"OFFICIAL_IMPORT","mainAddress":"Setor Fiscal 002","zoneamento":"RESIDENCIAL","statusCadastral":"ATIVO","workflowStatus":"PENDENTE","isOfficial":true,"rawProperties":{"cd_identificador":6779831,"cd_identificador_original_lote":9162991,"cd_setor_fiscal":"002","cd_tipo_quadra":"F","tx_tipo_quadra":"FISCAL","cd_quadra_fiscal":"018","cd_subquadra_fiscal":null,"cd_condominio":"00","cd_tipo_lote":"F","tx_tipo_lote":"FISCAL","cd_lote":"0005","cd_situacao":1,"cd_digito_sql":"5","cd_logradouro":"012769","nm_logradouro_completo":"R MONS ANDRADE","cd_numero_porta":"931","tx_complemento_endereco":null,"tx_situ_lote":"ATIVO","cd_tipo_uso_imovel":"40","dc_tipo_uso_imovel":"Não residencial","cd_tipo_terreno_imovel":1,"qt_area_terreno":483,"qt_area_construida":400}}},{"type":"Feature","geometry":{"type":"Polygon","coordinates":[[[-46.629139,-23.401691],[-46.629176,-23.401639],[-46.62937,-23.401724],[-46.629335,-23.401777],[-46.629139,-23.401691]]]},"properties":{"sqlu":"SP-002-734913","inscription":"SP-GEOSAMPA-2734913","inscricaoImobiliaria":"SP-IMO-2734913","setor":"002","quadra":"066","lote":"0038","sourceType":"OFFICIAL_IMPORT","mainAddress":"Setor Fiscal 002","zoneamento":"RESIDENCIAL","statusCadastral":"ATIVO","workflowStatus":"PENDENTE","isOfficial":true,"rawProperties":{"cd_identificador":2734913,"cd_identificador_original_lote":9163829,"cd_setor_fiscal":"002","cd_tipo_quadra":"F","tx_tipo_quadra":"FISCAL","cd_quadra_fiscal":"066","cd_subquadra_fiscal":null,"cd_condominio":"00","cd_tipo_lote":"F","tx_tipo_lote":"FISCAL","cd_lote":"0038","cd_situacao":1,"cd_digito_sql":"0","cd_logradouro":"159840","nm_logradouro_completo":"PQ DOM PEDRO II","cd_numero_porta":"816","tx_complemento_endereco":"E BXOS 816","tx_situ_lote":"ATIVO","cd_tipo_uso_imovel":"42","dc_tipo_uso_imovel":"Não residencial","cd_tipo_terreno_imovel":1,"qt_area_terreno":152,"qt_area_construida":280}}},{"type":"Feature","geometry":{"type":"Polygon","coordinates":[[[-46.631834,-23.402894],[-46.631792,-23.402964],[-46.631789,-23.402963],[-46.631677,-23.40292],[-46.631712,-23.402845],[-46.631714,-23.402839],[-46.631758,-23.402859],[-46.631796,-23.402877],[-46.631802,-23.402879],[-46.631834,-23.402894]]]},"properties":{"sqlu":"SP-002-735041","inscription":"SP-GEOSAMPA-2735041","inscricaoImobiliaria":"SP-IMO-2735041","setor":"002","quadra":"061","lote":"0003","sourceType":"OFFICIAL_IMPORT","mainAddress":"Setor Fiscal 002","zoneamento":"RESIDENCIAL","statusCadastral":"ATIVO","workflowStatus":"PENDENTE","isOfficial":true,"rawProperties":{"cd_identificador":2735041,"cd_identificador_original_lote":9162651,"cd_setor_fiscal":"002","cd_tipo_quadra":"F","tx_tipo_quadra":"FISCAL","cd_quadra_fiscal":"061","cd_subquadra_fiscal":null,"cd_condominio":"00","cd_tipo_lote":"F","tx_tipo_lote":"FISCAL","cd_lote":"0003","cd_situacao":1,"cd_digito_sql":"5","cd_logradouro":"204188","nm_logradouro_completo":"PT DO COLEGIO","cd_numero_porta":"3","tx_complemento_endereco":"E 3A","tx_situ_lote":"ATIVO","cd_tipo_uso_imovel":"31","dc_tipo_uso_imovel":"Não residencial","cd_tipo_terreno_imovel":1,"qt_area_terreno":175,"qt_area_construida":1746}}},{"type":"Feature","geometry":{"type":"Polygon","coordinates":[[[-46.625335,-23.390501],[-46.625291,-23.390518],[-46.625239,-23.390398],[-46.625284,-23.390382],[-46.625295,-23.390407],[-46.625304,-23.390428],[-46.625335,-23.390501]]]},"properties":{"sqlu":"SP-002-735288","inscription":"SP-GEOSAMPA-2735288","inscricaoImobiliaria":"SP-IMO-2735288","setor":"002","quadra":"013","lote":"0017","sourceType":"OFFICIAL_IMPORT","mainAddress":"Setor Fiscal 002","zoneamento":"RESIDENCIAL","statusCadastral":"ATIVO","workflowStatus":"PENDENTE","isOfficial":true,"rawProperties":{"cd_identificador":2735288,"cd_identificador_original_lote":9163456,"cd_setor_fiscal":"002","cd_tipo_quadra":"F","tx_tipo_quadra":"FISCAL","cd_quadra_fiscal":"013","cd_subquadra_fiscal":null,"cd_condominio":"00","cd_tipo_lote":"F","tx_tipo_lote":"FISCAL","cd_lote":"0017","cd_situacao":1,"cd_digito_sql":"6","cd_logradouro":"076830","nm_logradouro_completo":"R EURICLES FELIX DE MATOS","cd_numero_porta":"5","tx_complemento_endereco":null,"tx_situ_lote":"ATIVO","cd_tipo_uso_imovel":"10","dc_tipo_uso_imovel":"Residencial","cd_tipo_terreno_imovel":1,"qt_area_terreno":70,"qt_area_construida":50}}},{"type":"Feature","geometry":{"type":"Polygon","coordinates":[[[-46.619431,-23.398187],[-46.619446,-23.398146],[-46.619495,-23.398169],[-46.619517,-23.398087],[-46.619763,-23.398142],[-46.619752,-23.398193],[-46.619664,-23.39832],[-46.619546,-23.398253],[-46.619483,-23.398217],[-46.619431,-23.398187]]]},"properties":{"sqlu":"SP-002-734893","inscription":"SP-GEOSAMPA-2734893","inscricaoImobiliaria":"SP-IMO-2734893","setor":"002","quadra":"084","lote":"0000","sourceType":"OFFICIAL_IMPORT","mainAddress":"Setor Fiscal 002","zoneamento":"RESIDENCIAL","statusCadastral":"ATIVO","workflowStatus":"PENDENTE","isOfficial":true,"rawProperties":{"cd_identificador":2734893,"cd_identificador_original_lote":9163976,"cd_setor_fiscal":"002","cd_tipo_quadra":"F","tx_tipo_quadra":"FISCAL","cd_quadra_fiscal":"084","cd_subquadra_fiscal":null,"cd_condominio":"03","cd_tipo_lote":"F","tx_tipo_lote":"FISCAL","cd_lote":"0000","cd_situacao":1,"cd_digito_sql":null,"cd_logradouro":"012769","nm_logradouro_completo":"R MONS ANDRADE","cd_numero_porta":"140 144","tx_complemento_endereco":null,"tx_situ_lote":null,"cd_tipo_uso_imovel":"XX","dc_tipo_uso_imovel":"Condomínio","cd_tipo_terreno_imovel":99,"qt_area_terreno":525,"qt_area_construida":null}}},{"type":"Feature","geometry":{"type":"Polygon","coordinates":[[[-46.621424,-23.390001],[-46.620971,-23.38999],[-46.620976,-23.389893],[-46.621424,-23.389917],[-46.621424,-23.390001]]]},"properties":{"sqlu":"SP-002-735197","inscription":"SP-GEOSAMPA-2735197","inscricaoImobiliaria":"SP-IMO-2735197","setor":"002","quadra":"004","lote":"0118","sourceType":"OFFICIAL_IMPORT","mainAddress":"Setor Fiscal 002","zoneamento":"RESIDENCIAL","statusCadastral":"ATIVO","workflowStatus":"PENDENTE","isOfficial":true,"rawProperties":{"cd_identificador":2735197,"cd_identificador_original_lote":9162916,"cd_setor_fiscal":"002","cd_tipo_quadra":"F","tx_tipo_quadra":"FISCAL","cd_quadra_fiscal":"004","cd_subquadra_fiscal":null,"cd_condominio":"00","cd_tipo_lote":"F","tx_tipo_lote":"FISCAL","cd_lote":"0118","cd_situacao":1,"cd_digito_sql":"1","cd_logradouro":"012769","nm_logradouro_completo":"R MONS ANDRADE","cd_numero_porta":"1093","tx_complemento_endereco":"1095","tx_situ_lote":"ATIVO","cd_tipo_uso_imovel":"40","dc_tipo_uso_imovel":"Não residencial","cd_tipo_terreno_imovel":1,"qt_area_terreno":488,"qt_area_construida":900}}},{"type":"Feature","geometry":{"type":"Polygon","coordinates":[[[-46.628931,-23.397751],[-46.628986,-23.397739],[-46.629035,-23.397923],[-46.629042,-23.397951],[-46.628981,-23.397966],[-46.628931,-23.397751]]]},"properties":{"sqlu":"SP-002-735090","inscription":"SP-GEOSAMPA-2735090","inscricaoImobiliaria":"SP-IMO-2735090","setor":"002","quadra":"033","lote":"0013","sourceType":"OFFICIAL_IMPORT","mainAddress":"Setor Fiscal 002","zoneamento":"RESIDENCIAL","statusCadastral":"ATIVO","workflowStatus":"PENDENTE","isOfficial":true,"rawProperties":{"cd_identificador":2735090,"cd_identificador_original_lote":9162637,"cd_setor_fiscal":"002","cd_tipo_quadra":"F","tx_tipo_quadra":"FISCAL","cd_quadra_fiscal":"033","cd_subquadra_fiscal":null,"cd_condominio":"00","cd_tipo_lote":"F","tx_tipo_lote":"FISCAL","cd_lote":"0013","cd_situacao":1,"cd_digito_sql":"0","cd_logradouro":"095753","nm_logradouro_completo":"R DR ITAPURA DE MIRANDA","cd_numero_porta":"26","tx_complemento_endereco":"E 30","tx_situ_lote":"ATIVO","cd_tipo_uso_imovel":"42","dc_tipo_uso_imovel":"Não residencial","cd_tipo_terreno_imovel":1,"qt_area_terreno":166,"qt_area_construida":280}}},{"type":"Feature","geometry":{"type":"Polygon","coordinates":[[[-46.621724,-23.398871],[-46.621745,-23.398689],[-46.621826,-23.398699],[-46.621816,-23.398775],[-46.621813,-23.398798],[-46.621803,-23.39888],[-46.621724,-23.398871]]]},"properties":{"sqlu":"SP-002-735191","inscription":"SP-GEOSAMPA-2735191","inscricaoImobiliaria":"SP-IMO-2735191","setor":"002","quadra":"077","lote":"0044","sourceType":"OFFICIAL_IMPORT","mainAddress":"Setor Fiscal 002","zoneamento":"RESIDENCIAL","statusCadastral":"ATIVO","workflowStatus":"PENDENTE","isOfficial":true,"rawProperties":{"cd_identificador":2735191,"cd_identificador_original_lote":9164220,"cd_setor_fiscal":"002","cd_tipo_quadra":"F","tx_tipo_quadra":"FISCAL","cd_quadra_fiscal":"077","cd_subquadra_fiscal":null,"cd_condominio":"00","cd_tipo_lote":"F","tx_tipo_lote":"FISCAL","cd_lote":"0044","cd_situacao":1,"cd_digito_sql":"3","cd_logradouro":"077860","nm_logradouro_completo":"R DO GASOMETRO","cd_numero_porta":"306","tx_complemento_endereco":"E 310","tx_situ_lote":"ATIVO","cd_tipo_uso_imovel":"43","dc_tipo_uso_imovel":"Não residencial","cd_tipo_terreno_imovel":1,"qt_area_terreno":246,"qt_area_construida":600}}},{"type":"Feature","geometry":{"type":"Polygon","coordinates":[[[-46.620861,-23.391902],[-46.621306,-23.391973],[-46.621302,-23.392034],[-46.621294,-23.392163],[-46.621287,-23.392261],[-46.621263,-23.392259],[-46.620884,-23.392223],[-46.620851,-23.39222],[-46.620861,-23.391903],[-46.620861,-23.391902]]]},"properties":{"sqlu":"SP-002-779370","inscription":"SP-GEOSAMPA-6779370","inscricaoImobiliaria":"SP-IMO-6779370","setor":"002","quadra":"018","lote":"0022","sourceType":"OFFICIAL_IMPORT","mainAddress":"Setor Fiscal 002","zoneamento":"RESIDENCIAL","statusCadastral":"ATIVO","workflowStatus":"PENDENTE","isOfficial":true,"rawProperties":{"cd_identificador":6779370,"cd_identificador_original_lote":10637444,"cd_setor_fiscal":"002","cd_tipo_quadra":"F","tx_tipo_quadra":"FISCAL","cd_quadra_fiscal":"018","cd_subquadra_fiscal":null,"cd_condominio":"00","cd_tipo_lote":"F","tx_tipo_lote":"FISCAL","cd_lote":"0022","cd_situacao":1,"cd_digito_sql":"5","cd_logradouro":"012769","nm_logradouro_completo":"R MONS ANDRADE","cd_numero_porta":"845","tx_complemento_endereco":null,"tx_situ_lote":"ATIVO","cd_tipo_uso_imovel":"40","dc_tipo_uso_imovel":"Não residencial","cd_tipo_terreno_imovel":1,"qt_area_terreno":1656,"qt_area_construida":2798}}},{"type":"Feature","geometry":{"type":"Polygon","coordinates":[[[-46.620864,-23.391829],[-46.621311,-23.391901],[-46.621309,-23.391926],[-46.621306,-23.391973],[-46.620861,-23.391902],[-46.620864,-23.391832],[-46.620864,-23.391829]]]},"properties":{"sqlu":"SP-002-779371","inscription":"SP-GEOSAMPA-6779371","inscricaoImobiliaria":"SP-IMO-6779371","setor":"002","quadra":"018","lote":"0021","sourceType":"OFFICIAL_IMPORT","mainAddress":"Setor Fiscal 002","zoneamento":"RESIDENCIAL","statusCadastral":"ATIVO","workflowStatus":"PENDENTE","isOfficial":true,"rawProperties":{"cd_identificador":6779371,"cd_identificador_original_lote":10637443,"cd_setor_fiscal":"002","cd_tipo_quadra":"F","tx_tipo_quadra":"FISCAL","cd_quadra_fiscal":"018","cd_subquadra_fiscal":null,"cd_condominio":"00","cd_tipo_lote":"F","tx_tipo_lote":"FISCAL","cd_lote":"0021","cd_situacao":1,"cd_digito_sql":"7","cd_logradouro":"012769","nm_logradouro_completo":"R MONS ANDRADE","cd_numero_porta":"S/N","tx_complemento_endereco":null,"tx_situ_lote":"ATIVO","cd_tipo_uso_imovel":"00","dc_tipo_uso_imovel":"Terreno","cd_tipo_terreno_imovel":1,"qt_area_terreno":376,"qt_area_construida":0}}},{"type":"Feature","geometry":{"type":"Polygon","coordinates":[[[-46.621311,-23.391901],[-46.620864,-23.391829],[-46.620866,-23.391766],[-46.620868,-23.391689],[-46.620915,-23.391696],[-46.62132,-23.391761],[-46.621315,-23.391838],[-46.621315,-23.391838],[-46.621314,-23.391854],[-46.621311,-23.391901]]]},"properties":{"sqlu":"SP-002-779364","inscription":"SP-GEOSAMPA-6779364","inscricaoImobiliaria":"SP-IMO-6779364","setor":"002","quadra":"018","lote":"0023","sourceType":"OFFICIAL_IMPORT","mainAddress":"Setor Fiscal 002","zoneamento":"RESIDENCIAL","statusCadastral":"ATIVO","workflowStatus":"PENDENTE","isOfficial":true,"rawProperties":{"cd_identificador":6779364,"cd_identificador_original_lote":10637449,"cd_setor_fiscal":"002","cd_tipo_quadra":"F","tx_tipo_quadra":"FISCAL","cd_quadra_fiscal":"018","cd_subquadra_fiscal":null,"cd_condominio":"00","cd_tipo_lote":"F","tx_tipo_lote":"FISCAL","cd_lote":"0023","cd_situacao":1,"cd_digito_sql":"3","cd_logradouro":"012769","nm_logradouro_completo":"R MONS ANDRADE","cd_numero_porta":"889","tx_complemento_endereco":"897","tx_situ_lote":"ATIVO","cd_tipo_uso_imovel":"40","dc_tipo_uso_imovel":"Não residencial","cd_tipo_terreno_imovel":1,"qt_area_terreno":733,"qt_area_construida":1334}}},{"type":"Feature","geometry":{"type":"Polygon","coordinates":[[[-46.621957,-23.389055],[-46.622,-23.389044],[-46.622023,-23.389158],[-46.622053,-23.389309],[-46.622061,-23.389367],[-46.622085,-23.389538],[-46.622048,-23.389536],[-46.62204,-23.389473],[-46.622018,-23.38933],[-46.622015,-23.38931],[-46.62199,-23.389181],[-46.621978,-23.389133],[-46.621961,-23.38907],[-46.621957,-23.389055]]]},"properties":{"sqlu":"SP-002-735296","inscription":"SP-GEOSAMPA-2735296","inscricaoImobiliaria":"SP-IMO-2735296","setor":"002","quadra":"004","lote":"0057","sourceType":"OFFICIAL_IMPORT","mainAddress":"Setor Fiscal 002","zoneamento":"RESIDENCIAL","statusCadastral":"ATIVO","workflowStatus":"PENDENTE","isOfficial":true,"rawProperties":{"cd_identificador":2735296,"cd_identificador_original_lote":9162287,"cd_setor_fiscal":"002","cd_tipo_quadra":"F","tx_tipo_quadra":"FISCAL","cd_quadra_fiscal":"004","cd_subquadra_fiscal":null,"cd_condominio":"00","cd_tipo_lote":"F","tx_tipo_lote":"FISCAL","cd_lote":"0057","cd_situacao":1,"cd_digito_sql":"6","cd_logradouro":"104850","nm_logradouro_completo":"R JOAO TEODORO","cd_numero_porta":"956","tx_complemento_endereco":null,"tx_situ_lote":"ATIVO","cd_tipo_uso_imovel":"31","dc_tipo_uso_imovel":"Não residencial","cd_tipo_terreno_imovel":1,"qt_area_terreno":275,"qt_area_construida":132}}},{"type":"Feature","geometry":{"type":"Polygon","coordinates":[[[-46.624685,-23.397813],[-46.624749,-23.397545],[-46.624815,-23.39756],[-46.624799,-23.397622],[-46.624778,-23.397702],[-46.624745,-23.397826],[-46.624685,-23.397813]]]},"properties":{"sqlu":"SP-002-735571","inscription":"SP-GEOSAMPA-2735571","inscricaoImobiliaria":"SP-IMO-2735571","setor":"002","quadra":"045","lote":"0050","sourceType":"OFFICIAL_IMPORT","mainAddress":"Setor Fiscal 002","zoneamento":"RESIDENCIAL","statusCadastral":"ATIVO","workflowStatus":"PENDENTE","isOfficial":true,"rawProperties":{"cd_identificador":2735571,"cd_identificador_original_lote":9163052,"cd_setor_fiscal":"002","cd_tipo_quadra":"F","tx_tipo_quadra":"FISCAL","cd_quadra_fiscal":"045","cd_subquadra_fiscal":null,"cd_condominio":"00","cd_tipo_lote":"F","tx_tipo_lote":"FISCAL","cd_lote":"0050","cd_situacao":1,"cd_digito_sql":"8","cd_logradouro":"024368","nm_logradouro_completo":"R ASSUNCAO","cd_numero_porta":"43","tx_complemento_endereco":"E 45","tx_situ_lote":"ATIVO","cd_tipo_uso_imovel":"42","dc_tipo_uso_imovel":"Não residencial","cd_tipo_terreno_imovel":1,"qt_area_terreno":189,"qt_area_construida":260}}},{"type":"Feature","geometry":{"type":"Polygon","coordinates":[[[-46.62937,-23.403025],[-46.629272,-23.403231],[-46.629032,-23.40313],[-46.62918,-23.402833],[-46.629414,-23.402934],[-46.62937,-23.403025]]]},"properties":{"sqlu":"SP-002-735546","inscription":"SP-GEOSAMPA-2735546","inscricaoImobiliaria":"SP-IMO-2735546","setor":"002","quadra":"070","lote":"0118","sourceType":"OFFICIAL_IMPORT","mainAddress":"Setor Fiscal 002","zoneamento":"RESIDENCIAL","statusCadastral":"ATIVO","workflowStatus":"PENDENTE","isOfficial":true,"rawProperties":{"cd_identificador":2735546,"cd_identificador_original_lote":9163759,"cd_setor_fiscal":"002","cd_tipo_quadra":"F","tx_tipo_quadra":"FISCAL","cd_quadra_fiscal":"070","cd_subquadra_fiscal":null,"cd_condominio":"00","cd_tipo_lote":"F","tx_tipo_lote":"FISCAL","cd_lote":"0118","cd_situacao":1,"cd_digito_sql":"9","cd_logradouro":"197459","nm_logradouro_completo":"R VINTE E CINCO DE MARCO","cd_numero_porta":"101","tx_complemento_endereco":null,"tx_situ_lote":"ATIVO","cd_tipo_uso_imovel":"64","dc_tipo_uso_imovel":"Não residencial","cd_tipo_terreno_imovel":1,"qt_area_terreno":920,"qt_area_construida":879}}},{"type":"Feature","geometry":{"type":"Polygon","coordinates":[[[-46.625771,-23.390689],[-46.62575,-23.390641],[-46.625813,-23.390619],[-46.625844,-23.390608],[-46.625945,-23.390571],[-46.625965,-23.39062],[-46.625942,-23.390628],[-46.625931,-23.390632],[-46.625916,-23.390637],[-46.625771,-23.390689]]]},"properties":{"sqlu":"SP-002-735722","inscription":"SP-GEOSAMPA-2735722","inscricaoImobiliaria":"SP-IMO-2735722","setor":"002","quadra":"011","lote":"0036","sourceType":"OFFICIAL_IMPORT","mainAddress":"Setor Fiscal 002","zoneamento":"RESIDENCIAL","statusCadastral":"ATIVO","workflowStatus":"PENDENTE","isOfficial":true,"rawProperties":{"cd_identificador":2735722,"cd_identificador_original_lote":9163509,"cd_setor_fiscal":"002","cd_tipo_quadra":"F","tx_tipo_quadra":"FISCAL","cd_quadra_fiscal":"011","cd_subquadra_fiscal":null,"cd_condominio":"00","cd_tipo_lote":"F","tx_tipo_lote":"FISCAL","cd_lote":"0036","cd_situacao":1,"cd_digito_sql":"3","cd_logradouro":"061620","nm_logradouro_completo":"R ECONOMIZADORA","cd_numero_porta":"27","tx_complemento_endereco":null,"tx_situ_lote":"ATIVO","cd_tipo_uso_imovel":"10","dc_tipo_uso_imovel":"Residencial","cd_tipo_terreno_imovel":1,"qt_area_terreno":121,"qt_area_construida":100}}},{"type":"Feature","geometry":{"type":"Polygon","coordinates":[[[-46.62288,-23.397934],[-46.622925,-23.397955],[-46.622751,-23.398527],[-46.622665,-23.39851],[-46.622691,-23.398383],[-46.6227,-23.398385],[-46.622768,-23.398173],[-46.622837,-23.397955],[-46.622848,-23.397921],[-46.62288,-23.397934]]]},"properties":{"sqlu":"SP-002-735696","inscription":"SP-GEOSAMPA-2735696","inscricaoImobiliaria":"SP-IMO-2735696","setor":"002","quadra":"054","lote":"0065","sourceType":"OFFICIAL_IMPORT","mainAddress":"Setor Fiscal 002","zoneamento":"RESIDENCIAL","statusCadastral":"ATIVO","workflowStatus":"PENDENTE","isOfficial":true,"rawProperties":{"cd_identificador":2735696,"cd_identificador_original_lote":9163450,"cd_setor_fiscal":"002","cd_tipo_quadra":"F","tx_tipo_quadra":"FISCAL","cd_quadra_fiscal":"054","cd_subquadra_fiscal":null,"cd_condominio":"00","cd_tipo_lote":"F","tx_tipo_lote":"FISCAL","cd_lote":"0065","cd_situacao":1,"cd_digito_sql":"5","cd_logradouro":"077860","nm_logradouro_completo":"R DO GASOMETRO","cd_numero_porta":"219","tx_complemento_endereco":"223","tx_situ_lote":"ATIVO","cd_tipo_uso_imovel":"40","dc_tipo_uso_imovel":"Não residencial","cd_tipo_terreno_imovel":1,"qt_area_terreno":619,"qt_area_construida":619}}},{"type":"Feature","geometry":{"type":"Polygon","coordinates":[[[-46.625771,-23.390689],[-46.625916,-23.390637],[-46.625931,-23.390632],[-46.625942,-23.390628],[-46.625965,-23.39062],[-46.625975,-23.390645],[-46.625978,-23.390652],[-46.625984,-23.390666],[-46.625964,-23.390673],[-46.62595,-23.390678],[-46.625886,-23.390701],[-46.625855,-23.390712],[-46.625792,-23.390735],[-46.625771,-23.390689]]]},"properties":{"sqlu":"SP-002-735723","inscription":"SP-GEOSAMPA-2735723","inscricaoImobiliaria":"SP-IMO-2735723","setor":"002","quadra":"011","lote":"0037","sourceType":"OFFICIAL_IMPORT","mainAddress":"Setor Fiscal 002","zoneamento":"RESIDENCIAL","statusCadastral":"ATIVO","workflowStatus":"PENDENTE","isOfficial":true,"rawProperties":{"cd_identificador":2735723,"cd_identificador_original_lote":9163510,"cd_setor_fiscal":"002","cd_tipo_quadra":"F","tx_tipo_quadra":"FISCAL","cd_quadra_fiscal":"011","cd_subquadra_fiscal":null,"cd_condominio":"00","cd_tipo_lote":"F","tx_tipo_lote":"FISCAL","cd_lote":"0037","cd_situacao":1,"cd_digito_sql":"1","cd_logradouro":"061620","nm_logradouro_completo":"R ECONOMIZADORA","cd_numero_porta":"29","tx_complemento_endereco":null,"tx_situ_lote":"ATIVO","cd_tipo_uso_imovel":"10","dc_tipo_uso_imovel":"Residencial","cd_tipo_terreno_imovel":1,"qt_area_terreno":121,"qt_area_construida":100}}},{"type":"Feature","geometry":{"type":"Polygon","coordinates":[[[-46.619145,-23.395904],[-46.619172,-23.39587],[-46.619271,-23.395935],[-46.619281,-23.395942],[-46.619255,-23.395975],[-46.619206,-23.395944],[-46.619145,-23.395904]]]},"properties":{"sqlu":"SP-002-735990","inscription":"SP-GEOSAMPA-2735990","inscricaoImobiliaria":"SP-IMO-2735990","setor":"002","quadra":"048","lote":"0013","sourceType":"OFFICIAL_IMPORT","mainAddress":"Setor Fiscal 002","zoneamento":"RESIDENCIAL","statusCadastral":"ATIVO","workflowStatus":"PENDENTE","isOfficial":true,"rawProperties":{"cd_identificador":2735990,"cd_identificador_original_lote":9162861,"cd_setor_fiscal":"002","cd_tipo_quadra":"F","tx_tipo_quadra":"FISCAL","cd_quadra_fiscal":"048","cd_subquadra_fiscal":null,"cd_condominio":"00","cd_tipo_lote":"F","tx_tipo_lote":"FISCAL","cd_lote":"0013","cd_situacao":1,"cd_digito_sql":"7","cd_logradouro":"007757","nm_logradouro_completo":"R VADICO","cd_numero_porta":"3","tx_complemento_endereco":"CS 3","tx_situ_lote":"ATIVO","cd_tipo_uso_imovel":"10","dc_tipo_uso_imovel":"Residencial","cd_tipo_terreno_imovel":1,"qt_area_terreno":66,"qt_area_construida":110}}},{"type":"Feature","geometry":{"type":"Polygon","coordinates":[[[-46.621826,-23.398699],[-46.621925,-23.398711],[-46.621907,-23.398892],[-46.621899,-23.398929],[-46.621895,-23.39895],[-46.621889,-23.399],[-46.621822,-23.39899],[-46.621819,-23.398989],[-46.621755,-23.39898],[-46.62176,-23.39894],[-46.621716,-23.398935],[-46.621719,-23.398911],[-46.621722,-23.398887],[-46.621724,-23.398871],[-46.621803,-23.39888],[-46.621813,-23.398798],[-46.621816,-23.398775],[-46.621826,-23.398699]]]},"properties":{"sqlu":"SP-002-735820","inscription":"SP-GEOSAMPA-2735820","inscricaoImobiliaria":"SP-IMO-2735820","setor":"002","quadra":"077","lote":"0007","sourceType":"OFFICIAL_IMPORT","mainAddress":"Setor Fiscal 002","zoneamento":"RESIDENCIAL","statusCadastral":"ATIVO","workflowStatus":"PENDENTE","isOfficial":true,"rawProperties":{"cd_identificador":2735820,"cd_identificador_original_lote":9164203,"cd_setor_fiscal":"002","cd_tipo_quadra":"F","tx_tipo_quadra":"FISCAL","cd_quadra_fiscal":"077","cd_subquadra_fiscal":null,"cd_condominio":"00","cd_tipo_lote":"F","tx_tipo_lote":"FISCAL","cd_lote":"0007","cd_situacao":1,"cd_digito_sql":"9","cd_logradouro":"077860","nm_logradouro_completo":"R DO GASOMETRO","cd_numero_porta":"294","tx_complemento_endereco":"E 302","tx_situ_lote":"ATIVO","cd_tipo_uso_imovel":"43","dc_tipo_uso_imovel":"Não residencial","cd_tipo_terreno_imovel":1,"qt_area_terreno":333,"qt_area_construida":480}}},{"type":"Feature","geometry":{"type":"Polygon","coordinates":[[[-46.621655,-23.393995],[-46.621508,-23.393939],[-46.621584,-23.393756],[-46.621735,-23.39381],[-46.621655,-23.393995]]]},"properties":{"sqlu":"SP-002-735963","inscription":"SP-GEOSAMPA-2735963","inscricaoImobiliaria":"SP-IMO-2735963","setor":"002","quadra":"090","lote":"0012","sourceType":"OFFICIAL_IMPORT","mainAddress":"Setor Fiscal 002","zoneamento":"RESIDENCIAL","statusCadastral":"ATIVO","workflowStatus":"PENDENTE","isOfficial":true,"rawProperties":{"cd_identificador":2735963,"cd_identificador_original_lote":9163782,"cd_setor_fiscal":"002","cd_tipo_quadra":"F","tx_tipo_quadra":"FISCAL","cd_quadra_fiscal":"090","cd_subquadra_fiscal":null,"cd_condominio":"00","cd_tipo_lote":"F","tx_tipo_lote":"FISCAL","cd_lote":"0012","cd_situacao":1,"cd_digito_sql":"0","cd_logradouro":"010847","nm_logradouro_completo":"R PROF EURIPEDES SIMOES DE PAULA","cd_numero_porta":"567","tx_complemento_endereco":null,"tx_situ_lote":"ATIVO","cd_tipo_uso_imovel":"40","dc_tipo_uso_imovel":"Não residencial","cd_tipo_terreno_imovel":1,"qt_area_terreno":360,"qt_area_construida":284}}},{"type":"Feature","geometry":{"type":"Polygon","coordinates":[[[-46.621655,-23.393995],[-46.621735,-23.39381],[-46.621782,-23.393827],[-46.621706,-23.394014],[-46.621655,-23.393995]]]},"properties":{"sqlu":"SP-002-735962","inscription":"SP-GEOSAMPA-2735962","inscricaoImobiliaria":"SP-IMO-2735962","setor":"002","quadra":"090","lote":"0011","sourceType":"OFFICIAL_IMPORT","mainAddress":"Setor Fiscal 002","zoneamento":"RESIDENCIAL","statusCadastral":"ATIVO","workflowStatus":"PENDENTE","isOfficial":true,"rawProperties":{"cd_identificador":2735962,"cd_identificador_original_lote":9163781,"cd_setor_fiscal":"002","cd_tipo_quadra":"F","tx_tipo_quadra":"FISCAL","cd_quadra_fiscal":"090","cd_subquadra_fiscal":null,"cd_condominio":"00","cd_tipo_lote":"F","tx_tipo_lote":"FISCAL","cd_lote":"0011","cd_situacao":1,"cd_digito_sql":"2","cd_logradouro":"010847","nm_logradouro_completo":"R PROF EURIPEDES SIMOES DE PAULA","cd_numero_porta":"557","tx_complemento_endereco":null,"tx_situ_lote":"ATIVO","cd_tipo_uso_imovel":"40","dc_tipo_uso_imovel":"Não residencial","cd_tipo_terreno_imovel":1,"qt_area_terreno":122,"qt_area_construida":92}}},{"type":"Feature","geometry":{"type":"Polygon","coordinates":[[[-46.623878,-23.400846],[-46.623743,-23.400807],[-46.623745,-23.400799],[-46.623723,-23.400792],[-46.623737,-23.400745],[-46.623749,-23.400705],[-46.623762,-23.400662],[-46.623775,-23.40062],[-46.623785,-23.400585],[-46.623796,-23.40055],[-46.623821,-23.40056],[-46.623816,-23.400575],[-46.623808,-23.400602],[-46.623801,-23.400624],[-46.623792,-23.400654],[-46.623784,-23.400682],[-46.623776,-23.400709],[-46.62377,-23.400728],[-46.62376,-23.400761],[-46.623809,-23.400773],[-46.623891,-23.400795],[-46.623878,-23.400846]]]},"properties":{"sqlu":"SP-002-736002","inscription":"SP-GEOSAMPA-2736002","inscricaoImobiliaria":"SP-IMO-2736002","setor":"002","quadra":"080","lote":"0002","sourceType":"OFFICIAL_IMPORT","mainAddress":"Setor Fiscal 002","zoneamento":"RESIDENCIAL","statusCadastral":"ATIVO","workflowStatus":"PENDENTE","isOfficial":true,"rawProperties":{"cd_identificador":2736002,"cd_identificador_original_lote":9163879,"cd_setor_fiscal":"002","cd_tipo_quadra":"F","tx_tipo_quadra":"FISCAL","cd_quadra_fiscal":"080","cd_subquadra_fiscal":null,"cd_condominio":"00","cd_tipo_lote":"V","tx_tipo_lote":"Via de Acesso","cd_lote":"0002","cd_situacao":1,"cd_digito_sql":null,"cd_logradouro":null,"nm_logradouro_completo":null,"cd_numero_porta":null,"tx_complemento_endereco":null,"tx_situ_lote":null,"cd_tipo_uso_imovel":null,"dc_tipo_uso_imovel":null,"cd_tipo_terreno_imovel":null,"qt_area_terreno":null,"qt_area_construida":null}}},{"type":"Feature","geometry":{"type":"Polygon","coordinates":[[[-46.621616,-23.394871],[-46.621683,-23.394893],[-46.621615,-23.395065],[-46.621605,-23.39509],[-46.621551,-23.395224],[-46.621544,-23.395222],[-46.621514,-23.395211],[-46.621512,-23.39521],[-46.621532,-23.395144],[-46.62154,-23.395119],[-46.621616,-23.394871]]]},"properties":{"sqlu":"SP-002-736142","inscription":"SP-GEOSAMPA-2736142","inscricaoImobiliaria":"SP-IMO-2736142","setor":"002","quadra":"043","lote":"0015","sourceType":"OFFICIAL_IMPORT","mainAddress":"Setor Fiscal 002","zoneamento":"RESIDENCIAL","statusCadastral":"ATIVO","workflowStatus":"PENDENTE","isOfficial":true,"rawProperties":{"cd_identificador":2736142,"cd_identificador_original_lote":9162729,"cd_setor_fiscal":"002","cd_tipo_quadra":"F","tx_tipo_quadra":"FISCAL","cd_quadra_fiscal":"043","cd_subquadra_fiscal":null,"cd_condominio":"00","cd_tipo_lote":"F","tx_tipo_lote":"FISCAL","cd_lote":"0015","cd_situacao":1,"cd_digito_sql":"0","cd_logradouro":"031984","nm_logradouro_completo":"R BENJAMIM DE OLIVEIRA","cd_numero_porta":"402","tx_complemento_endereco":"E 408","tx_situ_lote":"ATIVO","cd_tipo_uso_imovel":"40","dc_tipo_uso_imovel":"Não residencial","cd_tipo_terreno_imovel":1,"qt_area_terreno":280,"qt_area_construida":350}}},{"type":"Feature","geometry":{"type":"Polygon","coordinates":[[[-46.623154,-23.398854],[-46.623291,-23.398871],[-46.623255,-23.399211],[-46.623253,-23.399267],[-46.623108,-23.399277],[-46.623154,-23.398854]]]},"properties":{"sqlu":"SP-002-735993","inscription":"SP-GEOSAMPA-2735993","inscricaoImobiliaria":"SP-IMO-2735993","setor":"002","quadra":"076","lote":"0007","sourceType":"OFFICIAL_IMPORT","mainAddress":"Setor Fiscal 002","zoneamento":"RESIDENCIAL","statusCadastral":"ATIVO","workflowStatus":"PENDENTE","isOfficial":true,"rawProperties":{"cd_identificador":2735993,"cd_identificador_original_lote":9164094,"cd_setor_fiscal":"002","cd_tipo_quadra":"F","tx_tipo_quadra":"FISCAL","cd_quadra_fiscal":"076","cd_subquadra_fiscal":null,"cd_condominio":"00","cd_tipo_lote":"F","tx_tipo_lote":"FISCAL","cd_lote":"0007","cd_situacao":1,"cd_digito_sql":"4","cd_logradouro":"077860","nm_logradouro_completo":"R DO GASOMETRO","cd_numero_porta":"160","tx_complemento_endereco":"E 166","tx_situ_lote":"ATIVO","cd_tipo_uso_imovel":"40","dc_tipo_uso_imovel":"Não residencial","cd_tipo_terreno_imovel":1,"qt_area_terreno":630,"qt_area_construida":630}}},{"type":"Feature","geometry":{"type":"Polygon","coordinates":[[[-46.620492,-23.397569],[-46.620631,-23.397611],[-46.620617,-23.397653],[-46.620478,-23.397611],[-46.620492,-23.397569]]]},"properties":{"sqlu":"SP-002-735862","inscription":"SP-GEOSAMPA-2735862","inscricaoImobiliaria":"SP-IMO-2735862","setor":"002","quadra":"056","lote":"0037","sourceType":"OFFICIAL_IMPORT","mainAddress":"Setor Fiscal 002","zoneamento":"RESIDENCIAL","statusCadastral":"ATIVO","workflowStatus":"PENDENTE","isOfficial":true,"rawProperties":{"cd_identificador":2735862,"cd_identificador_original_lote":9163997,"cd_setor_fiscal":"002","cd_tipo_quadra":"F","tx_tipo_quadra":"FISCAL","cd_quadra_fiscal":"056","cd_subquadra_fiscal":null,"cd_condominio":"00","cd_tipo_lote":"F","tx_tipo_lote":"FISCAL","cd_lote":"0037","cd_situacao":1,"cd_digito_sql":"9","cd_logradouro":"115835","nm_logradouro_completo":"TV LAMEIRAO","cd_numero_porta":"12","tx_complemento_endereco":null,"tx_situ_lote":"ATIVO","cd_tipo_uso_imovel":"40","dc_tipo_uso_imovel":"Não residencial","cd_tipo_terreno_imovel":1,"qt_area_terreno":70,"qt_area_construida":110}}},{"type":"Feature","geometry":{"type":"Polygon","coordinates":[[[-46.620492,-23.397569],[-46.620504,-23.397531],[-46.620643,-23.397572],[-46.620631,-23.397611],[-46.620492,-23.397569]]]},"properties":{"sqlu":"SP-002-735863","inscription":"SP-GEOSAMPA-2735863","inscricaoImobiliaria":"SP-IMO-2735863","setor":"002","quadra":"056","lote":"0036","sourceType":"OFFICIAL_IMPORT","mainAddress":"Setor Fiscal 002","zoneamento":"RESIDENCIAL","statusCadastral":"ATIVO","workflowStatus":"PENDENTE","isOfficial":true,"rawProperties":{"cd_identificador":2735863,"cd_identificador_original_lote":9164014,"cd_setor_fiscal":"002","cd_tipo_quadra":"F","tx_tipo_quadra":"FISCAL","cd_quadra_fiscal":"056","cd_subquadra_fiscal":null,"cd_condominio":"00","cd_tipo_lote":"F","tx_tipo_lote":"FISCAL","cd_lote":"0036","cd_situacao":1,"cd_digito_sql":"0","cd_logradouro":"115835","nm_logradouro_completo":"TV LAMEIRAO","cd_numero_porta":"14","tx_complemento_endereco":null,"tx_situ_lote":"ATIVO","cd_tipo_uso_imovel":"10","dc_tipo_uso_imovel":"Residencial","cd_tipo_terreno_imovel":1,"qt_area_terreno":70,"qt_area_construida":110}}},{"type":"Feature","geometry":{"type":"Polygon","coordinates":[[[-46.62234,-23.397014],[-46.622142,-23.396964],[-46.622155,-23.396914],[-46.622359,-23.396966],[-46.62234,-23.397014]]]},"properties":{"sqlu":"SP-002-735948","inscription":"SP-GEOSAMPA-2735948","inscricaoImobiliaria":"SP-IMO-2735948","setor":"002","quadra":"047","lote":"0016","sourceType":"OFFICIAL_IMPORT","mainAddress":"Setor Fiscal 002","zoneamento":"RESIDENCIAL","statusCadastral":"ATIVO","workflowStatus":"PENDENTE","isOfficial":true,"rawProperties":{"cd_identificador":2735948,"cd_identificador_original_lote":9162492,"cd_setor_fiscal":"002","cd_tipo_quadra":"F","tx_tipo_quadra":"FISCAL","cd_quadra_fiscal":"047","cd_subquadra_fiscal":null,"cd_condominio":"00","cd_tipo_lote":"F","tx_tipo_lote":"FISCAL","cd_lote":"0016","cd_situacao":1,"cd_digito_sql":"7","cd_logradouro":"006661","nm_logradouro_completo":"R DA ALFANDEGA","cd_numero_porta":"178","tx_complemento_endereco":"E 180","tx_situ_lote":"ATIVO","cd_tipo_uso_imovel":"42","dc_tipo_uso_imovel":"Não residencial","cd_tipo_terreno_imovel":1,"qt_area_terreno":116,"qt_area_construida":200}}},{"type":"Feature","geometry":{"type":"Polygon","coordinates":[[[-46.62234,-23.397014],[-46.622321,-23.397061],[-46.62213,-23.397015],[-46.622142,-23.396964],[-46.62234,-23.397014]]]},"properties":{"sqlu":"SP-002-735949","inscription":"SP-GEOSAMPA-2735949","inscricaoImobiliaria":"SP-IMO-2735949","setor":"002","quadra":"047","lote":"0017","sourceType":"OFFICIAL_IMPORT","mainAddress":"Setor Fiscal 002","zoneamento":"RESIDENCIAL","statusCadastral":"ATIVO","workflowStatus":"PENDENTE","isOfficial":true,"rawProperties":{"cd_identificador":2735949,"cd_identificador_original_lote":9162493,"cd_setor_fiscal":"002","cd_tipo_quadra":"F","tx_tipo_quadra":"FISCAL","cd_quadra_fiscal":"047","cd_subquadra_fiscal":null,"cd_condominio":"00","cd_tipo_lote":"F","tx_tipo_lote":"FISCAL","cd_lote":"0017","cd_situacao":1,"cd_digito_sql":"5","cd_logradouro":"006661","nm_logradouro_completo":"R DA ALFANDEGA","cd_numero_porta":"170","tx_complemento_endereco":"E 174","tx_situ_lote":"ATIVO","cd_tipo_uso_imovel":"42","dc_tipo_uso_imovel":"Não residencial","cd_tipo_terreno_imovel":1,"qt_area_terreno":89,"qt_area_construida":150}}},{"type":"Feature","geometry":{"type":"Polygon","coordinates":[[[-46.624872,-23.395072],[-46.62484,-23.395063],[-46.6249,-23.39487],[-46.624933,-23.394879],[-46.624872,-23.395072]]]},"properties":{"sqlu":"SP-002-735985","inscription":"SP-GEOSAMPA-2735985","inscricaoImobiliaria":"SP-IMO-2735985","setor":"002","quadra":"089","lote":"0004","sourceType":"OFFICIAL_IMPORT","mainAddress":"Setor Fiscal 002","zoneamento":"RESIDENCIAL","statusCadastral":"ATIVO","workflowStatus":"PENDENTE","isOfficial":true,"rawProperties":{"cd_identificador":2735985,"cd_identificador_original_lote":9162266,"cd_setor_fiscal":"002","cd_tipo_quadra":"F","tx_tipo_quadra":"FISCAL","cd_quadra_fiscal":"089","cd_subquadra_fiscal":null,"cd_condominio":"00","cd_tipo_lote":"F","tx_tipo_lote":"FISCAL","cd_lote":"0004","cd_situacao":1,"cd_digito_sql":"7","cd_logradouro":"010847","nm_logradouro_completo":"R PROF EURIPEDES SIMOES DE PAULA","cd_numero_porta":"211","tx_complemento_endereco":null,"tx_situ_lote":"ATIVO","cd_tipo_uso_imovel":"51","dc_tipo_uso_imovel":"Não residencial","cd_tipo_terreno_imovel":1,"qt_area_terreno":84,"qt_area_construida":80}}},{"type":"Feature","geometry":{"type":"Polygon","coordinates":[[[-46.619145,-23.395904],[-46.619206,-23.395944],[-46.619255,-23.395975],[-46.61923,-23.396009],[-46.61922,-23.396002],[-46.619212,-23.395998],[-46.619187,-23.395982],[-46.619161,-23.395966],[-46.619143,-23.395954],[-46.619124,-23.395942],[-46.619118,-23.395939],[-46.619145,-23.395904]]]},"properties":{"sqlu":"SP-002-735989","inscription":"SP-GEOSAMPA-2735989","inscricaoImobiliaria":"SP-IMO-2735989","setor":"002","quadra":"048","lote":"0012","sourceType":"OFFICIAL_IMPORT","mainAddress":"Setor Fiscal 002","zoneamento":"RESIDENCIAL","statusCadastral":"ATIVO","workflowStatus":"PENDENTE","isOfficial":true,"rawProperties":{"cd_identificador":2735989,"cd_identificador_original_lote":9162860,"cd_setor_fiscal":"002","cd_tipo_quadra":"F","tx_tipo_quadra":"FISCAL","cd_quadra_fiscal":"048","cd_subquadra_fiscal":null,"cd_condominio":"00","cd_tipo_lote":"F","tx_tipo_lote":"FISCAL","cd_lote":"0012","cd_situacao":1,"cd_digito_sql":"9","cd_logradouro":"007757","nm_logradouro_completo":"R VADICO","cd_numero_porta":"1","tx_complemento_endereco":"CS 1","tx_situ_lote":"ATIVO","cd_tipo_uso_imovel":"10","dc_tipo_uso_imovel":"Residencial","cd_tipo_terreno_imovel":1,"qt_area_terreno":66,"qt_area_construida":110}}},{"type":"Feature","geometry":{"type":"Polygon","coordinates":[[[-46.617512,-23.397944],[-46.617326,-23.39821],[-46.617217,-23.398144],[-46.617401,-23.397877],[-46.617512,-23.397944]]]},"properties":{"sqlu":"SP-002-736151","inscription":"SP-GEOSAMPA-2736151","inscricaoImobiliaria":"SP-IMO-2736151","setor":"002","quadra":"086","lote":"0048","sourceType":"OFFICIAL_IMPORT","mainAddress":"Setor Fiscal 002","zoneamento":"RESIDENCIAL","statusCadastral":"ATIVO","workflowStatus":"PENDENTE","isOfficial":true,"rawProperties":{"cd_identificador":2736151,"cd_identificador_original_lote":9163991,"cd_setor_fiscal":"002","cd_tipo_quadra":"F","tx_tipo_quadra":"FISCAL","cd_quadra_fiscal":"086","cd_subquadra_fiscal":null,"cd_condominio":"00","cd_tipo_lote":"F","tx_tipo_lote":"FISCAL","cd_lote":"0048","cd_situacao":1,"cd_digito_sql":"5","cd_logradouro":"168700","nm_logradouro_completo":"AV RANGEL PESTANA","cd_numero_porta":"1679","tx_complemento_endereco":"E 1685","tx_situ_lote":"ATIVO","cd_tipo_uso_imovel":"40","dc_tipo_uso_imovel":"Não residencial","cd_tipo_terreno_imovel":1,"qt_area_terreno":442,"qt_area_construida":640}}},{"type":"Feature","geometry":{"type":"Polygon","coordinates":[[[-46.622542,-23.396929],[-46.622799,-23.397005],[-46.622779,-23.397054],[-46.622526,-23.396972],[-46.622542,-23.396929]]]},"properties":{"sqlu":"SP-002-736212","inscription":"SP-GEOSAMPA-2736212","inscricaoImobiliaria":"SP-IMO-2736212","setor":"002","quadra":"046","lote":"0043","sourceType":"OFFICIAL_IMPORT","mainAddress":"Setor Fiscal 002","zoneamento":"RESIDENCIAL","statusCadastral":"ATIVO","workflowStatus":"PENDENTE","isOfficial":true,"rawProperties":{"cd_identificador":2736212,"cd_identificador_original_lote":9163669,"cd_setor_fiscal":"002","cd_tipo_quadra":"F","tx_tipo_quadra":"FISCAL","cd_quadra_fiscal":"046","cd_subquadra_fiscal":null,"cd_condominio":"00","cd_tipo_lote":"F","tx_tipo_lote":"FISCAL","cd_lote":"0043","cd_situacao":1,"cd_digito_sql":"1","cd_logradouro":"006661","nm_logradouro_completo":"R DA ALFANDEGA","cd_numero_porta":"187","tx_complemento_endereco":"191","tx_situ_lote":"ATIVO","cd_tipo_uso_imovel":"42","dc_tipo_uso_imovel":"Não residencial","cd_tipo_terreno_imovel":1,"qt_area_terreno":139,"qt_area_construida":200}}},{"type":"Feature","geometry":{"type":"Polygon","coordinates":[[[-46.622542,-23.396929],[-46.622562,-23.396878],[-46.622792,-23.396946],[-46.622819,-23.396954],[-46.622799,-23.397005],[-46.622542,-23.396929]]]},"properties":{"sqlu":"SP-002-736213","inscription":"SP-GEOSAMPA-2736213","inscricaoImobiliaria":"SP-IMO-2736213","setor":"002","quadra":"046","lote":"0028","sourceType":"OFFICIAL_IMPORT","mainAddress":"Setor Fiscal 002","zoneamento":"RESIDENCIAL","statusCadastral":"ATIVO","workflowStatus":"PENDENTE","isOfficial":true,"rawProperties":{"cd_identificador":2736213,"cd_identificador_original_lote":9163670,"cd_setor_fiscal":"002","cd_tipo_quadra":"F","tx_tipo_quadra":"FISCAL","cd_quadra_fiscal":"046","cd_subquadra_fiscal":null,"cd_condominio":"00","cd_tipo_lote":"F","tx_tipo_lote":"FISCAL","cd_lote":"0028","cd_situacao":1,"cd_digito_sql":"6","cd_logradouro":"006661","nm_logradouro_completo":"R DA ALFANDEGA","cd_numero_porta":"195","tx_complemento_endereco":null,"tx_situ_lote":"ATIVO","cd_tipo_uso_imovel":"60","dc_tipo_uso_imovel":"Não residencial","cd_tipo_terreno_imovel":1,"qt_area_terreno":153,"qt_area_construida":150}}},{"type":"Feature","geometry":{"type":"Polygon","coordinates":[[[-46.617096,-23.397689],[-46.617101,-23.397682],[-46.617165,-23.397718],[-46.616979,-23.397999],[-46.616918,-23.397962],[-46.617096,-23.397689]]]},"properties":{"sqlu":"SP-002-736295","inscription":"SP-GEOSAMPA-2736295","inscricaoImobiliaria":"SP-IMO-2736295","setor":"002","quadra":"086","lote":"0025","sourceType":"OFFICIAL_IMPORT","mainAddress":"Setor Fiscal 002","zoneamento":"RESIDENCIAL","statusCadastral":"ATIVO","workflowStatus":"PENDENTE","isOfficial":true,"rawProperties":{"cd_identificador":2736295,"cd_identificador_original_lote":9164265,"cd_setor_fiscal":"002","cd_tipo_quadra":"F","tx_tipo_quadra":"FISCAL","cd_quadra_fiscal":"086","cd_subquadra_fiscal":null,"cd_condominio":"00","cd_tipo_lote":"F","tx_tipo_lote":"FISCAL","cd_lote":"0025","cd_situacao":1,"cd_digito_sql":"6","cd_logradouro":"168700","nm_logradouro_completo":"AV RANGEL PESTANA","cd_numero_porta":"1721","tx_complemento_endereco":null,"tx_situ_lote":"ATIVO","cd_tipo_uso_imovel":"40","dc_tipo_uso_imovel":"Não residencial","cd_tipo_terreno_imovel":1,"qt_area_terreno":234,"qt_area_construida":464}}},{"type":"Feature","geometry":{"type":"Polygon","coordinates":[[[-46.618724,-23.399064],[-46.61901,-23.398656],[-46.619064,-23.398688],[-46.618768,-23.39909],[-46.618724,-23.399064]]]},"properties":{"sqlu":"SP-002-736460","inscription":"SP-GEOSAMPA-2736460","inscricaoImobiliaria":"SP-IMO-2736460","setor":"002","quadra":"084","lote":"0003","sourceType":"OFFICIAL_IMPORT","mainAddress":"Setor Fiscal 002","zoneamento":"RESIDENCIAL","statusCadastral":"ATIVO","workflowStatus":"PENDENTE","isOfficial":true,"rawProperties":{"cd_identificador":2736460,"cd_identificador_original_lote":9163702,"cd_setor_fiscal":"002","cd_tipo_quadra":"F","tx_tipo_quadra":"FISCAL","cd_quadra_fiscal":"084","cd_subquadra_fiscal":null,"cd_condominio":"00","cd_tipo_lote":"F","tx_tipo_lote":"FISCAL","cd_lote":"0003","cd_situacao":1,"cd_digito_sql":"6","cd_logradouro":"168700","nm_logradouro_completo":"AV RANGEL PESTANA","cd_numero_porta":"1501","tx_complemento_endereco":null,"tx_situ_lote":"ATIVO","cd_tipo_uso_imovel":"40","dc_tipo_uso_imovel":"Não residencial","cd_tipo_terreno_imovel":1,"qt_area_terreno":313,"qt_area_construida":280}}},{"type":"Feature","geometry":{"type":"Polygon","coordinates":[[[-46.623362,-23.39926],[-46.623351,-23.399261],[-46.623398,-23.398884],[-46.623511,-23.398896],[-46.623456,-23.399254],[-46.623419,-23.399257],[-46.623377,-23.399259],[-46.623362,-23.39926]]]},"properties":{"sqlu":"SP-002-736462","inscription":"SP-GEOSAMPA-2736462","inscricaoImobiliaria":"SP-IMO-2736462","setor":"002","quadra":"076","lote":"0047","sourceType":"OFFICIAL_IMPORT","mainAddress":"Setor Fiscal 002","zoneamento":"RESIDENCIAL","statusCadastral":"ATIVO","workflowStatus":"PENDENTE","isOfficial":true,"rawProperties":{"cd_identificador":2736462,"cd_identificador_original_lote":9164097,"cd_setor_fiscal":"002","cd_tipo_quadra":"F","tx_tipo_quadra":"FISCAL","cd_quadra_fiscal":"076","cd_subquadra_fiscal":null,"cd_condominio":"00","cd_tipo_lote":"F","tx_tipo_lote":"FISCAL","cd_lote":"0047","cd_situacao":1,"cd_digito_sql":"3","cd_logradouro":"077860","nm_logradouro_completo":"R DO GASOMETRO","cd_numero_porta":"134","tx_complemento_endereco":"E 142","tx_situ_lote":"ATIVO","cd_tipo_uso_imovel":"40","dc_tipo_uso_imovel":"Não residencial","cd_tipo_terreno_imovel":1,"qt_area_terreno":453,"qt_area_construida":400}}},{"type":"Feature","geometry":{"type":"Polygon","coordinates":[[[-46.621536,-23.39312],[-46.621497,-23.393205],[-46.621442,-23.393326],[-46.621144,-23.393197],[-46.62127,-23.393158],[-46.621341,-23.393143],[-46.621436,-23.393132],[-46.621504,-23.393123],[-46.621536,-23.39312]]]},"properties":{"sqlu":"SP-002-736308","inscription":"SP-GEOSAMPA-2736308","inscricaoImobiliaria":"SP-IMO-2736308","setor":"002","quadra":"017","lote":"0073","sourceType":"OFFICIAL_IMPORT","mainAddress":"Setor Fiscal 002","zoneamento":"RESIDENCIAL","statusCadastral":"ATIVO","workflowStatus":"PENDENTE","isOfficial":true,"rawProperties":{"cd_identificador":2736308,"cd_identificador_original_lote":9162400,"cd_setor_fiscal":"002","cd_tipo_quadra":"F","tx_tipo_quadra":"FISCAL","cd_quadra_fiscal":"017","cd_subquadra_fiscal":null,"cd_condominio":"00","cd_tipo_lote":"F","tx_tipo_lote":"FISCAL","cd_lote":"0073","cd_situacao":1,"cd_digito_sql":"5","cd_logradouro":"138215","nm_logradouro_completo":"R MENDES CALDEIRA","cd_numero_porta":"433","tx_complemento_endereco":"433 A","tx_situ_lote":"ATIVO","cd_tipo_uso_imovel":"91","dc_tipo_uso_imovel":null,"cd_tipo_terreno_imovel":1,"qt_area_terreno":458,"qt_area_construida":458}}},{"type":"Feature","geometry":{"type":"Polygon","coordinates":[[[-46.623671,-23.400282],[-46.623715,-23.4002],[-46.623854,-23.400267],[-46.62381,-23.40035],[-46.6237,-23.400296],[-46.623671,-23.400282]]]},"properties":{"sqlu":"SP-002-736480","inscription":"SP-GEOSAMPA-2736480","inscricaoImobiliaria":"SP-IMO-2736480","setor":"002","quadra":"080","lote":"0138","sourceType":"OFFICIAL_IMPORT","mainAddress":"Setor Fiscal 002","zoneamento":"RESIDENCIAL","statusCadastral":"ATIVO","workflowStatus":"PENDENTE","isOfficial":true,"rawProperties":{"cd_identificador":2736480,"cd_identificador_original_lote":9163954,"cd_setor_fiscal":"002","cd_tipo_quadra":"F","tx_tipo_quadra":"FISCAL","cd_quadra_fiscal":"080","cd_subquadra_fiscal":null,"cd_condominio":"00","cd_tipo_lote":"F","tx_tipo_lote":"FISCAL","cd_lote":"0138","cd_situacao":1,"cd_digito_sql":"7","cd_logradouro":"132268","nm_logradouro_completo":"R MARIA DOMITILA","cd_numero_porta":"122","tx_complemento_endereco":"126130134CS2138","tx_situ_lote":"ATIVO","cd_tipo_uso_imovel":"64","dc_tipo_uso_imovel":"Não residencial","cd_tipo_terreno_imovel":1,"qt_area_terreno":185,"qt_area_construida":328}}},{"type":"Feature","geometry":{"type":"Polygon","coordinates":[[[-46.624239,-23.400896],[-46.624115,-23.400862],[-46.624116,-23.40086],[-46.624124,-23.400834],[-46.624134,-23.400806],[-46.624258,-23.40084],[-46.624239,-23.400896]]]},"properties":{"sqlu":"SP-002-736652","inscription":"SP-GEOSAMPA-2736652","inscricaoImobiliaria":"SP-IMO-2736652","setor":"002","quadra":"079","lote":"0029","sourceType":"OFFICIAL_IMPORT","mainAddress":"Setor Fiscal 002","zoneamento":"RESIDENCIAL","statusCadastral":"ATIVO","workflowStatus":"PENDENTE","isOfficial":true,"rawProperties":{"cd_identificador":2736652,"cd_identificador_original_lote":9164031,"cd_setor_fiscal":"002","cd_tipo_quadra":"F","tx_tipo_quadra":"FISCAL","cd_quadra_fiscal":"079","cd_subquadra_fiscal":null,"cd_condominio":"00","cd_tipo_lote":"F","tx_tipo_lote":"FISCAL","cd_lote":"0029","cd_situacao":1,"cd_digito_sql":"9","cd_logradouro":"167215","nm_logradouro_completo":"TV QUEIROGA","cd_numero_porta":"16","tx_complemento_endereco":null,"tx_situ_lote":"ATIVO","cd_tipo_uso_imovel":"60","dc_tipo_uso_imovel":"Não residencial","cd_tipo_terreno_imovel":1,"qt_area_terreno":93,"qt_area_construida":80}}},{"type":"Feature","geometry":{"type":"Polygon","coordinates":[[[-46.624239,-23.400896],[-46.624226,-23.400937],[-46.624102,-23.400903],[-46.624115,-23.400862],[-46.624239,-23.400896]]]},"properties":{"sqlu":"SP-002-736653","inscription":"SP-GEOSAMPA-2736653","inscricaoImobiliaria":"SP-IMO-2736653","setor":"002","quadra":"079","lote":"0028","sourceType":"OFFICIAL_IMPORT","mainAddress":"Setor Fiscal 002","zoneamento":"RESIDENCIAL","statusCadastral":"ATIVO","workflowStatus":"PENDENTE","isOfficial":true,"rawProperties":{"cd_identificador":2736653,"cd_identificador_original_lote":9164032,"cd_setor_fiscal":"002","cd_tipo_quadra":"F","tx_tipo_quadra":"FISCAL","cd_quadra_fiscal":"079","cd_subquadra_fiscal":null,"cd_condominio":"00","cd_tipo_lote":"F","tx_tipo_lote":"FISCAL","cd_lote":"0028","cd_situacao":1,"cd_digito_sql":"0","cd_logradouro":"167215","nm_logradouro_completo":"TV QUEIROGA","cd_numero_porta":"14","tx_complemento_endereco":null,"tx_situ_lote":"ATIVO","cd_tipo_uso_imovel":"10","dc_tipo_uso_imovel":"Residencial","cd_tipo_terreno_imovel":1,"qt_area_terreno":93,"qt_area_construida":80}}},{"type":"Feature","geometry":{"type":"Polygon","coordinates":[[[-46.623586,-23.390063],[-46.623668,-23.390052],[-46.623735,-23.390345],[-46.623677,-23.390353],[-46.623652,-23.390357],[-46.62359,-23.390366],[-46.623568,-23.390256],[-46.623626,-23.390244],[-46.623602,-23.390137],[-46.623586,-23.390063]]]},"properties":{"sqlu":"SP-002-736606","inscription":"SP-GEOSAMPA-2736606","inscricaoImobiliaria":"SP-IMO-2736606","setor":"002","quadra":"007","lote":"0003","sourceType":"OFFICIAL_IMPORT","mainAddress":"Setor Fiscal 002","zoneamento":"RESIDENCIAL","statusCadastral":"ATIVO","workflowStatus":"PENDENTE","isOfficial":true,"rawProperties":{"cd_identificador":2736606,"cd_identificador_original_lote":9162789,"cd_setor_fiscal":"002","cd_tipo_quadra":"F","tx_tipo_quadra":"FISCAL","cd_quadra_fiscal":"007","cd_subquadra_fiscal":null,"cd_condominio":"00","cd_tipo_lote":"F","tx_tipo_lote":"FISCAL","cd_lote":"0003","cd_situacao":1,"cd_digito_sql":"0","cd_logradouro":"038121","nm_logradouro_completo":"R S CAETANO","cd_numero_porta":"820","tx_complemento_endereco":"824 E 828","tx_situ_lote":"ATIVO","cd_tipo_uso_imovel":"42","dc_tipo_uso_imovel":"Não residencial","cd_tipo_terreno_imovel":1,"qt_area_terreno":300,"qt_area_construida":500}}},{"type":"Feature","geometry":{"type":"Polygon","coordinates":[[[-46.623586,-23.390063],[-46.623602,-23.390137],[-46.623626,-23.390244],[-46.623568,-23.390256],[-46.623531,-23.390071],[-46.623586,-23.390063]]]},"properties":{"sqlu":"SP-002-736607","inscription":"SP-GEOSAMPA-2736607","inscricaoImobiliaria":"SP-IMO-2736607","setor":"002","quadra":"007","lote":"0004","sourceType":"OFFICIAL_IMPORT","mainAddress":"Setor Fiscal 002","zoneamento":"RESIDENCIAL","statusCadastral":"ATIVO","workflowStatus":"PENDENTE","isOfficial":true,"rawProperties":{"cd_identificador":2736607,"cd_identificador_original_lote":9162939,"cd_setor_fiscal":"002","cd_tipo_quadra":"F","tx_tipo_quadra":"FISCAL","cd_quadra_fiscal":"007","cd_subquadra_fiscal":null,"cd_condominio":"00","cd_tipo_lote":"F","tx_tipo_lote":"FISCAL","cd_lote":"0004","cd_situacao":1,"cd_digito_sql":"9","cd_logradouro":"038121","nm_logradouro_completo":"R S CAETANO","cd_numero_porta":"832","tx_complemento_endereco":"E 834","tx_situ_lote":"ATIVO","cd_tipo_uso_imovel":"42","dc_tipo_uso_imovel":"Não residencial","cd_tipo_terreno_imovel":1,"qt_area_terreno":122,"qt_area_construida":230}}},{"type":"Feature","geometry":{"type":"Polygon","coordinates":[[[-46.629513,-23.401157],[-46.629548,-23.401107],[-46.629813,-23.401223],[-46.629785,-23.401277],[-46.629513,-23.401157]]]},"properties":{"sqlu":"SP-002-736547","inscription":"SP-GEOSAMPA-2736547","inscricaoImobiliaria":"SP-IMO-2736547","setor":"002","quadra":"066","lote":"0012","sourceType":"OFFICIAL_IMPORT","mainAddress":"Setor Fiscal 002","zoneamento":"RESIDENCIAL","statusCadastral":"ATIVO","workflowStatus":"PENDENTE","isOfficial":true,"rawProperties":{"cd_identificador":2736547,"cd_identificador_original_lote":9163836,"cd_setor_fiscal":"002","cd_tipo_quadra":"F","tx_tipo_quadra":"FISCAL","cd_quadra_fiscal":"066","cd_subquadra_fiscal":null,"cd_condominio":"00","cd_tipo_lote":"F","tx_tipo_lote":"FISCAL","cd_lote":"0012","cd_situacao":1,"cd_digito_sql":"7","cd_logradouro":"197459","nm_logradouro_completo":"R VINTE E CINCO DE MARCO","cd_numero_porta":"294","tx_complemento_endereco":"E 296","tx_situ_lote":"ATIVO","cd_tipo_uso_imovel":"43","dc_tipo_uso_imovel":"Não residencial","cd_tipo_terreno_imovel":3,"qt_area_terreno":214,"qt_area_construida":642}}},{"type":"Feature","geometry":{"type":"Polygon","coordinates":[[[-46.625346,-23.390001],[-46.625299,-23.390018],[-46.62521,-23.389828],[-46.625251,-23.389822],[-46.625274,-23.389834],[-46.625346,-23.390001]]]},"properties":{"sqlu":"SP-002-736548","inscription":"SP-GEOSAMPA-2736548","inscricaoImobiliaria":"SP-IMO-2736548","setor":"002","quadra":"012","lote":"0017","sourceType":"OFFICIAL_IMPORT","mainAddress":"Setor Fiscal 002","zoneamento":"RESIDENCIAL","statusCadastral":"ATIVO","workflowStatus":"PENDENTE","isOfficial":true,"rawProperties":{"cd_identificador":2736548,"cd_identificador_original_lote":9162513,"cd_setor_fiscal":"002","cd_tipo_quadra":"F","tx_tipo_quadra":"FISCAL","cd_quadra_fiscal":"012","cd_subquadra_fiscal":null,"cd_condominio":"00","cd_tipo_lote":"F","tx_tipo_lote":"FISCAL","cd_lote":"0017","cd_situacao":1,"cd_digito_sql":"1","cd_logradouro":"038121","nm_logradouro_completo":"R S CAETANO","cd_numero_porta":"656","tx_complemento_endereco":null,"tx_situ_lote":"ATIVO","cd_tipo_uso_imovel":"42","dc_tipo_uso_imovel":"Não residencial","cd_tipo_terreno_imovel":2,"qt_area_terreno":109,"qt_area_construida":85}}},{"type":"Feature","geometry":{"type":"Polygon","coordinates":[[[-46.619395,-23.398705],[-46.619098,-23.398531],[-46.619116,-23.398504],[-46.619124,-23.398493],[-46.619422,-23.398667],[-46.619395,-23.398705]]]},"properties":{"sqlu":"SP-002-736414","inscription":"SP-GEOSAMPA-2736414","inscricaoImobiliaria":"SP-IMO-2736414","setor":"002","quadra":"084","lote":"0041","sourceType":"OFFICIAL_IMPORT","mainAddress":"Setor Fiscal 002","zoneamento":"RESIDENCIAL","statusCadastral":"ATIVO","workflowStatus":"PENDENTE","isOfficial":true,"rawProperties":{"cd_identificador":2736414,"cd_identificador_original_lote":9162755,"cd_setor_fiscal":"002","cd_tipo_quadra":"F","tx_tipo_quadra":"FISCAL","cd_quadra_fiscal":"084","cd_subquadra_fiscal":null,"cd_condominio":"00","cd_tipo_lote":"F","tx_tipo_lote":"FISCAL","cd_lote":"0041","cd_situacao":1,"cd_digito_sql":"9","cd_logradouro":"012769","nm_logradouro_completo":"R MONS ANDRADE","cd_numero_porta":"92","tx_complemento_endereco":null,"tx_situ_lote":"ATIVO","cd_tipo_uso_imovel":"40","dc_tipo_uso_imovel":"Não residencial","cd_tipo_terreno_imovel":1,"qt_area_terreno":234,"qt_area_construida":220}}},{"type":"Feature","geometry":{"type":"Polygon","coordinates":[[[-46.627775,-23.394572],[-46.627724,-23.394614],[-46.627636,-23.394524],[-46.627709,-23.394505],[-46.627775,-23.394572]]]},"properties":{"sqlu":"SP-002-736731","inscription":"SP-GEOSAMPA-2736731","inscricaoImobiliaria":"SP-IMO-2736731","setor":"002","quadra":"028","lote":"0042","sourceType":"OFFICIAL_IMPORT","mainAddress":"Setor Fiscal 002","zoneamento":"RESIDENCIAL","statusCadastral":"ATIVO","workflowStatus":"PENDENTE","isOfficial":true,"rawProperties":{"cd_identificador":2736731,"cd_identificador_original_lote":9162619,"cd_setor_fiscal":"002","cd_tipo_quadra":"F","tx_tipo_quadra":"FISCAL","cd_quadra_fiscal":"028","cd_subquadra_fiscal":null,"cd_condominio":"00","cd_tipo_lote":"F","tx_tipo_lote":"FISCAL","cd_lote":"0042","cd_situacao":1,"cd_digito_sql":"3","cd_logradouro":"138533","nm_logradouro_completo":"AV MERCURIO","cd_numero_porta":"596","tx_complemento_endereco":"E 598","tx_situ_lote":"ATIVO","cd_tipo_uso_imovel":"42","dc_tipo_uso_imovel":"Não residencial","cd_tipo_terreno_imovel":1,"qt_area_terreno":81,"qt_area_construida":144}}},{"type":"Feature","geometry":{"type":"Polygon","coordinates":[[[-46.627775,-23.394572],[-46.627709,-23.394505],[-46.627728,-23.39442],[-46.627833,-23.394438],[-46.627859,-23.394503],[-46.627775,-23.394572]]]},"properties":{"sqlu":"SP-002-736732","inscription":"SP-GEOSAMPA-2736732","inscricaoImobiliaria":"SP-IMO-2736732","setor":"002","quadra":"028","lote":"0001","sourceType":"OFFICIAL_IMPORT","mainAddress":"Setor Fiscal 002","zoneamento":"RESIDENCIAL","statusCadastral":"ATIVO","workflowStatus":"PENDENTE","isOfficial":true,"rawProperties":{"cd_identificador":2736732,"cd_identificador_original_lote":9162616,"cd_setor_fiscal":"002","cd_tipo_quadra":"F","tx_tipo_quadra":"FISCAL","cd_quadra_fiscal":"028","cd_subquadra_fiscal":null,"cd_condominio":"00","cd_tipo_lote":"F","tx_tipo_lote":"FISCAL","cd_lote":"0001","cd_situacao":1,"cd_digito_sql":"6","cd_logradouro":"041467","nm_logradouro_completo":"R DA CANTAREIRA","cd_numero_porta":"460","tx_complemento_endereco":null,"tx_situ_lote":"ATIVO","cd_tipo_uso_imovel":"40","dc_tipo_uso_imovel":"Não residencial","cd_tipo_terreno_imovel":2,"qt_area_terreno":171,"qt_area_construida":150}}},{"type":"Feature","geometry":{"type":"Polygon","coordinates":[[[-46.620256,-23.396534],[-46.620242,-23.396604],[-46.620167,-23.396637],[-46.620079,-23.396772],[-46.619947,-23.396688],[-46.620112,-23.396472],[-46.620256,-23.396534]]]},"properties":{"sqlu":"SP-002-736871","inscription":"SP-GEOSAMPA-2736871","inscricaoImobiliaria":"SP-IMO-2736871","setor":"002","quadra":"048","lote":"0044","sourceType":"OFFICIAL_IMPORT","mainAddress":"Setor Fiscal 002","zoneamento":"RESIDENCIAL","statusCadastral":"ATIVO","workflowStatus":"PENDENTE","isOfficial":true,"rawProperties":{"cd_identificador":2736871,"cd_identificador_original_lote":9164293,"cd_setor_fiscal":"002","cd_tipo_quadra":"F","tx_tipo_quadra":"FISCAL","cd_quadra_fiscal":"048","cd_subquadra_fiscal":null,"cd_condominio":"00","cd_tipo_lote":"F","tx_tipo_lote":"FISCAL","cd_lote":"0044","cd_situacao":1,"cd_digito_sql":"7","cd_logradouro":"177067","nm_logradouro_completo":"R SAMPAIO MOREIRA","cd_numero_porta":"51","tx_complemento_endereco":null,"tx_situ_lote":"ATIVO","cd_tipo_uso_imovel":"51","dc_tipo_uso_imovel":"Não residencial","cd_tipo_terreno_imovel":3,"qt_area_terreno":435,"qt_area_construida":435}}},{"type":"Feature","geometry":{"type":"Polygon","coordinates":[[[-46.623805,-23.398739],[-46.623906,-23.398447],[-46.623988,-23.398475],[-46.623961,-23.398553],[-46.624083,-23.398594],[-46.624039,-23.398786],[-46.623975,-23.398774],[-46.623891,-23.398757],[-46.623805,-23.398739]]]},"properties":{"sqlu":"SP-002-737008","inscription":"SP-GEOSAMPA-2737008","inscricaoImobiliaria":"SP-IMO-2737008","setor":"002","quadra":"053","lote":"0195","sourceType":"OFFICIAL_IMPORT","mainAddress":"Setor Fiscal 002","zoneamento":"RESIDENCIAL","statusCadastral":"ATIVO","workflowStatus":"PENDENTE","isOfficial":true,"rawProperties":{"cd_identificador":2737008,"cd_identificador_original_lote":9162873,"cd_setor_fiscal":"002","cd_tipo_quadra":"F","tx_tipo_quadra":"FISCAL","cd_quadra_fiscal":"053","cd_subquadra_fiscal":null,"cd_condominio":"00","cd_tipo_lote":"F","tx_tipo_lote":"FISCAL","cd_lote":"0195","cd_situacao":1,"cd_digito_sql":"9","cd_logradouro":"077860","nm_logradouro_completo":"R DO GASOMETRO","cd_numero_porta":"87","tx_complemento_endereco":"E 103","tx_situ_lote":"ATIVO","cd_tipo_uso_imovel":"51","dc_tipo_uso_imovel":"Não residencial","cd_tipo_terreno_imovel":3,"qt_area_terreno":653,"qt_area_construida":641}}},{"type":"Feature","geometry":{"type":"Polygon","coordinates":[[[-46.626132,-23.391016],[-46.626378,-23.390923],[-46.626391,-23.390924],[-46.626403,-23.390932],[-46.62641,-23.390944],[-46.62649,-23.391141],[-46.626478,-23.391145],[-46.626256,-23.391203],[-46.626214,-23.391213],[-46.626163,-23.39109],[-46.626132,-23.391016]]]},"properties":{"sqlu":"SP-002-736957","inscription":"SP-GEOSAMPA-2736957","inscricaoImobiliaria":"SP-IMO-2736957","setor":"002","quadra":"016","lote":"0000","sourceType":"OFFICIAL_IMPORT","mainAddress":"Setor Fiscal 002","zoneamento":"RESIDENCIAL","statusCadastral":"ATIVO","workflowStatus":"PENDENTE","isOfficial":true,"rawProperties":{"cd_identificador":2736957,"cd_identificador_original_lote":9162969,"cd_setor_fiscal":"002","cd_tipo_quadra":"F","tx_tipo_quadra":"FISCAL","cd_quadra_fiscal":"016","cd_subquadra_fiscal":null,"cd_condominio":"01","cd_tipo_lote":"F","tx_tipo_lote":"FISCAL","cd_lote":"0000","cd_situacao":1,"cd_digito_sql":null,"cd_logradouro":"041467","nm_logradouro_completo":"R DA CANTAREIRA","cd_numero_porta":"864 868 874","tx_complemento_endereco":null,"tx_situ_lote":null,"cd_tipo_uso_imovel":"XX","dc_tipo_uso_imovel":"Condomínio","cd_tipo_terreno_imovel":99,"qt_area_terreno":739,"qt_area_construida":null}}},{"type":"Feature","geometry":{"type":"Polygon","coordinates":[[[-46.62413,-23.39899],[-46.624458,-23.399058],[-46.624562,-23.399079],[-46.624636,-23.399092],[-46.62468,-23.399135],[-46.624747,-23.399198],[-46.624755,-23.399206],[-46.62476,-23.399304],[-46.624767,-23.399476],[-46.624768,-23.399495],[-46.624771,-23.399553],[-46.624781,-23.399792],[-46.624797,-23.400067],[-46.624804,-23.400267],[-46.624816,-23.400525],[-46.624815,-23.40054],[-46.624812,-23.400547],[-46.624807,-23.400552],[-46.624795,-23.400556],[-46.624785,-23.400557],[-46.624773,-23.400556],[-46.624428,-23.400398],[-46.624418,-23.400304],[-46.624342,-23.400313],[-46.624332,-23.40028],[-46.624316,-23.400189],[-46.624119,-23.399045],[-46.62412,-23.399039],[-46.62413,-23.39899]]]},"properties":{"sqlu":"SP-002-736715","inscription":"SP-GEOSAMPA-2736715","inscricaoImobiliaria":"SP-IMO-2736715","setor":"002","quadra":"076","lote":"0076","sourceType":"OFFICIAL_IMPORT","mainAddress":"Setor Fiscal 002","zoneamento":"RESIDENCIAL","statusCadastral":"ATIVO","workflowStatus":"PENDENTE","isOfficial":true,"rawProperties":{"cd_identificador":2736715,"cd_identificador_original_lote":9163940,"cd_setor_fiscal":"002","cd_tipo_quadra":"F","tx_tipo_quadra":"FISCAL","cd_quadra_fiscal":"076","cd_subquadra_fiscal":null,"cd_condominio":"00","cd_tipo_lote":"F","tx_tipo_lote":"FISCAL","cd_lote":"0076","cd_situacao":1,"cd_digito_sql":"7","cd_logradouro":"132268","nm_logradouro_completo":"R MARIA DOMITILA","cd_numero_porta":"79","tx_complemento_endereco":null,"tx_situ_lote":"ATIVO","cd_tipo_uso_imovel":"64","dc_tipo_uso_imovel":"Não residencial","cd_tipo_terreno_imovel":2,"qt_area_terreno":8756,"qt_area_construida":3419}}},{"type":"Feature","geometry":{"type":"Polygon","coordinates":[[[-46.621159,-23.397201],[-46.621128,-23.397328],[-46.621125,-23.397344],[-46.621123,-23.397349],[-46.621115,-23.397386],[-46.621075,-23.397378],[-46.62111,-23.397229],[-46.621119,-23.397192],[-46.621129,-23.397195],[-46.621159,-23.397201]]]},"properties":{"sqlu":"SP-002-736942","inscription":"SP-GEOSAMPA-2736942","inscricaoImobiliaria":"SP-IMO-2736942","setor":"002","quadra":"055","lote":"0039","sourceType":"OFFICIAL_IMPORT","mainAddress":"Setor Fiscal 002","zoneamento":"RESIDENCIAL","statusCadastral":"ATIVO","workflowStatus":"PENDENTE","isOfficial":true,"rawProperties":{"cd_identificador":2736942,"cd_identificador_original_lote":9163374,"cd_setor_fiscal":"002","cd_tipo_quadra":"F","tx_tipo_quadra":"FISCAL","cd_quadra_fiscal":"055","cd_subquadra_fiscal":null,"cd_condominio":"00","cd_tipo_lote":"F","tx_tipo_lote":"FISCAL","cd_lote":"0039","cd_situacao":1,"cd_digito_sql":"0","cd_logradouro":"024368","nm_logradouro_completo":"R ASSUNCAO","cd_numero_porta":"416","tx_complemento_endereco":null,"tx_situ_lote":"ATIVO","cd_tipo_uso_imovel":"14","dc_tipo_uso_imovel":"Residencial","cd_tipo_terreno_imovel":1,"qt_area_terreno":80,"qt_area_construida":100}}},{"type":"Feature","geometry":{"type":"Polygon","coordinates":[[[-46.621159,-23.397201],[-46.621188,-23.397208],[-46.6212,-23.39721],[-46.621192,-23.397248],[-46.621156,-23.397395],[-46.621115,-23.397386],[-46.621123,-23.397349],[-46.621125,-23.397344],[-46.621128,-23.397328],[-46.621159,-23.397201]]]},"properties":{"sqlu":"SP-002-736941","inscription":"SP-GEOSAMPA-2736941","inscricaoImobiliaria":"SP-IMO-2736941","setor":"002","quadra":"055","lote":"0040","sourceType":"OFFICIAL_IMPORT","mainAddress":"Setor Fiscal 002","zoneamento":"RESIDENCIAL","statusCadastral":"ATIVO","workflowStatus":"PENDENTE","isOfficial":true,"rawProperties":{"cd_identificador":2736941,"cd_identificador_original_lote":9163373,"cd_setor_fiscal":"002","cd_tipo_quadra":"F","tx_tipo_quadra":"FISCAL","cd_quadra_fiscal":"055","cd_subquadra_fiscal":null,"cd_condominio":"00","cd_tipo_lote":"F","tx_tipo_lote":"FISCAL","cd_lote":"0040","cd_situacao":1,"cd_digito_sql":"4","cd_logradouro":"024368","nm_logradouro_completo":"R ASSUNCAO","cd_numero_porta":"410","tx_complemento_endereco":null,"tx_situ_lote":"ATIVO","cd_tipo_uso_imovel":"10","dc_tipo_uso_imovel":"Residencial","cd_tipo_terreno_imovel":1,"qt_area_terreno":80,"qt_area_construida":100}}},{"type":"Feature","geometry":{"type":"Polygon","coordinates":[[[-46.620044,-23.398645],[-46.620016,-23.398685],[-46.619823,-23.398602],[-46.619821,-23.398601],[-46.61984,-23.398556],[-46.619854,-23.398562],[-46.620044,-23.398645]]]},"properties":{"sqlu":"SP-002-737288","inscription":"SP-GEOSAMPA-2737288","inscricaoImobiliaria":"SP-IMO-2737288","setor":"002","quadra":"083","lote":"0019","sourceType":"OFFICIAL_IMPORT","mainAddress":"Setor Fiscal 002","zoneamento":"RESIDENCIAL","statusCadastral":"ATIVO","workflowStatus":"PENDENTE","isOfficial":true,"rawProperties":{"cd_identificador":2737288,"cd_identificador_original_lote":9164191,"cd_setor_fiscal":"002","cd_tipo_quadra":"F","tx_tipo_quadra":"FISCAL","cd_quadra_fiscal":"083","cd_subquadra_fiscal":null,"cd_condominio":"00","cd_tipo_lote":"F","tx_tipo_lote":"FISCAL","cd_lote":"0019","cd_situacao":1,"cd_digito_sql":"8","cd_logradouro":"098736","nm_logradouro_completo":"R JAIRO GOIS","cd_numero_porta":"116","tx_complemento_endereco":null,"tx_situ_lote":"ATIVO","cd_tipo_uso_imovel":"42","dc_tipo_uso_imovel":"Não residencial","cd_tipo_terreno_imovel":1,"qt_area_terreno":90,"qt_area_construida":80}}},{"type":"Feature","geometry":{"type":"Polygon","coordinates":[[[-46.620911,-23.391022],[-46.620976,-23.391012],[-46.62106,-23.390999],[-46.621195,-23.390977],[-46.621284,-23.390964],[-46.621369,-23.39095],[-46.621358,-23.391138],[-46.620905,-23.391116],[-46.620911,-23.391022]]]},"properties":{"sqlu":"SP-002-737039","inscription":"SP-GEOSAMPA-2737039","inscricaoImobiliaria":"SP-IMO-2737039","setor":"002","quadra":"018","lote":"0001","sourceType":"OFFICIAL_IMPORT","mainAddress":"Setor Fiscal 002","zoneamento":"RESIDENCIAL","statusCadastral":"ATIVO","workflowStatus":"PENDENTE","isOfficial":true,"rawProperties":{"cd_identificador":2737039,"cd_identificador_original_lote":9162987,"cd_setor_fiscal":"002","cd_tipo_quadra":"F","tx_tipo_quadra":"FISCAL","cd_quadra_fiscal":"018","cd_subquadra_fiscal":null,"cd_condominio":"00","cd_tipo_lote":"F","tx_tipo_lote":"FISCAL","cd_lote":"0001","cd_situacao":1,"cd_digito_sql":"2","cd_logradouro":"012769","nm_logradouro_completo":"R MONS ANDRADE","cd_numero_porta":"967","tx_complemento_endereco":null,"tx_situ_lote":"ATIVO","cd_tipo_uso_imovel":"40","dc_tipo_uso_imovel":"Não residencial","cd_tipo_terreno_imovel":1,"qt_area_terreno":778,"qt_area_construida":702}}},{"type":"Feature","geometry":{"type":"Polygon","coordinates":[[[-46.624197,-23.388982],[-46.624258,-23.388963],[-46.624282,-23.388956],[-46.624297,-23.388951],[-46.624312,-23.388989],[-46.624209,-23.389022],[-46.624197,-23.388982]]]},"properties":{"sqlu":"SP-002-737159","inscription":"SP-GEOSAMPA-2737159","inscricaoImobiliaria":"SP-IMO-2737159","setor":"002","quadra":"002","lote":"0034","sourceType":"OFFICIAL_IMPORT","mainAddress":"Setor Fiscal 002","zoneamento":"RESIDENCIAL","statusCadastral":"ATIVO","workflowStatus":"PENDENTE","isOfficial":true,"rawProperties":{"cd_identificador":2737159,"cd_identificador_original_lote":9162355,"cd_setor_fiscal":"002","cd_tipo_quadra":"F","tx_tipo_quadra":"FISCAL","cd_quadra_fiscal":"002","cd_subquadra_fiscal":null,"cd_condominio":"00","cd_tipo_lote":"F","tx_tipo_lote":"FISCAL","cd_lote":"0034","cd_situacao":1,"cd_digito_sql":"8","cd_logradouro":"066427","nm_logradouro_completo":"AV DO ESTADO","cd_numero_porta":"2288","tx_complemento_endereco":"E 2288A","tx_situ_lote":"ATIVO","cd_tipo_uso_imovel":"12","dc_tipo_uso_imovel":"Residencial","cd_tipo_terreno_imovel":1,"qt_area_terreno":62,"qt_area_construida":111}}},{"type":"Feature","geometry":{"type":"Polygon","coordinates":[[[-46.624197,-23.388982],[-46.624182,-23.388935],[-46.624279,-23.388904],[-46.624297,-23.388951],[-46.624282,-23.388956],[-46.624258,-23.388963],[-46.624197,-23.388982]]]},"properties":{"sqlu":"SP-002-737158","inscription":"SP-GEOSAMPA-2737158","inscricaoImobiliaria":"SP-IMO-2737158","setor":"002","quadra":"002","lote":"0033","sourceType":"OFFICIAL_IMPORT","mainAddress":"Setor Fiscal 002","zoneamento":"RESIDENCIAL","statusCadastral":"ATIVO","workflowStatus":"PENDENTE","isOfficial":true,"rawProperties":{"cd_identificador":2737158,"cd_identificador_original_lote":9162354,"cd_setor_fiscal":"002","cd_tipo_quadra":"F","tx_tipo_quadra":"FISCAL","cd_quadra_fiscal":"002","cd_subquadra_fiscal":null,"cd_condominio":"00","cd_tipo_lote":"F","tx_tipo_lote":"FISCAL","cd_lote":"0033","cd_situacao":1,"cd_digito_sql":"1","cd_logradouro":"066427","nm_logradouro_completo":"AV DO ESTADO","cd_numero_porta":"2280","tx_complemento_endereco":"2280A","tx_situ_lote":"ATIVO","cd_tipo_uso_imovel":"12","dc_tipo_uso_imovel":"Residencial","cd_tipo_terreno_imovel":1,"qt_area_terreno":80,"qt_area_construida":90}}},{"type":"Feature","geometry":{"type":"Polygon","coordinates":[[[-46.620044,-23.398645],[-46.619854,-23.398562],[-46.619874,-23.398521],[-46.619897,-23.398476],[-46.620101,-23.398564],[-46.620044,-23.398645]]]},"properties":{"sqlu":"SP-002-737287","inscription":"SP-GEOSAMPA-2737287","inscricaoImobiliaria":"SP-IMO-2737287","setor":"002","quadra":"083","lote":"0049","sourceType":"OFFICIAL_IMPORT","mainAddress":"Setor Fiscal 002","zoneamento":"RESIDENCIAL","statusCadastral":"ATIVO","workflowStatus":"PENDENTE","isOfficial":true,"rawProperties":{"cd_identificador":2737287,"cd_identificador_original_lote":9164190,"cd_setor_fiscal":"002","cd_tipo_quadra":"F","tx_tipo_quadra":"FISCAL","cd_quadra_fiscal":"083","cd_subquadra_fiscal":null,"cd_condominio":"00","cd_tipo_lote":"F","tx_tipo_lote":"FISCAL","cd_lote":"0049","cd_situacao":1,"cd_digito_sql":"1","cd_logradouro":"098736","nm_logradouro_completo":"R JAIRO GOIS","cd_numero_porta":"122","tx_complemento_endereco":"/126","tx_situ_lote":"ATIVO","cd_tipo_uso_imovel":"80","dc_tipo_uso_imovel":"Não residencial","cd_tipo_terreno_imovel":1,"qt_area_terreno":243,"qt_area_construida":267}}},{"type":"Feature","geometry":{"type":"Polygon","coordinates":[[[-46.623622,-23.39735],[-46.623716,-23.397372],[-46.623664,-23.397592],[-46.623583,-23.397575],[-46.623573,-23.397558],[-46.623622,-23.39735]]]},"properties":{"sqlu":"SP-002-737128","inscription":"SP-GEOSAMPA-2737128","inscricaoImobiliaria":"SP-IMO-2737128","setor":"002","quadra":"045","lote":"0072","sourceType":"OFFICIAL_IMPORT","mainAddress":"Setor Fiscal 002","zoneamento":"RESIDENCIAL","statusCadastral":"ATIVO","workflowStatus":"PENDENTE","isOfficial":true,"rawProperties":{"cd_identificador":2737128,"cd_identificador_original_lote":9163139,"cd_setor_fiscal":"002","cd_tipo_quadra":"F","tx_tipo_quadra":"FISCAL","cd_quadra_fiscal":"045","cd_subquadra_fiscal":null,"cd_condominio":"00","cd_tipo_lote":"F","tx_tipo_lote":"FISCAL","cd_lote":"0072","cd_situacao":1,"cd_digito_sql":"9","cd_logradouro":"024368","nm_logradouro_completo":"R ASSUNCAO","cd_numero_porta":"157","tx_complemento_endereco":"161","tx_situ_lote":"ATIVO","cd_tipo_uso_imovel":"40","dc_tipo_uso_imovel":"Não residencial","cd_tipo_terreno_imovel":2,"qt_area_terreno":248,"qt_area_construida":1169}}},{"type":"Feature","geometry":{"type":"Polygon","coordinates":[[[-46.628762,-23.402727],[-46.628677,-23.402846],[-46.628554,-23.402795],[-46.628591,-23.402732],[-46.628627,-23.40267],[-46.628669,-23.402688],[-46.62871,-23.402705],[-46.628762,-23.402727]]]},"properties":{"sqlu":"SP-002-737326","inscription":"SP-GEOSAMPA-2737326","inscricaoImobiliaria":"SP-IMO-2737326","setor":"002","quadra":"071","lote":"0000","sourceType":"OFFICIAL_IMPORT","mainAddress":"Setor Fiscal 002","zoneamento":"RESIDENCIAL","statusCadastral":"ATIVO","workflowStatus":"PENDENTE","isOfficial":true,"rawProperties":{"cd_identificador":2737326,"cd_identificador_original_lote":9163814,"cd_setor_fiscal":"002","cd_tipo_quadra":"F","tx_tipo_quadra":"FISCAL","cd_quadra_fiscal":"071","cd_subquadra_fiscal":null,"cd_condominio":"03","cd_tipo_lote":"F","tx_tipo_lote":"FISCAL","cd_lote":"0000","cd_situacao":1,"cd_digito_sql":null,"cd_logradouro":"070700","nm_logradouro_completo":"R FERNAO SALES","cd_numero_porta":"37 43 49","tx_complemento_endereco":null,"tx_situ_lote":null,"cd_tipo_uso_imovel":"XX","dc_tipo_uso_imovel":"Condomínio","cd_tipo_terreno_imovel":99,"qt_area_terreno":222,"qt_area_construida":null}}},{"type":"Feature","geometry":{"type":"Polygon","coordinates":[[[-46.628762,-23.402727],[-46.628798,-23.402676],[-46.629033,-23.402776],[-46.629005,-23.402831],[-46.628762,-23.402727]]]},"properties":{"sqlu":"SP-002-737327","inscription":"SP-GEOSAMPA-2737327","inscricaoImobiliaria":"SP-IMO-2737327","setor":"002","quadra":"071","lote":"0003","sourceType":"OFFICIAL_IMPORT","mainAddress":"Setor Fiscal 002","zoneamento":"RESIDENCIAL","statusCadastral":"ATIVO","workflowStatus":"PENDENTE","isOfficial":true,"rawProperties":{"cd_identificador":2737327,"cd_identificador_original_lote":9163816,"cd_setor_fiscal":"002","cd_tipo_quadra":"F","tx_tipo_quadra":"FISCAL","cd_quadra_fiscal":"071","cd_subquadra_fiscal":null,"cd_condominio":"00","cd_tipo_lote":"F","tx_tipo_lote":"FISCAL","cd_lote":"0003","cd_situacao":1,"cd_digito_sql":"9","cd_logradouro":"197459","nm_logradouro_completo":"R VINTE E CINCO DE MARCO","cd_numero_porta":"102","tx_complemento_endereco":"E 104","tx_situ_lote":"ATIVO","cd_tipo_uso_imovel":"42","dc_tipo_uso_imovel":"Não residencial","cd_tipo_terreno_imovel":1,"qt_area_terreno":182,"qt_area_construida":360}}},{"type":"Feature","geometry":{"type":"Polygon","coordinates":[[[-46.624234,-23.397137],[-46.624292,-23.397151],[-46.624227,-23.397428],[-46.624223,-23.397441],[-46.624214,-23.397439],[-46.624211,-23.397453],[-46.624162,-23.397444],[-46.624169,-23.397414],[-46.624234,-23.397137]]]},"properties":{"sqlu":"SP-002-737562","inscription":"SP-GEOSAMPA-2737562","inscricaoImobiliaria":"SP-IMO-2737562","setor":"002","quadra":"045","lote":"0015","sourceType":"OFFICIAL_IMPORT","mainAddress":"Setor Fiscal 002","zoneamento":"RESIDENCIAL","statusCadastral":"ATIVO","workflowStatus":"PENDENTE","isOfficial":true,"rawProperties":{"cd_identificador":2737562,"cd_identificador_original_lote":9163151,"cd_setor_fiscal":"002","cd_tipo_quadra":"F","tx_tipo_quadra":"FISCAL","cd_quadra_fiscal":"045","cd_subquadra_fiscal":null,"cd_condominio":"00","cd_tipo_lote":"F","tx_tipo_lote":"FISCAL","cd_lote":"0015","cd_situacao":1,"cd_digito_sql":"1","cd_logradouro":"008699","nm_logradouro_completo":"R POLIGNANO A MARE","cd_numero_porta":"108","tx_complemento_endereco":null,"tx_situ_lote":"ATIVO","cd_tipo_uso_imovel":"40","dc_tipo_uso_imovel":"Não residencial","cd_tipo_terreno_imovel":1,"qt_area_terreno":206,"qt_area_construida":200}}},{"type":"Feature","geometry":{"type":"Polygon","coordinates":[[[-46.62484,-23.395063],[-46.624794,-23.39505],[-46.62486,-23.394858],[-46.6249,-23.39487],[-46.62484,-23.395063]]]},"properties":{"sqlu":"SP-002-737546","inscription":"SP-GEOSAMPA-2737546","inscricaoImobiliaria":"SP-IMO-2737546","setor":"002","quadra":"089","lote":"0005","sourceType":"OFFICIAL_IMPORT","mainAddress":"Setor Fiscal 002","zoneamento":"RESIDENCIAL","statusCadastral":"ATIVO","workflowStatus":"PENDENTE","isOfficial":true,"rawProperties":{"cd_identificador":2737546,"cd_identificador_original_lote":9162265,"cd_setor_fiscal":"002","cd_tipo_quadra":"F","tx_tipo_quadra":"FISCAL","cd_quadra_fiscal":"089","cd_subquadra_fiscal":null,"cd_condominio":"00","cd_tipo_lote":"F","tx_tipo_lote":"FISCAL","cd_lote":"0005","cd_situacao":1,"cd_digito_sql":"5","cd_logradouro":"010847","nm_logradouro_completo":"R PROF EURIPEDES SIMOES DE PAULA","cd_numero_porta":"215","tx_complemento_endereco":null,"tx_situ_lote":"ATIVO","cd_tipo_uso_imovel":"51","dc_tipo_uso_imovel":"Não residencial","cd_tipo_terreno_imovel":1,"qt_area_terreno":84,"qt_area_construida":80}}},{"type":"Feature","geometry":{"type":"Polygon","coordinates":[[[-46.620873,-23.397502],[-46.62086,-23.397542],[-46.620833,-23.397534],[-46.620813,-23.397529],[-46.620743,-23.39751],[-46.620756,-23.397468],[-46.620826,-23.397488],[-46.620846,-23.397494],[-46.620873,-23.397502]]]},"properties":{"sqlu":"SP-002-737682","inscription":"SP-GEOSAMPA-2737682","inscricaoImobiliaria":"SP-IMO-2737682","setor":"002","quadra":"055","lote":"0029","sourceType":"OFFICIAL_IMPORT","mainAddress":"Setor Fiscal 002","zoneamento":"RESIDENCIAL","statusCadastral":"ATIVO","workflowStatus":"PENDENTE","isOfficial":true,"rawProperties":{"cd_identificador":2737682,"cd_identificador_original_lote":9163126,"cd_setor_fiscal":"002","cd_tipo_quadra":"F","tx_tipo_quadra":"FISCAL","cd_quadra_fiscal":"055","cd_subquadra_fiscal":null,"cd_condominio":"00","cd_tipo_lote":"F","tx_tipo_lote":"FISCAL","cd_lote":"0029","cd_situacao":1,"cd_digito_sql":"3","cd_logradouro":"115835","nm_logradouro_completo":"TV LAMEIRAO","cd_numero_porta":"19","tx_complemento_endereco":null,"tx_situ_lote":"ATIVO","cd_tipo_uso_imovel":"10","dc_tipo_uso_imovel":"Residencial","cd_tipo_terreno_imovel":1,"qt_area_terreno":55,"qt_area_construida":100}}},{"type":"Feature","geometry":{"type":"Polygon","coordinates":[[[-46.620897,-23.400125],[-46.621146,-23.399668],[-46.621188,-23.399685],[-46.621217,-23.399697],[-46.620963,-23.400155],[-46.620897,-23.400125]]]},"properties":{"sqlu":"SP-002-737669","inscription":"SP-GEOSAMPA-2737669","inscricaoImobiliaria":"SP-IMO-2737669","setor":"002","quadra":"081","lote":"0023","sourceType":"OFFICIAL_IMPORT","mainAddress":"Setor Fiscal 002","zoneamento":"RESIDENCIAL","statusCadastral":"ATIVO","workflowStatus":"PENDENTE","isOfficial":true,"rawProperties":{"cd_identificador":2737669,"cd_identificador_original_lote":9163928,"cd_setor_fiscal":"002","cd_tipo_quadra":"F","tx_tipo_quadra":"FISCAL","cd_quadra_fiscal":"081","cd_subquadra_fiscal":null,"cd_condominio":"00","cd_tipo_lote":"F","tx_tipo_lote":"FISCAL","cd_lote":"0023","cd_situacao":1,"cd_digito_sql":"7","cd_logradouro":"168700","nm_logradouro_completo":"AV RANGEL PESTANA","cd_numero_porta":"1249","tx_complemento_endereco":null,"tx_situ_lote":"ATIVO","cd_tipo_uso_imovel":"43","dc_tipo_uso_imovel":"Não residencial","cd_tipo_terreno_imovel":1,"qt_area_terreno":421,"qt_area_construida":620}}},{"type":"Feature","geometry":{"type":"Polygon","coordinates":[[[-46.620897,-23.400125],[-46.620831,-23.400094],[-46.621075,-23.399639],[-46.621146,-23.399668],[-46.620897,-23.400125]]]},"properties":{"sqlu":"SP-002-737670","inscription":"SP-GEOSAMPA-2737670","inscricaoImobiliaria":"SP-IMO-2737670","setor":"002","quadra":"081","lote":"0022","sourceType":"OFFICIAL_IMPORT","mainAddress":"Setor Fiscal 002","zoneamento":"RESIDENCIAL","statusCadastral":"ATIVO","workflowStatus":"PENDENTE","isOfficial":true,"rawProperties":{"cd_identificador":2737670,"cd_identificador_original_lote":9163929,"cd_setor_fiscal":"002","cd_tipo_quadra":"F","tx_tipo_quadra":"FISCAL","cd_quadra_fiscal":"081","cd_subquadra_fiscal":null,"cd_condominio":"00","cd_tipo_lote":"F","tx_tipo_lote":"FISCAL","cd_lote":"0022","cd_situacao":1,"cd_digito_sql":"9","cd_logradouro":"168700","nm_logradouro_completo":"AV RANGEL PESTANA","cd_numero_porta":"1255","tx_complemento_endereco":null,"tx_situ_lote":"ATIVO","cd_tipo_uso_imovel":"40","dc_tipo_uso_imovel":"Não residencial","cd_tipo_terreno_imovel":1,"qt_area_terreno":393,"qt_area_construida":270}}},{"type":"Feature","geometry":{"type":"Polygon","coordinates":[[[-46.62151,-23.398824],[-46.621445,-23.398821],[-46.621451,-23.398652],[-46.621516,-23.39866],[-46.621513,-23.398732],[-46.621511,-23.398788],[-46.62151,-23.398824]]]},"properties":{"sqlu":"SP-002-737983","inscription":"SP-GEOSAMPA-2737983","inscricaoImobiliaria":"SP-IMO-2737983","setor":"002","quadra":"077","lote":"0015","sourceType":"OFFICIAL_IMPORT","mainAddress":"Setor Fiscal 002","zoneamento":"RESIDENCIAL","statusCadastral":"ATIVO","workflowStatus":"PENDENTE","isOfficial":true,"rawProperties":{"cd_identificador":2737983,"cd_identificador_original_lote":9164225,"cd_setor_fiscal":"002","cd_tipo_quadra":"F","tx_tipo_quadra":"FISCAL","cd_quadra_fiscal":"077","cd_subquadra_fiscal":null,"cd_condominio":"00","cd_tipo_lote":"F","tx_tipo_lote":"FISCAL","cd_lote":"0015","cd_situacao":1,"cd_digito_sql":"1","cd_logradouro":"077860","nm_logradouro_completo":"R DO GASOMETRO","cd_numero_porta":"338","tx_complemento_endereco":"E 342","tx_situ_lote":"ATIVO","cd_tipo_uso_imovel":"22","dc_tipo_uso_imovel":"Residencial","cd_tipo_terreno_imovel":1,"qt_area_terreno":158,"qt_area_construida":485}}},{"type":"Feature","geometry":{"type":"Polygon","coordinates":[[[-46.617521,-23.396892],[-46.617467,-23.396972],[-46.61742,-23.396943],[-46.617328,-23.396888],[-46.617322,-23.396881],[-46.617275,-23.396853],[-46.617266,-23.396866],[-46.617231,-23.396908],[-46.617211,-23.396936],[-46.617184,-23.396976],[-46.617167,-23.396999],[-46.617162,-23.39701],[-46.617152,-23.397003],[-46.617111,-23.396978],[-46.617275,-23.396744],[-46.617344,-23.396786],[-46.61745,-23.396849],[-46.617521,-23.396892]]]},"properties":{"sqlu":"SP-002-738026","inscription":"SP-GEOSAMPA-2738026","inscricaoImobiliaria":"SP-IMO-2738026","setor":"002","quadra":"058","lote":"0025","sourceType":"OFFICIAL_IMPORT","mainAddress":"Setor Fiscal 002","zoneamento":"RESIDENCIAL","statusCadastral":"ATIVO","workflowStatus":"PENDENTE","isOfficial":true,"rawProperties":{"cd_identificador":2738026,"cd_identificador_original_lote":9162600,"cd_setor_fiscal":"002","cd_tipo_quadra":"F","tx_tipo_quadra":"FISCAL","cd_quadra_fiscal":"058","cd_subquadra_fiscal":null,"cd_condominio":"00","cd_tipo_lote":"F","tx_tipo_lote":"FISCAL","cd_lote":"0025","cd_situacao":1,"cd_digito_sql":"4","cd_logradouro":"073482","nm_logradouro_completo":"R CEL FRANCISCO AMARO","cd_numero_porta":"119","tx_complemento_endereco":null,"tx_situ_lote":"ATIVO","cd_tipo_uso_imovel":"64","dc_tipo_uso_imovel":"Não residencial","cd_tipo_terreno_imovel":1,"qt_area_terreno":577,"qt_area_construida":239}}},{"type":"Feature","geometry":{"type":"Polygon","coordinates":[[[-46.629024,-23.399854],[-46.62907,-23.399724],[-46.629126,-23.399548],[-46.629154,-23.399457],[-46.629168,-23.399399],[-46.629178,-23.399332],[-46.62918,-23.399249],[-46.629184,-23.399243],[-46.629191,-23.39924],[-46.629197,-23.39924],[-46.629407,-23.399338],[-46.629447,-23.399368],[-46.629477,-23.399397],[-46.629505,-23.399437],[-46.629623,-23.399727],[-46.629634,-23.39977],[-46.62966,-23.399936],[-46.629656,-23.399964],[-46.629638,-23.400002],[-46.629618,-23.400038],[-46.62952,-23.399982],[-46.629509,-23.399947],[-46.629162,-23.399741],[-46.629082,-23.399857],[-46.629051,-23.399842],[-46.629024,-23.399854]]]},"properties":{"sqlu":"SP-002-738460","inscription":"SP-GEOSAMPA-2738460","inscricaoImobiliaria":"SP-IMO-2738460","setor":"002","quadra":"001","lote":"0013","sourceType":"OFFICIAL_IMPORT","mainAddress":"Setor Fiscal 002","zoneamento":"RESIDENCIAL","statusCadastral":"ATIVO","workflowStatus":"PENDENTE","isOfficial":true,"rawProperties":{"cd_identificador":2738460,"cd_identificador_original_lote":9164250,"cd_setor_fiscal":"002","cd_tipo_quadra":"M","tx_tipo_quadra":"MUNICIPAL","cd_quadra_fiscal":"001","cd_subquadra_fiscal":null,"cd_condominio":"00","cd_tipo_lote":"M","tx_tipo_lote":"MUNICIPAL","cd_lote":"0013","cd_situacao":1,"cd_digito_sql":null,"cd_logradouro":null,"nm_logradouro_completo":null,"cd_numero_porta":null,"tx_complemento_endereco":null,"tx_situ_lote":null,"cd_tipo_uso_imovel":null,"dc_tipo_uso_imovel":null,"cd_tipo_terreno_imovel":null,"qt_area_terreno":null,"qt_area_construida":null}}},{"type":"Feature","geometry":{"type":"Polygon","coordinates":[[[-46.622932,-23.390462],[-46.62292,-23.390359],[-46.622897,-23.390166],[-46.622949,-23.390157],[-46.622987,-23.390454],[-46.622932,-23.390462]]]},"properties":{"sqlu":"SP-002-738454","inscription":"SP-GEOSAMPA-2738454","inscricaoImobiliaria":"SP-IMO-2738454","setor":"002","quadra":"007","lote":"0014","sourceType":"OFFICIAL_IMPORT","mainAddress":"Setor Fiscal 002","zoneamento":"RESIDENCIAL","statusCadastral":"ATIVO","workflowStatus":"PENDENTE","isOfficial":true,"rawProperties":{"cd_identificador":2738454,"cd_identificador_original_lote":9162552,"cd_setor_fiscal":"002","cd_tipo_quadra":"F","tx_tipo_quadra":"FISCAL","cd_quadra_fiscal":"007","cd_subquadra_fiscal":null,"cd_condominio":"00","cd_tipo_lote":"F","tx_tipo_lote":"FISCAL","cd_lote":"0014","cd_situacao":1,"cd_digito_sql":"6","cd_logradouro":"038121","nm_logradouro_completo":"R S CAETANO","cd_numero_porta":"896","tx_complemento_endereco":null,"tx_situ_lote":"ATIVO","cd_tipo_uso_imovel":"40","dc_tipo_uso_imovel":"Não residencial","cd_tipo_terreno_imovel":1,"qt_area_terreno":175,"qt_area_construida":150}}},{"type":"Feature","geometry":{"type":"Polygon","coordinates":[[[-46.622932,-23.390462],[-46.62288,-23.390469],[-46.622875,-23.390424],[-46.622868,-23.390364],[-46.622845,-23.390174],[-46.622897,-23.390166],[-46.62292,-23.390359],[-46.622932,-23.390462]]]},"properties":{"sqlu":"SP-002-738455","inscription":"SP-GEOSAMPA-2738455","inscricaoImobiliaria":"SP-IMO-2738455","setor":"002","quadra":"007","lote":"0015","sourceType":"OFFICIAL_IMPORT","mainAddress":"Setor Fiscal 002","zoneamento":"RESIDENCIAL","statusCadastral":"ATIVO","workflowStatus":"PENDENTE","isOfficial":true,"rawProperties":{"cd_identificador":2738455,"cd_identificador_original_lote":9162553,"cd_setor_fiscal":"002","cd_tipo_quadra":"F","tx_tipo_quadra":"FISCAL","cd_quadra_fiscal":"007","cd_subquadra_fiscal":null,"cd_condominio":"00","cd_tipo_lote":"F","tx_tipo_lote":"FISCAL","cd_lote":"0015","cd_situacao":1,"cd_digito_sql":"4","cd_logradouro":"038121","nm_logradouro_completo":"R S CAETANO","cd_numero_porta":"902","tx_complemento_endereco":null,"tx_situ_lote":"ATIVO","cd_tipo_uso_imovel":"40","dc_tipo_uso_imovel":"Não residencial","cd_tipo_terreno_imovel":1,"qt_area_terreno":186,"qt_area_construida":144}}},{"type":"Feature","geometry":{"type":"Polygon","coordinates":[[[-46.623122,-23.39885],[-46.623154,-23.398854],[-46.623108,-23.399277],[-46.623077,-23.399277],[-46.623092,-23.39914],[-46.623094,-23.399117],[-46.623106,-23.399],[-46.623109,-23.398971],[-46.623122,-23.39885]]]},"properties":{"sqlu":"SP-002-738757","inscription":"SP-GEOSAMPA-2738757","inscricaoImobiliaria":"SP-IMO-2738757","setor":"002","quadra":"076","lote":"0008","sourceType":"OFFICIAL_IMPORT","mainAddress":"Setor Fiscal 002","zoneamento":"RESIDENCIAL","statusCadastral":"ATIVO","workflowStatus":"PENDENTE","isOfficial":true,"rawProperties":{"cd_identificador":2738757,"cd_identificador_original_lote":9164093,"cd_setor_fiscal":"002","cd_tipo_quadra":"F","tx_tipo_quadra":"FISCAL","cd_quadra_fiscal":"076","cd_subquadra_fiscal":null,"cd_condominio":"00","cd_tipo_lote":"F","tx_tipo_lote":"FISCAL","cd_lote":"0008","cd_situacao":1,"cd_digito_sql":"2","cd_logradouro":"077860","nm_logradouro_completo":"R DO GASOMETRO","cd_numero_porta":"170","tx_complemento_endereco":null,"tx_situ_lote":"ATIVO","cd_tipo_uso_imovel":"40","dc_tipo_uso_imovel":"Não residencial","cd_tipo_terreno_imovel":1,"qt_area_terreno":170,"qt_area_construida":164}}},{"type":"Feature","geometry":{"type":"Polygon","coordinates":[[[-46.631534,-23.402752],[-46.631594,-23.402775],[-46.631488,-23.403018],[-46.631249,-23.402924],[-46.631356,-23.402687],[-46.631416,-23.402709],[-46.631425,-23.402691],[-46.631541,-23.402736],[-46.631534,-23.402752]]]},"properties":{"sqlu":"SP-002-738712","inscription":"SP-GEOSAMPA-2738712","inscricaoImobiliaria":"SP-IMO-2738712","setor":"002","quadra":"062","lote":"0001","sourceType":"OFFICIAL_IMPORT","mainAddress":"Setor Fiscal 002","zoneamento":"RESIDENCIAL","statusCadastral":"ATIVO","workflowStatus":"PENDENTE","isOfficial":true,"rawProperties":{"cd_identificador":2738712,"cd_identificador_original_lote":9162654,"cd_setor_fiscal":"002","cd_tipo_quadra":"F","tx_tipo_quadra":"FISCAL","cd_quadra_fiscal":"062","cd_subquadra_fiscal":null,"cd_condominio":"00","cd_tipo_lote":"F","tx_tipo_lote":"FISCAL","cd_lote":"0001","cd_situacao":1,"cd_digito_sql":"3","cd_logradouro":"204188","nm_logradouro_completo":"PT DO COLEGIO","cd_numero_porta":"184","tx_complemento_endereco":null,"tx_situ_lote":"ATIVO","cd_tipo_uso_imovel":"84","dc_tipo_uso_imovel":"Não residencial","cd_tipo_terreno_imovel":2,"qt_area_terreno":900,"qt_area_construida":1750}}},{"type":"Feature","geometry":{"type":"Polygon","coordinates":[[[-46.62269,-23.389791],[-46.622691,-23.389802],[-46.622694,-23.389838],[-46.622643,-23.389843],[-46.622613,-23.389846],[-46.622604,-23.389782],[-46.62261,-23.389781],[-46.622678,-23.389775],[-46.622688,-23.389774],[-46.62269,-23.389791]]]},"properties":{"sqlu":"SP-002-738692","inscription":"SP-GEOSAMPA-2738692","inscricaoImobiliaria":"SP-IMO-2738692","setor":"002","quadra":"004","lote":"0105","sourceType":"OFFICIAL_IMPORT","mainAddress":"Setor Fiscal 002","zoneamento":"RESIDENCIAL","statusCadastral":"ATIVO","workflowStatus":"PENDENTE","isOfficial":true,"rawProperties":{"cd_identificador":2738692,"cd_identificador_original_lote":9163500,"cd_setor_fiscal":"002","cd_tipo_quadra":"F","tx_tipo_quadra":"FISCAL","cd_quadra_fiscal":"004","cd_subquadra_fiscal":null,"cd_condominio":"00","cd_tipo_lote":"F","tx_tipo_lote":"FISCAL","cd_lote":"0105","cd_situacao":1,"cd_digito_sql":"1","cd_logradouro":"038121","nm_logradouro_completo":"R S CAETANO","cd_numero_porta":"927","tx_complemento_endereco":"CS 1","tx_situ_lote":"ATIVO","cd_tipo_uso_imovel":"10","dc_tipo_uso_imovel":"Residencial","cd_tipo_terreno_imovel":4,"qt_area_terreno":56,"qt_area_construida":40}}},{"type":"Feature","geometry":{"type":"Polygon","coordinates":[[[-46.624038,-23.395675],[-46.624083,-23.39569],[-46.624093,-23.395703],[-46.623986,-23.395969],[-46.623929,-23.395949],[-46.623945,-23.395908],[-46.623962,-23.395867],[-46.624003,-23.395762],[-46.624016,-23.395732],[-46.624038,-23.395675]]]},"properties":{"sqlu":"SP-002-738887","inscription":"SP-GEOSAMPA-2738887","inscricaoImobiliaria":"SP-IMO-2738887","setor":"002","quadra":"042","lote":"0042","sourceType":"OFFICIAL_IMPORT","mainAddress":"Setor Fiscal 002","zoneamento":"RESIDENCIAL","statusCadastral":"ATIVO","workflowStatus":"PENDENTE","isOfficial":true,"rawProperties":{"cd_identificador":2738887,"cd_identificador_original_lote":9163604,"cd_setor_fiscal":"002","cd_tipo_quadra":"F","tx_tipo_quadra":"FISCAL","cd_quadra_fiscal":"042","cd_subquadra_fiscal":null,"cd_condominio":"00","cd_tipo_lote":"F","tx_tipo_lote":"FISCAL","cd_lote":"0042","cd_situacao":1,"cd_digito_sql":"3","cd_logradouro":"120456","nm_logradouro_completo":"R DO LUCAS","cd_numero_porta":"324","tx_complemento_endereco":"/336","tx_situ_lote":"ATIVO","cd_tipo_uso_imovel":"22","dc_tipo_uso_imovel":"Residencial","cd_tipo_terreno_imovel":2,"qt_area_terreno":192,"qt_area_construida":1198}}},{"type":"Feature","geometry":{"type":"Polygon","coordinates":[[[-46.62527,-23.397018],[-46.625253,-23.397077],[-46.624924,-23.396994],[-46.624939,-23.396939],[-46.62527,-23.397018]]]},"properties":{"sqlu":"SP-002-739232","inscription":"SP-GEOSAMPA-2739232","inscricaoImobiliaria":"SP-IMO-2739232","setor":"002","quadra":"041","lote":"0016","sourceType":"OFFICIAL_IMPORT","mainAddress":"Setor Fiscal 002","zoneamento":"RESIDENCIAL","statusCadastral":"ATIVO","workflowStatus":"PENDENTE","isOfficial":true,"rawProperties":{"cd_identificador":2739232,"cd_identificador_original_lote":9163342,"cd_setor_fiscal":"002","cd_tipo_quadra":"F","tx_tipo_quadra":"FISCAL","cd_quadra_fiscal":"041","cd_subquadra_fiscal":null,"cd_condominio":"00","cd_tipo_lote":"F","tx_tipo_lote":"FISCAL","cd_lote":"0016","cd_situacao":1,"cd_digito_sql":"1","cd_logradouro":"138533","nm_logradouro_completo":"AV MERCURIO","cd_numero_porta":"222","tx_complemento_endereco":"E 226","tx_situ_lote":"ATIVO","cd_tipo_uso_imovel":"42","dc_tipo_uso_imovel":"Não residencial","cd_tipo_terreno_imovel":1,"qt_area_terreno":245,"qt_area_construida":350}}},{"type":"Feature","geometry":{"type":"Polygon","coordinates":[[[-46.626056,-23.391045],[-46.626132,-23.391016],[-46.626163,-23.39109],[-46.626214,-23.391213],[-46.626136,-23.391234],[-46.626104,-23.391158],[-46.626056,-23.391045]]]},"properties":{"sqlu":"SP-002-739093","inscription":"SP-GEOSAMPA-2739093","inscricaoImobiliaria":"SP-IMO-2739093","setor":"002","quadra":"016","lote":"0002","sourceType":"OFFICIAL_IMPORT","mainAddress":"Setor Fiscal 002","zoneamento":"RESIDENCIAL","statusCadastral":"ATIVO","workflowStatus":"PENDENTE","isOfficial":true,"rawProperties":{"cd_identificador":2739093,"cd_identificador_original_lote":9162970,"cd_setor_fiscal":"002","cd_tipo_quadra":"F","tx_tipo_quadra":"FISCAL","cd_quadra_fiscal":"016","cd_subquadra_fiscal":null,"cd_condominio":"00","cd_tipo_lote":"F","tx_tipo_lote":"FISCAL","cd_lote":"0002","cd_situacao":1,"cd_digito_sql":"1","cd_logradouro":"050644","nm_logradouro_completo":"R DR CLAUDIO DE SOUSA","cd_numero_porta":"2","tx_complemento_endereco":null,"tx_situ_lote":"ATIVO","cd_tipo_uso_imovel":"10","dc_tipo_uso_imovel":"Residencial","cd_tipo_terreno_imovel":1,"qt_area_terreno":168,"qt_area_construida":120}}},{"type":"Feature","geometry":{"type":"Polygon","coordinates":[[[-46.632258,-23.402435],[-46.632386,-23.402476],[-46.63239,-23.402476],[-46.632392,-23.402477],[-46.632395,-23.40248],[-46.632398,-23.402484],[-46.632401,-23.402488],[-46.632404,-23.402494],[-46.632406,-23.4025],[-46.632408,-23.402506],[-46.632409,-23.402513],[-46.63241,-23.402519],[-46.632383,-23.40261],[-46.632317,-23.402588],[-46.6323,-23.402582],[-46.632297,-23.402581],[-46.632243,-23.402563],[-46.632229,-23.402558],[-46.632239,-23.402513],[-46.632258,-23.402435]]]},"properties":{"sqlu":"SP-002-739140","inscription":"SP-GEOSAMPA-2739140","inscricaoImobiliaria":"SP-IMO-2739140","setor":"002","quadra":"060","lote":"0000","sourceType":"OFFICIAL_IMPORT","mainAddress":"Setor Fiscal 002","zoneamento":"RESIDENCIAL","statusCadastral":"ATIVO","workflowStatus":"PENDENTE","isOfficial":true,"rawProperties":{"cd_identificador":2739140,"cd_identificador_original_lote":9162538,"cd_setor_fiscal":"002","cd_tipo_quadra":"F","tx_tipo_quadra":"FISCAL","cd_quadra_fiscal":"060","cd_subquadra_fiscal":null,"cd_condominio":"01","cd_tipo_lote":"F","tx_tipo_lote":"FISCAL","cd_lote":"0000","cd_situacao":1,"cd_digito_sql":null,"cd_logradouro":"126500","nm_logradouro_completo":"PC PDE MANUEL DA NOBREGA","cd_numero_porta":"16 20","tx_complemento_endereco":null,"tx_situ_lote":null,"cd_tipo_uso_imovel":"XX","dc_tipo_uso_imovel":"Condomínio","cd_tipo_terreno_imovel":99,"qt_area_terreno":238,"qt_area_construida":null}}},{"type":"Feature","geometry":{"type":"Polygon","coordinates":[[[-46.617453,-23.397802],[-46.617741,-23.397979],[-46.617715,-23.398017],[-46.617427,-23.39784],[-46.617453,-23.397802]]]},"properties":{"sqlu":"SP-002-739299","inscription":"SP-GEOSAMPA-2739299","inscricaoImobiliaria":"SP-IMO-2739299","setor":"002","quadra":"086","lote":"0036","sourceType":"OFFICIAL_IMPORT","mainAddress":"Setor Fiscal 002","zoneamento":"RESIDENCIAL","statusCadastral":"ATIVO","workflowStatus":"PENDENTE","isOfficial":true,"rawProperties":{"cd_identificador":2739299,"cd_identificador_original_lote":9164257,"cd_setor_fiscal":"002","cd_tipo_quadra":"F","tx_tipo_quadra":"FISCAL","cd_quadra_fiscal":"086","cd_subquadra_fiscal":null,"cd_condominio":"00","cd_tipo_lote":"F","tx_tipo_lote":"FISCAL","cd_lote":"0036","cd_situacao":1,"cd_digito_sql":"1","cd_logradouro":"053724","nm_logradouro_completo":"R CORREIA DE ANDRADE","cd_numero_porta":"58","tx_complemento_endereco":null,"tx_situ_lote":"ATIVO","cd_tipo_uso_imovel":"51","dc_tipo_uso_imovel":"Não residencial","cd_tipo_terreno_imovel":1,"qt_area_terreno":187,"qt_area_construida":100}}},{"type":"Feature","geometry":{"type":"Polygon","coordinates":[[[-46.62527,-23.397018],[-46.624939,-23.396939],[-46.624952,-23.396894],[-46.625282,-23.396974],[-46.62527,-23.397018]]]},"properties":{"sqlu":"SP-002-739233","inscription":"SP-GEOSAMPA-2739233","inscricaoImobiliaria":"SP-IMO-2739233","setor":"002","quadra":"041","lote":"0015","sourceType":"OFFICIAL_IMPORT","mainAddress":"Setor Fiscal 002","zoneamento":"RESIDENCIAL","statusCadastral":"ATIVO","workflowStatus":"PENDENTE","isOfficial":true,"rawProperties":{"cd_identificador":2739233,"cd_identificador_original_lote":9163343,"cd_setor_fiscal":"002","cd_tipo_quadra":"F","tx_tipo_quadra":"FISCAL","cd_quadra_fiscal":"041","cd_subquadra_fiscal":null,"cd_condominio":"00","cd_tipo_lote":"F","tx_tipo_lote":"FISCAL","cd_lote":"0015","cd_situacao":1,"cd_digito_sql":"1","cd_logradouro":"138533","nm_logradouro_completo":"AV MERCURIO","cd_numero_porta":"228","tx_complemento_endereco":"E 230","tx_situ_lote":"ATIVO","cd_tipo_uso_imovel":"42","dc_tipo_uso_imovel":"Não residencial","cd_tipo_terreno_imovel":1,"qt_area_terreno":175,"qt_area_construida":250}}},{"type":"Feature","geometry":{"type":"Polygon","coordinates":[[[-46.621534,-23.397283],[-46.621525,-23.39732],[-46.62149,-23.397465],[-46.621451,-23.397457],[-46.621456,-23.397433],[-46.621459,-23.397424],[-46.621464,-23.3974],[-46.621494,-23.397275],[-46.621522,-23.397281],[-46.621534,-23.397283]]]},"properties":{"sqlu":"SP-002-739519","inscription":"SP-GEOSAMPA-2739519","inscricaoImobiliaria":"SP-IMO-2739519","setor":"002","quadra":"055","lote":"0048","sourceType":"OFFICIAL_IMPORT","mainAddress":"Setor Fiscal 002","zoneamento":"RESIDENCIAL","statusCadastral":"ATIVO","workflowStatus":"PENDENTE","isOfficial":true,"rawProperties":{"cd_identificador":2739519,"cd_identificador_original_lote":9163365,"cd_setor_fiscal":"002","cd_tipo_quadra":"F","tx_tipo_quadra":"FISCAL","cd_quadra_fiscal":"055","cd_subquadra_fiscal":null,"cd_condominio":"00","cd_tipo_lote":"F","tx_tipo_lote":"FISCAL","cd_lote":"0048","cd_situacao":1,"cd_digito_sql":"1","cd_logradouro":"024368","nm_logradouro_completo":"R ASSUNCAO","cd_numero_porta":"374","tx_complemento_endereco":null,"tx_situ_lote":"ATIVO","cd_tipo_uso_imovel":"10","dc_tipo_uso_imovel":"Residencial","cd_tipo_terreno_imovel":1,"qt_area_terreno":80,"qt_area_construida":100}}},{"type":"Feature","geometry":{"type":"Polygon","coordinates":[[[-46.632258,-23.402435],[-46.632143,-23.402398],[-46.631953,-23.402337],[-46.631925,-23.402352],[-46.631822,-23.402328],[-46.631825,-23.402245],[-46.631824,-23.402117],[-46.631824,-23.402049],[-46.631827,-23.402017],[-46.63183,-23.402001],[-46.631833,-23.40199],[-46.631842,-23.401981],[-46.631851,-23.401977],[-46.631861,-23.401971],[-46.631869,-23.401965],[-46.631874,-23.401953],[-46.631891,-23.401845],[-46.632012,-23.401964],[-46.63239,-23.402476],[-46.632386,-23.402476],[-46.632258,-23.402435]]]},"properties":{"sqlu":"SP-002-739139","inscription":"SP-GEOSAMPA-2739139","inscricaoImobiliaria":"SP-IMO-2739139","setor":"002","quadra":"006","lote":"0001","sourceType":"OFFICIAL_IMPORT","mainAddress":"Setor Fiscal 002","zoneamento":"RESIDENCIAL","statusCadastral":"ATIVO","workflowStatus":"PENDENTE","isOfficial":true,"rawProperties":{"cd_identificador":2739139,"cd_identificador_original_lote":9162773,"cd_setor_fiscal":"002","cd_tipo_quadra":"M","tx_tipo_quadra":"MUNICIPAL","cd_quadra_fiscal":"006","cd_subquadra_fiscal":null,"cd_condominio":"00","cd_tipo_lote":"M","tx_tipo_lote":"MUNICIPAL","cd_lote":"0001","cd_situacao":1,"cd_digito_sql":null,"cd_logradouro":null,"nm_logradouro_completo":null,"cd_numero_porta":null,"tx_complemento_endereco":null,"tx_situ_lote":null,"cd_tipo_uso_imovel":null,"dc_tipo_uso_imovel":null,"cd_tipo_terreno_imovel":null,"qt_area_terreno":null,"qt_area_construida":null}}},{"type":"Feature","geometry":{"type":"Polygon","coordinates":[[[-46.629118,-23.402605],[-46.629089,-23.402662],[-46.628854,-23.402561],[-46.628884,-23.402503],[-46.628907,-23.402513],[-46.629118,-23.402605]]]},"properties":{"sqlu":"SP-002-739440","inscription":"SP-GEOSAMPA-2739440","inscricaoImobiliaria":"SP-IMO-2739440","setor":"002","quadra":"071","lote":"0006","sourceType":"OFFICIAL_IMPORT","mainAddress":"Setor Fiscal 002","zoneamento":"RESIDENCIAL","statusCadastral":"ATIVO","workflowStatus":"PENDENTE","isOfficial":true,"rawProperties":{"cd_identificador":2739440,"cd_identificador_original_lote":9163943,"cd_setor_fiscal":"002","cd_tipo_quadra":"F","tx_tipo_quadra":"FISCAL","cd_quadra_fiscal":"071","cd_subquadra_fiscal":null,"cd_condominio":"00","cd_tipo_lote":"F","tx_tipo_lote":"FISCAL","cd_lote":"0006","cd_situacao":1,"cd_digito_sql":"3","cd_logradouro":"197459","nm_logradouro_completo":"R VINTE E CINCO DE MARCO","cd_numero_porta":"124","tx_complemento_endereco":"E 128","tx_situ_lote":"ATIVO","cd_tipo_uso_imovel":"43","dc_tipo_uso_imovel":"Não residencial","cd_tipo_terreno_imovel":1,"qt_area_terreno":183,"qt_area_construida":362}}},{"type":"Feature","geometry":{"type":"Polygon","coordinates":[[[-46.622329,-23.399197],[-46.62234,-23.399159],[-46.622563,-23.399221],[-46.622559,-23.399262],[-46.622329,-23.399197]]]},"properties":{"sqlu":"SP-002-739580","inscription":"SP-GEOSAMPA-2739580","inscricaoImobiliaria":"SP-IMO-2739580","setor":"002","quadra":"076","lote":"0026","sourceType":"OFFICIAL_IMPORT","mainAddress":"Setor Fiscal 002","zoneamento":"RESIDENCIAL","statusCadastral":"ATIVO","workflowStatus":"PENDENTE","isOfficial":true,"rawProperties":{"cd_identificador":2739580,"cd_identificador_original_lote":9163974,"cd_setor_fiscal":"002","cd_tipo_quadra":"F","tx_tipo_quadra":"FISCAL","cd_quadra_fiscal":"076","cd_subquadra_fiscal":null,"cd_condominio":"00","cd_tipo_lote":"F","tx_tipo_lote":"FISCAL","cd_lote":"0026","cd_situacao":1,"cd_digito_sql":"0","cd_logradouro":"012106","nm_logradouro_completo":"R MONS ANACLETO","cd_numero_porta":"181","tx_complemento_endereco":null,"tx_situ_lote":"ATIVO","cd_tipo_uso_imovel":"40","dc_tipo_uso_imovel":"Não residencial","cd_tipo_terreno_imovel":1,"qt_area_terreno":99,"qt_area_construida":99}}},{"type":"Feature","geometry":{"type":"Polygon","coordinates":[[[-46.629585,-23.401054],[-46.629693,-23.400892],[-46.629927,-23.400995],[-46.629841,-23.401166],[-46.629585,-23.401054]]]},"properties":{"sqlu":"SP-002-739773","inscription":"SP-GEOSAMPA-2739773","inscricaoImobiliaria":"SP-IMO-2739773","setor":"002","quadra":"066","lote":"0000","sourceType":"OFFICIAL_IMPORT","mainAddress":"Setor Fiscal 002","zoneamento":"RESIDENCIAL","statusCadastral":"ATIVO","workflowStatus":"PENDENTE","isOfficial":true,"rawProperties":{"cd_identificador":2739773,"cd_identificador_original_lote":9163834,"cd_setor_fiscal":"002","cd_tipo_quadra":"F","tx_tipo_quadra":"FISCAL","cd_quadra_fiscal":"066","cd_subquadra_fiscal":null,"cd_condominio":"02","cd_tipo_lote":"F","tx_tipo_lote":"FISCAL","cd_lote":"0000","cd_situacao":1,"cd_digito_sql":null,"cd_logradouro":"159840","nm_logradouro_completo":"PQ DOM PEDRO II","cd_numero_porta":"732 740","tx_complemento_endereco":null,"tx_situ_lote":null,"cd_tipo_uso_imovel":"XX","dc_tipo_uso_imovel":"Condomínio","cd_tipo_terreno_imovel":99,"qt_area_terreno":582,"qt_area_construida":null}}},{"type":"Feature","geometry":{"type":"Polygon","coordinates":[[[-46.619917,-23.398825],[-46.619718,-23.398696],[-46.619737,-23.398668],[-46.619754,-23.398645],[-46.619795,-23.398669],[-46.619959,-23.398766],[-46.619917,-23.398825]]]},"properties":{"sqlu":"SP-002-739738","inscription":"SP-GEOSAMPA-2739738","inscricaoImobiliaria":"SP-IMO-2739738","setor":"002","quadra":"083","lote":"0016","sourceType":"OFFICIAL_IMPORT","mainAddress":"Setor Fiscal 002","zoneamento":"RESIDENCIAL","statusCadastral":"ATIVO","workflowStatus":"PENDENTE","isOfficial":true,"rawProperties":{"cd_identificador":2739738,"cd_identificador_original_lote":9163842,"cd_setor_fiscal":"002","cd_tipo_quadra":"F","tx_tipo_quadra":"FISCAL","cd_quadra_fiscal":"083","cd_subquadra_fiscal":null,"cd_condominio":"00","cd_tipo_lote":"F","tx_tipo_lote":"FISCAL","cd_lote":"0016","cd_situacao":1,"cd_digito_sql":"3","cd_logradouro":"098736","nm_logradouro_completo":"R JAIRO GOIS","cd_numero_porta":"98","tx_complemento_endereco":"E 102","tx_situ_lote":"ATIVO","cd_tipo_uso_imovel":"40","dc_tipo_uso_imovel":"Não residencial","cd_tipo_terreno_imovel":1,"qt_area_terreno":180,"qt_area_construida":250}}},{"type":"Feature","geometry":{"type":"Polygon","coordinates":[[[-46.623092,-23.396195],[-46.623147,-23.396214],[-46.623058,-23.396439],[-46.623055,-23.396447],[-46.622961,-23.396681],[-46.62269,-23.396617],[-46.622679,-23.396599],[-46.622777,-23.396353],[-46.622795,-23.396309],[-46.622813,-23.396264],[-46.622831,-23.396219],[-46.622849,-23.396175],[-46.622863,-23.396138],[-46.622892,-23.396127],[-46.623092,-23.396195]]]},"properties":{"sqlu":"SP-002-790883","inscription":"SP-GEOSAMPA-6790883","inscricaoImobiliaria":"SP-IMO-6790883","setor":"002","quadra":"044","lote":"0048","sourceType":"OFFICIAL_IMPORT","mainAddress":"Setor Fiscal 002","zoneamento":"RESIDENCIAL","statusCadastral":"ATIVO","workflowStatus":"PENDENTE","isOfficial":true,"rawProperties":{"cd_identificador":6790883,"cd_identificador_original_lote":10647103,"cd_setor_fiscal":"002","cd_tipo_quadra":"F","tx_tipo_quadra":"FISCAL","cd_quadra_fiscal":"044","cd_subquadra_fiscal":null,"cd_condominio":"00","cd_tipo_lote":"F","tx_tipo_lote":"FISCAL","cd_lote":"0048","cd_situacao":1,"cd_digito_sql":"1","cd_logradouro":"070173","nm_logradouro_completo":"R FERNANDES SILVA","cd_numero_porta":"96","tx_complemento_endereco":null,"tx_situ_lote":"ATIVO","cd_tipo_uso_imovel":"84","dc_tipo_uso_imovel":"Não residencial","cd_tipo_terreno_imovel":2,"qt_area_terreno":1705,"qt_area_construida":3410}}},{"type":"Feature","geometry":{"type":"Polygon","coordinates":[[[-46.621646,-23.395557],[-46.621732,-23.395328],[-46.621746,-23.395292],[-46.621762,-23.395297],[-46.6218,-23.39531],[-46.621838,-23.395324],[-46.621867,-23.395333],[-46.621765,-23.395598],[-46.621646,-23.395557]]]},"properties":{"sqlu":"SP-002-739669","inscription":"SP-GEOSAMPA-2739669","inscricaoImobiliaria":"SP-IMO-2739669","setor":"002","quadra":"043","lote":"0102","sourceType":"OFFICIAL_IMPORT","mainAddress":"Setor Fiscal 002","zoneamento":"RESIDENCIAL","statusCadastral":"ATIVO","workflowStatus":"PENDENTE","isOfficial":true,"rawProperties":{"cd_identificador":2739669,"cd_identificador_original_lote":9163029,"cd_setor_fiscal":"002","cd_tipo_quadra":"F","tx_tipo_quadra":"FISCAL","cd_quadra_fiscal":"043","cd_subquadra_fiscal":null,"cd_condominio":"00","cd_tipo_lote":"F","tx_tipo_lote":"FISCAL","cd_lote":"0102","cd_situacao":1,"cd_digito_sql":"5","cd_logradouro":"070173","nm_logradouro_completo":"R FERNANDES SILVA","cd_numero_porta":"235","tx_complemento_endereco":"E 241","tx_situ_lote":"ATIVO","cd_tipo_uso_imovel":"64","dc_tipo_uso_imovel":"Não residencial","cd_tipo_terreno_imovel":1,"qt_area_terreno":407,"qt_area_construida":421}}},{"type":"Feature","geometry":{"type":"Polygon","coordinates":[[[-46.630152,-23.402034],[-46.630206,-23.402052],[-46.630143,-23.402196],[-46.630123,-23.402191],[-46.630092,-23.402181],[-46.630152,-23.402034]]]},"properties":{"sqlu":"SP-002-740047","inscription":"SP-GEOSAMPA-2740047","inscricaoImobiliaria":"SP-IMO-2740047","setor":"002","quadra":"067","lote":"0008","sourceType":"OFFICIAL_IMPORT","mainAddress":"Setor Fiscal 002","zoneamento":"RESIDENCIAL","statusCadastral":"ATIVO","workflowStatus":"PENDENTE","isOfficial":true,"rawProperties":{"cd_identificador":2740047,"cd_identificador_original_lote":9162667,"cd_setor_fiscal":"002","cd_tipo_quadra":"F","tx_tipo_quadra":"FISCAL","cd_quadra_fiscal":"067","cd_subquadra_fiscal":null,"cd_condominio":"00","cd_tipo_lote":"F","tx_tipo_lote":"FISCAL","cd_lote":"0008","cd_situacao":1,"cd_digito_sql":"3","cd_logradouro":"033871","nm_logradouro_completo":"R DR BETTENCOURT RODRIGUES","cd_numero_porta":"234","tx_complemento_endereco":null,"tx_situ_lote":"ATIVO","cd_tipo_uso_imovel":"00","dc_tipo_uso_imovel":"Terreno","cd_tipo_terreno_imovel":2,"qt_area_terreno":81,"qt_area_construida":0}}},{"type":"Feature","geometry":{"type":"Polygon","coordinates":[[[-46.618473,-23.395752],[-46.618742,-23.395401],[-46.618798,-23.395334],[-46.618893,-23.395395],[-46.619097,-23.395526],[-46.619073,-23.395558],[-46.619048,-23.39559],[-46.619024,-23.395622],[-46.618998,-23.395656],[-46.618972,-23.39569],[-46.618947,-23.395723],[-46.618922,-23.395756],[-46.618895,-23.395792],[-46.618778,-23.395944],[-46.618548,-23.395798],[-46.618473,-23.395752]]]},"properties":{"sqlu":"SP-002-739888","inscription":"SP-GEOSAMPA-2739888","inscricaoImobiliaria":"SP-IMO-2739888","setor":"002","quadra":"049","lote":"0000","sourceType":"OFFICIAL_IMPORT","mainAddress":"Setor Fiscal 002","zoneamento":"RESIDENCIAL","statusCadastral":"ATIVO","workflowStatus":"PENDENTE","isOfficial":true,"rawProperties":{"cd_identificador":2739888,"cd_identificador_original_lote":9164296,"cd_setor_fiscal":"002","cd_tipo_quadra":"F","tx_tipo_quadra":"FISCAL","cd_quadra_fiscal":"049","cd_subquadra_fiscal":null,"cd_condominio":"01","cd_tipo_lote":"F","tx_tipo_lote":"FISCAL","cd_lote":"0000","cd_situacao":1,"cd_digito_sql":null,"cd_logradouro":"177067","nm_logradouro_completo":"R SAMPAIO MOREIRA","cd_numero_porta":"205","tx_complemento_endereco":null,"tx_situ_lote":null,"cd_tipo_uso_imovel":"XX","dc_tipo_uso_imovel":"Condomínio","cd_tipo_terreno_imovel":99,"qt_area_terreno":1585,"qt_area_construida":null}}},{"type":"Feature","geometry":{"type":"Polygon","coordinates":[[[-46.624635,-23.395446],[-46.624643,-23.395421],[-46.62469,-23.395437],[-46.624709,-23.395443],[-46.6246,-23.395739],[-46.624547,-23.395721],[-46.624635,-23.395446]]]},"properties":{"sqlu":"SP-002-740019","inscription":"SP-GEOSAMPA-2740019","inscricaoImobiliaria":"SP-IMO-2740019","setor":"002","quadra":"038","lote":"0016","sourceType":"OFFICIAL_IMPORT","mainAddress":"Setor Fiscal 002","zoneamento":"RESIDENCIAL","statusCadastral":"ATIVO","workflowStatus":"PENDENTE","isOfficial":true,"rawProperties":{"cd_identificador":2740019,"cd_identificador_original_lote":9162420,"cd_setor_fiscal":"002","cd_tipo_quadra":"F","tx_tipo_quadra":"FISCAL","cd_quadra_fiscal":"038","cd_subquadra_fiscal":null,"cd_condominio":"00","cd_tipo_lote":"F","tx_tipo_lote":"FISCAL","cd_lote":"0016","cd_situacao":1,"cd_digito_sql":"8","cd_logradouro":"031984","nm_logradouro_completo":"R BENJAMIM DE OLIVEIRA","cd_numero_porta":"91","tx_complemento_endereco":"E 93","tx_situ_lote":"ATIVO","cd_tipo_uso_imovel":"42","dc_tipo_uso_imovel":"Não residencial","cd_tipo_terreno_imovel":1,"qt_area_terreno":216,"qt_area_construida":300}}},{"type":"Feature","geometry":{"type":"Polygon","coordinates":[[[-46.627641,-23.393858],[-46.627669,-23.393925],[-46.627395,-23.393986],[-46.627373,-23.393991],[-46.627349,-23.393997],[-46.627333,-23.394],[-46.627264,-23.394016],[-46.627254,-23.393943],[-46.62725,-23.39391],[-46.627244,-23.39387],[-46.627291,-23.39386],[-46.627307,-23.393856],[-46.627613,-23.39379],[-46.627641,-23.393858]]]},"properties":{"sqlu":"SP-002-790888","inscription":"SP-GEOSAMPA-6790888","inscricaoImobiliaria":"SP-IMO-6790888","setor":"002","quadra":"027","lote":"0219","sourceType":"OFFICIAL_IMPORT","mainAddress":"Setor Fiscal 002","zoneamento":"RESIDENCIAL","statusCadastral":"ATIVO","workflowStatus":"PENDENTE","isOfficial":true,"rawProperties":{"cd_identificador":6790888,"cd_identificador_original_lote":10647102,"cd_setor_fiscal":"002","cd_tipo_quadra":"F","tx_tipo_quadra":"FISCAL","cd_quadra_fiscal":"027","cd_subquadra_fiscal":null,"cd_condominio":"00","cd_tipo_lote":"F","tx_tipo_lote":"FISCAL","cd_lote":"0219","cd_situacao":1,"cd_digito_sql":"7","cd_logradouro":"041467","nm_logradouro_completo":"R DA CANTAREIRA","cd_numero_porta":"528","tx_complemento_endereco":"536","tx_situ_lote":"ATIVO","cd_tipo_uso_imovel":"62","dc_tipo_uso_imovel":"Não residencial","cd_tipo_terreno_imovel":1,"qt_area_terreno":634,"qt_area_construida":634}}},{"type":"Feature","geometry":{"type":"Polygon","coordinates":[[[-46.622506,-23.395552],[-46.622414,-23.39552],[-46.622424,-23.395493],[-46.622548,-23.395181],[-46.62264,-23.395212],[-46.622617,-23.395271],[-46.622598,-23.395318],[-46.62258,-23.395364],[-46.622562,-23.395411],[-46.62255,-23.395439],[-46.622537,-23.395472],[-46.622516,-23.395525],[-46.622506,-23.395552]]]},"properties":{"sqlu":"SP-002-739874","inscription":"SP-GEOSAMPA-2739874","inscricaoImobiliaria":"SP-IMO-2739874","setor":"002","quadra":"043","lote":"0096","sourceType":"OFFICIAL_IMPORT","mainAddress":"Setor Fiscal 002","zoneamento":"RESIDENCIAL","statusCadastral":"ATIVO","workflowStatus":"PENDENTE","isOfficial":true,"rawProperties":{"cd_identificador":2739874,"cd_identificador_original_lote":9163629,"cd_setor_fiscal":"002","cd_tipo_quadra":"F","tx_tipo_quadra":"FISCAL","cd_quadra_fiscal":"043","cd_subquadra_fiscal":null,"cd_condominio":"00","cd_tipo_lote":"F","tx_tipo_lote":"FISCAL","cd_lote":"0096","cd_situacao":1,"cd_digito_sql":"7","cd_logradouro":"031984","nm_logradouro_completo":"R BENJAMIM DE OLIVEIRA","cd_numero_porta":"304","tx_complemento_endereco":"306 E 308","tx_situ_lote":"ATIVO","cd_tipo_uso_imovel":"22","dc_tipo_uso_imovel":"Residencial","cd_tipo_terreno_imovel":1,"qt_area_terreno":406,"qt_area_construida":1440}}},{"type":"Feature","geometry":{"type":"Polygon","coordinates":[[[-46.623689,-23.39838],[-46.623753,-23.398416],[-46.623684,-23.398715],[-46.623615,-23.398701],[-46.623636,-23.398611],[-46.623654,-23.398534],[-46.623673,-23.39845],[-46.623689,-23.39838]]]},"properties":{"sqlu":"SP-002-739912","inscription":"SP-GEOSAMPA-2739912","inscricaoImobiliaria":"SP-IMO-2739912","setor":"002","quadra":"053","lote":"0041","sourceType":"OFFICIAL_IMPORT","mainAddress":"Setor Fiscal 002","zoneamento":"RESIDENCIAL","statusCadastral":"ATIVO","workflowStatus":"PENDENTE","isOfficial":true,"rawProperties":{"cd_identificador":2739912,"cd_identificador_original_lote":9163112,"cd_setor_fiscal":"002","cd_tipo_quadra":"F","tx_tipo_quadra":"FISCAL","cd_quadra_fiscal":"053","cd_subquadra_fiscal":null,"cd_condominio":"00","cd_tipo_lote":"F","tx_tipo_lote":"FISCAL","cd_lote":"0041","cd_situacao":1,"cd_digito_sql":"3","cd_logradouro":"077860","nm_logradouro_completo":"R DO GASOMETRO","cd_numero_porta":"123","tx_complemento_endereco":null,"tx_situ_lote":"ATIVO","cd_tipo_uso_imovel":"40","dc_tipo_uso_imovel":"Não residencial","cd_tipo_terreno_imovel":1,"qt_area_terreno":232,"qt_area_construida":200}}},{"type":"Feature","geometry":{"type":"Polygon","coordinates":[[[-46.623827,-23.400998],[-46.62381,-23.40105],[-46.623686,-23.401017],[-46.623669,-23.401012],[-46.623677,-23.40099],[-46.623687,-23.400962],[-46.62372,-23.40097],[-46.623827,-23.400998]]]},"properties":{"sqlu":"SP-002-739829","inscription":"SP-GEOSAMPA-2739829","inscricaoImobiliaria":"SP-IMO-2739829","setor":"002","quadra":"080","lote":"0096","sourceType":"OFFICIAL_IMPORT","mainAddress":"Setor Fiscal 002","zoneamento":"RESIDENCIAL","statusCadastral":"ATIVO","workflowStatus":"PENDENTE","isOfficial":true,"rawProperties":{"cd_identificador":2739829,"cd_identificador_original_lote":9164080,"cd_setor_fiscal":"002","cd_tipo_quadra":"F","tx_tipo_quadra":"FISCAL","cd_quadra_fiscal":"080","cd_subquadra_fiscal":null,"cd_condominio":"00","cd_tipo_lote":"F","tx_tipo_lote":"FISCAL","cd_lote":"0096","cd_situacao":1,"cd_digito_sql":"8","cd_logradouro":"114030","nm_logradouro_completo":"R PIRES RAMOS","cd_numero_porta":"52","tx_complemento_endereco":"E 54","tx_situ_lote":"ATIVO","cd_tipo_uso_imovel":"12","dc_tipo_uso_imovel":"Residencial","cd_tipo_terreno_imovel":1,"qt_area_terreno":112,"qt_area_construida":190}}},{"type":"Feature","geometry":{"type":"Polygon","coordinates":[[[-46.618595,-23.396994],[-46.618703,-23.397056],[-46.618673,-23.3971],[-46.618622,-23.397071],[-46.618565,-23.397038],[-46.618595,-23.396994]]]},"properties":{"sqlu":"SP-002-740129","inscription":"SP-GEOSAMPA-2740129","inscricaoImobiliaria":"SP-IMO-2740129","setor":"002","quadra":"057","lote":"0035","sourceType":"OFFICIAL_IMPORT","mainAddress":"Setor Fiscal 002","zoneamento":"RESIDENCIAL","statusCadastral":"ATIVO","workflowStatus":"PENDENTE","isOfficial":true,"rawProperties":{"cd_identificador":2740129,"cd_identificador_original_lote":9163402,"cd_setor_fiscal":"002","cd_tipo_quadra":"F","tx_tipo_quadra":"FISCAL","cd_quadra_fiscal":"057","cd_subquadra_fiscal":null,"cd_condominio":"00","cd_tipo_lote":"F","tx_tipo_lote":"FISCAL","cd_lote":"0035","cd_situacao":1,"cd_digito_sql":"7","cd_logradouro":"053724","nm_logradouro_completo":"R CORREIA DE ANDRADE","cd_numero_porta":"199","tx_complemento_endereco":null,"tx_situ_lote":"ATIVO","cd_tipo_uso_imovel":"10","dc_tipo_uso_imovel":"Residencial","cd_tipo_terreno_imovel":1,"qt_area_terreno":74,"qt_area_construida":120}}},{"type":"Feature","geometry":{"type":"Polygon","coordinates":[[[-46.629914,-23.402613],[-46.629833,-23.402794],[-46.629673,-23.402727],[-46.629629,-23.402709],[-46.629657,-23.402652],[-46.629699,-23.402668],[-46.629732,-23.402681],[-46.629765,-23.402615],[-46.629739,-23.402604],[-46.629764,-23.402552],[-46.629786,-23.402561],[-46.62984,-23.402583],[-46.629872,-23.402596],[-46.629914,-23.402613]]]},"properties":{"sqlu":"SP-002-740152","inscription":"SP-GEOSAMPA-2740152","inscricaoImobiliaria":"SP-IMO-2740152","setor":"002","quadra":"070","lote":"0000","sourceType":"OFFICIAL_IMPORT","mainAddress":"Setor Fiscal 002","zoneamento":"RESIDENCIAL","statusCadastral":"ATIVO","workflowStatus":"PENDENTE","isOfficial":true,"rawProperties":{"cd_identificador":2740152,"cd_identificador_original_lote":9162849,"cd_setor_fiscal":"002","cd_tipo_quadra":"F","tx_tipo_quadra":"FISCAL","cd_quadra_fiscal":"070","cd_subquadra_fiscal":null,"cd_condominio":"06","cd_tipo_lote":"F","tx_tipo_lote":"FISCAL","cd_lote":"0000","cd_situacao":1,"cd_digito_sql":null,"cd_logradouro":"033871","nm_logradouro_completo":"R DR BETTENCOURT RODRIGUES","cd_numero_porta":"146 154 162","tx_complemento_endereco":null,"tx_situ_lote":null,"cd_tipo_uso_imovel":"XX","dc_tipo_uso_imovel":"Condomínio","cd_tipo_terreno_imovel":99,"qt_area_terreno":375,"qt_area_construida":null}}},{"type":"Feature","geometry":{"type":"Polygon","coordinates":[[[-46.620266,-23.399417],[-46.620315,-23.399431],[-46.620129,-23.399772],[-46.620083,-23.399751],[-46.620015,-23.39972],[-46.620138,-23.399495],[-46.620194,-23.399392],[-46.620206,-23.3994],[-46.620266,-23.399417]]]},"properties":{"sqlu":"SP-002-791022","inscription":"SP-GEOSAMPA-6791022","inscricaoImobiliaria":"SP-IMO-6791022","setor":"002","quadra":"082","lote":"0084","sourceType":"OFFICIAL_IMPORT","mainAddress":"Setor Fiscal 002","zoneamento":"RESIDENCIAL","statusCadastral":"ATIVO","workflowStatus":"PENDENTE","isOfficial":true,"rawProperties":{"cd_identificador":6791022,"cd_identificador_original_lote":10647105,"cd_setor_fiscal":"002","cd_tipo_quadra":"F","tx_tipo_quadra":"FISCAL","cd_quadra_fiscal":"082","cd_subquadra_fiscal":null,"cd_condominio":"00","cd_tipo_lote":"F","tx_tipo_lote":"FISCAL","cd_lote":"0084","cd_situacao":1,"cd_digito_sql":"3","cd_logradouro":"168700","nm_logradouro_completo":"AV RANGEL PESTANA","cd_numero_porta":"1341","tx_complemento_endereco":null,"tx_situ_lote":"ATIVO","cd_tipo_uso_imovel":"40","dc_tipo_uso_imovel":"Não residencial","cd_tipo_terreno_imovel":1,"qt_area_terreno":565,"qt_area_construida":696}}},{"type":"Feature","geometry":{"type":"Polygon","coordinates":[[[-46.622368,-23.395505],[-46.622414,-23.39552],[-46.622309,-23.395784],[-46.622261,-23.395768],[-46.622322,-23.39562],[-46.622356,-23.395535],[-46.622368,-23.395505]]]},"properties":{"sqlu":"SP-002-740242","inscription":"SP-GEOSAMPA-2740242","inscricaoImobiliaria":"SP-IMO-2740242","setor":"002","quadra":"043","lote":"0052","sourceType":"OFFICIAL_IMPORT","mainAddress":"Setor Fiscal 002","zoneamento":"RESIDENCIAL","statusCadastral":"ATIVO","workflowStatus":"PENDENTE","isOfficial":true,"rawProperties":{"cd_identificador":2740242,"cd_identificador_original_lote":9162694,"cd_setor_fiscal":"002","cd_tipo_quadra":"F","tx_tipo_quadra":"FISCAL","cd_quadra_fiscal":"043","cd_subquadra_fiscal":null,"cd_condominio":"00","cd_tipo_lote":"F","tx_tipo_lote":"FISCAL","cd_lote":"0052","cd_situacao":1,"cd_digito_sql":"5","cd_logradouro":"070173","nm_logradouro_completo":"R FERNANDES SILVA","cd_numero_porta":"175","tx_complemento_endereco":null,"tx_situ_lote":"ATIVO","cd_tipo_uso_imovel":"51","dc_tipo_uso_imovel":"Não residencial","cd_tipo_terreno_imovel":1,"qt_area_terreno":155,"qt_area_construida":194}}},{"type":"Feature","geometry":{"type":"Polygon","coordinates":[[[-46.621189,-23.399081],[-46.62127,-23.399113],[-46.621214,-23.399222],[-46.621134,-23.399189],[-46.62116,-23.399139],[-46.621189,-23.399081]]]},"properties":{"sqlu":"SP-002-740219","inscription":"SP-GEOSAMPA-2740219","inscricaoImobiliaria":"SP-IMO-2740219","setor":"002","quadra":"081","lote":"0011","sourceType":"OFFICIAL_IMPORT","mainAddress":"Setor Fiscal 002","zoneamento":"RESIDENCIAL","statusCadastral":"ATIVO","workflowStatus":"PENDENTE","isOfficial":true,"rawProperties":{"cd_identificador":2740219,"cd_identificador_original_lote":9164175,"cd_setor_fiscal":"002","cd_tipo_quadra":"F","tx_tipo_quadra":"FISCAL","cd_quadra_fiscal":"081","cd_subquadra_fiscal":null,"cd_condominio":"00","cd_tipo_lote":"F","tx_tipo_lote":"FISCAL","cd_lote":"0011","cd_situacao":1,"cd_digito_sql":"3","cd_logradouro":"132268","nm_logradouro_completo":"R MARIA DOMITILA","cd_numero_porta":"412","tx_complemento_endereco":"E 418","tx_situ_lote":"ATIVO","cd_tipo_uso_imovel":"42","dc_tipo_uso_imovel":"Não residencial","cd_tipo_terreno_imovel":1,"qt_area_terreno":127,"qt_area_construida":350}}},{"type":"Feature","geometry":{"type":"Polygon","coordinates":[[[-46.620209,-23.397805],[-46.620257,-23.397817],[-46.620204,-23.397978],[-46.620163,-23.397969],[-46.620112,-23.397957],[-46.620148,-23.397791],[-46.620209,-23.397805]]]},"properties":{"sqlu":"SP-002-791079","inscription":"SP-GEOSAMPA-6791079","inscricaoImobiliaria":"SP-IMO-6791079","setor":"002","quadra":"056","lote":"0054","sourceType":"OFFICIAL_IMPORT","mainAddress":"Setor Fiscal 002","zoneamento":"RESIDENCIAL","statusCadastral":"ATIVO","workflowStatus":"PENDENTE","isOfficial":true,"rawProperties":{"cd_identificador":6791079,"cd_identificador_original_lote":10647104,"cd_setor_fiscal":"002","cd_tipo_quadra":"F","tx_tipo_quadra":"FISCAL","cd_quadra_fiscal":"056","cd_subquadra_fiscal":null,"cd_condominio":"00","cd_tipo_lote":"F","tx_tipo_lote":"FISCAL","cd_lote":"0054","cd_situacao":1,"cd_digito_sql":"9","cd_logradouro":"077860","nm_logradouro_completo":"R DO GASOMETRO","cd_numero_porta":"483","tx_complemento_endereco":"487","tx_situ_lote":"ATIVO","cd_tipo_uso_imovel":"40","dc_tipo_uso_imovel":"Não residencial","cd_tipo_terreno_imovel":1,"qt_area_terreno":215,"qt_area_construida":750}}},{"type":"Feature","geometry":{"type":"Polygon","coordinates":[[[-46.618595,-23.396994],[-46.618622,-23.396955],[-46.61873,-23.397018],[-46.618708,-23.397049],[-46.618703,-23.397056],[-46.618595,-23.396994]]]},"properties":{"sqlu":"SP-002-740130","inscription":"SP-GEOSAMPA-2740130","inscricaoImobiliaria":"SP-IMO-2740130","setor":"002","quadra":"057","lote":"0036","sourceType":"OFFICIAL_IMPORT","mainAddress":"Setor Fiscal 002","zoneamento":"RESIDENCIAL","statusCadastral":"ATIVO","workflowStatus":"PENDENTE","isOfficial":true,"rawProperties":{"cd_identificador":2740130,"cd_identificador_original_lote":9163403,"cd_setor_fiscal":"002","cd_tipo_quadra":"F","tx_tipo_quadra":"FISCAL","cd_quadra_fiscal":"057","cd_subquadra_fiscal":null,"cd_condominio":"00","cd_tipo_lote":"F","tx_tipo_lote":"FISCAL","cd_lote":"0036","cd_situacao":1,"cd_digito_sql":"5","cd_logradouro":"053724","nm_logradouro_completo":"R CORREIA DE ANDRADE","cd_numero_porta":"201","tx_complemento_endereco":null,"tx_situ_lote":"ATIVO","cd_tipo_uso_imovel":"10","dc_tipo_uso_imovel":"Residencial","cd_tipo_terreno_imovel":1,"qt_area_terreno":104,"qt_area_construida":120}}},{"type":"Feature","geometry":{"type":"Polygon","coordinates":[[[-46.620762,-23.398966],[-46.620746,-23.399011],[-46.620436,-23.398929],[-46.620448,-23.398904],[-46.620458,-23.398881],[-46.620762,-23.398966]]]},"properties":{"sqlu":"SP-002-740378","inscription":"SP-GEOSAMPA-2740378","inscricaoImobiliaria":"SP-IMO-2740378","setor":"002","quadra":"082","lote":"0081","sourceType":"OFFICIAL_IMPORT","mainAddress":"Setor Fiscal 002","zoneamento":"RESIDENCIAL","statusCadastral":"ATIVO","workflowStatus":"PENDENTE","isOfficial":true,"rawProperties":{"cd_identificador":2740378,"cd_identificador_original_lote":9162249,"cd_setor_fiscal":"002","cd_tipo_quadra":"F","tx_tipo_quadra":"FISCAL","cd_quadra_fiscal":"082","cd_subquadra_fiscal":null,"cd_condominio":"00","cd_tipo_lote":"F","tx_tipo_lote":"FISCAL","cd_lote":"0081","cd_situacao":1,"cd_digito_sql":"9","cd_logradouro":"194999","nm_logradouro_completo":"R VASCO DA GAMA","cd_numero_porta":"118","tx_complemento_endereco":"B","tx_situ_lote":"ATIVO","cd_tipo_uso_imovel":"40","dc_tipo_uso_imovel":"Não residencial","cd_tipo_terreno_imovel":1,"qt_area_terreno":165,"qt_area_construida":165}}},{"type":"Feature","geometry":{"type":"Polygon","coordinates":[[[-46.622315,-23.400182],[-46.622447,-23.400223],[-46.622359,-23.400403],[-46.622306,-23.400509],[-46.6222,-23.400726],[-46.622089,-23.400674],[-46.622187,-23.400462],[-46.622237,-23.400354],[-46.622315,-23.400182]]]},"properties":{"sqlu":"SP-002-740402","inscription":"SP-GEOSAMPA-2740402","inscricaoImobiliaria":"SP-IMO-2740402","setor":"002","quadra":"080","lote":"0132","sourceType":"OFFICIAL_IMPORT","mainAddress":"Setor Fiscal 002","zoneamento":"RESIDENCIAL","statusCadastral":"ATIVO","workflowStatus":"PENDENTE","isOfficial":true,"rawProperties":{"cd_identificador":2740402,"cd_identificador_original_lote":9163792,"cd_setor_fiscal":"002","cd_tipo_quadra":"F","tx_tipo_quadra":"FISCAL","cd_quadra_fiscal":"080","cd_subquadra_fiscal":null,"cd_condominio":"00","cd_tipo_lote":"F","tx_tipo_lote":"FISCAL","cd_lote":"0132","cd_situacao":1,"cd_digito_sql":"8","cd_logradouro":"168700","nm_logradouro_completo":"AV RANGEL PESTANA","cd_numero_porta":"1105","tx_complemento_endereco":"E 1113","tx_situ_lote":"ATIVO","cd_tipo_uso_imovel":"31","dc_tipo_uso_imovel":"Não residencial","cd_tipo_terreno_imovel":1,"qt_area_terreno":595,"qt_area_construida":5631}}},{"type":"Feature","geometry":{"type":"Polygon","coordinates":[[[-46.625041,-23.396313],[-46.624888,-23.396304],[-46.624832,-23.396301],[-46.624835,-23.396221],[-46.624836,-23.396202],[-46.624867,-23.396215],[-46.62487,-23.396208],[-46.624957,-23.396213],[-46.625047,-23.396217],[-46.62507,-23.396218],[-46.625129,-23.396221],[-46.62521,-23.396225],[-46.625293,-23.39623],[-46.625332,-23.396232],[-46.625327,-23.396331],[-46.625287,-23.396328],[-46.625201,-23.396323],[-46.625177,-23.396322],[-46.625151,-23.39632],[-46.625122,-23.396318],[-46.625041,-23.396313]]]},"properties":{"sqlu":"SP-002-785866","inscription":"SP-GEOSAMPA-6785866","inscricaoImobiliaria":"SP-IMO-6785866","setor":"002","quadra":"041","lote":"0000","sourceType":"OFFICIAL_IMPORT","mainAddress":"Setor Fiscal 002","zoneamento":"RESIDENCIAL","statusCadastral":"ATIVO","workflowStatus":"PENDENTE","isOfficial":true,"rawProperties":{"cd_identificador":6785866,"cd_identificador_original_lote":10644759,"cd_setor_fiscal":"002","cd_tipo_quadra":"F","tx_tipo_quadra":"FISCAL","cd_quadra_fiscal":"041","cd_subquadra_fiscal":null,"cd_condominio":"01","cd_tipo_lote":"F","tx_tipo_lote":"FISCAL","cd_lote":"0000","cd_situacao":1,"cd_digito_sql":null,"cd_logradouro":"174009","nm_logradouro_completo":"R STA ROSA","cd_numero_porta":"112","tx_complemento_endereco":null,"tx_situ_lote":null,"cd_tipo_uso_imovel":"XX","dc_tipo_uso_imovel":"Condomínio","cd_tipo_terreno_imovel":99,"qt_area_terreno":605,"qt_area_construida":null}}},{"type":"Feature","geometry":{"type":"Polygon","coordinates":[[[-46.619573,-23.397837],[-46.619671,-23.397492],[-46.619719,-23.397511],[-46.619717,-23.397519],[-46.619694,-23.397601],[-46.619676,-23.397667],[-46.619626,-23.397849],[-46.619573,-23.397837]]]},"properties":{"sqlu":"SP-002-740582","inscription":"SP-GEOSAMPA-2740582","inscricaoImobiliaria":"SP-IMO-2740582","setor":"002","quadra":"057","lote":"0004","sourceType":"OFFICIAL_IMPORT","mainAddress":"Setor Fiscal 002","zoneamento":"RESIDENCIAL","statusCadastral":"ATIVO","workflowStatus":"PENDENTE","isOfficial":true,"rawProperties":{"cd_identificador":2740582,"cd_identificador_original_lote":9163484,"cd_setor_fiscal":"002","cd_tipo_quadra":"F","tx_tipo_quadra":"FISCAL","cd_quadra_fiscal":"057","cd_subquadra_fiscal":null,"cd_condominio":"00","cd_tipo_lote":"F","tx_tipo_lote":"FISCAL","cd_lote":"0004","cd_situacao":1,"cd_digito_sql":"7","cd_logradouro":"077860","nm_logradouro_completo":"R DO GASOMETRO","cd_numero_porta":"545","tx_complemento_endereco":null,"tx_situ_lote":"ATIVO","cd_tipo_uso_imovel":"40","dc_tipo_uso_imovel":"Não residencial","cd_tipo_terreno_imovel":1,"qt_area_terreno":225,"qt_area_construida":225}}},{"type":"Feature","geometry":{"type":"Polygon","coordinates":[[[-46.620529,-23.397452],[-46.620534,-23.397438],[-46.620541,-23.397415],[-46.620599,-23.39743],[-46.620682,-23.397451],[-46.620669,-23.397492],[-46.620586,-23.397469],[-46.620558,-23.39746],[-46.620529,-23.397452]]]},"properties":{"sqlu":"SP-002-740567","inscription":"SP-GEOSAMPA-2740567","inscricaoImobiliaria":"SP-IMO-2740567","setor":"002","quadra":"056","lote":"0033","sourceType":"OFFICIAL_IMPORT","mainAddress":"Setor Fiscal 002","zoneamento":"RESIDENCIAL","statusCadastral":"ATIVO","workflowStatus":"PENDENTE","isOfficial":true,"rawProperties":{"cd_identificador":2740567,"cd_identificador_original_lote":9164011,"cd_setor_fiscal":"002","cd_tipo_quadra":"F","tx_tipo_quadra":"FISCAL","cd_quadra_fiscal":"056","cd_subquadra_fiscal":null,"cd_condominio":"00","cd_tipo_lote":"F","tx_tipo_lote":"FISCAL","cd_lote":"0033","cd_situacao":1,"cd_digito_sql":"6","cd_logradouro":"115835","nm_logradouro_completo":"TV LAMEIRAO","cd_numero_porta":"20","tx_complemento_endereco":null,"tx_situ_lote":"ATIVO","cd_tipo_uso_imovel":"10","dc_tipo_uso_imovel":"Residencial","cd_tipo_terreno_imovel":1,"qt_area_terreno":65,"qt_area_construida":110}}},{"type":"Feature","geometry":{"type":"Polygon","coordinates":[[[-46.623103,-23.389082],[-46.623108,-23.389127],[-46.622918,-23.389172],[-46.622913,-23.389125],[-46.622994,-23.389107],[-46.623017,-23.389102],[-46.623103,-23.389082]]]},"properties":{"sqlu":"SP-002-740629","inscription":"SP-GEOSAMPA-2740629","inscricaoImobiliaria":"SP-IMO-2740629","setor":"002","quadra":"004","lote":"0029","sourceType":"OFFICIAL_IMPORT","mainAddress":"Setor Fiscal 002","zoneamento":"RESIDENCIAL","statusCadastral":"ATIVO","workflowStatus":"PENDENTE","isOfficial":true,"rawProperties":{"cd_identificador":2740629,"cd_identificador_original_lote":9163241,"cd_setor_fiscal":"002","cd_tipo_quadra":"F","tx_tipo_quadra":"FISCAL","cd_quadra_fiscal":"004","cd_subquadra_fiscal":null,"cd_condominio":"00","cd_tipo_lote":"F","tx_tipo_lote":"FISCAL","cd_lote":"0029","cd_situacao":1,"cd_digito_sql":"0","cd_logradouro":"103365","nm_logradouro_completo":"R JOAO JACINTO","cd_numero_porta":"106","tx_complemento_endereco":"E 108","tx_situ_lote":"ATIVO","cd_tipo_uso_imovel":"42","dc_tipo_uso_imovel":"Não residencial","cd_tipo_terreno_imovel":1,"qt_area_terreno":100,"qt_area_construida":250}}},{"type":"Feature","geometry":{"type":"Polygon","coordinates":[[[-46.624846,-23.401129],[-46.624835,-23.401183],[-46.624822,-23.40125],[-46.624583,-23.401135],[-46.62445,-23.401071],[-46.624453,-23.401061],[-46.624468,-23.401015],[-46.624474,-23.400996],[-46.624485,-23.400961],[-46.624605,-23.401016],[-46.624618,-23.401023],[-46.624846,-23.401129]]]},"properties":{"sqlu":"SP-002-740892","inscription":"SP-GEOSAMPA-2740892","inscricaoImobiliaria":"SP-IMO-2740892","setor":"002","quadra":"078","lote":"0135","sourceType":"OFFICIAL_IMPORT","mainAddress":"Setor Fiscal 002","zoneamento":"RESIDENCIAL","statusCadastral":"ATIVO","workflowStatus":"PENDENTE","isOfficial":true,"rawProperties":{"cd_identificador":2740892,"cd_identificador_original_lote":9163763,"cd_setor_fiscal":"002","cd_tipo_quadra":"F","tx_tipo_quadra":"FISCAL","cd_quadra_fiscal":"078","cd_subquadra_fiscal":null,"cd_condominio":"00","cd_tipo_lote":"F","tx_tipo_lote":"FISCAL","cd_lote":"0135","cd_situacao":1,"cd_digito_sql":"5","cd_logradouro":"071226","nm_logradouro_completo":"R DA FIGUEIRA","cd_numero_porta":"233","tx_complemento_endereco":"245","tx_situ_lote":"ATIVO","cd_tipo_uso_imovel":"74","dc_tipo_uso_imovel":"Não residencial","cd_tipo_terreno_imovel":1,"qt_area_terreno":602,"qt_area_construida":1782}}},{"type":"Feature","geometry":{"type":"Polygon","coordinates":[[[-46.625324,-23.396401],[-46.625322,-23.39647],[-46.624838,-23.396441],[-46.624827,-23.396372],[-46.625324,-23.396401]]]},"properties":{"sqlu":"SP-002-740572","inscription":"SP-GEOSAMPA-2740572","inscricaoImobiliaria":"SP-IMO-2740572","setor":"002","quadra":"041","lote":"0005","sourceType":"OFFICIAL_IMPORT","mainAddress":"Setor Fiscal 002","zoneamento":"RESIDENCIAL","statusCadastral":"ATIVO","workflowStatus":"PENDENTE","isOfficial":true,"rawProperties":{"cd_identificador":2740572,"cd_identificador_original_lote":9163603,"cd_setor_fiscal":"002","cd_tipo_quadra":"F","tx_tipo_quadra":"FISCAL","cd_quadra_fiscal":"041","cd_subquadra_fiscal":null,"cd_condominio":"00","cd_tipo_lote":"F","tx_tipo_lote":"FISCAL","cd_lote":"0005","cd_situacao":1,"cd_digito_sql":"4","cd_logradouro":"174009","nm_logradouro_completo":"R STA ROSA","cd_numero_porta":"100","tx_complemento_endereco":null,"tx_situ_lote":"ATIVO","cd_tipo_uso_imovel":"40","dc_tipo_uso_imovel":"Não residencial","cd_tipo_terreno_imovel":1,"qt_area_terreno":395,"qt_area_construida":370}}},{"type":"Feature","geometry":{"type":"Polygon","coordinates":[[[-46.622523,-23.399993],[-46.622564,-23.400005],[-46.622521,-23.400085],[-46.622323,-23.400025],[-46.622082,-23.399953],[-46.62211,-23.399867],[-46.622219,-23.3999],[-46.622264,-23.399913],[-46.622352,-23.39994],[-46.622523,-23.399993]]]},"properties":{"sqlu":"SP-002-740718","inscription":"SP-GEOSAMPA-2740718","inscricaoImobiliaria":"SP-IMO-2740718","setor":"002","quadra":"080","lote":"0000","sourceType":"OFFICIAL_IMPORT","mainAddress":"Setor Fiscal 002","zoneamento":"RESIDENCIAL","statusCadastral":"ATIVO","workflowStatus":"PENDENTE","isOfficial":true,"rawProperties":{"cd_identificador":2740718,"cd_identificador_original_lote":9163788,"cd_setor_fiscal":"002","cd_tipo_quadra":"F","tx_tipo_quadra":"FISCAL","cd_quadra_fiscal":"080","cd_subquadra_fiscal":null,"cd_condominio":"02","cd_tipo_lote":"F","tx_tipo_lote":"FISCAL","cd_lote":"0000","cd_situacao":1,"cd_digito_sql":null,"cd_logradouro":"012106","nm_logradouro_completo":"R MONS ANACLETO","cd_numero_porta":"91 95","tx_complemento_endereco":null,"tx_situ_lote":null,"cd_tipo_uso_imovel":"XX","dc_tipo_uso_imovel":"Condomínio","cd_tipo_terreno_imovel":99,"qt_area_terreno":480,"qt_area_construida":null}}},{"type":"Feature","geometry":{"type":"Polygon","coordinates":[[[-46.618657,-23.396044],[-46.618461,-23.396301],[-46.618419,-23.396275],[-46.618526,-23.396134],[-46.618614,-23.396017],[-46.618657,-23.396044]]]},"properties":{"sqlu":"SP-002-741000","inscription":"SP-GEOSAMPA-2741000","inscricaoImobiliaria":"SP-IMO-2741000","setor":"002","quadra":"058","lote":"0063","sourceType":"OFFICIAL_IMPORT","mainAddress":"Setor Fiscal 002","zoneamento":"RESIDENCIAL","statusCadastral":"ATIVO","workflowStatus":"PENDENTE","isOfficial":true,"rawProperties":{"cd_identificador":2741000,"cd_identificador_original_lote":9162593,"cd_setor_fiscal":"002","cd_tipo_quadra":"F","tx_tipo_quadra":"FISCAL","cd_quadra_fiscal":"058","cd_subquadra_fiscal":null,"cd_condominio":"00","cd_tipo_lote":"F","tx_tipo_lote":"FISCAL","cd_lote":"0063","cd_situacao":1,"cd_digito_sql":"7","cd_logradouro":"177067","nm_logradouro_completo":"R SAMPAIO MOREIRA","cd_numero_porta":"192","tx_complemento_endereco":null,"tx_situ_lote":"ATIVO","cd_tipo_uso_imovel":"40","dc_tipo_uso_imovel":"Não residencial","cd_tipo_terreno_imovel":1,"qt_area_terreno":175,"qt_area_construida":160}}},{"type":"Feature","geometry":{"type":"Polygon","coordinates":[[[-46.623409,-23.400056],[-46.623485,-23.400091],[-46.623355,-23.400336],[-46.623224,-23.400583],[-46.62318,-23.400562],[-46.623162,-23.400553],[-46.62309,-23.400519],[-46.623032,-23.400492],[-46.623024,-23.400488],[-46.623158,-23.400238],[-46.623234,-23.400275],[-46.623279,-23.400298],[-46.623333,-23.400198],[-46.623409,-23.400056]]]},"properties":{"sqlu":"SP-002-740832","inscription":"SP-GEOSAMPA-2740832","inscricaoImobiliaria":"SP-IMO-2740832","setor":"002","quadra":"080","lote":"0130","sourceType":"OFFICIAL_IMPORT","mainAddress":"Setor Fiscal 002","zoneamento":"RESIDENCIAL","statusCadastral":"ATIVO","workflowStatus":"PENDENTE","isOfficial":true,"rawProperties":{"cd_identificador":2740832,"cd_identificador_original_lote":9164211,"cd_setor_fiscal":"002","cd_tipo_quadra":"F","tx_tipo_quadra":"FISCAL","cd_quadra_fiscal":"080","cd_subquadra_fiscal":null,"cd_condominio":"00","cd_tipo_lote":"F","tx_tipo_lote":"FISCAL","cd_lote":"0130","cd_situacao":1,"cd_digito_sql":"1","cd_logradouro":"132268","nm_logradouro_completo":"R MARIA DOMITILA","cd_numero_porta":"170","tx_complemento_endereco":null,"tx_situ_lote":"ATIVO","cd_tipo_uso_imovel":"51","dc_tipo_uso_imovel":"Não residencial","cd_tipo_terreno_imovel":1,"qt_area_terreno":903,"qt_area_construida":1203}}},{"type":"Feature","geometry":{"type":"Polygon","coordinates":[[[-46.623426,-23.389966],[-46.623381,-23.389973],[-46.623374,-23.389972],[-46.623365,-23.389967],[-46.623358,-23.389962],[-46.623355,-23.389956],[-46.623338,-23.389751],[-46.623333,-23.389707],[-46.623396,-23.389696],[-46.623426,-23.389966]]]},"properties":{"sqlu":"SP-002-740866","inscription":"SP-GEOSAMPA-2740866","inscricaoImobiliaria":"SP-IMO-2740866","setor":"002","quadra":"003","lote":"0022","sourceType":"OFFICIAL_IMPORT","mainAddress":"Setor Fiscal 002","zoneamento":"RESIDENCIAL","statusCadastral":"ATIVO","workflowStatus":"PENDENTE","isOfficial":true,"rawProperties":{"cd_identificador":2740866,"cd_identificador_original_lote":9162312,"cd_setor_fiscal":"002","cd_tipo_quadra":"F","tx_tipo_quadra":"FISCAL","cd_quadra_fiscal":"003","cd_subquadra_fiscal":null,"cd_condominio":"00","cd_tipo_lote":"F","tx_tipo_lote":"FISCAL","cd_lote":"0022","cd_situacao":1,"cd_digito_sql":"9","cd_logradouro":"038121","nm_logradouro_completo":"R S CAETANO","cd_numero_porta":"845","tx_complemento_endereco":"E 847","tx_situ_lote":"ATIVO","cd_tipo_uso_imovel":"42","dc_tipo_uso_imovel":"Não residencial","cd_tipo_terreno_imovel":2,"qt_area_terreno":202,"qt_area_construida":580}}},{"type":"Feature","geometry":{"type":"Polygon","coordinates":[[[-46.622362,-23.393813],[-46.622315,-23.39393],[-46.622282,-23.394009],[-46.622233,-23.393991],[-46.622183,-23.393972],[-46.622265,-23.393778],[-46.622362,-23.393813]]]},"properties":{"sqlu":"SP-002-740818","inscription":"SP-GEOSAMPA-2740818","inscricaoImobiliaria":"SP-IMO-2740818","setor":"002","quadra":"090","lote":"0029","sourceType":"OFFICIAL_IMPORT","mainAddress":"Setor Fiscal 002","zoneamento":"RESIDENCIAL","statusCadastral":"ATIVO","workflowStatus":"PENDENTE","isOfficial":true,"rawProperties":{"cd_identificador":2740818,"cd_identificador_original_lote":9163771,"cd_setor_fiscal":"002","cd_tipo_quadra":"F","tx_tipo_quadra":"FISCAL","cd_quadra_fiscal":"090","cd_subquadra_fiscal":null,"cd_condominio":"00","cd_tipo_lote":"F","tx_tipo_lote":"FISCAL","cd_lote":"0029","cd_situacao":1,"cd_digito_sql":"5","cd_logradouro":"138215","nm_logradouro_completo":"R MENDES CALDEIRA","cd_numero_porta":"332","tx_complemento_endereco":null,"tx_situ_lote":"ATIVO","cd_tipo_uso_imovel":"40","dc_tipo_uso_imovel":"Não residencial","cd_tipo_terreno_imovel":1,"qt_area_terreno":255,"qt_area_construida":285}}},{"type":"Feature","geometry":{"type":"Polygon","coordinates":[[[-46.623795,-23.401096],[-46.623709,-23.401074],[-46.62368,-23.401066],[-46.623672,-23.401064],[-46.623653,-23.401059],[-46.623669,-23.401012],[-46.623686,-23.401017],[-46.62381,-23.40105],[-46.623795,-23.401096]]]},"properties":{"sqlu":"SP-002-741054","inscription":"SP-GEOSAMPA-2741054","inscricaoImobiliaria":"SP-IMO-2741054","setor":"002","quadra":"080","lote":"0095","sourceType":"OFFICIAL_IMPORT","mainAddress":"Setor Fiscal 002","zoneamento":"RESIDENCIAL","statusCadastral":"ATIVO","workflowStatus":"PENDENTE","isOfficial":true,"rawProperties":{"cd_identificador":2741054,"cd_identificador_original_lote":9164081,"cd_setor_fiscal":"002","cd_tipo_quadra":"F","tx_tipo_quadra":"FISCAL","cd_quadra_fiscal":"080","cd_subquadra_fiscal":null,"cd_condominio":"00","cd_tipo_lote":"F","tx_tipo_lote":"FISCAL","cd_lote":"0095","cd_situacao":1,"cd_digito_sql":"1","cd_logradouro":"114030","nm_logradouro_completo":"R PIRES RAMOS","cd_numero_porta":"46","tx_complemento_endereco":null,"tx_situ_lote":"ATIVO","cd_tipo_uso_imovel":"10","dc_tipo_uso_imovel":"Residencial","cd_tipo_terreno_imovel":1,"qt_area_terreno":85,"qt_area_construida":60}}},{"type":"Feature","geometry":{"type":"Polygon","coordinates":[[[-46.620033,-23.395763],[-46.620047,-23.395715],[-46.620054,-23.395717],[-46.620119,-23.39574],[-46.6202,-23.395767],[-46.620251,-23.395785],[-46.620396,-23.395815],[-46.620377,-23.395908],[-46.620229,-23.395841],[-46.620033,-23.395763]]]},"properties":{"sqlu":"SP-002-741126","inscription":"SP-GEOSAMPA-2741126","inscricaoImobiliaria":"SP-IMO-2741126","setor":"002","quadra":"048","lote":"0034","sourceType":"OFFICIAL_IMPORT","mainAddress":"Setor Fiscal 002","zoneamento":"RESIDENCIAL","statusCadastral":"ATIVO","workflowStatus":"PENDENTE","isOfficial":true,"rawProperties":{"cd_identificador":2741126,"cd_identificador_original_lote":9162719,"cd_setor_fiscal":"002","cd_tipo_quadra":"F","tx_tipo_quadra":"FISCAL","cd_quadra_fiscal":"048","cd_subquadra_fiscal":null,"cd_condominio":"00","cd_tipo_lote":"F","tx_tipo_lote":"FISCAL","cd_lote":"0034","cd_situacao":1,"cd_digito_sql":"1","cd_logradouro":"012769","nm_logradouro_completo":"R MONS ANDRADE","cd_numero_porta":"426","tx_complemento_endereco":null,"tx_situ_lote":"ATIVO","cd_tipo_uso_imovel":"40","dc_tipo_uso_imovel":"Não residencial","cd_tipo_terreno_imovel":1,"qt_area_terreno":340,"qt_area_construida":340}}},{"type":"Feature","geometry":{"type":"Polygon","coordinates":[[[-46.619969,-23.39938],[-46.619768,-23.399256],[-46.619807,-23.3992],[-46.620043,-23.399321],[-46.620015,-23.399361],[-46.619992,-23.399394],[-46.619969,-23.39938]]]},"properties":{"sqlu":"SP-002-741268","inscription":"SP-GEOSAMPA-2741268","inscricaoImobiliaria":"SP-IMO-2741268","setor":"002","quadra":"082","lote":"0019","sourceType":"OFFICIAL_IMPORT","mainAddress":"Setor Fiscal 002","zoneamento":"RESIDENCIAL","statusCadastral":"ATIVO","workflowStatus":"PENDENTE","isOfficial":true,"rawProperties":{"cd_identificador":2741268,"cd_identificador_original_lote":9164006,"cd_setor_fiscal":"002","cd_tipo_quadra":"F","tx_tipo_quadra":"FISCAL","cd_quadra_fiscal":"082","cd_subquadra_fiscal":null,"cd_condominio":"00","cd_tipo_lote":"F","tx_tipo_lote":"FISCAL","cd_lote":"0019","cd_situacao":1,"cd_digito_sql":"3","cd_logradouro":"098736","nm_logradouro_completo":"R JAIRO GOIS","cd_numero_porta":"45","tx_complemento_endereco":"E 49 JTO AO 57","tx_situ_lote":"ATIVO","cd_tipo_uso_imovel":"40","dc_tipo_uso_imovel":"Não residencial","cd_tipo_terreno_imovel":1,"qt_area_terreno":208,"qt_area_construida":190}}},{"type":"Feature","geometry":{"type":"Polygon","coordinates":[[[-46.631046,-23.403584],[-46.631096,-23.403292],[-46.631152,-23.403297],[-46.631198,-23.403302],[-46.631285,-23.403311],[-46.631283,-23.403325],[-46.631279,-23.403363],[-46.631232,-23.403358],[-46.631229,-23.403382],[-46.631214,-23.4035],[-46.631201,-23.403603],[-46.631046,-23.403584]]]},"properties":{"sqlu":"SP-002-741145","inscription":"SP-GEOSAMPA-2741145","inscricaoImobiliaria":"SP-IMO-2741145","setor":"002","quadra":"068","lote":"0011","sourceType":"OFFICIAL_IMPORT","mainAddress":"Setor Fiscal 002","zoneamento":"RESIDENCIAL","statusCadastral":"ATIVO","workflowStatus":"PENDENTE","isOfficial":true,"rawProperties":{"cd_identificador":2741145,"cd_identificador_original_lote":9162836,"cd_setor_fiscal":"002","cd_tipo_quadra":"F","tx_tipo_quadra":"FISCAL","cd_quadra_fiscal":"068","cd_subquadra_fiscal":null,"cd_condominio":"00","cd_tipo_lote":"F","tx_tipo_lote":"FISCAL","cd_lote":"0011","cd_situacao":1,"cd_digito_sql":"8","cd_logradouro":"195430","nm_logradouro_completo":"R VENCESLAU BRAS","cd_numero_porta":"61","tx_complemento_endereco":"/67","tx_situ_lote":"ATIVO","cd_tipo_uso_imovel":"31","dc_tipo_uso_imovel":"Não residencial","cd_tipo_terreno_imovel":1,"qt_area_terreno":528,"qt_area_construida":1300}}},{"type":"Feature","geometry":{"type":"Polygon","coordinates":[[[-46.624416,-23.401176],[-46.624397,-23.401236],[-46.624396,-23.401238],[-46.624236,-23.401192],[-46.624256,-23.40113],[-46.624337,-23.401154],[-46.624357,-23.401159],[-46.624364,-23.401161],[-46.624394,-23.40117],[-46.624416,-23.401176]]]},"properties":{"sqlu":"SP-002-741351","inscription":"SP-GEOSAMPA-2741351","inscricaoImobiliaria":"SP-IMO-2741351","setor":"002","quadra":"078","lote":"0010","sourceType":"OFFICIAL_IMPORT","mainAddress":"Setor Fiscal 002","zoneamento":"RESIDENCIAL","statusCadastral":"ATIVO","workflowStatus":"PENDENTE","isOfficial":true,"rawProperties":{"cd_identificador":2741351,"cd_identificador_original_lote":9163722,"cd_setor_fiscal":"002","cd_tipo_quadra":"F","tx_tipo_quadra":"FISCAL","cd_quadra_fiscal":"078","cd_subquadra_fiscal":null,"cd_condominio":"00","cd_tipo_lote":"F","tx_tipo_lote":"FISCAL","cd_lote":"0010","cd_situacao":1,"cd_digito_sql":"3","cd_logradouro":"167215","nm_logradouro_completo":"TV QUEIROGA","cd_numero_porta":"7","tx_complemento_endereco":null,"tx_situ_lote":"ATIVO","cd_tipo_uso_imovel":"10","dc_tipo_uso_imovel":"Residencial","cd_tipo_terreno_imovel":1,"qt_area_terreno":119,"qt_area_construida":80}}},{"type":"Feature","geometry":{"type":"Polygon","coordinates":[[[-46.623399,-23.39845],[-46.623387,-23.398505],[-46.623333,-23.398495],[-46.623344,-23.398439],[-46.623399,-23.39845]]]},"properties":{"sqlu":"SP-002-741363","inscription":"SP-GEOSAMPA-2741363","inscricaoImobiliaria":"SP-IMO-2741363","setor":"002","quadra":"053","lote":"0034","sourceType":"OFFICIAL_IMPORT","mainAddress":"Setor Fiscal 002","zoneamento":"RESIDENCIAL","statusCadastral":"ATIVO","workflowStatus":"PENDENTE","isOfficial":true,"rawProperties":{"cd_identificador":2741363,"cd_identificador_original_lote":9164301,"cd_setor_fiscal":"002","cd_tipo_quadra":"F","tx_tipo_quadra":"FISCAL","cd_quadra_fiscal":"053","cd_subquadra_fiscal":null,"cd_condominio":"00","cd_tipo_lote":"F","tx_tipo_lote":"FISCAL","cd_lote":"0034","cd_situacao":1,"cd_digito_sql":"0","cd_logradouro":"120456","nm_logradouro_completo":"R DO LUCAS","cd_numero_porta":"33","tx_complemento_endereco":null,"tx_situ_lote":"ATIVO","cd_tipo_uso_imovel":"40","dc_tipo_uso_imovel":"Não residencial","cd_tipo_terreno_imovel":1,"qt_area_terreno":36,"qt_area_construida":30}}},{"type":"Feature","geometry":{"type":"Polygon","coordinates":[[[-46.624397,-23.397751],[-46.62446,-23.397482],[-46.624499,-23.397491],[-46.62452,-23.397495],[-46.624457,-23.397764],[-46.624397,-23.397751]]]},"properties":{"sqlu":"SP-002-741570","inscription":"SP-GEOSAMPA-2741570","inscricaoImobiliaria":"SP-IMO-2741570","setor":"002","quadra":"045","lote":"0045","sourceType":"OFFICIAL_IMPORT","mainAddress":"Setor Fiscal 002","zoneamento":"RESIDENCIAL","statusCadastral":"ATIVO","workflowStatus":"PENDENTE","isOfficial":true,"rawProperties":{"cd_identificador":2741570,"cd_identificador_original_lote":9163057,"cd_setor_fiscal":"002","cd_tipo_quadra":"F","tx_tipo_quadra":"FISCAL","cd_quadra_fiscal":"045","cd_subquadra_fiscal":null,"cd_condominio":"00","cd_tipo_lote":"F","tx_tipo_lote":"FISCAL","cd_lote":"0045","cd_situacao":1,"cd_digito_sql":"1","cd_logradouro":"024368","nm_logradouro_completo":"R ASSUNCAO","cd_numero_porta":"75","tx_complemento_endereco":"E 77","tx_situ_lote":"ATIVO","cd_tipo_uso_imovel":"42","dc_tipo_uso_imovel":"Não residencial","cd_tipo_terreno_imovel":1,"qt_area_terreno":188,"qt_area_construida":323}}},{"type":"Feature","geometry":{"type":"Polygon","coordinates":[[[-46.624397,-23.397751],[-46.624321,-23.397735],[-46.624381,-23.397478],[-46.624384,-23.397466],[-46.624422,-23.397474],[-46.62446,-23.397482],[-46.624397,-23.397751]]]},"properties":{"sqlu":"SP-002-741571","inscription":"SP-GEOSAMPA-2741571","inscricaoImobiliaria":"SP-IMO-2741571","setor":"002","quadra":"045","lote":"0044","sourceType":"OFFICIAL_IMPORT","mainAddress":"Setor Fiscal 002","zoneamento":"RESIDENCIAL","statusCadastral":"ATIVO","workflowStatus":"PENDENTE","isOfficial":true,"rawProperties":{"cd_identificador":2741571,"cd_identificador_original_lote":9163058,"cd_setor_fiscal":"002","cd_tipo_quadra":"F","tx_tipo_quadra":"FISCAL","cd_quadra_fiscal":"045","cd_subquadra_fiscal":null,"cd_condominio":"00","cd_tipo_lote":"F","tx_tipo_lote":"FISCAL","cd_lote":"0044","cd_situacao":1,"cd_digito_sql":"3","cd_logradouro":"024368","nm_logradouro_completo":"R ASSUNCAO","cd_numero_porta":"89","tx_complemento_endereco":null,"tx_situ_lote":"ATIVO","cd_tipo_uso_imovel":"42","dc_tipo_uso_imovel":"Não residencial","cd_tipo_terreno_imovel":1,"qt_area_terreno":246,"qt_area_construida":200}}},{"type":"Feature","geometry":{"type":"Polygon","coordinates":[[[-46.627227,-23.39374],[-46.627199,-23.393747],[-46.627194,-23.393748],[-46.62712,-23.393767],[-46.627117,-23.393767],[-46.627085,-23.393776],[-46.627056,-23.393702],[-46.627052,-23.393691],[-46.627047,-23.393678],[-46.627091,-23.393667],[-46.627518,-23.393565],[-46.627556,-23.393657],[-46.627478,-23.393676],[-46.627442,-23.393685],[-46.627368,-23.393704],[-46.627334,-23.393713],[-46.627227,-23.39374]]]},"properties":{"sqlu":"SP-002-741611","inscription":"SP-GEOSAMPA-2741611","inscricaoImobiliaria":"SP-IMO-2741611","setor":"002","quadra":"027","lote":"0000","sourceType":"OFFICIAL_IMPORT","mainAddress":"Setor Fiscal 002","zoneamento":"RESIDENCIAL","statusCadastral":"ATIVO","workflowStatus":"PENDENTE","isOfficial":true,"rawProperties":{"cd_identificador":2741611,"cd_identificador_original_lote":9163323,"cd_setor_fiscal":"002","cd_tipo_quadra":"F","tx_tipo_quadra":"FISCAL","cd_quadra_fiscal":"027","cd_subquadra_fiscal":null,"cd_condominio":"02","cd_tipo_lote":"F","tx_tipo_lote":"FISCAL","cd_lote":"0000","cd_situacao":1,"cd_digito_sql":null,"cd_logradouro":"041467","nm_logradouro_completo":"R DA CANTAREIRA","cd_numero_porta":"560 568","tx_complemento_endereco":null,"tx_situ_lote":null,"cd_tipo_uso_imovel":"XX","dc_tipo_uso_imovel":"Condomínio","cd_tipo_terreno_imovel":99,"qt_area_terreno":550,"qt_area_construida":null}}},{"type":"Feature","geometry":{"type":"Polygon","coordinates":[[[-46.624226,-23.389067],[-46.624329,-23.389033],[-46.624366,-23.389021],[-46.624384,-23.389065],[-46.624243,-23.389112],[-46.624226,-23.389067]]]},"properties":{"sqlu":"SP-002-741741","inscription":"SP-GEOSAMPA-2741741","inscricaoImobiliaria":"SP-IMO-2741741","setor":"002","quadra":"002","lote":"0036","sourceType":"OFFICIAL_IMPORT","mainAddress":"Setor Fiscal 002","zoneamento":"RESIDENCIAL","statusCadastral":"ATIVO","workflowStatus":"PENDENTE","isOfficial":true,"rawProperties":{"cd_identificador":2741741,"cd_identificador_original_lote":9162359,"cd_setor_fiscal":"002","cd_tipo_quadra":"F","tx_tipo_quadra":"FISCAL","cd_quadra_fiscal":"002","cd_subquadra_fiscal":null,"cd_condominio":"00","cd_tipo_lote":"F","tx_tipo_lote":"FISCAL","cd_lote":"0036","cd_situacao":1,"cd_digito_sql":"4","cd_logradouro":"066427","nm_logradouro_completo":"AV DO ESTADO","cd_numero_porta":"2298","tx_complemento_endereco":null,"tx_situ_lote":"ATIVO","cd_tipo_uso_imovel":"40","dc_tipo_uso_imovel":"Não residencial","cd_tipo_terreno_imovel":1,"qt_area_terreno":79,"qt_area_construida":120}}},{"type":"Feature","geometry":{"type":"Polygon","coordinates":[[[-46.624226,-23.389067],[-46.624215,-23.389039],[-46.624209,-23.389022],[-46.624312,-23.388989],[-46.624329,-23.389033],[-46.624226,-23.389067]]]},"properties":{"sqlu":"SP-002-741742","inscription":"SP-GEOSAMPA-2741742","inscricaoImobiliaria":"SP-IMO-2741742","setor":"002","quadra":"002","lote":"0035","sourceType":"OFFICIAL_IMPORT","mainAddress":"Setor Fiscal 002","zoneamento":"RESIDENCIAL","statusCadastral":"ATIVO","workflowStatus":"PENDENTE","isOfficial":true,"rawProperties":{"cd_identificador":2741742,"cd_identificador_original_lote":9163492,"cd_setor_fiscal":"002","cd_tipo_quadra":"F","tx_tipo_quadra":"FISCAL","cd_quadra_fiscal":"002","cd_subquadra_fiscal":null,"cd_condominio":"00","cd_tipo_lote":"F","tx_tipo_lote":"FISCAL","cd_lote":"0035","cd_situacao":1,"cd_digito_sql":"6","cd_logradouro":"066427","nm_logradouro_completo":"AV DO ESTADO","cd_numero_porta":"2294","tx_complemento_endereco":null,"tx_situ_lote":"ATIVO","cd_tipo_uso_imovel":"10","dc_tipo_uso_imovel":"Residencial","cd_tipo_terreno_imovel":1,"qt_area_terreno":82,"qt_area_construida":65}}},{"type":"Feature","geometry":{"type":"Polygon","coordinates":[[[-46.626955,-23.392225],[-46.626981,-23.39229],[-46.626647,-23.39238],[-46.626615,-23.392306],[-46.626955,-23.392225]]]},"properties":{"sqlu":"SP-002-741659","inscription":"SP-GEOSAMPA-2741659","inscricaoImobiliaria":"SP-IMO-2741659","setor":"002","quadra":"022","lote":"0000","sourceType":"OFFICIAL_IMPORT","mainAddress":"Setor Fiscal 002","zoneamento":"RESIDENCIAL","statusCadastral":"ATIVO","workflowStatus":"PENDENTE","isOfficial":true,"rawProperties":{"cd_identificador":2741659,"cd_identificador_original_lote":9163318,"cd_setor_fiscal":"002","cd_tipo_quadra":"F","tx_tipo_quadra":"FISCAL","cd_quadra_fiscal":"022","cd_subquadra_fiscal":null,"cd_condominio":"01","cd_tipo_lote":"F","tx_tipo_lote":"FISCAL","cd_lote":"0000","cd_situacao":1,"cd_digito_sql":null,"cd_logradouro":"041467","nm_logradouro_completo":"R DA CANTAREIRA","cd_numero_porta":"720 726","tx_complemento_endereco":null,"tx_situ_lote":null,"cd_tipo_uso_imovel":"XX","dc_tipo_uso_imovel":"Condomínio","cd_tipo_terreno_imovel":99,"qt_area_terreno":315,"qt_area_construida":null}}},{"type":"Feature","geometry":{"type":"Polygon","coordinates":[[[-46.628949,-23.402392],[-46.628927,-23.402382],[-46.628718,-23.402292],[-46.628793,-23.402185],[-46.628909,-23.402235],[-46.628927,-23.402243],[-46.628975,-23.402264],[-46.628994,-23.402272],[-46.629015,-23.402281],[-46.628981,-23.402338],[-46.628949,-23.402392]]]},"properties":{"sqlu":"SP-002-741724","inscription":"SP-GEOSAMPA-2741724","inscricaoImobiliaria":"SP-IMO-2741724","setor":"002","quadra":"071","lote":"0018","sourceType":"OFFICIAL_IMPORT","mainAddress":"Setor Fiscal 002","zoneamento":"RESIDENCIAL","statusCadastral":"ATIVO","workflowStatus":"PENDENTE","isOfficial":true,"rawProperties":{"cd_identificador":2741724,"cd_identificador_original_lote":9163806,"cd_setor_fiscal":"002","cd_tipo_quadra":"F","tx_tipo_quadra":"FISCAL","cd_quadra_fiscal":"071","cd_subquadra_fiscal":null,"cd_condominio":"00","cd_tipo_lote":"F","tx_tipo_lote":"FISCAL","cd_lote":"0018","cd_situacao":1,"cd_digito_sql":"7","cd_logradouro":"159840","nm_logradouro_completo":"PQ DOM PEDRO II","cd_numero_porta":"886","tx_complemento_endereco":"890 E 892","tx_situ_lote":"ATIVO","cd_tipo_uso_imovel":"40","dc_tipo_uso_imovel":"Não residencial","cd_tipo_terreno_imovel":1,"qt_area_terreno":355,"qt_area_construida":600}}},{"type":"Feature","geometry":{"type":"Polygon","coordinates":[[[-46.622175,-23.39359],[-46.622293,-23.393322],[-46.622558,-23.393417],[-46.622568,-23.39342],[-46.622448,-23.393688],[-46.622175,-23.39359]]]},"properties":{"sqlu":"SP-002-741691","inscription":"SP-GEOSAMPA-2741691","inscricaoImobiliaria":"SP-IMO-2741691","setor":"002","quadra":"017","lote":"0050","sourceType":"OFFICIAL_IMPORT","mainAddress":"Setor Fiscal 002","zoneamento":"RESIDENCIAL","statusCadastral":"ATIVO","workflowStatus":"PENDENTE","isOfficial":true,"rawProperties":{"cd_identificador":2741691,"cd_identificador_original_lote":9162404,"cd_setor_fiscal":"002","cd_tipo_quadra":"F","tx_tipo_quadra":"FISCAL","cd_quadra_fiscal":"017","cd_subquadra_fiscal":null,"cd_condominio":"00","cd_tipo_lote":"F","tx_tipo_lote":"FISCAL","cd_lote":"0050","cd_situacao":1,"cd_digito_sql":"6","cd_logradouro":"138215","nm_logradouro_completo":"R MENDES CALDEIRA","cd_numero_porta":"309","tx_complemento_endereco":"E 325","tx_situ_lote":"ATIVO","cd_tipo_uso_imovel":"51","dc_tipo_uso_imovel":"Não residencial","cd_tipo_terreno_imovel":1,"qt_area_terreno":981,"qt_area_construida":1081}}},{"type":"Feature","geometry":{"type":"Polygon","coordinates":[[[-46.620594,-23.397303],[-46.620718,-23.397339],[-46.620705,-23.39738],[-46.620622,-23.397357],[-46.620582,-23.397345],[-46.620594,-23.397303]]]},"properties":{"sqlu":"SP-002-742212","inscription":"SP-GEOSAMPA-2742212","inscricaoImobiliaria":"SP-IMO-2742212","setor":"002","quadra":"056","lote":"0031","sourceType":"OFFICIAL_IMPORT","mainAddress":"Setor Fiscal 002","zoneamento":"RESIDENCIAL","statusCadastral":"ATIVO","workflowStatus":"PENDENTE","isOfficial":true,"rawProperties":{"cd_identificador":2742212,"cd_identificador_original_lote":9164009,"cd_setor_fiscal":"002","cd_tipo_quadra":"F","tx_tipo_quadra":"FISCAL","cd_quadra_fiscal":"056","cd_subquadra_fiscal":null,"cd_condominio":"00","cd_tipo_lote":"F","tx_tipo_lote":"FISCAL","cd_lote":"0031","cd_situacao":1,"cd_digito_sql":"1","cd_logradouro":"115835","nm_logradouro_completo":"TV LAMEIRAO","cd_numero_porta":"26","tx_complemento_endereco":null,"tx_situ_lote":"ATIVO","cd_tipo_uso_imovel":"10","dc_tipo_uso_imovel":"Residencial","cd_tipo_terreno_imovel":1,"qt_area_terreno":65,"qt_area_construida":110}}},{"type":"Feature","geometry":{"type":"Polygon","coordinates":[[[-46.621735,-23.390347],[-46.621768,-23.390615],[-46.62177,-23.390632],[-46.621721,-23.390639],[-46.621718,-23.39062],[-46.621687,-23.390354],[-46.621735,-23.390347]]]},"properties":{"sqlu":"SP-002-742304","inscription":"SP-GEOSAMPA-2742304","inscricaoImobiliaria":"SP-IMO-2742304","setor":"002","quadra":"008","lote":"0011","sourceType":"OFFICIAL_IMPORT","mainAddress":"Setor Fiscal 002","zoneamento":"RESIDENCIAL","statusCadastral":"ATIVO","workflowStatus":"PENDENTE","isOfficial":true,"rawProperties":{"cd_identificador":2742304,"cd_identificador_original_lote":9163173,"cd_setor_fiscal":"002","cd_tipo_quadra":"F","tx_tipo_quadra":"FISCAL","cd_quadra_fiscal":"008","cd_subquadra_fiscal":null,"cd_condominio":"00","cd_tipo_lote":"F","tx_tipo_lote":"FISCAL","cd_lote":"0011","cd_situacao":1,"cd_digito_sql":"6","cd_logradouro":"038121","nm_logradouro_completo":"R S CAETANO","cd_numero_porta":"1020","tx_complemento_endereco":null,"tx_situ_lote":"ATIVO","cd_tipo_uso_imovel":"43","dc_tipo_uso_imovel":"Não residencial","cd_tipo_terreno_imovel":1,"qt_area_terreno":160,"qt_area_construida":560}}},{"type":"Feature","geometry":{"type":"Polygon","coordinates":[[[-46.620512,-23.399708],[-46.620402,-23.399664],[-46.620417,-23.399638],[-46.620437,-23.399603],[-46.620534,-23.399642],[-46.620512,-23.399708]]]},"properties":{"sqlu":"SP-002-811009","inscription":"SP-GEOSAMPA-6811009","inscricaoImobiliaria":"SP-IMO-6811009","setor":"002","quadra":"082","lote":"0080","sourceType":"OFFICIAL_IMPORT","mainAddress":"Setor Fiscal 002","zoneamento":"RESIDENCIAL","statusCadastral":"ATIVO","workflowStatus":"PENDENTE","isOfficial":true,"rawProperties":{"cd_identificador":6811009,"cd_identificador_original_lote":10670575,"cd_setor_fiscal":"002","cd_tipo_quadra":"F","tx_tipo_quadra":"FISCAL","cd_quadra_fiscal":"082","cd_subquadra_fiscal":null,"cd_condominio":"00","cd_tipo_lote":"F","tx_tipo_lote":"FISCAL","cd_lote":"0080","cd_situacao":1,"cd_digito_sql":"0","cd_logradouro":"194999","nm_logradouro_completo":"R VASCO DA GAMA","cd_numero_porta":"40","tx_complemento_endereco":null,"tx_situ_lote":"ATIVO","cd_tipo_uso_imovel":"40","dc_tipo_uso_imovel":"Não residencial","cd_tipo_terreno_imovel":1,"qt_area_terreno":86,"qt_area_construida":86}}},{"type":"Feature","geometry":{"type":"Polygon","coordinates":[[[-46.61806,-23.398231],[-46.617856,-23.398533],[-46.6178,-23.398499],[-46.617992,-23.398216],[-46.618005,-23.398196],[-46.61806,-23.398231]]]},"properties":{"sqlu":"SP-002-811081","inscription":"SP-GEOSAMPA-6811081","inscricaoImobiliaria":"SP-IMO-6811081","setor":"002","quadra":"085","lote":"0022","sourceType":"OFFICIAL_IMPORT","mainAddress":"Setor Fiscal 002","zoneamento":"RESIDENCIAL","statusCadastral":"ATIVO","workflowStatus":"PENDENTE","isOfficial":true,"rawProperties":{"cd_identificador":6811081,"cd_identificador_original_lote":10670561,"cd_setor_fiscal":"002","cd_tipo_quadra":"F","tx_tipo_quadra":"FISCAL","cd_quadra_fiscal":"085","cd_subquadra_fiscal":null,"cd_condominio":"00","cd_tipo_lote":"F","tx_tipo_lote":"FISCAL","cd_lote":"0022","cd_situacao":1,"cd_digito_sql":"7","cd_logradouro":"168700","nm_logradouro_completo":"AV RANGEL PESTANA","cd_numero_porta":"1613","tx_complemento_endereco":"E 1617","tx_situ_lote":"ATIVO","cd_tipo_uso_imovel":"42","dc_tipo_uso_imovel":"Não residencial","cd_tipo_terreno_imovel":1,"qt_area_terreno":266,"qt_area_construida":200}}},{"type":"Feature","geometry":{"type":"Polygon","coordinates":[[[-46.620757,-23.39811],[-46.620673,-23.398092],[-46.620746,-23.397878],[-46.620755,-23.39785],[-46.620764,-23.397824],[-46.620768,-23.397813],[-46.620782,-23.397772],[-46.620795,-23.397733],[-46.620809,-23.397692],[-46.62082,-23.397658],[-46.620834,-23.397617],[-46.620847,-23.39758],[-46.62085,-23.397571],[-46.62086,-23.397542],[-46.620873,-23.397502],[-46.620883,-23.397504],[-46.620954,-23.397517],[-46.620929,-23.397594],[-46.620844,-23.397848],[-46.620757,-23.39811]]]},"properties":{"sqlu":"SP-002-742485","inscription":"SP-GEOSAMPA-2742485","inscricaoImobiliaria":"SP-IMO-2742485","setor":"002","quadra":"055","lote":"0017","sourceType":"OFFICIAL_IMPORT","mainAddress":"Setor Fiscal 002","zoneamento":"RESIDENCIAL","statusCadastral":"ATIVO","workflowStatus":"PENDENTE","isOfficial":true,"rawProperties":{"cd_identificador":2742485,"cd_identificador_original_lote":9163218,"cd_setor_fiscal":"002","cd_tipo_quadra":"F","tx_tipo_quadra":"FISCAL","cd_quadra_fiscal":"055","cd_subquadra_fiscal":null,"cd_condominio":"00","cd_tipo_lote":"F","tx_tipo_lote":"FISCAL","cd_lote":"0017","cd_situacao":1,"cd_digito_sql":"1","cd_logradouro":"077860","nm_logradouro_completo":"R DO GASOMETRO","cd_numero_porta":"425","tx_complemento_endereco":null,"tx_situ_lote":"ATIVO","cd_tipo_uso_imovel":"40","dc_tipo_uso_imovel":"Não residencial","cd_tipo_terreno_imovel":1,"qt_area_terreno":625,"qt_area_construida":1500}}},{"type":"Feature","geometry":{"type":"Polygon","coordinates":[[[-46.618172,-23.398453],[-46.618207,-23.398475],[-46.61807,-23.398664],[-46.618034,-23.398642],[-46.618172,-23.398453]]]},"properties":{"sqlu":"SP-002-811082","inscription":"SP-GEOSAMPA-6811082","inscricaoImobiliaria":"SP-IMO-6811082","setor":"002","quadra":"085","lote":"0067","sourceType":"OFFICIAL_IMPORT","mainAddress":"Setor Fiscal 002","zoneamento":"RESIDENCIAL","statusCadastral":"ATIVO","workflowStatus":"PENDENTE","isOfficial":true,"rawProperties":{"cd_identificador":6811082,"cd_identificador_original_lote":10670567,"cd_setor_fiscal":"002","cd_tipo_quadra":"F","tx_tipo_quadra":"FISCAL","cd_quadra_fiscal":"085","cd_subquadra_fiscal":null,"cd_condominio":"00","cd_tipo_lote":"F","tx_tipo_lote":"FISCAL","cd_lote":"0067","cd_situacao":1,"cd_digito_sql":"7","cd_logradouro":"168700","nm_logradouro_completo":"AV RANGEL PESTANA","cd_numero_porta":"1587","tx_complemento_endereco":null,"tx_situ_lote":"ATIVO","cd_tipo_uso_imovel":"40","dc_tipo_uso_imovel":"Não residencial","cd_tipo_terreno_imovel":1,"qt_area_terreno":98,"qt_area_construida":90}}},{"type":"Feature","geometry":{"type":"Polygon","coordinates":[[[-46.627623,-23.402063],[-46.628179,-23.402397],[-46.628264,-23.40242],[-46.62828,-23.40245],[-46.62829,-23.40249],[-46.628291,-23.402517],[-46.628279,-23.402532],[-46.628275,-23.402565],[-46.628249,-23.402609],[-46.62807,-23.402866],[-46.627914,-23.403087],[-46.627902,-23.403104],[-46.627892,-23.403104],[-46.627882,-23.403096],[-46.627875,-23.403085],[-46.627837,-23.403029],[-46.627822,-23.402998],[-46.627812,-23.402977],[-46.627799,-23.40296],[-46.627786,-23.402944],[-46.627774,-23.402927],[-46.627761,-23.402911],[-46.627747,-23.402894],[-46.627734,-23.402878],[-46.62772,-23.402862],[-46.627706,-23.402847],[-46.627692,-23.402831],[-46.627678,-23.402815],[-46.627664,-23.4028],[-46.627649,-23.402785],[-46.627635,-23.402769],[-46.62762,-23.402754],[-46.627604,-23.40274],[-46.627589,-23.402725],[-46.627574,-23.40271],[-46.627558,-23.402696],[-46.627542,-23.402682],[-46.627526,-23.402668],[-46.62751,-23.402654],[-46.627494,-23.40264],[-46.627477,-23.402626],[-46.627461,-23.402613],[-46.627444,-23.4026],[-46.627427,-23.402587],[-46.62741,-23.402574],[-46.627393,-23.402561],[-46.627375,-23.402548],[-46.627358,-23.402536],[-46.627319,-23.40251],[-46.627301,-23.402498],[-46.627283,-23.402486],[-46.627265,-23.402475],[-46.627358,-23.402373],[-46.627458,-23.402253],[-46.627559,-23.402138],[-46.627623,-23.402063]]]},"properties":{"sqlu":"SP-002-742436","inscription":"SP-GEOSAMPA-2742436","inscricaoImobiliaria":"SP-IMO-2742436","setor":"002","quadra":"001","lote":"0005","sourceType":"OFFICIAL_IMPORT","mainAddress":"Setor Fiscal 002","zoneamento":"RESIDENCIAL","statusCadastral":"ATIVO","workflowStatus":"PENDENTE","isOfficial":true,"rawProperties":{"cd_identificador":2742436,"cd_identificador_original_lote":9163716,"cd_setor_fiscal":"002","cd_tipo_quadra":"M","tx_tipo_quadra":"MUNICIPAL","cd_quadra_fiscal":"001","cd_subquadra_fiscal":null,"cd_condominio":"00","cd_tipo_lote":"M","tx_tipo_lote":"MUNICIPAL","cd_lote":"0005","cd_situacao":1,"cd_digito_sql":null,"cd_logradouro":null,"nm_logradouro_completo":null,"cd_numero_porta":null,"tx_complemento_endereco":null,"tx_situ_lote":null,"cd_tipo_uso_imovel":null,"dc_tipo_uso_imovel":null,"cd_tipo_terreno_imovel":null,"qt_area_terreno":null,"qt_area_construida":null}}},{"type":"Feature","geometry":{"type":"Polygon","coordinates":[[[-46.621628,-23.394752],[-46.621716,-23.394498],[-46.621743,-23.394421],[-46.621785,-23.394435],[-46.621667,-23.394764],[-46.621628,-23.394752]]]},"properties":{"sqlu":"SP-002-808531","inscription":"SP-GEOSAMPA-6808531","inscricaoImobiliaria":"SP-IMO-6808531","setor":"002","quadra":"039","lote":"0035","sourceType":"OFFICIAL_IMPORT","mainAddress":"Setor Fiscal 002","zoneamento":"RESIDENCIAL","statusCadastral":"ATIVO","workflowStatus":"PENDENTE","isOfficial":true,"rawProperties":{"cd_identificador":6808531,"cd_identificador_original_lote":9163393,"cd_setor_fiscal":"002","cd_tipo_quadra":"F","tx_tipo_quadra":"FISCAL","cd_quadra_fiscal":"039","cd_subquadra_fiscal":null,"cd_condominio":"00","cd_tipo_lote":"F","tx_tipo_lote":"FISCAL","cd_lote":"0035","cd_situacao":1,"cd_digito_sql":"9","cd_logradouro":"031984","nm_logradouro_completo":"R BENJAMIM DE OLIVEIRA","cd_numero_porta":"409","tx_complemento_endereco":"E 411","tx_situ_lote":"ATIVO","cd_tipo_uso_imovel":"42","dc_tipo_uso_imovel":"Não residencial","cd_tipo_terreno_imovel":1,"qt_area_terreno":176,"qt_area_construida":120}}},{"type":"Feature","geometry":{"type":"Polygon","coordinates":[[[-46.621363,-23.390176],[-46.621425,-23.390172],[-46.621424,-23.390257],[-46.621368,-23.390264],[-46.621363,-23.390176]]]},"properties":{"sqlu":"SP-002-742717","inscription":"SP-GEOSAMPA-2742717","inscricaoImobiliaria":"SP-IMO-2742717","setor":"002","quadra":"004","lote":"0127","sourceType":"OFFICIAL_IMPORT","mainAddress":"Setor Fiscal 002","zoneamento":"RESIDENCIAL","statusCadastral":"ATIVO","workflowStatus":"PENDENTE","isOfficial":true,"rawProperties":{"cd_identificador":2742717,"cd_identificador_original_lote":9162937,"cd_setor_fiscal":"002","cd_tipo_quadra":"F","tx_tipo_quadra":"FISCAL","cd_quadra_fiscal":"004","cd_subquadra_fiscal":null,"cd_condominio":"00","cd_tipo_lote":"F","tx_tipo_lote":"FISCAL","cd_lote":"0127","cd_situacao":1,"cd_digito_sql":"0","cd_logradouro":"038121","nm_logradouro_completo":"R S CAETANO","cd_numero_porta":"1053","tx_complemento_endereco":null,"tx_situ_lote":"ATIVO","cd_tipo_uso_imovel":"40","dc_tipo_uso_imovel":"Não residencial","cd_tipo_terreno_imovel":1,"qt_area_terreno":54,"qt_area_construida":40}}},{"type":"Feature","geometry":{"type":"Polygon","coordinates":[[[-46.620796,-23.393093],[-46.620872,-23.393049],[-46.621372,-23.392773],[-46.621892,-23.392503],[-46.622127,-23.39241],[-46.622445,-23.392296],[-46.623,-23.392115],[-46.623694,-23.391916],[-46.624101,-23.391815],[-46.624365,-23.391742],[-46.624597,-23.391677],[-46.624754,-23.391633],[-46.62476,-23.391648],[-46.624849,-23.391845],[-46.62488,-23.391927],[-46.625157,-23.392544],[-46.625262,-23.392782],[-46.625477,-23.39328],[-46.625506,-23.39335],[-46.625511,-23.393365],[-46.625516,-23.393385],[-46.62552,-23.393405],[-46.625523,-23.393425],[-46.625524,-23.393432],[-46.625525,-23.393445],[-46.625527,-23.393465],[-46.625528,-23.393483],[-46.625528,-23.393509],[-46.625527,-23.393526],[-46.625525,-23.393546],[-46.625524,-23.393553],[-46.625499,-23.393644],[-46.625474,-23.393735],[-46.625372,-23.39415],[-46.62531,-23.394403],[-46.625052,-23.394311],[-46.624956,-23.394277],[-46.624901,-23.394257],[-46.624843,-23.394236],[-46.624801,-23.394221],[-46.62475,-23.394203],[-46.624365,-23.394065],[-46.624241,-23.394021],[-46.624155,-23.39399],[-46.624055,-23.393954],[-46.623931,-23.393909],[-46.623869,-23.393887],[-46.62377,-23.393851],[-46.623659,-23.393811],[-46.623564,-23.393777],[-46.623475,-23.393745],[-46.623372,-23.393708],[-46.623235,-23.393659],[-46.623107,-23.393613],[-46.623017,-23.393581],[-46.622906,-23.393541],[-46.622758,-23.393488],[-46.622568,-23.39342],[-46.622558,-23.393417],[-46.622293,-23.393322],[-46.622162,-23.393275],[-46.622021,-23.393225],[-46.621837,-23.393159],[-46.621729,-23.393122],[-46.621536,-23.39312],[-46.621504,-23.393123],[-46.621436,-23.393132],[-46.621341,-23.393143],[-46.62127,-23.393158],[-46.621144,-23.393197],[-46.620768,-23.393383],[-46.620796,-23.393093]]]},"properties":{"sqlu":"SP-002-808455","inscription":"SP-GEOSAMPA-6808455","inscricaoImobiliaria":"SP-IMO-6808455","setor":"002","quadra":"017","lote":"0080","sourceType":"OFFICIAL_IMPORT","mainAddress":"Setor Fiscal 002","zoneamento":"RESIDENCIAL","statusCadastral":"ATIVO","workflowStatus":"PENDENTE","isOfficial":true,"rawProperties":{"cd_identificador":6808455,"cd_identificador_original_lote":10668314,"cd_setor_fiscal":"002","cd_tipo_quadra":"F","tx_tipo_quadra":"FISCAL","cd_quadra_fiscal":"017","cd_subquadra_fiscal":null,"cd_condominio":"00","cd_tipo_lote":"F","tx_tipo_lote":"FISCAL","cd_lote":"0080","cd_situacao":1,"cd_digito_sql":"8","cd_logradouro":"155110","nm_logradouro_completo":"LG DO PARI","cd_numero_porta":"1","tx_complemento_endereco":null,"tx_situ_lote":"ATIVO","cd_tipo_uso_imovel":"51","dc_tipo_uso_imovel":"Não residencial","cd_tipo_terreno_imovel":2,"qt_area_terreno":71105,"qt_area_construida":15200}}},{"type":"Feature","geometry":{"type":"Polygon","coordinates":[[[-46.619967,-23.398965],[-46.620199,-23.399099],[-46.620145,-23.399176],[-46.620043,-23.399321],[-46.619807,-23.3992],[-46.619919,-23.399036],[-46.619967,-23.398965]]]},"properties":{"sqlu":"SP-002-742579","inscription":"SP-GEOSAMPA-2742579","inscricaoImobiliaria":"SP-IMO-2742579","setor":"002","quadra":"082","lote":"0077","sourceType":"OFFICIAL_IMPORT","mainAddress":"Setor Fiscal 002","zoneamento":"RESIDENCIAL","statusCadastral":"ATIVO","workflowStatus":"PENDENTE","isOfficial":true,"rawProperties":{"cd_identificador":2742579,"cd_identificador_original_lote":9164053,"cd_setor_fiscal":"002","cd_tipo_quadra":"F","tx_tipo_quadra":"FISCAL","cd_quadra_fiscal":"082","cd_subquadra_fiscal":null,"cd_condominio":"00","cd_tipo_lote":"F","tx_tipo_lote":"FISCAL","cd_lote":"0077","cd_situacao":1,"cd_digito_sql":"0","cd_logradouro":"098736","nm_logradouro_completo":"R JAIRO GOIS","cd_numero_porta":"57","tx_complemento_endereco":"67 77 85","tx_situ_lote":"ATIVO","cd_tipo_uso_imovel":"40","dc_tipo_uso_imovel":"Não residencial","cd_tipo_terreno_imovel":1,"qt_area_terreno":794,"qt_area_construida":720}}},{"type":"Feature","geometry":{"type":"Polygon","coordinates":[[[-46.621909,-23.394845],[-46.621992,-23.394614],[-46.622028,-23.394515],[-46.622067,-23.394528],[-46.622149,-23.394555],[-46.62203,-23.394885],[-46.621909,-23.394845]]]},"properties":{"sqlu":"SP-002-808616","inscription":"SP-GEOSAMPA-6808616","inscricaoImobiliaria":"SP-IMO-6808616","setor":"002","quadra":"039","lote":"0102","sourceType":"OFFICIAL_IMPORT","mainAddress":"Setor Fiscal 002","zoneamento":"RESIDENCIAL","statusCadastral":"ATIVO","workflowStatus":"PENDENTE","isOfficial":true,"rawProperties":{"cd_identificador":6808616,"cd_identificador_original_lote":9163390,"cd_setor_fiscal":"002","cd_tipo_quadra":"F","tx_tipo_quadra":"FISCAL","cd_quadra_fiscal":"039","cd_subquadra_fiscal":null,"cd_condominio":"00","cd_tipo_lote":"F","tx_tipo_lote":"FISCAL","cd_lote":"0102","cd_situacao":1,"cd_digito_sql":"9","cd_logradouro":"031984","nm_logradouro_completo":"R BENJAMIM DE OLIVEIRA","cd_numero_porta":"381","tx_complemento_endereco":null,"tx_situ_lote":"ATIVO","cd_tipo_uso_imovel":"51","dc_tipo_uso_imovel":"Não residencial","cd_tipo_terreno_imovel":1,"qt_area_terreno":523,"qt_area_construida":500}}},{"type":"Feature","geometry":{"type":"Polygon","coordinates":[[[-46.622067,-23.394528],[-46.622028,-23.394515],[-46.621986,-23.394501],[-46.621964,-23.394494],[-46.621898,-23.394472],[-46.62198,-23.394268],[-46.622046,-23.394292],[-46.622149,-23.39433],[-46.622067,-23.394528]]]},"properties":{"sqlu":"SP-002-808675","inscription":"SP-GEOSAMPA-6808675","inscricaoImobiliaria":"SP-IMO-6808675","setor":"002","quadra":"039","lote":"0074","sourceType":"OFFICIAL_IMPORT","mainAddress":"Setor Fiscal 002","zoneamento":"RESIDENCIAL","statusCadastral":"ATIVO","workflowStatus":"PENDENTE","isOfficial":true,"rawProperties":{"cd_identificador":6808675,"cd_identificador_original_lote":9162627,"cd_setor_fiscal":"002","cd_tipo_quadra":"F","tx_tipo_quadra":"FISCAL","cd_quadra_fiscal":"039","cd_subquadra_fiscal":null,"cd_condominio":"00","cd_tipo_lote":"F","tx_tipo_lote":"FISCAL","cd_lote":"0074","cd_situacao":1,"cd_digito_sql":"1","cd_logradouro":"010847","nm_logradouro_completo":"R PROF EURIPEDES SIMOES DE PAULA","cd_numero_porta":"512","tx_complemento_endereco":null,"tx_situ_lote":"ATIVO","cd_tipo_uso_imovel":"51","dc_tipo_uso_imovel":"Não residencial","cd_tipo_terreno_imovel":1,"qt_area_terreno":374,"qt_area_construida":445}}},{"type":"Feature","geometry":{"type":"Polygon","coordinates":[[[-46.621546,-23.394357],[-46.621601,-23.394375],[-46.621599,-23.394393],[-46.621562,-23.39473],[-46.621483,-23.394704],[-46.621511,-23.394451],[-46.621518,-23.394386],[-46.621523,-23.39435],[-46.621546,-23.394357]]]},"properties":{"sqlu":"SP-002-808630","inscription":"SP-GEOSAMPA-6808630","inscricaoImobiliaria":"SP-IMO-6808630","setor":"002","quadra":"039","lote":"0090","sourceType":"OFFICIAL_IMPORT","mainAddress":"Setor Fiscal 002","zoneamento":"RESIDENCIAL","statusCadastral":"ATIVO","workflowStatus":"PENDENTE","isOfficial":true,"rawProperties":{"cd_identificador":6808630,"cd_identificador_original_lote":9163394,"cd_setor_fiscal":"002","cd_tipo_quadra":"F","tx_tipo_quadra":"FISCAL","cd_quadra_fiscal":"039","cd_subquadra_fiscal":null,"cd_condominio":"00","cd_tipo_lote":"F","tx_tipo_lote":"FISCAL","cd_lote":"0090","cd_situacao":1,"cd_digito_sql":"1","cd_logradouro":"031984","nm_logradouro_completo":"R BENJAMIM DE OLIVEIRA","cd_numero_porta":"419","tx_complemento_endereco":null,"tx_situ_lote":"ATIVO","cd_tipo_uso_imovel":"40","dc_tipo_uso_imovel":"Não residencial","cd_tipo_terreno_imovel":1,"qt_area_terreno":386,"qt_area_construida":488}}},{"type":"Feature","geometry":{"type":"Polygon","coordinates":[[[-46.621743,-23.394421],[-46.621716,-23.394498],[-46.621628,-23.394752],[-46.621572,-23.394733],[-46.621562,-23.39473],[-46.621599,-23.394393],[-46.621601,-23.394375],[-46.621721,-23.394414],[-46.621743,-23.394421]]]},"properties":{"sqlu":"SP-002-808400","inscription":"SP-GEOSAMPA-6808400","inscricaoImobiliaria":"SP-IMO-6808400","setor":"002","quadra":"039","lote":"0257","sourceType":"OFFICIAL_IMPORT","mainAddress":"Setor Fiscal 002","zoneamento":"RESIDENCIAL","statusCadastral":"ATIVO","workflowStatus":"PENDENTE","isOfficial":true,"rawProperties":{"cd_identificador":6808400,"cd_identificador_original_lote":10668312,"cd_setor_fiscal":"002","cd_tipo_quadra":"F","tx_tipo_quadra":"FISCAL","cd_quadra_fiscal":"039","cd_subquadra_fiscal":null,"cd_condominio":"00","cd_tipo_lote":"F","tx_tipo_lote":"FISCAL","cd_lote":"0257","cd_situacao":1,"cd_digito_sql":"2","cd_logradouro":"031984","nm_logradouro_completo":"R BENJAMIM DE OLIVEIRA","cd_numero_porta":"413","tx_complemento_endereco":"417","tx_situ_lote":"ATIVO","cd_tipo_uso_imovel":"51","dc_tipo_uso_imovel":"Não residencial","cd_tipo_terreno_imovel":1,"qt_area_terreno":406,"qt_area_construida":526}}},{"type":"Feature","geometry":{"type":"Polygon","coordinates":[[[-46.621867,-23.394831],[-46.621667,-23.394764],[-46.621785,-23.394435],[-46.621898,-23.394472],[-46.621964,-23.394494],[-46.621986,-23.394501],[-46.621975,-23.394532],[-46.621961,-23.394571],[-46.62195,-23.394601],[-46.621867,-23.394831]]]},"properties":{"sqlu":"SP-002-808466","inscription":"SP-GEOSAMPA-6808466","inscricaoImobiliaria":"SP-IMO-6808466","setor":"002","quadra":"039","lote":"0233","sourceType":"OFFICIAL_IMPORT","mainAddress":"Setor Fiscal 002","zoneamento":"RESIDENCIAL","statusCadastral":"ATIVO","workflowStatus":"PENDENTE","isOfficial":true,"rawProperties":{"cd_identificador":6808466,"cd_identificador_original_lote":9163392,"cd_setor_fiscal":"002","cd_tipo_quadra":"F","tx_tipo_quadra":"FISCAL","cd_quadra_fiscal":"039","cd_subquadra_fiscal":null,"cd_condominio":"00","cd_tipo_lote":"F","tx_tipo_lote":"FISCAL","cd_lote":"0233","cd_situacao":1,"cd_digito_sql":"5","cd_logradouro":"031984","nm_logradouro_completo":"R BENJAMIM DE OLIVEIRA","cd_numero_porta":"389","tx_complemento_endereco":"405","tx_situ_lote":"ATIVO","cd_tipo_uso_imovel":"40","dc_tipo_uso_imovel":"Não residencial","cd_tipo_terreno_imovel":1,"qt_area_terreno":865,"qt_area_construida":968}}},{"type":"Feature","geometry":{"type":"Polygon","coordinates":[[[-46.628793,-23.402185],[-46.628828,-23.402134],[-46.628922,-23.402174],[-46.628968,-23.402194],[-46.629003,-23.402209],[-46.629021,-23.402217],[-46.628994,-23.402272],[-46.628975,-23.402264],[-46.628927,-23.402243],[-46.628909,-23.402235],[-46.628793,-23.402185]]]},"properties":{"sqlu":"SP-002-742645","inscription":"SP-GEOSAMPA-2742645","inscricaoImobiliaria":"SP-IMO-2742645","setor":"002","quadra":"071","lote":"0000","sourceType":"OFFICIAL_IMPORT","mainAddress":"Setor Fiscal 002","zoneamento":"RESIDENCIAL","statusCadastral":"ATIVO","workflowStatus":"PENDENTE","isOfficial":true,"rawProperties":{"cd_identificador":2742645,"cd_identificador_original_lote":9163805,"cd_setor_fiscal":"002","cd_tipo_quadra":"F","tx_tipo_quadra":"FISCAL","cd_quadra_fiscal":"071","cd_subquadra_fiscal":null,"cd_condominio":"01","cd_tipo_lote":"F","tx_tipo_lote":"FISCAL","cd_lote":"0000","cd_situacao":1,"cd_digito_sql":null,"cd_logradouro":"159840","nm_logradouro_completo":"PQ DOM PEDRO II","cd_numero_porta":"878 882","tx_complemento_endereco":null,"tx_situ_lote":null,"cd_tipo_uso_imovel":"XX","dc_tipo_uso_imovel":"Condomínio","cd_tipo_terreno_imovel":99,"qt_area_terreno":173,"qt_area_construida":null}}},{"type":"Feature","geometry":{"type":"Polygon","coordinates":[[[-46.621986,-23.394501],[-46.622028,-23.394515],[-46.621992,-23.394614],[-46.621909,-23.394845],[-46.621867,-23.394831],[-46.62195,-23.394601],[-46.621961,-23.394571],[-46.621975,-23.394532],[-46.621986,-23.394501]]]},"properties":{"sqlu":"SP-002-808761","inscription":"SP-GEOSAMPA-6808761","inscricaoImobiliaria":"SP-IMO-6808761","setor":"002","quadra":"039","lote":"0029","sourceType":"OFFICIAL_IMPORT","mainAddress":"Setor Fiscal 002","zoneamento":"RESIDENCIAL","statusCadastral":"ATIVO","workflowStatus":"PENDENTE","isOfficial":true,"rawProperties":{"cd_identificador":6808761,"cd_identificador_original_lote":9163391,"cd_setor_fiscal":"002","cd_tipo_quadra":"F","tx_tipo_quadra":"FISCAL","cd_quadra_fiscal":"039","cd_subquadra_fiscal":null,"cd_condominio":"00","cd_tipo_lote":"F","tx_tipo_lote":"FISCAL","cd_lote":"0029","cd_situacao":1,"cd_digito_sql":"4","cd_logradouro":"031984","nm_logradouro_completo":"R BENJAMIM DE OLIVEIRA","cd_numero_porta":"385","tx_complemento_endereco":"E 387","tx_situ_lote":"ATIVO","cd_tipo_uso_imovel":"42","dc_tipo_uso_imovel":"Não residencial","cd_tipo_terreno_imovel":1,"qt_area_terreno":172,"qt_area_construida":230}}},{"type":"Feature","geometry":{"type":"Polygon","coordinates":[[[-46.631792,-23.402964],[-46.631834,-23.402894],[-46.631897,-23.402792],[-46.631922,-23.40275],[-46.632025,-23.402795],[-46.631973,-23.402875],[-46.631922,-23.403009],[-46.63192,-23.403014],[-46.631886,-23.403001],[-46.631828,-23.402978],[-46.631792,-23.402964]]]},"properties":{"sqlu":"SP-002-742572","inscription":"SP-GEOSAMPA-2742572","inscricaoImobiliaria":"SP-IMO-2742572","setor":"002","quadra":"061","lote":"0001","sourceType":"OFFICIAL_IMPORT","mainAddress":"Setor Fiscal 002","zoneamento":"RESIDENCIAL","statusCadastral":"ATIVO","workflowStatus":"PENDENTE","isOfficial":true,"rawProperties":{"cd_identificador":2742572,"cd_identificador_original_lote":9162653,"cd_setor_fiscal":"002","cd_tipo_quadra":"F","tx_tipo_quadra":"FISCAL","cd_quadra_fiscal":"061","cd_subquadra_fiscal":null,"cd_condominio":"00","cd_tipo_lote":"F","tx_tipo_lote":"FISCAL","cd_lote":"0001","cd_situacao":1,"cd_digito_sql":"9","cd_logradouro":"012424","nm_logradouro_completo":"R ANCHIETA","cd_numero_porta":"40","tx_complemento_endereco":null,"tx_situ_lote":"ATIVO","cd_tipo_uso_imovel":"40","dc_tipo_uso_imovel":"Não residencial","cd_tipo_terreno_imovel":1,"qt_area_terreno":253,"qt_area_construida":367}}},{"type":"Feature","geometry":{"type":"Polygon","coordinates":[[[-46.62501,-23.394296],[-46.625052,-23.394311],[-46.62531,-23.394403],[-46.625388,-23.394431],[-46.625386,-23.394481],[-46.625383,-23.394535],[-46.625382,-23.394569],[-46.625381,-23.39459],[-46.625354,-23.394604],[-46.625235,-23.394572],[-46.625193,-23.39456],[-46.625152,-23.394549],[-46.62511,-23.394538],[-46.625069,-23.394526],[-46.625027,-23.394515],[-46.624989,-23.394505],[-46.62501,-23.394443],[-46.62501,-23.394296]]]},"properties":{"sqlu":"SP-002-811280","inscription":"SP-GEOSAMPA-6811280","inscricaoImobiliaria":"SP-IMO-6811280","setor":"002","quadra":"017","lote":"0082","sourceType":"OFFICIAL_IMPORT","mainAddress":"Setor Fiscal 002","zoneamento":"RESIDENCIAL","statusCadastral":"ATIVO","workflowStatus":"PENDENTE","isOfficial":true,"rawProperties":{"cd_identificador":6811280,"cd_identificador_original_lote":10670860,"cd_setor_fiscal":"002","cd_tipo_quadra":"F","tx_tipo_quadra":"FISCAL","cd_quadra_fiscal":"017","cd_subquadra_fiscal":null,"cd_condominio":"00","cd_tipo_lote":"F","tx_tipo_lote":"FISCAL","cd_lote":"0082","cd_situacao":1,"cd_digito_sql":"4","cd_logradouro":"138215","nm_logradouro_completo":"R MENDES CALDEIRA","cd_numero_porta":"15","tx_complemento_endereco":"21 27 31 37 41","tx_situ_lote":"ATIVO","cd_tipo_uso_imovel":"43","dc_tipo_uso_imovel":"Não residencial","cd_tipo_terreno_imovel":2,"qt_area_terreno":856,"qt_area_construida":1009}}},{"type":"Feature","geometry":{"type":"Polygon","coordinates":[[[-46.62501,-23.394296],[-46.62501,-23.394443],[-46.624989,-23.394505],[-46.624986,-23.394504],[-46.624891,-23.394478],[-46.624924,-23.394377],[-46.62494,-23.394327],[-46.624956,-23.394277],[-46.62501,-23.394296]]]},"properties":{"sqlu":"SP-002-811281","inscription":"SP-GEOSAMPA-6811281","inscricaoImobiliaria":"SP-IMO-6811281","setor":"002","quadra":"017","lote":"0005","sourceType":"OFFICIAL_IMPORT","mainAddress":"Setor Fiscal 002","zoneamento":"RESIDENCIAL","statusCadastral":"ATIVO","workflowStatus":"PENDENTE","isOfficial":true,"rawProperties":{"cd_identificador":6811281,"cd_identificador_original_lote":10670861,"cd_setor_fiscal":"002","cd_tipo_quadra":"F","tx_tipo_quadra":"FISCAL","cd_quadra_fiscal":"017","cd_subquadra_fiscal":null,"cd_condominio":"00","cd_tipo_lote":"F","tx_tipo_lote":"FISCAL","cd_lote":"0005","cd_situacao":1,"cd_digito_sql":"0","cd_logradouro":"138215","nm_logradouro_completo":"R MENDES CALDEIRA","cd_numero_porta":"45","tx_complemento_endereco":null,"tx_situ_lote":"ATIVO","cd_tipo_uso_imovel":"51","dc_tipo_uso_imovel":"Não residencial","cd_tipo_terreno_imovel":1,"qt_area_terreno":250,"qt_area_construida":250}}},{"type":"Feature","geometry":{"type":"Polygon","coordinates":[[[-46.624502,-23.395706],[-46.624445,-23.395688],[-46.624529,-23.395424],[-46.624586,-23.395441],[-46.624574,-23.395479],[-46.624502,-23.395706]]]},"properties":{"sqlu":"SP-002-743034","inscription":"SP-GEOSAMPA-2743034","inscricaoImobiliaria":"SP-IMO-2743034","setor":"002","quadra":"038","lote":"0018","sourceType":"OFFICIAL_IMPORT","mainAddress":"Setor Fiscal 002","zoneamento":"RESIDENCIAL","statusCadastral":"ATIVO","workflowStatus":"PENDENTE","isOfficial":true,"rawProperties":{"cd_identificador":2743034,"cd_identificador_original_lote":9162422,"cd_setor_fiscal":"002","cd_tipo_quadra":"F","tx_tipo_quadra":"FISCAL","cd_quadra_fiscal":"038","cd_subquadra_fiscal":null,"cd_condominio":"00","cd_tipo_lote":"F","tx_tipo_lote":"FISCAL","cd_lote":"0018","cd_situacao":1,"cd_digito_sql":"4","cd_logradouro":"031984","nm_logradouro_completo":"R BENJAMIM DE OLIVEIRA","cd_numero_porta":"103","tx_complemento_endereco":null,"tx_situ_lote":"ATIVO","cd_tipo_uso_imovel":"40","dc_tipo_uso_imovel":"Não residencial","cd_tipo_terreno_imovel":1,"qt_area_terreno":184,"qt_area_construida":140}}},{"type":"Feature","geometry":{"type":"Polygon","coordinates":[[[-46.629986,-23.403453],[-46.629813,-23.403429],[-46.629766,-23.403352],[-46.629895,-23.403074],[-46.629981,-23.40289],[-46.630208,-23.402969],[-46.630243,-23.402973],[-46.630295,-23.402979],[-46.630281,-23.403029],[-46.630257,-23.403116],[-46.630181,-23.403099],[-46.630156,-23.403189],[-46.630142,-23.403239],[-46.630049,-23.403218],[-46.630037,-23.403261],[-46.630017,-23.403336],[-46.629986,-23.403453]]]},"properties":{"sqlu":"SP-002-743020","inscription":"SP-GEOSAMPA-2743020","inscricaoImobiliaria":"SP-IMO-2743020","setor":"002","quadra":"059","lote":"0040","sourceType":"OFFICIAL_IMPORT","mainAddress":"Setor Fiscal 002","zoneamento":"RESIDENCIAL","statusCadastral":"ATIVO","workflowStatus":"PENDENTE","isOfficial":true,"rawProperties":{"cd_identificador":2743020,"cd_identificador_original_lote":9164125,"cd_setor_fiscal":"002","cd_tipo_quadra":"F","tx_tipo_quadra":"FISCAL","cd_quadra_fiscal":"059","cd_subquadra_fiscal":null,"cd_condominio":"00","cd_tipo_lote":"F","tx_tipo_lote":"FISCAL","cd_lote":"0040","cd_situacao":1,"cd_digito_sql":"2","cd_logradouro":"195430","nm_logradouro_completo":"R VENCESLAU BRAS","cd_numero_porta":"183","tx_complemento_endereco":null,"tx_situ_lote":"ATIVO","cd_tipo_uso_imovel":"31","dc_tipo_uso_imovel":"Não residencial","cd_tipo_terreno_imovel":2,"qt_area_terreno":1635,"qt_area_construida":12266}}},{"type":"Feature","geometry":{"type":"Polygon","coordinates":[[[-46.625155,-23.390568],[-46.625105,-23.390587],[-46.625053,-23.390468],[-46.625077,-23.390459],[-46.625104,-23.390449],[-46.625113,-23.390471],[-46.625122,-23.390492],[-46.625155,-23.390568]]]},"properties":{"sqlu":"SP-002-742860","inscription":"SP-GEOSAMPA-2742860","inscricaoImobiliaria":"SP-IMO-2742860","setor":"002","quadra":"013","lote":"0021","sourceType":"OFFICIAL_IMPORT","mainAddress":"Setor Fiscal 002","zoneamento":"RESIDENCIAL","statusCadastral":"ATIVO","workflowStatus":"PENDENTE","isOfficial":true,"rawProperties":{"cd_identificador":2742860,"cd_identificador_original_lote":9163273,"cd_setor_fiscal":"002","cd_tipo_quadra":"F","tx_tipo_quadra":"FISCAL","cd_quadra_fiscal":"013","cd_subquadra_fiscal":null,"cd_condominio":"00","cd_tipo_lote":"F","tx_tipo_lote":"FISCAL","cd_lote":"0021","cd_situacao":1,"cd_digito_sql":"4","cd_logradouro":"076830","nm_logradouro_completo":"R EURICLES FELIX DE MATOS","cd_numero_porta":"13","tx_complemento_endereco":null,"tx_situ_lote":"ATIVO","cd_tipo_uso_imovel":"10","dc_tipo_uso_imovel":"Residencial","cd_tipo_terreno_imovel":1,"qt_area_terreno":70,"qt_area_construida":50}}},{"type":"Feature","geometry":{"type":"Polygon","coordinates":[[[-46.618181,-23.398193],[-46.618126,-23.398267],[-46.617915,-23.39857],[-46.617856,-23.398533],[-46.61806,-23.398231],[-46.618062,-23.398229],[-46.618088,-23.39819],[-46.618113,-23.398153],[-46.618181,-23.398193]]]},"properties":{"sqlu":"SP-002-811318","inscription":"SP-GEOSAMPA-6811318","inscricaoImobiliaria":"SP-IMO-6811318","setor":"002","quadra":"085","lote":"0023","sourceType":"OFFICIAL_IMPORT","mainAddress":"Setor Fiscal 002","zoneamento":"RESIDENCIAL","statusCadastral":"ATIVO","workflowStatus":"PENDENTE","isOfficial":true,"rawProperties":{"cd_identificador":6811318,"cd_identificador_original_lote":10670562,"cd_setor_fiscal":"002","cd_tipo_quadra":"F","tx_tipo_quadra":"FISCAL","cd_quadra_fiscal":"085","cd_subquadra_fiscal":null,"cd_condominio":"00","cd_tipo_lote":"F","tx_tipo_lote":"FISCAL","cd_lote":"0023","cd_situacao":1,"cd_digito_sql":"5","cd_logradouro":"168700","nm_logradouro_completo":"AV RANGEL PESTANA","cd_numero_porta":"1607","tx_complemento_endereco":"E 1611","tx_situ_lote":"ATIVO","cd_tipo_uso_imovel":"40","dc_tipo_uso_imovel":"Não residencial","cd_tipo_terreno_imovel":1,"qt_area_terreno":392,"qt_area_construida":320}}},{"type":"Feature","geometry":{"type":"Polygon","coordinates":[[[-46.618181,-23.398193],[-46.618223,-23.398217],[-46.617956,-23.398595],[-46.617915,-23.39857],[-46.618126,-23.398267],[-46.618181,-23.398193]]]},"properties":{"sqlu":"SP-002-811319","inscription":"SP-GEOSAMPA-6811319","inscricaoImobiliaria":"SP-IMO-6811319","setor":"002","quadra":"085","lote":"0074","sourceType":"OFFICIAL_IMPORT","mainAddress":"Setor Fiscal 002","zoneamento":"RESIDENCIAL","statusCadastral":"ATIVO","workflowStatus":"PENDENTE","isOfficial":true,"rawProperties":{"cd_identificador":6811319,"cd_identificador_original_lote":10670563,"cd_setor_fiscal":"002","cd_tipo_quadra":"F","tx_tipo_quadra":"FISCAL","cd_quadra_fiscal":"085","cd_subquadra_fiscal":null,"cd_condominio":"00","cd_tipo_lote":"F","tx_tipo_lote":"FISCAL","cd_lote":"0074","cd_situacao":1,"cd_digito_sql":"1","cd_logradouro":"168700","nm_logradouro_completo":"AV RANGEL PESTANA","cd_numero_porta":"1601","tx_complemento_endereco":null,"tx_situ_lote":"ATIVO","cd_tipo_uso_imovel":"40","dc_tipo_uso_imovel":"Não residencial","cd_tipo_terreno_imovel":1,"qt_area_terreno":258,"qt_area_construida":270}}},{"type":"Feature","geometry":{"type":"Polygon","coordinates":[[[-46.619187,-23.395982],[-46.619212,-23.395998],[-46.61922,-23.396002],[-46.61923,-23.396009],[-46.619114,-23.396159],[-46.619082,-23.396139],[-46.619071,-23.396132],[-46.619092,-23.396105],[-46.619143,-23.396038],[-46.619187,-23.395982]]]},"properties":{"sqlu":"SP-002-742890","inscription":"SP-GEOSAMPA-2742890","inscricaoImobiliaria":"SP-IMO-2742890","setor":"002","quadra":"048","lote":"0009","sourceType":"OFFICIAL_IMPORT","mainAddress":"Setor Fiscal 002","zoneamento":"RESIDENCIAL","statusCadastral":"ATIVO","workflowStatus":"PENDENTE","isOfficial":true,"rawProperties":{"cd_identificador":2742890,"cd_identificador_original_lote":9162857,"cd_setor_fiscal":"002","cd_tipo_quadra":"F","tx_tipo_quadra":"FISCAL","cd_quadra_fiscal":"048","cd_subquadra_fiscal":null,"cd_condominio":"00","cd_tipo_lote":"F","tx_tipo_lote":"FISCAL","cd_lote":"0009","cd_situacao":1,"cd_digito_sql":"9","cd_logradouro":"177067","nm_logradouro_completo":"R SAMPAIO MOREIRA","cd_numero_porta":"149","tx_complemento_endereco":null,"tx_situ_lote":"ATIVO","cd_tipo_uso_imovel":"10","dc_tipo_uso_imovel":"Residencial","cd_tipo_terreno_imovel":1,"qt_area_terreno":105,"qt_area_construida":70}}},{"type":"Feature","geometry":{"type":"Polygon","coordinates":[[[-46.621809,-23.394206],[-46.621721,-23.394414],[-46.621601,-23.394375],[-46.621546,-23.394357],[-46.621573,-23.394295],[-46.621636,-23.394143],[-46.621809,-23.394206]]]},"properties":{"sqlu":"SP-002-808968","inscription":"SP-GEOSAMPA-6808968","inscricaoImobiliaria":"SP-IMO-6808968","setor":"002","quadra":"039","lote":"0072","sourceType":"OFFICIAL_IMPORT","mainAddress":"Setor Fiscal 002","zoneamento":"RESIDENCIAL","statusCadastral":"ATIVO","workflowStatus":"PENDENTE","isOfficial":true,"rawProperties":{"cd_identificador":6808968,"cd_identificador_original_lote":9162625,"cd_setor_fiscal":"002","cd_tipo_quadra":"F","tx_tipo_quadra":"FISCAL","cd_quadra_fiscal":"039","cd_subquadra_fiscal":null,"cd_condominio":"00","cd_tipo_lote":"F","tx_tipo_lote":"FISCAL","cd_lote":"0072","cd_situacao":1,"cd_digito_sql":"3","cd_logradouro":"010847","nm_logradouro_completo":"R PROF EURIPEDES SIMOES DE PAULA","cd_numero_porta":"550","tx_complemento_endereco":"556","tx_situ_lote":"ATIVO","cd_tipo_uso_imovel":"51","dc_tipo_uso_imovel":"Não residencial","cd_tipo_terreno_imovel":1,"qt_area_terreno":481,"qt_area_construida":734}}},{"type":"Feature","geometry":{"type":"Polygon","coordinates":[[[-46.621809,-23.394206],[-46.62198,-23.394268],[-46.621898,-23.394472],[-46.621785,-23.394435],[-46.621743,-23.394421],[-46.621721,-23.394414],[-46.621809,-23.394206]]]},"properties":{"sqlu":"SP-002-808969","inscription":"SP-GEOSAMPA-6808969","inscricaoImobiliaria":"SP-IMO-6808969","setor":"002","quadra":"039","lote":"0073","sourceType":"OFFICIAL_IMPORT","mainAddress":"Setor Fiscal 002","zoneamento":"RESIDENCIAL","statusCadastral":"ATIVO","workflowStatus":"PENDENTE","isOfficial":true,"rawProperties":{"cd_identificador":6808969,"cd_identificador_original_lote":9162626,"cd_setor_fiscal":"002","cd_tipo_quadra":"F","tx_tipo_quadra":"FISCAL","cd_quadra_fiscal":"039","cd_subquadra_fiscal":null,"cd_condominio":"00","cd_tipo_lote":"F","tx_tipo_lote":"FISCAL","cd_lote":"0073","cd_situacao":1,"cd_digito_sql":"1","cd_logradouro":"010847","nm_logradouro_completo":"R PROF EURIPEDES SIMOES DE PAULA","cd_numero_porta":"522","tx_complemento_endereco":"E 524","tx_situ_lote":"ATIVO","cd_tipo_uso_imovel":"40","dc_tipo_uso_imovel":"Não residencial","cd_tipo_terreno_imovel":1,"qt_area_terreno":460,"qt_area_construida":543}}},{"type":"Feature","geometry":{"type":"Polygon","coordinates":[[[-46.618263,-23.398241],[-46.6183,-23.398262],[-46.618303,-23.398264],[-46.618296,-23.398274],[-46.618266,-23.398318],[-46.618239,-23.398357],[-46.618227,-23.398374],[-46.618213,-23.398394],[-46.618172,-23.398453],[-46.618034,-23.398642],[-46.617997,-23.398619],[-46.618128,-23.398428],[-46.618263,-23.398241]]]},"properties":{"sqlu":"SP-002-811265","inscription":"SP-GEOSAMPA-6811265","inscricaoImobiliaria":"SP-IMO-6811265","setor":"002","quadra":"085","lote":"0066","sourceType":"OFFICIAL_IMPORT","mainAddress":"Setor Fiscal 002","zoneamento":"RESIDENCIAL","statusCadastral":"ATIVO","workflowStatus":"PENDENTE","isOfficial":true,"rawProperties":{"cd_identificador":6811265,"cd_identificador_original_lote":10670566,"cd_setor_fiscal":"002","cd_tipo_quadra":"F","tx_tipo_quadra":"FISCAL","cd_quadra_fiscal":"085","cd_subquadra_fiscal":null,"cd_condominio":"00","cd_tipo_lote":"F","tx_tipo_lote":"FISCAL","cd_lote":"0066","cd_situacao":1,"cd_digito_sql":"9","cd_logradouro":"168700","nm_logradouro_completo":"AV RANGEL PESTANA","cd_numero_porta":"1591","tx_complemento_endereco":null,"tx_situ_lote":"ATIVO","cd_tipo_uso_imovel":"40","dc_tipo_uso_imovel":"Não residencial","cd_tipo_terreno_imovel":1,"qt_area_terreno":245,"qt_area_construida":200}}},{"type":"Feature","geometry":{"type":"Polygon","coordinates":[[[-46.618207,-23.398475],[-46.618261,-23.398509],[-46.618124,-23.398697],[-46.61807,-23.398664],[-46.618207,-23.398475]]]},"properties":{"sqlu":"SP-002-811403","inscription":"SP-GEOSAMPA-6811403","inscricaoImobiliaria":"SP-IMO-6811403","setor":"002","quadra":"085","lote":"0068","sourceType":"OFFICIAL_IMPORT","mainAddress":"Setor Fiscal 002","zoneamento":"RESIDENCIAL","statusCadastral":"ATIVO","workflowStatus":"PENDENTE","isOfficial":true,"rawProperties":{"cd_identificador":6811403,"cd_identificador_original_lote":10670568,"cd_setor_fiscal":"002","cd_tipo_quadra":"F","tx_tipo_quadra":"FISCAL","cd_quadra_fiscal":"085","cd_subquadra_fiscal":null,"cd_condominio":"00","cd_tipo_lote":"F","tx_tipo_lote":"FISCAL","cd_lote":"0068","cd_situacao":1,"cd_digito_sql":"5","cd_logradouro":"168700","nm_logradouro_completo":"AV RANGEL PESTANA","cd_numero_porta":"1583","tx_complemento_endereco":null,"tx_situ_lote":"ATIVO","cd_tipo_uso_imovel":"40","dc_tipo_uso_imovel":"Não residencial","cd_tipo_terreno_imovel":1,"qt_area_terreno":167,"qt_area_construida":160}}},{"type":"Feature","geometry":{"type":"Polygon","coordinates":[[[-46.618457,-23.397197],[-46.618656,-23.397313],[-46.618637,-23.39734],[-46.618439,-23.397224],[-46.618439,-23.397224],[-46.618457,-23.397197]]]},"properties":{"sqlu":"SP-002-815446","inscription":"SP-GEOSAMPA-6815446","inscricaoImobiliaria":"SP-IMO-6815446","setor":"002","quadra":"057","lote":"0031","sourceType":"OFFICIAL_IMPORT","mainAddress":"Setor Fiscal 002","zoneamento":"RESIDENCIAL","statusCadastral":"ATIVO","workflowStatus":"PENDENTE","isOfficial":true,"rawProperties":{"cd_identificador":6815446,"cd_identificador_original_lote":10676071,"cd_setor_fiscal":"002","cd_tipo_quadra":"F","tx_tipo_quadra":"FISCAL","cd_quadra_fiscal":"057","cd_subquadra_fiscal":null,"cd_condominio":"00","cd_tipo_lote":"F","tx_tipo_lote":"FISCAL","cd_lote":"0031","cd_situacao":1,"cd_digito_sql":"4","cd_logradouro":"053724","nm_logradouro_completo":"R CORREIA DE ANDRADE","cd_numero_porta":"173","tx_complemento_endereco":null,"tx_situ_lote":"ATIVO","cd_tipo_uso_imovel":"40","dc_tipo_uso_imovel":"Não residencial","cd_tipo_terreno_imovel":1,"qt_area_terreno":210,"qt_area_construida":140}}},{"type":"Feature","geometry":{"type":"Polygon","coordinates":[[[-46.620631,-23.397849],[-46.620641,-23.397819],[-46.620755,-23.39785],[-46.620746,-23.397878],[-46.620692,-23.397865],[-46.620631,-23.397849]]]},"properties":{"sqlu":"SP-002-743238","inscription":"SP-GEOSAMPA-2743238","inscricaoImobiliaria":"SP-IMO-2743238","setor":"002","quadra":"055","lote":"0020","sourceType":"OFFICIAL_IMPORT","mainAddress":"Setor Fiscal 002","zoneamento":"RESIDENCIAL","statusCadastral":"ATIVO","workflowStatus":"PENDENTE","isOfficial":true,"rawProperties":{"cd_identificador":2743238,"cd_identificador_original_lote":9163381,"cd_setor_fiscal":"002","cd_tipo_quadra":"F","tx_tipo_quadra":"FISCAL","cd_quadra_fiscal":"055","cd_subquadra_fiscal":null,"cd_condominio":"00","cd_tipo_lote":"F","tx_tipo_lote":"FISCAL","cd_lote":"0020","cd_situacao":1,"cd_digito_sql":"1","cd_logradouro":"115835","nm_logradouro_completo":"TV LAMEIRAO","cd_numero_porta":"1","tx_complemento_endereco":"CS 1","tx_situ_lote":"ATIVO","cd_tipo_uso_imovel":"10","dc_tipo_uso_imovel":"Residencial","cd_tipo_terreno_imovel":1,"qt_area_terreno":104,"qt_area_construida":110}}},{"type":"Feature","geometry":{"type":"Polygon","coordinates":[[[-46.630744,-23.401305],[-46.630979,-23.401425],[-46.631077,-23.401207],[-46.631061,-23.401101],[-46.63091,-23.400943],[-46.630926,-23.400908],[-46.630952,-23.400851],[-46.630965,-23.400845],[-46.630982,-23.400849],[-46.631005,-23.40086],[-46.63131,-23.401197],[-46.631367,-23.401261],[-46.631551,-23.401463],[-46.631607,-23.401526],[-46.631662,-23.401587],[-46.631518,-23.401689],[-46.631645,-23.401804],[-46.631755,-23.40184],[-46.631735,-23.401953],[-46.631732,-23.401973],[-46.631736,-23.40211],[-46.63174,-23.402266],[-46.63174,-23.402357],[-46.63173,-23.402435],[-46.631711,-23.402508],[-46.631692,-23.402552],[-46.631641,-23.40267],[-46.631592,-23.402652],[-46.631284,-23.402533],[-46.63149,-23.402108],[-46.631074,-23.401946],[-46.630883,-23.402369],[-46.630942,-23.402393],[-46.630897,-23.40255],[-46.630704,-23.40248],[-46.630669,-23.402467],[-46.630485,-23.402403],[-46.630438,-23.402571],[-46.63041,-23.402561],[-46.630217,-23.402491],[-46.630193,-23.402482],[-46.630171,-23.402474],[-46.63033,-23.402181],[-46.630345,-23.402151],[-46.630427,-23.401983],[-46.630545,-23.401739],[-46.630576,-23.401671],[-46.630744,-23.401305]]]},"properties":{"sqlu":"SP-002-815550","inscription":"SP-GEOSAMPA-6815550","inscricaoImobiliaria":"SP-IMO-6815550","setor":"002","quadra":"059","lote":"0001","sourceType":"OFFICIAL_IMPORT","mainAddress":"Setor Fiscal 002","zoneamento":"RESIDENCIAL","statusCadastral":"ATIVO","workflowStatus":"PENDENTE","isOfficial":true,"rawProperties":{"cd_identificador":6815550,"cd_identificador_original_lote":10676008,"cd_setor_fiscal":"002","cd_tipo_quadra":"F","tx_tipo_quadra":"FISCAL","cd_quadra_fiscal":"059","cd_subquadra_fiscal":null,"cd_condominio":"00","cd_tipo_lote":"M","tx_tipo_lote":"MUNICIPAL","cd_lote":"0001","cd_situacao":1,"cd_digito_sql":null,"cd_logradouro":null,"nm_logradouro_completo":null,"cd_numero_porta":null,"tx_complemento_endereco":null,"tx_situ_lote":null,"cd_tipo_uso_imovel":null,"dc_tipo_uso_imovel":null,"cd_tipo_terreno_imovel":null,"qt_area_terreno":null,"qt_area_construida":null}}},{"type":"Feature","geometry":{"type":"Polygon","coordinates":[[[-46.618223,-23.398217],[-46.618263,-23.398241],[-46.618128,-23.398428],[-46.617997,-23.398619],[-46.617956,-23.398595],[-46.618223,-23.398217]]]},"properties":{"sqlu":"SP-002-811505","inscription":"SP-GEOSAMPA-6811505","inscricaoImobiliaria":"SP-IMO-6811505","setor":"002","quadra":"085","lote":"0073","sourceType":"OFFICIAL_IMPORT","mainAddress":"Setor Fiscal 002","zoneamento":"RESIDENCIAL","statusCadastral":"ATIVO","workflowStatus":"PENDENTE","isOfficial":true,"rawProperties":{"cd_identificador":6811505,"cd_identificador_original_lote":10670565,"cd_setor_fiscal":"002","cd_tipo_quadra":"F","tx_tipo_quadra":"FISCAL","cd_quadra_fiscal":"085","cd_subquadra_fiscal":null,"cd_condominio":"00","cd_tipo_lote":"F","tx_tipo_lote":"FISCAL","cd_lote":"0073","cd_situacao":1,"cd_digito_sql":"1","cd_logradouro":"168700","nm_logradouro_completo":"AV RANGEL PESTANA","cd_numero_porta":"1595","tx_complemento_endereco":null,"tx_situ_lote":"ATIVO","cd_tipo_uso_imovel":"40","dc_tipo_uso_imovel":"Não residencial","cd_tipo_terreno_imovel":1,"qt_area_terreno":275,"qt_area_construida":290}}},{"type":"Feature","geometry":{"type":"Polygon","coordinates":[[[-46.620402,-23.399664],[-46.620512,-23.399708],[-46.620481,-23.399799],[-46.620355,-23.399746],[-46.620392,-23.399682],[-46.620402,-23.399664]]]},"properties":{"sqlu":"SP-002-811498","inscription":"SP-GEOSAMPA-6811498","inscricaoImobiliaria":"SP-IMO-6811498","setor":"002","quadra":"082","lote":"0079","sourceType":"OFFICIAL_IMPORT","mainAddress":"Setor Fiscal 002","zoneamento":"RESIDENCIAL","statusCadastral":"ATIVO","workflowStatus":"PENDENTE","isOfficial":true,"rawProperties":{"cd_identificador":6811498,"cd_identificador_original_lote":10670576,"cd_setor_fiscal":"002","cd_tipo_quadra":"F","tx_tipo_quadra":"FISCAL","cd_quadra_fiscal":"082","cd_subquadra_fiscal":null,"cd_condominio":"00","cd_tipo_lote":"F","tx_tipo_lote":"FISCAL","cd_lote":"0079","cd_situacao":1,"cd_digito_sql":"7","cd_logradouro":"194999","nm_logradouro_completo":"R VASCO DA GAMA","cd_numero_porta":"26","tx_complemento_endereco":"32","tx_situ_lote":"ATIVO","cd_tipo_uso_imovel":"40","dc_tipo_uso_imovel":"Não residencial","cd_tipo_terreno_imovel":1,"qt_area_terreno":166,"qt_area_construida":166}}},{"type":"Feature","geometry":{"type":"Polygon","coordinates":[[[-46.625082,-23.390995],[-46.625221,-23.390947],[-46.625236,-23.390982],[-46.625269,-23.391061],[-46.625281,-23.391089],[-46.625286,-23.3911],[-46.625301,-23.391137],[-46.625305,-23.391146],[-46.625336,-23.391219],[-46.625307,-23.391225],[-46.625277,-23.391231],[-46.625201,-23.391258],[-46.625082,-23.390995]]]},"properties":{"sqlu":"SP-002-815365","inscription":"SP-GEOSAMPA-6815365","inscricaoImobiliaria":"SP-IMO-6815365","setor":"002","quadra":"015","lote":"0001","sourceType":"OFFICIAL_IMPORT","mainAddress":"Setor Fiscal 002","zoneamento":"RESIDENCIAL","statusCadastral":"ATIVO","workflowStatus":"PENDENTE","isOfficial":true,"rawProperties":{"cd_identificador":6815365,"cd_identificador_original_lote":10675906,"cd_setor_fiscal":"002","cd_tipo_quadra":"F","tx_tipo_quadra":"FISCAL","cd_quadra_fiscal":"015","cd_subquadra_fiscal":null,"cd_condominio":"00","cd_tipo_lote":"M","tx_tipo_lote":"MUNICIPAL","cd_lote":"0001","cd_situacao":1,"cd_digito_sql":null,"cd_logradouro":null,"nm_logradouro_completo":null,"cd_numero_porta":null,"tx_complemento_endereco":null,"tx_situ_lote":null,"cd_tipo_uso_imovel":null,"dc_tipo_uso_imovel":null,"cd_tipo_terreno_imovel":null,"qt_area_terreno":null,"qt_area_construida":null}}},{"type":"Feature","geometry":{"type":"Polygon","coordinates":[[[-46.623914,-23.400296],[-46.623866,-23.400431],[-46.623842,-23.4005],[-46.623832,-23.400527],[-46.623821,-23.40056],[-46.623796,-23.40055],[-46.623717,-23.400523],[-46.623724,-23.40051],[-46.623746,-23.40047],[-46.623767,-23.40043],[-46.623789,-23.400388],[-46.62381,-23.40035],[-46.623854,-23.400267],[-46.623914,-23.400296]]]},"properties":{"sqlu":"SP-002-743426","inscription":"SP-GEOSAMPA-2743426","inscricaoImobiliaria":"SP-IMO-2743426","setor":"002","quadra":"080","lote":"0137","sourceType":"OFFICIAL_IMPORT","mainAddress":"Setor Fiscal 002","zoneamento":"RESIDENCIAL","statusCadastral":"ATIVO","workflowStatus":"PENDENTE","isOfficial":true,"rawProperties":{"cd_identificador":2743426,"cd_identificador_original_lote":9163953,"cd_setor_fiscal":"002","cd_tipo_quadra":"F","tx_tipo_quadra":"FISCAL","cd_quadra_fiscal":"080","cd_subquadra_fiscal":null,"cd_condominio":"00","cd_tipo_lote":"F","tx_tipo_lote":"FISCAL","cd_lote":"0137","cd_situacao":1,"cd_digito_sql":"9","cd_logradouro":"132268","nm_logradouro_completo":"R MARIA DOMITILA","cd_numero_porta":"118","tx_complemento_endereco":"E 120","tx_situ_lote":"ATIVO","cd_tipo_uso_imovel":"40","dc_tipo_uso_imovel":"Não residencial","cd_tipo_terreno_imovel":1,"qt_area_terreno":210,"qt_area_construida":200}}},{"type":"Feature","geometry":{"type":"Polygon","coordinates":[[[-46.618656,-23.397313],[-46.61866,-23.397315],[-46.618696,-23.397335],[-46.61872,-23.397349],[-46.618686,-23.397387],[-46.618613,-23.397609],[-46.618459,-23.397573],[-46.618451,-23.397571],[-46.618541,-23.397432],[-46.618563,-23.397445],[-46.618575,-23.397427],[-46.618593,-23.397402],[-46.618609,-23.397379],[-46.618656,-23.397313]]]},"properties":{"sqlu":"SP-002-815512","inscription":"SP-GEOSAMPA-6815512","inscricaoImobiliaria":"SP-IMO-6815512","setor":"002","quadra":"057","lote":"0000","sourceType":"OFFICIAL_IMPORT","mainAddress":"Setor Fiscal 002","zoneamento":"RESIDENCIAL","statusCadastral":"ATIVO","workflowStatus":"PENDENTE","isOfficial":true,"rawProperties":{"cd_identificador":6815512,"cd_identificador_original_lote":10676072,"cd_setor_fiscal":"002","cd_tipo_quadra":"F","tx_tipo_quadra":"FISCAL","cd_quadra_fiscal":"057","cd_subquadra_fiscal":null,"cd_condominio":"01","cd_tipo_lote":"F","tx_tipo_lote":"FISCAL","cd_lote":"0000","cd_situacao":1,"cd_digito_sql":null,"cd_logradouro":"077860","nm_logradouro_completo":"R DO GASOMETRO","cd_numero_porta":"649 655 661","tx_complemento_endereco":null,"tx_situ_lote":null,"cd_tipo_uso_imovel":"XX","dc_tipo_uso_imovel":"Condomínio","cd_tipo_terreno_imovel":99,"qt_area_terreno":290,"qt_area_construida":null}}},{"type":"Feature","geometry":{"type":"Polygon","coordinates":[[[-46.623577,-23.388925],[-46.623506,-23.388938],[-46.623473,-23.388742],[-46.623548,-23.388774],[-46.623556,-23.388827],[-46.623577,-23.388925]]]},"properties":{"sqlu":"SP-002-743522","inscription":"SP-GEOSAMPA-2743522","inscricaoImobiliaria":"SP-IMO-2743522","setor":"002","quadra":"003","lote":"0001","sourceType":"OFFICIAL_IMPORT","mainAddress":"Setor Fiscal 002","zoneamento":"RESIDENCIAL","statusCadastral":"ATIVO","workflowStatus":"PENDENTE","isOfficial":true,"rawProperties":{"cd_identificador":2743522,"cd_identificador_original_lote":9162295,"cd_setor_fiscal":"002","cd_tipo_quadra":"F","tx_tipo_quadra":"FISCAL","cd_quadra_fiscal":"003","cd_subquadra_fiscal":null,"cd_condominio":"00","cd_tipo_lote":"F","tx_tipo_lote":"FISCAL","cd_lote":"0001","cd_situacao":1,"cd_digito_sql":"6","cd_logradouro":"104850","nm_logradouro_completo":"R JOAO TEODORO","cd_numero_porta":"796","tx_complemento_endereco":null,"tx_situ_lote":"ATIVO","cd_tipo_uso_imovel":"60","dc_tipo_uso_imovel":"Não residencial","cd_tipo_terreno_imovel":2,"qt_area_terreno":118,"qt_area_construida":118}}},{"type":"Feature","geometry":{"type":"Polygon","coordinates":[[[-46.6235,-23.400708],[-46.623541,-23.400723],[-46.623598,-23.400745],[-46.623616,-23.400751],[-46.623619,-23.400752],[-46.623662,-23.400769],[-46.623698,-23.400782],[-46.623723,-23.400792],[-46.623745,-23.400799],[-46.623743,-23.400807],[-46.623734,-23.400831],[-46.623724,-23.40086],[-46.623714,-23.400887],[-46.623706,-23.40091],[-46.623699,-23.400929],[-46.623687,-23.400962],[-46.623677,-23.40099],[-46.623669,-23.401012],[-46.623653,-23.401059],[-46.623634,-23.40111],[-46.623548,-23.401353],[-46.623501,-23.401331],[-46.623417,-23.401293],[-46.623346,-23.40126],[-46.62331,-23.401243],[-46.6235,-23.400708]]]},"properties":{"sqlu":"SP-002-813039","inscription":"SP-GEOSAMPA-6813039","inscricaoImobiliaria":"SP-IMO-6813039","setor":"002","quadra":"080","lote":"0000","sourceType":"OFFICIAL_IMPORT","mainAddress":"Setor Fiscal 002","zoneamento":"RESIDENCIAL","statusCadastral":"ATIVO","workflowStatus":"PENDENTE","isOfficial":true,"rawProperties":{"cd_identificador":6813039,"cd_identificador_original_lote":10672805,"cd_setor_fiscal":"002","cd_tipo_quadra":"F","tx_tipo_quadra":"FISCAL","cd_quadra_fiscal":"080","cd_subquadra_fiscal":null,"cd_condominio":"04","cd_tipo_lote":"F","tx_tipo_lote":"FISCAL","cd_lote":"0000","cd_situacao":1,"cd_digito_sql":null,"cd_logradouro":"168700","nm_logradouro_completo":"AV RANGEL PESTANA","cd_numero_porta":"965","tx_complemento_endereco":null,"tx_situ_lote":null,"cd_tipo_uso_imovel":"XX","dc_tipo_uso_imovel":"Condomínio","cd_tipo_terreno_imovel":99,"qt_area_terreno":1703,"qt_area_construida":null}}},{"type":"Feature","geometry":{"type":"Polygon","coordinates":[[[-46.618366,-23.397331],[-46.618541,-23.397432],[-46.618451,-23.397571],[-46.618256,-23.397525],[-46.618254,-23.397496],[-46.618328,-23.397387],[-46.618353,-23.397351],[-46.618366,-23.397331]]]},"properties":{"sqlu":"SP-002-815416","inscription":"SP-GEOSAMPA-6815416","inscricaoImobiliaria":"SP-IMO-6815416","setor":"002","quadra":"057","lote":"0025","sourceType":"OFFICIAL_IMPORT","mainAddress":"Setor Fiscal 002","zoneamento":"RESIDENCIAL","statusCadastral":"ATIVO","workflowStatus":"PENDENTE","isOfficial":true,"rawProperties":{"cd_identificador":6815416,"cd_identificador_original_lote":10676065,"cd_setor_fiscal":"002","cd_tipo_quadra":"F","tx_tipo_quadra":"FISCAL","cd_quadra_fiscal":"057","cd_subquadra_fiscal":null,"cd_condominio":"00","cd_tipo_lote":"F","tx_tipo_lote":"FISCAL","cd_lote":"0025","cd_situacao":1,"cd_digito_sql":"1","cd_logradouro":"077860","nm_logradouro_completo":"R DO GASOMETRO","cd_numero_porta":"665","tx_complemento_endereco":"E 683","tx_situ_lote":"ATIVO","cd_tipo_uso_imovel":"42","dc_tipo_uso_imovel":"Não residencial","cd_tipo_terreno_imovel":2,"qt_area_terreno":620,"qt_area_construida":1100}}},{"type":"Feature","geometry":{"type":"Polygon","coordinates":[[[-46.618366,-23.397331],[-46.618377,-23.397315],[-46.618379,-23.397312],[-46.618575,-23.397427],[-46.618563,-23.397445],[-46.618541,-23.397432],[-46.618366,-23.397331]]]},"properties":{"sqlu":"SP-002-815417","inscription":"SP-GEOSAMPA-6815417","inscricaoImobiliaria":"SP-IMO-6815417","setor":"002","quadra":"057","lote":"0026","sourceType":"OFFICIAL_IMPORT","mainAddress":"Setor Fiscal 002","zoneamento":"RESIDENCIAL","statusCadastral":"ATIVO","workflowStatus":"PENDENTE","isOfficial":true,"rawProperties":{"cd_identificador":6815417,"cd_identificador_original_lote":10676066,"cd_setor_fiscal":"002","cd_tipo_quadra":"F","tx_tipo_quadra":"FISCAL","cd_quadra_fiscal":"057","cd_subquadra_fiscal":null,"cd_condominio":"00","cd_tipo_lote":"F","tx_tipo_lote":"FISCAL","cd_lote":"0026","cd_situacao":1,"cd_digito_sql":"8","cd_logradouro":"053724","nm_logradouro_completo":"R CORREIA DE ANDRADE","cd_numero_porta":"157","tx_complemento_endereco":null,"tx_situ_lote":"ATIVO","cd_tipo_uso_imovel":"40","dc_tipo_uso_imovel":"Não residencial","cd_tipo_terreno_imovel":1,"qt_area_terreno":93,"qt_area_construida":100}}},{"type":"Feature","geometry":{"type":"Polygon","coordinates":[[[-46.62494,-23.388637],[-46.62494,-23.388637],[-46.624821,-23.38835],[-46.624856,-23.388342],[-46.624944,-23.388566],[-46.624956,-23.388595],[-46.624969,-23.388592],[-46.624984,-23.388626],[-46.62494,-23.388637]]]},"properties":{"sqlu":"SP-002-815341","inscription":"SP-GEOSAMPA-6815341","inscricaoImobiliaria":"SP-IMO-6815341","setor":"002","quadra":"001","lote":"0039","sourceType":"OFFICIAL_IMPORT","mainAddress":"Setor Fiscal 002","zoneamento":"RESIDENCIAL","statusCadastral":"ATIVO","workflowStatus":"PENDENTE","isOfficial":true,"rawProperties":{"cd_identificador":6815341,"cd_identificador_original_lote":10675895,"cd_setor_fiscal":"002","cd_tipo_quadra":"F","tx_tipo_quadra":"FISCAL","cd_quadra_fiscal":"001","cd_subquadra_fiscal":null,"cd_condominio":"00","cd_tipo_lote":"F","tx_tipo_lote":"FISCAL","cd_lote":"0039","cd_situacao":1,"cd_digito_sql":"4","cd_logradouro":"104850","nm_logradouro_completo":"R JOAO TEODORO","cd_numero_porta":"650","tx_complemento_endereco":null,"tx_situ_lote":"ATIVO","cd_tipo_uso_imovel":"40","dc_tipo_uso_imovel":"Não residencial","cd_tipo_terreno_imovel":1,"qt_area_terreno":140,"qt_area_construida":321}}},{"type":"Feature","geometry":{"type":"Polygon","coordinates":[[[-46.624821,-23.38835],[-46.62494,-23.388637],[-46.624859,-23.388657],[-46.624843,-23.388619],[-46.624743,-23.38837],[-46.624821,-23.38835]]]},"properties":{"sqlu":"SP-002-815225","inscription":"SP-GEOSAMPA-6815225","inscricaoImobiliaria":"SP-IMO-6815225","setor":"002","quadra":"001","lote":"0145","sourceType":"OFFICIAL_IMPORT","mainAddress":"Setor Fiscal 002","zoneamento":"RESIDENCIAL","statusCadastral":"ATIVO","workflowStatus":"PENDENTE","isOfficial":true,"rawProperties":{"cd_identificador":6815225,"cd_identificador_original_lote":10675897,"cd_setor_fiscal":"002","cd_tipo_quadra":"F","tx_tipo_quadra":"FISCAL","cd_quadra_fiscal":"001","cd_subquadra_fiscal":null,"cd_condominio":"00","cd_tipo_lote":"F","tx_tipo_lote":"FISCAL","cd_lote":"0145","cd_situacao":1,"cd_digito_sql":"5","cd_logradouro":"104850","nm_logradouro_completo":"R JOAO TEODORO","cd_numero_porta":"656","tx_complemento_endereco":"658","tx_situ_lote":"ATIVO","cd_tipo_uso_imovel":"62","dc_tipo_uso_imovel":"Não residencial","cd_tipo_terreno_imovel":1,"qt_area_terreno":280,"qt_area_construida":240}}},{"type":"Feature","geometry":{"type":"Polygon","coordinates":[[[-46.618771,-23.397378],[-46.618778,-23.397368],[-46.618796,-23.397341],[-46.618874,-23.397382],[-46.618892,-23.397392],[-46.61887,-23.397425],[-46.618852,-23.397427],[-46.618795,-23.397412],[-46.618801,-23.397397],[-46.6188,-23.397396],[-46.618771,-23.397378]]]},"properties":{"sqlu":"SP-002-815533","inscription":"SP-GEOSAMPA-6815533","inscricaoImobiliaria":"SP-IMO-6815533","setor":"002","quadra":"057","lote":"0092","sourceType":"OFFICIAL_IMPORT","mainAddress":"Setor Fiscal 002","zoneamento":"RESIDENCIAL","statusCadastral":"ATIVO","workflowStatus":"PENDENTE","isOfficial":true,"rawProperties":{"cd_identificador":6815533,"cd_identificador_original_lote":10676078,"cd_setor_fiscal":"002","cd_tipo_quadra":"F","tx_tipo_quadra":"FISCAL","cd_quadra_fiscal":"057","cd_subquadra_fiscal":null,"cd_condominio":"00","cd_tipo_lote":"F","tx_tipo_lote":"FISCAL","cd_lote":"0092","cd_situacao":1,"cd_digito_sql":"6","cd_logradouro":"177067","nm_logradouro_completo":"R SAMPAIO MOREIRA","cd_numero_porta":"110","tx_complemento_endereco":"CS 35","tx_situ_lote":"ATIVO","cd_tipo_uso_imovel":"10","dc_tipo_uso_imovel":"Residencial","cd_tipo_terreno_imovel":4,"qt_area_terreno":68,"qt_area_construida":70}}},{"type":"Feature","geometry":{"type":"Polygon","coordinates":[[[-46.624743,-23.38837],[-46.624843,-23.388619],[-46.624788,-23.388633],[-46.624776,-23.388606],[-46.624698,-23.38842],[-46.624683,-23.388385],[-46.624743,-23.38837]]]},"properties":{"sqlu":"SP-002-815226","inscription":"SP-GEOSAMPA-6815226","inscricaoImobiliaria":"SP-IMO-6815226","setor":"002","quadra":"001","lote":"0146","sourceType":"OFFICIAL_IMPORT","mainAddress":"Setor Fiscal 002","zoneamento":"RESIDENCIAL","statusCadastral":"ATIVO","workflowStatus":"PENDENTE","isOfficial":true,"rawProperties":{"cd_identificador":6815226,"cd_identificador_original_lote":10675896,"cd_setor_fiscal":"002","cd_tipo_quadra":"F","tx_tipo_quadra":"FISCAL","cd_quadra_fiscal":"001","cd_subquadra_fiscal":null,"cd_condominio":"00","cd_tipo_lote":"F","tx_tipo_lote":"FISCAL","cd_lote":"0146","cd_situacao":1,"cd_digito_sql":"3","cd_logradouro":"104850","nm_logradouro_completo":"R JOAO TEODORO","cd_numero_porta":"666","tx_complemento_endereco":null,"tx_situ_lote":"ATIVO","cd_tipo_uso_imovel":"80","dc_tipo_uso_imovel":"Não residencial","cd_tipo_terreno_imovel":1,"qt_area_terreno":180,"qt_area_construida":525}}},{"type":"Feature","geometry":{"type":"Polygon","coordinates":[[[-46.618396,-23.397286],[-46.618416,-23.397258],[-46.618418,-23.397255],[-46.618613,-23.397374],[-46.618609,-23.397379],[-46.618593,-23.397402],[-46.618396,-23.397286]]]},"properties":{"sqlu":"SP-002-815497","inscription":"SP-GEOSAMPA-6815497","inscricaoImobiliaria":"SP-IMO-6815497","setor":"002","quadra":"057","lote":"0028","sourceType":"OFFICIAL_IMPORT","mainAddress":"Setor Fiscal 002","zoneamento":"RESIDENCIAL","statusCadastral":"ATIVO","workflowStatus":"PENDENTE","isOfficial":true,"rawProperties":{"cd_identificador":6815497,"cd_identificador_original_lote":10676068,"cd_setor_fiscal":"002","cd_tipo_quadra":"F","tx_tipo_quadra":"FISCAL","cd_quadra_fiscal":"057","cd_subquadra_fiscal":null,"cd_condominio":"00","cd_tipo_lote":"F","tx_tipo_lote":"FISCAL","cd_lote":"0028","cd_situacao":1,"cd_digito_sql":"4","cd_logradouro":"053724","nm_logradouro_completo":"R CORREIA DE ANDRADE","cd_numero_porta":"163","tx_complemento_endereco":null,"tx_situ_lote":"ATIVO","cd_tipo_uso_imovel":"40","dc_tipo_uso_imovel":"Não residencial","cd_tipo_terreno_imovel":1,"qt_area_terreno":212,"qt_area_construida":180}}},{"type":"Feature","geometry":{"type":"Polygon","coordinates":[[[-46.618379,-23.397312],[-46.618396,-23.397286],[-46.618593,-23.397402],[-46.618575,-23.397427],[-46.618379,-23.397312]]]},"properties":{"sqlu":"SP-002-815526","inscription":"SP-GEOSAMPA-6815526","inscricaoImobiliaria":"SP-IMO-6815526","setor":"002","quadra":"057","lote":"0027","sourceType":"OFFICIAL_IMPORT","mainAddress":"Setor Fiscal 002","zoneamento":"RESIDENCIAL","statusCadastral":"ATIVO","workflowStatus":"PENDENTE","isOfficial":true,"rawProperties":{"cd_identificador":6815526,"cd_identificador_original_lote":10676067,"cd_setor_fiscal":"002","cd_tipo_quadra":"F","tx_tipo_quadra":"FISCAL","cd_quadra_fiscal":"057","cd_subquadra_fiscal":null,"cd_condominio":"00","cd_tipo_lote":"F","tx_tipo_lote":"FISCAL","cd_lote":"0027","cd_situacao":1,"cd_digito_sql":"6","cd_logradouro":"053724","nm_logradouro_completo":"R CORREIA DE ANDRADE","cd_numero_porta":"161","tx_complemento_endereco":null,"tx_situ_lote":"ATIVO","cd_tipo_uso_imovel":"40","dc_tipo_uso_imovel":"Não residencial","cd_tipo_terreno_imovel":1,"qt_area_terreno":205,"qt_area_construida":120}}},{"type":"Feature","geometry":{"type":"Polygon","coordinates":[[[-46.618428,-23.39724],[-46.618436,-23.397227],[-46.618439,-23.397224],[-46.618637,-23.39734],[-46.618625,-23.397357],[-46.618428,-23.39724]]]},"properties":{"sqlu":"SP-002-815534","inscription":"SP-GEOSAMPA-6815534","inscricaoImobiliaria":"SP-IMO-6815534","setor":"002","quadra":"057","lote":"0030","sourceType":"OFFICIAL_IMPORT","mainAddress":"Setor Fiscal 002","zoneamento":"RESIDENCIAL","statusCadastral":"ATIVO","workflowStatus":"PENDENTE","isOfficial":true,"rawProperties":{"cd_identificador":6815534,"cd_identificador_original_lote":10676070,"cd_setor_fiscal":"002","cd_tipo_quadra":"F","tx_tipo_quadra":"FISCAL","cd_quadra_fiscal":"057","cd_subquadra_fiscal":null,"cd_condominio":"00","cd_tipo_lote":"F","tx_tipo_lote":"FISCAL","cd_lote":"0030","cd_situacao":1,"cd_digito_sql":"6","cd_logradouro":"053724","nm_logradouro_completo":"R CORREIA DE ANDRADE","cd_numero_porta":"169","tx_complemento_endereco":null,"tx_situ_lote":"ATIVO","cd_tipo_uso_imovel":"40","dc_tipo_uso_imovel":"Não residencial","cd_tipo_terreno_imovel":1,"qt_area_terreno":90,"qt_area_construida":98}}},{"type":"Feature","geometry":{"type":"Polygon","coordinates":[[[-46.618823,-23.397301],[-46.618846,-23.397266],[-46.618984,-23.397346],[-46.618967,-23.397385],[-46.618823,-23.397301]]]},"properties":{"sqlu":"SP-002-815690","inscription":"SP-GEOSAMPA-6815690","inscricaoImobiliaria":"SP-IMO-6815690","setor":"002","quadra":"057","lote":"0090","sourceType":"OFFICIAL_IMPORT","mainAddress":"Setor Fiscal 002","zoneamento":"RESIDENCIAL","statusCadastral":"ATIVO","workflowStatus":"PENDENTE","isOfficial":true,"rawProperties":{"cd_identificador":6815690,"cd_identificador_original_lote":10676080,"cd_setor_fiscal":"002","cd_tipo_quadra":"F","tx_tipo_quadra":"FISCAL","cd_quadra_fiscal":"057","cd_subquadra_fiscal":null,"cd_condominio":"00","cd_tipo_lote":"F","tx_tipo_lote":"FISCAL","cd_lote":"0090","cd_situacao":1,"cd_digito_sql":"1","cd_logradouro":"177067","nm_logradouro_completo":"R SAMPAIO MOREIRA","cd_numero_porta":"110","tx_complemento_endereco":"CS 31","tx_situ_lote":"ATIVO","cd_tipo_uso_imovel":"10","dc_tipo_uso_imovel":"Residencial","cd_tipo_terreno_imovel":4,"qt_area_terreno":73,"qt_area_construida":70}}},{"type":"Feature","geometry":{"type":"Polygon","coordinates":[[[-46.618418,-23.397255],[-46.618428,-23.39724],[-46.618625,-23.397357],[-46.618613,-23.397374],[-46.618418,-23.397255]]]},"properties":{"sqlu":"SP-002-815724","inscription":"SP-GEOSAMPA-6815724","inscricaoImobiliaria":"SP-IMO-6815724","setor":"002","quadra":"057","lote":"0029","sourceType":"OFFICIAL_IMPORT","mainAddress":"Setor Fiscal 002","zoneamento":"RESIDENCIAL","statusCadastral":"ATIVO","workflowStatus":"PENDENTE","isOfficial":true,"rawProperties":{"cd_identificador":6815724,"cd_identificador_original_lote":10676069,"cd_setor_fiscal":"002","cd_tipo_quadra":"F","tx_tipo_quadra":"FISCAL","cd_quadra_fiscal":"057","cd_subquadra_fiscal":null,"cd_condominio":"00","cd_tipo_lote":"F","tx_tipo_lote":"FISCAL","cd_lote":"0029","cd_situacao":1,"cd_digito_sql":"2","cd_logradouro":"053724","nm_logradouro_completo":"R CORREIA DE ANDRADE","cd_numero_porta":"167","tx_complemento_endereco":null,"tx_situ_lote":"ATIVO","cd_tipo_uso_imovel":"40","dc_tipo_uso_imovel":"Não residencial","cd_tipo_terreno_imovel":1,"qt_area_terreno":82,"qt_area_construida":90}}},{"type":"Feature","geometry":{"type":"Polygon","coordinates":[[[-46.618795,-23.397412],[-46.618852,-23.397427],[-46.61887,-23.397425],[-46.618892,-23.397392],[-46.618959,-23.397405],[-46.618954,-23.397425],[-46.618946,-23.397452],[-46.618907,-23.397439],[-46.618904,-23.397438],[-46.618867,-23.397572],[-46.61881,-23.397559],[-46.618781,-23.397649],[-46.618781,-23.397649],[-46.618725,-23.397636],[-46.618724,-23.397635],[-46.618787,-23.397439],[-46.618795,-23.397412]]]},"properties":{"sqlu":"SP-002-815719","inscription":"SP-GEOSAMPA-6815719","inscricaoImobiliaria":"SP-IMO-6815719","setor":"002","quadra":"057","lote":"0000","sourceType":"OFFICIAL_IMPORT","mainAddress":"Setor Fiscal 002","zoneamento":"RESIDENCIAL","statusCadastral":"ATIVO","workflowStatus":"PENDENTE","isOfficial":true,"rawProperties":{"cd_identificador":6815719,"cd_identificador_original_lote":10676075,"cd_setor_fiscal":"002","cd_tipo_quadra":"F","tx_tipo_quadra":"FISCAL","cd_quadra_fiscal":"057","cd_subquadra_fiscal":null,"cd_condominio":"02","cd_tipo_lote":"F","tx_tipo_lote":"FISCAL","cd_lote":"0000","cd_situacao":1,"cd_digito_sql":null,"cd_logradouro":"077860","nm_logradouro_completo":"R DO GASOMETRO","cd_numero_porta":"631 635","tx_complemento_endereco":null,"tx_situ_lote":null,"cd_tipo_uso_imovel":"XX","dc_tipo_uso_imovel":"Condomínio","cd_tipo_terreno_imovel":99,"qt_area_terreno":164,"qt_area_construida":null}}},{"type":"Feature","geometry":{"type":"Polygon","coordinates":[[[-46.631284,-23.402533],[-46.630942,-23.402393],[-46.630883,-23.402369],[-46.631074,-23.401946],[-46.63149,-23.402108],[-46.631284,-23.402533]]]},"properties":{"sqlu":"SP-002-815722","inscription":"SP-GEOSAMPA-6815722","inscricaoImobiliaria":"SP-IMO-6815722","setor":"002","quadra":"059","lote":"0054","sourceType":"OFFICIAL_IMPORT","mainAddress":"Setor Fiscal 002","zoneamento":"RESIDENCIAL","statusCadastral":"ATIVO","workflowStatus":"PENDENTE","isOfficial":true,"rawProperties":{"cd_identificador":6815722,"cd_identificador_original_lote":10676009,"cd_setor_fiscal":"002","cd_tipo_quadra":"F","tx_tipo_quadra":"FISCAL","cd_quadra_fiscal":"059","cd_subquadra_fiscal":null,"cd_condominio":"00","cd_tipo_lote":"F","tx_tipo_lote":"FISCAL","cd_lote":"0054","cd_situacao":1,"cd_digito_sql":"2","cd_logradouro":"204188","nm_logradouro_completo":"PT DO COLEGIO","cd_numero_porta":"34","tx_complemento_endereco":null,"tx_situ_lote":"ATIVO","cd_tipo_uso_imovel":"72","dc_tipo_uso_imovel":"Não residencial","cd_tipo_terreno_imovel":2,"qt_area_terreno":2805,"qt_area_construida":1200}}},{"type":"Feature","geometry":{"type":"Polygon","coordinates":[[[-46.618867,-23.397572],[-46.618904,-23.397438],[-46.618907,-23.397439],[-46.618946,-23.397452],[-46.618882,-23.397673],[-46.618842,-23.397663],[-46.618867,-23.397572]]]},"properties":{"sqlu":"SP-002-815582","inscription":"SP-GEOSAMPA-6815582","inscricaoImobiliaria":"SP-IMO-6815582","setor":"002","quadra":"057","lote":"0019","sourceType":"OFFICIAL_IMPORT","mainAddress":"Setor Fiscal 002","zoneamento":"RESIDENCIAL","statusCadastral":"ATIVO","workflowStatus":"PENDENTE","isOfficial":true,"rawProperties":{"cd_identificador":6815582,"cd_identificador_original_lote":10676077,"cd_setor_fiscal":"002","cd_tipo_quadra":"F","tx_tipo_quadra":"FISCAL","cd_quadra_fiscal":"057","cd_subquadra_fiscal":null,"cd_condominio":"00","cd_tipo_lote":"F","tx_tipo_lote":"FISCAL","cd_lote":"0019","cd_situacao":1,"cd_digito_sql":"5","cd_logradouro":"077860","nm_logradouro_completo":"R DO GASOMETRO","cd_numero_porta":"621","tx_complemento_endereco":null,"tx_situ_lote":"ATIVO","cd_tipo_uso_imovel":"40","dc_tipo_uso_imovel":"Não residencial","cd_tipo_terreno_imovel":1,"qt_area_terreno":129,"qt_area_construida":80}}},{"type":"Feature","geometry":{"type":"Polygon","coordinates":[[[-46.618752,-23.397367],[-46.618755,-23.397369],[-46.618771,-23.397378],[-46.618801,-23.397397],[-46.618795,-23.397412],[-46.618787,-23.397439],[-46.618724,-23.397635],[-46.618673,-23.397623],[-46.61867,-23.397622],[-46.618733,-23.397424],[-46.618752,-23.397367]]]},"properties":{"sqlu":"SP-002-815715","inscription":"SP-GEOSAMPA-6815715","inscricaoImobiliaria":"SP-IMO-6815715","setor":"002","quadra":"057","lote":"0022","sourceType":"OFFICIAL_IMPORT","mainAddress":"Setor Fiscal 002","zoneamento":"RESIDENCIAL","statusCadastral":"ATIVO","workflowStatus":"PENDENTE","isOfficial":true,"rawProperties":{"cd_identificador":6815715,"cd_identificador_original_lote":10676074,"cd_setor_fiscal":"002","cd_tipo_quadra":"F","tx_tipo_quadra":"FISCAL","cd_quadra_fiscal":"057","cd_subquadra_fiscal":null,"cd_condominio":"00","cd_tipo_lote":"F","tx_tipo_lote":"FISCAL","cd_lote":"0022","cd_situacao":1,"cd_digito_sql":"5","cd_logradouro":"077860","nm_logradouro_completo":"R DO GASOMETRO","cd_numero_porta":"637","tx_complemento_endereco":"E 639","tx_situ_lote":"ATIVO","cd_tipo_uso_imovel":"12","dc_tipo_uso_imovel":"Residencial","cd_tipo_terreno_imovel":1,"qt_area_terreno":171,"qt_area_construida":130}}},{"type":"Feature","geometry":{"type":"Polygon","coordinates":[[[-46.623279,-23.397043],[-46.62325,-23.397128],[-46.623236,-23.397171],[-46.623173,-23.397156],[-46.623179,-23.397146],[-46.623149,-23.397135],[-46.623229,-23.396894],[-46.623321,-23.396917],[-46.623307,-23.396959],[-46.623292,-23.397003],[-46.623279,-23.397043]]]},"properties":{"sqlu":"SP-002-815577","inscription":"SP-GEOSAMPA-6815577","inscricaoImobiliaria":"SP-IMO-6815577","setor":"002","quadra":"046","lote":"0055","sourceType":"OFFICIAL_IMPORT","mainAddress":"Setor Fiscal 002","zoneamento":"RESIDENCIAL","statusCadastral":"ATIVO","workflowStatus":"PENDENTE","isOfficial":true,"rawProperties":{"cd_identificador":6815577,"cd_identificador_original_lote":10676000,"cd_setor_fiscal":"002","cd_tipo_quadra":"F","tx_tipo_quadra":"FISCAL","cd_quadra_fiscal":"046","cd_subquadra_fiscal":null,"cd_condominio":"00","cd_tipo_lote":"F","tx_tipo_lote":"FISCAL","cd_lote":"0055","cd_situacao":1,"cd_digito_sql":"3","cd_logradouro":"008699","nm_logradouro_completo":"R POLIGNANO A MARE","cd_numero_porta":"214","tx_complemento_endereco":"212","tx_situ_lote":"ATIVO","cd_tipo_uso_imovel":"40","dc_tipo_uso_imovel":"Não residencial","cd_tipo_terreno_imovel":1,"qt_area_terreno":291,"qt_area_construida":292}}},{"type":"Feature","geometry":{"type":"Polygon","coordinates":[[[-46.61872,-23.397349],[-46.618752,-23.397367],[-46.618733,-23.397424],[-46.61867,-23.397622],[-46.61862,-23.397611],[-46.618613,-23.397609],[-46.618686,-23.397387],[-46.61872,-23.397349]]]},"properties":{"sqlu":"SP-002-815578","inscription":"SP-GEOSAMPA-6815578","inscricaoImobiliaria":"SP-IMO-6815578","setor":"002","quadra":"057","lote":"0023","sourceType":"OFFICIAL_IMPORT","mainAddress":"Setor Fiscal 002","zoneamento":"RESIDENCIAL","statusCadastral":"ATIVO","workflowStatus":"PENDENTE","isOfficial":true,"rawProperties":{"cd_identificador":6815578,"cd_identificador_original_lote":10676073,"cd_setor_fiscal":"002","cd_tipo_quadra":"F","tx_tipo_quadra":"FISCAL","cd_quadra_fiscal":"057","cd_subquadra_fiscal":null,"cd_condominio":"00","cd_tipo_lote":"F","tx_tipo_lote":"FISCAL","cd_lote":"0023","cd_situacao":1,"cd_digito_sql":"3","cd_logradouro":"077860","nm_logradouro_completo":"R DO GASOMETRO","cd_numero_porta":"641","tx_complemento_endereco":"645","tx_situ_lote":"ATIVO","cd_tipo_uso_imovel":"84","dc_tipo_uso_imovel":"Não residencial","cd_tipo_terreno_imovel":1,"qt_area_terreno":178,"qt_area_construida":455}}},{"type":"Feature","geometry":{"type":"Polygon","coordinates":[[[-46.618867,-23.397572],[-46.618842,-23.397663],[-46.618781,-23.397649],[-46.61881,-23.397559],[-46.618867,-23.397572]]]},"properties":{"sqlu":"SP-002-815581","inscription":"SP-GEOSAMPA-6815581","inscricaoImobiliaria":"SP-IMO-6815581","setor":"002","quadra":"057","lote":"0020","sourceType":"OFFICIAL_IMPORT","mainAddress":"Setor Fiscal 002","zoneamento":"RESIDENCIAL","statusCadastral":"ATIVO","workflowStatus":"PENDENTE","isOfficial":true,"rawProperties":{"cd_identificador":6815581,"cd_identificador_original_lote":10676076,"cd_setor_fiscal":"002","cd_tipo_quadra":"F","tx_tipo_quadra":"FISCAL","cd_quadra_fiscal":"057","cd_subquadra_fiscal":null,"cd_condominio":"00","cd_tipo_lote":"F","tx_tipo_lote":"FISCAL","cd_lote":"0020","cd_situacao":1,"cd_digito_sql":"9","cd_logradouro":"077860","nm_logradouro_completo":"R DO GASOMETRO","cd_numero_porta":"625","tx_complemento_endereco":"E 629","tx_situ_lote":"ATIVO","cd_tipo_uso_imovel":"12","dc_tipo_uso_imovel":"Residencial","cd_tipo_terreno_imovel":1,"qt_area_terreno":65,"qt_area_construida":90}}},{"type":"Feature","geometry":{"type":"Polygon","coordinates":[[[-46.630485,-23.402403],[-46.630669,-23.402467],[-46.630704,-23.40248],[-46.630897,-23.40255],[-46.630863,-23.402672],[-46.63085,-23.402719],[-46.630573,-23.402619],[-46.630438,-23.402571],[-46.630485,-23.402403]]]},"properties":{"sqlu":"SP-002-815696","inscription":"SP-GEOSAMPA-6815696","inscricaoImobiliaria":"SP-IMO-6815696","setor":"002","quadra":"059","lote":"0052","sourceType":"OFFICIAL_IMPORT","mainAddress":"Setor Fiscal 002","zoneamento":"RESIDENCIAL","statusCadastral":"ATIVO","workflowStatus":"PENDENTE","isOfficial":true,"rawProperties":{"cd_identificador":6815696,"cd_identificador_original_lote":10676010,"cd_setor_fiscal":"002","cd_tipo_quadra":"F","tx_tipo_quadra":"FISCAL","cd_quadra_fiscal":"059","cd_subquadra_fiscal":null,"cd_condominio":"00","cd_tipo_lote":"F","tx_tipo_lote":"FISCAL","cd_lote":"0052","cd_situacao":1,"cd_digito_sql":"6","cd_logradouro":"204188","nm_logradouro_completo":"PT DO COLEGIO","cd_numero_porta":"1","tx_complemento_endereco":null,"tx_situ_lote":"ATIVO","cd_tipo_uso_imovel":"31","dc_tipo_uso_imovel":"Não residencial","cd_tipo_terreno_imovel":1,"qt_area_terreno":846,"qt_area_construida":1770}}},{"type":"Feature","geometry":{"type":"Polygon","coordinates":[[[-46.630075,-23.402684],[-46.630097,-23.402635],[-46.630111,-23.402605],[-46.630171,-23.402474],[-46.630193,-23.402482],[-46.630217,-23.402491],[-46.63041,-23.402561],[-46.630458,-23.402578],[-46.630573,-23.402619],[-46.63085,-23.402719],[-46.630788,-23.402939],[-46.630741,-23.402931],[-46.630685,-23.402914],[-46.630665,-23.402909],[-46.630657,-23.402906],[-46.630631,-23.402899],[-46.630572,-23.402882],[-46.630563,-23.40288],[-46.630503,-23.402862],[-46.630448,-23.402839],[-46.630351,-23.402798],[-46.630312,-23.402781],[-46.6303,-23.402776],[-46.630075,-23.402684]]]},"properties":{"sqlu":"SP-002-817199","inscription":"SP-GEOSAMPA-6817199","inscricaoImobiliaria":"SP-IMO-6817199","setor":"002","quadra":"059","lote":"0051","sourceType":"OFFICIAL_IMPORT","mainAddress":"Setor Fiscal 002","zoneamento":"RESIDENCIAL","statusCadastral":"ATIVO","workflowStatus":"PENDENTE","isOfficial":true,"rawProperties":{"cd_identificador":6817199,"cd_identificador_original_lote":9164113,"cd_setor_fiscal":"002","cd_tipo_quadra":"F","tx_tipo_quadra":"FISCAL","cd_quadra_fiscal":"059","cd_subquadra_fiscal":null,"cd_condominio":"00","cd_tipo_lote":"F","tx_tipo_lote":"FISCAL","cd_lote":"0051","cd_situacao":1,"cd_digito_sql":"8","cd_logradouro":"172260","nm_logradouro_completo":"R ROBERTO SIMONSEN","cd_numero_porta":"126","tx_complemento_endereco":"E 136","tx_situ_lote":"ATIVO","cd_tipo_uso_imovel":"31","dc_tipo_uso_imovel":"Não residencial","cd_tipo_terreno_imovel":1,"qt_area_terreno":1876,"qt_area_construida":2620}}},{"type":"Feature","geometry":{"type":"Polygon","coordinates":[[[-46.630075,-23.402684],[-46.6303,-23.402776],[-46.630273,-23.402869],[-46.630263,-23.402902],[-46.630251,-23.402944],[-46.630243,-23.402973],[-46.630208,-23.402969],[-46.629981,-23.40289],[-46.630075,-23.402684]]]},"properties":{"sqlu":"SP-002-817200","inscription":"SP-GEOSAMPA-6817200","inscricaoImobiliaria":"SP-IMO-6817200","setor":"002","quadra":"059","lote":"0039","sourceType":"OFFICIAL_IMPORT","mainAddress":"Setor Fiscal 002","zoneamento":"RESIDENCIAL","statusCadastral":"ATIVO","workflowStatus":"PENDENTE","isOfficial":true,"rawProperties":{"cd_identificador":6817200,"cd_identificador_original_lote":9164122,"cd_setor_fiscal":"002","cd_tipo_quadra":"F","tx_tipo_quadra":"FISCAL","cd_quadra_fiscal":"059","cd_subquadra_fiscal":null,"cd_condominio":"00","cd_tipo_lote":"F","tx_tipo_lote":"FISCAL","cd_lote":"0039","cd_situacao":1,"cd_digito_sql":"9","cd_logradouro":"033871","nm_logradouro_completo":"R DR BETTENCOURT RODRIGUES","cd_numero_porta":"155","tx_complemento_endereco":null,"tx_situ_lote":"ATIVO","cd_tipo_uso_imovel":"31","dc_tipo_uso_imovel":"Não residencial","cd_tipo_terreno_imovel":1,"qt_area_terreno":679,"qt_area_construida":4930}}},{"type":"Feature","geometry":{"type":"Polygon","coordinates":[[[-46.624632,-23.388397],[-46.624646,-23.388394],[-46.624683,-23.388385],[-46.624698,-23.38842],[-46.624776,-23.388606],[-46.624788,-23.388633],[-46.624769,-23.388638],[-46.624716,-23.388652],[-46.624705,-23.388629],[-46.624723,-23.388622],[-46.624632,-23.388397]]]},"properties":{"sqlu":"SP-002-817264","inscription":"SP-GEOSAMPA-6817264","inscricaoImobiliaria":"SP-IMO-6817264","setor":"002","quadra":"001","lote":"0043","sourceType":"OFFICIAL_IMPORT","mainAddress":"Setor Fiscal 002","zoneamento":"RESIDENCIAL","statusCadastral":"ATIVO","workflowStatus":"PENDENTE","isOfficial":true,"rawProperties":{"cd_identificador":6817264,"cd_identificador_original_lote":9162458,"cd_setor_fiscal":"002","cd_tipo_quadra":"F","tx_tipo_quadra":"FISCAL","cd_quadra_fiscal":"001","cd_subquadra_fiscal":null,"cd_condominio":"00","cd_tipo_lote":"F","tx_tipo_lote":"FISCAL","cd_lote":"0043","cd_situacao":1,"cd_digito_sql":"2","cd_logradouro":"104850","nm_logradouro_completo":"R JOAO TEODORO","cd_numero_porta":"668","tx_complemento_endereco":"E 670","tx_situ_lote":"ATIVO","cd_tipo_uso_imovel":"43","dc_tipo_uso_imovel":"Não residencial","cd_tipo_terreno_imovel":1,"qt_area_terreno":180,"qt_area_construida":328}}},{"type":"Feature","geometry":{"type":"Polygon","coordinates":[[[-46.624632,-23.388397],[-46.624723,-23.388622],[-46.624705,-23.388629],[-46.624716,-23.388652],[-46.62468,-23.388662],[-46.624662,-23.388619],[-46.624647,-23.388584],[-46.624633,-23.388549],[-46.624576,-23.38841],[-46.624632,-23.388397]]]},"properties":{"sqlu":"SP-002-817265","inscription":"SP-GEOSAMPA-6817265","inscricaoImobiliaria":"SP-IMO-6817265","setor":"002","quadra":"001","lote":"0044","sourceType":"OFFICIAL_IMPORT","mainAddress":"Setor Fiscal 002","zoneamento":"RESIDENCIAL","statusCadastral":"ATIVO","workflowStatus":"PENDENTE","isOfficial":true,"rawProperties":{"cd_identificador":6817265,"cd_identificador_original_lote":9162459,"cd_setor_fiscal":"002","cd_tipo_quadra":"F","tx_tipo_quadra":"FISCAL","cd_quadra_fiscal":"001","cd_subquadra_fiscal":null,"cd_condominio":"00","cd_tipo_lote":"F","tx_tipo_lote":"FISCAL","cd_lote":"0044","cd_situacao":1,"cd_digito_sql":"0","cd_logradouro":"104850","nm_logradouro_completo":"R JOAO TEODORO","cd_numero_porta":"674","tx_complemento_endereco":null,"tx_situ_lote":"ATIVO","cd_tipo_uso_imovel":"42","dc_tipo_uso_imovel":"Não residencial","cd_tipo_terreno_imovel":1,"qt_area_terreno":200,"qt_area_construida":150}}},{"type":"Feature","geometry":{"type":"Polygon","coordinates":[[[-46.625283,-23.39074],[-46.625337,-23.390861],[-46.625291,-23.390878],[-46.625237,-23.390758],[-46.625283,-23.39074]]]},"properties":{"sqlu":"SP-002-817269","inscription":"SP-GEOSAMPA-6817269","inscricaoImobiliaria":"SP-IMO-6817269","setor":"002","quadra":"014","lote":"0020","sourceType":"OFFICIAL_IMPORT","mainAddress":"Setor Fiscal 002","zoneamento":"RESIDENCIAL","statusCadastral":"ATIVO","workflowStatus":"PENDENTE","isOfficial":true,"rawProperties":{"cd_identificador":6817269,"cd_identificador_original_lote":9163470,"cd_setor_fiscal":"002","cd_tipo_quadra":"F","tx_tipo_quadra":"FISCAL","cd_quadra_fiscal":"014","cd_subquadra_fiscal":null,"cd_condominio":"00","cd_tipo_lote":"F","tx_tipo_lote":"FISCAL","cd_lote":"0020","cd_situacao":1,"cd_digito_sql":"0","cd_logradouro":"117480","nm_logradouro_completo":"R DOS CANTORES","cd_numero_porta":"11","tx_complemento_endereco":null,"tx_situ_lote":"ATIVO","cd_tipo_uso_imovel":"10","dc_tipo_uso_imovel":"Residencial","cd_tipo_terreno_imovel":1,"qt_area_terreno":70,"qt_area_construida":50}}},{"type":"Feature","geometry":{"type":"Polygon","coordinates":[[[-46.624484,-23.388595],[-46.624427,-23.38846],[-46.624432,-23.388449],[-46.624437,-23.388441],[-46.624511,-23.388424],[-46.624568,-23.388569],[-46.624484,-23.388595]]]},"properties":{"sqlu":"SP-002-816861","inscription":"SP-GEOSAMPA-6816861","inscricaoImobiliaria":"SP-IMO-6816861","setor":"002","quadra":"001","lote":"0046","sourceType":"OFFICIAL_IMPORT","mainAddress":"Setor Fiscal 002","zoneamento":"RESIDENCIAL","statusCadastral":"ATIVO","workflowStatus":"PENDENTE","isOfficial":true,"rawProperties":{"cd_identificador":6816861,"cd_identificador_original_lote":9162461,"cd_setor_fiscal":"002","cd_tipo_quadra":"F","tx_tipo_quadra":"FISCAL","cd_quadra_fiscal":"001","cd_subquadra_fiscal":null,"cd_condominio":"00","cd_tipo_lote":"F","tx_tipo_lote":"FISCAL","cd_lote":"0046","cd_situacao":1,"cd_digito_sql":"7","cd_logradouro":"104850","nm_logradouro_completo":"R JOAO TEODORO","cd_numero_porta":"688","tx_complemento_endereco":"E 690","tx_situ_lote":"ATIVO","cd_tipo_uso_imovel":"22","dc_tipo_uso_imovel":"Residencial","cd_tipo_terreno_imovel":2,"qt_area_terreno":166,"qt_area_construida":496}}},{"type":"Feature","geometry":{"type":"Polygon","coordinates":[[[-46.625286,-23.3911],[-46.625329,-23.391084],[-46.625383,-23.391202],[-46.625336,-23.391219],[-46.625305,-23.391146],[-46.625301,-23.391137],[-46.625286,-23.3911]]]},"properties":{"sqlu":"SP-002-816795","inscription":"SP-GEOSAMPA-6816795","inscricaoImobiliaria":"SP-IMO-6816795","setor":"002","quadra":"015","lote":"0022","sourceType":"OFFICIAL_IMPORT","mainAddress":"Setor Fiscal 002","zoneamento":"RESIDENCIAL","statusCadastral":"ATIVO","workflowStatus":"PENDENTE","isOfficial":true,"rawProperties":{"cd_identificador":6816795,"cd_identificador_original_lote":9162908,"cd_setor_fiscal":"002","cd_tipo_quadra":"F","tx_tipo_quadra":"FISCAL","cd_quadra_fiscal":"015","cd_subquadra_fiscal":null,"cd_condominio":"00","cd_tipo_lote":"F","tx_tipo_lote":"FISCAL","cd_lote":"0022","cd_situacao":1,"cd_digito_sql":"1","cd_logradouro":"050644","nm_logradouro_completo":"R DR CLAUDIO DE SOUSA","cd_numero_porta":"27","tx_complemento_endereco":null,"tx_situ_lote":"ATIVO","cd_tipo_uso_imovel":"10","dc_tipo_uso_imovel":"Residencial","cd_tipo_terreno_imovel":1,"qt_area_terreno":73,"qt_area_construida":50}}},{"type":"Feature","geometry":{"type":"Polygon","coordinates":[[[-46.620869,-23.394743],[-46.620819,-23.394727],[-46.620859,-23.39462],[-46.620908,-23.394637],[-46.620883,-23.394705],[-46.620876,-23.394723],[-46.620869,-23.394743]]]},"properties":{"sqlu":"SP-002-743739","inscription":"SP-GEOSAMPA-2743739","inscricaoImobiliaria":"SP-IMO-2743739","setor":"002","quadra":"043","lote":"0001","sourceType":"OFFICIAL_IMPORT","mainAddress":"Setor Fiscal 002","zoneamento":"RESIDENCIAL","statusCadastral":"ATIVO","workflowStatus":"PENDENTE","isOfficial":true,"rawProperties":{"cd_identificador":2743739,"cd_identificador_original_lote":9163357,"cd_setor_fiscal":"002","cd_tipo_quadra":"F","tx_tipo_quadra":"FISCAL","cd_quadra_fiscal":"043","cd_subquadra_fiscal":null,"cd_condominio":"00","cd_tipo_lote":"F","tx_tipo_lote":"FISCAL","cd_lote":"0001","cd_situacao":1,"cd_digito_sql":"0","cd_logradouro":"031984","nm_logradouro_completo":"R BENJAMIM DE OLIVEIRA","cd_numero_porta":"486","tx_complemento_endereco":null,"tx_situ_lote":"ATIVO","cd_tipo_uso_imovel":"40","dc_tipo_uso_imovel":"Não residencial","cd_tipo_terreno_imovel":1,"qt_area_terreno":64,"qt_area_construida":78}}},{"type":"Feature","geometry":{"type":"Polygon","coordinates":[[[-46.625237,-23.390758],[-46.625291,-23.390878],[-46.625246,-23.390894],[-46.625192,-23.390774],[-46.625237,-23.390758]]]},"properties":{"sqlu":"SP-002-816792","inscription":"SP-GEOSAMPA-6816792","inscricaoImobiliaria":"SP-IMO-6816792","setor":"002","quadra":"014","lote":"0021","sourceType":"OFFICIAL_IMPORT","mainAddress":"Setor Fiscal 002","zoneamento":"RESIDENCIAL","statusCadastral":"ATIVO","workflowStatus":"PENDENTE","isOfficial":true,"rawProperties":{"cd_identificador":6816792,"cd_identificador_original_lote":9163469,"cd_setor_fiscal":"002","cd_tipo_quadra":"F","tx_tipo_quadra":"FISCAL","cd_quadra_fiscal":"014","cd_subquadra_fiscal":null,"cd_condominio":"00","cd_tipo_lote":"F","tx_tipo_lote":"FISCAL","cd_lote":"0021","cd_situacao":1,"cd_digito_sql":"9","cd_logradouro":"117480","nm_logradouro_completo":"R DOS CANTORES","cd_numero_porta":"13","tx_complemento_endereco":null,"tx_situ_lote":"ATIVO","cd_tipo_uso_imovel":"10","dc_tipo_uso_imovel":"Residencial","cd_tipo_terreno_imovel":1,"qt_area_terreno":70,"qt_area_construida":50}}},{"type":"Feature","geometry":{"type":"Polygon","coordinates":[[[-46.62336,-23.396971],[-46.62337,-23.396973],[-46.623561,-23.39702],[-46.623545,-23.39706],[-46.623471,-23.397043],[-46.623463,-23.397041],[-46.623347,-23.397015],[-46.62336,-23.396971]]]},"properties":{"sqlu":"SP-002-743555","inscription":"SP-GEOSAMPA-2743555","inscricaoImobiliaria":"SP-IMO-2743555","setor":"002","quadra":"046","lote":"0002","sourceType":"OFFICIAL_IMPORT","mainAddress":"Setor Fiscal 002","zoneamento":"RESIDENCIAL","statusCadastral":"ATIVO","workflowStatus":"PENDENTE","isOfficial":true,"rawProperties":{"cd_identificador":2743555,"cd_identificador_original_lote":9164289,"cd_setor_fiscal":"002","cd_tipo_quadra":"F","tx_tipo_quadra":"FISCAL","cd_quadra_fiscal":"046","cd_subquadra_fiscal":null,"cd_condominio":"00","cd_tipo_lote":"F","tx_tipo_lote":"FISCAL","cd_lote":"0002","cd_situacao":1,"cd_digito_sql":"2","cd_logradouro":"120456","nm_logradouro_completo":"R DO LUCAS","cd_numero_porta":"192","tx_complemento_endereco":null,"tx_situ_lote":"ATIVO","cd_tipo_uso_imovel":"10","dc_tipo_uso_imovel":"Residencial","cd_tipo_terreno_imovel":1,"qt_area_terreno":110,"qt_area_construida":80}}},{"type":"Feature","geometry":{"type":"Polygon","coordinates":[[[-46.623132,-23.39687],[-46.623031,-23.397125],[-46.623016,-23.397162],[-46.622964,-23.397152],[-46.622952,-23.397149],[-46.622967,-23.39711],[-46.622971,-23.3971],[-46.623069,-23.396854],[-46.623132,-23.39687]]]},"properties":{"sqlu":"SP-002-816856","inscription":"SP-GEOSAMPA-6816856","inscricaoImobiliaria":"SP-IMO-6816856","setor":"002","quadra":"046","lote":"0000","sourceType":"OFFICIAL_IMPORT","mainAddress":"Setor Fiscal 002","zoneamento":"RESIDENCIAL","statusCadastral":"ATIVO","workflowStatus":"PENDENTE","isOfficial":true,"rawProperties":{"cd_identificador":6816856,"cd_identificador_original_lote":9162485,"cd_setor_fiscal":"002","cd_tipo_quadra":"F","tx_tipo_quadra":"FISCAL","cd_quadra_fiscal":"046","cd_subquadra_fiscal":null,"cd_condominio":"01","cd_tipo_lote":"F","tx_tipo_lote":"FISCAL","cd_lote":"0000","cd_situacao":1,"cd_digito_sql":null,"cd_logradouro":"008699","nm_logradouro_completo":"R POLIGNANO A MARE","cd_numero_porta":"228 230","tx_complemento_endereco":null,"tx_situ_lote":null,"cd_tipo_uso_imovel":"XX","dc_tipo_uso_imovel":"Condomínio","cd_tipo_terreno_imovel":99,"qt_area_terreno":269,"qt_area_construida":null}}},{"type":"Feature","geometry":{"type":"Polygon","coordinates":[[[-46.623132,-23.39687],[-46.623229,-23.396894],[-46.623149,-23.397135],[-46.623117,-23.397123],[-46.623104,-23.397153],[-46.623093,-23.39718],[-46.623026,-23.397165],[-46.623016,-23.397162],[-46.623031,-23.397125],[-46.623132,-23.39687]]]},"properties":{"sqlu":"SP-002-816857","inscription":"SP-GEOSAMPA-6816857","inscricaoImobiliaria":"SP-IMO-6816857","setor":"002","quadra":"046","lote":"0045","sourceType":"OFFICIAL_IMPORT","mainAddress":"Setor Fiscal 002","zoneamento":"RESIDENCIAL","statusCadastral":"ATIVO","workflowStatus":"PENDENTE","isOfficial":true,"rawProperties":{"cd_identificador":6816857,"cd_identificador_original_lote":9162486,"cd_setor_fiscal":"002","cd_tipo_quadra":"F","tx_tipo_quadra":"FISCAL","cd_quadra_fiscal":"046","cd_subquadra_fiscal":null,"cd_condominio":"00","cd_tipo_lote":"F","tx_tipo_lote":"FISCAL","cd_lote":"0045","cd_situacao":1,"cd_digito_sql":"6","cd_logradouro":"008699","nm_logradouro_completo":"R POLIGNANO A MARE","cd_numero_porta":"222","tx_complemento_endereco":"226","tx_situ_lote":"ATIVO","cd_tipo_uso_imovel":"40","dc_tipo_uso_imovel":"Não residencial","cd_tipo_terreno_imovel":1,"qt_area_terreno":345,"qt_area_construida":240}}},{"type":"Feature","geometry":{"type":"Polygon","coordinates":[[[-46.62336,-23.396971],[-46.623307,-23.396959],[-46.623321,-23.396917],[-46.623559,-23.396976],[-46.62357,-23.396996],[-46.623561,-23.39702],[-46.62337,-23.396973],[-46.62336,-23.396971]]]},"properties":{"sqlu":"SP-002-816858","inscription":"SP-GEOSAMPA-6816858","inscricaoImobiliaria":"SP-IMO-6816858","setor":"002","quadra":"046","lote":"0001","sourceType":"OFFICIAL_IMPORT","mainAddress":"Setor Fiscal 002","zoneamento":"RESIDENCIAL","statusCadastral":"ATIVO","workflowStatus":"PENDENTE","isOfficial":true,"rawProperties":{"cd_identificador":6816858,"cd_identificador_original_lote":9163418,"cd_setor_fiscal":"002","cd_tipo_quadra":"F","tx_tipo_quadra":"FISCAL","cd_quadra_fiscal":"046","cd_subquadra_fiscal":null,"cd_condominio":"00","cd_tipo_lote":"F","tx_tipo_lote":"FISCAL","cd_lote":"0001","cd_situacao":1,"cd_digito_sql":"4","cd_logradouro":"120456","nm_logradouro_completo":"R DO LUCAS","cd_numero_porta":"196","tx_complemento_endereco":null,"tx_situ_lote":"ATIVO","cd_tipo_uso_imovel":"40","dc_tipo_uso_imovel":"Não residencial","cd_tipo_terreno_imovel":2,"qt_area_terreno":135,"qt_area_construida":90}}},{"type":"Feature","geometry":{"type":"Polygon","coordinates":[[[-46.625046,-23.388776],[-46.625094,-23.388766],[-46.625137,-23.388755],[-46.625171,-23.388747],[-46.625189,-23.388743],[-46.625204,-23.38878],[-46.625223,-23.388829],[-46.625242,-23.388878],[-46.625264,-23.388874],[-46.625274,-23.388916],[-46.625286,-23.388971],[-46.625315,-23.388968],[-46.625335,-23.389041],[-46.625443,-23.389026],[-46.625604,-23.389001],[-46.625607,-23.389009],[-46.625631,-23.389069],[-46.625493,-23.389085],[-46.625453,-23.389089],[-46.625465,-23.389124],[-46.625476,-23.389156],[-46.625319,-23.389182],[-46.62538,-23.389333],[-46.625405,-23.389394],[-46.625486,-23.38959],[-46.625508,-23.389645],[-46.625367,-23.389667],[-46.625354,-23.389635],[-46.625329,-23.389574],[-46.625308,-23.389521],[-46.625259,-23.389403],[-46.625201,-23.389261],[-46.62519,-23.389236],[-46.625155,-23.389151],[-46.625182,-23.389145],[-46.625169,-23.3891],[-46.625145,-23.389018],[-46.625143,-23.389014],[-46.625121,-23.38896],[-46.625091,-23.388887],[-46.625066,-23.388826],[-46.625046,-23.388776]]]},"properties":{"sqlu":"SP-002-816912","inscription":"SP-GEOSAMPA-6816912","inscricaoImobiliaria":"SP-IMO-6816912","setor":"002","quadra":"001","lote":"0000","sourceType":"OFFICIAL_IMPORT","mainAddress":"Setor Fiscal 002","zoneamento":"RESIDENCIAL","statusCadastral":"ATIVO","workflowStatus":"PENDENTE","isOfficial":true,"rawProperties":{"cd_identificador":6816912,"cd_identificador_original_lote":9214982,"cd_setor_fiscal":"002","cd_tipo_quadra":"F","tx_tipo_quadra":"FISCAL","cd_quadra_fiscal":"001","cd_subquadra_fiscal":null,"cd_condominio":"04","cd_tipo_lote":"F","tx_tipo_lote":"FISCAL","cd_lote":"0000","cd_situacao":1,"cd_digito_sql":null,"cd_logradouro":"038121","nm_logradouro_completo":"R S CAETANO","cd_numero_porta":"629","tx_complemento_endereco":null,"tx_situ_lote":null,"cd_tipo_uso_imovel":"XX","dc_tipo_uso_imovel":"Condomínio","cd_tipo_terreno_imovel":99,"qt_area_terreno":2036,"qt_area_construida":null}}},{"type":"Feature","geometry":{"type":"Polygon","coordinates":[[[-46.625337,-23.390861],[-46.625283,-23.39074],[-46.625329,-23.390723],[-46.625341,-23.390751],[-46.625351,-23.390772],[-46.625383,-23.390844],[-46.625337,-23.390861]]]},"properties":{"sqlu":"SP-002-817013","inscription":"SP-GEOSAMPA-6817013","inscricaoImobiliaria":"SP-IMO-6817013","setor":"002","quadra":"014","lote":"0019","sourceType":"OFFICIAL_IMPORT","mainAddress":"Setor Fiscal 002","zoneamento":"RESIDENCIAL","statusCadastral":"ATIVO","workflowStatus":"PENDENTE","isOfficial":true,"rawProperties":{"cd_identificador":6817013,"cd_identificador_original_lote":9163523,"cd_setor_fiscal":"002","cd_tipo_quadra":"F","tx_tipo_quadra":"FISCAL","cd_quadra_fiscal":"014","cd_subquadra_fiscal":null,"cd_condominio":"00","cd_tipo_lote":"F","tx_tipo_lote":"FISCAL","cd_lote":"0019","cd_situacao":1,"cd_digito_sql":"7","cd_logradouro":"117480","nm_logradouro_completo":"R DOS CANTORES","cd_numero_porta":"9","tx_complemento_endereco":null,"tx_situ_lote":"ATIVO","cd_tipo_uso_imovel":"10","dc_tipo_uso_imovel":"Residencial","cd_tipo_terreno_imovel":1,"qt_area_terreno":70,"qt_area_construida":50}}},{"type":"Feature","geometry":{"type":"Polygon","coordinates":[[[-46.625405,-23.389394],[-46.625459,-23.389382],[-46.625468,-23.389412],[-46.625471,-23.38942],[-46.62556,-23.389637],[-46.625508,-23.389645],[-46.625486,-23.38959],[-46.625405,-23.389394]]]},"properties":{"sqlu":"SP-002-816929","inscription":"SP-GEOSAMPA-6816929","inscricaoImobiliaria":"SP-IMO-6816929","setor":"002","quadra":"001","lote":"0083","sourceType":"OFFICIAL_IMPORT","mainAddress":"Setor Fiscal 002","zoneamento":"RESIDENCIAL","statusCadastral":"ATIVO","workflowStatus":"PENDENTE","isOfficial":true,"rawProperties":{"cd_identificador":6816929,"cd_identificador_original_lote":9162323,"cd_setor_fiscal":"002","cd_tipo_quadra":"F","tx_tipo_quadra":"FISCAL","cd_quadra_fiscal":"001","cd_subquadra_fiscal":null,"cd_condominio":"00","cd_tipo_lote":"F","tx_tipo_lote":"FISCAL","cd_lote":"0083","cd_situacao":1,"cd_digito_sql":"1","cd_logradouro":"038121","nm_logradouro_completo":"R S CAETANO","cd_numero_porta":"625","tx_complemento_endereco":null,"tx_situ_lote":"ATIVO","cd_tipo_uso_imovel":"42","dc_tipo_uso_imovel":"Não residencial","cd_tipo_terreno_imovel":1,"qt_area_terreno":150,"qt_area_construida":90}}},{"type":"Feature","geometry":{"type":"Polygon","coordinates":[[[-46.620661,-23.394974],[-46.620791,-23.395017],[-46.620938,-23.395064],[-46.620918,-23.395113],[-46.620887,-23.395194],[-46.620871,-23.395189],[-46.620777,-23.395158],[-46.620715,-23.395139],[-46.62065,-23.395118],[-46.620657,-23.395028],[-46.620661,-23.394974]]]},"properties":{"sqlu":"SP-002-815738","inscription":"SP-GEOSAMPA-6815738","inscricaoImobiliaria":"SP-IMO-6815738","setor":"002","quadra":"043","lote":"0104","sourceType":"OFFICIAL_IMPORT","mainAddress":"Setor Fiscal 002","zoneamento":"RESIDENCIAL","statusCadastral":"ATIVO","workflowStatus":"PENDENTE","isOfficial":true,"rawProperties":{"cd_identificador":6815738,"cd_identificador_original_lote":10675999,"cd_setor_fiscal":"002","cd_tipo_quadra":"F","tx_tipo_quadra":"FISCAL","cd_quadra_fiscal":"043","cd_subquadra_fiscal":null,"cd_condominio":"00","cd_tipo_lote":"F","tx_tipo_lote":"FISCAL","cd_lote":"0104","cd_situacao":1,"cd_digito_sql":"1","cd_logradouro":"012769","nm_logradouro_completo":"R MONS ANDRADE","cd_numero_porta":"515","tx_complemento_endereco":null,"tx_situ_lote":"ATIVO","cd_tipo_uso_imovel":"00","dc_tipo_uso_imovel":"Terreno","cd_tipo_terreno_imovel":1,"qt_area_terreno":425,"qt_area_construida":0}}},{"type":"Feature","geometry":{"type":"Polygon","coordinates":[[[-46.625377,-23.391066],[-46.625431,-23.391184],[-46.625383,-23.391202],[-46.625329,-23.391084],[-46.625377,-23.391066]]]},"properties":{"sqlu":"SP-002-817194","inscription":"SP-GEOSAMPA-6817194","inscricaoImobiliaria":"SP-IMO-6817194","setor":"002","quadra":"015","lote":"0021","sourceType":"OFFICIAL_IMPORT","mainAddress":"Setor Fiscal 002","zoneamento":"RESIDENCIAL","statusCadastral":"ATIVO","workflowStatus":"PENDENTE","isOfficial":true,"rawProperties":{"cd_identificador":6817194,"cd_identificador_original_lote":9162909,"cd_setor_fiscal":"002","cd_tipo_quadra":"F","tx_tipo_quadra":"FISCAL","cd_quadra_fiscal":"015","cd_subquadra_fiscal":null,"cd_condominio":"00","cd_tipo_lote":"F","tx_tipo_lote":"FISCAL","cd_lote":"0021","cd_situacao":1,"cd_digito_sql":"3","cd_logradouro":"050644","nm_logradouro_completo":"R DR CLAUDIO DE SOUSA","cd_numero_porta":"25","tx_complemento_endereco":null,"tx_situ_lote":"ATIVO","cd_tipo_uso_imovel":"10","dc_tipo_uso_imovel":"Residencial","cd_tipo_terreno_imovel":1,"qt_area_terreno":70,"qt_area_construida":50}}},{"type":"Feature","geometry":{"type":"Polygon","coordinates":[[[-46.625161,-23.389271],[-46.625201,-23.389261],[-46.625259,-23.389403],[-46.625218,-23.389415],[-46.625211,-23.389396],[-46.625184,-23.389328],[-46.625161,-23.389271]]]},"properties":{"sqlu":"SP-002-816875","inscription":"SP-GEOSAMPA-6816875","inscricaoImobiliaria":"SP-IMO-6816875","setor":"002","quadra":"001","lote":"0063","sourceType":"OFFICIAL_IMPORT","mainAddress":"Setor Fiscal 002","zoneamento":"RESIDENCIAL","statusCadastral":"ATIVO","workflowStatus":"PENDENTE","isOfficial":true,"rawProperties":{"cd_identificador":6816875,"cd_identificador_original_lote":9163485,"cd_setor_fiscal":"002","cd_tipo_quadra":"F","tx_tipo_quadra":"FISCAL","cd_quadra_fiscal":"001","cd_subquadra_fiscal":null,"cd_condominio":"00","cd_tipo_lote":"F","tx_tipo_lote":"FISCAL","cd_lote":"0063","cd_situacao":1,"cd_digito_sql":"7","cd_logradouro":"158720","nm_logradouro_completo":"R PEDRO ALVARES CABRAL","cd_numero_porta":"59","tx_complemento_endereco":"CS 4","tx_situ_lote":"ATIVO","cd_tipo_uso_imovel":"10","dc_tipo_uso_imovel":"Residencial","cd_tipo_terreno_imovel":4,"qt_area_terreno":68,"qt_area_construida":58}}},{"type":"Feature","geometry":{"type":"Polygon","coordinates":[[[-46.623501,-23.397191],[-46.62325,-23.397128],[-46.623279,-23.397043],[-46.623528,-23.397105],[-46.623501,-23.397191]]]},"properties":{"sqlu":"SP-002-816727","inscription":"SP-GEOSAMPA-6816727","inscricaoImobiliaria":"SP-IMO-6816727","setor":"002","quadra":"046","lote":"0053","sourceType":"OFFICIAL_IMPORT","mainAddress":"Setor Fiscal 002","zoneamento":"RESIDENCIAL","statusCadastral":"ATIVO","workflowStatus":"PENDENTE","isOfficial":true,"rawProperties":{"cd_identificador":6816727,"cd_identificador_original_lote":9163417,"cd_setor_fiscal":"002","cd_tipo_quadra":"F","tx_tipo_quadra":"FISCAL","cd_quadra_fiscal":"046","cd_subquadra_fiscal":null,"cd_condominio":"00","cd_tipo_lote":"F","tx_tipo_lote":"FISCAL","cd_lote":"0053","cd_situacao":1,"cd_digito_sql":"7","cd_logradouro":"120456","nm_logradouro_completo":"R DO LUCAS","cd_numero_porta":"180","tx_complemento_endereco":"182","tx_situ_lote":"ATIVO","cd_tipo_uso_imovel":"40","dc_tipo_uso_imovel":"Não residencial","cd_tipo_terreno_imovel":1,"qt_area_terreno":273,"qt_area_construida":273}}},{"type":"Feature","geometry":{"type":"Polygon","coordinates":[[[-46.623151,-23.397209],[-46.623173,-23.397156],[-46.623236,-23.397171],[-46.623492,-23.397232],[-46.62348,-23.397281],[-46.623414,-23.397267],[-46.623395,-23.397263],[-46.623352,-23.397253],[-46.623299,-23.397242],[-46.623151,-23.397209]]]},"properties":{"sqlu":"SP-002-816878","inscription":"SP-GEOSAMPA-6816878","inscricaoImobiliaria":"SP-IMO-6816878","setor":"002","quadra":"046","lote":"0007","sourceType":"OFFICIAL_IMPORT","mainAddress":"Setor Fiscal 002","zoneamento":"RESIDENCIAL","statusCadastral":"ATIVO","workflowStatus":"PENDENTE","isOfficial":true,"rawProperties":{"cd_identificador":6816878,"cd_identificador_original_lote":9163415,"cd_setor_fiscal":"002","cd_tipo_quadra":"F","tx_tipo_quadra":"FISCAL","cd_quadra_fiscal":"046","cd_subquadra_fiscal":null,"cd_condominio":"00","cd_tipo_lote":"F","tx_tipo_lote":"FISCAL","cd_lote":"0007","cd_situacao":1,"cd_digito_sql":"3","cd_logradouro":"120456","nm_logradouro_completo":"R DO LUCAS","cd_numero_porta":"166","tx_complemento_endereco":"168","tx_situ_lote":"ATIVO","cd_tipo_uso_imovel":"43","dc_tipo_uso_imovel":"Não residencial","cd_tipo_terreno_imovel":1,"qt_area_terreno":175,"qt_area_construida":270}}},{"type":"Feature","geometry":{"type":"Polygon","coordinates":[[[-46.625377,-23.391286],[-46.625429,-23.391268],[-46.62546,-23.391345],[-46.625471,-23.39137],[-46.625475,-23.391381],[-46.625484,-23.391403],[-46.625433,-23.391417],[-46.625408,-23.391358],[-46.625377,-23.391286]]]},"properties":{"sqlu":"SP-002-817116","inscription":"SP-GEOSAMPA-6817116","inscricaoImobiliaria":"SP-IMO-6817116","setor":"002","quadra":"016","lote":"0015","sourceType":"OFFICIAL_IMPORT","mainAddress":"Setor Fiscal 002","zoneamento":"RESIDENCIAL","statusCadastral":"ATIVO","workflowStatus":"PENDENTE","isOfficial":true,"rawProperties":{"cd_identificador":6817116,"cd_identificador_original_lote":9162397,"cd_setor_fiscal":"002","cd_tipo_quadra":"F","tx_tipo_quadra":"FISCAL","cd_quadra_fiscal":"016","cd_subquadra_fiscal":null,"cd_condominio":"00","cd_tipo_lote":"F","tx_tipo_lote":"FISCAL","cd_lote":"0015","cd_situacao":1,"cd_digito_sql":"3","cd_logradouro":"050644","nm_logradouro_completo":"R DR CLAUDIO DE SOUSA","cd_numero_porta":"28","tx_complemento_endereco":null,"tx_situ_lote":"ATIVO","cd_tipo_uso_imovel":"10","dc_tipo_uso_imovel":"Residencial","cd_tipo_terreno_imovel":1,"qt_area_terreno":75,"qt_area_construida":60}}},{"type":"Feature","geometry":{"type":"Polygon","coordinates":[[[-46.625605,-23.389629],[-46.62556,-23.389637],[-46.625471,-23.38942],[-46.625468,-23.389412],[-46.625459,-23.389382],[-46.625486,-23.389378],[-46.625502,-23.389376],[-46.625514,-23.389405],[-46.625605,-23.389629]]]},"properties":{"sqlu":"SP-002-816940","inscription":"SP-GEOSAMPA-6816940","inscricaoImobiliaria":"SP-IMO-6816940","setor":"002","quadra":"001","lote":"0084","sourceType":"OFFICIAL_IMPORT","mainAddress":"Setor Fiscal 002","zoneamento":"RESIDENCIAL","statusCadastral":"ATIVO","workflowStatus":"PENDENTE","isOfficial":true,"rawProperties":{"cd_identificador":6816940,"cd_identificador_original_lote":9162324,"cd_setor_fiscal":"002","cd_tipo_quadra":"F","tx_tipo_quadra":"FISCAL","cd_quadra_fiscal":"001","cd_subquadra_fiscal":null,"cd_condominio":"00","cd_tipo_lote":"F","tx_tipo_lote":"FISCAL","cd_lote":"0084","cd_situacao":1,"cd_digito_sql":"1","cd_logradouro":"038121","nm_logradouro_completo":"R S CAETANO","cd_numero_porta":"619","tx_complemento_endereco":null,"tx_situ_lote":"ATIVO","cd_tipo_uso_imovel":"42","dc_tipo_uso_imovel":"Não residencial","cd_tipo_terreno_imovel":1,"qt_area_terreno":153,"qt_area_construida":110}}},{"type":"Feature","geometry":{"type":"Polygon","coordinates":[[[-46.625605,-23.389629],[-46.625514,-23.389405],[-46.625502,-23.389376],[-46.625532,-23.389372],[-46.625553,-23.389369],[-46.625561,-23.389388],[-46.625655,-23.389622],[-46.625605,-23.389629]]]},"properties":{"sqlu":"SP-002-816941","inscription":"SP-GEOSAMPA-6816941","inscricaoImobiliaria":"SP-IMO-6816941","setor":"002","quadra":"001","lote":"0085","sourceType":"OFFICIAL_IMPORT","mainAddress":"Setor Fiscal 002","zoneamento":"RESIDENCIAL","statusCadastral":"ATIVO","workflowStatus":"PENDENTE","isOfficial":true,"rawProperties":{"cd_identificador":6816941,"cd_identificador_original_lote":9162325,"cd_setor_fiscal":"002","cd_tipo_quadra":"F","tx_tipo_quadra":"FISCAL","cd_quadra_fiscal":"001","cd_subquadra_fiscal":null,"cd_condominio":"00","cd_tipo_lote":"F","tx_tipo_lote":"FISCAL","cd_lote":"0085","cd_situacao":1,"cd_digito_sql":"8","cd_logradouro":"038121","nm_logradouro_completo":"R S CAETANO","cd_numero_porta":"617","tx_complemento_endereco":"E 617A","tx_situ_lote":"ATIVO","cd_tipo_uso_imovel":"42","dc_tipo_uso_imovel":"Não residencial","cd_tipo_terreno_imovel":1,"qt_area_terreno":150,"qt_area_construida":331}}},{"type":"Feature","geometry":{"type":"Polygon","coordinates":[[[-46.625367,-23.389667],[-46.625296,-23.389678],[-46.625203,-23.38945],[-46.625192,-23.389423],[-46.625218,-23.389415],[-46.625259,-23.389403],[-46.625308,-23.389521],[-46.625329,-23.389574],[-46.625354,-23.389635],[-46.625367,-23.389667]]]},"properties":{"sqlu":"SP-002-817141","inscription":"SP-GEOSAMPA-6817141","inscricaoImobiliaria":"SP-IMO-6817141","setor":"002","quadra":"001","lote":"0000","sourceType":"OFFICIAL_IMPORT","mainAddress":"Setor Fiscal 002","zoneamento":"RESIDENCIAL","statusCadastral":"ATIVO","workflowStatus":"PENDENTE","isOfficial":true,"rawProperties":{"cd_identificador":6817141,"cd_identificador_original_lote":9162321,"cd_setor_fiscal":"002","cd_tipo_quadra":"F","tx_tipo_quadra":"FISCAL","cd_quadra_fiscal":"001","cd_subquadra_fiscal":null,"cd_condominio":"02","cd_tipo_lote":"F","tx_tipo_lote":"FISCAL","cd_lote":"0000","cd_situacao":1,"cd_digito_sql":null,"cd_logradouro":"038121","nm_logradouro_completo":"R S CAETANO","cd_numero_porta":"643 649","tx_complemento_endereco":null,"tx_situ_lote":null,"cd_tipo_uso_imovel":"XX","dc_tipo_uso_imovel":"Condomínio","cd_tipo_terreno_imovel":99,"qt_area_terreno":216,"qt_area_construida":null}}},{"type":"Feature","geometry":{"type":"Polygon","coordinates":[[[-46.623501,-23.397191],[-46.623492,-23.397232],[-46.623236,-23.397171],[-46.62325,-23.397128],[-46.623501,-23.397191]]]},"properties":{"sqlu":"SP-002-816726","inscription":"SP-GEOSAMPA-6816726","inscricaoImobiliaria":"SP-IMO-6816726","setor":"002","quadra":"046","lote":"0006","sourceType":"OFFICIAL_IMPORT","mainAddress":"Setor Fiscal 002","zoneamento":"RESIDENCIAL","statusCadastral":"ATIVO","workflowStatus":"PENDENTE","isOfficial":true,"rawProperties":{"cd_identificador":6816726,"cd_identificador_original_lote":9163416,"cd_setor_fiscal":"002","cd_tipo_quadra":"F","tx_tipo_quadra":"FISCAL","cd_quadra_fiscal":"046","cd_subquadra_fiscal":null,"cd_condominio":"00","cd_tipo_lote":"F","tx_tipo_lote":"FISCAL","cd_lote":"0006","cd_situacao":1,"cd_digito_sql":"5","cd_logradouro":"120456","nm_logradouro_completo":"R DO LUCAS","cd_numero_porta":"174","tx_complemento_endereco":null,"tx_situ_lote":"ATIVO","cd_tipo_uso_imovel":"40","dc_tipo_uso_imovel":"Não residencial","cd_tipo_terreno_imovel":1,"qt_area_terreno":130,"qt_area_construida":196}}},{"type":"Feature","geometry":{"type":"Polygon","coordinates":[[[-46.620678,-23.398848],[-46.620617,-23.39884],[-46.620627,-23.398786],[-46.620633,-23.398748],[-46.620668,-23.398552],[-46.620773,-23.398566],[-46.620729,-23.398801],[-46.620687,-23.398795],[-46.620678,-23.398848]]]},"properties":{"sqlu":"SP-002-743755","inscription":"SP-GEOSAMPA-2743755","inscricaoImobiliaria":"SP-IMO-2743755","setor":"002","quadra":"082","lote":"0002","sourceType":"OFFICIAL_IMPORT","mainAddress":"Setor Fiscal 002","zoneamento":"RESIDENCIAL","statusCadastral":"ATIVO","workflowStatus":"PENDENTE","isOfficial":true,"rawProperties":{"cd_identificador":2743755,"cd_identificador_original_lote":9164055,"cd_setor_fiscal":"002","cd_tipo_quadra":"F","tx_tipo_quadra":"FISCAL","cd_quadra_fiscal":"082","cd_subquadra_fiscal":null,"cd_condominio":"00","cd_tipo_lote":"F","tx_tipo_lote":"FISCAL","cd_lote":"0002","cd_situacao":1,"cd_digito_sql":"9","cd_logradouro":"077860","nm_logradouro_completo":"R DO GASOMETRO","cd_numero_porta":"416","tx_complemento_endereco":null,"tx_situ_lote":"ATIVO","cd_tipo_uso_imovel":"40","dc_tipo_uso_imovel":"Não residencial","cd_tipo_terreno_imovel":1,"qt_area_terreno":315,"qt_area_construida":864}}},{"type":"Feature","geometry":{"type":"Polygon","coordinates":[[[-46.625186,-23.390647],[-46.625233,-23.39063],[-46.625283,-23.39074],[-46.625237,-23.390758],[-46.625186,-23.390647]]]},"properties":{"sqlu":"SP-002-816935","inscription":"SP-GEOSAMPA-6816935","inscricaoImobiliaria":"SP-IMO-6816935","setor":"002","quadra":"014","lote":"0007","sourceType":"OFFICIAL_IMPORT","mainAddress":"Setor Fiscal 002","zoneamento":"RESIDENCIAL","statusCadastral":"ATIVO","workflowStatus":"PENDENTE","isOfficial":true,"rawProperties":{"cd_identificador":6816935,"cd_identificador_original_lote":9163466,"cd_setor_fiscal":"002","cd_tipo_quadra":"F","tx_tipo_quadra":"FISCAL","cd_quadra_fiscal":"014","cd_subquadra_fiscal":null,"cd_condominio":"00","cd_tipo_lote":"F","tx_tipo_lote":"FISCAL","cd_lote":"0007","cd_situacao":1,"cd_digito_sql":"3","cd_logradouro":"076830","nm_logradouro_completo":"R EURICLES FELIX DE MATOS","cd_numero_porta":"12","tx_complemento_endereco":null,"tx_situ_lote":"ATIVO","cd_tipo_uso_imovel":"10","dc_tipo_uso_imovel":"Residencial","cd_tipo_terreno_imovel":1,"qt_area_terreno":70,"qt_area_construida":50}}},{"type":"Feature","geometry":{"type":"Polygon","coordinates":[[[-46.625218,-23.389415],[-46.625192,-23.389423],[-46.625176,-23.389428],[-46.625166,-23.389402],[-46.62516,-23.389386],[-46.625121,-23.389281],[-46.625161,-23.389271],[-46.625184,-23.389328],[-46.625211,-23.389396],[-46.625218,-23.389415]]]},"properties":{"sqlu":"SP-002-817086","inscription":"SP-GEOSAMPA-6817086","inscricaoImobiliaria":"SP-IMO-6817086","setor":"002","quadra":"001","lote":"0064","sourceType":"OFFICIAL_IMPORT","mainAddress":"Setor Fiscal 002","zoneamento":"RESIDENCIAL","statusCadastral":"ATIVO","workflowStatus":"PENDENTE","isOfficial":true,"rawProperties":{"cd_identificador":6817086,"cd_identificador_original_lote":9163486,"cd_setor_fiscal":"002","cd_tipo_quadra":"F","tx_tipo_quadra":"FISCAL","cd_quadra_fiscal":"001","cd_subquadra_fiscal":null,"cd_condominio":"00","cd_tipo_lote":"F","tx_tipo_lote":"FISCAL","cd_lote":"0064","cd_situacao":1,"cd_digito_sql":"5","cd_logradouro":"158720","nm_logradouro_completo":"R PEDRO ALVARES CABRAL","cd_numero_porta":"59","tx_complemento_endereco":"CS 3","tx_situ_lote":"ATIVO","cd_tipo_uso_imovel":"10","dc_tipo_uso_imovel":"Residencial","cd_tipo_terreno_imovel":4,"qt_area_terreno":68,"qt_area_construida":58}}},{"type":"Feature","geometry":{"type":"Polygon","coordinates":[[[-46.62474,-23.389202],[-46.624703,-23.389117],[-46.625143,-23.389014],[-46.625145,-23.389018],[-46.625169,-23.3891],[-46.62474,-23.389202]]]},"properties":{"sqlu":"SP-002-816821","inscription":"SP-GEOSAMPA-6816821","inscricaoImobiliaria":"SP-IMO-6816821","setor":"002","quadra":"001","lote":"0136","sourceType":"OFFICIAL_IMPORT","mainAddress":"Setor Fiscal 002","zoneamento":"RESIDENCIAL","statusCadastral":"ATIVO","workflowStatus":"PENDENTE","isOfficial":true,"rawProperties":{"cd_identificador":6816821,"cd_identificador_original_lote":9162471,"cd_setor_fiscal":"002","cd_tipo_quadra":"F","tx_tipo_quadra":"FISCAL","cd_quadra_fiscal":"001","cd_subquadra_fiscal":null,"cd_condominio":"00","cd_tipo_lote":"F","tx_tipo_lote":"FISCAL","cd_lote":"0136","cd_situacao":1,"cd_digito_sql":"6","cd_logradouro":"158720","nm_logradouro_completo":"R PEDRO ALVARES CABRAL","cd_numero_porta":"71","tx_complemento_endereco":"79","tx_situ_lote":"ATIVO","cd_tipo_uso_imovel":"50","dc_tipo_uso_imovel":"Não residencial","cd_tipo_terreno_imovel":1,"qt_area_terreno":460,"qt_area_construida":460}}},{"type":"Feature","geometry":{"type":"Polygon","coordinates":[[[-46.625104,-23.388559],[-46.625088,-23.388522],[-46.625059,-23.388451],[-46.624998,-23.388306],[-46.625043,-23.388295],[-46.625129,-23.388494],[-46.625136,-23.388509],[-46.625153,-23.388548],[-46.625113,-23.388557],[-46.625104,-23.388559]]]},"properties":{"sqlu":"SP-002-817172","inscription":"SP-GEOSAMPA-6817172","inscricaoImobiliaria":"SP-IMO-6817172","setor":"002","quadra":"001","lote":"0035","sourceType":"OFFICIAL_IMPORT","mainAddress":"Setor Fiscal 002","zoneamento":"RESIDENCIAL","statusCadastral":"ATIVO","workflowStatus":"PENDENTE","isOfficial":true,"rawProperties":{"cd_identificador":6817172,"cd_identificador_original_lote":9162452,"cd_setor_fiscal":"002","cd_tipo_quadra":"F","tx_tipo_quadra":"FISCAL","cd_quadra_fiscal":"001","cd_subquadra_fiscal":null,"cd_condominio":"00","cd_tipo_lote":"F","tx_tipo_lote":"FISCAL","cd_lote":"0035","cd_situacao":1,"cd_digito_sql":"1","cd_logradouro":"104850","nm_logradouro_completo":"R JOAO TEODORO","cd_numero_porta":"632","tx_complemento_endereco":"E 634","tx_situ_lote":"ATIVO","cd_tipo_uso_imovel":"40","dc_tipo_uso_imovel":"Não residencial","cd_tipo_terreno_imovel":1,"qt_area_terreno":150,"qt_area_construida":240}}},{"type":"Feature","geometry":{"type":"Polygon","coordinates":[[[-46.625204,-23.39091],[-46.62515,-23.39079],[-46.625192,-23.390774],[-46.625246,-23.390894],[-46.625204,-23.39091]]]},"properties":{"sqlu":"SP-002-817206","inscription":"SP-GEOSAMPA-6817206","inscricaoImobiliaria":"SP-IMO-6817206","setor":"002","quadra":"014","lote":"0022","sourceType":"OFFICIAL_IMPORT","mainAddress":"Setor Fiscal 002","zoneamento":"RESIDENCIAL","statusCadastral":"ATIVO","workflowStatus":"PENDENTE","isOfficial":true,"rawProperties":{"cd_identificador":6817206,"cd_identificador_original_lote":9163468,"cd_setor_fiscal":"002","cd_tipo_quadra":"F","tx_tipo_quadra":"FISCAL","cd_quadra_fiscal":"014","cd_subquadra_fiscal":null,"cd_condominio":"00","cd_tipo_lote":"F","tx_tipo_lote":"FISCAL","cd_lote":"0022","cd_situacao":1,"cd_digito_sql":"7","cd_logradouro":"117480","nm_logradouro_completo":"R DOS CANTORES","cd_numero_porta":"15","tx_complemento_endereco":null,"tx_situ_lote":"ATIVO","cd_tipo_uso_imovel":"10","dc_tipo_uso_imovel":"Residencial","cd_tipo_terreno_imovel":1,"qt_area_terreno":70,"qt_area_construida":50}}},{"type":"Feature","geometry":{"type":"Polygon","coordinates":[[[-46.625426,-23.391048],[-46.625373,-23.390933],[-46.625414,-23.390918],[-46.625458,-23.391017],[-46.625466,-23.391034],[-46.625452,-23.391039],[-46.625426,-23.391048]]]},"properties":{"sqlu":"SP-002-816960","inscription":"SP-GEOSAMPA-6816960","inscricaoImobiliaria":"SP-IMO-6816960","setor":"002","quadra":"015","lote":"0008","sourceType":"OFFICIAL_IMPORT","mainAddress":"Setor Fiscal 002","zoneamento":"RESIDENCIAL","statusCadastral":"ATIVO","workflowStatus":"PENDENTE","isOfficial":true,"rawProperties":{"cd_identificador":6816960,"cd_identificador_original_lote":9162904,"cd_setor_fiscal":"002","cd_tipo_quadra":"F","tx_tipo_quadra":"FISCAL","cd_quadra_fiscal":"015","cd_subquadra_fiscal":null,"cd_condominio":"00","cd_tipo_lote":"F","tx_tipo_lote":"FISCAL","cd_lote":"0008","cd_situacao":1,"cd_digito_sql":"6","cd_logradouro":"117480","nm_logradouro_completo":"R DOS CANTORES","cd_numero_porta":"10","tx_complemento_endereco":null,"tx_situ_lote":"ATIVO","cd_tipo_uso_imovel":"10","dc_tipo_uso_imovel":"Residencial","cd_tipo_terreno_imovel":1,"qt_area_terreno":70,"qt_area_construida":50}}},{"type":"Feature","geometry":{"type":"Polygon","coordinates":[[[-46.625426,-23.391048],[-46.625479,-23.391167],[-46.625431,-23.391184],[-46.625377,-23.391066],[-46.625426,-23.391048]]]},"properties":{"sqlu":"SP-002-816961","inscription":"SP-GEOSAMPA-6816961","inscricaoImobiliaria":"SP-IMO-6816961","setor":"002","quadra":"015","lote":"0020","sourceType":"OFFICIAL_IMPORT","mainAddress":"Setor Fiscal 002","zoneamento":"RESIDENCIAL","statusCadastral":"ATIVO","workflowStatus":"PENDENTE","isOfficial":true,"rawProperties":{"cd_identificador":6816961,"cd_identificador_original_lote":9162910,"cd_setor_fiscal":"002","cd_tipo_quadra":"F","tx_tipo_quadra":"FISCAL","cd_quadra_fiscal":"015","cd_subquadra_fiscal":null,"cd_condominio":"00","cd_tipo_lote":"F","tx_tipo_lote":"FISCAL","cd_lote":"0020","cd_situacao":1,"cd_digito_sql":"5","cd_logradouro":"050644","nm_logradouro_completo":"R DR CLAUDIO DE SOUSA","cd_numero_porta":"23","tx_complemento_endereco":null,"tx_situ_lote":"ATIVO","cd_tipo_uso_imovel":"10","dc_tipo_uso_imovel":"Residencial","cd_tipo_terreno_imovel":1,"qt_area_terreno":70,"qt_area_construida":50}}},{"type":"Feature","geometry":{"type":"Polygon","coordinates":[[[-46.624906,-23.388329],[-46.624952,-23.388317],[-46.625017,-23.388479],[-46.625055,-23.388571],[-46.625047,-23.388573],[-46.625012,-23.388581],[-46.624981,-23.388507],[-46.624972,-23.388486],[-46.624906,-23.388329]]]},"properties":{"sqlu":"SP-002-816812","inscription":"SP-GEOSAMPA-6816812","inscricaoImobiliaria":"SP-IMO-6816812","setor":"002","quadra":"001","lote":"0037","sourceType":"OFFICIAL_IMPORT","mainAddress":"Setor Fiscal 002","zoneamento":"RESIDENCIAL","statusCadastral":"ATIVO","workflowStatus":"PENDENTE","isOfficial":true,"rawProperties":{"cd_identificador":6816812,"cd_identificador_original_lote":9162454,"cd_setor_fiscal":"002","cd_tipo_quadra":"F","tx_tipo_quadra":"FISCAL","cd_quadra_fiscal":"001","cd_subquadra_fiscal":null,"cd_condominio":"00","cd_tipo_lote":"F","tx_tipo_lote":"FISCAL","cd_lote":"0037","cd_situacao":1,"cd_digito_sql":"8","cd_logradouro":"104850","nm_logradouro_completo":"R JOAO TEODORO","cd_numero_porta":"640","tx_complemento_endereco":null,"tx_situ_lote":"ATIVO","cd_tipo_uso_imovel":"10","dc_tipo_uso_imovel":"Residencial","cd_tipo_terreno_imovel":1,"qt_area_terreno":151,"qt_area_construida":120}}},{"type":"Feature","geometry":{"type":"Polygon","coordinates":[[[-46.625264,-23.388874],[-46.625534,-23.388836],[-46.625552,-23.388879],[-46.6253,-23.388913],[-46.625274,-23.388916],[-46.625264,-23.388874]]]},"properties":{"sqlu":"SP-002-817158","inscription":"SP-GEOSAMPA-6817158","inscricaoImobiliaria":"SP-IMO-6817158","setor":"002","quadra":"001","lote":"0011","sourceType":"OFFICIAL_IMPORT","mainAddress":"Setor Fiscal 002","zoneamento":"RESIDENCIAL","statusCadastral":"ATIVO","workflowStatus":"PENDENTE","isOfficial":true,"rawProperties":{"cd_identificador":6817158,"cd_identificador_original_lote":9162334,"cd_setor_fiscal":"002","cd_tipo_quadra":"F","tx_tipo_quadra":"FISCAL","cd_quadra_fiscal":"001","cd_subquadra_fiscal":null,"cd_condominio":"00","cd_tipo_lote":"F","tx_tipo_lote":"FISCAL","cd_lote":"0011","cd_situacao":1,"cd_digito_sql":"4","cd_logradouro":"041467","nm_logradouro_completo":"R DA CANTAREIRA","cd_numero_porta":"1128","tx_complemento_endereco":"E 1130","tx_situ_lote":"ATIVO","cd_tipo_uso_imovel":"43","dc_tipo_uso_imovel":"Não residencial","cd_tipo_terreno_imovel":1,"qt_area_terreno":125,"qt_area_construida":250}}},{"type":"Feature","geometry":{"type":"Polygon","coordinates":[[[-46.625264,-23.388874],[-46.625242,-23.388878],[-46.625223,-23.388829],[-46.625295,-23.388817],[-46.625348,-23.388809],[-46.625512,-23.388783],[-46.625534,-23.388836],[-46.625264,-23.388874]]]},"properties":{"sqlu":"SP-002-817159","inscription":"SP-GEOSAMPA-6817159","inscricaoImobiliaria":"SP-IMO-6817159","setor":"002","quadra":"001","lote":"0012","sourceType":"OFFICIAL_IMPORT","mainAddress":"Setor Fiscal 002","zoneamento":"RESIDENCIAL","statusCadastral":"ATIVO","workflowStatus":"PENDENTE","isOfficial":true,"rawProperties":{"cd_identificador":6817159,"cd_identificador_original_lote":9162335,"cd_setor_fiscal":"002","cd_tipo_quadra":"F","tx_tipo_quadra":"FISCAL","cd_quadra_fiscal":"001","cd_subquadra_fiscal":null,"cd_condominio":"00","cd_tipo_lote":"F","tx_tipo_lote":"FISCAL","cd_lote":"0012","cd_situacao":1,"cd_digito_sql":"2","cd_logradouro":"041467","nm_logradouro_completo":"R DA CANTAREIRA","cd_numero_porta":"1132","tx_complemento_endereco":null,"tx_situ_lote":"ATIVO","cd_tipo_uso_imovel":"42","dc_tipo_uso_imovel":"Não residencial","cd_tipo_terreno_imovel":1,"qt_area_terreno":183,"qt_area_construida":120}}},{"type":"Feature","geometry":{"type":"Polygon","coordinates":[[[-46.625192,-23.390774],[-46.625141,-23.390664],[-46.625186,-23.390647],[-46.625237,-23.390758],[-46.625192,-23.390774]]]},"properties":{"sqlu":"SP-002-817161","inscription":"SP-GEOSAMPA-6817161","inscricaoImobiliaria":"SP-IMO-6817161","setor":"002","quadra":"014","lote":"0006","sourceType":"OFFICIAL_IMPORT","mainAddress":"Setor Fiscal 002","zoneamento":"RESIDENCIAL","statusCadastral":"ATIVO","workflowStatus":"PENDENTE","isOfficial":true,"rawProperties":{"cd_identificador":6817161,"cd_identificador_original_lote":9163467,"cd_setor_fiscal":"002","cd_tipo_quadra":"F","tx_tipo_quadra":"FISCAL","cd_quadra_fiscal":"014","cd_subquadra_fiscal":null,"cd_condominio":"00","cd_tipo_lote":"F","tx_tipo_lote":"FISCAL","cd_lote":"0006","cd_situacao":1,"cd_digito_sql":"5","cd_logradouro":"076830","nm_logradouro_completo":"R EURICLES FELIX DE MATOS","cd_numero_porta":"14","tx_complemento_endereco":null,"tx_situ_lote":"ATIVO","cd_tipo_uso_imovel":"10","dc_tipo_uso_imovel":"Residencial","cd_tipo_terreno_imovel":1,"qt_area_terreno":70,"qt_area_construida":50}}},{"type":"Feature","geometry":{"type":"Polygon","coordinates":[[[-46.625476,-23.389156],[-46.625657,-23.389133],[-46.625686,-23.389203],[-46.625501,-23.389228],[-46.62549,-23.389194],[-46.625476,-23.389156]]]},"properties":{"sqlu":"SP-002-816843","inscription":"SP-GEOSAMPA-6816843","inscricaoImobiliaria":"SP-IMO-6816843","setor":"002","quadra":"001","lote":"0004","sourceType":"OFFICIAL_IMPORT","mainAddress":"Setor Fiscal 002","zoneamento":"RESIDENCIAL","statusCadastral":"ATIVO","workflowStatus":"PENDENTE","isOfficial":true,"rawProperties":{"cd_identificador":6816843,"cd_identificador_original_lote":9162330,"cd_setor_fiscal":"002","cd_tipo_quadra":"F","tx_tipo_quadra":"FISCAL","cd_quadra_fiscal":"001","cd_subquadra_fiscal":null,"cd_condominio":"00","cd_tipo_lote":"F","tx_tipo_lote":"FISCAL","cd_lote":"0004","cd_situacao":1,"cd_digito_sql":"1","cd_logradouro":"041467","nm_logradouro_completo":"R DA CANTAREIRA","cd_numero_porta":"1090","tx_complemento_endereco":"E 1094","tx_situ_lote":"ATIVO","cd_tipo_uso_imovel":"91","dc_tipo_uso_imovel":null,"cd_tipo_terreno_imovel":1,"qt_area_terreno":151,"qt_area_construida":469}}},{"type":"Feature","geometry":{"type":"Polygon","coordinates":[[[-46.625476,-23.389156],[-46.625465,-23.389124],[-46.625453,-23.389089],[-46.625493,-23.389085],[-46.625631,-23.389069],[-46.625657,-23.389133],[-46.625476,-23.389156]]]},"properties":{"sqlu":"SP-002-816844","inscription":"SP-GEOSAMPA-6816844","inscricaoImobiliaria":"SP-IMO-6816844","setor":"002","quadra":"001","lote":"0005","sourceType":"OFFICIAL_IMPORT","mainAddress":"Setor Fiscal 002","zoneamento":"RESIDENCIAL","statusCadastral":"ATIVO","workflowStatus":"PENDENTE","isOfficial":true,"rawProperties":{"cd_identificador":6816844,"cd_identificador_original_lote":9162331,"cd_setor_fiscal":"002","cd_tipo_quadra":"F","tx_tipo_quadra":"FISCAL","cd_quadra_fiscal":"001","cd_subquadra_fiscal":null,"cd_condominio":"00","cd_tipo_lote":"F","tx_tipo_lote":"FISCAL","cd_lote":"0005","cd_situacao":1,"cd_digito_sql":"1","cd_logradouro":"041467","nm_logradouro_completo":"R DA CANTAREIRA","cd_numero_porta":"1098","tx_complemento_endereco":"E 1100","tx_situ_lote":"ATIVO","cd_tipo_uso_imovel":"22","dc_tipo_uso_imovel":"Residencial","cd_tipo_terreno_imovel":1,"qt_area_terreno":154,"qt_area_construida":992}}},{"type":"Feature","geometry":{"type":"Polygon","coordinates":[[[-46.620938,-23.395064],[-46.620791,-23.395017],[-46.620661,-23.394974],[-46.620664,-23.394928],[-46.620954,-23.395022],[-46.620948,-23.395037],[-46.620938,-23.395064]]]},"properties":{"sqlu":"SP-002-816850","inscription":"SP-GEOSAMPA-6816850","inscricaoImobiliaria":"SP-IMO-6816850","setor":"002","quadra":"043","lote":"0080","sourceType":"OFFICIAL_IMPORT","mainAddress":"Setor Fiscal 002","zoneamento":"RESIDENCIAL","statusCadastral":"ATIVO","workflowStatus":"PENDENTE","isOfficial":true,"rawProperties":{"cd_identificador":6816850,"cd_identificador_original_lote":9163352,"cd_setor_fiscal":"002","cd_tipo_quadra":"F","tx_tipo_quadra":"FISCAL","cd_quadra_fiscal":"043","cd_subquadra_fiscal":null,"cd_condominio":"00","cd_tipo_lote":"F","tx_tipo_lote":"FISCAL","cd_lote":"0080","cd_situacao":1,"cd_digito_sql":"0","cd_logradouro":"012769","nm_logradouro_completo":"R MONS ANDRADE","cd_numero_porta":"533","tx_complemento_endereco":null,"tx_situ_lote":"ATIVO","cd_tipo_uso_imovel":"72","dc_tipo_uso_imovel":"Não residencial","cd_tipo_terreno_imovel":1,"qt_area_terreno":159,"qt_area_construida":200}}},{"type":"Feature","geometry":{"type":"Polygon","coordinates":[[[-46.624906,-23.388329],[-46.624972,-23.388486],[-46.624981,-23.388507],[-46.625012,-23.388581],[-46.624969,-23.388592],[-46.624956,-23.388595],[-46.624944,-23.388566],[-46.624856,-23.388342],[-46.624906,-23.388329]]]},"properties":{"sqlu":"SP-002-816813","inscription":"SP-GEOSAMPA-6816813","inscricaoImobiliaria":"SP-IMO-6816813","setor":"002","quadra":"001","lote":"0038","sourceType":"OFFICIAL_IMPORT","mainAddress":"Setor Fiscal 002","zoneamento":"RESIDENCIAL","statusCadastral":"ATIVO","workflowStatus":"PENDENTE","isOfficial":true,"rawProperties":{"cd_identificador":6816813,"cd_identificador_original_lote":9162455,"cd_setor_fiscal":"002","cd_tipo_quadra":"F","tx_tipo_quadra":"FISCAL","cd_quadra_fiscal":"001","cd_subquadra_fiscal":null,"cd_condominio":"00","cd_tipo_lote":"F","tx_tipo_lote":"FISCAL","cd_lote":"0038","cd_situacao":1,"cd_digito_sql":"6","cd_logradouro":"104850","nm_logradouro_completo":"R JOAO TEODORO","cd_numero_porta":"648","tx_complemento_endereco":null,"tx_situ_lote":"ATIVO","cd_tipo_uso_imovel":"40","dc_tipo_uso_imovel":"Não residencial","cd_tipo_terreno_imovel":1,"qt_area_terreno":148,"qt_area_construida":120}}},{"type":"Feature","geometry":{"type":"Polygon","coordinates":[[[-46.623307,-23.396959],[-46.62336,-23.396971],[-46.623347,-23.397015],[-46.623463,-23.397041],[-46.623471,-23.397043],[-46.623545,-23.39706],[-46.623528,-23.397105],[-46.623279,-23.397043],[-46.623292,-23.397003],[-46.623307,-23.396959]]]},"properties":{"sqlu":"SP-002-816820","inscription":"SP-GEOSAMPA-6816820","inscricaoImobiliaria":"SP-IMO-6816820","setor":"002","quadra":"046","lote":"0003","sourceType":"OFFICIAL_IMPORT","mainAddress":"Setor Fiscal 002","zoneamento":"RESIDENCIAL","statusCadastral":"ATIVO","workflowStatus":"PENDENTE","isOfficial":true,"rawProperties":{"cd_identificador":6816820,"cd_identificador_original_lote":9163414,"cd_setor_fiscal":"002","cd_tipo_quadra":"F","tx_tipo_quadra":"FISCAL","cd_quadra_fiscal":"046","cd_subquadra_fiscal":null,"cd_condominio":"00","cd_tipo_lote":"F","tx_tipo_lote":"FISCAL","cd_lote":"0003","cd_situacao":1,"cd_digito_sql":"0","cd_logradouro":"120456","nm_logradouro_completo":"R DO LUCAS","cd_numero_porta":"184","tx_complemento_endereco":null,"tx_situ_lote":"ATIVO","cd_tipo_uso_imovel":"10","dc_tipo_uso_imovel":"Residencial","cd_tipo_terreno_imovel":1,"qt_area_terreno":155,"qt_area_construida":70}}},{"type":"Feature","geometry":{"type":"Polygon","coordinates":[[[-46.624377,-23.395364],[-46.624355,-23.395358],[-46.624443,-23.39508],[-46.624528,-23.395104],[-46.624436,-23.395382],[-46.624431,-23.395381],[-46.624377,-23.395364]]]},"properties":{"sqlu":"SP-002-743714","inscription":"SP-GEOSAMPA-2743714","inscricaoImobiliaria":"SP-IMO-2743714","setor":"002","quadra":"038","lote":"0059","sourceType":"OFFICIAL_IMPORT","mainAddress":"Setor Fiscal 002","zoneamento":"RESIDENCIAL","statusCadastral":"ATIVO","workflowStatus":"PENDENTE","isOfficial":true,"rawProperties":{"cd_identificador":2743714,"cd_identificador_original_lote":9163061,"cd_setor_fiscal":"002","cd_tipo_quadra":"F","tx_tipo_quadra":"FISCAL","cd_quadra_fiscal":"038","cd_subquadra_fiscal":null,"cd_condominio":"00","cd_tipo_lote":"F","tx_tipo_lote":"FISCAL","cd_lote":"0059","cd_situacao":1,"cd_digito_sql":"1","cd_logradouro":"010847","nm_logradouro_completo":"R PROF EURIPEDES SIMOES DE PAULA","cd_numero_porta":"250","tx_complemento_endereco":null,"tx_situ_lote":"ATIVO","cd_tipo_uso_imovel":"40","dc_tipo_uso_imovel":"Não residencial","cd_tipo_terreno_imovel":1,"qt_area_terreno":262,"qt_area_construida":240}}},{"type":"Feature","geometry":{"type":"Polygon","coordinates":[[[-46.625197,-23.388537],[-46.625153,-23.388548],[-46.625136,-23.388509],[-46.625129,-23.388494],[-46.625043,-23.388295],[-46.625091,-23.388283],[-46.625122,-23.388356],[-46.625182,-23.388501],[-46.625197,-23.388537]]]},"properties":{"sqlu":"SP-002-816868","inscription":"SP-GEOSAMPA-6816868","inscricaoImobiliaria":"SP-IMO-6816868","setor":"002","quadra":"001","lote":"0034","sourceType":"OFFICIAL_IMPORT","mainAddress":"Setor Fiscal 002","zoneamento":"RESIDENCIAL","statusCadastral":"ATIVO","workflowStatus":"PENDENTE","isOfficial":true,"rawProperties":{"cd_identificador":6816868,"cd_identificador_original_lote":9162451,"cd_setor_fiscal":"002","cd_tipo_quadra":"F","tx_tipo_quadra":"FISCAL","cd_quadra_fiscal":"001","cd_subquadra_fiscal":null,"cd_condominio":"00","cd_tipo_lote":"F","tx_tipo_lote":"FISCAL","cd_lote":"0034","cd_situacao":1,"cd_digito_sql":"3","cd_logradouro":"104850","nm_logradouro_completo":"R JOAO TEODORO","cd_numero_porta":"628","tx_complemento_endereco":null,"tx_situ_lote":"ATIVO","cd_tipo_uso_imovel":"40","dc_tipo_uso_imovel":"Não residencial","cd_tipo_terreno_imovel":1,"qt_area_terreno":150,"qt_area_construida":120}}},{"type":"Feature","geometry":{"type":"Polygon","coordinates":[[[-46.624576,-23.38841],[-46.624633,-23.388549],[-46.624568,-23.388569],[-46.624511,-23.388424],[-46.624576,-23.38841]]]},"properties":{"sqlu":"SP-002-817309","inscription":"SP-GEOSAMPA-6817309","inscricaoImobiliaria":"SP-IMO-6817309","setor":"002","quadra":"001","lote":"0045","sourceType":"OFFICIAL_IMPORT","mainAddress":"Setor Fiscal 002","zoneamento":"RESIDENCIAL","statusCadastral":"ATIVO","workflowStatus":"PENDENTE","isOfficial":true,"rawProperties":{"cd_identificador":6817309,"cd_identificador_original_lote":9162460,"cd_setor_fiscal":"002","cd_tipo_quadra":"F","tx_tipo_quadra":"FISCAL","cd_quadra_fiscal":"001","cd_subquadra_fiscal":null,"cd_condominio":"00","cd_tipo_lote":"F","tx_tipo_lote":"FISCAL","cd_lote":"0045","cd_situacao":1,"cd_digito_sql":"9","cd_logradouro":"104850","nm_logradouro_completo":"R JOAO TEODORO","cd_numero_porta":"680","tx_complemento_endereco":"E 684","tx_situ_lote":"ATIVO","cd_tipo_uso_imovel":"42","dc_tipo_uso_imovel":"Não residencial","cd_tipo_terreno_imovel":1,"qt_area_terreno":123,"qt_area_construida":183}}},{"type":"Feature","geometry":{"type":"Polygon","coordinates":[[[-46.625325,-23.39095],[-46.625373,-23.390933],[-46.625426,-23.391048],[-46.625377,-23.391066],[-46.625325,-23.39095]]]},"properties":{"sqlu":"SP-002-816838","inscription":"SP-GEOSAMPA-6816838","inscricaoImobiliaria":"SP-IMO-6816838","setor":"002","quadra":"015","lote":"0007","sourceType":"OFFICIAL_IMPORT","mainAddress":"Setor Fiscal 002","zoneamento":"RESIDENCIAL","statusCadastral":"ATIVO","workflowStatus":"PENDENTE","isOfficial":true,"rawProperties":{"cd_identificador":6816838,"cd_identificador_original_lote":9162905,"cd_setor_fiscal":"002","cd_tipo_quadra":"F","tx_tipo_quadra":"FISCAL","cd_quadra_fiscal":"015","cd_subquadra_fiscal":null,"cd_condominio":"00","cd_tipo_lote":"F","tx_tipo_lote":"FISCAL","cd_lote":"0007","cd_situacao":1,"cd_digito_sql":"8","cd_logradouro":"117480","nm_logradouro_completo":"R DOS CANTORES","cd_numero_porta":"12","tx_complemento_endereco":null,"tx_situ_lote":"ATIVO","cd_tipo_uso_imovel":"10","dc_tipo_uso_imovel":"Residencial","cd_tipo_terreno_imovel":1,"qt_area_terreno":70,"qt_area_construida":50}}},{"type":"Feature","geometry":{"type":"Polygon","coordinates":[[[-46.625277,-23.390967],[-46.625325,-23.39095],[-46.625377,-23.391066],[-46.625329,-23.391084],[-46.625277,-23.390967]]]},"properties":{"sqlu":"SP-002-817295","inscription":"SP-GEOSAMPA-6817295","inscricaoImobiliaria":"SP-IMO-6817295","setor":"002","quadra":"015","lote":"0006","sourceType":"OFFICIAL_IMPORT","mainAddress":"Setor Fiscal 002","zoneamento":"RESIDENCIAL","statusCadastral":"ATIVO","workflowStatus":"PENDENTE","isOfficial":true,"rawProperties":{"cd_identificador":6817295,"cd_identificador_original_lote":9162906,"cd_setor_fiscal":"002","cd_tipo_quadra":"F","tx_tipo_quadra":"FISCAL","cd_quadra_fiscal":"015","cd_subquadra_fiscal":null,"cd_condominio":"00","cd_tipo_lote":"F","tx_tipo_lote":"FISCAL","cd_lote":"0006","cd_situacao":1,"cd_digito_sql":"1","cd_logradouro":"117480","nm_logradouro_completo":"R DOS CANTORES","cd_numero_porta":"14","tx_complemento_endereco":null,"tx_situ_lote":"ATIVO","cd_tipo_uso_imovel":"10","dc_tipo_uso_imovel":"Residencial","cd_tipo_terreno_imovel":1,"qt_area_terreno":70,"qt_area_construida":50}}},{"type":"Feature","geometry":{"type":"Polygon","coordinates":[[[-46.625277,-23.390967],[-46.625329,-23.391084],[-46.625286,-23.3911],[-46.625281,-23.391089],[-46.625269,-23.391061],[-46.625236,-23.390982],[-46.625277,-23.390967]]]},"properties":{"sqlu":"SP-002-817296","inscription":"SP-GEOSAMPA-6817296","inscricaoImobiliaria":"SP-IMO-6817296","setor":"002","quadra":"015","lote":"0005","sourceType":"OFFICIAL_IMPORT","mainAddress":"Setor Fiscal 002","zoneamento":"RESIDENCIAL","statusCadastral":"ATIVO","workflowStatus":"PENDENTE","isOfficial":true,"rawProperties":{"cd_identificador":6817296,"cd_identificador_original_lote":9162907,"cd_setor_fiscal":"002","cd_tipo_quadra":"F","tx_tipo_quadra":"FISCAL","cd_quadra_fiscal":"015","cd_subquadra_fiscal":null,"cd_condominio":"00","cd_tipo_lote":"F","tx_tipo_lote":"FISCAL","cd_lote":"0005","cd_situacao":1,"cd_digito_sql":"1","cd_logradouro":"117480","nm_logradouro_completo":"R DOS CANTORES","cd_numero_porta":"16","tx_complemento_endereco":null,"tx_situ_lote":"ATIVO","cd_tipo_uso_imovel":"10","dc_tipo_uso_imovel":"Residencial","cd_tipo_terreno_imovel":1,"qt_area_terreno":68,"qt_area_construida":50}}},{"type":"Feature","geometry":{"type":"Polygon","coordinates":[[[-46.62502,-23.389232],[-46.625092,-23.389217],[-46.625108,-23.389253],[-46.62519,-23.389236],[-46.625201,-23.389261],[-46.625161,-23.389271],[-46.625121,-23.389281],[-46.625082,-23.38929],[-46.625043,-23.3893],[-46.625035,-23.389281],[-46.625019,-23.389246],[-46.624985,-23.389254],[-46.624898,-23.389277],[-46.624785,-23.389306],[-46.624776,-23.389286],[-46.624975,-23.389239],[-46.62502,-23.389232]]]},"properties":{"sqlu":"SP-002-816888","inscription":"SP-GEOSAMPA-6816888","inscricaoImobiliaria":"SP-IMO-6816888","setor":"002","quadra":"001","lote":"0001","sourceType":"OFFICIAL_IMPORT","mainAddress":"Setor Fiscal 002","zoneamento":"RESIDENCIAL","statusCadastral":"ATIVO","workflowStatus":"PENDENTE","isOfficial":true,"rawProperties":{"cd_identificador":6816888,"cd_identificador_original_lote":9162784,"cd_setor_fiscal":"002","cd_tipo_quadra":"F","tx_tipo_quadra":"FISCAL","cd_quadra_fiscal":"001","cd_subquadra_fiscal":null,"cd_condominio":"00","cd_tipo_lote":"V","tx_tipo_lote":"Via de Acesso","cd_lote":"0001","cd_situacao":1,"cd_digito_sql":null,"cd_logradouro":null,"nm_logradouro_completo":null,"cd_numero_porta":null,"tx_complemento_endereco":null,"tx_situ_lote":null,"cd_tipo_uso_imovel":null,"dc_tipo_uso_imovel":null,"cd_tipo_terreno_imovel":null,"qt_area_terreno":null,"qt_area_construida":null}}},{"type":"Feature","geometry":{"type":"Polygon","coordinates":[[[-46.618914,-23.397165],[-46.618883,-23.397211],[-46.618878,-23.397218],[-46.618873,-23.397226],[-46.618846,-23.397266],[-46.618814,-23.397314],[-46.618796,-23.397341],[-46.618778,-23.397368],[-46.618771,-23.397378],[-46.618755,-23.397369],[-46.61872,-23.397349],[-46.618696,-23.397335],[-46.61875,-23.397256],[-46.618804,-23.397176],[-46.618781,-23.397163],[-46.618817,-23.397112],[-46.618843,-23.397074],[-46.61887,-23.397036],[-46.618898,-23.396996],[-46.618924,-23.39696],[-46.618952,-23.39692],[-46.618965,-23.3969],[-46.618995,-23.396858],[-46.619022,-23.396819],[-46.61905,-23.39678],[-46.619075,-23.396745],[-46.619105,-23.396702],[-46.619085,-23.396689],[-46.619102,-23.396665],[-46.619159,-23.396587],[-46.619176,-23.396564],[-46.619205,-23.396582],[-46.6193,-23.396445],[-46.619325,-23.396464],[-46.619254,-23.396574],[-46.619293,-23.396598],[-46.619288,-23.396605],[-46.61926,-23.396648],[-46.619233,-23.396687],[-46.619208,-23.396725],[-46.619182,-23.396764],[-46.619157,-23.396801],[-46.619126,-23.396847],[-46.619114,-23.396865],[-46.619087,-23.396906],[-46.619062,-23.396944],[-46.619036,-23.396982],[-46.61901,-23.397021],[-46.618984,-23.39706],[-46.618954,-23.397104],[-46.618943,-23.397122],[-46.618914,-23.397165]]]},"properties":{"sqlu":"SP-002-816965","inscription":"SP-GEOSAMPA-6816965","inscricaoImobiliaria":"SP-IMO-6816965","setor":"002","quadra":"057","lote":"0001","sourceType":"OFFICIAL_IMPORT","mainAddress":"Setor Fiscal 002","zoneamento":"RESIDENCIAL","statusCadastral":"ATIVO","workflowStatus":"PENDENTE","isOfficial":true,"rawProperties":{"cd_identificador":6816965,"cd_identificador_original_lote":9164252,"cd_setor_fiscal":"002","cd_tipo_quadra":"F","tx_tipo_quadra":"FISCAL","cd_quadra_fiscal":"057","cd_subquadra_fiscal":null,"cd_condominio":"00","cd_tipo_lote":"V","tx_tipo_lote":"Via de Acesso","cd_lote":"0001","cd_situacao":1,"cd_digito_sql":null,"cd_logradouro":null,"nm_logradouro_completo":null,"cd_numero_porta":null,"tx_complemento_endereco":null,"tx_situ_lote":null,"cd_tipo_uso_imovel":null,"dc_tipo_uso_imovel":null,"cd_tipo_terreno_imovel":null,"qt_area_terreno":null,"qt_area_construida":null}}},{"type":"Feature","geometry":{"type":"Polygon","coordinates":[[[-46.625099,-23.389439],[-46.625138,-23.389433],[-46.625176,-23.389428],[-46.625192,-23.389423],[-46.625203,-23.38945],[-46.625296,-23.389678],[-46.625202,-23.389693],[-46.625162,-23.389594],[-46.625143,-23.389547],[-46.625107,-23.389459],[-46.625102,-23.389445],[-46.625099,-23.389439]]]},"properties":{"sqlu":"SP-002-816834","inscription":"SP-GEOSAMPA-6816834","inscricaoImobiliaria":"SP-IMO-6816834","setor":"002","quadra":"001","lote":"0089","sourceType":"OFFICIAL_IMPORT","mainAddress":"Setor Fiscal 002","zoneamento":"RESIDENCIAL","statusCadastral":"ATIVO","workflowStatus":"PENDENTE","isOfficial":true,"rawProperties":{"cd_identificador":6816834,"cd_identificador_original_lote":9162320,"cd_setor_fiscal":"002","cd_tipo_quadra":"F","tx_tipo_quadra":"FISCAL","cd_quadra_fiscal":"001","cd_subquadra_fiscal":null,"cd_condominio":"00","cd_tipo_lote":"F","tx_tipo_lote":"FISCAL","cd_lote":"0089","cd_situacao":1,"cd_digito_sql":"0","cd_logradouro":"038121","nm_logradouro_completo":"R S CAETANO","cd_numero_porta":"651","tx_complemento_endereco":"E 659","tx_situ_lote":"ATIVO","cd_tipo_uso_imovel":"40","dc_tipo_uso_imovel":"Não residencial","cd_tipo_terreno_imovel":1,"qt_area_terreno":295,"qt_area_construida":480}}},{"type":"Feature","geometry":{"type":"Polygon","coordinates":[[[-46.625202,-23.389693],[-46.625104,-23.389708],[-46.625077,-23.389642],[-46.625066,-23.389614],[-46.625046,-23.389564],[-46.625016,-23.389488],[-46.625003,-23.389455],[-46.625047,-23.389446],[-46.625035,-23.389409],[-46.625083,-23.389398],[-46.625099,-23.389439],[-46.625102,-23.389445],[-46.625107,-23.389459],[-46.625143,-23.389547],[-46.625162,-23.389594],[-46.625202,-23.389693]]]},"properties":{"sqlu":"SP-002-817095","inscription":"SP-GEOSAMPA-6817095","inscricaoImobiliaria":"SP-IMO-6817095","setor":"002","quadra":"001","lote":"0093","sourceType":"OFFICIAL_IMPORT","mainAddress":"Setor Fiscal 002","zoneamento":"RESIDENCIAL","statusCadastral":"ATIVO","workflowStatus":"PENDENTE","isOfficial":true,"rawProperties":{"cd_identificador":6817095,"cd_identificador_original_lote":9162478,"cd_setor_fiscal":"002","cd_tipo_quadra":"F","tx_tipo_quadra":"FISCAL","cd_quadra_fiscal":"001","cd_subquadra_fiscal":null,"cd_condominio":"00","cd_tipo_lote":"F","tx_tipo_lote":"FISCAL","cd_lote":"0093","cd_situacao":1,"cd_digito_sql":"9","cd_logradouro":"038121","nm_logradouro_completo":"R S CAETANO","cd_numero_porta":"663","tx_complemento_endereco":"665 E 669","tx_situ_lote":"ATIVO","cd_tipo_uso_imovel":"22","dc_tipo_uso_imovel":"Residencial","cd_tipo_terreno_imovel":1,"qt_area_terreno":300,"qt_area_construida":1200}}},{"type":"Feature","geometry":{"type":"Polygon","coordinates":[[[-46.623114,-23.396058],[-46.62307,-23.396042],[-46.6231,-23.395964],[-46.623117,-23.395918],[-46.623135,-23.395873],[-46.623182,-23.39589],[-46.623177,-23.395902],[-46.623114,-23.396058]]]},"properties":{"sqlu":"SP-002-743826","inscription":"SP-GEOSAMPA-2743826","inscricaoImobiliaria":"SP-IMO-2743826","setor":"002","quadra":"042","lote":"0017","sourceType":"OFFICIAL_IMPORT","mainAddress":"Setor Fiscal 002","zoneamento":"RESIDENCIAL","statusCadastral":"ATIVO","workflowStatus":"PENDENTE","isOfficial":true,"rawProperties":{"cd_identificador":2743826,"cd_identificador_original_lote":9163676,"cd_setor_fiscal":"002","cd_tipo_quadra":"F","tx_tipo_quadra":"FISCAL","cd_quadra_fiscal":"042","cd_subquadra_fiscal":null,"cd_condominio":"00","cd_tipo_lote":"F","tx_tipo_lote":"FISCAL","cd_lote":"0017","cd_situacao":1,"cd_digito_sql":"2","cd_logradouro":"070173","nm_logradouro_completo":"R FERNANDES SILVA","cd_numero_porta":"89","tx_complemento_endereco":null,"tx_situ_lote":"ATIVO","cd_tipo_uso_imovel":"51","dc_tipo_uso_imovel":"Não residencial","cd_tipo_terreno_imovel":1,"qt_area_terreno":75,"qt_area_construida":70}}},{"type":"Feature","geometry":{"type":"Polygon","coordinates":[[[-46.623114,-23.396058],[-46.623177,-23.395902],[-46.623182,-23.39589],[-46.623249,-23.395913],[-46.623244,-23.395926],[-46.62318,-23.396081],[-46.623114,-23.396058]]]},"properties":{"sqlu":"SP-002-743827","inscription":"SP-GEOSAMPA-2743827","inscricaoImobiliaria":"SP-IMO-2743827","setor":"002","quadra":"042","lote":"0047","sourceType":"OFFICIAL_IMPORT","mainAddress":"Setor Fiscal 002","zoneamento":"RESIDENCIAL","statusCadastral":"ATIVO","workflowStatus":"PENDENTE","isOfficial":true,"rawProperties":{"cd_identificador":2743827,"cd_identificador_original_lote":9162646,"cd_setor_fiscal":"002","cd_tipo_quadra":"F","tx_tipo_quadra":"FISCAL","cd_quadra_fiscal":"042","cd_subquadra_fiscal":null,"cd_condominio":"00","cd_tipo_lote":"F","tx_tipo_lote":"FISCAL","cd_lote":"0047","cd_situacao":1,"cd_digito_sql":"4","cd_logradouro":"070173","nm_logradouro_completo":"R FERNANDES SILVA","cd_numero_porta":"81","tx_complemento_endereco":"E 87","tx_situ_lote":"ATIVO","cd_tipo_uso_imovel":"42","dc_tipo_uso_imovel":"Não residencial","cd_tipo_terreno_imovel":1,"qt_area_terreno":158,"qt_area_construida":300}}},{"type":"Feature","geometry":{"type":"Polygon","coordinates":[[[-46.625307,-23.391225],[-46.625338,-23.3913],[-46.625358,-23.391347],[-46.625368,-23.391372],[-46.625383,-23.391407],[-46.625392,-23.391427],[-46.625362,-23.391435],[-46.625337,-23.391441],[-46.625288,-23.391454],[-46.625201,-23.391258],[-46.625277,-23.391231],[-46.625307,-23.391225]]]},"properties":{"sqlu":"SP-002-816728","inscription":"SP-GEOSAMPA-6816728","inscricaoImobiliaria":"SP-IMO-6816728","setor":"002","quadra":"016","lote":"0001","sourceType":"OFFICIAL_IMPORT","mainAddress":"Setor Fiscal 002","zoneamento":"RESIDENCIAL","statusCadastral":"ATIVO","workflowStatus":"PENDENTE","isOfficial":true,"rawProperties":{"cd_identificador":6816728,"cd_identificador_original_lote":9162399,"cd_setor_fiscal":"002","cd_tipo_quadra":"F","tx_tipo_quadra":"FISCAL","cd_quadra_fiscal":"016","cd_subquadra_fiscal":null,"cd_condominio":"00","cd_tipo_lote":"M","tx_tipo_lote":"MUNICIPAL","cd_lote":"0001","cd_situacao":1,"cd_digito_sql":null,"cd_logradouro":null,"nm_logradouro_completo":null,"cd_numero_porta":null,"tx_complemento_endereco":null,"tx_situ_lote":null,"cd_tipo_uso_imovel":null,"dc_tipo_uso_imovel":null,"cd_tipo_terreno_imovel":null,"qt_area_terreno":null,"qt_area_construida":null}}},{"type":"Feature","geometry":{"type":"Polygon","coordinates":[[[-46.619007,-23.397293],[-46.619034,-23.39723],[-46.619051,-23.397237],[-46.619086,-23.397251],[-46.619164,-23.397283],[-46.619191,-23.397294],[-46.619176,-23.397344],[-46.619167,-23.397374],[-46.619146,-23.397446],[-46.619066,-23.397716],[-46.618882,-23.397673],[-46.618946,-23.397452],[-46.618954,-23.397425],[-46.618961,-23.397398],[-46.618984,-23.397346],[-46.619007,-23.397293]]]},"properties":{"sqlu":"SP-002-817258","inscription":"SP-GEOSAMPA-6817258","inscricaoImobiliaria":"SP-IMO-6817258","setor":"002","quadra":"057","lote":"0088","sourceType":"OFFICIAL_IMPORT","mainAddress":"Setor Fiscal 002","zoneamento":"RESIDENCIAL","statusCadastral":"ATIVO","workflowStatus":"PENDENTE","isOfficial":true,"rawProperties":{"cd_identificador":6817258,"cd_identificador_original_lote":9163480,"cd_setor_fiscal":"002","cd_tipo_quadra":"F","tx_tipo_quadra":"FISCAL","cd_quadra_fiscal":"057","cd_subquadra_fiscal":null,"cd_condominio":"00","cd_tipo_lote":"F","tx_tipo_lote":"FISCAL","cd_lote":"0088","cd_situacao":1,"cd_digito_sql":"8","cd_logradouro":"077860","nm_logradouro_completo":"R DO GASOMETRO","cd_numero_porta":"601","tx_complemento_endereco":"607 615","tx_situ_lote":"ATIVO","cd_tipo_uso_imovel":"40","dc_tipo_uso_imovel":"Não residencial","cd_tipo_terreno_imovel":1,"qt_area_terreno":1000,"qt_area_construida":1617}}},{"type":"Feature","geometry":{"type":"Polygon","coordinates":[[[-46.619007,-23.397293],[-46.618984,-23.397346],[-46.61896,-23.397332],[-46.618846,-23.397266],[-46.618873,-23.397226],[-46.618878,-23.397218],[-46.618954,-23.397263],[-46.618984,-23.39728],[-46.619007,-23.397293]]]},"properties":{"sqlu":"SP-002-817259","inscription":"SP-GEOSAMPA-6817259","inscricaoImobiliaria":"SP-IMO-6817259","setor":"002","quadra":"057","lote":"0089","sourceType":"OFFICIAL_IMPORT","mainAddress":"Setor Fiscal 002","zoneamento":"RESIDENCIAL","statusCadastral":"ATIVO","workflowStatus":"PENDENTE","isOfficial":true,"rawProperties":{"cd_identificador":6817259,"cd_identificador_original_lote":9163645,"cd_setor_fiscal":"002","cd_tipo_quadra":"F","tx_tipo_quadra":"FISCAL","cd_quadra_fiscal":"057","cd_subquadra_fiscal":null,"cd_condominio":"00","cd_tipo_lote":"F","tx_tipo_lote":"FISCAL","cd_lote":"0089","cd_situacao":1,"cd_digito_sql":"6","cd_logradouro":"177067","nm_logradouro_completo":"R SAMPAIO MOREIRA","cd_numero_porta":"110","tx_complemento_endereco":"CS 29","tx_situ_lote":"ATIVO","cd_tipo_uso_imovel":"10","dc_tipo_uso_imovel":"Residencial","cd_tipo_terreno_imovel":4,"qt_area_terreno":88,"qt_area_construida":90}}},{"type":"Feature","geometry":{"type":"Polygon","coordinates":[[[-46.623585,-23.396155],[-46.623612,-23.396165],[-46.623871,-23.396256],[-46.623853,-23.396301],[-46.623842,-23.396308],[-46.623563,-23.396213],[-46.623585,-23.396155]]]},"properties":{"sqlu":"SP-002-743932","inscription":"SP-GEOSAMPA-2743932","inscricaoImobiliaria":"SP-IMO-2743932","setor":"002","quadra":"042","lote":"0048","sourceType":"OFFICIAL_IMPORT","mainAddress":"Setor Fiscal 002","zoneamento":"RESIDENCIAL","statusCadastral":"ATIVO","workflowStatus":"PENDENTE","isOfficial":true,"rawProperties":{"cd_identificador":2743932,"cd_identificador_original_lote":9163677,"cd_setor_fiscal":"002","cd_tipo_quadra":"F","tx_tipo_quadra":"FISCAL","cd_quadra_fiscal":"042","cd_subquadra_fiscal":null,"cd_condominio":"00","cd_tipo_lote":"F","tx_tipo_lote":"FISCAL","cd_lote":"0048","cd_situacao":1,"cd_digito_sql":"2","cd_logradouro":"070173","nm_logradouro_completo":"R FERNANDES SILVA","cd_numero_porta":"15","tx_complemento_endereco":"A 33","tx_situ_lote":"ATIVO","cd_tipo_uso_imovel":"22","dc_tipo_uso_imovel":"Residencial","cd_tipo_terreno_imovel":2,"qt_area_terreno":185,"qt_area_construida":1680}}},{"type":"Feature","geometry":{"type":"Polygon","coordinates":[[[-46.625055,-23.388571],[-46.625104,-23.388559],[-46.625113,-23.388557],[-46.625153,-23.388548],[-46.625197,-23.388537],[-46.625247,-23.388525],[-46.625387,-23.388492],[-46.625465,-23.388674],[-46.625222,-23.388735],[-46.625189,-23.388743],[-46.625171,-23.388747],[-46.625137,-23.388755],[-46.625094,-23.388766],[-46.625046,-23.388776],[-46.625039,-23.388759],[-46.62502,-23.388714],[-46.625004,-23.388676],[-46.624984,-23.388626],[-46.624969,-23.388592],[-46.625012,-23.388581],[-46.625047,-23.388573],[-46.625055,-23.388571]]]},"properties":{"sqlu":"SP-002-816895","inscription":"SP-GEOSAMPA-6816895","inscricaoImobiliaria":"SP-IMO-6816895","setor":"002","quadra":"001","lote":"0091","sourceType":"OFFICIAL_IMPORT","mainAddress":"Setor Fiscal 002","zoneamento":"RESIDENCIAL","statusCadastral":"ATIVO","workflowStatus":"PENDENTE","isOfficial":true,"rawProperties":{"cd_identificador":6816895,"cd_identificador_original_lote":9162338,"cd_setor_fiscal":"002","cd_tipo_quadra":"F","tx_tipo_quadra":"FISCAL","cd_quadra_fiscal":"001","cd_subquadra_fiscal":null,"cd_condominio":"00","cd_tipo_lote":"F","tx_tipo_lote":"FISCAL","cd_lote":"0091","cd_situacao":1,"cd_digito_sql":"2","cd_logradouro":"041467","nm_logradouro_completo":"R DA CANTAREIRA","cd_numero_porta":"1152","tx_complemento_endereco":"1156 1162 E 1168","tx_situ_lote":"ATIVO","cd_tipo_uso_imovel":"22","dc_tipo_uso_imovel":"Residencial","cd_tipo_terreno_imovel":1,"qt_area_terreno":1000,"qt_area_construida":2180}}},{"type":"Feature","geometry":{"type":"Polygon","coordinates":[[[-46.624499,-23.38863],[-46.624484,-23.388595],[-46.624568,-23.388569],[-46.624633,-23.388549],[-46.624647,-23.388584],[-46.624499,-23.38863]]]},"properties":{"sqlu":"SP-002-816897","inscription":"SP-GEOSAMPA-6816897","inscricaoImobiliaria":"SP-IMO-6816897","setor":"002","quadra":"001","lote":"0047","sourceType":"OFFICIAL_IMPORT","mainAddress":"Setor Fiscal 002","zoneamento":"RESIDENCIAL","statusCadastral":"ATIVO","workflowStatus":"PENDENTE","isOfficial":true,"rawProperties":{"cd_identificador":6816897,"cd_identificador_original_lote":9162462,"cd_setor_fiscal":"002","cd_tipo_quadra":"F","tx_tipo_quadra":"FISCAL","cd_quadra_fiscal":"001","cd_subquadra_fiscal":null,"cd_condominio":"00","cd_tipo_lote":"F","tx_tipo_lote":"FISCAL","cd_lote":"0047","cd_situacao":1,"cd_digito_sql":"5","cd_logradouro":"158720","nm_logradouro_completo":"R PEDRO ALVARES CABRAL","cd_numero_porta":"141","tx_complemento_endereco":null,"tx_situ_lote":"ATIVO","cd_tipo_uso_imovel":"10","dc_tipo_uso_imovel":"Residencial","cd_tipo_terreno_imovel":1,"qt_area_terreno":58,"qt_area_construida":50}}},{"type":"Feature","geometry":{"type":"Polygon","coordinates":[[[-46.624499,-23.38863],[-46.624647,-23.388584],[-46.624662,-23.388619],[-46.624637,-23.388627],[-46.62463,-23.388629],[-46.624601,-23.388638],[-46.624514,-23.388666],[-46.624499,-23.38863]]]},"properties":{"sqlu":"SP-002-816898","inscription":"SP-GEOSAMPA-6816898","inscricaoImobiliaria":"SP-IMO-6816898","setor":"002","quadra":"001","lote":"0048","sourceType":"OFFICIAL_IMPORT","mainAddress":"Setor Fiscal 002","zoneamento":"RESIDENCIAL","statusCadastral":"ATIVO","workflowStatus":"PENDENTE","isOfficial":true,"rawProperties":{"cd_identificador":6816898,"cd_identificador_original_lote":9163244,"cd_setor_fiscal":"002","cd_tipo_quadra":"F","tx_tipo_quadra":"FISCAL","cd_quadra_fiscal":"001","cd_subquadra_fiscal":null,"cd_condominio":"00","cd_tipo_lote":"F","tx_tipo_lote":"FISCAL","cd_lote":"0048","cd_situacao":1,"cd_digito_sql":"3","cd_logradouro":"158720","nm_logradouro_completo":"R PEDRO ALVARES CABRAL","cd_numero_porta":"133","tx_complemento_endereco":null,"tx_situ_lote":"ATIVO","cd_tipo_uso_imovel":"10","dc_tipo_uso_imovel":"Residencial","cd_tipo_terreno_imovel":1,"qt_area_terreno":62,"qt_area_construida":50}}},{"type":"Feature","geometry":{"type":"Polygon","coordinates":[[[-46.620868,-23.395241],[-46.620646,-23.395167],[-46.62065,-23.395118],[-46.620715,-23.395139],[-46.620777,-23.395158],[-46.620871,-23.395189],[-46.620887,-23.395194],[-46.620877,-23.395219],[-46.620868,-23.395241]]]},"properties":{"sqlu":"SP-002-816901","inscription":"SP-GEOSAMPA-6816901","inscricaoImobiliaria":"SP-IMO-6816901","setor":"002","quadra":"043","lote":"0076","sourceType":"OFFICIAL_IMPORT","mainAddress":"Setor Fiscal 002","zoneamento":"RESIDENCIAL","statusCadastral":"ATIVO","workflowStatus":"PENDENTE","isOfficial":true,"rawProperties":{"cd_identificador":6816901,"cd_identificador_original_lote":9164286,"cd_setor_fiscal":"002","cd_tipo_quadra":"F","tx_tipo_quadra":"FISCAL","cd_quadra_fiscal":"043","cd_subquadra_fiscal":null,"cd_condominio":"00","cd_tipo_lote":"F","tx_tipo_lote":"FISCAL","cd_lote":"0076","cd_situacao":1,"cd_digito_sql":"2","cd_logradouro":"012769","nm_logradouro_completo":"R MONS ANDRADE","cd_numero_porta":"513","tx_complemento_endereco":null,"tx_situ_lote":"ATIVO","cd_tipo_uso_imovel":"10","dc_tipo_uso_imovel":"Residencial","cd_tipo_terreno_imovel":1,"qt_area_terreno":127,"qt_area_construida":80}}},{"type":"Feature","geometry":{"type":"Polygon","coordinates":[[[-46.618878,-23.397218],[-46.618883,-23.397211],[-46.618914,-23.397165],[-46.619034,-23.39723],[-46.619007,-23.397293],[-46.618984,-23.39728],[-46.618954,-23.397263],[-46.618878,-23.397218]]]},"properties":{"sqlu":"SP-002-817001","inscription":"SP-GEOSAMPA-6817001","inscricaoImobiliaria":"SP-IMO-6817001","setor":"002","quadra":"057","lote":"0066","sourceType":"OFFICIAL_IMPORT","mainAddress":"Setor Fiscal 002","zoneamento":"RESIDENCIAL","statusCadastral":"ATIVO","workflowStatus":"PENDENTE","isOfficial":true,"rawProperties":{"cd_identificador":6817001,"cd_identificador_original_lote":9163644,"cd_setor_fiscal":"002","cd_tipo_quadra":"F","tx_tipo_quadra":"FISCAL","cd_quadra_fiscal":"057","cd_subquadra_fiscal":null,"cd_condominio":"00","cd_tipo_lote":"F","tx_tipo_lote":"FISCAL","cd_lote":"0066","cd_situacao":1,"cd_digito_sql":"7","cd_logradouro":"177067","nm_logradouro_completo":"R SAMPAIO MOREIRA","cd_numero_porta":"110","tx_complemento_endereco":"CS 27","tx_situ_lote":"ATIVO","cd_tipo_uso_imovel":"10","dc_tipo_uso_imovel":"Residencial","cd_tipo_terreno_imovel":4,"qt_area_terreno":110,"qt_area_construida":166}}},{"type":"Feature","geometry":{"type":"Polygon","coordinates":[[[-46.620646,-23.395167],[-46.620868,-23.395241],[-46.620851,-23.395285],[-46.620839,-23.395281],[-46.620655,-23.395219],[-46.620643,-23.3952],[-46.620646,-23.395167]]]},"properties":{"sqlu":"SP-002-817002","inscription":"SP-GEOSAMPA-6817002","inscricaoImobiliaria":"SP-IMO-6817002","setor":"002","quadra":"043","lote":"0075","sourceType":"OFFICIAL_IMPORT","mainAddress":"Setor Fiscal 002","zoneamento":"RESIDENCIAL","statusCadastral":"ATIVO","workflowStatus":"PENDENTE","isOfficial":true,"rawProperties":{"cd_identificador":6817002,"cd_identificador_original_lote":9164287,"cd_setor_fiscal":"002","cd_tipo_quadra":"F","tx_tipo_quadra":"FISCAL","cd_quadra_fiscal":"043","cd_subquadra_fiscal":null,"cd_condominio":"00","cd_tipo_lote":"F","tx_tipo_lote":"FISCAL","cd_lote":"0075","cd_situacao":1,"cd_digito_sql":"4","cd_logradouro":"012769","nm_logradouro_completo":"R MONS ANDRADE","cd_numero_porta":"505","tx_complemento_endereco":null,"tx_situ_lote":"ATIVO","cd_tipo_uso_imovel":"42","dc_tipo_uso_imovel":"Não residencial","cd_tipo_terreno_imovel":2,"qt_area_terreno":115,"qt_area_construida":184}}},{"type":"Feature","geometry":{"type":"Polygon","coordinates":[[[-46.625466,-23.391034],[-46.625458,-23.391017],[-46.625414,-23.390918],[-46.625457,-23.390903],[-46.625509,-23.391018],[-46.625486,-23.391026],[-46.625466,-23.391034]]]},"properties":{"sqlu":"SP-002-817224","inscription":"SP-GEOSAMPA-6817224","inscricaoImobiliaria":"SP-IMO-6817224","setor":"002","quadra":"015","lote":"0009","sourceType":"OFFICIAL_IMPORT","mainAddress":"Setor Fiscal 002","zoneamento":"RESIDENCIAL","statusCadastral":"ATIVO","workflowStatus":"PENDENTE","isOfficial":true,"rawProperties":{"cd_identificador":6817224,"cd_identificador_original_lote":9162903,"cd_setor_fiscal":"002","cd_tipo_quadra":"F","tx_tipo_quadra":"FISCAL","cd_quadra_fiscal":"015","cd_subquadra_fiscal":null,"cd_condominio":"00","cd_tipo_lote":"F","tx_tipo_lote":"FISCAL","cd_lote":"0009","cd_situacao":1,"cd_digito_sql":"4","cd_logradouro":"117480","nm_logradouro_completo":"R DOS CANTORES","cd_numero_porta":"8","tx_complemento_endereco":null,"tx_situ_lote":"ATIVO","cd_tipo_uso_imovel":"10","dc_tipo_uso_imovel":"Residencial","cd_tipo_terreno_imovel":1,"qt_area_terreno":70,"qt_area_construida":50}}},{"type":"Feature","geometry":{"type":"Polygon","coordinates":[[[-46.625141,-23.390664],[-46.625192,-23.390774],[-46.62515,-23.39079],[-46.6251,-23.390677],[-46.625141,-23.390664]]]},"properties":{"sqlu":"SP-002-817226","inscription":"SP-GEOSAMPA-6817226","inscricaoImobiliaria":"SP-IMO-6817226","setor":"002","quadra":"014","lote":"0005","sourceType":"OFFICIAL_IMPORT","mainAddress":"Setor Fiscal 002","zoneamento":"RESIDENCIAL","statusCadastral":"ATIVO","workflowStatus":"PENDENTE","isOfficial":true,"rawProperties":{"cd_identificador":6817226,"cd_identificador_original_lote":9162240,"cd_setor_fiscal":"002","cd_tipo_quadra":"F","tx_tipo_quadra":"FISCAL","cd_quadra_fiscal":"014","cd_subquadra_fiscal":null,"cd_condominio":"00","cd_tipo_lote":"F","tx_tipo_lote":"FISCAL","cd_lote":"0005","cd_situacao":1,"cd_digito_sql":"7","cd_logradouro":"076830","nm_logradouro_completo":"R EURICLES FELIX DE MATOS","cd_numero_porta":"16","tx_complemento_endereco":null,"tx_situ_lote":"ATIVO","cd_tipo_uso_imovel":"10","dc_tipo_uso_imovel":"Residencial","cd_tipo_terreno_imovel":1,"qt_area_terreno":70,"qt_area_construida":50}}},{"type":"Feature","geometry":{"type":"Polygon","coordinates":[[[-46.630741,-23.402931],[-46.630726,-23.40299],[-46.630627,-23.402964],[-46.630507,-23.402932],[-46.630324,-23.402883],[-46.630273,-23.402869],[-46.6303,-23.402776],[-46.630312,-23.402781],[-46.630351,-23.402798],[-46.630448,-23.402839],[-46.630503,-23.402862],[-46.630563,-23.40288],[-46.630572,-23.402882],[-46.630631,-23.402899],[-46.630657,-23.402906],[-46.630665,-23.402909],[-46.630685,-23.402914],[-46.630741,-23.402931]]]},"properties":{"sqlu":"SP-002-817222","inscription":"SP-GEOSAMPA-6817222","inscricaoImobiliaria":"SP-IMO-6817222","setor":"002","quadra":"059","lote":"0000","sourceType":"OFFICIAL_IMPORT","mainAddress":"Setor Fiscal 002","zoneamento":"RESIDENCIAL","statusCadastral":"ATIVO","workflowStatus":"PENDENTE","isOfficial":true,"rawProperties":{"cd_identificador":6817222,"cd_identificador_original_lote":9164121,"cd_setor_fiscal":"002","cd_tipo_quadra":"F","tx_tipo_quadra":"FISCAL","cd_quadra_fiscal":"059","cd_subquadra_fiscal":null,"cd_condominio":"03","cd_tipo_lote":"F","tx_tipo_lote":"FISCAL","cd_lote":"0000","cd_situacao":1,"cd_digito_sql":null,"cd_logradouro":"172260","nm_logradouro_completo":"R ROBERTO SIMONSEN","cd_numero_porta":"120 122","tx_complemento_endereco":null,"tx_situ_lote":null,"cd_tipo_uso_imovel":"XX","dc_tipo_uso_imovel":"Condomínio","cd_tipo_terreno_imovel":99,"qt_area_terreno":411,"qt_area_construida":null}}},{"type":"Feature","geometry":{"type":"Polygon","coordinates":[[[-46.625512,-23.388783],[-46.625348,-23.388809],[-46.625295,-23.388817],[-46.625223,-23.388829],[-46.625204,-23.38878],[-46.625234,-23.388775],[-46.62549,-23.388732],[-46.625512,-23.388783]]]},"properties":{"sqlu":"SP-002-816992","inscription":"SP-GEOSAMPA-6816992","inscricaoImobiliaria":"SP-IMO-6816992","setor":"002","quadra":"001","lote":"0013","sourceType":"OFFICIAL_IMPORT","mainAddress":"Setor Fiscal 002","zoneamento":"RESIDENCIAL","statusCadastral":"ATIVO","workflowStatus":"PENDENTE","isOfficial":true,"rawProperties":{"cd_identificador":6816992,"cd_identificador_original_lote":9162336,"cd_setor_fiscal":"002","cd_tipo_quadra":"F","tx_tipo_quadra":"FISCAL","cd_quadra_fiscal":"001","cd_subquadra_fiscal":null,"cd_condominio":"00","cd_tipo_lote":"F","tx_tipo_lote":"FISCAL","cd_lote":"0013","cd_situacao":1,"cd_digito_sql":"0","cd_logradouro":"041467","nm_logradouro_completo":"R DA CANTAREIRA","cd_numero_porta":"1142","tx_complemento_endereco":null,"tx_situ_lote":"ATIVO","cd_tipo_uso_imovel":"42","dc_tipo_uso_imovel":"Não residencial","cd_tipo_terreno_imovel":1,"qt_area_terreno":169,"qt_area_construida":120}}},{"type":"Feature","geometry":{"type":"Polygon","coordinates":[[[-46.625315,-23.388968],[-46.62535,-23.388962],[-46.625573,-23.388927],[-46.625604,-23.389001],[-46.625443,-23.389026],[-46.625335,-23.389041],[-46.625315,-23.388968]]]},"properties":{"sqlu":"SP-002-816789","inscription":"SP-GEOSAMPA-6816789","inscricaoImobiliaria":"SP-IMO-6816789","setor":"002","quadra":"001","lote":"0007","sourceType":"OFFICIAL_IMPORT","mainAddress":"Setor Fiscal 002","zoneamento":"RESIDENCIAL","statusCadastral":"ATIVO","workflowStatus":"PENDENTE","isOfficial":true,"rawProperties":{"cd_identificador":6816789,"cd_identificador_original_lote":9162332,"cd_setor_fiscal":"002","cd_tipo_quadra":"F","tx_tipo_quadra":"FISCAL","cd_quadra_fiscal":"001","cd_subquadra_fiscal":null,"cd_condominio":"00","cd_tipo_lote":"F","tx_tipo_lote":"FISCAL","cd_lote":"0007","cd_situacao":1,"cd_digito_sql":"6","cd_logradouro":"041467","nm_logradouro_completo":"R DA CANTAREIRA","cd_numero_porta":"1114","tx_complemento_endereco":"/1116/1118","tx_situ_lote":"ATIVO","cd_tipo_uso_imovel":"40","dc_tipo_uso_imovel":"Não residencial","cd_tipo_terreno_imovel":1,"qt_area_terreno":160,"qt_area_construida":280}}},{"type":"Feature","geometry":{"type":"Polygon","coordinates":[[[-46.6251,-23.390677],[-46.62515,-23.39079],[-46.625204,-23.39091],[-46.625221,-23.390947],[-46.625082,-23.390995],[-46.624965,-23.390724],[-46.6251,-23.390677]]]},"properties":{"sqlu":"SP-002-816790","inscription":"SP-GEOSAMPA-6816790","inscricaoImobiliaria":"SP-IMO-6816790","setor":"002","quadra":"014","lote":"0001","sourceType":"OFFICIAL_IMPORT","mainAddress":"Setor Fiscal 002","zoneamento":"RESIDENCIAL","statusCadastral":"ATIVO","workflowStatus":"PENDENTE","isOfficial":true,"rawProperties":{"cd_identificador":6816790,"cd_identificador_original_lote":10675905,"cd_setor_fiscal":"002","cd_tipo_quadra":"F","tx_tipo_quadra":"FISCAL","cd_quadra_fiscal":"014","cd_subquadra_fiscal":null,"cd_condominio":"00","cd_tipo_lote":"M","tx_tipo_lote":"MUNICIPAL","cd_lote":"0001","cd_situacao":1,"cd_digito_sql":null,"cd_logradouro":null,"nm_logradouro_completo":null,"cd_numero_porta":null,"tx_complemento_endereco":null,"tx_situ_lote":null,"cd_tipo_uso_imovel":null,"dc_tipo_uso_imovel":null,"cd_tipo_terreno_imovel":null,"qt_area_terreno":null,"qt_area_construida":null}}},{"type":"Feature","geometry":{"type":"Polygon","coordinates":[[[-46.630744,-23.401305],[-46.63091,-23.400943],[-46.631061,-23.401101],[-46.631077,-23.401207],[-46.630979,-23.401425],[-46.630744,-23.401305]]]},"properties":{"sqlu":"SP-002-816994","inscription":"SP-GEOSAMPA-6816994","inscricaoImobiliaria":"SP-IMO-6816994","setor":"002","quadra":"059","lote":"0057","sourceType":"OFFICIAL_IMPORT","mainAddress":"Setor Fiscal 002","zoneamento":"RESIDENCIAL","statusCadastral":"ATIVO","workflowStatus":"PENDENTE","isOfficial":true,"rawProperties":{"cd_identificador":6816994,"cd_identificador_original_lote":9162749,"cd_setor_fiscal":"002","cd_tipo_quadra":"F","tx_tipo_quadra":"FISCAL","cd_quadra_fiscal":"059","cd_subquadra_fiscal":null,"cd_condominio":"00","cd_tipo_lote":"F","tx_tipo_lote":"FISCAL","cd_lote":"0057","cd_situacao":1,"cd_digito_sql":"7","cd_logradouro":"070246","nm_logradouro_completo":"PC FERNANDO COSTA","cd_numero_porta":"S/N","tx_complemento_endereco":null,"tx_situ_lote":"ATIVO","cd_tipo_uso_imovel":"00","dc_tipo_uso_imovel":"Terreno","cd_tipo_terreno_imovel":1,"qt_area_terreno":728,"qt_area_construida":0}}},{"type":"Feature","geometry":{"type":"Polygon","coordinates":[[[-46.625004,-23.389186],[-46.624954,-23.389197],[-46.624758,-23.389244],[-46.62474,-23.389202],[-46.625169,-23.3891],[-46.625182,-23.389145],[-46.625155,-23.389151],[-46.625004,-23.389186]]]},"properties":{"sqlu":"SP-002-816748","inscription":"SP-GEOSAMPA-6816748","inscricaoImobiliaria":"SP-IMO-6816748","setor":"002","quadra":"001","lote":"0060","sourceType":"OFFICIAL_IMPORT","mainAddress":"Setor Fiscal 002","zoneamento":"RESIDENCIAL","statusCadastral":"ATIVO","workflowStatus":"PENDENTE","isOfficial":true,"rawProperties":{"cd_identificador":6816748,"cd_identificador_original_lote":9162472,"cd_setor_fiscal":"002","cd_tipo_quadra":"F","tx_tipo_quadra":"FISCAL","cd_quadra_fiscal":"001","cd_subquadra_fiscal":null,"cd_condominio":"00","cd_tipo_lote":"F","tx_tipo_lote":"FISCAL","cd_lote":"0060","cd_situacao":1,"cd_digito_sql":"2","cd_logradouro":"158720","nm_logradouro_completo":"R PEDRO ALVARES CABRAL","cd_numero_porta":"65","tx_complemento_endereco":null,"tx_situ_lote":"ATIVO","cd_tipo_uso_imovel":"50","dc_tipo_uso_imovel":"Não residencial","cd_tipo_terreno_imovel":1,"qt_area_terreno":225,"qt_area_construida":300}}},{"type":"Feature","geometry":{"type":"Polygon","coordinates":[[[-46.625573,-23.388927],[-46.62535,-23.388962],[-46.625315,-23.388968],[-46.625286,-23.388971],[-46.625274,-23.388916],[-46.6253,-23.388913],[-46.625552,-23.388879],[-46.625573,-23.388927]]]},"properties":{"sqlu":"SP-002-816751","inscription":"SP-GEOSAMPA-6816751","inscricaoImobiliaria":"SP-IMO-6816751","setor":"002","quadra":"001","lote":"0135","sourceType":"OFFICIAL_IMPORT","mainAddress":"Setor Fiscal 002","zoneamento":"RESIDENCIAL","statusCadastral":"ATIVO","workflowStatus":"PENDENTE","isOfficial":true,"rawProperties":{"cd_identificador":6816751,"cd_identificador_original_lote":9162333,"cd_setor_fiscal":"002","cd_tipo_quadra":"F","tx_tipo_quadra":"FISCAL","cd_quadra_fiscal":"001","cd_subquadra_fiscal":null,"cd_condominio":"00","cd_tipo_lote":"F","tx_tipo_lote":"FISCAL","cd_lote":"0135","cd_situacao":1,"cd_digito_sql":"8","cd_logradouro":"041467","nm_logradouro_completo":"R DA CANTAREIRA","cd_numero_porta":"1124","tx_complemento_endereco":null,"tx_situ_lote":"ATIVO","cd_tipo_uso_imovel":"43","dc_tipo_uso_imovel":"Não residencial","cd_tipo_terreno_imovel":1,"qt_area_terreno":163,"qt_area_construida":162}}},{"type":"Feature","geometry":{"type":"Polygon","coordinates":[[[-46.625553,-23.389369],[-46.625532,-23.389372],[-46.625502,-23.389376],[-46.625486,-23.389378],[-46.625459,-23.389382],[-46.625405,-23.389394],[-46.62538,-23.389333],[-46.625319,-23.389182],[-46.625476,-23.389156],[-46.62549,-23.389194],[-46.625501,-23.389228],[-46.625686,-23.389203],[-46.625742,-23.389341],[-46.625697,-23.389347],[-46.625647,-23.389355],[-46.625598,-23.389362],[-46.625553,-23.389369]]]},"properties":{"sqlu":"SP-002-817059","inscription":"SP-GEOSAMPA-6817059","inscricaoImobiliaria":"SP-IMO-6817059","setor":"002","quadra":"001","lote":"0090","sourceType":"OFFICIAL_IMPORT","mainAddress":"Setor Fiscal 002","zoneamento":"RESIDENCIAL","statusCadastral":"ATIVO","workflowStatus":"PENDENTE","isOfficial":true,"rawProperties":{"cd_identificador":6817059,"cd_identificador_original_lote":9162329,"cd_setor_fiscal":"002","cd_tipo_quadra":"F","tx_tipo_quadra":"FISCAL","cd_quadra_fiscal":"001","cd_subquadra_fiscal":null,"cd_condominio":"00","cd_tipo_lote":"F","tx_tipo_lote":"FISCAL","cd_lote":"0090","cd_situacao":1,"cd_digito_sql":"4","cd_logradouro":"041467","nm_logradouro_completo":"R DA CANTAREIRA","cd_numero_porta":"1074","tx_complemento_endereco":"1078 1082 E 1086","tx_situ_lote":"ATIVO","cd_tipo_uso_imovel":"43","dc_tipo_uso_imovel":"Não residencial","cd_tipo_terreno_imovel":1,"qt_area_terreno":641,"qt_area_construida":1254}}},{"type":"Feature","geometry":{"type":"Polygon","coordinates":[[[-46.624998,-23.388306],[-46.625059,-23.388451],[-46.625088,-23.388522],[-46.625104,-23.388559],[-46.625055,-23.388571],[-46.625017,-23.388479],[-46.624952,-23.388317],[-46.624998,-23.388306]]]},"properties":{"sqlu":"SP-002-816911","inscription":"SP-GEOSAMPA-6816911","inscricaoImobiliaria":"SP-IMO-6816911","setor":"002","quadra":"001","lote":"0036","sourceType":"OFFICIAL_IMPORT","mainAddress":"Setor Fiscal 002","zoneamento":"RESIDENCIAL","statusCadastral":"ATIVO","workflowStatus":"PENDENTE","isOfficial":true,"rawProperties":{"cd_identificador":6816911,"cd_identificador_original_lote":9162453,"cd_setor_fiscal":"002","cd_tipo_quadra":"F","tx_tipo_quadra":"FISCAL","cd_quadra_fiscal":"001","cd_subquadra_fiscal":null,"cd_condominio":"00","cd_tipo_lote":"F","tx_tipo_lote":"FISCAL","cd_lote":"0036","cd_situacao":1,"cd_digito_sql":"1","cd_logradouro":"104850","nm_logradouro_completo":"R JOAO TEODORO","cd_numero_porta":"638","tx_complemento_endereco":null,"tx_situ_lote":"ATIVO","cd_tipo_uso_imovel":"10","dc_tipo_uso_imovel":"Residencial","cd_tipo_terreno_imovel":1,"qt_area_terreno":148,"qt_area_construida":120}}},{"type":"Feature","geometry":{"type":"Polygon","coordinates":[[[-46.62549,-23.388732],[-46.625234,-23.388775],[-46.625204,-23.38878],[-46.625189,-23.388743],[-46.625222,-23.388735],[-46.625465,-23.388674],[-46.62549,-23.388732]]]},"properties":{"sqlu":"SP-002-816905","inscription":"SP-GEOSAMPA-6816905","inscricaoImobiliaria":"SP-IMO-6816905","setor":"002","quadra":"001","lote":"0014","sourceType":"OFFICIAL_IMPORT","mainAddress":"Setor Fiscal 002","zoneamento":"RESIDENCIAL","statusCadastral":"ATIVO","workflowStatus":"PENDENTE","isOfficial":true,"rawProperties":{"cd_identificador":6816905,"cd_identificador_original_lote":9162337,"cd_setor_fiscal":"002","cd_tipo_quadra":"F","tx_tipo_quadra":"FISCAL","cd_quadra_fiscal":"001","cd_subquadra_fiscal":null,"cd_condominio":"00","cd_tipo_lote":"F","tx_tipo_lote":"FISCAL","cd_lote":"0014","cd_situacao":1,"cd_digito_sql":"9","cd_logradouro":"041467","nm_logradouro_completo":"R DA CANTAREIRA","cd_numero_porta":"1144","tx_complemento_endereco":"E 1148","tx_situ_lote":"ATIVO","cd_tipo_uso_imovel":"22","dc_tipo_uso_imovel":"Residencial","cd_tipo_terreno_imovel":1,"qt_area_terreno":165,"qt_area_construida":420}}},{"type":"Feature","geometry":{"type":"Polygon","coordinates":[[[-46.627489,-23.394561],[-46.627493,-23.39456],[-46.627514,-23.394555],[-46.627522,-23.394552],[-46.627563,-23.394542],[-46.627583,-23.394563],[-46.627602,-23.394582],[-46.627629,-23.39461],[-46.627673,-23.394655],[-46.62762,-23.394699],[-46.627539,-23.394614],[-46.627511,-23.394584],[-46.627489,-23.394561]]]},"properties":{"sqlu":"SP-002-744048","inscription":"SP-GEOSAMPA-2744048","inscricaoImobiliaria":"SP-IMO-2744048","setor":"002","quadra":"028","lote":"0040","sourceType":"OFFICIAL_IMPORT","mainAddress":"Setor Fiscal 002","zoneamento":"RESIDENCIAL","statusCadastral":"ATIVO","workflowStatus":"PENDENTE","isOfficial":true,"rawProperties":{"cd_identificador":2744048,"cd_identificador_original_lote":9162621,"cd_setor_fiscal":"002","cd_tipo_quadra":"F","tx_tipo_quadra":"FISCAL","cd_quadra_fiscal":"028","cd_subquadra_fiscal":null,"cd_condominio":"00","cd_tipo_lote":"F","tx_tipo_lote":"FISCAL","cd_lote":"0040","cd_situacao":1,"cd_digito_sql":"7","cd_logradouro":"138533","nm_logradouro_completo":"AV MERCURIO","cd_numero_porta":"582","tx_complemento_endereco":"E 586","tx_situ_lote":"ATIVO","cd_tipo_uso_imovel":"42","dc_tipo_uso_imovel":"Não residencial","cd_tipo_terreno_imovel":1,"qt_area_terreno":134,"qt_area_construida":390}}},{"type":"Feature","geometry":{"type":"Polygon","coordinates":[[[-46.627489,-23.394561],[-46.627454,-23.39457],[-46.627415,-23.39458],[-46.627417,-23.394567],[-46.627455,-23.394374],[-46.62759,-23.394397],[-46.627577,-23.394469],[-46.627569,-23.394507],[-46.627569,-23.394511],[-46.627563,-23.394542],[-46.627522,-23.394552],[-46.627514,-23.394555],[-46.627493,-23.39456],[-46.627489,-23.394561]]]},"properties":{"sqlu":"SP-002-744049","inscription":"SP-GEOSAMPA-2744049","inscricaoImobiliaria":"SP-IMO-2744049","setor":"002","quadra":"028","lote":"0043","sourceType":"OFFICIAL_IMPORT","mainAddress":"Setor Fiscal 002","zoneamento":"RESIDENCIAL","statusCadastral":"ATIVO","workflowStatus":"PENDENTE","isOfficial":true,"rawProperties":{"cd_identificador":2744049,"cd_identificador_original_lote":9162941,"cd_setor_fiscal":"002","cd_tipo_quadra":"F","tx_tipo_quadra":"FISCAL","cd_quadra_fiscal":"028","cd_subquadra_fiscal":null,"cd_condominio":"00","cd_tipo_lote":"F","tx_tipo_lote":"FISCAL","cd_lote":"0043","cd_situacao":1,"cd_digito_sql":"1","cd_logradouro":"043427","nm_logradouro_completo":"R CARLOS DE SOUSA NAZARE","cd_numero_porta":"534","tx_complemento_endereco":"540 E 542","tx_situ_lote":"ATIVO","cd_tipo_uso_imovel":"22","dc_tipo_uso_imovel":"Residencial","cd_tipo_terreno_imovel":1,"qt_area_terreno":280,"qt_area_construida":815}}},{"type":"Feature","geometry":{"type":"Polygon","coordinates":[[[-46.624395,-23.40071],[-46.624449,-23.400547],[-46.624496,-23.40057],[-46.624454,-23.400727],[-46.624395,-23.40071]]]},"properties":{"sqlu":"SP-002-744125","inscription":"SP-GEOSAMPA-2744125","inscricaoImobiliaria":"SP-IMO-2744125","setor":"002","quadra":"078","lote":"0002","sourceType":"OFFICIAL_IMPORT","mainAddress":"Setor Fiscal 002","zoneamento":"RESIDENCIAL","statusCadastral":"ATIVO","workflowStatus":"PENDENTE","isOfficial":true,"rawProperties":{"cd_identificador":2744125,"cd_identificador_original_lote":9163730,"cd_setor_fiscal":"002","cd_tipo_quadra":"F","tx_tipo_quadra":"FISCAL","cd_quadra_fiscal":"078","cd_subquadra_fiscal":null,"cd_condominio":"00","cd_tipo_lote":"F","tx_tipo_lote":"FISCAL","cd_lote":"0002","cd_situacao":1,"cd_digito_sql":"2","cd_logradouro":"132268","nm_logradouro_completo":"R MARIA DOMITILA","cd_numero_porta":"50","tx_complemento_endereco":null,"tx_situ_lote":"ATIVO","cd_tipo_uso_imovel":"60","dc_tipo_uso_imovel":"Não residencial","cd_tipo_terreno_imovel":2,"qt_area_terreno":100,"qt_area_construida":100}}},{"type":"Feature","geometry":{"type":"Polygon","coordinates":[[[-46.616798,-23.397423],[-46.616848,-23.397452],[-46.616746,-23.397589],[-46.616701,-23.397559],[-46.616798,-23.397423]]]},"properties":{"sqlu":"SP-002-757763","inscription":"SP-GEOSAMPA-2757763","inscricaoImobiliaria":"SP-IMO-2757763","setor":"002","quadra":"086","lote":"0016","sourceType":"OFFICIAL_IMPORT","mainAddress":"Setor Fiscal 002","zoneamento":"RESIDENCIAL","statusCadastral":"ATIVO","workflowStatus":"PENDENTE","isOfficial":true,"rawProperties":{"cd_identificador":2757763,"cd_identificador_original_lote":9164273,"cd_setor_fiscal":"002","cd_tipo_quadra":"F","tx_tipo_quadra":"FISCAL","cd_quadra_fiscal":"086","cd_subquadra_fiscal":null,"cd_condominio":"00","cd_tipo_lote":"F","tx_tipo_lote":"FISCAL","cd_lote":"0016","cd_situacao":1,"cd_digito_sql":"7","cd_logradouro":"073482","nm_logradouro_completo":"R CEL FRANCISCO AMARO","cd_numero_porta":"47","tx_complemento_endereco":"53 E 57","tx_situ_lote":"ATIVO","cd_tipo_uso_imovel":"42","dc_tipo_uso_imovel":"Não residencial","cd_tipo_terreno_imovel":1,"qt_area_terreno":99,"qt_area_construida":150}}},{"type":"Feature","geometry":{"type":"Polygon","coordinates":[[[-46.625244,-23.395393],[-46.625351,-23.395417],[-46.625349,-23.395497],[-46.625241,-23.395471],[-46.625244,-23.395393]]]},"properties":{"sqlu":"SP-002-744222","inscription":"SP-GEOSAMPA-2744222","inscricaoImobiliaria":"SP-IMO-2744222","setor":"002","quadra":"038","lote":"0002","sourceType":"OFFICIAL_IMPORT","mainAddress":"Setor Fiscal 002","zoneamento":"RESIDENCIAL","statusCadastral":"ATIVO","workflowStatus":"PENDENTE","isOfficial":true,"rawProperties":{"cd_identificador":2744222,"cd_identificador_original_lote":9162407,"cd_setor_fiscal":"002","cd_tipo_quadra":"F","tx_tipo_quadra":"FISCAL","cd_quadra_fiscal":"038","cd_subquadra_fiscal":null,"cd_condominio":"00","cd_tipo_lote":"F","tx_tipo_lote":"FISCAL","cd_lote":"0002","cd_situacao":1,"cd_digito_sql":"8","cd_logradouro":"174009","nm_logradouro_completo":"R STA ROSA","cd_numero_porta":"206","tx_complemento_endereco":"210","tx_situ_lote":"ATIVO","cd_tipo_uso_imovel":"42","dc_tipo_uso_imovel":"Não residencial","cd_tipo_terreno_imovel":1,"qt_area_terreno":100,"qt_area_construida":180}}},{"type":"Feature","geometry":{"type":"Polygon","coordinates":[[[-46.616798,-23.397423],[-46.616858,-23.397438],[-46.616848,-23.397452],[-46.616798,-23.397423]]]},"properties":{"sqlu":"SP-002-757764","inscription":"SP-GEOSAMPA-2757764","inscricaoImobiliaria":"SP-IMO-2757764","setor":"002","quadra":"086","lote":"0015","sourceType":"OFFICIAL_IMPORT","mainAddress":"Setor Fiscal 002","zoneamento":"RESIDENCIAL","statusCadastral":"ATIVO","workflowStatus":"PENDENTE","isOfficial":true,"rawProperties":{"cd_identificador":2757764,"cd_identificador_original_lote":9164274,"cd_setor_fiscal":"002","cd_tipo_quadra":"F","tx_tipo_quadra":"FISCAL","cd_quadra_fiscal":"086","cd_subquadra_fiscal":null,"cd_condominio":"00","cd_tipo_lote":"F","tx_tipo_lote":"FISCAL","cd_lote":"0015","cd_situacao":1,"cd_digito_sql":"9","cd_logradouro":"077860","nm_logradouro_completo":"R DO GASOMETRO","cd_numero_porta":"S/N","tx_complemento_endereco":"ESQ CEL FRANCISC","tx_situ_lote":"ATIVO","cd_tipo_uso_imovel":"00","dc_tipo_uso_imovel":"Terreno","cd_tipo_terreno_imovel":1,"qt_area_terreno":6,"qt_area_construida":0}}},{"type":"Feature","geometry":{"type":"Polygon","coordinates":[[[-46.620579,-23.399508],[-46.620564,-23.399553],[-46.620426,-23.399514],[-46.620411,-23.3995],[-46.620423,-23.399463],[-46.620579,-23.399508]]]},"properties":{"sqlu":"SP-002-744277","inscription":"SP-GEOSAMPA-2744277","inscricaoImobiliaria":"SP-IMO-2744277","setor":"002","quadra":"082","lote":"0054","sourceType":"OFFICIAL_IMPORT","mainAddress":"Setor Fiscal 002","zoneamento":"RESIDENCIAL","statusCadastral":"ATIVO","workflowStatus":"PENDENTE","isOfficial":true,"rawProperties":{"cd_identificador":2744277,"cd_identificador_original_lote":9164156,"cd_setor_fiscal":"002","cd_tipo_quadra":"F","tx_tipo_quadra":"FISCAL","cd_quadra_fiscal":"082","cd_subquadra_fiscal":null,"cd_condominio":"00","cd_tipo_lote":"F","tx_tipo_lote":"FISCAL","cd_lote":"0054","cd_situacao":1,"cd_digito_sql":"1","cd_logradouro":"194999","nm_logradouro_completo":"R VASCO DA GAMA","cd_numero_porta":"58","tx_complemento_endereco":null,"tx_situ_lote":"ATIVO","cd_tipo_uso_imovel":"40","dc_tipo_uso_imovel":"Não residencial","cd_tipo_terreno_imovel":1,"qt_area_terreno":160,"qt_area_construida":91}}},{"type":"Feature","geometry":{"type":"Polygon","coordinates":[[[-46.625299,-23.390018],[-46.625346,-23.390001],[-46.625376,-23.390066],[-46.625294,-23.390094],[-46.625286,-23.390097],[-46.625223,-23.390119],[-46.625195,-23.390054],[-46.625204,-23.390051],[-46.625251,-23.390034],[-46.625299,-23.390018]]]},"properties":{"sqlu":"SP-002-744489","inscription":"SP-GEOSAMPA-2744489","inscricaoImobiliaria":"SP-IMO-2744489","setor":"002","quadra":"012","lote":"0018","sourceType":"OFFICIAL_IMPORT","mainAddress":"Setor Fiscal 002","zoneamento":"RESIDENCIAL","statusCadastral":"ATIVO","workflowStatus":"PENDENTE","isOfficial":true,"rawProperties":{"cd_identificador":2744489,"cd_identificador_original_lote":9162516,"cd_setor_fiscal":"002","cd_tipo_quadra":"F","tx_tipo_quadra":"FISCAL","cd_quadra_fiscal":"012","cd_subquadra_fiscal":null,"cd_condominio":"00","cd_tipo_lote":"F","tx_tipo_lote":"FISCAL","cd_lote":"0018","cd_situacao":1,"cd_digito_sql":"1","cd_logradouro":"061620","nm_logradouro_completo":"R ECONOMIZADORA","cd_numero_porta":"4","tx_complemento_endereco":null,"tx_situ_lote":"ATIVO","cd_tipo_uso_imovel":"10","dc_tipo_uso_imovel":"Residencial","cd_tipo_terreno_imovel":1,"qt_area_terreno":129,"qt_area_construida":100}}},{"type":"Feature","geometry":{"type":"Polygon","coordinates":[[[-46.628386,-23.39747],[-46.628235,-23.397588],[-46.628189,-23.397538],[-46.628368,-23.397401],[-46.628386,-23.39747]]]},"properties":{"sqlu":"SP-002-744434","inscription":"SP-GEOSAMPA-2744434","inscricaoImobiliaria":"SP-IMO-2744434","setor":"002","quadra":"032","lote":"0025","sourceType":"OFFICIAL_IMPORT","mainAddress":"Setor Fiscal 002","zoneamento":"RESIDENCIAL","statusCadastral":"ATIVO","workflowStatus":"PENDENTE","isOfficial":true,"rawProperties":{"cd_identificador":2744434,"cd_identificador_original_lote":9162589,"cd_setor_fiscal":"002","cd_tipo_quadra":"F","tx_tipo_quadra":"FISCAL","cd_quadra_fiscal":"032","cd_subquadra_fiscal":null,"cd_condominio":"00","cd_tipo_lote":"F","tx_tipo_lote":"FISCAL","cd_lote":"0025","cd_situacao":1,"cd_digito_sql":"1","cd_logradouro":"159840","nm_logradouro_completo":"PQ DOM PEDRO II","cd_numero_porta":"88","tx_complemento_endereco":"90","tx_situ_lote":"ATIVO","cd_tipo_uso_imovel":"42","dc_tipo_uso_imovel":"Não residencial","cd_tipo_terreno_imovel":1,"qt_area_terreno":150,"qt_area_construida":291}}},{"type":"Feature","geometry":{"type":"Polygon","coordinates":[[[-46.623823,-23.397193],[-46.623813,-23.397191],[-46.623802,-23.397188],[-46.623678,-23.397157],[-46.623699,-23.397092],[-46.623842,-23.397125],[-46.623833,-23.397158],[-46.623823,-23.397193]]]},"properties":{"sqlu":"SP-002-744286","inscription":"SP-GEOSAMPA-2744286","inscricaoImobiliaria":"SP-IMO-2744286","setor":"002","quadra":"045","lote":"0051","sourceType":"OFFICIAL_IMPORT","mainAddress":"Setor Fiscal 002","zoneamento":"RESIDENCIAL","statusCadastral":"ATIVO","workflowStatus":"PENDENTE","isOfficial":true,"rawProperties":{"cd_identificador":2744286,"cd_identificador_original_lote":9163143,"cd_setor_fiscal":"002","cd_tipo_quadra":"F","tx_tipo_quadra":"FISCAL","cd_quadra_fiscal":"045","cd_subquadra_fiscal":null,"cd_condominio":"00","cd_tipo_lote":"F","tx_tipo_lote":"FISCAL","cd_lote":"0051","cd_situacao":1,"cd_digito_sql":"6","cd_logradouro":"120456","nm_logradouro_completo":"R DO LUCAS","cd_numero_porta":"183","tx_complemento_endereco":"E 189","tx_situ_lote":"ATIVO","cd_tipo_uso_imovel":"22","dc_tipo_uso_imovel":"Residencial","cd_tipo_terreno_imovel":1,"qt_area_terreno":123,"qt_area_construida":320}}},{"type":"Feature","geometry":{"type":"Polygon","coordinates":[[[-46.624068,-23.396176],[-46.624086,-23.39613],[-46.624408,-23.39624],[-46.624389,-23.396285],[-46.624068,-23.396176]]]},"properties":{"sqlu":"SP-002-757879","inscription":"SP-GEOSAMPA-2757879","inscricaoImobiliaria":"SP-IMO-2757879","setor":"002","quadra":"041","lote":"0043","sourceType":"OFFICIAL_IMPORT","mainAddress":"Setor Fiscal 002","zoneamento":"RESIDENCIAL","statusCadastral":"ATIVO","workflowStatus":"PENDENTE","isOfficial":true,"rawProperties":{"cd_identificador":2757879,"cd_identificador_original_lote":9163089,"cd_setor_fiscal":"002","cd_tipo_quadra":"F","tx_tipo_quadra":"FISCAL","cd_quadra_fiscal":"041","cd_subquadra_fiscal":null,"cd_condominio":"00","cd_tipo_lote":"F","tx_tipo_lote":"FISCAL","cd_lote":"0043","cd_situacao":1,"cd_digito_sql":"7","cd_logradouro":"120456","nm_logradouro_completo":"R DO LUCAS","cd_numero_porta":"301","tx_complemento_endereco":"E 303","tx_situ_lote":"ATIVO","cd_tipo_uso_imovel":"42","dc_tipo_uso_imovel":"Não residencial","cd_tipo_terreno_imovel":1,"qt_area_terreno":230,"qt_area_construida":350}}},{"type":"Feature","geometry":{"type":"Polygon","coordinates":[[[-46.624068,-23.396176],[-46.624389,-23.396285],[-46.624369,-23.396336],[-46.624049,-23.396224],[-46.624068,-23.396176]]]},"properties":{"sqlu":"SP-002-757880","inscription":"SP-GEOSAMPA-2757880","inscricaoImobiliaria":"SP-IMO-2757880","setor":"002","quadra":"041","lote":"0042","sourceType":"OFFICIAL_IMPORT","mainAddress":"Setor Fiscal 002","zoneamento":"RESIDENCIAL","statusCadastral":"ATIVO","workflowStatus":"PENDENTE","isOfficial":true,"rawProperties":{"cd_identificador":2757880,"cd_identificador_original_lote":9163090,"cd_setor_fiscal":"002","cd_tipo_quadra":"F","tx_tipo_quadra":"FISCAL","cd_quadra_fiscal":"041","cd_subquadra_fiscal":null,"cd_condominio":"00","cd_tipo_lote":"F","tx_tipo_lote":"FISCAL","cd_lote":"0042","cd_situacao":1,"cd_digito_sql":"9","cd_logradouro":"120456","nm_logradouro_completo":"R DO LUCAS","cd_numero_porta":"295","tx_complemento_endereco":"E 297","tx_situ_lote":"ATIVO","cd_tipo_uso_imovel":"42","dc_tipo_uso_imovel":"Não residencial","cd_tipo_terreno_imovel":1,"qt_area_terreno":230,"qt_area_construida":350}}},{"type":"Feature","geometry":{"type":"Polygon","coordinates":[[[-46.621481,-23.394336],[-46.621523,-23.39435],[-46.621518,-23.394386],[-46.621511,-23.394451],[-46.621483,-23.394704],[-46.621439,-23.394689],[-46.621468,-23.394447],[-46.621476,-23.394382],[-46.621481,-23.394336]]]},"properties":{"sqlu":"SP-002-758002","inscription":"SP-GEOSAMPA-2758002","inscricaoImobiliaria":"SP-IMO-2758002","setor":"002","quadra":"039","lote":"0040","sourceType":"OFFICIAL_IMPORT","mainAddress":"Setor Fiscal 002","zoneamento":"RESIDENCIAL","statusCadastral":"ATIVO","workflowStatus":"PENDENTE","isOfficial":true,"rawProperties":{"cd_identificador":2758002,"cd_identificador_original_lote":9163395,"cd_setor_fiscal":"002","cd_tipo_quadra":"F","tx_tipo_quadra":"FISCAL","cd_quadra_fiscal":"039","cd_subquadra_fiscal":null,"cd_condominio":"00","cd_tipo_lote":"F","tx_tipo_lote":"FISCAL","cd_lote":"0040","cd_situacao":1,"cd_digito_sql":"5","cd_logradouro":"031984","nm_logradouro_completo":"R BENJAMIM DE OLIVEIRA","cd_numero_porta":"429","tx_complemento_endereco":"E 431","tx_situ_lote":"ATIVO","cd_tipo_uso_imovel":"42","dc_tipo_uso_imovel":"Não residencial","cd_tipo_terreno_imovel":1,"qt_area_terreno":176,"qt_area_construida":218}}},{"type":"Feature","geometry":{"type":"Polygon","coordinates":[[[-46.625467,-23.39001],[-46.625384,-23.389822],[-46.625391,-23.389814],[-46.625394,-23.389807],[-46.625397,-23.3898],[-46.625463,-23.38979],[-46.625511,-23.389969],[-46.625516,-23.389993],[-46.625467,-23.39001]]]},"properties":{"sqlu":"SP-002-758302","inscription":"SP-GEOSAMPA-2758302","inscricaoImobiliaria":"SP-IMO-2758302","setor":"002","quadra":"011","lote":"0021","sourceType":"OFFICIAL_IMPORT","mainAddress":"Setor Fiscal 002","zoneamento":"RESIDENCIAL","statusCadastral":"ATIVO","workflowStatus":"PENDENTE","isOfficial":true,"rawProperties":{"cd_identificador":2758302,"cd_identificador_original_lote":9163255,"cd_setor_fiscal":"002","cd_tipo_quadra":"F","tx_tipo_quadra":"FISCAL","cd_quadra_fiscal":"011","cd_subquadra_fiscal":null,"cd_condominio":"00","cd_tipo_lote":"F","tx_tipo_lote":"FISCAL","cd_lote":"0021","cd_situacao":1,"cd_digito_sql":"5","cd_logradouro":"038121","nm_logradouro_completo":"R S CAETANO","cd_numero_porta":"638","tx_complemento_endereco":"640","tx_situ_lote":"ATIVO","cd_tipo_uso_imovel":"42","dc_tipo_uso_imovel":"Não residencial","cd_tipo_terreno_imovel":2,"qt_area_terreno":184,"qt_area_construida":140}}},{"type":"Feature","geometry":{"type":"Polygon","coordinates":[[[-46.625314,-23.396691],[-46.625311,-23.396766],[-46.624972,-23.396692],[-46.624975,-23.396678],[-46.624976,-23.39666],[-46.625314,-23.396691]]]},"properties":{"sqlu":"SP-002-757792","inscription":"SP-GEOSAMPA-2757792","inscricaoImobiliaria":"SP-IMO-2757792","setor":"002","quadra":"041","lote":"0010","sourceType":"OFFICIAL_IMPORT","mainAddress":"Setor Fiscal 002","zoneamento":"RESIDENCIAL","statusCadastral":"ATIVO","workflowStatus":"PENDENTE","isOfficial":true,"rawProperties":{"cd_identificador":2757792,"cd_identificador_original_lote":9162711,"cd_setor_fiscal":"002","cd_tipo_quadra":"F","tx_tipo_quadra":"FISCAL","cd_quadra_fiscal":"041","cd_subquadra_fiscal":null,"cd_condominio":"00","cd_tipo_lote":"F","tx_tipo_lote":"FISCAL","cd_lote":"0010","cd_situacao":1,"cd_digito_sql":"0","cd_logradouro":"174009","nm_logradouro_completo":"R STA ROSA","cd_numero_porta":"68","tx_complemento_endereco":null,"tx_situ_lote":"ATIVO","cd_tipo_uso_imovel":"40","dc_tipo_uso_imovel":"Não residencial","cd_tipo_terreno_imovel":1,"qt_area_terreno":138,"qt_area_construida":130}}},{"type":"Feature","geometry":{"type":"Polygon","coordinates":[[[-46.625111,-23.389843],[-46.625159,-23.389836],[-46.625251,-23.390034],[-46.625204,-23.390051],[-46.625186,-23.390012],[-46.625111,-23.389843]]]},"properties":{"sqlu":"SP-002-757800","inscription":"SP-GEOSAMPA-2757800","inscricaoImobiliaria":"SP-IMO-2757800","setor":"002","quadra":"012","lote":"0015","sourceType":"OFFICIAL_IMPORT","mainAddress":"Setor Fiscal 002","zoneamento":"RESIDENCIAL","statusCadastral":"ATIVO","workflowStatus":"PENDENTE","isOfficial":true,"rawProperties":{"cd_identificador":2757800,"cd_identificador_original_lote":9162515,"cd_setor_fiscal":"002","cd_tipo_quadra":"F","tx_tipo_quadra":"FISCAL","cd_quadra_fiscal":"012","cd_subquadra_fiscal":null,"cd_condominio":"00","cd_tipo_lote":"F","tx_tipo_lote":"FISCAL","cd_lote":"0015","cd_situacao":1,"cd_digito_sql":"5","cd_logradouro":"038121","nm_logradouro_completo":"R S CAETANO","cd_numero_porta":"666","tx_complemento_endereco":null,"tx_situ_lote":"ATIVO","cd_tipo_uso_imovel":"40","dc_tipo_uso_imovel":"Não residencial","cd_tipo_terreno_imovel":1,"qt_area_terreno":138,"qt_area_construida":100}}},{"type":"Feature","geometry":{"type":"Polygon","coordinates":[[[-46.625111,-23.389843],[-46.625186,-23.390012],[-46.625204,-23.390051],[-46.625195,-23.390054],[-46.625147,-23.390071],[-46.625128,-23.390078],[-46.625109,-23.390024],[-46.625092,-23.389976],[-46.62507,-23.389849],[-46.625111,-23.389843]]]},"properties":{"sqlu":"SP-002-757801","inscription":"SP-GEOSAMPA-2757801","inscricaoImobiliaria":"SP-IMO-2757801","setor":"002","quadra":"012","lote":"0014","sourceType":"OFFICIAL_IMPORT","mainAddress":"Setor Fiscal 002","zoneamento":"RESIDENCIAL","statusCadastral":"ATIVO","workflowStatus":"PENDENTE","isOfficial":true,"rawProperties":{"cd_identificador":2757801,"cd_identificador_original_lote":9163195,"cd_setor_fiscal":"002","cd_tipo_quadra":"F","tx_tipo_quadra":"FISCAL","cd_quadra_fiscal":"012","cd_subquadra_fiscal":null,"cd_condominio":"00","cd_tipo_lote":"F","tx_tipo_lote":"FISCAL","cd_lote":"0014","cd_situacao":1,"cd_digito_sql":"7","cd_logradouro":"038121","nm_logradouro_completo":"R S CAETANO","cd_numero_porta":"674","tx_complemento_endereco":null,"tx_situ_lote":"ATIVO","cd_tipo_uso_imovel":"42","dc_tipo_uso_imovel":"Não residencial","cd_tipo_terreno_imovel":1,"qt_area_terreno":166,"qt_area_construida":100}}},{"type":"Feature","geometry":{"type":"Polygon","coordinates":[[[-46.625467,-23.39001],[-46.625516,-23.389993],[-46.625566,-23.389976],[-46.625569,-23.389982],[-46.62558,-23.390009],[-46.625483,-23.390045],[-46.625467,-23.39001]]]},"properties":{"sqlu":"SP-002-758301","inscription":"SP-GEOSAMPA-2758301","inscricaoImobiliaria":"SP-IMO-2758301","setor":"002","quadra":"011","lote":"0023","sourceType":"OFFICIAL_IMPORT","mainAddress":"Setor Fiscal 002","zoneamento":"RESIDENCIAL","statusCadastral":"ATIVO","workflowStatus":"PENDENTE","isOfficial":true,"rawProperties":{"cd_identificador":2758301,"cd_identificador_original_lote":9162510,"cd_setor_fiscal":"002","cd_tipo_quadra":"F","tx_tipo_quadra":"FISCAL","cd_quadra_fiscal":"011","cd_subquadra_fiscal":null,"cd_condominio":"00","cd_tipo_lote":"F","tx_tipo_lote":"FISCAL","cd_lote":"0023","cd_situacao":1,"cd_digito_sql":"1","cd_logradouro":"061620","nm_logradouro_completo":"R ECONOMIZADORA","cd_numero_porta":"1","tx_complemento_endereco":"A","tx_situ_lote":"ATIVO","cd_tipo_uso_imovel":"40","dc_tipo_uso_imovel":"Não residencial","cd_tipo_terreno_imovel":1,"qt_area_terreno":62,"qt_area_construida":70}}},{"type":"Feature","geometry":{"type":"Polygon","coordinates":[[[-46.621439,-23.394689],[-46.621379,-23.39467],[-46.621415,-23.394314],[-46.621481,-23.394336],[-46.621476,-23.394382],[-46.621468,-23.394447],[-46.621439,-23.394689]]]},"properties":{"sqlu":"SP-002-758639","inscription":"SP-GEOSAMPA-2758639","inscricaoImobiliaria":"SP-IMO-2758639","setor":"002","quadra":"039","lote":"0088","sourceType":"OFFICIAL_IMPORT","mainAddress":"Setor Fiscal 002","zoneamento":"RESIDENCIAL","statusCadastral":"ATIVO","workflowStatus":"PENDENTE","isOfficial":true,"rawProperties":{"cd_identificador":2758639,"cd_identificador_original_lote":9162680,"cd_setor_fiscal":"002","cd_tipo_quadra":"F","tx_tipo_quadra":"FISCAL","cd_quadra_fiscal":"039","cd_subquadra_fiscal":null,"cd_condominio":"00","cd_tipo_lote":"F","tx_tipo_lote":"FISCAL","cd_lote":"0088","cd_situacao":1,"cd_digito_sql":"1","cd_logradouro":"031984","nm_logradouro_completo":"R BENJAMIM DE OLIVEIRA","cd_numero_porta":"435","tx_complemento_endereco":null,"tx_situ_lote":"ATIVO","cd_tipo_uso_imovel":"40","dc_tipo_uso_imovel":"Não residencial","cd_tipo_terreno_imovel":1,"qt_area_terreno":342,"qt_area_construida":300}}},{"type":"Feature","geometry":{"type":"Polygon","coordinates":[[[-46.622718,-23.394537],[-46.622782,-23.39456],[-46.622691,-23.394762],[-46.622677,-23.394794],[-46.622657,-23.394786],[-46.622623,-23.394771],[-46.622597,-23.39476],[-46.622615,-23.394707],[-46.622642,-23.394717],[-46.622718,-23.394537]]]},"properties":{"sqlu":"SP-002-758745","inscription":"SP-GEOSAMPA-2758745","inscricaoImobiliaria":"SP-IMO-2758745","setor":"002","quadra":"039","lote":"0082","sourceType":"OFFICIAL_IMPORT","mainAddress":"Setor Fiscal 002","zoneamento":"RESIDENCIAL","statusCadastral":"ATIVO","workflowStatus":"PENDENTE","isOfficial":true,"rawProperties":{"cd_identificador":2758745,"cd_identificador_original_lote":9162674,"cd_setor_fiscal":"002","cd_tipo_quadra":"F","tx_tipo_quadra":"FISCAL","cd_quadra_fiscal":"039","cd_subquadra_fiscal":null,"cd_condominio":"00","cd_tipo_lote":"F","tx_tipo_lote":"FISCAL","cd_lote":"0082","cd_situacao":1,"cd_digito_sql":"0","cd_logradouro":"010847","nm_logradouro_completo":"R PROF EURIPEDES SIMOES DE PAULA","cd_numero_porta":"436","tx_complemento_endereco":null,"tx_situ_lote":"ATIVO","cd_tipo_uso_imovel":"40","dc_tipo_uso_imovel":"Não residencial","cd_tipo_terreno_imovel":1,"qt_area_terreno":190,"qt_area_construida":174}}},{"type":"Feature","geometry":{"type":"Polygon","coordinates":[[[-46.622718,-23.394537],[-46.622642,-23.394717],[-46.622615,-23.394707],[-46.62256,-23.394687],[-46.622542,-23.394681],[-46.622617,-23.3945],[-46.622718,-23.394537]]]},"properties":{"sqlu":"SP-002-758744","inscription":"SP-GEOSAMPA-2758744","inscricaoImobiliaria":"SP-IMO-2758744","setor":"002","quadra":"039","lote":"0093","sourceType":"OFFICIAL_IMPORT","mainAddress":"Setor Fiscal 002","zoneamento":"RESIDENCIAL","statusCadastral":"ATIVO","workflowStatus":"PENDENTE","isOfficial":true,"rawProperties":{"cd_identificador":2758744,"cd_identificador_original_lote":9162673,"cd_setor_fiscal":"002","cd_tipo_quadra":"F","tx_tipo_quadra":"FISCAL","cd_quadra_fiscal":"039","cd_subquadra_fiscal":null,"cd_condominio":"00","cd_tipo_lote":"F","tx_tipo_lote":"FISCAL","cd_lote":"0093","cd_situacao":1,"cd_digito_sql":"6","cd_logradouro":"010847","nm_logradouro_completo":"R PROF EURIPEDES SIMOES DE PAULA","cd_numero_porta":"440","tx_complemento_endereco":"442 E 446","tx_situ_lote":"ATIVO","cd_tipo_uso_imovel":"40","dc_tipo_uso_imovel":"Não residencial","cd_tipo_terreno_imovel":1,"qt_area_terreno":288,"qt_area_construida":400}}},{"type":"Feature","geometry":{"type":"Polygon","coordinates":[[[-46.620361,-23.395988],[-46.62002,-23.395811],[-46.620033,-23.395763],[-46.620229,-23.395841],[-46.620377,-23.395908],[-46.620361,-23.395988]]]},"properties":{"sqlu":"SP-002-758449","inscription":"SP-GEOSAMPA-2758449","inscricaoImobiliaria":"SP-IMO-2758449","setor":"002","quadra":"048","lote":"0006","sourceType":"OFFICIAL_IMPORT","mainAddress":"Setor Fiscal 002","zoneamento":"RESIDENCIAL","statusCadastral":"ATIVO","workflowStatus":"PENDENTE","isOfficial":true,"rawProperties":{"cd_identificador":2758449,"cd_identificador_original_lote":9162720,"cd_setor_fiscal":"002","cd_tipo_quadra":"F","tx_tipo_quadra":"FISCAL","cd_quadra_fiscal":"048","cd_subquadra_fiscal":null,"cd_condominio":"00","cd_tipo_lote":"F","tx_tipo_lote":"FISCAL","cd_lote":"0006","cd_situacao":1,"cd_digito_sql":"4","cd_logradouro":"012769","nm_logradouro_completo":"R MONS ANDRADE","cd_numero_porta":"416","tx_complemento_endereco":null,"tx_situ_lote":"ATIVO","cd_tipo_uso_imovel":"91","dc_tipo_uso_imovel":null,"cd_tipo_terreno_imovel":1,"qt_area_terreno":290,"qt_area_construida":290}}},{"type":"Feature","geometry":{"type":"Polygon","coordinates":[[[-46.620361,-23.395988],[-46.620346,-23.396069],[-46.620007,-23.395855],[-46.62002,-23.395811],[-46.620361,-23.395988]]]},"properties":{"sqlu":"SP-002-758450","inscription":"SP-GEOSAMPA-2758450","inscricaoImobiliaria":"SP-IMO-2758450","setor":"002","quadra":"048","lote":"0007","sourceType":"OFFICIAL_IMPORT","mainAddress":"Setor Fiscal 002","zoneamento":"RESIDENCIAL","statusCadastral":"ATIVO","workflowStatus":"PENDENTE","isOfficial":true,"rawProperties":{"cd_identificador":2758450,"cd_identificador_original_lote":9162721,"cd_setor_fiscal":"002","cd_tipo_quadra":"F","tx_tipo_quadra":"FISCAL","cd_quadra_fiscal":"048","cd_subquadra_fiscal":null,"cd_condominio":"00","cd_tipo_lote":"F","tx_tipo_lote":"FISCAL","cd_lote":"0007","cd_situacao":1,"cd_digito_sql":"2","cd_logradouro":"012769","nm_logradouro_completo":"R MONS ANDRADE","cd_numero_porta":"408","tx_complemento_endereco":null,"tx_situ_lote":"ATIVO","cd_tipo_uso_imovel":"40","dc_tipo_uso_imovel":"Não residencial","cd_tipo_terreno_imovel":1,"qt_area_terreno":320,"qt_area_construida":300}}},{"type":"Feature","geometry":{"type":"Polygon","coordinates":[[[-46.626151,-23.395824],[-46.62615,-23.395892],[-46.626149,-23.395904],[-46.626144,-23.395912],[-46.625952,-23.395894],[-46.625963,-23.3958],[-46.626151,-23.395824]]]},"properties":{"sqlu":"SP-002-758678","inscription":"SP-GEOSAMPA-2758678","inscricaoImobiliaria":"SP-IMO-2758678","setor":"002","quadra":"037","lote":"0021","sourceType":"OFFICIAL_IMPORT","mainAddress":"Setor Fiscal 002","zoneamento":"RESIDENCIAL","statusCadastral":"ATIVO","workflowStatus":"PENDENTE","isOfficial":true,"rawProperties":{"cd_identificador":2758678,"cd_identificador_original_lote":9163527,"cd_setor_fiscal":"002","cd_tipo_quadra":"F","tx_tipo_quadra":"FISCAL","cd_quadra_fiscal":"037","cd_subquadra_fiscal":null,"cd_condominio":"00","cd_tipo_lote":"F","tx_tipo_lote":"FISCAL","cd_lote":"0021","cd_situacao":1,"cd_digito_sql":"1","cd_logradouro":"043630","nm_logradouro_completo":"R CARLOS GARCIA","cd_numero_porta":"130","tx_complemento_endereco":null,"tx_situ_lote":"ATIVO","cd_tipo_uso_imovel":"40","dc_tipo_uso_imovel":"Não residencial","cd_tipo_terreno_imovel":1,"qt_area_terreno":250,"qt_area_construida":170}}},{"type":"Feature","geometry":{"type":"Polygon","coordinates":[[[-46.620773,-23.398566],[-46.620861,-23.398578],[-46.620884,-23.398604],[-46.620796,-23.398862],[-46.620678,-23.398848],[-46.620687,-23.398795],[-46.620729,-23.398801],[-46.620773,-23.398566]]]},"properties":{"sqlu":"SP-002-759100","inscription":"SP-GEOSAMPA-2759100","inscricaoImobiliaria":"SP-IMO-2759100","setor":"002","quadra":"082","lote":"0001","sourceType":"OFFICIAL_IMPORT","mainAddress":"Setor Fiscal 002","zoneamento":"RESIDENCIAL","statusCadastral":"ATIVO","workflowStatus":"PENDENTE","isOfficial":true,"rawProperties":{"cd_identificador":2759100,"cd_identificador_original_lote":9164056,"cd_setor_fiscal":"002","cd_tipo_quadra":"F","tx_tipo_quadra":"FISCAL","cd_quadra_fiscal":"082","cd_subquadra_fiscal":null,"cd_condominio":"00","cd_tipo_lote":"F","tx_tipo_lote":"FISCAL","cd_lote":"0001","cd_situacao":1,"cd_digito_sql":"0","cd_logradouro":"077860","nm_logradouro_completo":"R DO GASOMETRO","cd_numero_porta":"402","tx_complemento_endereco":"E 410","tx_situ_lote":"ATIVO","cd_tipo_uso_imovel":"43","dc_tipo_uso_imovel":"Não residencial","cd_tipo_terreno_imovel":2,"qt_area_terreno":360,"qt_area_construida":960}}},{"type":"Feature","geometry":{"type":"Polygon","coordinates":[[[-46.619157,-23.396801],[-46.619182,-23.396764],[-46.619314,-23.396842],[-46.619289,-23.396879],[-46.61926,-23.396862],[-46.619245,-23.396853],[-46.619157,-23.396801]]]},"properties":{"sqlu":"SP-002-758778","inscription":"SP-GEOSAMPA-2758778","inscricaoImobiliaria":"SP-IMO-2758778","setor":"002","quadra":"057","lote":"0075","sourceType":"OFFICIAL_IMPORT","mainAddress":"Setor Fiscal 002","zoneamento":"RESIDENCIAL","statusCadastral":"ATIVO","workflowStatus":"PENDENTE","isOfficial":true,"rawProperties":{"cd_identificador":2758778,"cd_identificador_original_lote":9163635,"cd_setor_fiscal":"002","cd_tipo_quadra":"F","tx_tipo_quadra":"FISCAL","cd_quadra_fiscal":"057","cd_subquadra_fiscal":null,"cd_condominio":"00","cd_tipo_lote":"F","tx_tipo_lote":"FISCAL","cd_lote":"0075","cd_situacao":1,"cd_digito_sql":"6","cd_logradouro":"177067","nm_logradouro_completo":"R SAMPAIO MOREIRA","cd_numero_porta":"110","tx_complemento_endereco":"CS 9","tx_situ_lote":"ATIVO","cd_tipo_uso_imovel":"10","dc_tipo_uso_imovel":"Residencial","cd_tipo_terreno_imovel":4,"qt_area_terreno":80,"qt_area_construida":88}}},{"type":"Feature","geometry":{"type":"Polygon","coordinates":[[[-46.623697,-23.400192],[-46.623715,-23.4002],[-46.623671,-23.400282],[-46.62365,-23.400321],[-46.623628,-23.400363],[-46.623607,-23.400402],[-46.623585,-23.400442],[-46.623564,-23.400481],[-46.623543,-23.40052],[-46.623521,-23.400561],[-46.623501,-23.400599],[-46.623478,-23.400642],[-46.623465,-23.400636],[-46.623697,-23.400192]]]},"properties":{"sqlu":"SP-002-759106","inscription":"SP-GEOSAMPA-2759106","inscricaoImobiliaria":"SP-IMO-2759106","setor":"002","quadra":"080","lote":"0001","sourceType":"OFFICIAL_IMPORT","mainAddress":"Setor Fiscal 002","zoneamento":"RESIDENCIAL","statusCadastral":"ATIVO","workflowStatus":"PENDENTE","isOfficial":true,"rawProperties":{"cd_identificador":2759106,"cd_identificador_original_lote":9163878,"cd_setor_fiscal":"002","cd_tipo_quadra":"F","tx_tipo_quadra":"FISCAL","cd_quadra_fiscal":"080","cd_subquadra_fiscal":null,"cd_condominio":"00","cd_tipo_lote":"V","tx_tipo_lote":"Via de Acesso","cd_lote":"0001","cd_situacao":1,"cd_digito_sql":null,"cd_logradouro":null,"nm_logradouro_completo":null,"cd_numero_porta":null,"tx_complemento_endereco":null,"tx_situ_lote":null,"cd_tipo_uso_imovel":null,"dc_tipo_uso_imovel":null,"cd_tipo_terreno_imovel":null,"qt_area_terreno":null,"qt_area_construida":null}}},{"type":"Feature","geometry":{"type":"Polygon","coordinates":[[[-46.624431,-23.395381],[-46.624426,-23.395393],[-46.624333,-23.395651],[-46.624275,-23.395631],[-46.624377,-23.395364],[-46.624431,-23.395381]]]},"properties":{"sqlu":"SP-002-759058","inscription":"SP-GEOSAMPA-2759058","inscricaoImobiliaria":"SP-IMO-2759058","setor":"002","quadra":"038","lote":"0020","sourceType":"OFFICIAL_IMPORT","mainAddress":"Setor Fiscal 002","zoneamento":"RESIDENCIAL","statusCadastral":"ATIVO","workflowStatus":"PENDENTE","isOfficial":true,"rawProperties":{"cd_identificador":2759058,"cd_identificador_original_lote":9162424,"cd_setor_fiscal":"002","cd_tipo_quadra":"F","tx_tipo_quadra":"FISCAL","cd_quadra_fiscal":"038","cd_subquadra_fiscal":null,"cd_condominio":"00","cd_tipo_lote":"F","tx_tipo_lote":"FISCAL","cd_lote":"0020","cd_situacao":1,"cd_digito_sql":"6","cd_logradouro":"031984","nm_logradouro_completo":"R BENJAMIM DE OLIVEIRA","cd_numero_porta":"125","tx_complemento_endereco":null,"tx_situ_lote":"ATIVO","cd_tipo_uso_imovel":"40","dc_tipo_uso_imovel":"Não residencial","cd_tipo_terreno_imovel":1,"qt_area_terreno":188,"qt_area_construida":180}}},{"type":"Feature","geometry":{"type":"Polygon","coordinates":[[[-46.618657,-23.398459],[-46.618934,-23.398624],[-46.618908,-23.398661],[-46.61863,-23.398496],[-46.618657,-23.398459]]]},"properties":{"sqlu":"SP-002-758619","inscription":"SP-GEOSAMPA-2758619","inscricaoImobiliaria":"SP-IMO-2758619","setor":"002","quadra":"084","lote":"0011","sourceType":"OFFICIAL_IMPORT","mainAddress":"Setor Fiscal 002","zoneamento":"RESIDENCIAL","statusCadastral":"ATIVO","workflowStatus":"PENDENTE","isOfficial":true,"rawProperties":{"cd_identificador":2758619,"cd_identificador_original_lote":9163709,"cd_setor_fiscal":"002","cd_tipo_quadra":"F","tx_tipo_quadra":"FISCAL","cd_quadra_fiscal":"084","cd_subquadra_fiscal":null,"cd_condominio":"00","cd_tipo_lote":"F","tx_tipo_lote":"FISCAL","cd_lote":"0011","cd_situacao":1,"cd_digito_sql":"7","cd_logradouro":"148881","nm_logradouro_completo":"R OIAPOQUE","cd_numero_porta":"65","tx_complemento_endereco":"67","tx_situ_lote":"ATIVO","cd_tipo_uso_imovel":"40","dc_tipo_uso_imovel":"Não residencial","cd_tipo_terreno_imovel":1,"qt_area_terreno":175,"qt_area_construida":315}}},{"type":"Feature","geometry":{"type":"Polygon","coordinates":[[[-46.62554,-23.394577],[-46.625541,-23.39453],[-46.625711,-23.394589],[-46.625777,-23.394611],[-46.625761,-23.394652],[-46.62565,-23.394616],[-46.625624,-23.394607],[-46.62554,-23.394577]]]},"properties":{"sqlu":"SP-002-758508","inscription":"SP-GEOSAMPA-2758508","inscricaoImobiliaria":"SP-IMO-2758508","setor":"002","quadra":"029","lote":"0012","sourceType":"OFFICIAL_IMPORT","mainAddress":"Setor Fiscal 002","zoneamento":"RESIDENCIAL","statusCadastral":"ATIVO","workflowStatus":"PENDENTE","isOfficial":true,"rawProperties":{"cd_identificador":2758508,"cd_identificador_original_lote":9163329,"cd_setor_fiscal":"002","cd_tipo_quadra":"F","tx_tipo_quadra":"FISCAL","cd_quadra_fiscal":"029","cd_subquadra_fiscal":null,"cd_condominio":"00","cd_tipo_lote":"F","tx_tipo_lote":"FISCAL","cd_lote":"0012","cd_situacao":1,"cd_digito_sql":"6","cd_logradouro":"174009","nm_logradouro_completo":"R STA ROSA","cd_numero_porta":"305","tx_complemento_endereco":null,"tx_situ_lote":"ATIVO","cd_tipo_uso_imovel":"40","dc_tipo_uso_imovel":"Não residencial","cd_tipo_terreno_imovel":1,"qt_area_terreno":132,"qt_area_construida":130}}},{"type":"Feature","geometry":{"type":"Polygon","coordinates":[[[-46.624192,-23.394436],[-46.624126,-23.394634],[-46.624122,-23.394647],[-46.624058,-23.394841],[-46.623965,-23.394815],[-46.624027,-23.394624],[-46.624033,-23.394608],[-46.624076,-23.394475],[-46.624097,-23.39441],[-46.624192,-23.394436]]]},"properties":{"sqlu":"SP-002-759426","inscription":"SP-GEOSAMPA-2759426","inscricaoImobiliaria":"SP-IMO-2759426","setor":"002","quadra":"089","lote":"0045","sourceType":"OFFICIAL_IMPORT","mainAddress":"Setor Fiscal 002","zoneamento":"RESIDENCIAL","statusCadastral":"ATIVO","workflowStatus":"PENDENTE","isOfficial":true,"rawProperties":{"cd_identificador":2759426,"cd_identificador_original_lote":9164242,"cd_setor_fiscal":"002","cd_tipo_quadra":"F","tx_tipo_quadra":"FISCAL","cd_quadra_fiscal":"089","cd_subquadra_fiscal":null,"cd_condominio":"00","cd_tipo_lote":"F","tx_tipo_lote":"FISCAL","cd_lote":"0045","cd_situacao":1,"cd_digito_sql":"4","cd_logradouro":"010847","nm_logradouro_completo":"R PROF EURIPEDES SIMOES DE PAULA","cd_numero_porta":"303","tx_complemento_endereco":null,"tx_situ_lote":"ATIVO","cd_tipo_uso_imovel":"43","dc_tipo_uso_imovel":"Não residencial","cd_tipo_terreno_imovel":3,"qt_area_terreno":473,"qt_area_construida":1896}}},{"type":"Feature","geometry":{"type":"Polygon","coordinates":[[[-46.624192,-23.394436],[-46.624284,-23.394462],[-46.624216,-23.394673],[-46.624213,-23.394672],[-46.624167,-23.394659],[-46.624122,-23.394647],[-46.624126,-23.394634],[-46.624192,-23.394436]]]},"properties":{"sqlu":"SP-002-759427","inscription":"SP-GEOSAMPA-2759427","inscricaoImobiliaria":"SP-IMO-2759427","setor":"002","quadra":"089","lote":"0034","sourceType":"OFFICIAL_IMPORT","mainAddress":"Setor Fiscal 002","zoneamento":"RESIDENCIAL","statusCadastral":"ATIVO","workflowStatus":"PENDENTE","isOfficial":true,"rawProperties":{"cd_identificador":2759427,"cd_identificador_original_lote":9164243,"cd_setor_fiscal":"002","cd_tipo_quadra":"F","tx_tipo_quadra":"FISCAL","cd_quadra_fiscal":"089","cd_subquadra_fiscal":null,"cd_condominio":"00","cd_tipo_lote":"F","tx_tipo_lote":"FISCAL","cd_lote":"0034","cd_situacao":1,"cd_digito_sql":"9","cd_logradouro":"138215","nm_logradouro_completo":"R MENDES CALDEIRA","cd_numero_porta":"120","tx_complemento_endereco":"E 124","tx_situ_lote":"ATIVO","cd_tipo_uso_imovel":"31","dc_tipo_uso_imovel":"Não residencial","cd_tipo_terreno_imovel":1,"qt_area_terreno":250,"qt_area_construida":460}}},{"type":"Feature","geometry":{"type":"Polygon","coordinates":[[[-46.628513,-23.397689],[-46.628429,-23.397365],[-46.628498,-23.397355],[-46.62858,-23.397675],[-46.628513,-23.397689]]]},"properties":{"sqlu":"SP-002-759653","inscription":"SP-GEOSAMPA-2759653","inscricaoImobiliaria":"SP-IMO-2759653","setor":"002","quadra":"032","lote":"0028","sourceType":"OFFICIAL_IMPORT","mainAddress":"Setor Fiscal 002","zoneamento":"RESIDENCIAL","statusCadastral":"ATIVO","workflowStatus":"PENDENTE","isOfficial":true,"rawProperties":{"cd_identificador":2759653,"cd_identificador_original_lote":9162586,"cd_setor_fiscal":"002","cd_tipo_quadra":"F","tx_tipo_quadra":"FISCAL","cd_quadra_fiscal":"032","cd_subquadra_fiscal":null,"cd_condominio":"00","cd_tipo_lote":"F","tx_tipo_lote":"FISCAL","cd_lote":"0028","cd_situacao":1,"cd_digito_sql":"4","cd_logradouro":"095753","nm_logradouro_completo":"R DR ITAPURA DE MIRANDA","cd_numero_porta":"65","tx_complemento_endereco":"E 69","tx_situ_lote":"ATIVO","cd_tipo_uso_imovel":"43","dc_tipo_uso_imovel":"Não residencial","cd_tipo_terreno_imovel":1,"qt_area_terreno":250,"qt_area_construida":460}}},{"type":"Feature","geometry":{"type":"Polygon","coordinates":[[[-46.628513,-23.397689],[-46.628446,-23.397702],[-46.628386,-23.39747],[-46.628368,-23.397401],[-46.628362,-23.397375],[-46.628429,-23.397365],[-46.628513,-23.397689]]]},"properties":{"sqlu":"SP-002-759654","inscription":"SP-GEOSAMPA-2759654","inscricaoImobiliaria":"SP-IMO-2759654","setor":"002","quadra":"032","lote":"0027","sourceType":"OFFICIAL_IMPORT","mainAddress":"Setor Fiscal 002","zoneamento":"RESIDENCIAL","statusCadastral":"ATIVO","workflowStatus":"PENDENTE","isOfficial":true,"rawProperties":{"cd_identificador":2759654,"cd_identificador_original_lote":9162587,"cd_setor_fiscal":"002","cd_tipo_quadra":"F","tx_tipo_quadra":"FISCAL","cd_quadra_fiscal":"032","cd_subquadra_fiscal":null,"cd_condominio":"00","cd_tipo_lote":"F","tx_tipo_lote":"FISCAL","cd_lote":"0027","cd_situacao":1,"cd_digito_sql":"6","cd_logradouro":"095753","nm_logradouro_completo":"R DR ITAPURA DE MIRANDA","cd_numero_porta":"71","tx_complemento_endereco":"E 73","tx_situ_lote":"ATIVO","cd_tipo_uso_imovel":"43","dc_tipo_uso_imovel":"Não residencial","cd_tipo_terreno_imovel":1,"qt_area_terreno":250,"qt_area_construida":460}}},{"type":"Feature","geometry":{"type":"Polygon","coordinates":[[[-46.624246,-23.388586],[-46.624272,-23.388578],[-46.624332,-23.388559],[-46.624349,-23.388601],[-46.624262,-23.388626],[-46.624251,-23.388598],[-46.624246,-23.388586]]]},"properties":{"sqlu":"SP-002-759475","inscription":"SP-GEOSAMPA-2759475","inscricaoImobiliaria":"SP-IMO-2759475","setor":"002","quadra":"002","lote":"0026","sourceType":"OFFICIAL_IMPORT","mainAddress":"Setor Fiscal 002","zoneamento":"RESIDENCIAL","statusCadastral":"ATIVO","workflowStatus":"PENDENTE","isOfficial":true,"rawProperties":{"cd_identificador":2759475,"cd_identificador_original_lote":9162343,"cd_setor_fiscal":"002","cd_tipo_quadra":"F","tx_tipo_quadra":"FISCAL","cd_quadra_fiscal":"002","cd_subquadra_fiscal":null,"cd_condominio":"00","cd_tipo_lote":"F","tx_tipo_lote":"FISCAL","cd_lote":"0026","cd_situacao":1,"cd_digito_sql":"7","cd_logradouro":"158720","nm_logradouro_completo":"R PEDRO ALVARES CABRAL","cd_numero_porta":"148","tx_complemento_endereco":null,"tx_situ_lote":"ATIVO","cd_tipo_uso_imovel":"12","dc_tipo_uso_imovel":"Residencial","cd_tipo_terreno_imovel":1,"qt_area_terreno":49,"qt_area_construida":70}}},{"type":"Feature","geometry":{"type":"Polygon","coordinates":[[[-46.629904,-23.402123],[-46.629955,-23.401969],[-46.630033,-23.401994],[-46.629968,-23.402143],[-46.629937,-23.402133],[-46.629904,-23.402123]]]},"properties":{"sqlu":"SP-002-759469","inscription":"SP-GEOSAMPA-2759469","inscricaoImobiliaria":"SP-IMO-2759469","setor":"002","quadra":"067","lote":"0011","sourceType":"OFFICIAL_IMPORT","mainAddress":"Setor Fiscal 002","zoneamento":"RESIDENCIAL","statusCadastral":"ATIVO","workflowStatus":"PENDENTE","isOfficial":true,"rawProperties":{"cd_identificador":2759469,"cd_identificador_original_lote":9162666,"cd_setor_fiscal":"002","cd_tipo_quadra":"F","tx_tipo_quadra":"FISCAL","cd_quadra_fiscal":"067","cd_subquadra_fiscal":null,"cd_condominio":"00","cd_tipo_lote":"F","tx_tipo_lote":"FISCAL","cd_lote":"0011","cd_situacao":1,"cd_digito_sql":"3","cd_logradouro":"131636","nm_logradouro_completo":"R MARIA BENEDITA","cd_numero_porta":"32","tx_complemento_endereco":null,"tx_situ_lote":"ATIVO","cd_tipo_uso_imovel":"00","dc_tipo_uso_imovel":"Terreno","cd_tipo_terreno_imovel":1,"qt_area_terreno":141,"qt_area_construida":0}}},{"type":"Feature","geometry":{"type":"Polygon","coordinates":[[[-46.620384,-23.399043],[-46.620362,-23.399091],[-46.62034,-23.399139],[-46.620325,-23.399172],[-46.620269,-23.39914],[-46.620212,-23.399107],[-46.620237,-23.399064],[-46.619995,-23.398924],[-46.620051,-23.398842],[-46.620384,-23.399043]]]},"properties":{"sqlu":"SP-002-760089","inscription":"SP-GEOSAMPA-2760089","inscricaoImobiliaria":"SP-IMO-2760089","setor":"002","quadra":"082","lote":"0056","sourceType":"OFFICIAL_IMPORT","mainAddress":"Setor Fiscal 002","zoneamento":"RESIDENCIAL","statusCadastral":"ATIVO","workflowStatus":"PENDENTE","isOfficial":true,"rawProperties":{"cd_identificador":2760089,"cd_identificador_original_lote":9164050,"cd_setor_fiscal":"002","cd_tipo_quadra":"F","tx_tipo_quadra":"FISCAL","cd_quadra_fiscal":"082","cd_subquadra_fiscal":null,"cd_condominio":"00","cd_tipo_lote":"F","tx_tipo_lote":"FISCAL","cd_lote":"0056","cd_situacao":1,"cd_digito_sql":"8","cd_logradouro":"098736","nm_logradouro_completo":"R JAIRO GOIS","cd_numero_porta":"95","tx_complemento_endereco":"E 99","tx_situ_lote":"ATIVO","cd_tipo_uso_imovel":"40","dc_tipo_uso_imovel":"Não residencial","cd_tipo_terreno_imovel":1,"qt_area_terreno":440,"qt_area_construida":600}}},{"type":"Feature","geometry":{"type":"Polygon","coordinates":[[[-46.618898,-23.396996],[-46.61887,-23.397036],[-46.618761,-23.396973],[-46.618786,-23.396936],[-46.618788,-23.396932],[-46.618898,-23.396996]]]},"properties":{"sqlu":"SP-002-759366","inscription":"SP-GEOSAMPA-2759366","inscricaoImobiliaria":"SP-IMO-2759366","setor":"002","quadra":"057","lote":"0058","sourceType":"OFFICIAL_IMPORT","mainAddress":"Setor Fiscal 002","zoneamento":"RESIDENCIAL","statusCadastral":"ATIVO","workflowStatus":"PENDENTE","isOfficial":true,"rawProperties":{"cd_identificador":2759366,"cd_identificador_original_lote":9163550,"cd_setor_fiscal":"002","cd_tipo_quadra":"F","tx_tipo_quadra":"FISCAL","cd_quadra_fiscal":"057","cd_subquadra_fiscal":null,"cd_condominio":"00","cd_tipo_lote":"F","tx_tipo_lote":"FISCAL","cd_lote":"0058","cd_situacao":1,"cd_digito_sql":"6","cd_logradouro":"177067","nm_logradouro_completo":"R SAMPAIO MOREIRA","cd_numero_porta":"110","tx_complemento_endereco":"CS 16","tx_situ_lote":"ATIVO","cd_tipo_uso_imovel":"10","dc_tipo_uso_imovel":"Residencial","cd_tipo_terreno_imovel":4,"qt_area_terreno":70,"qt_area_construida":80}}},{"type":"Feature","geometry":{"type":"Polygon","coordinates":[[[-46.622762,-23.397548],[-46.62269,-23.397756],[-46.622681,-23.397783],[-46.622661,-23.397841],[-46.622536,-23.398258],[-46.622398,-23.398222],[-46.622329,-23.398443],[-46.622221,-23.398421],[-46.62227,-23.398264],[-46.622287,-23.398213],[-46.622303,-23.398161],[-46.622319,-23.398109],[-46.622335,-23.398057],[-46.622352,-23.398006],[-46.622368,-23.397954],[-46.622369,-23.397951],[-46.622379,-23.397919],[-46.622394,-23.39787],[-46.622403,-23.397843],[-46.622411,-23.397817],[-46.622418,-23.397794],[-46.622242,-23.397689],[-46.622268,-23.397624],[-46.622403,-23.397707],[-46.622439,-23.397729],[-46.622448,-23.3977],[-46.622458,-23.397706],[-46.622546,-23.397501],[-46.622646,-23.397523],[-46.622762,-23.397548]]]},"properties":{"sqlu":"SP-002-760283","inscription":"SP-GEOSAMPA-2760283","inscricaoImobiliaria":"SP-IMO-2760283","setor":"002","quadra":"054","lote":"0068","sourceType":"OFFICIAL_IMPORT","mainAddress":"Setor Fiscal 002","zoneamento":"RESIDENCIAL","statusCadastral":"ATIVO","workflowStatus":"PENDENTE","isOfficial":true,"rawProperties":{"cd_identificador":2760283,"cd_identificador_original_lote":9162820,"cd_setor_fiscal":"002","cd_tipo_quadra":"F","tx_tipo_quadra":"FISCAL","cd_quadra_fiscal":"054","cd_subquadra_fiscal":null,"cd_condominio":"00","cd_tipo_lote":"F","tx_tipo_lote":"FISCAL","cd_lote":"0068","cd_situacao":1,"cd_digito_sql":"1","cd_logradouro":"077860","nm_logradouro_completo":"R DO GASOMETRO","cd_numero_porta":"263","tx_complemento_endereco":"265","tx_situ_lote":"ATIVO","cd_tipo_uso_imovel":"40","dc_tipo_uso_imovel":"Não residencial","cd_tipo_terreno_imovel":3,"qt_area_terreno":2100,"qt_area_construida":2413}}},{"type":"Feature","geometry":{"type":"Polygon","coordinates":[[[-46.624436,-23.397186],[-46.624487,-23.397199],[-46.624422,-23.397474],[-46.624384,-23.397466],[-46.624381,-23.397478],[-46.624367,-23.397475],[-46.62437,-23.397463],[-46.624436,-23.397186]]]},"properties":{"sqlu":"SP-002-760373","inscription":"SP-GEOSAMPA-2760373","inscricaoImobiliaria":"SP-IMO-2760373","setor":"002","quadra":"045","lote":"0012","sourceType":"OFFICIAL_IMPORT","mainAddress":"Setor Fiscal 002","zoneamento":"RESIDENCIAL","statusCadastral":"ATIVO","workflowStatus":"PENDENTE","isOfficial":true,"rawProperties":{"cd_identificador":2760373,"cd_identificador_original_lote":9163158,"cd_setor_fiscal":"002","cd_tipo_quadra":"F","tx_tipo_quadra":"FISCAL","cd_quadra_fiscal":"045","cd_subquadra_fiscal":null,"cd_condominio":"00","cd_tipo_lote":"F","tx_tipo_lote":"FISCAL","cd_lote":"0012","cd_situacao":1,"cd_digito_sql":"5","cd_logradouro":"008699","nm_logradouro_completo":"R POLIGNANO A MARE","cd_numero_porta":"86","tx_complemento_endereco":"E 90","tx_situ_lote":"ATIVO","cd_tipo_uso_imovel":"42","dc_tipo_uso_imovel":"Não residencial","cd_tipo_terreno_imovel":1,"qt_area_terreno":165,"qt_area_construida":307}}},{"type":"Feature","geometry":{"type":"Polygon","coordinates":[[[-46.617047,-23.397661],[-46.617068,-23.397673],[-46.617096,-23.397689],[-46.616918,-23.397962],[-46.61686,-23.397927],[-46.617047,-23.397661]]]},"properties":{"sqlu":"SP-002-760389","inscription":"SP-GEOSAMPA-2760389","inscricaoImobiliaria":"SP-IMO-2760389","setor":"002","quadra":"086","lote":"0024","sourceType":"OFFICIAL_IMPORT","mainAddress":"Setor Fiscal 002","zoneamento":"RESIDENCIAL","statusCadastral":"ATIVO","workflowStatus":"PENDENTE","isOfficial":true,"rawProperties":{"cd_identificador":2760389,"cd_identificador_original_lote":9164266,"cd_setor_fiscal":"002","cd_tipo_quadra":"F","tx_tipo_quadra":"FISCAL","cd_quadra_fiscal":"086","cd_subquadra_fiscal":null,"cd_condominio":"00","cd_tipo_lote":"F","tx_tipo_lote":"FISCAL","cd_lote":"0024","cd_situacao":1,"cd_digito_sql":"8","cd_logradouro":"168700","nm_logradouro_completo":"AV RANGEL PESTANA","cd_numero_porta":"1729","tx_complemento_endereco":null,"tx_situ_lote":"ATIVO","cd_tipo_uso_imovel":"42","dc_tipo_uso_imovel":"Não residencial","cd_tipo_terreno_imovel":1,"qt_area_terreno":283,"qt_area_construida":250}}},{"type":"Feature","geometry":{"type":"Polygon","coordinates":[[[-46.625673,-23.389975],[-46.625666,-23.389921],[-46.625639,-23.389764],[-46.625688,-23.389756],[-46.625714,-23.389908],[-46.625725,-23.389961],[-46.62574,-23.38999],[-46.625696,-23.389998],[-46.625691,-23.389999],[-46.625686,-23.38999],[-46.625681,-23.389972],[-46.625673,-23.389975]]]},"properties":{"sqlu":"SP-002-760347","inscription":"SP-GEOSAMPA-2760347","inscricaoImobiliaria":"SP-IMO-2760347","setor":"002","quadra":"011","lote":"0017","sourceType":"OFFICIAL_IMPORT","mainAddress":"Setor Fiscal 002","zoneamento":"RESIDENCIAL","statusCadastral":"ATIVO","workflowStatus":"PENDENTE","isOfficial":true,"rawProperties":{"cd_identificador":2760347,"cd_identificador_original_lote":9163252,"cd_setor_fiscal":"002","cd_tipo_quadra":"F","tx_tipo_quadra":"FISCAL","cd_quadra_fiscal":"011","cd_subquadra_fiscal":null,"cd_condominio":"00","cd_tipo_lote":"F","tx_tipo_lote":"FISCAL","cd_lote":"0017","cd_situacao":1,"cd_digito_sql":"7","cd_logradouro":"038121","nm_logradouro_completo":"R S CAETANO","cd_numero_porta":"612","tx_complemento_endereco":null,"tx_situ_lote":"ATIVO","cd_tipo_uso_imovel":"42","dc_tipo_uso_imovel":"Não residencial","cd_tipo_terreno_imovel":1,"qt_area_terreno":160,"qt_area_construida":296}}},{"type":"Feature","geometry":{"type":"Polygon","coordinates":[[[-46.623982,-23.395268],[-46.624037,-23.395286],[-46.624093,-23.395305],[-46.624089,-23.395316],[-46.624075,-23.395356],[-46.624072,-23.395366],[-46.62405,-23.395433],[-46.624037,-23.395469],[-46.624033,-23.39548],[-46.624012,-23.395544],[-46.623903,-23.395508],[-46.623927,-23.395435],[-46.623942,-23.395391],[-46.623965,-23.395319],[-46.623982,-23.395268]]]},"properties":{"sqlu":"SP-002-760044","inscription":"SP-GEOSAMPA-2760044","inscricaoImobiliaria":"SP-IMO-2760044","setor":"002","quadra":"038","lote":"0000","sourceType":"OFFICIAL_IMPORT","mainAddress":"Setor Fiscal 002","zoneamento":"RESIDENCIAL","statusCadastral":"ATIVO","workflowStatus":"PENDENTE","isOfficial":true,"rawProperties":{"cd_identificador":2760044,"cd_identificador_original_lote":9162974,"cd_setor_fiscal":"002","cd_tipo_quadra":"F","tx_tipo_quadra":"FISCAL","cd_quadra_fiscal":"038","cd_subquadra_fiscal":null,"cd_condominio":"04","cd_tipo_lote":"F","tx_tipo_lote":"FISCAL","cd_lote":"0000","cd_situacao":1,"cd_digito_sql":null,"cd_logradouro":"031984","nm_logradouro_completo":"R BENJAMIM DE OLIVEIRA","cd_numero_porta":"155 157 159","tx_complemento_endereco":null,"tx_situ_lote":null,"cd_tipo_uso_imovel":"XX","dc_tipo_uso_imovel":"Condomínio","cd_tipo_terreno_imovel":99,"qt_area_terreno":352,"qt_area_construida":null}}},{"type":"Feature","geometry":{"type":"Polygon","coordinates":[[[-46.624445,-23.395688],[-46.624333,-23.395651],[-46.624426,-23.395393],[-46.624431,-23.395381],[-46.624436,-23.395382],[-46.624534,-23.395411],[-46.624529,-23.395424],[-46.624445,-23.395688]]]},"properties":{"sqlu":"SP-002-760010","inscription":"SP-GEOSAMPA-2760010","inscricaoImobiliaria":"SP-IMO-2760010","setor":"002","quadra":"038","lote":"0019","sourceType":"OFFICIAL_IMPORT","mainAddress":"Setor Fiscal 002","zoneamento":"RESIDENCIAL","statusCadastral":"ATIVO","workflowStatus":"PENDENTE","isOfficial":true,"rawProperties":{"cd_identificador":2760010,"cd_identificador_original_lote":9162423,"cd_setor_fiscal":"002","cd_tipo_quadra":"F","tx_tipo_quadra":"FISCAL","cd_quadra_fiscal":"038","cd_subquadra_fiscal":null,"cd_condominio":"00","cd_tipo_lote":"F","tx_tipo_lote":"FISCAL","cd_lote":"0019","cd_situacao":1,"cd_digito_sql":"2","cd_logradouro":"031984","nm_logradouro_completo":"R BENJAMIM DE OLIVEIRA","cd_numero_porta":"109","tx_complemento_endereco":"111- 115 E 117","tx_situ_lote":"ATIVO","cd_tipo_uso_imovel":"42","dc_tipo_uso_imovel":"Não residencial","cd_tipo_terreno_imovel":1,"qt_area_terreno":390,"qt_area_construida":650}}},{"type":"Feature","geometry":{"type":"Polygon","coordinates":[[[-46.619491,-23.395357],[-46.619443,-23.395414],[-46.619364,-23.395355],[-46.619415,-23.395301],[-46.619491,-23.395357]]]},"properties":{"sqlu":"SP-002-760519","inscription":"SP-GEOSAMPA-2760519","inscricaoImobiliaria":"SP-IMO-2760519","setor":"002","quadra":"049","lote":"0002","sourceType":"OFFICIAL_IMPORT","mainAddress":"Setor Fiscal 002","zoneamento":"RESIDENCIAL","statusCadastral":"ATIVO","workflowStatus":"PENDENTE","isOfficial":true,"rawProperties":{"cd_identificador":2760519,"cd_identificador_original_lote":9162695,"cd_setor_fiscal":"002","cd_tipo_quadra":"F","tx_tipo_quadra":"FISCAL","cd_quadra_fiscal":"049","cd_subquadra_fiscal":null,"cd_condominio":"00","cd_tipo_lote":"F","tx_tipo_lote":"FISCAL","cd_lote":"0002","cd_situacao":1,"cd_digito_sql":"6","cd_logradouro":"007757","nm_logradouro_completo":"R VADICO","cd_numero_porta":"28","tx_complemento_endereco":"CS 28","tx_situ_lote":"ATIVO","cd_tipo_uso_imovel":"10","dc_tipo_uso_imovel":"Residencial","cd_tipo_terreno_imovel":1,"qt_area_terreno":96,"qt_area_construida":100}}},{"type":"Feature","geometry":{"type":"Polygon","coordinates":[[[-46.62149,-23.395203],[-46.621469,-23.395195],[-46.621447,-23.395188],[-46.621525,-23.394886],[-46.621536,-23.394845],[-46.621577,-23.394858],[-46.621513,-23.395112],[-46.621506,-23.395137],[-46.62149,-23.395203]]]},"properties":{"sqlu":"SP-002-760610","inscription":"SP-GEOSAMPA-2760610","inscricaoImobiliaria":"SP-IMO-2760610","setor":"002","quadra":"043","lote":"0013","sourceType":"OFFICIAL_IMPORT","mainAddress":"Setor Fiscal 002","zoneamento":"RESIDENCIAL","statusCadastral":"ATIVO","workflowStatus":"PENDENTE","isOfficial":true,"rawProperties":{"cd_identificador":2760610,"cd_identificador_original_lote":9162727,"cd_setor_fiscal":"002","cd_tipo_quadra":"F","tx_tipo_quadra":"FISCAL","cd_quadra_fiscal":"043","cd_subquadra_fiscal":null,"cd_condominio":"00","cd_tipo_lote":"F","tx_tipo_lote":"FISCAL","cd_lote":"0013","cd_situacao":1,"cd_digito_sql":"4","cd_logradouro":"031984","nm_logradouro_completo":"R BENJAMIM DE OLIVEIRA","cd_numero_porta":"414","tx_complemento_endereco":"E 416","tx_situ_lote":"ATIVO","cd_tipo_uso_imovel":"42","dc_tipo_uso_imovel":"Não residencial","cd_tipo_terreno_imovel":1,"qt_area_terreno":172,"qt_area_construida":250}}},{"type":"Feature","geometry":{"type":"Polygon","coordinates":[[[-46.624436,-23.395382],[-46.624528,-23.395104],[-46.624623,-23.395132],[-46.624534,-23.395411],[-46.624436,-23.395382]]]},"properties":{"sqlu":"SP-002-759891","inscription":"SP-GEOSAMPA-2759891","inscricaoImobiliaria":"SP-IMO-2759891","setor":"002","quadra":"038","lote":"0060","sourceType":"OFFICIAL_IMPORT","mainAddress":"Setor Fiscal 002","zoneamento":"RESIDENCIAL","statusCadastral":"ATIVO","workflowStatus":"PENDENTE","isOfficial":true,"rawProperties":{"cd_identificador":2759891,"cd_identificador_original_lote":9163060,"cd_setor_fiscal":"002","cd_tipo_quadra":"F","tx_tipo_quadra":"FISCAL","cd_quadra_fiscal":"038","cd_subquadra_fiscal":null,"cd_condominio":"00","cd_tipo_lote":"F","tx_tipo_lote":"FISCAL","cd_lote":"0060","cd_situacao":1,"cd_digito_sql":"5","cd_logradouro":"010847","nm_logradouro_completo":"R PROF EURIPEDES SIMOES DE PAULA","cd_numero_porta":"236","tx_complemento_endereco":null,"tx_situ_lote":"ATIVO","cd_tipo_uso_imovel":"43","dc_tipo_uso_imovel":"Não residencial","cd_tipo_terreno_imovel":1,"qt_area_terreno":320,"qt_area_construida":620}}},{"type":"Feature","geometry":{"type":"Polygon","coordinates":[[[-46.619312,-23.39472],[-46.619086,-23.395006],[-46.619031,-23.39497],[-46.619057,-23.394937],[-46.619084,-23.3949],[-46.619116,-23.394859],[-46.619251,-23.39468],[-46.619312,-23.39472]]]},"properties":{"sqlu":"SP-002-760130","inscription":"SP-GEOSAMPA-2760130","inscricaoImobiliaria":"SP-IMO-2760130","setor":"002","quadra":"049","lote":"0043","sourceType":"OFFICIAL_IMPORT","mainAddress":"Setor Fiscal 002","zoneamento":"RESIDENCIAL","statusCadastral":"ATIVO","workflowStatus":"PENDENTE","isOfficial":true,"rawProperties":{"cd_identificador":2760130,"cd_identificador_original_lote":9163438,"cd_setor_fiscal":"002","cd_tipo_quadra":"F","tx_tipo_quadra":"FISCAL","cd_quadra_fiscal":"049","cd_subquadra_fiscal":null,"cd_condominio":"00","cd_tipo_lote":"F","tx_tipo_lote":"FISCAL","cd_lote":"0043","cd_situacao":1,"cd_digito_sql":"3","cd_logradouro":"072362","nm_logradouro_completo":"R DO BUCOLISMO","cd_numero_porta":"126","tx_complemento_endereco":"E 156","tx_situ_lote":"ATIVO","cd_tipo_uso_imovel":"43","dc_tipo_uso_imovel":"Não residencial","cd_tipo_terreno_imovel":1,"qt_area_terreno":304,"qt_area_construida":502}}},{"type":"Feature","geometry":{"type":"Polygon","coordinates":[[[-46.62456,-23.389098],[-46.624581,-23.389145],[-46.624434,-23.389194],[-46.624414,-23.389147],[-46.624418,-23.389145],[-46.62447,-23.389128],[-46.624504,-23.389117],[-46.62456,-23.389098]]]},"properties":{"sqlu":"SP-002-760781","inscription":"SP-GEOSAMPA-2760781","inscricaoImobiliaria":"SP-IMO-2760781","setor":"002","quadra":"002","lote":"0012","sourceType":"OFFICIAL_IMPORT","mainAddress":"Setor Fiscal 002","zoneamento":"RESIDENCIAL","statusCadastral":"ATIVO","workflowStatus":"PENDENTE","isOfficial":true,"rawProperties":{"cd_identificador":2760781,"cd_identificador_original_lote":9162364,"cd_setor_fiscal":"002","cd_tipo_quadra":"F","tx_tipo_quadra":"FISCAL","cd_quadra_fiscal":"002","cd_subquadra_fiscal":null,"cd_condominio":"00","cd_tipo_lote":"F","tx_tipo_lote":"FISCAL","cd_lote":"0012","cd_situacao":1,"cd_digito_sql":"7","cd_logradouro":"158720","nm_logradouro_completo":"R PEDRO ALVARES CABRAL","cd_numero_porta":"86","tx_complemento_endereco":null,"tx_situ_lote":"ATIVO","cd_tipo_uso_imovel":"10","dc_tipo_uso_imovel":"Residencial","cd_tipo_terreno_imovel":1,"qt_area_terreno":82,"qt_area_construida":185}}},{"type":"Feature","geometry":{"type":"Polygon","coordinates":[[[-46.624966,-23.394888],[-46.624934,-23.39509],[-46.624872,-23.395072],[-46.624933,-23.394879],[-46.624966,-23.394888]]]},"properties":{"sqlu":"SP-002-760571","inscription":"SP-GEOSAMPA-2760571","inscricaoImobiliaria":"SP-IMO-2760571","setor":"002","quadra":"089","lote":"0052","sourceType":"OFFICIAL_IMPORT","mainAddress":"Setor Fiscal 002","zoneamento":"RESIDENCIAL","statusCadastral":"ATIVO","workflowStatus":"PENDENTE","isOfficial":true,"rawProperties":{"cd_identificador":2760571,"cd_identificador_original_lote":9162267,"cd_setor_fiscal":"002","cd_tipo_quadra":"F","tx_tipo_quadra":"FISCAL","cd_quadra_fiscal":"089","cd_subquadra_fiscal":null,"cd_condominio":"00","cd_tipo_lote":"F","tx_tipo_lote":"FISCAL","cd_lote":"0052","cd_situacao":1,"cd_digito_sql":"7","cd_logradouro":"010847","nm_logradouro_completo":"R PROF EURIPEDES SIMOES DE PAULA","cd_numero_porta":"205","tx_complemento_endereco":null,"tx_situ_lote":"ATIVO","cd_tipo_uso_imovel":"51","dc_tipo_uso_imovel":"Não residencial","cd_tipo_terreno_imovel":1,"qt_area_terreno":98,"qt_area_construida":98}}},{"type":"Feature","geometry":{"type":"Polygon","coordinates":[[[-46.624966,-23.394888],[-46.624933,-23.394879],[-46.6249,-23.39487],[-46.624971,-23.394652],[-46.625001,-23.39466],[-46.624998,-23.39475],[-46.624992,-23.394896],[-46.624966,-23.394888]]]},"properties":{"sqlu":"SP-002-760570","inscription":"SP-GEOSAMPA-2760570","inscricaoImobiliaria":"SP-IMO-2760570","setor":"002","quadra":"089","lote":"0037","sourceType":"OFFICIAL_IMPORT","mainAddress":"Setor Fiscal 002","zoneamento":"RESIDENCIAL","statusCadastral":"ATIVO","workflowStatus":"PENDENTE","isOfficial":true,"rawProperties":{"cd_identificador":2760570,"cd_identificador_original_lote":9163765,"cd_setor_fiscal":"002","cd_tipo_quadra":"F","tx_tipo_quadra":"FISCAL","cd_quadra_fiscal":"089","cd_subquadra_fiscal":null,"cd_condominio":"00","cd_tipo_lote":"F","tx_tipo_lote":"FISCAL","cd_lote":"0037","cd_situacao":1,"cd_digito_sql":"3","cd_logradouro":"138215","nm_logradouro_completo":"R MENDES CALDEIRA","cd_numero_porta":"42","tx_complemento_endereco":null,"tx_situ_lote":"ATIVO","cd_tipo_uso_imovel":"40","dc_tipo_uso_imovel":"Não residencial","cd_tipo_terreno_imovel":1,"qt_area_terreno":120,"qt_area_construida":100}}},{"type":"Feature","geometry":{"type":"Polygon","coordinates":[[[-46.628013,-23.39716],[-46.628015,-23.397182],[-46.627999,-23.397194],[-46.627925,-23.397252],[-46.627866,-23.397178],[-46.628013,-23.39716]]]},"properties":{"sqlu":"SP-002-761632","inscription":"SP-GEOSAMPA-2761632","inscricaoImobiliaria":"SP-IMO-2761632","setor":"002","quadra":"032","lote":"0059","sourceType":"OFFICIAL_IMPORT","mainAddress":"Setor Fiscal 002","zoneamento":"RESIDENCIAL","statusCadastral":"ATIVO","workflowStatus":"PENDENTE","isOfficial":true,"rawProperties":{"cd_identificador":2761632,"cd_identificador_original_lote":9162791,"cd_setor_fiscal":"002","cd_tipo_quadra":"F","tx_tipo_quadra":"FISCAL","cd_quadra_fiscal":"032","cd_subquadra_fiscal":null,"cd_condominio":"00","cd_tipo_lote":"F","tx_tipo_lote":"FISCAL","cd_lote":"0059","cd_situacao":1,"cd_digito_sql":"4","cd_logradouro":"159840","nm_logradouro_completo":"PQ DOM PEDRO II","cd_numero_porta":"36","tx_complemento_endereco":null,"tx_situ_lote":"ATIVO","cd_tipo_uso_imovel":"40","dc_tipo_uso_imovel":"Não residencial","cd_tipo_terreno_imovel":1,"qt_area_terreno":64,"qt_area_construida":123}}},{"type":"Feature","geometry":{"type":"Polygon","coordinates":[[[-46.628591,-23.402732],[-46.628455,-23.40267],[-46.628494,-23.402613],[-46.628627,-23.40267],[-46.628591,-23.402732]]]},"properties":{"sqlu":"SP-002-760740","inscription":"SP-GEOSAMPA-2760740","inscricaoImobiliaria":"SP-IMO-2760740","setor":"002","quadra":"071","lote":"0024","sourceType":"OFFICIAL_IMPORT","mainAddress":"Setor Fiscal 002","zoneamento":"RESIDENCIAL","statusCadastral":"ATIVO","workflowStatus":"PENDENTE","isOfficial":true,"rawProperties":{"cd_identificador":2760740,"cd_identificador_original_lote":9163812,"cd_setor_fiscal":"002","cd_tipo_quadra":"F","tx_tipo_quadra":"FISCAL","cd_quadra_fiscal":"071","cd_subquadra_fiscal":null,"cd_condominio":"00","cd_tipo_lote":"F","tx_tipo_lote":"FISCAL","cd_lote":"0024","cd_situacao":1,"cd_digito_sql":"1","cd_logradouro":"159840","nm_logradouro_completo":"PQ DOM PEDRO II","cd_numero_porta":"942","tx_complemento_endereco":"E 944","tx_situ_lote":"ATIVO","cd_tipo_uso_imovel":"42","dc_tipo_uso_imovel":"Não residencial","cd_tipo_terreno_imovel":1,"qt_area_terreno":123,"qt_area_construida":430}}},{"type":"Feature","geometry":{"type":"Polygon","coordinates":[[[-46.619443,-23.395414],[-46.619395,-23.39547],[-46.619312,-23.395409],[-46.619364,-23.395355],[-46.619443,-23.395414]]]},"properties":{"sqlu":"SP-002-761414","inscription":"SP-GEOSAMPA-2761414","inscricaoImobiliaria":"SP-IMO-2761414","setor":"002","quadra":"049","lote":"0003","sourceType":"OFFICIAL_IMPORT","mainAddress":"Setor Fiscal 002","zoneamento":"RESIDENCIAL","statusCadastral":"ATIVO","workflowStatus":"PENDENTE","isOfficial":true,"rawProperties":{"cd_identificador":2761414,"cd_identificador_original_lote":9162509,"cd_setor_fiscal":"002","cd_tipo_quadra":"F","tx_tipo_quadra":"FISCAL","cd_quadra_fiscal":"049","cd_subquadra_fiscal":null,"cd_condominio":"00","cd_tipo_lote":"F","tx_tipo_lote":"FISCAL","cd_lote":"0003","cd_situacao":1,"cd_digito_sql":"4","cd_logradouro":"007757","nm_logradouro_completo":"R VADICO","cd_numero_porta":"26","tx_complemento_endereco":"CS 26","tx_situ_lote":"ATIVO","cd_tipo_uso_imovel":"10","dc_tipo_uso_imovel":"Residencial","cd_tipo_terreno_imovel":1,"qt_area_terreno":96,"qt_area_construida":100}}},{"type":"Feature","geometry":{"type":"Polygon","coordinates":[[[-46.621805,-23.394934],[-46.621855,-23.39495],[-46.621757,-23.395196],[-46.621722,-23.395284],[-46.621671,-23.395266],[-46.621686,-23.39523],[-46.621701,-23.395192],[-46.621734,-23.395109],[-46.621769,-23.395023],[-46.621805,-23.394934]]]},"properties":{"sqlu":"SP-002-761536","inscription":"SP-GEOSAMPA-2761536","inscricaoImobiliaria":"SP-IMO-2761536","setor":"002","quadra":"043","lote":"0018","sourceType":"OFFICIAL_IMPORT","mainAddress":"Setor Fiscal 002","zoneamento":"RESIDENCIAL","statusCadastral":"ATIVO","workflowStatus":"PENDENTE","isOfficial":true,"rawProperties":{"cd_identificador":2761536,"cd_identificador_original_lote":9163618,"cd_setor_fiscal":"002","cd_tipo_quadra":"F","tx_tipo_quadra":"FISCAL","cd_quadra_fiscal":"043","cd_subquadra_fiscal":null,"cd_condominio":"00","cd_tipo_lote":"F","tx_tipo_lote":"FISCAL","cd_lote":"0018","cd_situacao":1,"cd_digito_sql":"5","cd_logradouro":"031984","nm_logradouro_completo":"R BENJAMIM DE OLIVEIRA","cd_numero_porta":"386","tx_complemento_endereco":null,"tx_situ_lote":"ATIVO","cd_tipo_uso_imovel":"40","dc_tipo_uso_imovel":"Não residencial","cd_tipo_terreno_imovel":1,"qt_area_terreno":214,"qt_area_construida":150}}},{"type":"Feature","geometry":{"type":"Polygon","coordinates":[[[-46.623521,-23.400561],[-46.623552,-23.400576],[-46.62366,-23.400629],[-46.62364,-23.400667],[-46.623501,-23.400599],[-46.623521,-23.400561]]]},"properties":{"sqlu":"SP-002-761102","inscription":"SP-GEOSAMPA-2761102","inscricaoImobiliaria":"SP-IMO-2761102","setor":"002","quadra":"080","lote":"0014","sourceType":"OFFICIAL_IMPORT","mainAddress":"Setor Fiscal 002","zoneamento":"RESIDENCIAL","statusCadastral":"ATIVO","workflowStatus":"PENDENTE","isOfficial":true,"rawProperties":{"cd_identificador":2761102,"cd_identificador_original_lote":9164044,"cd_setor_fiscal":"002","cd_tipo_quadra":"F","tx_tipo_quadra":"FISCAL","cd_quadra_fiscal":"080","cd_subquadra_fiscal":null,"cd_condominio":"00","cd_tipo_lote":"F","tx_tipo_lote":"FISCAL","cd_lote":"0014","cd_situacao":1,"cd_digito_sql":"3","cd_logradouro":"132268","nm_logradouro_completo":"R MARIA DOMITILA","cd_numero_porta":"134","tx_complemento_endereco":"CS 10","tx_situ_lote":"ATIVO","cd_tipo_uso_imovel":"10","dc_tipo_uso_imovel":"Residencial","cd_tipo_terreno_imovel":4,"qt_area_terreno":79,"qt_area_construida":59}}},{"type":"Feature","geometry":{"type":"Polygon","coordinates":[[[-46.623521,-23.400561],[-46.623543,-23.40052],[-46.623561,-23.400529],[-46.623576,-23.400536],[-46.623682,-23.400588],[-46.623661,-23.400628],[-46.62366,-23.400629],[-46.623552,-23.400576],[-46.623521,-23.400561]]]},"properties":{"sqlu":"SP-002-761103","inscription":"SP-GEOSAMPA-2761103","inscricaoImobiliaria":"SP-IMO-2761103","setor":"002","quadra":"080","lote":"0013","sourceType":"OFFICIAL_IMPORT","mainAddress":"Setor Fiscal 002","zoneamento":"RESIDENCIAL","statusCadastral":"ATIVO","workflowStatus":"PENDENTE","isOfficial":true,"rawProperties":{"cd_identificador":2761103,"cd_identificador_original_lote":9163961,"cd_setor_fiscal":"002","cd_tipo_quadra":"F","tx_tipo_quadra":"FISCAL","cd_quadra_fiscal":"080","cd_subquadra_fiscal":null,"cd_condominio":"00","cd_tipo_lote":"F","tx_tipo_lote":"FISCAL","cd_lote":"0013","cd_situacao":1,"cd_digito_sql":"5","cd_logradouro":"132268","nm_logradouro_completo":"R MARIA DOMITILA","cd_numero_porta":"134","tx_complemento_endereco":"CS 9","tx_situ_lote":"ATIVO","cd_tipo_uso_imovel":"10","dc_tipo_uso_imovel":"Residencial","cd_tipo_terreno_imovel":4,"qt_area_terreno":60,"qt_area_construida":50}}},{"type":"Feature","geometry":{"type":"Polygon","coordinates":[[[-46.619522,-23.398677],[-46.619547,-23.398641],[-46.619701,-23.398741],[-46.619675,-23.398776],[-46.619522,-23.398677]]]},"properties":{"sqlu":"SP-002-761329","inscription":"SP-GEOSAMPA-2761329","inscricaoImobiliaria":"SP-IMO-2761329","setor":"002","quadra":"083","lote":"0044","sourceType":"OFFICIAL_IMPORT","mainAddress":"Setor Fiscal 002","zoneamento":"RESIDENCIAL","statusCadastral":"ATIVO","workflowStatus":"PENDENTE","isOfficial":true,"rawProperties":{"cd_identificador":2761329,"cd_identificador_original_lote":9163849,"cd_setor_fiscal":"002","cd_tipo_quadra":"F","tx_tipo_quadra":"FISCAL","cd_quadra_fiscal":"083","cd_subquadra_fiscal":null,"cd_condominio":"00","cd_tipo_lote":"F","tx_tipo_lote":"FISCAL","cd_lote":"0044","cd_situacao":1,"cd_digito_sql":"9","cd_logradouro":"012769","nm_logradouro_completo":"R MONS ANDRADE","cd_numero_porta":"97","tx_complemento_endereco":"E 99","tx_situ_lote":"ATIVO","cd_tipo_uso_imovel":"42","dc_tipo_uso_imovel":"Não residencial","cd_tipo_terreno_imovel":1,"qt_area_terreno":116,"qt_area_construida":200}}},{"type":"Feature","geometry":{"type":"Polygon","coordinates":[[[-46.624381,-23.397478],[-46.624321,-23.397735],[-46.624214,-23.397711],[-46.624277,-23.397454],[-46.624295,-23.397459],[-46.624367,-23.397475],[-46.624381,-23.397478]]]},"properties":{"sqlu":"SP-002-761400","inscription":"SP-GEOSAMPA-2761400","inscricaoImobiliaria":"SP-IMO-2761400","setor":"002","quadra":"045","lote":"0043","sourceType":"OFFICIAL_IMPORT","mainAddress":"Setor Fiscal 002","zoneamento":"RESIDENCIAL","statusCadastral":"ATIVO","workflowStatus":"PENDENTE","isOfficial":true,"rawProperties":{"cd_identificador":2761400,"cd_identificador_original_lote":9164288,"cd_setor_fiscal":"002","cd_tipo_quadra":"F","tx_tipo_quadra":"FISCAL","cd_quadra_fiscal":"045","cd_subquadra_fiscal":null,"cd_condominio":"00","cd_tipo_lote":"F","tx_tipo_lote":"FISCAL","cd_lote":"0043","cd_situacao":1,"cd_digito_sql":"5","cd_logradouro":"024368","nm_logradouro_completo":"R ASSUNCAO","cd_numero_porta":"95","tx_complemento_endereco":"97 E 99","tx_situ_lote":"ATIVO","cd_tipo_uso_imovel":"42","dc_tipo_uso_imovel":"Não residencial","cd_tipo_terreno_imovel":1,"qt_area_terreno":342,"qt_area_construida":600}}},{"type":"Feature","geometry":{"type":"Polygon","coordinates":[[[-46.625152,-23.395282],[-46.625085,-23.395488],[-46.625051,-23.395579],[-46.62503,-23.395569],[-46.625038,-23.39555],[-46.625021,-23.395547],[-46.625015,-23.395545],[-46.625038,-23.395472],[-46.625104,-23.395269],[-46.625152,-23.395282]]]},"properties":{"sqlu":"SP-002-761521","inscription":"SP-GEOSAMPA-2761521","inscricaoImobiliaria":"SP-IMO-2761521","setor":"002","quadra":"038","lote":"0068","sourceType":"OFFICIAL_IMPORT","mainAddress":"Setor Fiscal 002","zoneamento":"RESIDENCIAL","statusCadastral":"ATIVO","workflowStatus":"PENDENTE","isOfficial":true,"rawProperties":{"cd_identificador":2761521,"cd_identificador_original_lote":9163038,"cd_setor_fiscal":"002","cd_tipo_quadra":"F","tx_tipo_quadra":"FISCAL","cd_quadra_fiscal":"038","cd_subquadra_fiscal":null,"cd_condominio":"00","cd_tipo_lote":"F","tx_tipo_lote":"FISCAL","cd_lote":"0068","cd_situacao":1,"cd_digito_sql":"0","cd_logradouro":"010847","nm_logradouro_completo":"R PROF EURIPEDES SIMOES DE PAULA","cd_numero_porta":"182","tx_complemento_endereco":"E 184","tx_situ_lote":"ATIVO","cd_tipo_uso_imovel":"40","dc_tipo_uso_imovel":"Não residencial","cd_tipo_terreno_imovel":1,"qt_area_terreno":160,"qt_area_construida":280}}},{"type":"Feature","geometry":{"type":"Polygon","coordinates":[[[-46.619527,-23.394862],[-46.619567,-23.394888],[-46.619408,-23.395045],[-46.619386,-23.395066],[-46.619304,-23.395146],[-46.619272,-23.395126],[-46.619279,-23.395118],[-46.619335,-23.395061],[-46.619354,-23.395041],[-46.619376,-23.395019],[-46.619527,-23.394862]]]},"properties":{"sqlu":"SP-002-761219","inscription":"SP-GEOSAMPA-2761219","inscricaoImobiliaria":"SP-IMO-2761219","setor":"002","quadra":"049","lote":"0039","sourceType":"OFFICIAL_IMPORT","mainAddress":"Setor Fiscal 002","zoneamento":"RESIDENCIAL","statusCadastral":"ATIVO","workflowStatus":"PENDENTE","isOfficial":true,"rawProperties":{"cd_identificador":2761219,"cd_identificador_original_lote":9163440,"cd_setor_fiscal":"002","cd_tipo_quadra":"F","tx_tipo_quadra":"FISCAL","cd_quadra_fiscal":"049","cd_subquadra_fiscal":null,"cd_condominio":"00","cd_tipo_lote":"F","tx_tipo_lote":"FISCAL","cd_lote":"0039","cd_situacao":1,"cd_digito_sql":"5","cd_logradouro":"072362","nm_logradouro_completo":"R DO BUCOLISMO","cd_numero_porta":"120","tx_complemento_endereco":null,"tx_situ_lote":"ATIVO","cd_tipo_uso_imovel":"42","dc_tipo_uso_imovel":"Não residencial","cd_tipo_terreno_imovel":1,"qt_area_terreno":170,"qt_area_construida":100}}},{"type":"Feature","geometry":{"type":"Polygon","coordinates":[[[-46.623777,-23.394761],[-46.623682,-23.394734],[-46.623757,-23.394538],[-46.623838,-23.394568],[-46.623777,-23.394761]]]},"properties":{"sqlu":"SP-002-761046","inscription":"SP-GEOSAMPA-2761046","inscricaoImobiliaria":"SP-IMO-2761046","setor":"002","quadra":"089","lote":"0023","sourceType":"OFFICIAL_IMPORT","mainAddress":"Setor Fiscal 002","zoneamento":"RESIDENCIAL","statusCadastral":"ATIVO","workflowStatus":"PENDENTE","isOfficial":true,"rawProperties":{"cd_identificador":2761046,"cd_identificador_original_lote":9164130,"cd_setor_fiscal":"002","cd_tipo_quadra":"F","tx_tipo_quadra":"FISCAL","cd_quadra_fiscal":"089","cd_subquadra_fiscal":null,"cd_condominio":"00","cd_tipo_lote":"F","tx_tipo_lote":"FISCAL","cd_lote":"0023","cd_situacao":1,"cd_digito_sql":"3","cd_logradouro":"010847","nm_logradouro_completo":"R PROF EURIPEDES SIMOES DE PAULA","cd_numero_porta":"335","tx_complemento_endereco":null,"tx_situ_lote":"ATIVO","cd_tipo_uso_imovel":"40","dc_tipo_uso_imovel":"Não residencial","cd_tipo_terreno_imovel":1,"qt_area_terreno":216,"qt_area_construida":180}}},{"type":"Feature","geometry":{"type":"Polygon","coordinates":[[[-46.623777,-23.394761],[-46.623838,-23.394568],[-46.623933,-23.394596],[-46.623871,-23.394788],[-46.623777,-23.394761]]]},"properties":{"sqlu":"SP-002-761047","inscription":"SP-GEOSAMPA-2761047","inscricaoImobiliaria":"SP-IMO-2761047","setor":"002","quadra":"089","lote":"0022","sourceType":"OFFICIAL_IMPORT","mainAddress":"Setor Fiscal 002","zoneamento":"RESIDENCIAL","statusCadastral":"ATIVO","workflowStatus":"PENDENTE","isOfficial":true,"rawProperties":{"cd_identificador":2761047,"cd_identificador_original_lote":9164133,"cd_setor_fiscal":"002","cd_tipo_quadra":"F","tx_tipo_quadra":"FISCAL","cd_quadra_fiscal":"089","cd_subquadra_fiscal":null,"cd_condominio":"00","cd_tipo_lote":"F","tx_tipo_lote":"FISCAL","cd_lote":"0022","cd_situacao":1,"cd_digito_sql":"5","cd_logradouro":"010847","nm_logradouro_completo":"R PROF EURIPEDES SIMOES DE PAULA","cd_numero_porta":"321","tx_complemento_endereco":null,"tx_situ_lote":"ATIVO","cd_tipo_uso_imovel":"40","dc_tipo_uso_imovel":"Não residencial","cd_tipo_terreno_imovel":1,"qt_area_terreno":225,"qt_area_construida":200}}},{"type":"Feature","geometry":{"type":"Polygon","coordinates":[[[-46.616608,-23.397775],[-46.616723,-23.397621],[-46.616746,-23.397589],[-46.616848,-23.397452],[-46.616858,-23.397438],[-46.616921,-23.397455],[-46.616871,-23.397523],[-46.616775,-23.397652],[-46.616661,-23.397807],[-46.616608,-23.397775]]]},"properties":{"sqlu":"SP-002-761715","inscription":"SP-GEOSAMPA-2761715","inscricaoImobiliaria":"SP-IMO-2761715","setor":"002","quadra":"086","lote":"0202","sourceType":"OFFICIAL_IMPORT","mainAddress":"Setor Fiscal 002","zoneamento":"RESIDENCIAL","statusCadastral":"ATIVO","workflowStatus":"PENDENTE","isOfficial":true,"rawProperties":{"cd_identificador":2761715,"cd_identificador_original_lote":9163992,"cd_setor_fiscal":"002","cd_tipo_quadra":"F","tx_tipo_quadra":"FISCAL","cd_quadra_fiscal":"086","cd_subquadra_fiscal":null,"cd_condominio":"00","cd_tipo_lote":"F","tx_tipo_lote":"FISCAL","cd_lote":"0202","cd_situacao":1,"cd_digito_sql":"1","cd_logradouro":"168700","nm_logradouro_completo":"AV RANGEL PESTANA","cd_numero_porta":"1761","tx_complemento_endereco":null,"tx_situ_lote":"ATIVO","cd_tipo_uso_imovel":"40","dc_tipo_uso_imovel":"Não residencial","cd_tipo_terreno_imovel":1,"qt_area_terreno":304,"qt_area_construida":300}}},{"type":"Feature","geometry":{"type":"Polygon","coordinates":[[[-46.61818,-23.396362],[-46.618647,-23.396645],[-46.618577,-23.396747],[-46.618476,-23.396897],[-46.618464,-23.39689],[-46.618424,-23.396868],[-46.618298,-23.396789],[-46.618003,-23.396604],[-46.618018,-23.396582],[-46.61818,-23.396362]]]},"properties":{"sqlu":"SP-002-761919","inscription":"SP-GEOSAMPA-2761919","inscricaoImobiliaria":"SP-IMO-2761919","setor":"002","quadra":"058","lote":"0003","sourceType":"OFFICIAL_IMPORT","mainAddress":"Setor Fiscal 002","zoneamento":"RESIDENCIAL","statusCadastral":"ATIVO","workflowStatus":"PENDENTE","isOfficial":true,"rawProperties":{"cd_identificador":2761919,"cd_identificador_original_lote":9162533,"cd_setor_fiscal":"002","cd_tipo_quadra":"F","tx_tipo_quadra":"FISCAL","cd_quadra_fiscal":"058","cd_subquadra_fiscal":null,"cd_condominio":"00","cd_tipo_lote":"F","tx_tipo_lote":"FISCAL","cd_lote":"0003","cd_situacao":1,"cd_digito_sql":"3","cd_logradouro":"053724","nm_logradouro_completo":"R CORREIA DE ANDRADE","cd_numero_porta":"210","tx_complemento_endereco":"E 224","tx_situ_lote":"ATIVO","cd_tipo_uso_imovel":"71","dc_tipo_uso_imovel":"Não residencial","cd_tipo_terreno_imovel":1,"qt_area_terreno":1668,"qt_area_construida":33}}},{"type":"Feature","geometry":{"type":"Polygon","coordinates":[[[-46.616608,-23.397775],[-46.616586,-23.397762],[-46.616578,-23.397731],[-46.616701,-23.397559],[-46.616746,-23.397589],[-46.616723,-23.397621],[-46.616608,-23.397775]]]},"properties":{"sqlu":"SP-002-761714","inscription":"SP-GEOSAMPA-2761714","inscricaoImobiliaria":"SP-IMO-2761714","setor":"002","quadra":"086","lote":"0017","sourceType":"OFFICIAL_IMPORT","mainAddress":"Setor Fiscal 002","zoneamento":"RESIDENCIAL","statusCadastral":"ATIVO","workflowStatus":"PENDENTE","isOfficial":true,"rawProperties":{"cd_identificador":2761714,"cd_identificador_original_lote":9164272,"cd_setor_fiscal":"002","cd_tipo_quadra":"F","tx_tipo_quadra":"FISCAL","cd_quadra_fiscal":"086","cd_subquadra_fiscal":null,"cd_condominio":"00","cd_tipo_lote":"F","tx_tipo_lote":"FISCAL","cd_lote":"0017","cd_situacao":1,"cd_digito_sql":"5","cd_logradouro":"168700","nm_logradouro_completo":"AV RANGEL PESTANA","cd_numero_porta":"1767","tx_complemento_endereco":null,"tx_situ_lote":"ATIVO","cd_tipo_uso_imovel":"40","dc_tipo_uso_imovel":"Não residencial","cd_tipo_terreno_imovel":2,"qt_area_terreno":126,"qt_area_construida":124}}},{"type":"Feature","geometry":{"type":"Polygon","coordinates":[[[-46.629995,-23.401866],[-46.630014,-23.401818],[-46.630199,-23.401882],[-46.630179,-23.40193],[-46.629995,-23.401866]]]},"properties":{"sqlu":"SP-002-762035","inscription":"SP-GEOSAMPA-2762035","inscricaoImobiliaria":"SP-IMO-2762035","setor":"002","quadra":"065","lote":"0013","sourceType":"OFFICIAL_IMPORT","mainAddress":"Setor Fiscal 002","zoneamento":"RESIDENCIAL","statusCadastral":"ATIVO","workflowStatus":"PENDENTE","isOfficial":true,"rawProperties":{"cd_identificador":2762035,"cd_identificador_original_lote":9162660,"cd_setor_fiscal":"002","cd_tipo_quadra":"F","tx_tipo_quadra":"FISCAL","cd_quadra_fiscal":"065","cd_subquadra_fiscal":null,"cd_condominio":"00","cd_tipo_lote":"F","tx_tipo_lote":"FISCAL","cd_lote":"0013","cd_situacao":1,"cd_digito_sql":"0","cd_logradouro":"145599","nm_logradouro_completo":"R S NICOLAU","cd_numero_porta":"18","tx_complemento_endereco":"24 30","tx_situ_lote":"ATIVO","cd_tipo_uso_imovel":"22","dc_tipo_uso_imovel":"Residencial","cd_tipo_terreno_imovel":1,"qt_area_terreno":111,"qt_area_construida":451}}},{"type":"Feature","geometry":{"type":"Polygon","coordinates":[[[-46.619009,-23.396611],[-46.619015,-23.396614],[-46.61903,-23.396623],[-46.619058,-23.396639],[-46.619102,-23.396665],[-46.619085,-23.396689],[-46.619105,-23.396702],[-46.619075,-23.396745],[-46.618962,-23.39668],[-46.618985,-23.396645],[-46.619009,-23.396611]]]},"properties":{"sqlu":"SP-002-761899","inscription":"SP-GEOSAMPA-2761899","inscricaoImobiliaria":"SP-IMO-2761899","setor":"002","quadra":"057","lote":"0065","sourceType":"OFFICIAL_IMPORT","mainAddress":"Setor Fiscal 002","zoneamento":"RESIDENCIAL","statusCadastral":"ATIVO","workflowStatus":"PENDENTE","isOfficial":true,"rawProperties":{"cd_identificador":2761899,"cd_identificador_original_lote":9163412,"cd_setor_fiscal":"002","cd_tipo_quadra":"F","tx_tipo_quadra":"FISCAL","cd_quadra_fiscal":"057","cd_subquadra_fiscal":null,"cd_condominio":"00","cd_tipo_lote":"F","tx_tipo_lote":"FISCAL","cd_lote":"0065","cd_situacao":1,"cd_digito_sql":"9","cd_logradouro":"177067","nm_logradouro_completo":"R SAMPAIO MOREIRA","cd_numero_porta":"110","tx_complemento_endereco":"CS 2","tx_situ_lote":"ATIVO","cd_tipo_uso_imovel":"10","dc_tipo_uso_imovel":"Residencial","cd_tipo_terreno_imovel":4,"qt_area_terreno":106,"qt_area_construida":114}}},{"type":"Feature","geometry":{"type":"Polygon","coordinates":[[[-46.622378,-23.396918],[-46.622166,-23.396866],[-46.622139,-23.396859],[-46.622161,-23.39676],[-46.622193,-23.396769],[-46.622414,-23.39683],[-46.622378,-23.396918]]]},"properties":{"sqlu":"SP-002-762068","inscription":"SP-GEOSAMPA-2762068","inscricaoImobiliaria":"SP-IMO-2762068","setor":"002","quadra":"047","lote":"0039","sourceType":"OFFICIAL_IMPORT","mainAddress":"Setor Fiscal 002","zoneamento":"RESIDENCIAL","statusCadastral":"ATIVO","workflowStatus":"PENDENTE","isOfficial":true,"rawProperties":{"cd_identificador":2762068,"cd_identificador_original_lote":9162490,"cd_setor_fiscal":"002","cd_tipo_quadra":"F","tx_tipo_quadra":"FISCAL","cd_quadra_fiscal":"047","cd_subquadra_fiscal":null,"cd_condominio":"00","cd_tipo_lote":"F","tx_tipo_lote":"FISCAL","cd_lote":"0039","cd_situacao":1,"cd_digito_sql":"6","cd_logradouro":"006661","nm_logradouro_completo":"R DA ALFANDEGA","cd_numero_porta":"188","tx_complemento_endereco":"E 194","tx_situ_lote":"ATIVO","cd_tipo_uso_imovel":"22","dc_tipo_uso_imovel":"Residencial","cd_tipo_terreno_imovel":1,"qt_area_terreno":275,"qt_area_construida":746}}},{"type":"Feature","geometry":{"type":"Polygon","coordinates":[[[-46.622378,-23.396918],[-46.622359,-23.396966],[-46.622155,-23.396914],[-46.622166,-23.396866],[-46.622378,-23.396918]]]},"properties":{"sqlu":"SP-002-762069","inscription":"SP-GEOSAMPA-2762069","inscricaoImobiliaria":"SP-IMO-2762069","setor":"002","quadra":"047","lote":"0015","sourceType":"OFFICIAL_IMPORT","mainAddress":"Setor Fiscal 002","zoneamento":"RESIDENCIAL","statusCadastral":"ATIVO","workflowStatus":"PENDENTE","isOfficial":true,"rawProperties":{"cd_identificador":2762069,"cd_identificador_original_lote":9162491,"cd_setor_fiscal":"002","cd_tipo_quadra":"F","tx_tipo_quadra":"FISCAL","cd_quadra_fiscal":"047","cd_subquadra_fiscal":null,"cd_condominio":"00","cd_tipo_lote":"F","tx_tipo_lote":"FISCAL","cd_lote":"0015","cd_situacao":1,"cd_digito_sql":"9","cd_logradouro":"006661","nm_logradouro_completo":"R DA ALFANDEGA","cd_numero_porta":"182","tx_complemento_endereco":"E 184","tx_situ_lote":"ATIVO","cd_tipo_uso_imovel":"40","dc_tipo_uso_imovel":"Não residencial","cd_tipo_terreno_imovel":1,"qt_area_terreno":110,"qt_area_construida":150}}},{"type":"Feature","geometry":{"type":"Polygon","coordinates":[[[-46.622254,-23.390136],[-46.622207,-23.390143],[-46.622159,-23.389778],[-46.622142,-23.389551],[-46.622198,-23.389561],[-46.622254,-23.390136]]]},"properties":{"sqlu":"SP-002-761879","inscription":"SP-GEOSAMPA-2761879","inscricaoImobiliaria":"SP-IMO-2761879","setor":"002","quadra":"004","lote":"0099","sourceType":"OFFICIAL_IMPORT","mainAddress":"Setor Fiscal 002","zoneamento":"RESIDENCIAL","statusCadastral":"ATIVO","workflowStatus":"PENDENTE","isOfficial":true,"rawProperties":{"cd_identificador":2761879,"cd_identificador_original_lote":9164279,"cd_setor_fiscal":"002","cd_tipo_quadra":"F","tx_tipo_quadra":"FISCAL","cd_quadra_fiscal":"004","cd_subquadra_fiscal":null,"cd_condominio":"00","cd_tipo_lote":"F","tx_tipo_lote":"FISCAL","cd_lote":"0099","cd_situacao":1,"cd_digito_sql":"1","cd_logradouro":"038121","nm_logradouro_completo":"R S CAETANO","cd_numero_porta":"967","tx_complemento_endereco":null,"tx_situ_lote":"ATIVO","cd_tipo_uso_imovel":"50","dc_tipo_uso_imovel":"Não residencial","cd_tipo_terreno_imovel":1,"qt_area_terreno":249,"qt_area_construida":800}}},{"type":"Feature","geometry":{"type":"Polygon","coordinates":[[[-46.622665,-23.39851],[-46.622472,-23.398471],[-46.62249,-23.39841],[-46.62252,-23.398309],[-46.622536,-23.398258],[-46.622661,-23.397841],[-46.622681,-23.397783],[-46.62269,-23.397756],[-46.622738,-23.397771],[-46.622751,-23.397776],[-46.622765,-23.39778],[-46.62281,-23.397795],[-46.622858,-23.397811],[-46.622907,-23.397827],[-46.622928,-23.397834],[-46.622886,-23.397922],[-46.62288,-23.397934],[-46.622848,-23.397921],[-46.622837,-23.397955],[-46.622768,-23.398173],[-46.6227,-23.398385],[-46.622691,-23.398383],[-46.622665,-23.39851]]]},"properties":{"sqlu":"SP-002-762395","inscription":"SP-GEOSAMPA-2762395","inscricaoImobiliaria":"SP-IMO-2762395","setor":"002","quadra":"054","lote":"0006","sourceType":"OFFICIAL_IMPORT","mainAddress":"Setor Fiscal 002","zoneamento":"RESIDENCIAL","statusCadastral":"ATIVO","workflowStatus":"PENDENTE","isOfficial":true,"rawProperties":{"cd_identificador":2762395,"cd_identificador_original_lote":9163451,"cd_setor_fiscal":"002","cd_tipo_quadra":"F","tx_tipo_quadra":"FISCAL","cd_quadra_fiscal":"054","cd_subquadra_fiscal":null,"cd_condominio":"00","cd_tipo_lote":"F","tx_tipo_lote":"FISCAL","cd_lote":"0006","cd_situacao":1,"cd_digito_sql":"1","cd_logradouro":"077860","nm_logradouro_completo":"R DO GASOMETRO","cd_numero_porta":"227","tx_complemento_endereco":"235 E 245","tx_situ_lote":"ATIVO","cd_tipo_uso_imovel":"40","dc_tipo_uso_imovel":"Não residencial","cd_tipo_terreno_imovel":1,"qt_area_terreno":1680,"qt_area_construida":2680}}},{"type":"Feature","geometry":{"type":"Polygon","coordinates":[[[-46.619023,-23.396365],[-46.619053,-23.396321],[-46.619081,-23.396316],[-46.619148,-23.396355],[-46.619117,-23.396397],[-46.619105,-23.396413],[-46.61908,-23.396398],[-46.619023,-23.396365]]]},"properties":{"sqlu":"SP-002-762316","inscription":"SP-GEOSAMPA-2762316","inscricaoImobiliaria":"SP-IMO-2762316","setor":"002","quadra":"057","lote":"0050","sourceType":"OFFICIAL_IMPORT","mainAddress":"Setor Fiscal 002","zoneamento":"RESIDENCIAL","statusCadastral":"ATIVO","workflowStatus":"PENDENTE","isOfficial":true,"rawProperties":{"cd_identificador":2762316,"cd_identificador_original_lote":9163554,"cd_setor_fiscal":"002","cd_tipo_quadra":"F","tx_tipo_quadra":"FISCAL","cd_quadra_fiscal":"057","cd_subquadra_fiscal":null,"cd_condominio":"00","cd_tipo_lote":"F","tx_tipo_lote":"FISCAL","cd_lote":"0050","cd_situacao":1,"cd_digito_sql":"0","cd_logradouro":"177067","nm_logradouro_completo":"R SAMPAIO MOREIRA","cd_numero_porta":"130","tx_complemento_endereco":null,"tx_situ_lote":"ATIVO","cd_tipo_uso_imovel":"42","dc_tipo_uso_imovel":"Não residencial","cd_tipo_terreno_imovel":2,"qt_area_terreno":62,"qt_area_construida":120}}},{"type":"Feature","geometry":{"type":"Polygon","coordinates":[[[-46.620524,-23.396921],[-46.62048,-23.396911],[-46.620349,-23.396883],[-46.620367,-23.396792],[-46.620545,-23.39682],[-46.620536,-23.396862],[-46.620524,-23.396921]]]},"properties":{"sqlu":"SP-002-762290","inscription":"SP-GEOSAMPA-2762290","inscricaoImobiliaria":"SP-IMO-2762290","setor":"002","quadra":"047","lote":"0029","sourceType":"OFFICIAL_IMPORT","mainAddress":"Setor Fiscal 002","zoneamento":"RESIDENCIAL","statusCadastral":"ATIVO","workflowStatus":"PENDENTE","isOfficial":true,"rawProperties":{"cd_identificador":2762290,"cd_identificador_original_lote":9164290,"cd_setor_fiscal":"002","cd_tipo_quadra":"F","tx_tipo_quadra":"FISCAL","cd_quadra_fiscal":"047","cd_subquadra_fiscal":null,"cd_condominio":"00","cd_tipo_lote":"F","tx_tipo_lote":"FISCAL","cd_lote":"0029","cd_situacao":1,"cd_digito_sql":"9","cd_logradouro":"012769","nm_logradouro_completo":"R MONS ANDRADE","cd_numero_porta":"319","tx_complemento_endereco":null,"tx_situ_lote":"ATIVO","cd_tipo_uso_imovel":"42","dc_tipo_uso_imovel":"Não residencial","cd_tipo_terreno_imovel":2,"qt_area_terreno":253,"qt_area_construida":423}}},{"type":"Feature","geometry":{"type":"Polygon","coordinates":[[[-46.620781,-23.397394],[-46.620793,-23.397356],[-46.620917,-23.39739],[-46.620905,-23.397428],[-46.620781,-23.397394]]]},"properties":{"sqlu":"SP-002-762472","inscription":"SP-GEOSAMPA-2762472","inscricaoImobiliaria":"SP-IMO-2762472","setor":"002","quadra":"055","lote":"0031","sourceType":"OFFICIAL_IMPORT","mainAddress":"Setor Fiscal 002","zoneamento":"RESIDENCIAL","statusCadastral":"ATIVO","workflowStatus":"PENDENTE","isOfficial":true,"rawProperties":{"cd_identificador":2762472,"cd_identificador_original_lote":9163295,"cd_setor_fiscal":"002","cd_tipo_quadra":"F","tx_tipo_quadra":"FISCAL","cd_quadra_fiscal":"055","cd_subquadra_fiscal":null,"cd_condominio":"00","cd_tipo_lote":"F","tx_tipo_lote":"FISCAL","cd_lote":"0031","cd_situacao":1,"cd_digito_sql":"5","cd_logradouro":"115835","nm_logradouro_completo":"TV LAMEIRAO","cd_numero_porta":"25","tx_complemento_endereco":null,"tx_situ_lote":"ATIVO","cd_tipo_uso_imovel":"10","dc_tipo_uso_imovel":"Residencial","cd_tipo_terreno_imovel":1,"qt_area_terreno":63,"qt_area_construida":100}}},{"type":"Feature","geometry":{"type":"Polygon","coordinates":[[[-46.620725,-23.394089],[-46.620728,-23.394044],[-46.620793,-23.394062],[-46.620859,-23.394081],[-46.620914,-23.394092],[-46.620898,-23.394136],[-46.620725,-23.394089]]]},"properties":{"sqlu":"SP-002-762165","inscription":"SP-GEOSAMPA-2762165","inscricaoImobiliaria":"SP-IMO-2762165","setor":"002","quadra":"039","lote":"0060","sourceType":"OFFICIAL_IMPORT","mainAddress":"Setor Fiscal 002","zoneamento":"RESIDENCIAL","statusCadastral":"ATIVO","workflowStatus":"PENDENTE","isOfficial":true,"rawProperties":{"cd_identificador":2762165,"cd_identificador_original_lote":9163658,"cd_setor_fiscal":"002","cd_tipo_quadra":"F","tx_tipo_quadra":"FISCAL","cd_quadra_fiscal":"039","cd_subquadra_fiscal":null,"cd_condominio":"00","cd_tipo_lote":"F","tx_tipo_lote":"FISCAL","cd_lote":"0060","cd_situacao":1,"cd_digito_sql":"1","cd_logradouro":"012769","nm_logradouro_completo":"R MONS ANDRADE","cd_numero_porta":"629","tx_complemento_endereco":null,"tx_situ_lote":"ATIVO","cd_tipo_uso_imovel":"10","dc_tipo_uso_imovel":"Residencial","cd_tipo_terreno_imovel":1,"qt_area_terreno":103,"qt_area_construida":57}}},{"type":"Feature","geometry":{"type":"Polygon","coordinates":[[[-46.627043,-23.392442],[-46.62671,-23.392526],[-46.626679,-23.392453],[-46.627011,-23.392363],[-46.627043,-23.392442]]]},"properties":{"sqlu":"SP-002-762616","inscription":"SP-GEOSAMPA-2762616","inscricaoImobiliaria":"SP-IMO-2762616","setor":"002","quadra":"022","lote":"0000","sourceType":"OFFICIAL_IMPORT","mainAddress":"Setor Fiscal 002","zoneamento":"RESIDENCIAL","statusCadastral":"ATIVO","workflowStatus":"PENDENTE","isOfficial":true,"rawProperties":{"cd_identificador":2762616,"cd_identificador_original_lote":9163316,"cd_setor_fiscal":"002","cd_tipo_quadra":"F","tx_tipo_quadra":"FISCAL","cd_quadra_fiscal":"022","cd_subquadra_fiscal":null,"cd_condominio":"03","cd_tipo_lote":"F","tx_tipo_lote":"FISCAL","cd_lote":"0000","cd_situacao":1,"cd_digito_sql":null,"cd_logradouro":"041467","nm_logradouro_completo":"R DA CANTAREIRA","cd_numero_porta":"702 710","tx_complemento_endereco":null,"tx_situ_lote":null,"cd_tipo_uso_imovel":"XX","dc_tipo_uso_imovel":"Condomínio","cd_tipo_terreno_imovel":99,"qt_area_terreno":308,"qt_area_construida":null}}},{"type":"Feature","geometry":{"type":"Polygon","coordinates":[[[-46.629363,-23.40137],[-46.629437,-23.401265],[-46.629727,-23.401393],[-46.629672,-23.401506],[-46.629526,-23.401442],[-46.629515,-23.401437],[-46.629504,-23.401432],[-46.629363,-23.40137]]]},"properties":{"sqlu":"SP-002-762420","inscription":"SP-GEOSAMPA-2762420","inscricaoImobiliaria":"SP-IMO-2762420","setor":"002","quadra":"066","lote":"0009","sourceType":"OFFICIAL_IMPORT","mainAddress":"Setor Fiscal 002","zoneamento":"RESIDENCIAL","statusCadastral":"ATIVO","workflowStatus":"PENDENTE","isOfficial":true,"rawProperties":{"cd_identificador":2762420,"cd_identificador_original_lote":9163839,"cd_setor_fiscal":"002","cd_tipo_quadra":"F","tx_tipo_quadra":"FISCAL","cd_quadra_fiscal":"066","cd_subquadra_fiscal":null,"cd_condominio":"00","cd_tipo_lote":"F","tx_tipo_lote":"FISCAL","cd_lote":"0009","cd_situacao":1,"cd_digito_sql":"7","cd_logradouro":"197459","nm_logradouro_completo":"R VINTE E CINCO DE MARCO","cd_numero_porta":"270","tx_complemento_endereco":null,"tx_situ_lote":"ATIVO","cd_tipo_uso_imovel":"64","dc_tipo_uso_imovel":"Não residencial","cd_tipo_terreno_imovel":3,"qt_area_terreno":478,"qt_area_construida":1425}}},{"type":"Feature","geometry":{"type":"Polygon","coordinates":[[[-46.619698,-23.399359],[-46.619781,-23.3994],[-46.619673,-23.399562],[-46.619607,-23.399532],[-46.619599,-23.399504],[-46.619698,-23.399359]]]},"properties":{"sqlu":"SP-002-762678","inscription":"SP-GEOSAMPA-2762678","inscricaoImobiliaria":"SP-IMO-2762678","setor":"002","quadra":"082","lote":"0000","sourceType":"OFFICIAL_IMPORT","mainAddress":"Setor Fiscal 002","zoneamento":"RESIDENCIAL","statusCadastral":"ATIVO","workflowStatus":"PENDENTE","isOfficial":true,"rawProperties":{"cd_identificador":2762678,"cd_identificador_original_lote":9163751,"cd_setor_fiscal":"002","cd_tipo_quadra":"F","tx_tipo_quadra":"FISCAL","cd_quadra_fiscal":"082","cd_subquadra_fiscal":null,"cd_condominio":"01","cd_tipo_lote":"F","tx_tipo_lote":"FISCAL","cd_lote":"0000","cd_situacao":1,"cd_digito_sql":null,"cd_logradouro":"098736","nm_logradouro_completo":"R JAIRO GOIS","cd_numero_porta":"33","tx_complemento_endereco":null,"tx_situ_lote":null,"cd_tipo_uso_imovel":"XX","dc_tipo_uso_imovel":"Condomínio","cd_tipo_terreno_imovel":99,"qt_area_terreno":268,"qt_area_construida":null}}},{"type":"Feature","geometry":{"type":"Polygon","coordinates":[[[-46.621113,-23.394216],[-46.621133,-23.394223],[-46.621188,-23.39424],[-46.621159,-23.394597],[-46.621088,-23.394574],[-46.621094,-23.394483],[-46.621111,-23.394249],[-46.621113,-23.394216]]]},"properties":{"sqlu":"SP-002-762679","inscription":"SP-GEOSAMPA-2762679","inscricaoImobiliaria":"SP-IMO-2762679","setor":"002","quadra":"039","lote":"0048","sourceType":"OFFICIAL_IMPORT","mainAddress":"Setor Fiscal 002","zoneamento":"RESIDENCIAL","statusCadastral":"ATIVO","workflowStatus":"PENDENTE","isOfficial":true,"rawProperties":{"cd_identificador":2762679,"cd_identificador_original_lote":9163400,"cd_setor_fiscal":"002","cd_tipo_quadra":"F","tx_tipo_quadra":"FISCAL","cd_quadra_fiscal":"039","cd_subquadra_fiscal":null,"cd_condominio":"00","cd_tipo_lote":"F","tx_tipo_lote":"FISCAL","cd_lote":"0048","cd_situacao":1,"cd_digito_sql":"0","cd_logradouro":"031984","nm_logradouro_completo":"R BENJAMIM DE OLIVEIRA","cd_numero_porta":"463","tx_complemento_endereco":"E 467","tx_situ_lote":"ATIVO","cd_tipo_uso_imovel":"22","dc_tipo_uso_imovel":"Residencial","cd_tipo_terreno_imovel":1,"qt_area_terreno":308,"qt_area_construida":500}}},{"type":"Feature","geometry":{"type":"Polygon","coordinates":[[[-46.624913,-23.39059],[-46.625031,-23.390543],[-46.625058,-23.390604],[-46.624939,-23.390649],[-46.624913,-23.39059]]]},"properties":{"sqlu":"SP-002-763475","inscription":"SP-GEOSAMPA-2763475","inscricaoImobiliaria":"SP-IMO-2763475","setor":"002","quadra":"013","lote":"0023","sourceType":"OFFICIAL_IMPORT","mainAddress":"Setor Fiscal 002","zoneamento":"RESIDENCIAL","statusCadastral":"ATIVO","workflowStatus":"PENDENTE","isOfficial":true,"rawProperties":{"cd_identificador":2763475,"cd_identificador_original_lote":9163271,"cd_setor_fiscal":"002","cd_tipo_quadra":"F","tx_tipo_quadra":"FISCAL","cd_quadra_fiscal":"013","cd_subquadra_fiscal":null,"cd_condominio":"00","cd_tipo_lote":"F","tx_tipo_lote":"FISCAL","cd_lote":"0023","cd_situacao":1,"cd_digito_sql":"0","cd_logradouro":"076830","nm_logradouro_completo":"R EURICLES FELIX DE MATOS","cd_numero_porta":"17","tx_complemento_endereco":null,"tx_situ_lote":"ATIVO","cd_tipo_uso_imovel":"10","dc_tipo_uso_imovel":"Residencial","cd_tipo_terreno_imovel":2,"qt_area_terreno":99,"qt_area_construida":80}}},{"type":"Feature","geometry":{"type":"Polygon","coordinates":[[[-46.626116,-23.395633],[-46.625997,-23.395621],[-46.626001,-23.395605],[-46.626022,-23.395517],[-46.62611,-23.395541],[-46.626116,-23.395633]]]},"properties":{"sqlu":"SP-002-762882","inscription":"SP-GEOSAMPA-2762882","inscricaoImobiliaria":"SP-IMO-2762882","setor":"002","quadra":"037","lote":"0017","sourceType":"OFFICIAL_IMPORT","mainAddress":"Setor Fiscal 002","zoneamento":"RESIDENCIAL","statusCadastral":"ATIVO","workflowStatus":"PENDENTE","isOfficial":true,"rawProperties":{"cd_identificador":2762882,"cd_identificador_original_lote":9163348,"cd_setor_fiscal":"002","cd_tipo_quadra":"F","tx_tipo_quadra":"FISCAL","cd_quadra_fiscal":"037","cd_subquadra_fiscal":null,"cd_condominio":"00","cd_tipo_lote":"F","tx_tipo_lote":"FISCAL","cd_lote":"0017","cd_situacao":1,"cd_digito_sql":"1","cd_logradouro":"010847","nm_logradouro_completo":"R PROF EURIPEDES SIMOES DE PAULA","cd_numero_porta":"74","tx_complemento_endereco":null,"tx_situ_lote":"ATIVO","cd_tipo_uso_imovel":"40","dc_tipo_uso_imovel":"Não residencial","cd_tipo_terreno_imovel":1,"qt_area_terreno":160,"qt_area_construida":160}}},{"type":"Feature","geometry":{"type":"Polygon","coordinates":[[[-46.622865,-23.395733],[-46.622844,-23.395783],[-46.622568,-23.395687],[-46.622544,-23.395679],[-46.622521,-23.395671],[-46.622541,-23.39562],[-46.622577,-23.395633],[-46.622588,-23.395637],[-46.622865,-23.395733]]]},"properties":{"sqlu":"SP-002-762361","inscription":"SP-GEOSAMPA-2762361","inscricaoImobiliaria":"SP-IMO-2762361","setor":"002","quadra":"043","lote":"0045","sourceType":"OFFICIAL_IMPORT","mainAddress":"Setor Fiscal 002","zoneamento":"RESIDENCIAL","statusCadastral":"ATIVO","workflowStatus":"PENDENTE","isOfficial":true,"rawProperties":{"cd_identificador":2762361,"cd_identificador_original_lote":9162689,"cd_setor_fiscal":"002","cd_tipo_quadra":"F","tx_tipo_quadra":"FISCAL","cd_quadra_fiscal":"043","cd_subquadra_fiscal":null,"cd_condominio":"00","cd_tipo_lote":"F","tx_tipo_lote":"FISCAL","cd_lote":"0045","cd_situacao":1,"cd_digito_sql":"2","cd_logradouro":"006661","nm_logradouro_completo":"R DA ALFANDEGA","cd_numero_porta":"324","tx_complemento_endereco":"E 328","tx_situ_lote":"ATIVO","cd_tipo_uso_imovel":"22","dc_tipo_uso_imovel":"Residencial","cd_tipo_terreno_imovel":1,"qt_area_terreno":206,"qt_area_construida":350}}},{"type":"Feature","geometry":{"type":"Polygon","coordinates":[[[-46.631677,-23.40292],[-46.631789,-23.402963],[-46.631772,-23.403006],[-46.631799,-23.403015],[-46.631784,-23.40306],[-46.631772,-23.403057],[-46.631755,-23.403103],[-46.63162,-23.403061],[-46.631613,-23.403055],[-46.631677,-23.40292]]]},"properties":{"sqlu":"SP-002-763011","inscription":"SP-GEOSAMPA-2763011","inscricaoImobiliaria":"SP-IMO-2763011","setor":"002","quadra":"061","lote":"0004","sourceType":"OFFICIAL_IMPORT","mainAddress":"Setor Fiscal 002","zoneamento":"RESIDENCIAL","statusCadastral":"ATIVO","workflowStatus":"PENDENTE","isOfficial":true,"rawProperties":{"cd_identificador":2763011,"cd_identificador_original_lote":9162546,"cd_setor_fiscal":"002","cd_tipo_quadra":"F","tx_tipo_quadra":"FISCAL","cd_quadra_fiscal":"061","cd_subquadra_fiscal":null,"cd_condominio":"00","cd_tipo_lote":"F","tx_tipo_lote":"FISCAL","cd_lote":"0004","cd_situacao":1,"cd_digito_sql":"3","cd_logradouro":"204188","nm_logradouro_completo":"PT DO COLEGIO","cd_numero_porta":"1","tx_complemento_endereco":null,"tx_situ_lote":"ATIVO","cd_tipo_uso_imovel":"43","dc_tipo_uso_imovel":"Não residencial","cd_tipo_terreno_imovel":2,"qt_area_terreno":250,"qt_area_construida":1221}}},{"type":"Feature","geometry":{"type":"Polygon","coordinates":[[[-46.618931,-23.395815],[-46.618946,-23.395824],[-46.618967,-23.395839],[-46.618851,-23.39599],[-46.618823,-23.395972],[-46.618815,-23.395967],[-46.618837,-23.395938],[-46.61889,-23.395869],[-46.618931,-23.395815]]]},"properties":{"sqlu":"SP-002-762463","inscription":"SP-GEOSAMPA-2762463","inscricaoImobiliaria":"SP-IMO-2762463","setor":"002","quadra":"049","lote":"0019","sourceType":"OFFICIAL_IMPORT","mainAddress":"Setor Fiscal 002","zoneamento":"RESIDENCIAL","statusCadastral":"ATIVO","workflowStatus":"PENDENTE","isOfficial":true,"rawProperties":{"cd_identificador":2762463,"cd_identificador_original_lote":9163686,"cd_setor_fiscal":"002","cd_tipo_quadra":"F","tx_tipo_quadra":"FISCAL","cd_quadra_fiscal":"049","cd_subquadra_fiscal":null,"cd_condominio":"00","cd_tipo_lote":"F","tx_tipo_lote":"FISCAL","cd_lote":"0019","cd_situacao":1,"cd_digito_sql":"0","cd_logradouro":"177067","nm_logradouro_completo":"R SAMPAIO MOREIRA","cd_numero_porta":"181","tx_complemento_endereco":null,"tx_situ_lote":"ATIVO","cd_tipo_uso_imovel":"12","dc_tipo_uso_imovel":"Residencial","cd_tipo_terreno_imovel":1,"qt_area_terreno":85,"qt_area_construida":130}}},{"type":"Feature","geometry":{"type":"Polygon","coordinates":[[[-46.625791,-23.394574],[-46.625777,-23.394611],[-46.625711,-23.394589],[-46.625725,-23.394552],[-46.625791,-23.394574]]]},"properties":{"sqlu":"SP-002-763409","inscription":"SP-GEOSAMPA-2763409","inscricaoImobiliaria":"SP-IMO-2763409","setor":"002","quadra":"029","lote":"0014","sourceType":"OFFICIAL_IMPORT","mainAddress":"Setor Fiscal 002","zoneamento":"RESIDENCIAL","statusCadastral":"ATIVO","workflowStatus":"PENDENTE","isOfficial":true,"rawProperties":{"cd_identificador":2763409,"cd_identificador_original_lote":9163896,"cd_setor_fiscal":"002","cd_tipo_quadra":"F","tx_tipo_quadra":"FISCAL","cd_quadra_fiscal":"029","cd_subquadra_fiscal":null,"cd_condominio":"00","cd_tipo_lote":"F","tx_tipo_lote":"FISCAL","cd_lote":"0014","cd_situacao":1,"cd_digito_sql":"2","cd_logradouro":"155110","nm_logradouro_completo":"LG DO PARI","cd_numero_porta":"60","tx_complemento_endereco":null,"tx_situ_lote":"ATIVO","cd_tipo_uso_imovel":"40","dc_tipo_uso_imovel":"Não residencial","cd_tipo_terreno_imovel":1,"qt_area_terreno":44,"qt_area_construida":41}}},{"type":"Feature","geometry":{"type":"Polygon","coordinates":[[[-46.624832,-23.397497],[-46.624812,-23.397492],[-46.624836,-23.397409],[-46.625001,-23.397462],[-46.625139,-23.397496],[-46.625121,-23.397565],[-46.625062,-23.397551],[-46.625037,-23.397545],[-46.624988,-23.397534],[-46.624947,-23.397524],[-46.624907,-23.397515],[-46.62489,-23.397511],[-46.624832,-23.397497]]]},"properties":{"sqlu":"SP-002-763113","inscription":"SP-GEOSAMPA-2763113","inscricaoImobiliaria":"SP-IMO-2763113","setor":"002","quadra":"045","lote":"0005","sourceType":"OFFICIAL_IMPORT","mainAddress":"Setor Fiscal 002","zoneamento":"RESIDENCIAL","statusCadastral":"ATIVO","workflowStatus":"PENDENTE","isOfficial":true,"rawProperties":{"cd_identificador":2763113,"cd_identificador_original_lote":9163045,"cd_setor_fiscal":"002","cd_tipo_quadra":"F","tx_tipo_quadra":"FISCAL","cd_quadra_fiscal":"045","cd_subquadra_fiscal":null,"cd_condominio":"00","cd_tipo_lote":"F","tx_tipo_lote":"FISCAL","cd_lote":"0005","cd_situacao":1,"cd_digito_sql":"2","cd_logradouro":"138533","nm_logradouro_completo":"AV MERCURIO","cd_numero_porta":"166","tx_complemento_endereco":"ARMAZEM","tx_situ_lote":"ATIVO","cd_tipo_uso_imovel":"40","dc_tipo_uso_imovel":"Não residencial","cd_tipo_terreno_imovel":1,"qt_area_terreno":243,"qt_area_construida":200}}},{"type":"Feature","geometry":{"type":"Polygon","coordinates":[[[-46.620931,-23.394522],[-46.620937,-23.394453],[-46.620942,-23.394395],[-46.620946,-23.394345],[-46.62095,-23.394291],[-46.621057,-23.394309],[-46.621056,-23.394322],[-46.621054,-23.394348],[-46.620994,-23.394341],[-46.620983,-23.394539],[-46.620931,-23.394522]]]},"properties":{"sqlu":"SP-002-763082","inscription":"SP-GEOSAMPA-2763082","inscricaoImobiliaria":"SP-IMO-2763082","setor":"002","quadra":"039","lote":"0051","sourceType":"OFFICIAL_IMPORT","mainAddress":"Setor Fiscal 002","zoneamento":"RESIDENCIAL","statusCadastral":"ATIVO","workflowStatus":"PENDENTE","isOfficial":true,"rawProperties":{"cd_identificador":2763082,"cd_identificador_original_lote":9163590,"cd_setor_fiscal":"002","cd_tipo_quadra":"F","tx_tipo_quadra":"FISCAL","cd_quadra_fiscal":"039","cd_subquadra_fiscal":null,"cd_condominio":"00","cd_tipo_lote":"F","tx_tipo_lote":"FISCAL","cd_lote":"0051","cd_situacao":1,"cd_digito_sql":"0","cd_logradouro":"031984","nm_logradouro_completo":"R BENJAMIM DE OLIVEIRA","cd_numero_porta":"481","tx_complemento_endereco":null,"tx_situ_lote":"ATIVO","cd_tipo_uso_imovel":"40","dc_tipo_uso_imovel":"Não residencial","cd_tipo_terreno_imovel":1,"qt_area_terreno":121,"qt_area_construida":120}}},{"type":"Feature","geometry":{"type":"Polygon","coordinates":[[[-46.622249,-23.395464],[-46.622288,-23.395477],[-46.622308,-23.395484],[-46.622248,-23.395641],[-46.622206,-23.39575],[-46.622192,-23.395745],[-46.622144,-23.395728],[-46.622211,-23.395558],[-46.622233,-23.395504],[-46.622249,-23.395464]]]},"properties":{"sqlu":"SP-002-763135","inscription":"SP-GEOSAMPA-2763135","inscricaoImobiliaria":"SP-IMO-2763135","setor":"002","quadra":"043","lote":"0054","sourceType":"OFFICIAL_IMPORT","mainAddress":"Setor Fiscal 002","zoneamento":"RESIDENCIAL","statusCadastral":"ATIVO","workflowStatus":"PENDENTE","isOfficial":true,"rawProperties":{"cd_identificador":2763135,"cd_identificador_original_lote":9163026,"cd_setor_fiscal":"002","cd_tipo_quadra":"F","tx_tipo_quadra":"FISCAL","cd_quadra_fiscal":"043","cd_subquadra_fiscal":null,"cd_condominio":"00","cd_tipo_lote":"F","tx_tipo_lote":"FISCAL","cd_lote":"0054","cd_situacao":1,"cd_digito_sql":"1","cd_logradouro":"070173","nm_logradouro_completo":"R FERNANDES SILVA","cd_numero_porta":"187","tx_complemento_endereco":"E 191","tx_situ_lote":"ATIVO","cd_tipo_uso_imovel":"42","dc_tipo_uso_imovel":"Não residencial","cd_tipo_terreno_imovel":1,"qt_area_terreno":195,"qt_area_construida":250}}},{"type":"Feature","geometry":{"type":"Polygon","coordinates":[[[-46.617287,-23.397639],[-46.617331,-23.397667],[-46.617067,-23.398052],[-46.617023,-23.398025],[-46.617214,-23.397746],[-46.617239,-23.397709],[-46.617275,-23.397657],[-46.617287,-23.397639]]]},"properties":{"sqlu":"SP-002-763258","inscription":"SP-GEOSAMPA-2763258","inscricaoImobiliaria":"SP-IMO-2763258","setor":"002","quadra":"086","lote":"0027","sourceType":"OFFICIAL_IMPORT","mainAddress":"Setor Fiscal 002","zoneamento":"RESIDENCIAL","statusCadastral":"ATIVO","workflowStatus":"PENDENTE","isOfficial":true,"rawProperties":{"cd_identificador":2763258,"cd_identificador_original_lote":9164263,"cd_setor_fiscal":"002","cd_tipo_quadra":"F","tx_tipo_quadra":"FISCAL","cd_quadra_fiscal":"086","cd_subquadra_fiscal":null,"cd_condominio":"00","cd_tipo_lote":"F","tx_tipo_lote":"FISCAL","cd_lote":"0027","cd_situacao":1,"cd_digito_sql":"2","cd_logradouro":"168700","nm_logradouro_completo":"AV RANGEL PESTANA","cd_numero_porta":"1709","tx_complemento_endereco":null,"tx_situ_lote":"ATIVO","cd_tipo_uso_imovel":"40","dc_tipo_uso_imovel":"Não residencial","cd_tipo_terreno_imovel":1,"qt_area_terreno":259,"qt_area_construida":255}}},{"type":"Feature","geometry":{"type":"Polygon","coordinates":[[[-46.621027,-23.394193],[-46.621121,-23.393957],[-46.621227,-23.393995],[-46.621133,-23.394223],[-46.621113,-23.394216],[-46.621066,-23.394201],[-46.621027,-23.394193]]]},"properties":{"sqlu":"SP-002-763658","inscription":"SP-GEOSAMPA-2763658","inscricaoImobiliaria":"SP-IMO-2763658","setor":"002","quadra":"039","lote":"0103","sourceType":"OFFICIAL_IMPORT","mainAddress":"Setor Fiscal 002","zoneamento":"RESIDENCIAL","statusCadastral":"ATIVO","workflowStatus":"PENDENTE","isOfficial":true,"rawProperties":{"cd_identificador":2763658,"cd_identificador_original_lote":9163664,"cd_setor_fiscal":"002","cd_tipo_quadra":"F","tx_tipo_quadra":"FISCAL","cd_quadra_fiscal":"039","cd_subquadra_fiscal":null,"cd_condominio":"00","cd_tipo_lote":"F","tx_tipo_lote":"FISCAL","cd_lote":"0103","cd_situacao":1,"cd_digito_sql":"7","cd_logradouro":"010847","nm_logradouro_completo":"R PROF EURIPEDES SIMOES DE PAULA","cd_numero_porta":"602","tx_complemento_endereco":null,"tx_situ_lote":"ATIVO","cd_tipo_uso_imovel":"51","dc_tipo_uso_imovel":"Não residencial","cd_tipo_terreno_imovel":1,"qt_area_terreno":310,"qt_area_construida":306}}},{"type":"Feature","geometry":{"type":"Polygon","coordinates":[[[-46.622982,-23.394633],[-46.623242,-23.394728],[-46.623245,-23.394749],[-46.623229,-23.39479],[-46.622959,-23.394695],[-46.622982,-23.394633]]]},"properties":{"sqlu":"SP-002-763892","inscription":"SP-GEOSAMPA-2763892","inscricaoImobiliaria":"SP-IMO-2763892","setor":"002","quadra":"039","lote":"0086","sourceType":"OFFICIAL_IMPORT","mainAddress":"Setor Fiscal 002","zoneamento":"RESIDENCIAL","statusCadastral":"ATIVO","workflowStatus":"PENDENTE","isOfficial":true,"rawProperties":{"cd_identificador":2763892,"cd_identificador_original_lote":9163072,"cd_setor_fiscal":"002","cd_tipo_quadra":"F","tx_tipo_quadra":"FISCAL","cd_quadra_fiscal":"039","cd_subquadra_fiscal":null,"cd_condominio":"00","cd_tipo_lote":"F","tx_tipo_lote":"FISCAL","cd_lote":"0086","cd_situacao":1,"cd_digito_sql":"3","cd_logradouro":"010847","nm_logradouro_completo":"R PROF EURIPEDES SIMOES DE PAULA","cd_numero_porta":"382","tx_complemento_endereco":"392 E 402","tx_situ_lote":"ATIVO","cd_tipo_uso_imovel":"40","dc_tipo_uso_imovel":"Não residencial","cd_tipo_terreno_imovel":2,"qt_area_terreno":180,"qt_area_construida":165}}},{"type":"Feature","geometry":{"type":"Polygon","coordinates":[[[-46.62956,-23.402079],[-46.629586,-23.402025],[-46.629797,-23.40209],[-46.629841,-23.402104],[-46.629865,-23.402111],[-46.629901,-23.402122],[-46.629904,-23.402123],[-46.629937,-23.402133],[-46.629968,-23.402143],[-46.630033,-23.402163],[-46.630078,-23.402177],[-46.630092,-23.402181],[-46.630123,-23.402191],[-46.630089,-23.402267],[-46.630071,-23.402261],[-46.630045,-23.402251],[-46.630014,-23.40224],[-46.629957,-23.40222],[-46.629902,-23.402201],[-46.629839,-23.402178],[-46.629773,-23.402155],[-46.629743,-23.402144],[-46.629688,-23.402124],[-46.629629,-23.402104],[-46.629575,-23.402084],[-46.62956,-23.402079]]]},"properties":{"sqlu":"SP-002-763656","inscription":"SP-GEOSAMPA-2763656","inscricaoImobiliaria":"SP-IMO-2763656","setor":"002","quadra":"067","lote":"0002","sourceType":"OFFICIAL_IMPORT","mainAddress":"Setor Fiscal 002","zoneamento":"RESIDENCIAL","statusCadastral":"ATIVO","workflowStatus":"PENDENTE","isOfficial":true,"rawProperties":{"cd_identificador":2763656,"cd_identificador_original_lote":9162664,"cd_setor_fiscal":"002","cd_tipo_quadra":"F","tx_tipo_quadra":"FISCAL","cd_quadra_fiscal":"067","cd_subquadra_fiscal":null,"cd_condominio":"00","cd_tipo_lote":"F","tx_tipo_lote":"FISCAL","cd_lote":"0002","cd_situacao":1,"cd_digito_sql":"4","cd_logradouro":"197459","nm_logradouro_completo":"R VINTE E CINCO DE MARCO","cd_numero_porta":"205","tx_complemento_endereco":null,"tx_situ_lote":"ATIVO","cd_tipo_uso_imovel":"84","dc_tipo_uso_imovel":"Não residencial","cd_tipo_terreno_imovel":3,"qt_area_terreno":450,"qt_area_construida":780}}},{"type":"Feature","geometry":{"type":"Polygon","coordinates":[[[-46.621127,-23.389259],[-46.621181,-23.389245],[-46.62124,-23.389443],[-46.621245,-23.389459],[-46.621184,-23.389454],[-46.621168,-23.389401],[-46.621153,-23.389348],[-46.621127,-23.389259]]]},"properties":{"sqlu":"SP-002-764031","inscription":"SP-GEOSAMPA-2764031","inscricaoImobiliaria":"SP-IMO-2764031","setor":"002","quadra":"004","lote":"0071","sourceType":"OFFICIAL_IMPORT","mainAddress":"Setor Fiscal 002","zoneamento":"RESIDENCIAL","statusCadastral":"ATIVO","workflowStatus":"PENDENTE","isOfficial":true,"rawProperties":{"cd_identificador":2764031,"cd_identificador_original_lote":9162447,"cd_setor_fiscal":"002","cd_tipo_quadra":"F","tx_tipo_quadra":"FISCAL","cd_quadra_fiscal":"004","cd_subquadra_fiscal":null,"cd_condominio":"00","cd_tipo_lote":"F","tx_tipo_lote":"FISCAL","cd_lote":"0071","cd_situacao":1,"cd_digito_sql":"1","cd_logradouro":"104850","nm_logradouro_completo":"R JOAO TEODORO","cd_numero_porta":"1042","tx_complemento_endereco":"E 1044","tx_situ_lote":"ATIVO","cd_tipo_uso_imovel":"40","dc_tipo_uso_imovel":"Não residencial","cd_tipo_terreno_imovel":1,"qt_area_terreno":150,"qt_area_construida":200}}},{"type":"Feature","geometry":{"type":"Polygon","coordinates":[[[-46.62465,-23.38957],[-46.624647,-23.389561],[-46.624742,-23.389529],[-46.624777,-23.389613],[-46.624779,-23.389616],[-46.624681,-23.389634],[-46.624675,-23.389635],[-46.62465,-23.38957]]]},"properties":{"sqlu":"SP-002-764147","inscription":"SP-GEOSAMPA-2764147","inscricaoImobiliaria":"SP-IMO-2764147","setor":"002","quadra":"002","lote":"0001","sourceType":"OFFICIAL_IMPORT","mainAddress":"Setor Fiscal 002","zoneamento":"RESIDENCIAL","statusCadastral":"ATIVO","workflowStatus":"PENDENTE","isOfficial":true,"rawProperties":{"cd_identificador":2764147,"cd_identificador_original_lote":9162383,"cd_setor_fiscal":"002","cd_tipo_quadra":"F","tx_tipo_quadra":"FISCAL","cd_quadra_fiscal":"002","cd_subquadra_fiscal":null,"cd_condominio":"00","cd_tipo_lote":"F","tx_tipo_lote":"FISCAL","cd_lote":"0001","cd_situacao":1,"cd_digito_sql":"1","cd_logradouro":"158720","nm_logradouro_completo":"R PEDRO ALVARES CABRAL","cd_numero_porta":"30","tx_complemento_endereco":"E 32","tx_situ_lote":"ATIVO","cd_tipo_uso_imovel":"40","dc_tipo_uso_imovel":"Não residencial","cd_tipo_terreno_imovel":1,"qt_area_terreno":82,"qt_area_construida":148}}},{"type":"Feature","geometry":{"type":"Polygon","coordinates":[[[-46.628723,-23.397025],[-46.628739,-23.397328],[-46.628702,-23.397333],[-46.628687,-23.397334],[-46.628675,-23.397026],[-46.628723,-23.397025]]]},"properties":{"sqlu":"SP-002-763799","inscription":"SP-GEOSAMPA-2763799","inscricaoImobiliaria":"SP-IMO-2763799","setor":"002","quadra":"032","lote":"0011","sourceType":"OFFICIAL_IMPORT","mainAddress":"Setor Fiscal 002","zoneamento":"RESIDENCIAL","statusCadastral":"ATIVO","workflowStatus":"PENDENTE","isOfficial":true,"rawProperties":{"cd_identificador":2763799,"cd_identificador_original_lote":9163594,"cd_setor_fiscal":"002","cd_tipo_quadra":"F","tx_tipo_quadra":"FISCAL","cd_quadra_fiscal":"032","cd_subquadra_fiscal":null,"cd_condominio":"00","cd_tipo_lote":"F","tx_tipo_lote":"FISCAL","cd_lote":"0011","cd_situacao":1,"cd_digito_sql":"1","cd_logradouro":"024040","nm_logradouro_completo":"R COMEN ASSAD ABDALLA","cd_numero_porta":"84","tx_complemento_endereco":null,"tx_situ_lote":"ATIVO","cd_tipo_uso_imovel":"40","dc_tipo_uso_imovel":"Não residencial","cd_tipo_terreno_imovel":1,"qt_area_terreno":177,"qt_area_construida":177}}},{"type":"Feature","geometry":{"type":"Polygon","coordinates":[[[-46.628723,-23.397025],[-46.628775,-23.397023],[-46.628788,-23.397325],[-46.628771,-23.397326],[-46.628739,-23.397328],[-46.628723,-23.397025]]]},"properties":{"sqlu":"SP-002-763800","inscription":"SP-GEOSAMPA-2763800","inscricaoImobiliaria":"SP-IMO-2763800","setor":"002","quadra":"032","lote":"0010","sourceType":"OFFICIAL_IMPORT","mainAddress":"Setor Fiscal 002","zoneamento":"RESIDENCIAL","statusCadastral":"ATIVO","workflowStatus":"PENDENTE","isOfficial":true,"rawProperties":{"cd_identificador":2763800,"cd_identificador_original_lote":9163595,"cd_setor_fiscal":"002","cd_tipo_quadra":"F","tx_tipo_quadra":"FISCAL","cd_quadra_fiscal":"032","cd_subquadra_fiscal":null,"cd_condominio":"00","cd_tipo_lote":"F","tx_tipo_lote":"FISCAL","cd_lote":"0010","cd_situacao":1,"cd_digito_sql":"1","cd_logradouro":"024040","nm_logradouro_completo":"R COMEN ASSAD ABDALLA","cd_numero_porta":"76","tx_complemento_endereco":null,"tx_situ_lote":"ATIVO","cd_tipo_uso_imovel":"40","dc_tipo_uso_imovel":"Não residencial","cd_tipo_terreno_imovel":1,"qt_area_terreno":175,"qt_area_construida":135}}},{"type":"Feature","geometry":{"type":"Polygon","coordinates":[[[-46.623419,-23.388716],[-46.623421,-23.388716],[-46.623473,-23.388742],[-46.623506,-23.388938],[-46.623454,-23.388949],[-46.623419,-23.388716]]]},"properties":{"sqlu":"SP-002-764080","inscription":"SP-GEOSAMPA-2764080","inscricaoImobiliaria":"SP-IMO-2764080","setor":"002","quadra":"003","lote":"0002","sourceType":"OFFICIAL_IMPORT","mainAddress":"Setor Fiscal 002","zoneamento":"RESIDENCIAL","statusCadastral":"ATIVO","workflowStatus":"PENDENTE","isOfficial":true,"rawProperties":{"cd_identificador":2764080,"cd_identificador_original_lote":9162296,"cd_setor_fiscal":"002","cd_tipo_quadra":"F","tx_tipo_quadra":"FISCAL","cd_quadra_fiscal":"003","cd_subquadra_fiscal":null,"cd_condominio":"00","cd_tipo_lote":"F","tx_tipo_lote":"FISCAL","cd_lote":"0002","cd_situacao":1,"cd_digito_sql":"4","cd_logradouro":"104850","nm_logradouro_completo":"R JOAO TEODORO","cd_numero_porta":"798","tx_complemento_endereco":"E 800","tx_situ_lote":"ATIVO","cd_tipo_uso_imovel":"42","dc_tipo_uso_imovel":"Não residencial","cd_tipo_terreno_imovel":1,"qt_area_terreno":100,"qt_area_construida":200}}},{"type":"Feature","geometry":{"type":"Polygon","coordinates":[[[-46.6212,-23.395404],[-46.6213,-23.395157],[-46.621306,-23.39514],[-46.621311,-23.395141],[-46.62136,-23.395158],[-46.621353,-23.395176],[-46.621338,-23.395215],[-46.621311,-23.39528],[-46.621297,-23.395316],[-46.621254,-23.395423],[-46.6212,-23.395404]]]},"properties":{"sqlu":"SP-002-763670","inscription":"SP-GEOSAMPA-2763670","inscricaoImobiliaria":"SP-IMO-2763670","setor":"002","quadra":"043","lote":"0067","sourceType":"OFFICIAL_IMPORT","mainAddress":"Setor Fiscal 002","zoneamento":"RESIDENCIAL","statusCadastral":"ATIVO","workflowStatus":"PENDENTE","isOfficial":true,"rawProperties":{"cd_identificador":2763670,"cd_identificador_original_lote":9163104,"cd_setor_fiscal":"002","cd_tipo_quadra":"F","tx_tipo_quadra":"FISCAL","cd_quadra_fiscal":"043","cd_subquadra_fiscal":null,"cd_condominio":"00","cd_tipo_lote":"F","tx_tipo_lote":"FISCAL","cd_lote":"0067","cd_situacao":1,"cd_digito_sql":"3","cd_logradouro":"070173","nm_logradouro_completo":"R FERNANDES SILVA","cd_numero_porta":"289","tx_complemento_endereco":"E 293","tx_situ_lote":"ATIVO","cd_tipo_uso_imovel":"22","dc_tipo_uso_imovel":"Residencial","cd_tipo_terreno_imovel":1,"qt_area_terreno":195,"qt_area_construida":530}}},{"type":"Feature","geometry":{"type":"Polygon","coordinates":[[[-46.6212,-23.395404],[-46.621145,-23.395385],[-46.621238,-23.395151],[-46.621251,-23.39512],[-46.621306,-23.39514],[-46.6213,-23.395157],[-46.6212,-23.395404]]]},"properties":{"sqlu":"SP-002-763671","inscription":"SP-GEOSAMPA-2763671","inscricaoImobiliaria":"SP-IMO-2763671","setor":"002","quadra":"043","lote":"0068","sourceType":"OFFICIAL_IMPORT","mainAddress":"Setor Fiscal 002","zoneamento":"RESIDENCIAL","statusCadastral":"ATIVO","workflowStatus":"PENDENTE","isOfficial":true,"rawProperties":{"cd_identificador":2763671,"cd_identificador_original_lote":9163105,"cd_setor_fiscal":"002","cd_tipo_quadra":"F","tx_tipo_quadra":"FISCAL","cd_quadra_fiscal":"043","cd_subquadra_fiscal":null,"cd_condominio":"00","cd_tipo_lote":"F","tx_tipo_lote":"FISCAL","cd_lote":"0068","cd_situacao":1,"cd_digito_sql":"1","cd_logradouro":"070173","nm_logradouro_completo":"R FERNANDES SILVA","cd_numero_porta":"297","tx_complemento_endereco":"E 299","tx_situ_lote":"ATIVO","cd_tipo_uso_imovel":"40","dc_tipo_uso_imovel":"Não residencial","cd_tipo_terreno_imovel":1,"qt_area_terreno":192,"qt_area_construida":162}}},{"type":"Feature","geometry":{"type":"Polygon","coordinates":[[[-46.621138,-23.399367],[-46.621214,-23.399222],[-46.62127,-23.399113],[-46.621392,-23.399161],[-46.621152,-23.399616],[-46.621032,-23.399568],[-46.621044,-23.399545],[-46.621082,-23.399473],[-46.621138,-23.399367]]]},"properties":{"sqlu":"SP-002-764435","inscription":"SP-GEOSAMPA-2764435","inscricaoImobiliaria":"SP-IMO-2764435","setor":"002","quadra":"081","lote":"0065","sourceType":"OFFICIAL_IMPORT","mainAddress":"Setor Fiscal 002","zoneamento":"RESIDENCIAL","statusCadastral":"ATIVO","workflowStatus":"PENDENTE","isOfficial":true,"rawProperties":{"cd_identificador":2764435,"cd_identificador_original_lote":9163746,"cd_setor_fiscal":"002","cd_tipo_quadra":"F","tx_tipo_quadra":"FISCAL","cd_quadra_fiscal":"081","cd_subquadra_fiscal":null,"cd_condominio":"00","cd_tipo_lote":"F","tx_tipo_lote":"FISCAL","cd_lote":"0065","cd_situacao":1,"cd_digito_sql":"2","cd_logradouro":"132268","nm_logradouro_completo":"R MARIA DOMITILA","cd_numero_porta":"406","tx_complemento_endereco":"E 408","tx_situ_lote":"ATIVO","cd_tipo_uso_imovel":"62","dc_tipo_uso_imovel":"Não residencial","cd_tipo_terreno_imovel":1,"qt_area_terreno":752,"qt_area_construida":650}}},{"type":"Feature","geometry":{"type":"Polygon","coordinates":[[[-46.621138,-23.399367],[-46.620828,-23.399261],[-46.620887,-23.399089],[-46.621134,-23.399189],[-46.621214,-23.399222],[-46.621138,-23.399367]]]},"properties":{"sqlu":"SP-002-764436","inscription":"SP-GEOSAMPA-2764436","inscricaoImobiliaria":"SP-IMO-2764436","setor":"002","quadra":"081","lote":"0013","sourceType":"OFFICIAL_IMPORT","mainAddress":"Setor Fiscal 002","zoneamento":"RESIDENCIAL","statusCadastral":"ATIVO","workflowStatus":"PENDENTE","isOfficial":true,"rawProperties":{"cd_identificador":2764436,"cd_identificador_original_lote":9164176,"cd_setor_fiscal":"002","cd_tipo_quadra":"F","tx_tipo_quadra":"FISCAL","cd_quadra_fiscal":"081","cd_subquadra_fiscal":null,"cd_condominio":"00","cd_tipo_lote":"F","tx_tipo_lote":"FISCAL","cd_lote":"0013","cd_situacao":1,"cd_digito_sql":"1","cd_logradouro":"194999","nm_logradouro_completo":"R VASCO DA GAMA","cd_numero_porta":"103","tx_complemento_endereco":null,"tx_situ_lote":"ATIVO","cd_tipo_uso_imovel":"40","dc_tipo_uso_imovel":"Não residencial","cd_tipo_terreno_imovel":1,"qt_area_terreno":594,"qt_area_construida":500}}},{"type":"Feature","geometry":{"type":"Polygon","coordinates":[[[-46.624821,-23.397281],[-46.62487,-23.397293],[-46.624836,-23.397409],[-46.624812,-23.397492],[-46.624832,-23.397497],[-46.624818,-23.397551],[-46.624815,-23.39756],[-46.624749,-23.397545],[-46.624821,-23.397281]]]},"properties":{"sqlu":"SP-002-763696","inscription":"SP-GEOSAMPA-2763696","inscricaoImobiliaria":"SP-IMO-2763696","setor":"002","quadra":"045","lote":"0055","sourceType":"OFFICIAL_IMPORT","mainAddress":"Setor Fiscal 002","zoneamento":"RESIDENCIAL","statusCadastral":"ATIVO","workflowStatus":"PENDENTE","isOfficial":true,"rawProperties":{"cd_identificador":2763696,"cd_identificador_original_lote":9163152,"cd_setor_fiscal":"002","cd_tipo_quadra":"F","tx_tipo_quadra":"FISCAL","cd_quadra_fiscal":"045","cd_subquadra_fiscal":null,"cd_condominio":"00","cd_tipo_lote":"F","tx_tipo_lote":"FISCAL","cd_lote":"0055","cd_situacao":1,"cd_digito_sql":"9","cd_logradouro":"008699","nm_logradouro_completo":"R POLIGNANO A MARE","cd_numero_porta":"46","tx_complemento_endereco":null,"tx_situ_lote":"ATIVO","cd_tipo_uso_imovel":"40","dc_tipo_uso_imovel":"Não residencial","cd_tipo_terreno_imovel":1,"qt_area_terreno":160,"qt_area_construida":150}}},{"type":"Feature","geometry":{"type":"Polygon","coordinates":[[[-46.624821,-23.397281],[-46.624749,-23.397545],[-46.624702,-23.397535],[-46.624772,-23.397269],[-46.624821,-23.397281]]]},"properties":{"sqlu":"SP-002-763697","inscription":"SP-GEOSAMPA-2763697","inscricaoImobiliaria":"SP-IMO-2763697","setor":"002","quadra":"045","lote":"0056","sourceType":"OFFICIAL_IMPORT","mainAddress":"Setor Fiscal 002","zoneamento":"RESIDENCIAL","statusCadastral":"ATIVO","workflowStatus":"PENDENTE","isOfficial":true,"rawProperties":{"cd_identificador":2763697,"cd_identificador_original_lote":9163153,"cd_setor_fiscal":"002","cd_tipo_quadra":"F","tx_tipo_quadra":"FISCAL","cd_quadra_fiscal":"045","cd_subquadra_fiscal":null,"cd_condominio":"00","cd_tipo_lote":"F","tx_tipo_lote":"FISCAL","cd_lote":"0056","cd_situacao":1,"cd_digito_sql":"7","cd_logradouro":"008699","nm_logradouro_completo":"R POLIGNANO A MARE","cd_numero_porta":"50","tx_complemento_endereco":null,"tx_situ_lote":"ATIVO","cd_tipo_uso_imovel":"40","dc_tipo_uso_imovel":"Não residencial","cd_tipo_terreno_imovel":1,"qt_area_terreno":150,"qt_area_construida":150}}}]}