{
  "type": "FeatureCollection",
  "features": [
    {
      "type": "Feature",
      "geometry": {
        "type": "Polygon",
        "coordinates": [
          [
            [
              -46.64477884530738,
              -23.555
            ],
            [
              -46.64464458089682,
              -23.555
            ],
            [
              -46.64464458089682,
              -23.555283111190395
            ],
            [
              -46.64477884530738,
              -23.555283111190395
            ],
            [
              -46.64477884530738,
              -23.555
            ]
          ]
        ]
      },
      "properties": {
        "sqlu": "SP-000001",
        "mainAddress": "Rua Estados Unidos, 1011",
        "inscricaoImobiliaria": "SP-IMO-2024-000001",
        "inscription": "SP-INS-2024000000",
        "setor": "Vila Mariana",
        "quadra": "Q01",
        "lote": "1011",
        "cep": "01328817",
        "sourceType": "OFFICIAL_IMPORT",
        "areaTerreno": 468,
        "zoneamento": "RESIDENCIAL",
        "statusCadastral": "ATIVO",
        "workflowStatus": "EM_VALIDACAO",
        "isOfficial": true,
        "municipio": "São Paulo",
        "uf": "SP"
      }
    },
    {
      "type": "Feature",
      "geometry": {
        "type": "Polygon",
        "coordinates": [
          [
            [
              -46.64485429048176,
              -23.554861689098786
            ],
            [
              -46.6446148029104,
              -23.554861689098786
            ],
            [
              -46.6446148029104,
              -23.554991440468395
            ],
            [
              -46.64485429048176,
              -23.554991440468395
            ],
            [
              -46.64485429048176,
              -23.554861689098786
            ]
          ]
        ]
      },
      "properties": {
        "sqlu": "SP-000002",
        "mainAddress": "Rua Frei Caneca, 65",
        "inscricaoImobiliaria": "SP-IMO-2024-000002",
        "inscription": "SP-INS-2024000001",
        "setor": "Paraiso",
        "quadra": "Q01",
        "lote": "65",
        "cep": "01357244",
        "sourceType": "OFFICIAL_IMPORT",
        "areaTerreno": 383,
        "zoneamento": "MISTO",
        "statusCadastral": "ATIVO",
        "workflowStatus": "APROVADA",
        "isOfficial": true,
        "municipio": "São Paulo",
        "uf": "SP"
      }
    },
    {
      "type": "Feature",
      "geometry": {
        "type": "Polygon",
        "coordinates": [
          [
            [
              -46.644815704001005,
              -23.554528058118574
            ],
            [
              -46.6446006976451,
              -23.554528058118574
            ],
            [
              -46.6446006976451,
              -23.554801994406205
            ],
            [
              -46.644815704001005,
              -23.554801994406205
            ],
            [
              -46.644815704001005,
              -23.554528058118574
            ]
          ]
        ]
      },
      "properties": {
        "sqlu": "SP-000003",
        "mainAddress": "Rua Domingos Leme, 1379",
        "inscricaoImobiliaria": "SP-IMO-2024-000003",
        "inscription": "SP-INS-2024000002",
        "setor": "Consolacao",
        "quadra": "Q01",
        "lote": "1379",
        "cep": "01327102",
        "sourceType": "OFFICIAL_IMPORT",
        "areaTerreno": 726,
        "zoneamento": "COMERCIAL",
        "statusCadastral": "ATIVO",
        "workflowStatus": "APROVADA",
        "isOfficial": true,
        "municipio": "São Paulo",
        "uf": "SP"
      }
    },
    {
      "type": "Feature",
      "geometry": {
        "type": "Polygon",
        "coordinates": [
          [
            [
              -46.644973416912386,
              -23.55468966106245
            ],
            [
              -46.64470272951059,
              -23.55468966106245
            ],
            [
              -46.64470272951059,
              -23.554869204000408
            ],
            [
              -46.644973416912386,
              -23.554869204000408
            ],
            [
              -46.644973416912386,
              -23.55468966106245
            ]
          ]
        ]
      },
      "properties": {
        "sqlu": "SP-000004",
        "mainAddress": "Rua Antonio Carlos, 572",
        "inscricaoImobiliaria": "SP-IMO-2024-000004",
        "inscription": "SP-INS-2024000003",
        "setor": "Jardins",
        "quadra": "Q01",
        "lote": "572",
        "cep": "01341744",
        "sourceType": "OFFICIAL_IMPORT",
        "areaTerreno": 599,
        "zoneamento": "RESIDENCIAL",
        "statusCadastral": "ATIVO",
        "workflowStatus": "PENDENTE",
        "isOfficial": true,
        "municipio": "São Paulo",
        "uf": "SP"
      }
    },
    {
      "type": "Feature",
      "geometry": {
        "type": "Polygon",
        "coordinates": [
          [
            [
              -46.64512549406122,
              -23.554550850443743
            ],
            [
              -46.644946468811355,
              -23.554550850443743
            ],
            [
              -46.644946468811355,
              -23.554765740080835
            ],
            [
              -46.64512549406122,
              -23.554765740080835
            ],
            [
              -46.64512549406122,
              -23.554550850443743
            ]
          ]
        ]
      },
      "properties": {
        "sqlu": "SP-000005",
        "mainAddress": "Rua Napoleao de Barros, 519",
        "inscricaoImobiliaria": "SP-IMO-2024-000005",
        "inscription": "SP-INS-2024000004",
        "setor": "Vila Mariana",
        "quadra": "Q01",
        "lote": "519",
        "cep": "01361200",
        "sourceType": "OFFICIAL_IMPORT",
        "areaTerreno": 474,
        "zoneamento": "MISTO",
        "statusCadastral": "ATIVO",
        "workflowStatus": "APROVADA",
        "isOfficial": true,
        "municipio": "São Paulo",
        "uf": "SP"
      }
    },
    {
      "type": "Feature",
      "geometry": {
        "type": "Polygon",
        "coordinates": [
          [
            [
              -46.645569849004595,
              -23.554764344933464
            ],
            [
              -46.64536667789294,
              -23.554764344933464
            ],
            [
              -46.64536667789294,
              -23.55498023751067
            ],
            [
              -46.645569849004595,
              -23.55498023751067
            ],
            [
              -46.645569849004595,
              -23.554764344933464
            ]
          ]
        ]
      },
      "properties": {
        "sqlu": "SP-000006",
        "mainAddress": "Rua Afonso Celso, 1152",
        "inscricaoImobiliaria": "SP-IMO-2024-000006",
        "inscription": "SP-INS-2024000005",
        "setor": "Bela Vista",
        "quadra": "Q01",
        "lote": "1152",
        "cep": "01337318",
        "sourceType": "OFFICIAL_IMPORT",
        "areaTerreno": 540,
        "zoneamento": "RESIDENCIAL",
        "statusCadastral": "ATIVO",
        "workflowStatus": "APROVADA",
        "isOfficial": true,
        "municipio": "São Paulo",
        "uf": "SP"
      }
    },
    {
      "type": "Feature",
      "geometry": {
        "type": "Polygon",
        "coordinates": [
          [
            [
              -46.64553383159113,
              -23.554864499076828
            ],
            [
              -46.64539217572483,
              -23.554864499076828
            ],
            [
              -46.64539217572483,
              -23.555012086608166
            ],
            [
              -46.64553383159113,
              -23.555012086608166
            ],
            [
              -46.64553383159113,
              -23.554864499076828
            ]
          ]
        ]
      },
      "properties": {
        "sqlu": "SP-000007",
        "mainAddress": "Rua Luis Gois, 1493",
        "inscricaoImobiliaria": "SP-IMO-2024-000007",
        "inscription": "SP-INS-2024000006",
        "setor": "Bela Vista",
        "quadra": "Q01",
        "lote": "1493",
        "cep": "01338979",
        "sourceType": "OFFICIAL_IMPORT",
        "areaTerreno": 258,
        "zoneamento": "RESIDENCIAL",
        "statusCadastral": "ATIVO",
        "workflowStatus": "APROVADA",
        "isOfficial": true,
        "municipio": "São Paulo",
        "uf": "SP"
      }
    },
    {
      "type": "Feature",
      "geometry": {
        "type": "Polygon",
        "coordinates": [
          [
            [
              -46.645668444051445,
              -23.555429027871792
            ],
            [
              -46.645538187190894,
              -23.555429027871792
            ],
            [
              -46.645538187190894,
              -23.555550407602457
            ],
            [
              -46.645668444051445,
              -23.555550407602457
            ],
            [
              -46.645668444051445,
              -23.555429027871792
            ]
          ]
        ]
      },
      "properties": {
        "sqlu": "SP-000008",
        "mainAddress": "Rua Loefgreen, 236",
        "inscricaoImobiliaria": "SP-IMO-2024-000008",
        "inscription": "SP-INS-2024000007",
        "setor": "Jardins",
        "quadra": "Q01",
        "lote": "236",
        "cep": "01370495",
        "sourceType": "OFFICIAL_IMPORT",
        "areaTerreno": 195,
        "zoneamento": "COMERCIAL",
        "statusCadastral": "PENDENTE",
        "workflowStatus": "EM_VALIDACAO",
        "isOfficial": true,
        "municipio": "São Paulo",
        "uf": "SP"
      }
    },
    {
      "type": "Feature",
      "geometry": {
        "type": "Polygon",
        "coordinates": [
          [
            [
              -46.64581284679937,
              -23.555516236187433
            ],
            [
              -46.64567124100145,
              -23.555516236187433
            ],
            [
              -46.64567124100145,
              -23.555767116020068
            ],
            [
              -46.64581284679937,
              -23.555767116020068
            ],
            [
              -46.64581284679937,
              -23.555516236187433
            ]
          ]
        ]
      },
      "properties": {
        "sqlu": "SP-000009",
        "mainAddress": "Rua Haddock Lobo, 2617",
        "inscricaoImobiliaria": "SP-IMO-2024-000009",
        "inscription": "SP-INS-2024000008",
        "setor": "Paraiso",
        "quadra": "Q01",
        "lote": "2617",
        "cep": "01330670",
        "sourceType": "OFFICIAL_IMPORT",
        "areaTerreno": 438,
        "zoneamento": "RESIDENCIAL",
        "statusCadastral": "ATIVO",
        "workflowStatus": "EM_VALIDACAO",
        "isOfficial": true,
        "municipio": "São Paulo",
        "uf": "SP"
      }
    },
    {
      "type": "Feature",
      "geometry": {
        "type": "Polygon",
        "coordinates": [
          [
            [
              -46.645234383991834,
              -23.555796607802172
            ],
            [
              -46.64498968000698,
              -23.555796607802172
            ],
            [
              -46.64498968000698,
              -23.55604075765957
            ],
            [
              -46.645234383991834,
              -23.55604075765957
            ],
            [
              -46.645234383991834,
              -23.555796607802172
            ]
          ]
        ]
      },
      "properties": {
        "sqlu": "SP-000010",
        "mainAddress": "Rua Napoleao de Barros, 2624",
        "inscricaoImobiliaria": "SP-IMO-2024-000010",
        "inscription": "SP-INS-2024000009",
        "setor": "Jardins",
        "quadra": "Q01",
        "lote": "2624",
        "cep": "01322098",
        "sourceType": "OFFICIAL_IMPORT",
        "areaTerreno": 736,
        "zoneamento": "RESIDENCIAL",
        "statusCadastral": "ATIVO",
        "workflowStatus": "EM_VALIDACAO",
        "isOfficial": true,
        "municipio": "São Paulo",
        "uf": "SP"
      }
    },
    {
      "type": "Feature",
      "geometry": {
        "type": "Polygon",
        "coordinates": [
          [
            [
              -46.644510115829355,
              -23.555817859345144
            ],
            [
              -46.64429077130009,
              -23.555817859345144
            ],
            [
              -46.64429077130009,
              -23.555984931092265
            ],
            [
              -46.644510115829355,
              -23.555984931092265
            ],
            [
              -46.644510115829355,
              -23.555817859345144
            ]
          ]
        ]
      },
      "properties": {
        "sqlu": "SP-000011",
        "mainAddress": "Rua Bela Cintra, 1577",
        "inscricaoImobiliaria": "SP-IMO-2024-000011",
        "inscription": "SP-INS-2024000010",
        "setor": "Bela Vista",
        "quadra": "Q01",
        "lote": "1577",
        "cep": "01385544",
        "sourceType": "OFFICIAL_IMPORT",
        "areaTerreno": 452,
        "zoneamento": "RESIDENCIAL",
        "statusCadastral": "ATIVO",
        "workflowStatus": "PENDENTE",
        "isOfficial": true,
        "municipio": "São Paulo",
        "uf": "SP"
      }
    },
    {
      "type": "Feature",
      "geometry": {
        "type": "Polygon",
        "coordinates": [
          [
            [
              -46.64442808447322,
              -23.555810023324238
            ],
            [
              -46.644242210438655,
              -23.555810023324238
            ],
            [
              -46.644242210438655,
              -23.555979595518806
            ],
            [
              -46.64442808447322,
              -23.555979595518806
            ],
            [
              -46.64442808447322,
              -23.555810023324238
            ]
          ]
        ]
      },
      "properties": {
        "sqlu": "SP-000012",
        "mainAddress": "Rua Napoleao de Barros, 347",
        "inscricaoImobiliaria": "SP-IMO-2024-000012",
        "inscription": "SP-INS-2024000011",
        "setor": "Bela Vista",
        "quadra": "Q01",
        "lote": "347",
        "cep": "01384180",
        "sourceType": "OFFICIAL_IMPORT",
        "areaTerreno": 388,
        "zoneamento": "RESIDENCIAL",
        "statusCadastral": "ATIVO",
        "workflowStatus": "APROVADA",
        "isOfficial": true,
        "municipio": "São Paulo",
        "uf": "SP"
      }
    },
    {
      "type": "Feature",
      "geometry": {
        "type": "Polygon",
        "coordinates": [
          [
            [
              -46.644312756589315,
              -23.555315190208354
            ],
            [
              -46.644170208732035,
              -23.555315190208354
            ],
            [
              -46.644170208732035,
              -23.55545038492321
            ],
            [
              -46.644312756589315,
              -23.55545038492321
            ],
            [
              -46.644312756589315,
              -23.555315190208354
            ]
          ]
        ]
      },
      "properties": {
        "sqlu": "SP-000013",
        "mainAddress": "Rua Frei Caneca, 2071",
        "inscricaoImobiliaria": "SP-IMO-2024-000013",
        "inscription": "SP-INS-2024000012",
        "setor": "Paraiso",
        "quadra": "Q01",
        "lote": "2071",
        "cep": "01399891",
        "sourceType": "OFFICIAL_IMPORT",
        "areaTerreno": 237,
        "zoneamento": "RESIDENCIAL",
        "statusCadastral": "ATIVO",
        "workflowStatus": "EM_VALIDACAO",
        "isOfficial": true,
        "municipio": "São Paulo",
        "uf": "SP"
      }
    },
    {
      "type": "Feature",
      "geometry": {
        "type": "Polygon",
        "coordinates": [
          [
            [
              -46.64371936134217,
              -23.55452893819025
            ],
            [
              -46.64357319674447,
              -23.55452893819025
            ],
            [
              -46.64357319674447,
              -23.55470689218875
            ],
            [
              -46.64371936134217,
              -23.55470689218875
            ],
            [
              -46.64371936134217,
              -23.55452893819025
            ]
          ]
        ]
      },
      "properties": {
        "sqlu": "SP-000014",
        "mainAddress": "Rua Domingos de Morais, 649",
        "inscricaoImobiliaria": "SP-IMO-2024-000014",
        "inscription": "SP-INS-2024000013",
        "setor": "Vila Mariana",
        "quadra": "Q01",
        "lote": "649",
        "cep": "01364743",
        "sourceType": "OFFICIAL_IMPORT",
        "areaTerreno": 320,
        "zoneamento": "RESIDENCIAL",
        "statusCadastral": "ATIVO",
        "workflowStatus": "PENDENTE",
        "isOfficial": true,
        "municipio": "São Paulo",
        "uf": "SP"
      }
    },
    {
      "type": "Feature",
      "geometry": {
        "type": "Polygon",
        "coordinates": [
          [
            [
              -46.64330456021272,
              -23.55355068777977
            ],
            [
              -46.6430796267888,
              -23.55355068777977
            ],
            [
              -46.6430796267888,
              -23.553744759454812
            ],
            [
              -46.64330456021272,
              -23.553744759454812
            ],
            [
              -46.64330456021272,
              -23.55355068777977
            ]
          ]
        ]
      },
      "properties": {
        "sqlu": "SP-000015",
        "mainAddress": "Rua Peixoto Gomide, 1713",
        "inscricaoImobiliaria": "SP-IMO-2024-000015",
        "inscription": "SP-INS-2024000014",
        "setor": "Bela Vista",
        "quadra": "Q01",
        "lote": "1713",
        "cep": "01320978",
        "sourceType": "OFFICIAL_IMPORT",
        "areaTerreno": 538,
        "zoneamento": "RESIDENCIAL",
        "statusCadastral": "ATIVO",
        "workflowStatus": "PENDENTE",
        "isOfficial": true,
        "municipio": "São Paulo",
        "uf": "SP"
      }
    },
    {
      "type": "Feature",
      "geometry": {
        "type": "Polygon",
        "coordinates": [
          [
            [
              -46.64414114554532,
              -23.55336756605803
            ],
            [
              -46.64401879317325,
              -23.55336756605803
            ],
            [
              -46.64401879317325,
              -23.553561327642427
            ],
            [
              -46.64414114554532,
              -23.553561327642427
            ],
            [
              -46.64414114554532,
              -23.55336756605803
            ]
          ]
        ]
      },
      "properties": {
        "sqlu": "SP-000016",
        "mainAddress": "Rua Coronel Oscar Porto, 1791",
        "inscricaoImobiliaria": "SP-IMO-2024-000016",
        "inscription": "SP-INS-2024000015",
        "setor": "Bela Vista",
        "quadra": "Q01",
        "lote": "1791",
        "cep": "01395636",
        "sourceType": "OFFICIAL_IMPORT",
        "areaTerreno": 292,
        "zoneamento": "RESIDENCIAL",
        "statusCadastral": "ATIVO",
        "workflowStatus": "EM_VALIDACAO",
        "isOfficial": true,
        "municipio": "São Paulo",
        "uf": "SP"
      }
    },
    {
      "type": "Feature",
      "geometry": {
        "type": "Polygon",
        "coordinates": [
          [
            [
              -46.64523524295316,
              -23.554092093470388
            ],
            [
              -46.64512246774297,
              -23.554092093470388
            ],
            [
              -46.64512246774297,
              -23.554235999042508
            ],
            [
              -46.64523524295316,
              -23.554235999042508
            ],
            [
              -46.64523524295316,
              -23.554092093470388
            ]
          ]
        ]
      },
      "properties": {
        "sqlu": "SP-000017",
        "mainAddress": "Rua Joaquim Tavora, 1306",
        "inscricaoImobiliaria": "SP-IMO-2024-000017",
        "inscription": "SP-INS-2024000016",
        "setor": "Consolacao",
        "quadra": "Q01",
        "lote": "1306",
        "cep": "01301549",
        "sourceType": "OFFICIAL_IMPORT",
        "areaTerreno": 200,
        "zoneamento": "MISTO",
        "statusCadastral": "ATIVO",
        "workflowStatus": "APROVADA",
        "isOfficial": true,
        "municipio": "São Paulo",
        "uf": "SP"
      }
    },
    {
      "type": "Feature",
      "geometry": {
        "type": "Polygon",
        "coordinates": [
          [
            [
              -46.6457989901378,
              -23.554234655243164
            ],
            [
              -46.645554962700935,
              -23.554234655243164
            ],
            [
              -46.645554962700935,
              -23.554510585489158
            ],
            [
              -46.6457989901378,
              -23.554510585489158
            ],
            [
              -46.6457989901378,
              -23.554234655243164
            ]
          ]
        ]
      },
      "properties": {
        "sqlu": "SP-000018",
        "mainAddress": "Avenida Paulista, 346",
        "inscricaoImobiliaria": "SP-IMO-2024-000018",
        "inscription": "SP-INS-2024000017",
        "setor": "Vila Mariana",
        "quadra": "Q01",
        "lote": "346",
        "cep": "01364617",
        "sourceType": "OFFICIAL_IMPORT",
        "areaTerreno": 830,
        "zoneamento": "RESIDENCIAL",
        "statusCadastral": "ATIVO",
        "workflowStatus": "APROVADA",
        "isOfficial": true,
        "municipio": "São Paulo",
        "uf": "SP"
      }
    },
    {
      "type": "Feature",
      "geometry": {
        "type": "Polygon",
        "coordinates": [
          [
            [
              -46.64761845483399,
              -23.5543505915647
            ],
            [
              -46.647471101551886,
              -23.5543505915647
            ],
            [
              -46.647471101551886,
              -23.55452003691675
            ],
            [
              -46.64761845483399,
              -23.55452003691675
            ],
            [
              -46.64761845483399,
              -23.5543505915647
            ]
          ]
        ]
      },
      "properties": {
        "sqlu": "SP-000019",
        "mainAddress": "Rua Abilio Soares, 437",
        "inscricaoImobiliaria": "SP-IMO-2024-000019",
        "inscription": "SP-INS-2024000018",
        "setor": "Vila Mariana",
        "quadra": "Q01",
        "lote": "437",
        "cep": "01394582",
        "sourceType": "OFFICIAL_IMPORT",
        "areaTerreno": 308,
        "zoneamento": "COMERCIAL",
        "statusCadastral": "ATIVO",
        "workflowStatus": "APROVADA",
        "isOfficial": true,
        "municipio": "São Paulo",
        "uf": "SP"
      }
    },
    {
      "type": "Feature",
      "geometry": {
        "type": "Polygon",
        "coordinates": [
          [
            [
              -46.64629915875007,
              -23.555111535931648
            ],
            [
              -46.64614991718143,
              -23.555111535931648
            ],
            [
              -46.64614991718143,
              -23.555342712371697
            ],
            [
              -46.64629915875007,
              -23.555342712371697
            ],
            [
              -46.64629915875007,
              -23.555111535931648
            ]
          ]
        ]
      },
      "properties": {
        "sqlu": "SP-000020",
        "mainAddress": "Rua Afonso Celso, 1386",
        "inscricaoImobiliaria": "SP-IMO-2024-000020",
        "inscription": "SP-INS-2024000019",
        "setor": "Cerqueira Cesar",
        "quadra": "Q01",
        "lote": "1386",
        "cep": "01310362",
        "sourceType": "OFFICIAL_IMPORT",
        "areaTerreno": 425,
        "zoneamento": "COMERCIAL",
        "statusCadastral": "ATIVO",
        "workflowStatus": "APROVADA",
        "isOfficial": true,
        "municipio": "São Paulo",
        "uf": "SP"
      }
    },
    {
      "type": "Feature",
      "geometry": {
        "type": "Polygon",
        "coordinates": [
          [
            [
              -46.64715731443029,
              -23.556037581748992
            ],
            [
              -46.64688575540221,
              -23.556037581748992
            ],
            [
              -46.64688575540221,
              -23.556188109411668
            ],
            [
              -46.64715731443029,
              -23.556188109411668
            ],
            [
              -46.64715731443029,
              -23.556037581748992
            ]
          ]
        ]
      },
      "properties": {
        "sqlu": "SP-000021",
        "mainAddress": "Rua Peixoto Gomide, 2144",
        "inscricaoImobiliaria": "SP-IMO-2024-000021",
        "inscription": "SP-INS-2024000020",
        "setor": "Cerqueira Cesar",
        "quadra": "Q02",
        "lote": "2144",
        "cep": "01393424",
        "sourceType": "OFFICIAL_IMPORT",
        "areaTerreno": 504,
        "zoneamento": "MISTO",
        "statusCadastral": "ATIVO",
        "workflowStatus": "EM_VALIDACAO",
        "isOfficial": true,
        "municipio": "São Paulo",
        "uf": "SP"
      }
    },
    {
      "type": "Feature",
      "geometry": {
        "type": "Polygon",
        "coordinates": [
          [
            [
              -46.646132643258085,
              -23.557839350416806
            ],
            [
              -46.64598565473931,
              -23.557839350416806
            ],
            [
              -46.64598565473931,
              -23.558005680624646
            ],
            [
              -46.646132643258085,
              -23.558005680624646
            ],
            [
              -46.646132643258085,
              -23.557839350416806
            ]
          ]
        ]
      },
      "properties": {
        "sqlu": "SP-000022",
        "mainAddress": "Alameda Santos, 2159",
        "inscricaoImobiliaria": "SP-IMO-2024-000022",
        "inscription": "SP-INS-2024000021",
        "setor": "Paraiso",
        "quadra": "Q02",
        "lote": "2159",
        "cep": "01388755",
        "sourceType": "OFFICIAL_IMPORT",
        "areaTerreno": 301,
        "zoneamento": "RESIDENCIAL",
        "statusCadastral": "ATIVO",
        "workflowStatus": "APROVADA",
        "isOfficial": true,
        "municipio": "São Paulo",
        "uf": "SP"
      }
    },
    {
      "type": "Feature",
      "geometry": {
        "type": "Polygon",
        "coordinates": [
          [
            [
              -46.64498925395278,
              -23.55839988198679
            ],
            [
              -46.64474244497501,
              -23.55839988198679
            ],
            [
              -46.64474244497501,
              -23.558657454342
            ],
            [
              -46.64498925395278,
              -23.558657454342
            ],
            [
              -46.64498925395278,
              -23.55839988198679
            ]
          ]
        ]
      },
      "properties": {
        "sqlu": "SP-000023",
        "mainAddress": "Rua Borges Lagoa, 838",
        "inscricaoImobiliaria": "SP-IMO-2024-000023",
        "inscription": "SP-INS-2024000022",
        "setor": "Consolacao",
        "quadra": "Q02",
        "lote": "838",
        "cep": "01351067",
        "sourceType": "OFFICIAL_IMPORT",
        "areaTerreno": 783,
        "zoneamento": "COMERCIAL",
        "statusCadastral": "ATIVO",
        "workflowStatus": "APROVADA",
        "isOfficial": true,
        "municipio": "São Paulo",
        "uf": "SP"
      }
    },
    {
      "type": "Feature",
      "geometry": {
        "type": "Polygon",
        "coordinates": [
          [
            [
              -46.64329676192977,
              -23.556194987888937
            ],
            [
              -46.643019204008326,
              -23.556194987888937
            ],
            [
              -46.643019204008326,
              -23.55630216869609
            ],
            [
              -46.64329676192977,
              -23.55630216869609
            ],
            [
              -46.64329676192977,
              -23.556194987888937
            ]
          ]
        ]
      },
      "properties": {
        "sqlu": "SP-000024",
        "mainAddress": "Rua Napoleao de Barros, 1117",
        "inscricaoImobiliaria": "SP-IMO-2024-000024",
        "inscription": "SP-INS-2024000023",
        "setor": "Jardins",
        "quadra": "Q02",
        "lote": "1117",
        "cep": "01366304",
        "sourceType": "OFFICIAL_IMPORT",
        "areaTerreno": 367,
        "zoneamento": "COMERCIAL",
        "statusCadastral": "ATIVO",
        "workflowStatus": "APROVADA",
        "isOfficial": true,
        "municipio": "São Paulo",
        "uf": "SP"
      }
    },
    {
      "type": "Feature",
      "geometry": {
        "type": "Polygon",
        "coordinates": [
          [
            [
              -46.642965307308096,
              -23.556112647094817
            ],
            [
              -46.64268452785639,
              -23.556112647094817
            ],
            [
              -46.64268452785639,
              -23.55624213724523
            ],
            [
              -46.642965307308096,
              -23.55624213724523
            ],
            [
              -46.642965307308096,
              -23.556112647094817
            ]
          ]
        ]
      },
      "properties": {
        "sqlu": "SP-000025",
        "mainAddress": "Rua Estados Unidos, 2835",
        "inscricaoImobiliaria": "SP-IMO-2024-000025",
        "inscription": "SP-INS-2024000024",
        "setor": "Paraiso",
        "quadra": "Q02",
        "lote": "2835",
        "cep": "01399771",
        "sourceType": "OFFICIAL_IMPORT",
        "areaTerreno": 448,
        "zoneamento": "RESIDENCIAL",
        "statusCadastral": "ATIVO",
        "workflowStatus": "APROVADA",
        "isOfficial": true,
        "municipio": "São Paulo",
        "uf": "SP"
      }
    },
    {
      "type": "Feature",
      "geometry": {
        "type": "Polygon",
        "coordinates": [
          [
            [
              -46.64194205044068,
              -23.555106560091236
            ],
            [
              -46.64168148896336,
              -23.555106560091236
            ],
            [
              -46.64168148896336,
              -23.55520964968218
            ],
            [
              -46.64194205044068,
              -23.55520964968218
            ],
            [
              -46.64194205044068,
              -23.555106560091236
            ]
          ]
        ]
      },
      "properties": {
        "sqlu": "SP-000026",
        "mainAddress": "Rua Padre Joao Manuel, 1771",
        "inscricaoImobiliaria": "SP-IMO-2024-000026",
        "inscription": "SP-INS-2024000025",
        "setor": "Cerqueira Cesar",
        "quadra": "Q02",
        "lote": "1771",
        "cep": "01341813",
        "sourceType": "OFFICIAL_IMPORT",
        "areaTerreno": 331,
        "zoneamento": "RESIDENCIAL",
        "statusCadastral": "ATIVO",
        "workflowStatus": "APROVADA",
        "isOfficial": true,
        "municipio": "São Paulo",
        "uf": "SP"
      }
    },
    {
      "type": "Feature",
      "geometry": {
        "type": "Polygon",
        "coordinates": [
          [
            [
              -46.64296898726575,
              -23.55361014369243
            ],
            [
              -46.64275643203731,
              -23.55361014369243
            ],
            [
              -46.64275643203731,
              -23.553782374207504
            ],
            [
              -46.64296898726575,
              -23.553782374207504
            ],
            [
              -46.64296898726575,
              -23.55361014369243
            ]
          ]
        ]
      },
      "properties": {
        "sqlu": "SP-000027",
        "mainAddress": "Rua Domingos de Morais, 2393",
        "inscricaoImobiliaria": "SP-IMO-2024-000027",
        "inscription": "SP-INS-2024000026",
        "setor": "Consolacao",
        "quadra": "Q02",
        "lote": "2393",
        "cep": "01381096",
        "sourceType": "OFFICIAL_IMPORT",
        "areaTerreno": 451,
        "zoneamento": "RESIDENCIAL",
        "statusCadastral": "PENDENTE",
        "workflowStatus": "EM_VALIDACAO",
        "isOfficial": true,
        "municipio": "São Paulo",
        "uf": "SP"
      }
    },
    {
      "type": "Feature",
      "geometry": {
        "type": "Polygon",
        "coordinates": [
          [
            [
              -46.642719539897044,
              -23.552825096462296
            ],
            [
              -46.64251382757304,
              -23.552825096462296
            ],
            [
              -46.64251382757304,
              -23.552926058574457
            ],
            [
              -46.642719539897044,
              -23.552926058574457
            ],
            [
              -46.642719539897044,
              -23.552825096462296
            ]
          ]
        ]
      },
      "properties": {
        "sqlu": "SP-000028",
        "mainAddress": "Alameda Jau, 250",
        "inscricaoImobiliaria": "SP-IMO-2024-000028",
        "inscription": "SP-INS-2024000027",
        "setor": "Cerqueira Cesar",
        "quadra": "Q02",
        "lote": "250",
        "cep": "01338319",
        "sourceType": "OFFICIAL_IMPORT",
        "areaTerreno": 256,
        "zoneamento": "RESIDENCIAL",
        "statusCadastral": "ATIVO",
        "workflowStatus": "APROVADA",
        "isOfficial": true,
        "municipio": "São Paulo",
        "uf": "SP"
      }
    },
    {
      "type": "Feature",
      "geometry": {
        "type": "Polygon",
        "coordinates": [
          [
            [
              -46.64448082600439,
              -23.55058596078672
            ],
            [
              -46.64431033844797,
              -23.55058596078672
            ],
            [
              -46.64431033844797,
              -23.550754800789555
            ],
            [
              -46.64448082600439,
              -23.550754800789555
            ],
            [
              -46.64448082600439,
              -23.55058596078672
            ]
          ]
        ]
      },
      "properties": {
        "sqlu": "SP-000029",
        "mainAddress": "Rua Vergueiro, 25",
        "inscricaoImobiliaria": "SP-IMO-2024-000029",
        "inscription": "SP-INS-2024000028",
        "setor": "Paraiso",
        "quadra": "Q02",
        "lote": "25",
        "cep": "01367892",
        "sourceType": "OFFICIAL_IMPORT",
        "areaTerreno": 355,
        "zoneamento": "MISTO",
        "statusCadastral": "ATIVO",
        "workflowStatus": "APROVADA",
        "isOfficial": true,
        "municipio": "São Paulo",
        "uf": "SP"
      }
    },
    {
      "type": "Feature",
      "geometry": {
        "type": "Polygon",
        "coordinates": [
          [
            [
              -46.64645381659894,
              -23.551998011436112
            ],
            [
              -46.646213006182364,
              -23.551998011436112
            ],
            [
              -46.646213006182364,
              -23.55222972236083
            ],
            [
              -46.64645381659894,
              -23.55222972236083
            ],
            [
              -46.64645381659894,
              -23.551998011436112
            ]
          ]
        ]
      },
      "properties": {
        "sqlu": "SP-000030",
        "mainAddress": "Rua Domingos Leme, 1642",
        "inscricaoImobiliaria": "SP-IMO-2024-000030",
        "inscription": "SP-INS-2024000029",
        "setor": "Jardins",
        "quadra": "Q02",
        "lote": "1642",
        "cep": "01341927",
        "sourceType": "OFFICIAL_IMPORT",
        "areaTerreno": 687,
        "zoneamento": "RESIDENCIAL",
        "statusCadastral": "ATIVO",
        "workflowStatus": "APROVADA",
        "isOfficial": true,
        "municipio": "São Paulo",
        "uf": "SP"
      }
    },
    {
      "type": "Feature",
      "geometry": {
        "type": "Polygon",
        "coordinates": [
          [
            [
              -46.64787733374844,
              -23.553147901439186
            ],
            [
              -46.647687543601066,
              -23.553147901439186
            ],
            [
              -46.647687543601066,
              -23.553389855113565
            ],
            [
              -46.64787733374844,
              -23.553389855113565
            ],
            [
              -46.64787733374844,
              -23.553147901439186
            ]
          ]
        ]
      },
      "properties": {
        "sqlu": "SP-000031",
        "mainAddress": "Rua Peixoto Gomide, 1424",
        "inscricaoImobiliaria": "SP-IMO-2024-000031",
        "inscription": "SP-INS-2024000030",
        "setor": "Consolacao",
        "quadra": "Q02",
        "lote": "1424",
        "cep": "01320872",
        "sourceType": "OFFICIAL_IMPORT",
        "areaTerreno": 566,
        "zoneamento": "MISTO",
        "statusCadastral": "ATIVO",
        "workflowStatus": "APROVADA",
        "isOfficial": true,
        "municipio": "São Paulo",
        "uf": "SP"
      }
    },
    {
      "type": "Feature",
      "geometry": {
        "type": "Polygon",
        "coordinates": [
          [
            [
              -46.64969803183657,
              -23.55441876539466
            ],
            [
              -46.64945024843615,
              -23.55441876539466
            ],
            [
              -46.64945024843615,
              -23.554659861612947
            ],
            [
              -46.64969803183657,
              -23.554659861612947
            ],
            [
              -46.64969803183657,
              -23.55441876539466
            ]
          ]
        ]
      },
      "properties": {
        "sqlu": "SP-000032",
        "mainAddress": "Rua Estados Unidos, 326",
        "inscricaoImobiliaria": "SP-IMO-2024-000032",
        "inscription": "SP-INS-2024000031",
        "setor": "Jardins",
        "quadra": "Q02",
        "lote": "326",
        "cep": "01355907",
        "sourceType": "OFFICIAL_IMPORT",
        "areaTerreno": 736,
        "zoneamento": "RESIDENCIAL",
        "statusCadastral": "ATIVO",
        "workflowStatus": "APROVADA",
        "isOfficial": true,
        "municipio": "São Paulo",
        "uf": "SP"
      }
    },
    {
      "type": "Feature",
      "geometry": {
        "type": "Polygon",
        "coordinates": [
          [
            [
              -46.64836942809361,
              -23.556414063791966
            ],
            [
              -46.648267210336286,
              -23.556414063791966
            ],
            [
              -46.648267210336286,
              -23.556569481322754
            ],
            [
              -46.64836942809361,
              -23.556569481322754
            ],
            [
              -46.64836942809361,
              -23.556414063791966
            ]
          ]
        ]
      },
      "properties": {
        "sqlu": "SP-000033",
        "mainAddress": "Rua Napoleao de Barros, 1019",
        "inscricaoImobiliaria": "SP-IMO-2024-000033",
        "inscription": "SP-INS-2024000032",
        "setor": "Jardins",
        "quadra": "Q02",
        "lote": "1019",
        "cep": "01359870",
        "sourceType": "OFFICIAL_IMPORT",
        "areaTerreno": 196,
        "zoneamento": "MISTO",
        "statusCadastral": "ATIVO",
        "workflowStatus": "APROVADA",
        "isOfficial": true,
        "municipio": "São Paulo",
        "uf": "SP"
      }
    },
    {
      "type": "Feature",
      "geometry": {
        "type": "Polygon",
        "coordinates": [
          [
            [
              -46.64640871592086,
              -23.557692789245873
            ],
            [
              -46.64614948406013,
              -23.557692789245873
            ],
            [
              -46.64614948406013,
              -23.557933606981532
            ],
            [
              -46.64640871592086,
              -23.557933606981532
            ],
            [
              -46.64640871592086,
              -23.557692789245873
            ]
          ]
        ]
      },
      "properties": {
        "sqlu": "SP-000034",
        "mainAddress": "Rua Maestro Cardim, 1748",
        "inscricaoImobiliaria": "SP-IMO-2024-000034",
        "inscription": "SP-INS-2024000033",
        "setor": "Bela Vista",
        "quadra": "Q02",
        "lote": "1748",
        "cep": "01327100",
        "sourceType": "OFFICIAL_IMPORT",
        "areaTerreno": 769,
        "zoneamento": "RESIDENCIAL",
        "statusCadastral": "ATIVO",
        "workflowStatus": "APROVADA",
        "isOfficial": true,
        "municipio": "São Paulo",
        "uf": "SP"
      }
    },
    {
      "type": "Feature",
      "geometry": {
        "type": "Polygon",
        "coordinates": [
          [
            [
              -46.64594550725982,
              -23.5573935843625
            ],
            [
              -46.64565135715192,
              -23.5573935843625
            ],
            [
              -46.64565135715192,
              -23.557628336883973
            ],
            [
              -46.64594550725982,
              -23.557628336883973
            ],
            [
              -46.64594550725982,
              -23.5573935843625
            ]
          ]
        ]
      },
      "properties": {
        "sqlu": "SP-000035",
        "mainAddress": "Avenida Paulista, 1720",
        "inscricaoImobiliaria": "SP-IMO-2024-000035",
        "inscription": "SP-INS-2024000034",
        "setor": "Jardins",
        "quadra": "Q02",
        "lote": "1720",
        "cep": "01352699",
        "sourceType": "OFFICIAL_IMPORT",
        "areaTerreno": 851,
        "zoneamento": "RESIDENCIAL",
        "statusCadastral": "ATIVO",
        "workflowStatus": "EM_VALIDACAO",
        "isOfficial": true,
        "municipio": "São Paulo",
        "uf": "SP"
      }
    },
    {
      "type": "Feature",
      "geometry": {
        "type": "Polygon",
        "coordinates": [
          [
            [
              -46.64453714131866,
              -23.557884696458437
            ],
            [
              -46.64431316650031,
              -23.557884696458437
            ],
            [
              -46.64431316650031,
              -23.55809254193994
            ],
            [
              -46.64453714131866,
              -23.55809254193994
            ],
            [
              -46.64453714131866,
              -23.557884696458437
            ]
          ]
        ]
      },
      "properties": {
        "sqlu": "SP-000036",
        "mainAddress": "Rua Afonso Celso, 1964",
        "inscricaoImobiliaria": "SP-IMO-2024-000036",
        "inscription": "SP-INS-2024000035",
        "setor": "Jardins",
        "quadra": "Q02",
        "lote": "1964",
        "cep": "01367419",
        "sourceType": "OFFICIAL_IMPORT",
        "areaTerreno": 574,
        "zoneamento": "RESIDENCIAL",
        "statusCadastral": "ATIVO",
        "workflowStatus": "APROVADA",
        "isOfficial": true,
        "municipio": "São Paulo",
        "uf": "SP"
      }
    },
    {
      "type": "Feature",
      "geometry": {
        "type": "Polygon",
        "coordinates": [
          [
            [
              -46.64183107898621,
              -23.556869990195256
            ],
            [
              -46.64168656335593,
              -23.556869990195256
            ],
            [
              -46.64168656335593,
              -23.557084849050213
            ],
            [
              -46.64183107898621,
              -23.557084849050213
            ],
            [
              -46.64183107898621,
              -23.556869990195256
            ]
          ]
        ]
      },
      "properties": {
        "sqlu": "SP-000037",
        "mainAddress": "Rua Frei Caneca, 2221",
        "inscricaoImobiliaria": "SP-IMO-2024-000037",
        "inscription": "SP-INS-2024000036",
        "setor": "Cerqueira Cesar",
        "quadra": "Q02",
        "lote": "2221",
        "cep": "01377416",
        "sourceType": "OFFICIAL_IMPORT",
        "areaTerreno": 383,
        "zoneamento": "RESIDENCIAL",
        "statusCadastral": "ATIVO",
        "workflowStatus": "APROVADA",
        "isOfficial": true,
        "municipio": "São Paulo",
        "uf": "SP"
      }
    },
    {
      "type": "Feature",
      "geometry": {
        "type": "Polygon",
        "coordinates": [
          [
            [
              -46.641241689558306,
              -23.556815150516872
            ],
            [
              -46.64097024496289,
              -23.556815150516872
            ],
            [
              -46.64097024496289,
              -23.55695421578724
            ],
            [
              -46.641241689558306,
              -23.55695421578724
            ],
            [
              -46.641241689558306,
              -23.556815150516872
            ]
          ]
        ]
      },
      "properties": {
        "sqlu": "SP-000038",
        "mainAddress": "Rua Haddock Lobo, 1493",
        "inscricaoImobiliaria": "SP-IMO-2024-000038",
        "inscription": "SP-INS-2024000037",
        "setor": "Cerqueira Cesar",
        "quadra": "Q02",
        "lote": "1493",
        "cep": "01397916",
        "sourceType": "OFFICIAL_IMPORT",
        "areaTerreno": 465,
        "zoneamento": "RESIDENCIAL",
        "statusCadastral": "ATIVO",
        "workflowStatus": "EM_VALIDACAO",
        "isOfficial": true,
        "municipio": "São Paulo",
        "uf": "SP"
      }
    },
    {
      "type": "Feature",
      "geometry": {
        "type": "Polygon",
        "coordinates": [
          [
            [
              -46.64264302106589,
              -23.554359894355773
            ],
            [
              -46.642405722766604,
              -23.554359894355773
            ],
            [
              -46.642405722766604,
              -23.55456208520162
            ],
            [
              -46.64264302106589,
              -23.55456208520162
            ],
            [
              -46.64264302106589,
              -23.554359894355773
            ]
          ]
        ]
      },
      "properties": {
        "sqlu": "SP-000039",
        "mainAddress": "Rua Augusta, 200",
        "inscricaoImobiliaria": "SP-IMO-2024-000039",
        "inscription": "SP-INS-2024000038",
        "setor": "Consolacao",
        "quadra": "Q02",
        "lote": "200",
        "cep": "01329310",
        "sourceType": "OFFICIAL_IMPORT",
        "areaTerreno": 591,
        "zoneamento": "MISTO",
        "statusCadastral": "ATIVO",
        "workflowStatus": "APROVADA",
        "isOfficial": true,
        "municipio": "São Paulo",
        "uf": "SP"
      }
    },
    {
      "type": "Feature",
      "geometry": {
        "type": "Polygon",
        "coordinates": [
          [
            [
              -46.64131059083252,
              -23.551440981370053
            ],
            [
              -46.64104110374737,
              -23.551440981370053
            ],
            [
              -46.64104110374737,
              -23.55154446676828
            ],
            [
              -46.64131059083252,
              -23.55154446676828
            ],
            [
              -46.64131059083252,
              -23.551440981370053
            ]
          ]
        ]
      },
      "properties": {
        "sqlu": "SP-000040",
        "mainAddress": "Rua Afonso Celso, 1219",
        "inscricaoImobiliaria": "SP-IMO-2024-000040",
        "inscription": "SP-INS-2024000039",
        "setor": "Cerqueira Cesar",
        "quadra": "Q02",
        "lote": "1219",
        "cep": "01312289",
        "sourceType": "OFFICIAL_IMPORT",
        "areaTerreno": 344,
        "zoneamento": "COMERCIAL",
        "statusCadastral": "ATIVO",
        "workflowStatus": "EM_VALIDACAO",
        "isOfficial": true,
        "municipio": "São Paulo",
        "uf": "SP"
      }
    },
    {
      "type": "Feature",
      "geometry": {
        "type": "Polygon",
        "coordinates": [
          [
            [
              -46.643025228363456,
              -23.55137919417048
            ],
            [
              -46.64290393429901,
              -23.55137919417048
            ],
            [
              -46.64290393429901,
              -23.551539881477684
            ],
            [
              -46.643025228363456,
              -23.551539881477684
            ],
            [
              -46.643025228363456,
              -23.55137919417048
            ]
          ]
        ]
      },
      "properties": {
        "sqlu": "SP-000041",
        "mainAddress": "Rua Afonso Celso, 1059",
        "inscricaoImobiliaria": "SP-IMO-2024-000041",
        "inscription": "SP-INS-2024000040",
        "setor": "Vila Mariana",
        "quadra": "Q03",
        "lote": "1059",
        "cep": "01358358",
        "sourceType": "OFFICIAL_IMPORT",
        "areaTerreno": 240,
        "zoneamento": "RESIDENCIAL",
        "statusCadastral": "ATIVO",
        "workflowStatus": "APROVADA",
        "isOfficial": true,
        "municipio": "São Paulo",
        "uf": "SP"
      }
    },
    {
      "type": "Feature",
      "geometry": {
        "type": "Polygon",
        "coordinates": [
          [
            [
              -46.64519226341929,
              -23.55079574360827
            ],
            [
              -46.644922315016004,
              -23.55079574360827
            ],
            [
              -46.644922315016004,
              -23.55095104212483
            ],
            [
              -46.64519226341929,
              -23.55095104212483
            ],
            [
              -46.64519226341929,
              -23.55079574360827
            ]
          ]
        ]
      },
      "properties": {
        "sqlu": "SP-000042",
        "mainAddress": "Rua Peixoto Gomide, 848",
        "inscricaoImobiliaria": "SP-IMO-2024-000042",
        "inscription": "SP-INS-2024000041",
        "setor": "Consolacao",
        "quadra": "Q03",
        "lote": "848",
        "cep": "01398745",
        "sourceType": "OFFICIAL_IMPORT",
        "areaTerreno": 517,
        "zoneamento": "RESIDENCIAL",
        "statusCadastral": "ATIVO",
        "workflowStatus": "APROVADA",
        "isOfficial": true,
        "municipio": "São Paulo",
        "uf": "SP"
      }
    },
    {
      "type": "Feature",
      "geometry": {
        "type": "Polygon",
        "coordinates": [
          [
            [
              -46.6476951426489,
              -23.54975255001353
            ],
            [
              -46.64745242331416,
              -23.54975255001353
            ],
            [
              -46.64745242331416,
              -23.549921076020574
            ],
            [
              -46.6476951426489,
              -23.549921076020574
            ],
            [
              -46.6476951426489,
              -23.54975255001353
            ]
          ]
        ]
      },
      "properties": {
        "sqlu": "SP-000043",
        "mainAddress": "Rua Maria Figueiredo, 640",
        "inscricaoImobiliaria": "SP-IMO-2024-000043",
        "inscription": "SP-INS-2024000042",
        "setor": "Cerqueira Cesar",
        "quadra": "Q03",
        "lote": "640",
        "cep": "01389183",
        "sourceType": "OFFICIAL_IMPORT",
        "areaTerreno": 504,
        "zoneamento": "RESIDENCIAL",
        "statusCadastral": "ATIVO",
        "workflowStatus": "APROVADA",
        "isOfficial": true,
        "municipio": "São Paulo",
        "uf": "SP"
      }
    },
    {
      "type": "Feature",
      "geometry": {
        "type": "Polygon",
        "coordinates": [
          [
            [
              -46.64894190895107,
              -23.553624753840598
            ],
            [
              -46.6487420269172,
              -23.553624753840598
            ],
            [
              -46.6487420269172,
              -23.55390316479373
            ],
            [
              -46.64894190895107,
              -23.55390316479373
            ],
            [
              -46.64894190895107,
              -23.553624753840598
            ]
          ]
        ]
      },
      "properties": {
        "sqlu": "SP-000044",
        "mainAddress": "Rua Domingos Leme, 2666",
        "inscricaoImobiliaria": "SP-IMO-2024-000044",
        "inscription": "SP-INS-2024000043",
        "setor": "Bela Vista",
        "quadra": "Q03",
        "lote": "2666",
        "cep": "01318747",
        "sourceType": "OFFICIAL_IMPORT",
        "areaTerreno": 686,
        "zoneamento": "RESIDENCIAL",
        "statusCadastral": "ATIVO",
        "workflowStatus": "APROVADA",
        "isOfficial": true,
        "municipio": "São Paulo",
        "uf": "SP"
      }
    },
    {
      "type": "Feature",
      "geometry": {
        "type": "Polygon",
        "coordinates": [
          [
            [
              -46.649285311673886,
              -23.555044462801725
            ],
            [
              -46.649064351119115,
              -23.555044462801725
            ],
            [
              -46.649064351119115,
              -23.555290080685307
            ],
            [
              -46.649285311673886,
              -23.555290080685307
            ],
            [
              -46.649285311673886,
              -23.555044462801725
            ]
          ]
        ]
      },
      "properties": {
        "sqlu": "SP-000045",
        "mainAddress": "Rua Afonso Celso, 2696",
        "inscricaoImobiliaria": "SP-IMO-2024-000045",
        "inscription": "SP-INS-2024000044",
        "setor": "Vila Mariana",
        "quadra": "Q03",
        "lote": "2696",
        "cep": "01367781",
        "sourceType": "OFFICIAL_IMPORT",
        "areaTerreno": 669,
        "zoneamento": "RESIDENCIAL",
        "statusCadastral": "ATIVO",
        "workflowStatus": "APROVADA",
        "isOfficial": true,
        "municipio": "São Paulo",
        "uf": "SP"
      }
    },
    {
      "type": "Feature",
      "geometry": {
        "type": "Polygon",
        "coordinates": [
          [
            [
              -46.64854324564872,
              -23.557038413698763
            ],
            [
              -46.64825416598732,
              -23.557038413698763
            ],
            [
              -46.64825416598732,
              -23.557139079591536
            ],
            [
              -46.64854324564872,
              -23.557139079591536
            ],
            [
              -46.64854324564872,
              -23.557038413698763
            ]
          ]
        ]
      },
      "properties": {
        "sqlu": "SP-000046",
        "mainAddress": "Rua Loefgreen, 919",
        "inscricaoImobiliaria": "SP-IMO-2024-000046",
        "inscription": "SP-INS-2024000045",
        "setor": "Jardins",
        "quadra": "Q03",
        "lote": "919",
        "cep": "01373196",
        "sourceType": "OFFICIAL_IMPORT",
        "areaTerreno": 359,
        "zoneamento": "COMERCIAL",
        "statusCadastral": "ATIVO",
        "workflowStatus": "APROVADA",
        "isOfficial": true,
        "municipio": "São Paulo",
        "uf": "SP"
      }
    },
    {
      "type": "Feature",
      "geometry": {
        "type": "Polygon",
        "coordinates": [
          [
            [
              -46.647156351966025,
              -23.5590604975906
            ],
            [
              -46.64692336390632,
              -23.5590604975906
            ],
            [
              -46.64692336390632,
              -23.55921736587229
            ],
            [
              -46.647156351966025,
              -23.55921736587229
            ],
            [
              -46.647156351966025,
              -23.5590604975906
            ]
          ]
        ]
      },
      "properties": {
        "sqlu": "SP-000047",
        "mainAddress": "Avenida Paulista, 1061",
        "inscricaoImobiliaria": "SP-IMO-2024-000047",
        "inscription": "SP-INS-2024000046",
        "setor": "Vila Mariana",
        "quadra": "Q03",
        "lote": "1061",
        "cep": "01313384",
        "sourceType": "OFFICIAL_IMPORT",
        "areaTerreno": 450,
        "zoneamento": "MISTO",
        "statusCadastral": "ATIVO",
        "workflowStatus": "APROVADA",
        "isOfficial": true,
        "municipio": "São Paulo",
        "uf": "SP"
      }
    },
    {
      "type": "Feature",
      "geometry": {
        "type": "Polygon",
        "coordinates": [
          [
            [
              -46.64518691787479,
              -23.559852864460552
            ],
            [
              -46.64500076462851,
              -23.559852864460552
            ],
            [
              -46.64500076462851,
              -23.560027840196966
            ],
            [
              -46.64518691787479,
              -23.560027840196966
            ],
            [
              -46.64518691787479,
              -23.559852864460552
            ]
          ]
        ]
      },
      "properties": {
        "sqlu": "SP-000048",
        "mainAddress": "Rua da Consolacao, 2845",
        "inscricaoImobiliaria": "SP-IMO-2024-000048",
        "inscription": "SP-INS-2024000047",
        "setor": "Vila Mariana",
        "quadra": "Q03",
        "lote": "2845",
        "cep": "01330156",
        "sourceType": "OFFICIAL_IMPORT",
        "areaTerreno": 401,
        "zoneamento": "RESIDENCIAL",
        "statusCadastral": "PENDENTE",
        "workflowStatus": "APROVADA",
        "isOfficial": true,
        "municipio": "São Paulo",
        "uf": "SP"
      }
    },
    {
      "type": "Feature",
      "geometry": {
        "type": "Polygon",
        "coordinates": [
          [
            [
              -46.64277253260233,
              -23.559196213889997
            ],
            [
              -46.64266240572726,
              -23.559196213889997
            ],
            [
              -46.64266240572726,
              -23.55949069420421
            ],
            [
              -46.64277253260233,
              -23.55949069420421
            ],
            [
              -46.64277253260233,
              -23.559196213889997
            ]
          ]
        ]
      },
      "properties": {
        "sqlu": "SP-000049",
        "mainAddress": "Rua Abilio Soares, 820",
        "inscricaoImobiliaria": "SP-IMO-2024-000049",
        "inscription": "SP-INS-2024000048",
        "setor": "Paraiso",
        "quadra": "Q03",
        "lote": "820",
        "cep": "01381849",
        "sourceType": "OFFICIAL_IMPORT",
        "areaTerreno": 400,
        "zoneamento": "COMERCIAL",
        "statusCadastral": "ATIVO",
        "workflowStatus": "APROVADA",
        "isOfficial": true,
        "municipio": "São Paulo",
        "uf": "SP"
      }
    },
    {
      "type": "Feature",
      "geometry": {
        "type": "Polygon",
        "coordinates": [
          [
            [
              -46.64214044708237,
              -23.557615930360026
            ],
            [
              -46.64191484192052,
              -23.557615930360026
            ],
            [
              -46.64191484192052,
              -23.557727823893376
            ],
            [
              -46.64214044708237,
              -23.557727823893376
            ],
            [
              -46.64214044708237,
              -23.557615930360026
            ]
          ]
        ]
      },
      "properties": {
        "sqlu": "SP-000050",
        "mainAddress": "Rua da Consolacao, 1014",
        "inscricaoImobiliaria": "SP-IMO-2024-000050",
        "inscription": "SP-INS-2024000049",
        "setor": "Paraiso",
        "quadra": "Q03",
        "lote": "1014",
        "cep": "01358648",
        "sourceType": "OFFICIAL_IMPORT",
        "areaTerreno": 311,
        "zoneamento": "RESIDENCIAL",
        "statusCadastral": "ATIVO",
        "workflowStatus": "APROVADA",
        "isOfficial": true,
        "municipio": "São Paulo",
        "uf": "SP"
      }
    },
    {
      "type": "Feature",
      "geometry": {
        "type": "Polygon",
        "coordinates": [
          [
            [
              -46.64027102271202,
              -23.55549660996216
            ],
            [
              -46.64008314591212,
              -23.55549660996216
            ],
            [
              -46.64008314591212,
              -23.555665381182973
            ],
            [
              -46.64027102271202,
              -23.555665381182973
            ],
            [
              -46.64027102271202,
              -23.55549660996216
            ]
          ]
        ]
      },
      "properties": {
        "sqlu": "SP-000051",
        "mainAddress": "Rua Haddock Lobo, 994",
        "inscricaoImobiliaria": "SP-IMO-2024-000051",
        "inscription": "SP-INS-2024000050",
        "setor": "Jardins",
        "quadra": "Q03",
        "lote": "994",
        "cep": "01329563",
        "sourceType": "OFFICIAL_IMPORT",
        "areaTerreno": 391,
        "zoneamento": "RESIDENCIAL",
        "statusCadastral": "ATIVO",
        "workflowStatus": "PENDENTE",
        "isOfficial": true,
        "municipio": "São Paulo",
        "uf": "SP"
      }
    },
    {
      "type": "Feature",
      "geometry": {
        "type": "Polygon",
        "coordinates": [
          [
            [
              -46.64227665788467,
              -23.5522762310273
            ],
            [
              -46.642088837937095,
              -23.5522762310273
            ],
            [
              -46.642088837937095,
              -23.552439198156222
            ],
            [
              -46.64227665788467,
              -23.552439198156222
            ],
            [
              -46.64227665788467,
              -23.5522762310273
            ]
          ]
        ]
      },
      "properties": {
        "sqlu": "SP-000052",
        "mainAddress": "Rua Loefgreen, 2424",
        "inscricaoImobiliaria": "SP-IMO-2024-000052",
        "inscription": "SP-INS-2024000051",
        "setor": "Consolacao",
        "quadra": "Q03",
        "lote": "2424",
        "cep": "01320004",
        "sourceType": "OFFICIAL_IMPORT",
        "areaTerreno": 377,
        "zoneamento": "COMERCIAL",
        "statusCadastral": "ATIVO",
        "workflowStatus": "PENDENTE",
        "isOfficial": true,
        "municipio": "São Paulo",
        "uf": "SP"
      }
    },
    {
      "type": "Feature",
      "geometry": {
        "type": "Polygon",
        "coordinates": [
          [
            [
              -46.640873626919664,
              -23.549340540111192
            ],
            [
              -46.64068444044167,
              -23.549340540111192
            ],
            [
              -46.64068444044167,
              -23.549635988708697
            ],
            [
              -46.640873626919664,
              -23.549635988708697
            ],
            [
              -46.640873626919664,
              -23.549340540111192
            ]
          ]
        ]
      },
      "properties": {
        "sqlu": "SP-000053",
        "mainAddress": "Rua Coronel Oscar Porto, 1112",
        "inscricaoImobiliaria": "SP-IMO-2024-000053",
        "inscription": "SP-INS-2024000052",
        "setor": "Bela Vista",
        "quadra": "Q03",
        "lote": "1112",
        "cep": "01363330",
        "sourceType": "OFFICIAL_IMPORT",
        "areaTerreno": 689,
        "zoneamento": "COMERCIAL",
        "statusCadastral": "ATIVO",
        "workflowStatus": "PENDENTE",
        "isOfficial": true,
        "municipio": "São Paulo",
        "uf": "SP"
      }
    },
    {
      "type": "Feature",
      "geometry": {
        "type": "Polygon",
        "coordinates": [
          [
            [
              -46.64386654415552,
              -23.54890657793945
            ],
            [
              -46.6436581576941,
              -23.54890657793945
            ],
            [
              -46.6436581576941,
              -23.54912490590842
            ],
            [
              -46.64386654415552,
              -23.54912490590842
            ],
            [
              -46.64386654415552,
              -23.54890657793945
            ]
          ]
        ]
      },
      "properties": {
        "sqlu": "SP-000054",
        "mainAddress": "Rua Borges Lagoa, 1859",
        "inscricaoImobiliaria": "SP-IMO-2024-000054",
        "inscription": "SP-INS-2024000053",
        "setor": "Paraiso",
        "quadra": "Q03",
        "lote": "1859",
        "cep": "01399988",
        "sourceType": "OFFICIAL_IMPORT",
        "areaTerreno": 561,
        "zoneamento": "RESIDENCIAL",
        "statusCadastral": "ATIVO",
        "workflowStatus": "APROVADA",
        "isOfficial": true,
        "municipio": "São Paulo",
        "uf": "SP"
      }
    },
    {
      "type": "Feature",
      "geometry": {
        "type": "Polygon",
        "coordinates": [
          [
            [
              -46.646653771607646,
              -23.550088394046863
            ],
            [
              -46.646524375412156,
              -23.550088394046863
            ],
            [
              -46.646524375412156,
              -23.5502019917586
            ],
            [
              -46.646653771607646,
              -23.5502019917586
            ],
            [
              -46.646653771607646,
              -23.550088394046863
            ]
          ]
        ]
      },
      "properties": {
        "sqlu": "SP-000055",
        "mainAddress": "Rua Napoleao de Barros, 279",
        "inscricaoImobiliaria": "SP-IMO-2024-000055",
        "inscription": "SP-INS-2024000054",
        "setor": "Vila Mariana",
        "quadra": "Q03",
        "lote": "279",
        "cep": "01337121",
        "sourceType": "OFFICIAL_IMPORT",
        "areaTerreno": 181,
        "zoneamento": "COMERCIAL",
        "statusCadastral": "ATIVO",
        "workflowStatus": "APROVADA",
        "isOfficial": true,
        "municipio": "São Paulo",
        "uf": "SP"
      }
    },
    {
      "type": "Feature",
      "geometry": {
        "type": "Polygon",
        "coordinates": [
          [
            [
              -46.64724607275386,
              -23.552102507819644
            ],
            [
              -46.64700773017012,
              -23.552102507819644
            ],
            [
              -46.64700773017012,
              -23.552283328759753
            ],
            [
              -46.64724607275386,
              -23.552283328759753
            ],
            [
              -46.64724607275386,
              -23.552102507819644
            ]
          ]
        ]
      },
      "properties": {
        "sqlu": "SP-000056",
        "mainAddress": "Rua Maestro Cardim, 26",
        "inscricaoImobiliaria": "SP-IMO-2024-000056",
        "inscription": "SP-INS-2024000055",
        "setor": "Bela Vista",
        "quadra": "Q03",
        "lote": "26",
        "cep": "01379029",
        "sourceType": "OFFICIAL_IMPORT",
        "areaTerreno": 531,
        "zoneamento": "RESIDENCIAL",
        "statusCadastral": "ATIVO",
        "workflowStatus": "APROVADA",
        "isOfficial": true,
        "municipio": "São Paulo",
        "uf": "SP"
      }
    },
    {
      "type": "Feature",
      "geometry": {
        "type": "Polygon",
        "coordinates": [
          [
            [
              -46.652797587645374,
              -23.554204892600062
            ],
            [
              -46.65261111953191,
              -23.554204892600062
            ],
            [
              -46.65261111953191,
              -23.554417884529073
            ],
            [
              -46.652797587645374,
              -23.554417884529073
            ],
            [
              -46.652797587645374,
              -23.554204892600062
            ]
          ]
        ]
      },
      "properties": {
        "sqlu": "SP-000057",
        "mainAddress": "Rua Frei Caneca, 2231",
        "inscricaoImobiliaria": "SP-IMO-2024-000057",
        "inscription": "SP-INS-2024000056",
        "setor": "Consolacao",
        "quadra": "Q03",
        "lote": "2231",
        "cep": "01348420",
        "sourceType": "OFFICIAL_IMPORT",
        "areaTerreno": 489,
        "zoneamento": "RESIDENCIAL",
        "statusCadastral": "ATIVO",
        "workflowStatus": "APROVADA",
        "isOfficial": true,
        "municipio": "São Paulo",
        "uf": "SP"
      }
    },
    {
      "type": "Feature",
      "geometry": {
        "type": "Polygon",
        "coordinates": [
          [
            [
              -46.65178885842395,
              -23.556335388961106
            ],
            [
              -46.651535816085236,
              -23.556335388961106
            ],
            [
              -46.651535816085236,
              -23.55659748166007
            ],
            [
              -46.65178885842395,
              -23.55659748166007
            ],
            [
              -46.65178885842395,
              -23.556335388961106
            ]
          ]
        ]
      },
      "properties": {
        "sqlu": "SP-000058",
        "mainAddress": "Rua Borges Lagoa, 1453",
        "inscricaoImobiliaria": "SP-IMO-2024-000058",
        "inscription": "SP-INS-2024000057",
        "setor": "Bela Vista",
        "quadra": "Q03",
        "lote": "1453",
        "cep": "01342410",
        "sourceType": "OFFICIAL_IMPORT",
        "areaTerreno": 817,
        "zoneamento": "RESIDENCIAL",
        "statusCadastral": "ATIVO",
        "workflowStatus": "APROVADA",
        "isOfficial": true,
        "municipio": "São Paulo",
        "uf": "SP"
      }
    },
    {
      "type": "Feature",
      "geometry": {
        "type": "Polygon",
        "coordinates": [
          [
            [
              -46.64873501980879,
              -23.557798661466144
            ],
            [
              -46.64852595971377,
              -23.557798661466144
            ],
            [
              -46.64852595971377,
              -23.55795152055752
            ],
            [
              -46.64873501980879,
              -23.55795152055752
            ],
            [
              -46.64873501980879,
              -23.557798661466144
            ]
          ]
        ]
      },
      "properties": {
        "sqlu": "SP-000059",
        "mainAddress": "Rua Botucatu, 2452",
        "inscricaoImobiliaria": "SP-IMO-2024-000059",
        "inscription": "SP-INS-2024000058",
        "setor": "Vila Mariana",
        "quadra": "Q03",
        "lote": "2452",
        "cep": "01346753",
        "sourceType": "OFFICIAL_IMPORT",
        "areaTerreno": 394,
        "zoneamento": "COMERCIAL",
        "statusCadastral": "CONFLITO",
        "workflowStatus": "EM_VALIDACAO",
        "isOfficial": true,
        "municipio": "São Paulo",
        "uf": "SP"
      }
    },
    {
      "type": "Feature",
      "geometry": {
        "type": "Polygon",
        "coordinates": [
          [
            [
              -46.64726736679741,
              -23.56002185506481
            ],
            [
              -46.64705223164422,
              -23.56002185506481
            ],
            [
              -46.64705223164422,
              -23.560177671084496
            ],
            [
              -46.64726736679741,
              -23.560177671084496
            ],
            [
              -46.64726736679741,
              -23.56002185506481
            ]
          ]
        ]
      },
      "properties": {
        "sqlu": "SP-000060",
        "mainAddress": "Rua da Consolacao, 2108",
        "inscricaoImobiliaria": "SP-IMO-2024-000060",
        "inscription": "SP-INS-2024000059",
        "setor": "Vila Mariana",
        "quadra": "Q03",
        "lote": "2108",
        "cep": "01396886",
        "sourceType": "OFFICIAL_IMPORT",
        "areaTerreno": 413,
        "zoneamento": "RESIDENCIAL",
        "statusCadastral": "ATIVO",
        "workflowStatus": "APROVADA",
        "isOfficial": true,
        "municipio": "São Paulo",
        "uf": "SP"
      }
    },
    {
      "type": "Feature",
      "geometry": {
        "type": "Polygon",
        "coordinates": [
          [
            [
              -46.644000962727546,
              -23.563166900407385
            ],
            [
              -46.643836822311215,
              -23.563166900407385
            ],
            [
              -46.643836822311215,
              -23.563374996412133
            ],
            [
              -46.644000962727546,
              -23.563374996412133
            ],
            [
              -46.644000962727546,
              -23.563166900407385
            ]
          ]
        ]
      },
      "properties": {
        "sqlu": "SP-000061",
        "mainAddress": "Rua Coronel Oscar Porto, 2506",
        "inscricaoImobiliaria": "SP-IMO-2024-000061",
        "inscription": "SP-INS-2024000060",
        "setor": "Bela Vista",
        "quadra": "Q04",
        "lote": "2506",
        "cep": "01304396",
        "sourceType": "OFFICIAL_IMPORT",
        "areaTerreno": 421,
        "zoneamento": "MISTO",
        "statusCadastral": "PENDENTE",
        "workflowStatus": "APROVADA",
        "isOfficial": true,
        "municipio": "São Paulo",
        "uf": "SP"
      }
    },
    {
      "type": "Feature",
      "geometry": {
        "type": "Polygon",
        "coordinates": [
          [
            [
              -46.64109939389429,
              -23.558202692478314
            ],
            [
              -46.64087084646382,
              -23.558202692478314
            ],
            [
              -46.64087084646382,
              -23.55833430784668
            ],
            [
              -46.64109939389429,
              -23.55833430784668
            ],
            [
              -46.64109939389429,
              -23.558202692478314
            ]
          ]
        ]
      },
      "properties": {
        "sqlu": "SP-000062",
        "mainAddress": "Rua Marselhesa, 2604",
        "inscricaoImobiliaria": "SP-IMO-2024-000062",
        "inscription": "SP-INS-2024000061",
        "setor": "Jardins",
        "quadra": "Q04",
        "lote": "2604",
        "cep": "01345499",
        "sourceType": "OFFICIAL_IMPORT",
        "areaTerreno": 371,
        "zoneamento": "RESIDENCIAL",
        "statusCadastral": "ATIVO",
        "workflowStatus": "APROVADA",
        "isOfficial": true,
        "municipio": "São Paulo",
        "uf": "SP"
      }
    },
    {
      "type": "Feature",
      "geometry": {
        "type": "Polygon",
        "coordinates": [
          [
            [
              -46.63913595641122,
              -23.55697185632248
            ],
            [
              -46.63894013215226,
              -23.55697185632248
            ],
            [
              -46.63894013215226,
              -23.557163866303114
            ],
            [
              -46.63913595641122,
              -23.557163866303114
            ],
            [
              -46.63913595641122,
              -23.55697185632248
            ]
          ]
        ]
      },
      "properties": {
        "sqlu": "SP-000063",
        "mainAddress": "Rua Estados Unidos, 2139",
        "inscricaoImobiliaria": "SP-IMO-2024-000063",
        "inscription": "SP-INS-2024000062",
        "setor": "Cerqueira Cesar",
        "quadra": "Q04",
        "lote": "2139",
        "cep": "01394097",
        "sourceType": "OFFICIAL_IMPORT",
        "areaTerreno": 463,
        "zoneamento": "RESIDENCIAL",
        "statusCadastral": "ATIVO",
        "workflowStatus": "APROVADA",
        "isOfficial": true,
        "municipio": "São Paulo",
        "uf": "SP"
      }
    },
    {
      "type": "Feature",
      "geometry": {
        "type": "Polygon",
        "coordinates": [
          [
            [
              -46.6393121130558,
              -23.554702049467632
            ],
            [
              -46.639111271726335,
              -23.554702049467632
            ],
            [
              -46.639111271726335,
              -23.554993383893876
            ],
            [
              -46.6393121130558,
              -23.554993383893876
            ],
            [
              -46.6393121130558,
              -23.554702049467632
            ]
          ]
        ]
      },
      "properties": {
        "sqlu": "SP-000064",
        "mainAddress": "Rua Antonio Carlos, 1483",
        "inscricaoImobiliaria": "SP-IMO-2024-000064",
        "inscription": "SP-INS-2024000063",
        "setor": "Jardins",
        "quadra": "Q04",
        "lote": "1483",
        "cep": "01371768",
        "sourceType": "OFFICIAL_IMPORT",
        "areaTerreno": 721,
        "zoneamento": "RESIDENCIAL",
        "statusCadastral": "ATIVO",
        "workflowStatus": "APROVADA",
        "isOfficial": true,
        "municipio": "São Paulo",
        "uf": "SP"
      }
    },
    {
      "type": "Feature",
      "geometry": {
        "type": "Polygon",
        "coordinates": [
          [
            [
              -46.64207729051998,
              -23.550557380680356
            ],
            [
              -46.6419157259328,
              -23.550557380680356
            ],
            [
              -46.6419157259328,
              -23.55074923469266
            ],
            [
              -46.64207729051998,
              -23.55074923469266
            ],
            [
              -46.64207729051998,
              -23.550557380680356
            ]
          ]
        ]
      },
      "properties": {
        "sqlu": "SP-000065",
        "mainAddress": "Rua Botucatu, 1433",
        "inscricaoImobiliaria": "SP-IMO-2024-000065",
        "inscription": "SP-INS-2024000064",
        "setor": "Bela Vista",
        "quadra": "Q04",
        "lote": "1433",
        "cep": "01335514",
        "sourceType": "OFFICIAL_IMPORT",
        "areaTerreno": 382,
        "zoneamento": "RESIDENCIAL",
        "statusCadastral": "ATIVO",
        "workflowStatus": "PENDENTE",
        "isOfficial": true,
        "municipio": "São Paulo",
        "uf": "SP"
      }
    },
    {
      "type": "Feature",
      "geometry": {
        "type": "Polygon",
        "coordinates": [
          [
            [
              -46.64279680868712,
              -23.546799670473142
            ],
            [
              -46.64257113581165,
              -23.546799670473142
            ],
            [
              -46.64257113581165,
              -23.546951825038036
            ],
            [
              -46.64279680868712,
              -23.546951825038036
            ],
            [
              -46.64279680868712,
              -23.546799670473142
            ]
          ]
        ]
      },
      "properties": {
        "sqlu": "SP-000066",
        "mainAddress": "Rua Afonso Celso, 1902",
        "inscricaoImobiliaria": "SP-IMO-2024-000066",
        "inscription": "SP-INS-2024000065",
        "setor": "Jardins",
        "quadra": "Q04",
        "lote": "1902",
        "cep": "01316965",
        "sourceType": "OFFICIAL_IMPORT",
        "areaTerreno": 423,
        "zoneamento": "MISTO",
        "statusCadastral": "ATIVO",
        "workflowStatus": "APROVADA",
        "isOfficial": true,
        "municipio": "São Paulo",
        "uf": "SP"
      }
    },
    {
      "type": "Feature",
      "geometry": {
        "type": "Polygon",
        "coordinates": [
          [
            [
              -46.64510720105802,
              -23.54873201921274
            ],
            [
              -46.64489423007807,
              -23.54873201921274
            ],
            [
              -46.64489423007807,
              -23.548964001356293
            ],
            [
              -46.64510720105802,
              -23.548964001356293
            ],
            [
              -46.64510720105802,
              -23.54873201921274
            ]
          ]
        ]
      },
      "properties": {
        "sqlu": "SP-000067",
        "mainAddress": "Rua da Consolacao, 913",
        "inscricaoImobiliaria": "SP-IMO-2024-000067",
        "inscription": "SP-INS-2024000066",
        "setor": "Bela Vista",
        "quadra": "Q04",
        "lote": "913",
        "cep": "01316976",
        "sourceType": "OFFICIAL_IMPORT",
        "areaTerreno": 609,
        "zoneamento": "MISTO",
        "statusCadastral": "ATIVO",
        "workflowStatus": "APROVADA",
        "isOfficial": true,
        "municipio": "São Paulo",
        "uf": "SP"
      }
    },
    {
      "type": "Feature",
      "geometry": {
        "type": "Polygon",
        "coordinates": [
          [
            [
              -46.649132408531656,
              -23.546178926276028
            ],
            [
              -46.64902436967055,
              -23.546178926276028
            ],
            [
              -46.64902436967055,
              -23.546332839099758
            ],
            [
              -46.649132408531656,
              -23.546332839099758
            ],
            [
              -46.649132408531656,
              -23.546178926276028
            ]
          ]
        ]
      },
      "properties": {
        "sqlu": "SP-000068",
        "mainAddress": "Rua Joaquim Tavora, 1875",
        "inscricaoImobiliaria": "SP-IMO-2024-000068",
        "inscription": "SP-INS-2024000067",
        "setor": "Vila Mariana",
        "quadra": "Q04",
        "lote": "1875",
        "cep": "01325679",
        "sourceType": "OFFICIAL_IMPORT",
        "areaTerreno": 205,
        "zoneamento": "COMERCIAL",
        "statusCadastral": "ATIVO",
        "workflowStatus": "APROVADA",
        "isOfficial": true,
        "municipio": "São Paulo",
        "uf": "SP"
      }
    },
    {
      "type": "Feature",
      "geometry": {
        "type": "Polygon",
        "coordinates": [
          [
            [
              -46.65304246354072,
              -23.552614625093902
            ],
            [
              -46.65281206611731,
              -23.552614625093902
            ],
            [
              -46.65281206611731,
              -23.55274351672055
            ],
            [
              -46.65304246354072,
              -23.55274351672055
            ],
            [
              -46.65304246354072,
              -23.552614625093902
            ]
          ]
        ]
      },
      "properties": {
        "sqlu": "SP-000069",
        "mainAddress": "Rua Vergueiro, 821",
        "inscricaoImobiliaria": "SP-IMO-2024-000069",
        "inscription": "SP-INS-2024000068",
        "setor": "Vila Mariana",
        "quadra": "Q04",
        "lote": "821",
        "cep": "01322523",
        "sourceType": "OFFICIAL_IMPORT",
        "areaTerreno": 366,
        "zoneamento": "COMERCIAL",
        "statusCadastral": "ATIVO",
        "workflowStatus": "EM_VALIDACAO",
        "isOfficial": true,
        "municipio": "São Paulo",
        "uf": "SP"
      }
    },
    {
      "type": "Feature",
      "geometry": {
        "type": "Polygon",
        "coordinates": [
          [
            [
              -46.6506728526087,
              -23.55477752962192
            ],
            [
              -46.65044145068993,
              -23.55477752962192
            ],
            [
              -46.65044145068993,
              -23.554889585344995
            ],
            [
              -46.6506728526087,
              -23.554889585344995
            ],
            [
              -46.6506728526087,
              -23.55477752962192
            ]
          ]
        ]
      },
      "properties": {
        "sqlu": "SP-000070",
        "mainAddress": "Rua Oscar Freire, 310",
        "inscricaoImobiliaria": "SP-IMO-2024-000070",
        "inscription": "SP-INS-2024000069",
        "setor": "Vila Mariana",
        "quadra": "Q04",
        "lote": "310",
        "cep": "01339083",
        "sourceType": "OFFICIAL_IMPORT",
        "areaTerreno": 319,
        "zoneamento": "RESIDENCIAL",
        "statusCadastral": "ATIVO",
        "workflowStatus": "EM_VALIDACAO",
        "isOfficial": true,
        "municipio": "São Paulo",
        "uf": "SP"
      }
    },
    {
      "type": "Feature",
      "geometry": {
        "type": "Polygon",
        "coordinates": [
          [
            [
              -46.6517660501511,
              -23.55962014220433
            ],
            [
              -46.651503167640726,
              -23.55962014220433
            ],
            [
              -46.651503167640726,
              -23.559797649659693
            ],
            [
              -46.6517660501511,
              -23.559797649659693
            ],
            [
              -46.6517660501511,
              -23.55962014220433
            ]
          ]
        ]
      },
      "properties": {
        "sqlu": "SP-000071",
        "mainAddress": "Rua Peixoto Gomide, 772",
        "inscricaoImobiliaria": "SP-IMO-2024-000071",
        "inscription": "SP-INS-2024000070",
        "setor": "Vila Mariana",
        "quadra": "Q04",
        "lote": "772",
        "cep": "01372234",
        "sourceType": "OFFICIAL_IMPORT",
        "areaTerreno": 575,
        "zoneamento": "COMERCIAL",
        "statusCadastral": "PENDENTE",
        "workflowStatus": "APROVADA",
        "isOfficial": true,
        "municipio": "São Paulo",
        "uf": "SP"
      }
    },
    {
      "type": "Feature",
      "geometry": {
        "type": "Polygon",
        "coordinates": [
          [
            [
              -46.6488265238098,
              -23.56003698573057
            ],
            [
              -46.64867761436018,
              -23.56003698573057
            ],
            [
              -46.64867761436018,
              -23.56017440705944
            ],
            [
              -46.6488265238098,
              -23.56017440705944
            ],
            [
              -46.6488265238098,
              -23.56003698573057
            ]
          ]
        ]
      },
      "properties": {
        "sqlu": "SP-000072",
        "mainAddress": "Rua Joaquim Tavora, 2465",
        "inscricaoImobiliaria": "SP-IMO-2024-000072",
        "inscription": "SP-INS-2024000071",
        "setor": "Paraiso",
        "quadra": "Q04",
        "lote": "2465",
        "cep": "01392781",
        "sourceType": "OFFICIAL_IMPORT",
        "areaTerreno": 252,
        "zoneamento": "RESIDENCIAL",
        "statusCadastral": "ATIVO",
        "workflowStatus": "APROVADA",
        "isOfficial": true,
        "municipio": "São Paulo",
        "uf": "SP"
      }
    },
    {
      "type": "Feature",
      "geometry": {
        "type": "Polygon",
        "coordinates": [
          [
            [
              -46.64584513645785,
              -23.56212511269504
            ],
            [
              -46.645640014497125,
              -23.56212511269504
            ],
            [
              -46.645640014497125,
              -23.5622868221632
            ],
            [
              -46.64584513645785,
              -23.5622868221632
            ],
            [
              -46.64584513645785,
              -23.56212511269504
            ]
          ]
        ]
      },
      "properties": {
        "sqlu": "SP-000073",
        "mainAddress": "Rua Padre Joao Manuel, 2501",
        "inscricaoImobiliaria": "SP-IMO-2024-000073",
        "inscription": "SP-INS-2024000072",
        "setor": "Jardins",
        "quadra": "Q04",
        "lote": "2501",
        "cep": "01352602",
        "sourceType": "OFFICIAL_IMPORT",
        "areaTerreno": 409,
        "zoneamento": "RESIDENCIAL",
        "statusCadastral": "ATIVO",
        "workflowStatus": "APROVADA",
        "isOfficial": true,
        "municipio": "São Paulo",
        "uf": "SP"
      }
    },
    {
      "type": "Feature",
      "geometry": {
        "type": "Polygon",
        "coordinates": [
          [
            [
              -46.64177836964232,
              -23.56386873143521
            ],
            [
              -46.641532780199725,
              -23.56386873143521
            ],
            [
              -46.641532780199725,
              -23.564070213802665
            ],
            [
              -46.64177836964232,
              -23.564070213802665
            ],
            [
              -46.64177836964232,
              -23.56386873143521
            ]
          ]
        ]
      },
      "properties": {
        "sqlu": "SP-000074",
        "mainAddress": "Rua Napoleao de Barros, 2490",
        "inscricaoImobiliaria": "SP-IMO-2024-000074",
        "inscription": "SP-INS-2024000073",
        "setor": "Cerqueira Cesar",
        "quadra": "Q04",
        "lote": "2490",
        "cep": "01316939",
        "sourceType": "OFFICIAL_IMPORT",
        "areaTerreno": 610,
        "zoneamento": "RESIDENCIAL",
        "statusCadastral": "ATIVO",
        "workflowStatus": "PENDENTE",
        "isOfficial": true,
        "municipio": "São Paulo",
        "uf": "SP"
      }
    },
    {
      "type": "Feature",
      "geometry": {
        "type": "Polygon",
        "coordinates": [
          [
            [
              -46.63957051289945,
              -23.56208585572748
            ],
            [
              -46.63929737916246,
              -23.56208585572748
            ],
            [
              -46.63929737916246,
              -23.56236823053326
            ],
            [
              -46.63957051289945,
              -23.56236823053326
            ],
            [
              -46.63957051289945,
              -23.56208585572748
            ]
          ]
        ]
      },
      "properties": {
        "sqlu": "SP-000075",
        "mainAddress": "Alameda Jau, 2923",
        "inscricaoImobiliaria": "SP-IMO-2024-000075",
        "inscription": "SP-INS-2024000074",
        "setor": "Consolacao",
        "quadra": "Q04",
        "lote": "2923",
        "cep": "01344720",
        "sourceType": "OFFICIAL_IMPORT",
        "areaTerreno": 950,
        "zoneamento": "RESIDENCIAL",
        "statusCadastral": "ATIVO",
        "workflowStatus": "APROVADA",
        "isOfficial": true,
        "municipio": "São Paulo",
        "uf": "SP"
      }
    },
    {
      "type": "Feature",
      "geometry": {
        "type": "Polygon",
        "coordinates": [
          [
            [
              -46.63514576468854,
              -23.557274639536736
            ],
            [
              -46.63495515615697,
              -23.557274639536736
            ],
            [
              -46.63495515615697,
              -23.55746586263297
            ],
            [
              -46.63514576468854,
              -23.55746586263297
            ],
            [
              -46.63514576468854,
              -23.557274639536736
            ]
          ]
        ]
      },
      "properties": {
        "sqlu": "SP-000076",
        "mainAddress": "Alameda Jau, 1082",
        "inscricaoImobiliaria": "SP-IMO-2024-000076",
        "inscription": "SP-INS-2024000075",
        "setor": "Jardins",
        "quadra": "Q04",
        "lote": "1082",
        "cep": "01387967",
        "sourceType": "OFFICIAL_IMPORT",
        "areaTerreno": 449,
        "zoneamento": "MISTO",
        "statusCadastral": "ATIVO",
        "workflowStatus": "APROVADA",
        "isOfficial": true,
        "municipio": "São Paulo",
        "uf": "SP"
      }
    },
    {
      "type": "Feature",
      "geometry": {
        "type": "Polygon",
        "coordinates": [
          [
            [
              -46.63535976348978,
              -23.552780382241526
            ],
            [
              -46.63513001229752,
              -23.552780382241526
            ],
            [
              -46.63513001229752,
              -23.552982929912606
            ],
            [
              -46.63535976348978,
              -23.552982929912606
            ],
            [
              -46.63535976348978,
              -23.552780382241526
            ]
          ]
        ]
      },
      "properties": {
        "sqlu": "SP-000077",
        "mainAddress": "Rua Coronel Oscar Porto, 1825",
        "inscricaoImobiliaria": "SP-IMO-2024-000077",
        "inscription": "SP-INS-2024000076",
        "setor": "Cerqueira Cesar",
        "quadra": "Q04",
        "lote": "1825",
        "cep": "01310211",
        "sourceType": "OFFICIAL_IMPORT",
        "areaTerreno": 573,
        "zoneamento": "RESIDENCIAL",
        "statusCadastral": "ATIVO",
        "workflowStatus": "PENDENTE",
        "isOfficial": true,
        "municipio": "São Paulo",
        "uf": "SP"
      }
    },
    {
      "type": "Feature",
      "geometry": {
        "type": "Polygon",
        "coordinates": [
          [
            [
              -46.63953514711473,
              -23.551589626405814
            ],
            [
              -46.63934123946941,
              -23.551589626405814
            ],
            [
              -46.63934123946941,
              -23.55188278988632
            ],
            [
              -46.63953514711473,
              -23.55188278988632
            ],
            [
              -46.63953514711473,
              -23.551589626405814
            ]
          ]
        ]
      },
      "properties": {
        "sqlu": "SP-000078",
        "mainAddress": "Rua Marselhesa, 731",
        "inscricaoImobiliaria": "SP-IMO-2024-000078",
        "inscription": "SP-INS-2024000077",
        "setor": "Jardins",
        "quadra": "Q04",
        "lote": "731",
        "cep": "01346649",
        "sourceType": "OFFICIAL_IMPORT",
        "areaTerreno": 700,
        "zoneamento": "RESIDENCIAL",
        "statusCadastral": "ATIVO",
        "workflowStatus": "APROVADA",
        "isOfficial": true,
        "municipio": "São Paulo",
        "uf": "SP"
      }
    },
    {
      "type": "Feature",
      "geometry": {
        "type": "Polygon",
        "coordinates": [
          [
            [
              -46.64200611153985,
              -23.5507772675626
            ],
            [
              -46.64187675654297,
              -23.5507772675626
            ],
            [
              -46.64187675654297,
              -23.550967284627507
            ],
            [
              -46.64200611153985,
              -23.550967284627507
            ],
            [
              -46.64200611153985,
              -23.5507772675626
            ]
          ]
        ]
      },
      "properties": {
        "sqlu": "SP-000079",
        "mainAddress": "Rua Padre Joao Manuel, 2701",
        "inscricaoImobiliaria": "SP-IMO-2024-000079",
        "inscription": "SP-INS-2024000078",
        "setor": "Jardins",
        "quadra": "Q04",
        "lote": "2701",
        "cep": "01351257",
        "sourceType": "OFFICIAL_IMPORT",
        "areaTerreno": 303,
        "zoneamento": "RESIDENCIAL",
        "statusCadastral": "ATIVO",
        "workflowStatus": "EM_VALIDACAO",
        "isOfficial": true,
        "municipio": "São Paulo",
        "uf": "SP"
      }
    },
    {
      "type": "Feature",
      "geometry": {
        "type": "Polygon",
        "coordinates": [
          [
            [
              -46.64624907247304,
              -23.543514639527828
            ],
            [
              -46.64599548598731,
              -23.543514639527828
            ],
            [
              -46.64599548598731,
              -23.543768734628205
            ],
            [
              -46.64624907247304,
              -23.543768734628205
            ],
            [
              -46.64624907247304,
              -23.543514639527828
            ]
          ]
        ]
      },
      "properties": {
        "sqlu": "SP-000080",
        "mainAddress": "Rua Marselhesa, 142",
        "inscricaoImobiliaria": "SP-IMO-2024-000080",
        "inscription": "SP-INS-2024000079",
        "setor": "Consolacao",
        "quadra": "Q04",
        "lote": "142",
        "cep": "01341356",
        "sourceType": "OFFICIAL_IMPORT",
        "areaTerreno": 794,
        "zoneamento": "RESIDENCIAL",
        "statusCadastral": "ATIVO",
        "workflowStatus": "APROVADA",
        "isOfficial": true,
        "municipio": "São Paulo",
        "uf": "SP"
      }
    },
    {
      "type": "Feature",
      "geometry": {
        "type": "Polygon",
        "coordinates": [
          [
            [
              -46.652205488772324,
              -23.550156551131774
            ],
            [
              -46.65209102588323,
              -23.550156551131774
            ],
            [
              -46.65209102588323,
              -23.55026806549361
            ],
            [
              -46.652205488772324,
              -23.55026806549361
            ],
            [
              -46.652205488772324,
              -23.550156551131774
            ]
          ]
        ]
      },
      "properties": {
        "sqlu": "SP-000081",
        "mainAddress": "Rua Coronel Oscar Porto, 1312",
        "inscricaoImobiliaria": "SP-IMO-2024-000081",
        "inscription": "SP-INS-2024000080",
        "setor": "Bela Vista",
        "quadra": "Q05",
        "lote": "1312",
        "cep": "01371593",
        "sourceType": "OFFICIAL_IMPORT",
        "areaTerreno": 157,
        "zoneamento": "RESIDENCIAL",
        "statusCadastral": "ATIVO",
        "workflowStatus": "APROVADA",
        "isOfficial": true,
        "municipio": "São Paulo",
        "uf": "SP"
      }
    },
    {
      "type": "Feature",
      "geometry": {
        "type": "Polygon",
        "coordinates": [
          [
            [
              -46.64962001995566,
              -23.552224267619536
            ],
            [
              -46.64943282827927,
              -23.552224267619536
            ],
            [
              -46.64943282827927,
              -23.552372817720304
            ],
            [
              -46.64962001995566,
              -23.552372817720304
            ],
            [
              -46.64962001995566,
              -23.552224267619536
            ]
          ]
        ]
      },
      "properties": {
        "sqlu": "SP-000082",
        "mainAddress": "Rua Napoleao de Barros, 247",
        "inscricaoImobiliaria": "SP-IMO-2024-000082",
        "inscription": "SP-INS-2024000081",
        "setor": "Cerqueira Cesar",
        "quadra": "Q05",
        "lote": "247",
        "cep": "01367167",
        "sourceType": "OFFICIAL_IMPORT",
        "areaTerreno": 343,
        "zoneamento": "RESIDENCIAL",
        "statusCadastral": "ATIVO",
        "workflowStatus": "APROVADA",
        "isOfficial": true,
        "municipio": "São Paulo",
        "uf": "SP"
      }
    },
    {
      "type": "Feature",
      "geometry": {
        "type": "Polygon",
        "coordinates": [
          [
            [
              -46.65317449899178,
              -23.556807598386655
            ],
            [
              -46.65292004875676,
              -23.556807598386655
            ],
            [
              -46.65292004875676,
              -23.556945814266573
            ],
            [
              -46.65317449899178,
              -23.556945814266573
            ],
            [
              -46.65317449899178,
              -23.556807598386655
            ]
          ]
        ]
      },
      "properties": {
        "sqlu": "SP-000083",
        "mainAddress": "Rua da Consolacao, 1540",
        "inscricaoImobiliaria": "SP-IMO-2024-000083",
        "inscription": "SP-INS-2024000082",
        "setor": "Jardins",
        "quadra": "Q05",
        "lote": "1540",
        "cep": "01305865",
        "sourceType": "OFFICIAL_IMPORT",
        "areaTerreno": 433,
        "zoneamento": "MISTO",
        "statusCadastral": "ATIVO",
        "workflowStatus": "APROVADA",
        "isOfficial": true,
        "municipio": "São Paulo",
        "uf": "SP"
      }
    },
    {
      "type": "Feature",
      "geometry": {
        "type": "Polygon",
        "coordinates": [
          [
            [
              -46.65504650390535,
              -23.56215820109019
            ],
            [
              -46.65493155276696,
              -23.56215820109019
            ],
            [
              -46.65493155276696,
              -23.562421316999522
            ],
            [
              -46.65504650390535,
              -23.562421316999522
            ],
            [
              -46.65504650390535,
              -23.56215820109019
            ]
          ]
        ]
      },
      "properties": {
        "sqlu": "SP-000084",
        "mainAddress": "Rua Haddock Lobo, 1864",
        "inscricaoImobiliaria": "SP-IMO-2024-000084",
        "inscription": "SP-INS-2024000083",
        "setor": "Bela Vista",
        "quadra": "Q05",
        "lote": "1864",
        "cep": "01384892",
        "sourceType": "OFFICIAL_IMPORT",
        "areaTerreno": 373,
        "zoneamento": "RESIDENCIAL",
        "statusCadastral": "ATIVO",
        "workflowStatus": "PENDENTE",
        "isOfficial": true,
        "municipio": "São Paulo",
        "uf": "SP"
      }
    },
    {
      "type": "Feature",
      "geometry": {
        "type": "Polygon",
        "coordinates": [
          [
            [
              -46.64971081828514,
              -23.561106866699514
            ],
            [
              -46.649496529858716,
              -23.561106866699514
            ],
            [
              -46.649496529858716,
              -23.561299051019784
            ],
            [
              -46.64971081828514,
              -23.561299051019784
            ],
            [
              -46.64971081828514,
              -23.561106866699514
            ]
          ]
        ]
      },
      "properties": {
        "sqlu": "SP-000085",
        "mainAddress": "Rua Vergueiro, 2694",
        "inscricaoImobiliaria": "SP-IMO-2024-000085",
        "inscription": "SP-INS-2024000084",
        "setor": "Consolacao",
        "quadra": "Q05",
        "lote": "2694",
        "cep": "01306633",
        "sourceType": "OFFICIAL_IMPORT",
        "areaTerreno": 507,
        "zoneamento": "RESIDENCIAL",
        "statusCadastral": "ATIVO",
        "workflowStatus": "APROVADA",
        "isOfficial": true,
        "municipio": "São Paulo",
        "uf": "SP"
      }
    },
    {
      "type": "Feature",
      "geometry": {
        "type": "Polygon",
        "coordinates": [
          [
            [
              -46.6443692164163,
              -23.56345324540276
            ],
            [
              -46.64419910963707,
              -23.56345324540276
            ],
            [
              -46.64419910963707,
              -23.563716905593896
            ],
            [
              -46.6443692164163,
              -23.563716905593896
            ],
            [
              -46.6443692164163,
              -23.56345324540276
            ]
          ]
        ]
      },
      "properties": {
        "sqlu": "SP-000086",
        "mainAddress": "Avenida Paulista, 1085",
        "inscricaoImobiliaria": "SP-IMO-2024-000086",
        "inscription": "SP-INS-2024000085",
        "setor": "Jardins",
        "quadra": "Q05",
        "lote": "1085",
        "cep": "01371611",
        "sourceType": "OFFICIAL_IMPORT",
        "areaTerreno": 553,
        "zoneamento": "RESIDENCIAL",
        "statusCadastral": "ATIVO",
        "workflowStatus": "APROVADA",
        "isOfficial": true,
        "municipio": "São Paulo",
        "uf": "SP"
      }
    },
    {
      "type": "Feature",
      "geometry": {
        "type": "Polygon",
        "coordinates": [
          [
            [
              -46.64048212498853,
              -23.563320811114902
            ],
            [
              -46.640221719710084,
              -23.563320811114902
            ],
            [
              -46.640221719710084,
              -23.563490773955415
            ],
            [
              -46.64048212498853,
              -23.563490773955415
            ],
            [
              -46.64048212498853,
              -23.563320811114902
            ]
          ]
        ]
      },
      "properties": {
        "sqlu": "SP-000087",
        "mainAddress": "Rua Vergueiro, 1186",
        "inscricaoImobiliaria": "SP-IMO-2024-000087",
        "inscription": "SP-INS-2024000086",
        "setor": "Jardins",
        "quadra": "Q05",
        "lote": "1186",
        "cep": "01309203",
        "sourceType": "OFFICIAL_IMPORT",
        "areaTerreno": 545,
        "zoneamento": "MISTO",
        "statusCadastral": "ATIVO",
        "workflowStatus": "APROVADA",
        "isOfficial": true,
        "municipio": "São Paulo",
        "uf": "SP"
      }
    },
    {
      "type": "Feature",
      "geometry": {
        "type": "Polygon",
        "coordinates": [
          [
            [
              -46.64063152165794,
              -23.557158043675038
            ],
            [
              -46.640355898195516,
              -23.557158043675038
            ],
            [
              -46.640355898195516,
              -23.557299240779944
            ],
            [
              -46.64063152165794,
              -23.557299240779944
            ],
            [
              -46.64063152165794,
              -23.557158043675038
            ]
          ]
        ]
      },
      "properties": {
        "sqlu": "SP-000088",
        "mainAddress": "Rua Antonio Carlos, 604",
        "inscricaoImobiliaria": "SP-IMO-2024-000088",
        "inscription": "SP-INS-2024000087",
        "setor": "Jardins",
        "quadra": "Q05",
        "lote": "604",
        "cep": "01348246",
        "sourceType": "OFFICIAL_IMPORT",
        "areaTerreno": 479,
        "zoneamento": "RESIDENCIAL",
        "statusCadastral": "ATIVO",
        "workflowStatus": "APROVADA",
        "isOfficial": true,
        "municipio": "São Paulo",
        "uf": "SP"
      }
    },
    {
      "type": "Feature",
      "geometry": {
        "type": "Polygon",
        "coordinates": [
          [
            [
              -46.63587319485828,
              -23.554815424935036
            ],
            [
              -46.63574505342982,
              -23.554815424935036
            ],
            [
              -46.63574505342982,
              -23.55509349835164
            ],
            [
              -46.63587319485828,
              -23.55509349835164
            ],
            [
              -46.63587319485828,
              -23.554815424935036
            ]
          ]
        ]
      },
      "properties": {
        "sqlu": "SP-000089",
        "mainAddress": "Rua Luis Gois, 2044",
        "inscricaoImobiliaria": "SP-IMO-2024-000089",
        "inscription": "SP-INS-2024000088",
        "setor": "Cerqueira Cesar",
        "quadra": "Q05",
        "lote": "2044",
        "cep": "01313803",
        "sourceType": "OFFICIAL_IMPORT",
        "areaTerreno": 439,
        "zoneamento": "RESIDENCIAL",
        "statusCadastral": "ATIVO",
        "workflowStatus": "APROVADA",
        "isOfficial": true,
        "municipio": "São Paulo",
        "uf": "SP"
      }
    },
    {
      "type": "Feature",
      "geometry": {
        "type": "Polygon",
        "coordinates": [
          [
            [
              -46.64067163186837,
              -23.552097133738826
            ],
            [
              -46.640377842652875,
              -23.552097133738826
            ],
            [
              -46.640377842652875,
              -23.552336662786693
            ],
            [
              -46.64067163186837,
              -23.552336662786693
            ],
            [
              -46.64067163186837,
              -23.552097133738826
            ]
          ]
        ]
      },
      "properties": {
        "sqlu": "SP-000090",
        "mainAddress": "Rua Domingos Leme, 2016",
        "inscricaoImobiliaria": "SP-IMO-2024-000090",
        "inscription": "SP-INS-2024000089",
        "setor": "Jardins",
        "quadra": "Q05",
        "lote": "2016",
        "cep": "01316860",
        "sourceType": "OFFICIAL_IMPORT",
        "areaTerreno": 867,
        "zoneamento": "RESIDENCIAL",
        "statusCadastral": "ATIVO",
        "workflowStatus": "APROVADA",
        "isOfficial": true,
        "municipio": "São Paulo",
        "uf": "SP"
      }
    },
    {
      "type": "Feature",
      "geometry": {
        "type": "Polygon",
        "coordinates": [
          [
            [
              -46.64179652218214,
              -23.544654921584854
            ],
            [
              -46.64152777770934,
              -23.544654921584854
            ],
            [
              -46.64152777770934,
              -23.544819650615974
            ],
            [
              -46.64179652218214,
              -23.544819650615974
            ],
            [
              -46.64179652218214,
              -23.544654921584854
            ]
          ]
        ]
      },
      "properties": {
        "sqlu": "SP-000091",
        "mainAddress": "Rua Haddock Lobo, 1534",
        "inscricaoImobiliaria": "SP-IMO-2024-000091",
        "inscription": "SP-INS-2024000090",
        "setor": "Cerqueira Cesar",
        "quadra": "Q05",
        "lote": "1534",
        "cep": "01308891",
        "sourceType": "OFFICIAL_IMPORT",
        "areaTerreno": 545,
        "zoneamento": "RESIDENCIAL",
        "statusCadastral": "ATIVO",
        "workflowStatus": "EM_VALIDACAO",
        "isOfficial": true,
        "municipio": "São Paulo",
        "uf": "SP"
      }
    },
    {
      "type": "Feature",
      "geometry": {
        "type": "Polygon",
        "coordinates": [
          [
            [
              -46.64451635705071,
              -23.546700685628675
            ],
            [
              -46.64424089094253,
              -23.546700685628675
            ],
            [
              -46.64424089094253,
              -23.54684822421245
            ],
            [
              -46.64451635705071,
              -23.54684822421245
            ],
            [
              -46.64451635705071,
              -23.546700685628675
            ]
          ]
        ]
      },
      "properties": {
        "sqlu": "SP-000092",
        "mainAddress": "Rua Domingos Leme, 319",
        "inscricaoImobiliaria": "SP-IMO-2024-000092",
        "inscription": "SP-INS-2024000091",
        "setor": "Consolacao",
        "quadra": "Q05",
        "lote": "319",
        "cep": "01342641",
        "sourceType": "OFFICIAL_IMPORT",
        "areaTerreno": 501,
        "zoneamento": "RESIDENCIAL",
        "statusCadastral": "ATIVO",
        "workflowStatus": "APROVADA",
        "isOfficial": true,
        "municipio": "São Paulo",
        "uf": "SP"
      }
    },
    {
      "type": "Feature",
      "geometry": {
        "type": "Polygon",
        "coordinates": [
          [
            [
              -46.650880007304,
              -23.549413565685477
            ],
            [
              -46.65072041699801,
              -23.549413565685477
            ],
            [
              -46.65072041699801,
              -23.5496915451912
            ],
            [
              -46.650880007304,
              -23.5496915451912
            ],
            [
              -46.650880007304,
              -23.549413565685477
            ]
          ]
        ]
      },
      "properties": {
        "sqlu": "SP-000093",
        "mainAddress": "Rua Domingos de Morais, 1731",
        "inscricaoImobiliaria": "SP-IMO-2024-000093",
        "inscription": "SP-INS-2024000092",
        "setor": "Bela Vista",
        "quadra": "Q05",
        "lote": "1731",
        "cep": "01345118",
        "sourceType": "OFFICIAL_IMPORT",
        "areaTerreno": 547,
        "zoneamento": "RESIDENCIAL",
        "statusCadastral": "ATIVO",
        "workflowStatus": "APROVADA",
        "isOfficial": true,
        "municipio": "São Paulo",
        "uf": "SP"
      }
    },
    {
      "type": "Feature",
      "geometry": {
        "type": "Polygon",
        "coordinates": [
          [
            [
              -46.649107833029596,
              -23.54995386866094
            ],
            [
              -46.648913918244155,
              -23.54995386866094
            ],
            [
              -46.648913918244155,
              -23.55020204446501
            ],
            [
              -46.649107833029596,
              -23.55020204446501
            ],
            [
              -46.649107833029596,
              -23.54995386866094
            ]
          ]
        ]
      },
      "properties": {
        "sqlu": "SP-000094",
        "mainAddress": "Rua Domingos Leme, 908",
        "inscricaoImobiliaria": "SP-IMO-2024-000094",
        "inscription": "SP-INS-2024000093",
        "setor": "Jardins",
        "quadra": "Q05",
        "lote": "908",
        "cep": "01390406",
        "sourceType": "OFFICIAL_IMPORT",
        "areaTerreno": 593,
        "zoneamento": "MISTO",
        "statusCadastral": "ATIVO",
        "workflowStatus": "APROVADA",
        "isOfficial": true,
        "municipio": "São Paulo",
        "uf": "SP"
      }
    },
    {
      "type": "Feature",
      "geometry": {
        "type": "Polygon",
        "coordinates": [
          [
            [
              -46.65920418115597,
              -23.553430044260907
            ],
            [
              -46.65900116276068,
              -23.553430044260907
            ],
            [
              -46.65900116276068,
              -23.553536479234346
            ],
            [
              -46.65920418115597,
              -23.553536479234346
            ],
            [
              -46.65920418115597,
              -23.553430044260907
            ]
          ]
        ]
      },
      "properties": {
        "sqlu": "SP-000095",
        "mainAddress": "Rua Domingos Leme, 2192",
        "inscricaoImobiliaria": "SP-IMO-2024-000095",
        "inscription": "SP-INS-2024000094",
        "setor": "Consolacao",
        "quadra": "Q05",
        "lote": "2192",
        "cep": "01370851",
        "sourceType": "OFFICIAL_IMPORT",
        "areaTerreno": 266,
        "zoneamento": "RESIDENCIAL",
        "statusCadastral": "ATIVO",
        "workflowStatus": "APROVADA",
        "isOfficial": true,
        "municipio": "São Paulo",
        "uf": "SP"
      }
    },
    {
      "type": "Feature",
      "geometry": {
        "type": "Polygon",
        "coordinates": [
          [
            [
              -46.657771930666776,
              -23.558703433095538
            ],
            [
              -46.657519517831695,
              -23.558703433095538
            ],
            [
              -46.657519517831695,
              -23.558943980489815
            ],
            [
              -46.657771930666776,
              -23.558943980489815
            ],
            [
              -46.657771930666776,
              -23.558703433095538
            ]
          ]
        ]
      },
      "properties": {
        "sqlu": "SP-000096",
        "mainAddress": "Rua Napoleao de Barros, 818",
        "inscricaoImobiliaria": "SP-IMO-2024-000096",
        "inscription": "SP-INS-2024000095",
        "setor": "Vila Mariana",
        "quadra": "Q05",
        "lote": "818",
        "cep": "01361645",
        "sourceType": "OFFICIAL_IMPORT",
        "areaTerreno": 748,
        "zoneamento": "RESIDENCIAL",
        "statusCadastral": "ATIVO",
        "workflowStatus": "APROVADA",
        "isOfficial": true,
        "municipio": "São Paulo",
        "uf": "SP"
      }
    },
    {
      "type": "Feature",
      "geometry": {
        "type": "Polygon",
        "coordinates": [
          [
            [
              -46.64858335711984,
              -23.564817631207386
            ],
            [
              -46.648479743055226,
              -23.564817631207386
            ],
            [
              -46.648479743055226,
              -23.56493061025829
            ],
            [
              -46.64858335711984,
              -23.56493061025829
            ],
            [
              -46.64858335711984,
              -23.564817631207386
            ]
          ]
        ]
      },
      "properties": {
        "sqlu": "SP-000097",
        "mainAddress": "Rua Botucatu, 47",
        "inscricaoImobiliaria": "SP-IMO-2024-000097",
        "inscription": "SP-INS-2024000096",
        "setor": "Consolacao",
        "quadra": "Q05",
        "lote": "47",
        "cep": "01398982",
        "sourceType": "OFFICIAL_IMPORT",
        "areaTerreno": 144,
        "zoneamento": "COMERCIAL",
        "statusCadastral": "ATIVO",
        "workflowStatus": "APROVADA",
        "isOfficial": true,
        "municipio": "São Paulo",
        "uf": "SP"
      }
    },
    {
      "type": "Feature",
      "geometry": {
        "type": "Polygon",
        "coordinates": [
          [
            [
              -46.64600735939651,
              -23.56510013978021
            ],
            [
              -46.645718680452674,
              -23.56510013978021
            ],
            [
              -46.645718680452674,
              -23.565204829008533
            ],
            [
              -46.64600735939651,
              -23.565204829008533
            ],
            [
              -46.64600735939651,
              -23.56510013978021
            ]
          ]
        ]
      },
      "properties": {
        "sqlu": "SP-000098",
        "mainAddress": "Rua Maria Figueiredo, 334",
        "inscricaoImobiliaria": "SP-IMO-2024-000098",
        "inscription": "SP-INS-2024000097",
        "setor": "Bela Vista",
        "quadra": "Q05",
        "lote": "334",
        "cep": "01371725",
        "sourceType": "OFFICIAL_IMPORT",
        "areaTerreno": 372,
        "zoneamento": "COMERCIAL",
        "statusCadastral": "ATIVO",
        "workflowStatus": "APROVADA",
        "isOfficial": true,
        "municipio": "São Paulo",
        "uf": "SP"
      }
    },
    {
      "type": "Feature",
      "geometry": {
        "type": "Polygon",
        "coordinates": [
          [
            [
              -46.6430328618237,
              -23.561943492018106
            ],
            [
              -46.642758581567406,
              -23.561943492018106
            ],
            [
              -46.642758581567406,
              -23.562171336549095
            ],
            [
              -46.6430328618237,
              -23.562171336549095
            ],
            [
              -46.6430328618237,
              -23.561943492018106
            ]
          ]
        ]
      },
      "properties": {
        "sqlu": "SP-000099",
        "mainAddress": "Alameda Jau, 1714",
        "inscricaoImobiliaria": "SP-IMO-2024-000099",
        "inscription": "SP-INS-2024000098",
        "setor": "Bela Vista",
        "quadra": "Q05",
        "lote": "1714",
        "cep": "01382591",
        "sourceType": "OFFICIAL_IMPORT",
        "areaTerreno": 770,
        "zoneamento": "RESIDENCIAL",
        "statusCadastral": "ATIVO",
        "workflowStatus": "EM_VALIDACAO",
        "isOfficial": true,
        "municipio": "São Paulo",
        "uf": "SP"
      }
    },
    {
      "type": "Feature",
      "geometry": {
        "type": "Polygon",
        "coordinates": [
          [
            [
              -46.63450092054828,
              -23.56332385318264
            ],
            [
              -46.63427575003416,
              -23.56332385318264
            ],
            [
              -46.63427575003416,
              -23.56361140329528
            ],
            [
              -46.63450092054828,
              -23.56361140329528
            ],
            [
              -46.63450092054828,
              -23.56332385318264
            ]
          ]
        ]
      },
      "properties": {
        "sqlu": "SP-000100",
        "mainAddress": "Rua Padre Joao Manuel, 1380",
        "inscricaoImobiliaria": "SP-IMO-2024-000100",
        "inscription": "SP-INS-2024000099",
        "setor": "Vila Mariana",
        "quadra": "Q05",
        "lote": "1380",
        "cep": "01308578",
        "sourceType": "OFFICIAL_IMPORT",
        "areaTerreno": 798,
        "zoneamento": "COMERCIAL",
        "statusCadastral": "ATIVO",
        "workflowStatus": "APROVADA",
        "isOfficial": true,
        "municipio": "São Paulo",
        "uf": "SP"
      }
    },
    {
      "type": "Feature",
      "geometry": {
        "type": "Polygon",
        "coordinates": [
          [
            [
              -46.63664900653065,
              -23.558108640999983
            ],
            [
              -46.63648497999296,
              -23.558108640999983
            ],
            [
              -46.63648497999296,
              -23.558290379175453
            ],
            [
              -46.63664900653065,
              -23.558290379175453
            ],
            [
              -46.63664900653065,
              -23.558108640999983
            ]
          ]
        ]
      },
      "properties": {
        "sqlu": "SP-000101",
        "mainAddress": "Rua Peixoto Gomide, 939",
        "inscricaoImobiliaria": "SP-IMO-2024-000101",
        "inscription": "SP-INS-2024000100",
        "setor": "Vila Mariana",
        "quadra": "Q06",
        "lote": "939",
        "cep": "01355497",
        "sourceType": "OFFICIAL_IMPORT",
        "areaTerreno": 367,
        "zoneamento": "COMERCIAL",
        "statusCadastral": "PENDENTE",
        "workflowStatus": "APROVADA",
        "isOfficial": true,
        "municipio": "São Paulo",
        "uf": "SP"
      }
    },
    {
      "type": "Feature",
      "geometry": {
        "type": "Polygon",
        "coordinates": [
          [
            [
              -46.63192156819494,
              -23.551519827836433
            ],
            [
              -46.63171695067676,
              -23.551519827836433
            ],
            [
              -46.63171695067676,
              -23.55166167554863
            ],
            [
              -46.63192156819494,
              -23.55166167554863
            ],
            [
              -46.63192156819494,
              -23.551519827836433
            ]
          ]
        ]
      },
      "properties": {
        "sqlu": "SP-000102",
        "mainAddress": "Avenida Paulista, 903",
        "inscricaoImobiliaria": "SP-IMO-2024-000102",
        "inscription": "SP-INS-2024000101",
        "setor": "Consolacao",
        "quadra": "Q06",
        "lote": "903",
        "cep": "01301934",
        "sourceType": "OFFICIAL_IMPORT",
        "areaTerreno": 358,
        "zoneamento": "COMERCIAL",
        "statusCadastral": "ATIVO",
        "workflowStatus": "EM_VALIDACAO",
        "isOfficial": true,
        "municipio": "São Paulo",
        "uf": "SP"
      }
    },
    {
      "type": "Feature",
      "geometry": {
        "type": "Polygon",
        "coordinates": [
          [
            [
              -46.63736914710498,
              -23.54579678772491
            ],
            [
              -46.63715918974044,
              -23.54579678772491
            ],
            [
              -46.63715918974044,
              -23.54603556588534
            ],
            [
              -46.63736914710498,
              -23.54603556588534
            ],
            [
              -46.63736914710498,
              -23.54579678772491
            ]
          ]
        ]
      },
      "properties": {
        "sqlu": "SP-000103",
        "mainAddress": "Rua Maestro Cardim, 855",
        "inscricaoImobiliaria": "SP-IMO-2024-000103",
        "inscription": "SP-INS-2024000102",
        "setor": "Paraiso",
        "quadra": "Q06",
        "lote": "855",
        "cep": "01332288",
        "sourceType": "OFFICIAL_IMPORT",
        "areaTerreno": 618,
        "zoneamento": "MISTO",
        "statusCadastral": "ATIVO",
        "workflowStatus": "EM_VALIDACAO",
        "isOfficial": true,
        "municipio": "São Paulo",
        "uf": "SP"
      }
    },
    {
      "type": "Feature",
      "geometry": {
        "type": "Polygon",
        "coordinates": [
          [
            [
              -46.64166750465515,
              -23.542195828350085
            ],
            [
              -46.64140663101693,
              -23.542195828350085
            ],
            [
              -46.64140663101693,
              -23.542474871831068
            ],
            [
              -46.64166750465515,
              -23.542474871831068
            ],
            [
              -46.64166750465515,
              -23.542195828350085
            ]
          ]
        ]
      },
      "properties": {
        "sqlu": "SP-000104",
        "mainAddress": "Rua Augusta, 171",
        "inscricaoImobiliaria": "SP-IMO-2024-000104",
        "inscription": "SP-INS-2024000103",
        "setor": "Paraiso",
        "quadra": "Q06",
        "lote": "171",
        "cep": "01354219",
        "sourceType": "OFFICIAL_IMPORT",
        "areaTerreno": 897,
        "zoneamento": "RESIDENCIAL",
        "statusCadastral": "ATIVO",
        "workflowStatus": "EM_VALIDACAO",
        "isOfficial": true,
        "municipio": "São Paulo",
        "uf": "SP"
      }
    },
    {
      "type": "Feature",
      "geometry": {
        "type": "Polygon",
        "coordinates": [
          [
            [
              -46.646959516969595,
              -23.540407522664673
            ],
            [
              -46.646733427971306,
              -23.540407522664673
            ],
            [
              -46.646733427971306,
              -23.540624014931744
            ],
            [
              -46.646959516969595,
              -23.540624014931744
            ],
            [
              -46.646959516969595,
              -23.540407522664673
            ]
          ]
        ]
      },
      "properties": {
        "sqlu": "SP-000105",
        "mainAddress": "Rua Loefgreen, 1708",
        "inscricaoImobiliaria": "SP-IMO-2024-000105",
        "inscription": "SP-INS-2024000104",
        "setor": "Vila Mariana",
        "quadra": "Q06",
        "lote": "1708",
        "cep": "01319194",
        "sourceType": "OFFICIAL_IMPORT",
        "areaTerreno": 603,
        "zoneamento": "RESIDENCIAL",
        "statusCadastral": "ATIVO",
        "workflowStatus": "EM_VALIDACAO",
        "isOfficial": true,
        "municipio": "São Paulo",
        "uf": "SP"
      }
    },
    {
      "type": "Feature",
      "geometry": {
        "type": "Polygon",
        "coordinates": [
          [
            [
              -46.65451753552096,
              -23.54532958557508
            ],
            [
              -46.654385422505584,
              -23.54532958557508
            ],
            [
              -46.654385422505584,
              -23.54559402094673
            ],
            [
              -46.65451753552096,
              -23.54559402094673
            ],
            [
              -46.65451753552096,
              -23.54532958557508
            ]
          ]
        ]
      },
      "properties": {
        "sqlu": "SP-000106",
        "mainAddress": "Alameda Santos, 1411",
        "inscricaoImobiliaria": "SP-IMO-2024-000106",
        "inscription": "SP-INS-2024000105",
        "setor": "Consolacao",
        "quadra": "Q06",
        "lote": "1411",
        "cep": "01321443",
        "sourceType": "OFFICIAL_IMPORT",
        "areaTerreno": 430,
        "zoneamento": "RESIDENCIAL",
        "statusCadastral": "ATIVO",
        "workflowStatus": "APROVADA",
        "isOfficial": true,
        "municipio": "São Paulo",
        "uf": "SP"
      }
    },
    {
      "type": "Feature",
      "geometry": {
        "type": "Polygon",
        "coordinates": [
          [
            [
              -46.65276711356711,
              -23.54969473168081
            ],
            [
              -46.65252893447302,
              -23.54969473168081
            ],
            [
              -46.65252893447302,
              -23.549830774398224
            ],
            [
              -46.65276711356711,
              -23.549830774398224
            ],
            [
              -46.65276711356711,
              -23.54969473168081
            ]
          ]
        ]
      },
      "properties": {
        "sqlu": "SP-000107",
        "mainAddress": "Rua Augusta, 1701",
        "inscricaoImobiliaria": "SP-IMO-2024-000107",
        "inscription": "SP-INS-2024000106",
        "setor": "Vila Mariana",
        "quadra": "Q06",
        "lote": "1701",
        "cep": "01364555",
        "sourceType": "OFFICIAL_IMPORT",
        "areaTerreno": 399,
        "zoneamento": "RESIDENCIAL",
        "statusCadastral": "ATIVO",
        "workflowStatus": "APROVADA",
        "isOfficial": true,
        "municipio": "São Paulo",
        "uf": "SP"
      }
    },
    {
      "type": "Feature",
      "geometry": {
        "type": "Polygon",
        "coordinates": [
          [
            [
              -46.660980179760045,
              -23.556321227558854
            ],
            [
              -46.660697165823464,
              -23.556321227558854
            ],
            [
              -46.660697165823464,
              -23.556448236855896
            ],
            [
              -46.660980179760045,
              -23.556448236855896
            ],
            [
              -46.660980179760045,
              -23.556321227558854
            ]
          ]
        ]
      },
      "properties": {
        "sqlu": "SP-000108",
        "mainAddress": "Rua Borges Lagoa, 563",
        "inscricaoImobiliaria": "SP-IMO-2024-000108",
        "inscription": "SP-INS-2024000107",
        "setor": "Cerqueira Cesar",
        "quadra": "Q06",
        "lote": "563",
        "cep": "01339437",
        "sourceType": "OFFICIAL_IMPORT",
        "areaTerreno": 443,
        "zoneamento": "MISTO",
        "statusCadastral": "ATIVO",
        "workflowStatus": "APROVADA",
        "isOfficial": true,
        "municipio": "São Paulo",
        "uf": "SP"
      }
    },
    {
      "type": "Feature",
      "geometry": {
        "type": "Polygon",
        "coordinates": [
          [
            [
              -46.65331945957507,
              -23.559817827534097
            ],
            [
              -46.653093808918754,
              -23.559817827534097
            ],
            [
              -46.653093808918754,
              -23.55997581106686
            ],
            [
              -46.65331945957507,
              -23.55997581106686
            ],
            [
              -46.65331945957507,
              -23.559817827534097
            ]
          ]
        ]
      },
      "properties": {
        "sqlu": "SP-000109",
        "mainAddress": "Rua Padre Joao Manuel, 1438",
        "inscricaoImobiliaria": "SP-IMO-2024-000109",
        "inscription": "SP-INS-2024000108",
        "setor": "Consolacao",
        "quadra": "Q06",
        "lote": "1438",
        "cep": "01328947",
        "sourceType": "OFFICIAL_IMPORT",
        "areaTerreno": 439,
        "zoneamento": "RESIDENCIAL",
        "statusCadastral": "PENDENTE",
        "workflowStatus": "APROVADA",
        "isOfficial": true,
        "municipio": "São Paulo",
        "uf": "SP"
      }
    },
    {
      "type": "Feature",
      "geometry": {
        "type": "Polygon",
        "coordinates": [
          [
            [
              -46.647569350342565,
              -23.56241714716734
            ],
            [
              -46.6474324419002,
              -23.56241714716734
            ],
            [
              -46.6474324419002,
              -23.562539028892665
            ],
            [
              -46.647569350342565,
              -23.562539028892665
            ],
            [
              -46.647569350342565,
              -23.56241714716734
            ]
          ]
        ]
      },
      "properties": {
        "sqlu": "SP-000110",
        "mainAddress": "Rua da Consolacao, 737",
        "inscricaoImobiliaria": "SP-IMO-2024-000110",
        "inscription": "SP-INS-2024000109",
        "setor": "Paraiso",
        "quadra": "Q06",
        "lote": "737",
        "cep": "01372502",
        "sourceType": "OFFICIAL_IMPORT",
        "areaTerreno": 206,
        "zoneamento": "RESIDENCIAL",
        "statusCadastral": "ATIVO",
        "workflowStatus": "APROVADA",
        "isOfficial": true,
        "municipio": "São Paulo",
        "uf": "SP"
      }
    },
    {
      "type": "Feature",
      "geometry": {
        "type": "Polygon",
        "coordinates": [
          [
            [
              -46.644787950613946,
              -23.570767821765152
            ],
            [
              -46.64454602651816,
              -23.570767821765152
            ],
            [
              -46.64454602651816,
              -23.570946155076825
            ],
            [
              -46.644787950613946,
              -23.570946155076825
            ],
            [
              -46.644787950613946,
              -23.570767821765152
            ]
          ]
        ]
      },
      "properties": {
        "sqlu": "SP-000111",
        "mainAddress": "Rua Vergueiro, 528",
        "inscricaoImobiliaria": "SP-IMO-2024-000111",
        "inscription": "SP-INS-2024000110",
        "setor": "Paraiso",
        "quadra": "Q06",
        "lote": "528",
        "cep": "01370166",
        "sourceType": "OFFICIAL_IMPORT",
        "areaTerreno": 532,
        "zoneamento": "RESIDENCIAL",
        "statusCadastral": "ATIVO",
        "workflowStatus": "APROVADA",
        "isOfficial": true,
        "municipio": "São Paulo",
        "uf": "SP"
      }
    },
    {
      "type": "Feature",
      "geometry": {
        "type": "Polygon",
        "coordinates": [
          [
            [
              -46.63883141633117,
              -23.564492457612953
            ],
            [
              -46.63857068088667,
              -23.564492457612953
            ],
            [
              -46.63857068088667,
              -23.56474680225364
            ],
            [
              -46.63883141633117,
              -23.56474680225364
            ],
            [
              -46.63883141633117,
              -23.564492457612953
            ]
          ]
        ]
      },
      "properties": {
        "sqlu": "SP-000112",
        "mainAddress": "Rua Luis Gois, 1702",
        "inscricaoImobiliaria": "SP-IMO-2024-000112",
        "inscription": "SP-INS-2024000111",
        "setor": "Cerqueira Cesar",
        "quadra": "Q06",
        "lote": "1702",
        "cep": "01386048",
        "sourceType": "OFFICIAL_IMPORT",
        "areaTerreno": 817,
        "zoneamento": "COMERCIAL",
        "statusCadastral": "ATIVO",
        "workflowStatus": "APROVADA",
        "isOfficial": true,
        "municipio": "São Paulo",
        "uf": "SP"
      }
    },
    {
      "type": "Feature",
      "geometry": {
        "type": "Polygon",
        "coordinates": [
          [
            [
              -46.63930269310757,
              -23.56222086407221
            ],
            [
              -46.639180232414475,
              -23.56222086407221
            ],
            [
              -46.639180232414475,
              -23.562403442248833
            ],
            [
              -46.63930269310757,
              -23.562403442248833
            ],
            [
              -46.63930269310757,
              -23.56222086407221
            ]
          ]
        ]
      },
      "properties": {
        "sqlu": "SP-000113",
        "mainAddress": "Rua Sena Madureira, 2031",
        "inscricaoImobiliaria": "SP-IMO-2024-000113",
        "inscription": "SP-INS-2024000112",
        "setor": "Paraiso",
        "quadra": "Q06",
        "lote": "2031",
        "cep": "01393662",
        "sourceType": "OFFICIAL_IMPORT",
        "areaTerreno": 275,
        "zoneamento": "MISTO",
        "statusCadastral": "ATIVO",
        "workflowStatus": "APROVADA",
        "isOfficial": true,
        "municipio": "São Paulo",
        "uf": "SP"
      }
    },
    {
      "type": "Feature",
      "geometry": {
        "type": "Polygon",
        "coordinates": [
          [
            [
              -46.63523130688998,
              -23.55542171786371
            ],
            [
              -46.635080886501974,
              -23.55542171786371
            ],
            [
              -46.635080886501974,
              -23.5556898358361
            ],
            [
              -46.63523130688998,
              -23.5556898358361
            ],
            [
              -46.63523130688998,
              -23.55542171786371
            ]
          ]
        ]
      },
      "properties": {
        "sqlu": "SP-000114",
        "mainAddress": "Rua Botucatu, 814",
        "inscricaoImobiliaria": "SP-IMO-2024-000114",
        "inscription": "SP-INS-2024000113",
        "setor": "Consolacao",
        "quadra": "Q06",
        "lote": "814",
        "cep": "01372404",
        "sourceType": "OFFICIAL_IMPORT",
        "areaTerreno": 497,
        "zoneamento": "RESIDENCIAL",
        "statusCadastral": "ATIVO",
        "workflowStatus": "APROVADA",
        "isOfficial": true,
        "municipio": "São Paulo",
        "uf": "SP"
      }
    },
    {
      "type": "Feature",
      "geometry": {
        "type": "Polygon",
        "coordinates": [
          [
            [
              -46.63183655142647,
              -23.547773883759973
            ],
            [
              -46.63160908587919,
              -23.547773883759973
            ],
            [
              -46.63160908587919,
              -23.54805843692149
            ],
            [
              -46.63183655142647,
              -23.54805843692149
            ],
            [
              -46.63183655142647,
              -23.547773883759973
            ]
          ]
        ]
      },
      "properties": {
        "sqlu": "SP-000115",
        "mainAddress": "Rua Sena Madureira, 2367",
        "inscricaoImobiliaria": "SP-IMO-2024-000115",
        "inscription": "SP-INS-2024000114",
        "setor": "Vila Mariana",
        "quadra": "Q06",
        "lote": "2367",
        "cep": "01310369",
        "sourceType": "OFFICIAL_IMPORT",
        "areaTerreno": 797,
        "zoneamento": "RESIDENCIAL",
        "statusCadastral": "ATIVO",
        "workflowStatus": "APROVADA",
        "isOfficial": true,
        "municipio": "São Paulo",
        "uf": "SP"
      }
    },
    {
      "type": "Feature",
      "geometry": {
        "type": "Polygon",
        "coordinates": [
          [
            [
              -46.64112978681923,
              -23.549523944157077
            ],
            [
              -46.64093566997699,
              -23.549523944157077
            ],
            [
              -46.64093566997699,
              -23.549688244556453
            ],
            [
              -46.64112978681923,
              -23.549688244556453
            ],
            [
              -46.64112978681923,
              -23.549523944157077
            ]
          ]
        ]
      },
      "properties": {
        "sqlu": "SP-000116",
        "mainAddress": "Rua Padre Joao Manuel, 1174",
        "inscricaoImobiliaria": "SP-IMO-2024-000116",
        "inscription": "SP-INS-2024000115",
        "setor": "Consolacao",
        "quadra": "Q06",
        "lote": "1174",
        "cep": "01335032",
        "sourceType": "OFFICIAL_IMPORT",
        "areaTerreno": 393,
        "zoneamento": "MISTO",
        "statusCadastral": "CONFLITO",
        "workflowStatus": "APROVADA",
        "isOfficial": true,
        "municipio": "São Paulo",
        "uf": "SP"
      }
    },
    {
      "type": "Feature",
      "geometry": {
        "type": "Polygon",
        "coordinates": [
          [
            [
              -46.64300072481433,
              -23.54247890036725
            ],
            [
              -46.64281146115981,
              -23.54247890036725
            ],
            [
              -46.64281146115981,
              -23.542761665899736
            ],
            [
              -46.64300072481433,
              -23.542761665899736
            ],
            [
              -46.64300072481433,
              -23.54247890036725
            ]
          ]
        ]
      },
      "properties": {
        "sqlu": "SP-000117",
        "mainAddress": "Rua Coronel Oscar Porto, 276",
        "inscricaoImobiliaria": "SP-IMO-2024-000117",
        "inscription": "SP-INS-2024000116",
        "setor": "Jardins",
        "quadra": "Q06",
        "lote": "276",
        "cep": "01383787",
        "sourceType": "OFFICIAL_IMPORT",
        "areaTerreno": 659,
        "zoneamento": "RESIDENCIAL",
        "statusCadastral": "ATIVO",
        "workflowStatus": "APROVADA",
        "isOfficial": true,
        "municipio": "São Paulo",
        "uf": "SP"
      }
    },
    {
      "type": "Feature",
      "geometry": {
        "type": "Polygon",
        "coordinates": [
          [
            [
              -46.65079767098107,
              -23.53941794206562
            ],
            [
              -46.65061841370109,
              -23.53941794206562
            ],
            [
              -46.65061841370109,
              -23.539578546822867
            ],
            [
              -46.65079767098107,
              -23.539578546822867
            ],
            [
              -46.65079767098107,
              -23.53941794206562
            ]
          ]
        ]
      },
      "properties": {
        "sqlu": "SP-000118",
        "mainAddress": "Rua Afonso Celso, 1395",
        "inscricaoImobiliaria": "SP-IMO-2024-000118",
        "inscription": "SP-INS-2024000117",
        "setor": "Jardins",
        "quadra": "Q06",
        "lote": "1395",
        "cep": "01371200",
        "sourceType": "OFFICIAL_IMPORT",
        "areaTerreno": 355,
        "zoneamento": "COMERCIAL",
        "statusCadastral": "ATIVO",
        "workflowStatus": "APROVADA",
        "isOfficial": true,
        "municipio": "São Paulo",
        "uf": "SP"
      }
    },
    {
      "type": "Feature",
      "geometry": {
        "type": "Polygon",
        "coordinates": [
          [
            [
              -46.65236861515147,
              -23.547731935032765
            ],
            [
              -46.65215402923524,
              -23.547731935032765
            ],
            [
              -46.65215402923524,
              -23.547911299106485
            ],
            [
              -46.65236861515147,
              -23.547911299106485
            ],
            [
              -46.65236861515147,
              -23.547731935032765
            ]
          ]
        ]
      },
      "properties": {
        "sqlu": "SP-000119",
        "mainAddress": "Rua Maestro Cardim, 399",
        "inscricaoImobiliaria": "SP-IMO-2024-000119",
        "inscription": "SP-INS-2024000118",
        "setor": "Vila Mariana",
        "quadra": "Q06",
        "lote": "399",
        "cep": "01300122",
        "sourceType": "OFFICIAL_IMPORT",
        "areaTerreno": 474,
        "zoneamento": "RESIDENCIAL",
        "statusCadastral": "ATIVO",
        "workflowStatus": "APROVADA",
        "isOfficial": true,
        "municipio": "São Paulo",
        "uf": "SP"
      }
    },
    {
      "type": "Feature",
      "geometry": {
        "type": "Polygon",
        "coordinates": [
          [
            [
              -46.662762064859876,
              -23.553239318111466
            ],
            [
              -46.66260435533402,
              -23.553239318111466
            ],
            [
              -46.66260435533402,
              -23.5533716749731
            ],
            [
              -46.662762064859876,
              -23.5533716749731
            ],
            [
              -46.662762064859876,
              -23.553239318111466
            ]
          ]
        ]
      },
      "properties": {
        "sqlu": "SP-000120",
        "mainAddress": "Alameda Jau, 137",
        "inscricaoImobiliaria": "SP-IMO-2024-000120",
        "inscription": "SP-INS-2024000119",
        "setor": "Jardins",
        "quadra": "Q06",
        "lote": "137",
        "cep": "01326248",
        "sourceType": "OFFICIAL_IMPORT",
        "areaTerreno": 257,
        "zoneamento": "RESIDENCIAL",
        "statusCadastral": "ATIVO",
        "workflowStatus": "APROVADA",
        "isOfficial": true,
        "municipio": "São Paulo",
        "uf": "SP"
      }
    },
    {
      "type": "Feature",
      "geometry": {
        "type": "Polygon",
        "coordinates": [
          [
            [
              -46.653244103138555,
              -23.558296471925747
            ],
            [
              -46.653082459440334,
              -23.558296471925747
            ],
            [
              -46.653082459440334,
              -23.55842741734709
            ],
            [
              -46.653244103138555,
              -23.55842741734709
            ],
            [
              -46.653244103138555,
              -23.558296471925747
            ]
          ]
        ]
      },
      "properties": {
        "sqlu": "SP-000121",
        "mainAddress": "Rua Antonio Carlos, 2542",
        "inscricaoImobiliaria": "SP-IMO-2024-000121",
        "inscription": "SP-INS-2024000120",
        "setor": "Bela Vista",
        "quadra": "Q07",
        "lote": "2542",
        "cep": "01385445",
        "sourceType": "OFFICIAL_IMPORT",
        "areaTerreno": 261,
        "zoneamento": "RESIDENCIAL",
        "statusCadastral": "ATIVO",
        "workflowStatus": "APROVADA",
        "isOfficial": true,
        "municipio": "São Paulo",
        "uf": "SP"
      }
    },
    {
      "type": "Feature",
      "geometry": {
        "type": "Polygon",
        "coordinates": [
          [
            [
              -46.65499021660239,
              -23.563235267923215
            ],
            [
              -46.65484785102831,
              -23.563235267923215
            ],
            [
              -46.65484785102831,
              -23.563531168306834
            ],
            [
              -46.65499021660239,
              -23.563531168306834
            ],
            [
              -46.65499021660239,
              -23.563235267923215
            ]
          ]
        ]
      },
      "properties": {
        "sqlu": "SP-000122",
        "mainAddress": "Alameda Jau, 442",
        "inscricaoImobiliaria": "SP-IMO-2024-000122",
        "inscription": "SP-INS-2024000121",
        "setor": "Vila Mariana",
        "quadra": "Q07",
        "lote": "442",
        "cep": "01309761",
        "sourceType": "OFFICIAL_IMPORT",
        "areaTerreno": 519,
        "zoneamento": "RESIDENCIAL",
        "statusCadastral": "ATIVO",
        "workflowStatus": "EM_VALIDACAO",
        "isOfficial": true,
        "municipio": "São Paulo",
        "uf": "SP"
      }
    },
    {
      "type": "Feature",
      "geometry": {
        "type": "Polygon",
        "coordinates": [
          [
            [
              -46.6469475595397,
              -23.569881593818657
            ],
            [
              -46.64683336243528,
              -23.569881593818657
            ],
            [
              -46.64683336243528,
              -23.570026242765948
            ],
            [
              -46.6469475595397,
              -23.570026242765948
            ],
            [
              -46.6469475595397,
              -23.569881593818657
            ]
          ]
        ]
      },
      "properties": {
        "sqlu": "SP-000123",
        "mainAddress": "Rua Borges Lagoa, 2026",
        "inscricaoImobiliaria": "SP-IMO-2024-000123",
        "inscription": "SP-INS-2024000122",
        "setor": "Consolacao",
        "quadra": "Q07",
        "lote": "2026",
        "cep": "01394566",
        "sourceType": "OFFICIAL_IMPORT",
        "areaTerreno": 204,
        "zoneamento": "RESIDENCIAL",
        "statusCadastral": "ATIVO",
        "workflowStatus": "APROVADA",
        "isOfficial": true,
        "municipio": "São Paulo",
        "uf": "SP"
      }
    },
    {
      "type": "Feature",
      "geometry": {
        "type": "Polygon",
        "coordinates": [
          [
            [
              -46.64209427375533,
              -23.563065356708638
            ],
            [
              -46.6419225121939,
              -23.563065356708638
            ],
            [
              -46.6419225121939,
              -23.563345938197003
            ],
            [
              -46.64209427375533,
              -23.563345938197003
            ],
            [
              -46.64209427375533,
              -23.563065356708638
            ]
          ]
        ]
      },
      "properties": {
        "sqlu": "SP-000124",
        "mainAddress": "Rua Loefgreen, 1063",
        "inscricaoImobiliaria": "SP-IMO-2024-000124",
        "inscription": "SP-INS-2024000123",
        "setor": "Bela Vista",
        "quadra": "Q07",
        "lote": "1063",
        "cep": "01393631",
        "sourceType": "OFFICIAL_IMPORT",
        "areaTerreno": 594,
        "zoneamento": "MISTO",
        "statusCadastral": "ATIVO",
        "workflowStatus": "APROVADA",
        "isOfficial": true,
        "municipio": "São Paulo",
        "uf": "SP"
      }
    },
    {
      "type": "Feature",
      "geometry": {
        "type": "Polygon",
        "coordinates": [
          [
            [
              -46.635242988235696,
              -23.560175520072026
            ],
            [
              -46.63505522612201,
              -23.560175520072026
            ],
            [
              -46.63505522612201,
              -23.560317509190973
            ],
            [
              -46.635242988235696,
              -23.560317509190973
            ],
            [
              -46.635242988235696,
              -23.560175520072026
            ]
          ]
        ]
      },
      "properties": {
        "sqlu": "SP-000125",
        "mainAddress": "Rua da Consolacao, 910",
        "inscricaoImobiliaria": "SP-IMO-2024-000125",
        "inscription": "SP-INS-2024000124",
        "setor": "Paraiso",
        "quadra": "Q07",
        "lote": "910",
        "cep": "01363098",
        "sourceType": "OFFICIAL_IMPORT",
        "areaTerreno": 328,
        "zoneamento": "RESIDENCIAL",
        "statusCadastral": "ATIVO",
        "workflowStatus": "EM_VALIDACAO",
        "isOfficial": true,
        "municipio": "São Paulo",
        "uf": "SP"
      }
    },
    {
      "type": "Feature",
      "geometry": {
        "type": "Polygon",
        "coordinates": [
          [
            [
              -46.63642853434545,
              -23.559350099910066
            ],
            [
              -46.63613583085277,
              -23.559350099910066
            ],
            [
              -46.63613583085277,
              -23.559472107408926
            ],
            [
              -46.63642853434545,
              -23.559472107408926
            ],
            [
              -46.63642853434545,
              -23.559350099910066
            ]
          ]
        ]
      },
      "properties": {
        "sqlu": "SP-000126",
        "mainAddress": "Rua Marselhesa, 2989",
        "inscricaoImobiliaria": "SP-IMO-2024-000126",
        "inscription": "SP-INS-2024000125",
        "setor": "Paraiso",
        "quadra": "Q07",
        "lote": "2989",
        "cep": "01364974",
        "sourceType": "OFFICIAL_IMPORT",
        "areaTerreno": 440,
        "zoneamento": "RESIDENCIAL",
        "statusCadastral": "ATIVO",
        "workflowStatus": "PENDENTE",
        "isOfficial": true,
        "municipio": "São Paulo",
        "uf": "SP"
      }
    },
    {
      "type": "Feature",
      "geometry": {
        "type": "Polygon",
        "coordinates": [
          [
            [
              -46.635150833902884,
              -23.552006101050928
            ],
            [
              -46.63497012004021,
              -23.552006101050928
            ],
            [
              -46.63497012004021,
              -23.552236148494895
            ],
            [
              -46.635150833902884,
              -23.552236148494895
            ],
            [
              -46.635150833902884,
              -23.552006101050928
            ]
          ]
        ]
      },
      "properties": {
        "sqlu": "SP-000127",
        "mainAddress": "Rua Vergueiro, 1323",
        "inscricaoImobiliaria": "SP-IMO-2024-000127",
        "inscription": "SP-INS-2024000126",
        "setor": "Vila Mariana",
        "quadra": "Q07",
        "lote": "1323",
        "cep": "01365909",
        "sourceType": "OFFICIAL_IMPORT",
        "areaTerreno": 512,
        "zoneamento": "COMERCIAL",
        "statusCadastral": "ATIVO",
        "workflowStatus": "PENDENTE",
        "isOfficial": true,
        "municipio": "São Paulo",
        "uf": "SP"
      }
    },
    {
      "type": "Feature",
      "geometry": {
        "type": "Polygon",
        "coordinates": [
          [
            [
              -46.63634030162068,
              -23.547876532405297
            ],
            [
              -46.63612006387318,
              -23.547876532405297
            ],
            [
              -46.63612006387318,
              -23.548052686651918
            ],
            [
              -46.63634030162068,
              -23.548052686651918
            ],
            [
              -46.63634030162068,
              -23.547876532405297
            ]
          ]
        ]
      },
      "properties": {
        "sqlu": "SP-000128",
        "mainAddress": "Rua Marselhesa, 896",
        "inscricaoImobiliaria": "SP-IMO-2024-000128",
        "inscription": "SP-INS-2024000127",
        "setor": "Vila Mariana",
        "quadra": "Q07",
        "lote": "896",
        "cep": "01359426",
        "sourceType": "OFFICIAL_IMPORT",
        "areaTerreno": 478,
        "zoneamento": "RESIDENCIAL",
        "statusCadastral": "ATIVO",
        "workflowStatus": "EM_VALIDACAO",
        "isOfficial": true,
        "municipio": "São Paulo",
        "uf": "SP"
      }
    },
    {
      "type": "Feature",
      "geometry": {
        "type": "Polygon",
        "coordinates": [
          [
            [
              -46.63770288614335,
              -23.541650647263857
            ],
            [
              -46.63744629225477,
              -23.541650647263857
            ],
            [
              -46.63744629225477,
              -23.541795888391405
            ],
            [
              -46.63770288614335,
              -23.541795888391405
            ],
            [
              -46.63770288614335,
              -23.541650647263857
            ]
          ]
        ]
      },
      "properties": {
        "sqlu": "SP-000129",
        "mainAddress": "Rua Padre Joao Manuel, 2088",
        "inscricaoImobiliaria": "SP-IMO-2024-000129",
        "inscription": "SP-INS-2024000128",
        "setor": "Cerqueira Cesar",
        "quadra": "Q07",
        "lote": "2088",
        "cep": "01315859",
        "sourceType": "OFFICIAL_IMPORT",
        "areaTerreno": 459,
        "zoneamento": "RESIDENCIAL",
        "statusCadastral": "ATIVO",
        "workflowStatus": "APROVADA",
        "isOfficial": true,
        "municipio": "São Paulo",
        "uf": "SP"
      }
    },
    {
      "type": "Feature",
      "geometry": {
        "type": "Polygon",
        "coordinates": [
          [
            [
              -46.64574779842998,
              -23.53761727832549
            ],
            [
              -46.645565372581345,
              -23.53761727832549
            ],
            [
              -46.645565372581345,
              -23.53786593915241
            ],
            [
              -46.64574779842998,
              -23.53786593915241
            ],
            [
              -46.64574779842998,
              -23.53761727832549
            ]
          ]
        ]
      },
      "properties": {
        "sqlu": "SP-000130",
        "mainAddress": "Rua Padre Joao Manuel, 1014",
        "inscricaoImobiliaria": "SP-IMO-2024-000130",
        "inscription": "SP-INS-2024000129",
        "setor": "Consolacao",
        "quadra": "Q07",
        "lote": "1014",
        "cep": "01350433",
        "sourceType": "OFFICIAL_IMPORT",
        "areaTerreno": 559,
        "zoneamento": "MISTO",
        "statusCadastral": "ATIVO",
        "workflowStatus": "APROVADA",
        "isOfficial": true,
        "municipio": "São Paulo",
        "uf": "SP"
      }
    },
    {
      "type": "Feature",
      "geometry": {
        "type": "Polygon",
        "coordinates": [
          [
            [
              -46.65334385808613,
              -23.542260377714822
            ],
            [
              -46.6531900073294,
              -23.542260377714822
            ],
            [
              -46.6531900073294,
              -23.542552230263137
            ],
            [
              -46.65334385808613,
              -23.542552230263137
            ],
            [
              -46.65334385808613,
              -23.542260377714822
            ]
          ]
        ]
      },
      "properties": {
        "sqlu": "SP-000131",
        "mainAddress": "Rua Sena Madureira, 442",
        "inscricaoImobiliaria": "SP-IMO-2024-000131",
        "inscription": "SP-INS-2024000130",
        "setor": "Cerqueira Cesar",
        "quadra": "Q07",
        "lote": "442",
        "cep": "01395971",
        "sourceType": "OFFICIAL_IMPORT",
        "areaTerreno": 553,
        "zoneamento": "COMERCIAL",
        "statusCadastral": "ATIVO",
        "workflowStatus": "APROVADA",
        "isOfficial": true,
        "municipio": "São Paulo",
        "uf": "SP"
      }
    },
    {
      "type": "Feature",
      "geometry": {
        "type": "Polygon",
        "coordinates": [
          [
            [
              -46.652602378825684,
              -23.5507785022166
            ],
            [
              -46.65237163539367,
              -23.5507785022166
            ],
            [
              -46.65237163539367,
              -23.551063845915632
            ],
            [
              -46.652602378825684,
              -23.551063845915632
            ],
            [
              -46.652602378825684,
              -23.5507785022166
            ]
          ]
        ]
      },
      "properties": {
        "sqlu": "SP-000132",
        "mainAddress": "Rua Marselhesa, 2659",
        "inscricaoImobiliaria": "SP-IMO-2024-000132",
        "inscription": "SP-INS-2024000131",
        "setor": "Consolacao",
        "quadra": "Q07",
        "lote": "2659",
        "cep": "01329932",
        "sourceType": "OFFICIAL_IMPORT",
        "areaTerreno": 811,
        "zoneamento": "RESIDENCIAL",
        "statusCadastral": "ATIVO",
        "workflowStatus": "APROVADA",
        "isOfficial": true,
        "municipio": "São Paulo",
        "uf": "SP"
      }
    },
    {
      "type": "Feature",
      "geometry": {
        "type": "Polygon",
        "coordinates": [
          [
            [
              -46.663509481457936,
              -23.555228918944536
            ],
            [
              -46.663291531463656,
              -23.555228918944536
            ],
            [
              -46.663291531463656,
              -23.55534412958806
            ],
            [
              -46.663509481457936,
              -23.55534412958806
            ],
            [
              -46.663509481457936,
              -23.555228918944536
            ]
          ]
        ]
      },
      "properties": {
        "sqlu": "SP-000133",
        "mainAddress": "Rua Domingos Leme, 1005",
        "inscricaoImobiliaria": "SP-IMO-2024-000133",
        "inscription": "SP-INS-2024000132",
        "setor": "Vila Mariana",
        "quadra": "Q07",
        "lote": "1005",
        "cep": "01329637",
        "sourceType": "OFFICIAL_IMPORT",
        "areaTerreno": 309,
        "zoneamento": "RESIDENCIAL",
        "statusCadastral": "ATIVO",
        "workflowStatus": "APROVADA",
        "isOfficial": true,
        "municipio": "São Paulo",
        "uf": "SP"
      }
    },
    {
      "type": "Feature",
      "geometry": {
        "type": "Polygon",
        "coordinates": [
          [
            [
              -46.65880258240753,
              -23.5592756414256
            ],
            [
              -46.658639500955346,
              -23.5592756414256
            ],
            [
              -46.658639500955346,
              -23.559490036993704
            ],
            [
              -46.65880258240753,
              -23.559490036993704
            ],
            [
              -46.65880258240753,
              -23.5592756414256
            ]
          ]
        ]
      },
      "properties": {
        "sqlu": "SP-000134",
        "mainAddress": "Rua Maestro Cardim, 2335",
        "inscricaoImobiliaria": "SP-IMO-2024-000134",
        "inscription": "SP-INS-2024000133",
        "setor": "Vila Mariana",
        "quadra": "Q07",
        "lote": "2335",
        "cep": "01381270",
        "sourceType": "OFFICIAL_IMPORT",
        "areaTerreno": 431,
        "zoneamento": "COMERCIAL",
        "statusCadastral": "ATIVO",
        "workflowStatus": "EM_VALIDACAO",
        "isOfficial": true,
        "municipio": "São Paulo",
        "uf": "SP"
      }
    },
    {
      "type": "Feature",
      "geometry": {
        "type": "Polygon",
        "coordinates": [
          [
            [
              -46.65313273568426,
              -23.567949185195545
            ],
            [
              -46.65294020761998,
              -23.567949185195545
            ],
            [
              -46.65294020761998,
              -23.568157677769673
            ],
            [
              -46.65313273568426,
              -23.568157677769673
            ],
            [
              -46.65313273568426,
              -23.567949185195545
            ]
          ]
        ]
      },
      "properties": {
        "sqlu": "SP-000135",
        "mainAddress": "Rua Afonso Celso, 790",
        "inscricaoImobiliaria": "SP-IMO-2024-000135",
        "inscription": "SP-INS-2024000134",
        "setor": "Paraiso",
        "quadra": "Q07",
        "lote": "790",
        "cep": "01350614",
        "sourceType": "OFFICIAL_IMPORT",
        "areaTerreno": 495,
        "zoneamento": "RESIDENCIAL",
        "statusCadastral": "ATIVO",
        "workflowStatus": "APROVADA",
        "isOfficial": true,
        "municipio": "São Paulo",
        "uf": "SP"
      }
    },
    {
      "type": "Feature",
      "geometry": {
        "type": "Polygon",
        "coordinates": [
          [
            [
              -46.64538888795571,
              -23.566737571593077
            ],
            [
              -46.64509879189808,
              -23.566737571593077
            ],
            [
              -46.64509879189808,
              -23.56687070611338
            ],
            [
              -46.64538888795571,
              -23.56687070611338
            ],
            [
              -46.64538888795571,
              -23.566737571593077
            ]
          ]
        ]
      },
      "properties": {
        "sqlu": "SP-000136",
        "mainAddress": "Rua Domingos de Morais, 785",
        "inscricaoImobiliaria": "SP-IMO-2024-000136",
        "inscription": "SP-INS-2024000135",
        "setor": "Cerqueira Cesar",
        "quadra": "Q07",
        "lote": "785",
        "cep": "01342607",
        "sourceType": "OFFICIAL_IMPORT",
        "areaTerreno": 476,
        "zoneamento": "MISTO",
        "statusCadastral": "ATIVO",
        "workflowStatus": "APROVADA",
        "isOfficial": true,
        "municipio": "São Paulo",
        "uf": "SP"
      }
    },
    {
      "type": "Feature",
      "geometry": {
        "type": "Polygon",
        "coordinates": [
          [
            [
              -46.63929994507572,
              -23.56309894136095
            ],
            [
              -46.63903987838509,
              -23.56309894136095
            ],
            [
              -46.63903987838509,
              -23.56321204441648
            ],
            [
              -46.63929994507572,
              -23.56321204441648
            ],
            [
              -46.63929994507572,
              -23.56309894136095
            ]
          ]
        ]
      },
      "properties": {
        "sqlu": "SP-000137",
        "mainAddress": "Rua Vergueiro, 1145",
        "inscricaoImobiliaria": "SP-IMO-2024-000137",
        "inscription": "SP-INS-2024000136",
        "setor": "Cerqueira Cesar",
        "quadra": "Q07",
        "lote": "1145",
        "cep": "01321660",
        "sourceType": "OFFICIAL_IMPORT",
        "areaTerreno": 362,
        "zoneamento": "COMERCIAL",
        "statusCadastral": "ATIVO",
        "workflowStatus": "EM_VALIDACAO",
        "isOfficial": true,
        "municipio": "São Paulo",
        "uf": "SP"
      }
    },
    {
      "type": "Feature",
      "geometry": {
        "type": "Polygon",
        "coordinates": [
          [
            [
              -46.634900946071845,
              -23.565271154580056
            ],
            [
              -46.6347546915652,
              -23.565271154580056
            ],
            [
              -46.6347546915652,
              -23.56539978445154
            ],
            [
              -46.634900946071845,
              -23.56539978445154
            ],
            [
              -46.634900946071845,
              -23.565271154580056
            ]
          ]
        ]
      },
      "properties": {
        "sqlu": "SP-000138",
        "mainAddress": "Avenida Paulista, 2389",
        "inscricaoImobiliaria": "SP-IMO-2024-000138",
        "inscription": "SP-INS-2024000137",
        "setor": "Jardins",
        "quadra": "Q07",
        "lote": "2389",
        "cep": "01358809",
        "sourceType": "OFFICIAL_IMPORT",
        "areaTerreno": 232,
        "zoneamento": "RESIDENCIAL",
        "statusCadastral": "ATIVO",
        "workflowStatus": "APROVADA",
        "isOfficial": true,
        "municipio": "São Paulo",
        "uf": "SP"
      }
    },
    {
      "type": "Feature",
      "geometry": {
        "type": "Polygon",
        "coordinates": [
          [
            [
              -46.63759275066679,
              -23.556988087839336
            ],
            [
              -46.63730147866431,
              -23.556988087839336
            ],
            [
              -46.63730147866431,
              -23.557208123984058
            ],
            [
              -46.63759275066679,
              -23.557208123984058
            ],
            [
              -46.63759275066679,
              -23.556988087839336
            ]
          ]
        ]
      },
      "properties": {
        "sqlu": "SP-000139",
        "mainAddress": "Rua Domingos Leme, 2550",
        "inscricaoImobiliaria": "SP-IMO-2024-000139",
        "inscription": "SP-INS-2024000138",
        "setor": "Consolacao",
        "quadra": "Q07",
        "lote": "2550",
        "cep": "01330286",
        "sourceType": "OFFICIAL_IMPORT",
        "areaTerreno": 790,
        "zoneamento": "RESIDENCIAL",
        "statusCadastral": "ATIVO",
        "workflowStatus": "EM_VALIDACAO",
        "isOfficial": true,
        "municipio": "São Paulo",
        "uf": "SP"
      }
    },
    {
      "type": "Feature",
      "geometry": {
        "type": "Polygon",
        "coordinates": [
          [
            [
              -46.62964272691566,
              -23.550112604871348
            ],
            [
              -46.62935048457431,
              -23.550112604871348
            ],
            [
              -46.62935048457431,
              -23.55022238128692
            ],
            [
              -46.62964272691566,
              -23.55022238128692
            ],
            [
              -46.62964272691566,
              -23.550112604871348
            ]
          ]
        ]
      },
      "properties": {
        "sqlu": "SP-000140",
        "mainAddress": "Rua Abilio Soares, 2039",
        "inscricaoImobiliaria": "SP-IMO-2024-000140",
        "inscription": "SP-INS-2024000139",
        "setor": "Cerqueira Cesar",
        "quadra": "Q07",
        "lote": "2039",
        "cep": "01329880",
        "sourceType": "OFFICIAL_IMPORT",
        "areaTerreno": 395,
        "zoneamento": "RESIDENCIAL",
        "statusCadastral": "ATIVO",
        "workflowStatus": "APROVADA",
        "isOfficial": true,
        "municipio": "São Paulo",
        "uf": "SP"
      }
    },
    {
      "type": "Feature",
      "geometry": {
        "type": "Polygon",
        "coordinates": [
          [
            [
              -46.637352215443904,
              -23.543777231956085
            ],
            [
              -46.63710614922173,
              -23.543777231956085
            ],
            [
              -46.63710614922173,
              -23.544076978105878
            ],
            [
              -46.637352215443904,
              -23.544076978105878
            ],
            [
              -46.637352215443904,
              -23.543777231956085
            ]
          ]
        ]
      },
      "properties": {
        "sqlu": "SP-000141",
        "mainAddress": "Rua Frei Caneca, 1499",
        "inscricaoImobiliaria": "SP-IMO-2024-000141",
        "inscription": "SP-INS-2024000140",
        "setor": "Vila Mariana",
        "quadra": "Q08",
        "lote": "1499",
        "cep": "01361976",
        "sourceType": "OFFICIAL_IMPORT",
        "areaTerreno": 909,
        "zoneamento": "MISTO",
        "statusCadastral": "ATIVO",
        "workflowStatus": "EM_VALIDACAO",
        "isOfficial": true,
        "municipio": "São Paulo",
        "uf": "SP"
      }
    },
    {
      "type": "Feature",
      "geometry": {
        "type": "Polygon",
        "coordinates": [
          [
            [
              -46.64326046375231,
              -23.539068383223764
            ],
            [
              -46.643147180127464,
              -23.539068383223764
            ],
            [
              -46.643147180127464,
              -23.539257220340954
            ],
            [
              -46.64326046375231,
              -23.539257220340954
            ],
            [
              -46.64326046375231,
              -23.539068383223764
            ]
          ]
        ]
      },
      "properties": {
        "sqlu": "SP-000142",
        "mainAddress": "Rua Estados Unidos, 2255",
        "inscricaoImobiliaria": "SP-IMO-2024-000142",
        "inscription": "SP-INS-2024000141",
        "setor": "Paraiso",
        "quadra": "Q08",
        "lote": "2255",
        "cep": "01351904",
        "sourceType": "OFFICIAL_IMPORT",
        "areaTerreno": 264,
        "zoneamento": "RESIDENCIAL",
        "statusCadastral": "ATIVO",
        "workflowStatus": "EM_VALIDACAO",
        "isOfficial": true,
        "municipio": "São Paulo",
        "uf": "SP"
      }
    },
    {
      "type": "Feature",
      "geometry": {
        "type": "Polygon",
        "coordinates": [
          [
            [
              -46.650079992053186,
              -23.541001695762578
            ],
            [
              -46.64978415031505,
              -23.541001695762578
            ],
            [
              -46.64978415031505,
              -23.541238530188814
            ],
            [
              -46.650079992053186,
              -23.541238530188814
            ],
            [
              -46.650079992053186,
              -23.541001695762578
            ]
          ]
        ]
      },
      "properties": {
        "sqlu": "SP-000143",
        "mainAddress": "Alameda Santos, 710",
        "inscricaoImobiliaria": "SP-IMO-2024-000143",
        "inscription": "SP-INS-2024000142",
        "setor": "Bela Vista",
        "quadra": "Q08",
        "lote": "710",
        "cep": "01322822",
        "sourceType": "OFFICIAL_IMPORT",
        "areaTerreno": 863,
        "zoneamento": "COMERCIAL",
        "statusCadastral": "ATIVO",
        "workflowStatus": "EM_VALIDACAO",
        "isOfficial": true,
        "municipio": "São Paulo",
        "uf": "SP"
      }
    },
    {
      "type": "Feature",
      "geometry": {
        "type": "Polygon",
        "coordinates": [
          [
            [
              -46.65975463859491,
              -23.547773649163943
            ],
            [
              -46.659511013945696,
              -23.547773649163943
            ],
            [
              -46.659511013945696,
              -23.547882814749517
            ],
            [
              -46.65975463859491,
              -23.547882814749517
            ],
            [
              -46.65975463859491,
              -23.547773649163943
            ]
          ]
        ]
      },
      "properties": {
        "sqlu": "SP-000144",
        "mainAddress": "Rua Coronel Oscar Porto, 1849",
        "inscricaoImobiliaria": "SP-IMO-2024-000144",
        "inscription": "SP-INS-2024000143",
        "setor": "Consolacao",
        "quadra": "Q08",
        "lote": "1849",
        "cep": "01362375",
        "sourceType": "OFFICIAL_IMPORT",
        "areaTerreno": 328,
        "zoneamento": "RESIDENCIAL",
        "statusCadastral": "ATIVO",
        "workflowStatus": "APROVADA",
        "isOfficial": true,
        "municipio": "São Paulo",
        "uf": "SP"
      }
    },
    {
      "type": "Feature",
      "geometry": {
        "type": "Polygon",
        "coordinates": [
          [
            [
              -46.6625879808225,
              -23.5515545294513
            ],
            [
              -46.662442760831034,
              -23.5515545294513
            ],
            [
              -46.662442760831034,
              -23.55179510442848
            ],
            [
              -46.6625879808225,
              -23.55179510442848
            ],
            [
              -46.6625879808225,
              -23.5515545294513
            ]
          ]
        ]
      },
      "properties": {
        "sqlu": "SP-000145",
        "mainAddress": "Alameda Santos, 934",
        "inscricaoImobiliaria": "SP-IMO-2024-000145",
        "inscription": "SP-INS-2024000144",
        "setor": "Paraiso",
        "quadra": "Q08",
        "lote": "934",
        "cep": "01308629",
        "sourceType": "OFFICIAL_IMPORT",
        "areaTerreno": 430,
        "zoneamento": "RESIDENCIAL",
        "statusCadastral": "ATIVO",
        "workflowStatus": "APROVADA",
        "isOfficial": true,
        "municipio": "São Paulo",
        "uf": "SP"
      }
    },
    {
      "type": "Feature",
      "geometry": {
        "type": "Polygon",
        "coordinates": [
          [
            [
              -46.65565812138182,
              -23.558799019802116
            ],
            [
              -46.65539024684335,
              -23.558799019802116
            ],
            [
              -46.65539024684335,
              -23.55890793160986
            ],
            [
              -46.65565812138182,
              -23.55890793160986
            ],
            [
              -46.65565812138182,
              -23.558799019802116
            ]
          ]
        ]
      },
      "properties": {
        "sqlu": "SP-000146",
        "mainAddress": "Rua Estados Unidos, 967",
        "inscricaoImobiliaria": "SP-IMO-2024-000146",
        "inscription": "SP-INS-2024000145",
        "setor": "Cerqueira Cesar",
        "quadra": "Q08",
        "lote": "967",
        "cep": "01331380",
        "sourceType": "OFFICIAL_IMPORT",
        "areaTerreno": 359,
        "zoneamento": "COMERCIAL",
        "statusCadastral": "ATIVO",
        "workflowStatus": "PENDENTE",
        "isOfficial": true,
        "municipio": "São Paulo",
        "uf": "SP"
      }
    },
    {
      "type": "Feature",
      "geometry": {
        "type": "Polygon",
        "coordinates": [
          [
            [
              -46.65189663849329,
              -23.56767166850868
            ],
            [
              -46.65170914098344,
              -23.56767166850868
            ],
            [
              -46.65170914098344,
              -23.567861775112135
            ],
            [
              -46.65189663849329,
              -23.567861775112135
            ],
            [
              -46.65189663849329,
              -23.56767166850868
            ]
          ]
        ]
      },
      "properties": {
        "sqlu": "SP-000147",
        "mainAddress": "Alameda Jau, 565",
        "inscricaoImobiliaria": "SP-IMO-2024-000147",
        "inscription": "SP-INS-2024000146",
        "setor": "Vila Mariana",
        "quadra": "Q08",
        "lote": "565",
        "cep": "01339383",
        "sourceType": "OFFICIAL_IMPORT",
        "areaTerreno": 439,
        "zoneamento": "RESIDENCIAL",
        "statusCadastral": "ATIVO",
        "workflowStatus": "APROVADA",
        "isOfficial": true,
        "municipio": "São Paulo",
        "uf": "SP"
      }
    },
    {
      "type": "Feature",
      "geometry": {
        "type": "Polygon",
        "coordinates": [
          [
            [
              -46.65132375932697,
              -23.56835225623499
            ],
            [
              -46.65105277314014,
              -23.56835225623499
            ],
            [
              -46.65105277314014,
              -23.56847939378963
            ],
            [
              -46.65132375932697,
              -23.56847939378963
            ],
            [
              -46.65132375932697,
              -23.56835225623499
            ]
          ]
        ]
      },
      "properties": {
        "sqlu": "SP-000148",
        "mainAddress": "Rua Antonio Carlos, 2989",
        "inscricaoImobiliaria": "SP-IMO-2024-000148",
        "inscription": "SP-INS-2024000147",
        "setor": "Cerqueira Cesar",
        "quadra": "Q08",
        "lote": "2989",
        "cep": "01347734",
        "sourceType": "OFFICIAL_IMPORT",
        "areaTerreno": 424,
        "zoneamento": "RESIDENCIAL",
        "statusCadastral": "ATIVO",
        "workflowStatus": "APROVADA",
        "isOfficial": true,
        "municipio": "São Paulo",
        "uf": "SP"
      }
    },
    {
      "type": "Feature",
      "geometry": {
        "type": "Polygon",
        "coordinates": [
          [
            [
              -46.6421780452544,
              -23.563770370855337
            ],
            [
              -46.64198998160911,
              -23.563770370855337
            ],
            [
              -46.64198998160911,
              -23.563929431647665
            ],
            [
              -46.6421780452544,
              -23.563929431647665
            ],
            [
              -46.6421780452544,
              -23.563770370855337
            ]
          ]
        ]
      },
      "properties": {
        "sqlu": "SP-000149",
        "mainAddress": "Rua Antonio Carlos, 2525",
        "inscricaoImobiliaria": "SP-IMO-2024-000149",
        "inscription": "SP-INS-2024000148",
        "setor": "Jardins",
        "quadra": "Q08",
        "lote": "2525",
        "cep": "01355655",
        "sourceType": "OFFICIAL_IMPORT",
        "areaTerreno": 369,
        "zoneamento": "MISTO",
        "statusCadastral": "ATIVO",
        "workflowStatus": "APROVADA",
        "isOfficial": true,
        "municipio": "São Paulo",
        "uf": "SP"
      }
    },
    {
      "type": "Feature",
      "geometry": {
        "type": "Polygon",
        "coordinates": [
          [
            [
              -46.63473358646179,
              -23.571763398376817
            ],
            [
              -46.634437312979294,
              -23.571763398376817
            ],
            [
              -46.634437312979294,
              -23.571964715438465
            ],
            [
              -46.63473358646179,
              -23.571964715438465
            ],
            [
              -46.63473358646179,
              -23.571763398376817
            ]
          ]
        ]
      },
      "properties": {
        "sqlu": "SP-000150",
        "mainAddress": "Rua Afonso Celso, 2463",
        "inscricaoImobiliaria": "SP-IMO-2024-000150",
        "inscription": "SP-INS-2024000149",
        "setor": "Consolacao",
        "quadra": "Q08",
        "lote": "2463",
        "cep": "01366636",
        "sourceType": "OFFICIAL_IMPORT",
        "areaTerreno": 735,
        "zoneamento": "RESIDENCIAL",
        "statusCadastral": "PENDENTE",
        "workflowStatus": "APROVADA",
        "isOfficial": true,
        "municipio": "São Paulo",
        "uf": "SP"
      }
    },
    {
      "type": "Feature",
      "geometry": {
        "type": "Polygon",
        "coordinates": [
          [
            [
              -46.62635728429804,
              -23.558329101681
            ],
            [
              -46.62610741553593,
              -23.558329101681
            ],
            [
              -46.62610741553593,
              -23.558436331501454
            ],
            [
              -46.62635728429804,
              -23.558436331501454
            ],
            [
              -46.62635728429804,
              -23.558329101681
            ]
          ]
        ]
      },
      "properties": {
        "sqlu": "SP-000151",
        "mainAddress": "Rua Bela Cintra, 1658",
        "inscricaoImobiliaria": "SP-IMO-2024-000151",
        "inscription": "SP-INS-2024000150",
        "setor": "Vila Mariana",
        "quadra": "Q08",
        "lote": "1658",
        "cep": "01359361",
        "sourceType": "OFFICIAL_IMPORT",
        "areaTerreno": 330,
        "zoneamento": "RESIDENCIAL",
        "statusCadastral": "ATIVO",
        "workflowStatus": "APROVADA",
        "isOfficial": true,
        "municipio": "São Paulo",
        "uf": "SP"
      }
    },
    {
      "type": "Feature",
      "geometry": {
        "type": "Polygon",
        "coordinates": [
          [
            [
              -46.636963370096005,
              -23.55421045807702
            ],
            [
              -46.63671227454435,
              -23.55421045807702
            ],
            [
              -46.63671227454435,
              -23.554393763666294
            ],
            [
              -46.636963370096005,
              -23.554393763666294
            ],
            [
              -46.636963370096005,
              -23.55421045807702
            ]
          ]
        ]
      },
      "properties": {
        "sqlu": "SP-000152",
        "mainAddress": "Rua Oscar Freire, 615",
        "inscricaoImobiliaria": "SP-IMO-2024-000152",
        "inscription": "SP-INS-2024000151",
        "setor": "Cerqueira Cesar",
        "quadra": "Q08",
        "lote": "615",
        "cep": "01387028",
        "sourceType": "OFFICIAL_IMPORT",
        "areaTerreno": 567,
        "zoneamento": "RESIDENCIAL",
        "statusCadastral": "ATIVO",
        "workflowStatus": "EM_VALIDACAO",
        "isOfficial": true,
        "municipio": "São Paulo",
        "uf": "SP"
      }
    },
    {
      "type": "Feature",
      "geometry": {
        "type": "Polygon",
        "coordinates": [
          [
            [
              -46.63626160946968,
              -23.54775258049091
            ],
            [
              -46.63603565060325,
              -23.54775258049091
            ],
            [
              -46.63603565060325,
              -23.54792822731057
            ],
            [
              -46.63626160946968,
              -23.54792822731057
            ],
            [
              -46.63626160946968,
              -23.54775258049091
            ]
          ]
        ]
      },
      "properties": {
        "sqlu": "SP-000153",
        "mainAddress": "Rua Afonso Celso, 30",
        "inscricaoImobiliaria": "SP-IMO-2024-000153",
        "inscription": "SP-INS-2024000152",
        "setor": "Cerqueira Cesar",
        "quadra": "Q08",
        "lote": "30",
        "cep": "01323340",
        "sourceType": "OFFICIAL_IMPORT",
        "areaTerreno": 489,
        "zoneamento": "COMERCIAL",
        "statusCadastral": "ATIVO",
        "workflowStatus": "APROVADA",
        "isOfficial": true,
        "municipio": "São Paulo",
        "uf": "SP"
      }
    },
    {
      "type": "Feature",
      "geometry": {
        "type": "Polygon",
        "coordinates": [
          [
            [
              -46.63861986476725,
              -23.541441330561824
            ],
            [
              -46.63842199123603,
              -23.541441330561824
            ],
            [
              -46.63842199123603,
              -23.541715174132698
            ],
            [
              -46.63861986476725,
              -23.541715174132698
            ],
            [
              -46.63861986476725,
              -23.541441330561824
            ]
          ]
        ]
      },
      "properties": {
        "sqlu": "SP-000154",
        "mainAddress": "Rua Peixoto Gomide, 1666",
        "inscricaoImobiliaria": "SP-IMO-2024-000154",
        "inscription": "SP-INS-2024000153",
        "setor": "Bela Vista",
        "quadra": "Q08",
        "lote": "1666",
        "cep": "01394511",
        "sourceType": "OFFICIAL_IMPORT",
        "areaTerreno": 668,
        "zoneamento": "RESIDENCIAL",
        "statusCadastral": "PENDENTE",
        "workflowStatus": "EM_VALIDACAO",
        "isOfficial": true,
        "municipio": "São Paulo",
        "uf": "SP"
      }
    },
    {
      "type": "Feature",
      "geometry": {
        "type": "Polygon",
        "coordinates": [
          [
            [
              -46.64542065143561,
              -23.53386920048685
            ],
            [
              -46.64523674309385,
              -23.53386920048685
            ],
            [
              -46.64523674309385,
              -23.534113505049326
            ],
            [
              -46.64542065143561,
              -23.534113505049326
            ],
            [
              -46.64542065143561,
              -23.53386920048685
            ]
          ]
        ]
      },
      "properties": {
        "sqlu": "SP-000155",
        "mainAddress": "Rua Maestro Cardim, 1491",
        "inscricaoImobiliaria": "SP-IMO-2024-000155",
        "inscription": "SP-INS-2024000154",
        "setor": "Consolacao",
        "quadra": "Q08",
        "lote": "1491",
        "cep": "01338525",
        "sourceType": "OFFICIAL_IMPORT",
        "areaTerreno": 554,
        "zoneamento": "COMERCIAL",
        "statusCadastral": "ATIVO",
        "workflowStatus": "APROVADA",
        "isOfficial": true,
        "municipio": "São Paulo",
        "uf": "SP"
      }
    },
    {
      "type": "Feature",
      "geometry": {
        "type": "Polygon",
        "coordinates": [
          [
            [
              -46.65289002058672,
              -23.539783361511148
            ],
            [
              -46.65277085497609,
              -23.539783361511148
            ],
            [
              -46.65277085497609,
              -23.539943827223464
            ],
            [
              -46.65289002058672,
              -23.539943827223464
            ],
            [
              -46.65289002058672,
              -23.539783361511148
            ]
          ]
        ]
      },
      "properties": {
        "sqlu": "SP-000156",
        "mainAddress": "Rua Maestro Cardim, 2752",
        "inscricaoImobiliaria": "SP-IMO-2024-000156",
        "inscription": "SP-INS-2024000155",
        "setor": "Bela Vista",
        "quadra": "Q08",
        "lote": "2752",
        "cep": "01368168",
        "sourceType": "OFFICIAL_IMPORT",
        "areaTerreno": 236,
        "zoneamento": "RESIDENCIAL",
        "statusCadastral": "ATIVO",
        "workflowStatus": "APROVADA",
        "isOfficial": true,
        "municipio": "São Paulo",
        "uf": "SP"
      }
    },
    {
      "type": "Feature",
      "geometry": {
        "type": "Polygon",
        "coordinates": [
          [
            [
              -46.654011101509724,
              -23.547536043882893
            ],
            [
              -46.653901921862946,
              -23.547536043882893
            ],
            [
              -46.653901921862946,
              -23.54768674891346
            ],
            [
              -46.654011101509724,
              -23.54768674891346
            ],
            [
              -46.654011101509724,
              -23.547536043882893
            ]
          ]
        ]
      },
      "properties": {
        "sqlu": "SP-000157",
        "mainAddress": "Rua Coronel Oscar Porto, 2618",
        "inscricaoImobiliaria": "SP-IMO-2024-000157",
        "inscription": "SP-INS-2024000156",
        "setor": "Paraiso",
        "quadra": "Q08",
        "lote": "2618",
        "cep": "01371712",
        "sourceType": "OFFICIAL_IMPORT",
        "areaTerreno": 203,
        "zoneamento": "RESIDENCIAL",
        "statusCadastral": "ATIVO",
        "workflowStatus": "APROVADA",
        "isOfficial": true,
        "municipio": "São Paulo",
        "uf": "SP"
      }
    },
    {
      "type": "Feature",
      "geometry": {
        "type": "Polygon",
        "coordinates": [
          [
            [
              -46.65752916622197,
              -23.554613195358666
            ],
            [
              -46.65727666114393,
              -23.554613195358666
            ],
            [
              -46.65727666114393,
              -23.554911221995116
            ],
            [
              -46.65752916622197,
              -23.554911221995116
            ],
            [
              -46.65752916622197,
              -23.554613195358666
            ]
          ]
        ]
      },
      "properties": {
        "sqlu": "SP-000158",
        "mainAddress": "Rua da Consolacao, 1588",
        "inscricaoImobiliaria": "SP-IMO-2024-000158",
        "inscription": "SP-INS-2024000157",
        "setor": "Jardins",
        "quadra": "Q08",
        "lote": "1588",
        "cep": "01306055",
        "sourceType": "OFFICIAL_IMPORT",
        "areaTerreno": 927,
        "zoneamento": "MISTO",
        "statusCadastral": "ATIVO",
        "workflowStatus": "EM_VALIDACAO",
        "isOfficial": true,
        "municipio": "São Paulo",
        "uf": "SP"
      }
    },
    {
      "type": "Feature",
      "geometry": {
        "type": "Polygon",
        "coordinates": [
          [
            [
              -46.65605126104299,
              -23.559186187203537
            ],
            [
              -46.65589683298803,
              -23.559186187203537
            ],
            [
              -46.65589683298803,
              -23.559415482924287
            ],
            [
              -46.65605126104299,
              -23.559415482924287
            ],
            [
              -46.65605126104299,
              -23.559186187203537
            ]
          ]
        ]
      },
      "properties": {
        "sqlu": "SP-000159",
        "mainAddress": "Rua Estados Unidos, 2340",
        "inscricaoImobiliaria": "SP-IMO-2024-000159",
        "inscription": "SP-INS-2024000158",
        "setor": "Jardins",
        "quadra": "Q08",
        "lote": "2340",
        "cep": "01366598",
        "sourceType": "OFFICIAL_IMPORT",
        "areaTerreno": 436,
        "zoneamento": "RESIDENCIAL",
        "statusCadastral": "ATIVO",
        "workflowStatus": "APROVADA",
        "isOfficial": true,
        "municipio": "São Paulo",
        "uf": "SP"
      }
    },
    {
      "type": "Feature",
      "geometry": {
        "type": "Polygon",
        "coordinates": [
          [
            [
              -46.65306388182228,
              -23.572038692116795
            ],
            [
              -46.65286036452671,
              -23.572038692116795
            ],
            [
              -46.65286036452671,
              -23.572156994708802
            ],
            [
              -46.65306388182228,
              -23.572156994708802
            ],
            [
              -46.65306388182228,
              -23.572038692116795
            ]
          ]
        ]
      },
      "properties": {
        "sqlu": "SP-000160",
        "mainAddress": "Rua Botucatu, 998",
        "inscricaoImobiliaria": "SP-IMO-2024-000160",
        "inscription": "SP-INS-2024000159",
        "setor": "Vila Mariana",
        "quadra": "Q08",
        "lote": "998",
        "cep": "01326526",
        "sourceType": "OFFICIAL_IMPORT",
        "areaTerreno": 297,
        "zoneamento": "MISTO",
        "statusCadastral": "CONFLITO",
        "workflowStatus": "APROVADA",
        "isOfficial": true,
        "municipio": "São Paulo",
        "uf": "SP"
      }
    },
    {
      "type": "Feature",
      "geometry": {
        "type": "Polygon",
        "coordinates": [
          [
            [
              -46.64694108135948,
              -23.573830986293807
            ],
            [
              -46.646803778983035,
              -23.573830986293807
            ],
            [
              -46.646803778983035,
              -23.57398029690013
            ],
            [
              -46.64694108135948,
              -23.57398029690013
            ],
            [
              -46.64694108135948,
              -23.573830986293807
            ]
          ]
        ]
      },
      "properties": {
        "sqlu": "SP-000161",
        "mainAddress": "Rua Joaquim Tavora, 2566",
        "inscricaoImobiliaria": "SP-IMO-2024-000161",
        "inscription": "SP-INS-2024000160",
        "setor": "Cerqueira Cesar",
        "quadra": "Q09",
        "lote": "2566",
        "cep": "01372885",
        "sourceType": "OFFICIAL_IMPORT",
        "areaTerreno": 253,
        "zoneamento": "RESIDENCIAL",
        "statusCadastral": "ATIVO",
        "workflowStatus": "PENDENTE",
        "isOfficial": true,
        "municipio": "São Paulo",
        "uf": "SP"
      }
    },
    {
      "type": "Feature",
      "geometry": {
        "type": "Polygon",
        "coordinates": [
          [
            [
              -46.63707661433551,
              -23.57709802493536
            ],
            [
              -46.63685989490729,
              -23.57709802493536
            ],
            [
              -46.63685989490729,
              -23.57727826408873
            ],
            [
              -46.63707661433551,
              -23.57727826408873
            ],
            [
              -46.63707661433551,
              -23.57709802493536
            ]
          ]
        ]
      },
      "properties": {
        "sqlu": "SP-000162",
        "mainAddress": "Rua Maestro Cardim, 138",
        "inscricaoImobiliaria": "SP-IMO-2024-000162",
        "inscription": "SP-INS-2024000161",
        "setor": "Vila Mariana",
        "quadra": "Q09",
        "lote": "138",
        "cep": "01314283",
        "sourceType": "OFFICIAL_IMPORT",
        "areaTerreno": 481,
        "zoneamento": "COMERCIAL",
        "statusCadastral": "ATIVO",
        "workflowStatus": "APROVADA",
        "isOfficial": true,
        "municipio": "São Paulo",
        "uf": "SP"
      }
    },
    {
      "type": "Feature",
      "geometry": {
        "type": "Polygon",
        "coordinates": [
          [
            [
              -46.63803848600654,
              -23.568560533912482
            ],
            [
              -46.637808699074284,
              -23.568560533912482
            ],
            [
              -46.637808699074284,
              -23.56882758624442
            ],
            [
              -46.63803848600654,
              -23.56882758624442
            ],
            [
              -46.63803848600654,
              -23.568560533912482
            ]
          ]
        ]
      },
      "properties": {
        "sqlu": "SP-000163",
        "mainAddress": "Rua Estados Unidos, 817",
        "inscricaoImobiliaria": "SP-IMO-2024-000163",
        "inscription": "SP-INS-2024000162",
        "setor": "Paraiso",
        "quadra": "Q09",
        "lote": "817",
        "cep": "01390149",
        "sourceType": "OFFICIAL_IMPORT",
        "areaTerreno": 756,
        "zoneamento": "RESIDENCIAL",
        "statusCadastral": "ATIVO",
        "workflowStatus": "APROVADA",
        "isOfficial": true,
        "municipio": "São Paulo",
        "uf": "SP"
      }
    },
    {
      "type": "Feature",
      "geometry": {
        "type": "Polygon",
        "coordinates": [
          [
            [
              -46.62576720133031,
              -23.559305741887183
            ],
            [
              -46.62547734635842,
              -23.559305741887183
            ],
            [
              -46.62547734635842,
              -23.559514989441517
            ],
            [
              -46.62576720133031,
              -23.559514989441517
            ],
            [
              -46.62576720133031,
              -23.559305741887183
            ]
          ]
        ]
      },
      "properties": {
        "sqlu": "SP-000164",
        "mainAddress": "Rua Domingos Leme, 1027",
        "inscricaoImobiliaria": "SP-IMO-2024-000164",
        "inscription": "SP-INS-2024000163",
        "setor": "Cerqueira Cesar",
        "quadra": "Q09",
        "lote": "1027",
        "cep": "01337918",
        "sourceType": "OFFICIAL_IMPORT",
        "areaTerreno": 747,
        "zoneamento": "RESIDENCIAL",
        "statusCadastral": "ATIVO",
        "workflowStatus": "EM_VALIDACAO",
        "isOfficial": true,
        "municipio": "São Paulo",
        "uf": "SP"
      }
    },
    {
      "type": "Feature",
      "geometry": {
        "type": "Polygon",
        "coordinates": [
          [
            [
              -46.62853217409802,
              -23.551725169118615
            ],
            [
              -46.62826419086434,
              -23.551725169118615
            ],
            [
              -46.62826419086434,
              -23.551929563827525
            ],
            [
              -46.62853217409802,
              -23.551929563827525
            ],
            [
              -46.62853217409802,
              -23.551725169118615
            ]
          ]
        ]
      },
      "properties": {
        "sqlu": "SP-000165",
        "mainAddress": "Alameda Santos, 47",
        "inscricaoImobiliaria": "SP-IMO-2024-000165",
        "inscription": "SP-INS-2024000164",
        "setor": "Cerqueira Cesar",
        "quadra": "Q09",
        "lote": "47",
        "cep": "01352074",
        "sourceType": "OFFICIAL_IMPORT",
        "areaTerreno": 675,
        "zoneamento": "COMERCIAL",
        "statusCadastral": "ATIVO",
        "workflowStatus": "APROVADA",
        "isOfficial": true,
        "municipio": "São Paulo",
        "uf": "SP"
      }
    },
    {
      "type": "Feature",
      "geometry": {
        "type": "Polygon",
        "coordinates": [
          [
            [
              -46.633410236042494,
              -23.541025685340976
            ],
            [
              -46.63323241299341,
              -23.541025685340976
            ],
            [
              -46.63323241299341,
              -23.541152906731963
            ],
            [
              -46.633410236042494,
              -23.541152906731963
            ],
            [
              -46.633410236042494,
              -23.541025685340976
            ]
          ]
        ]
      },
      "properties": {
        "sqlu": "SP-000166",
        "mainAddress": "Alameda Jau, 1128",
        "inscricaoImobiliaria": "SP-IMO-2024-000166",
        "inscription": "SP-INS-2024000165",
        "setor": "Bela Vista",
        "quadra": "Q09",
        "lote": "1128",
        "cep": "01335580",
        "sourceType": "OFFICIAL_IMPORT",
        "areaTerreno": 279,
        "zoneamento": "RESIDENCIAL",
        "statusCadastral": "ATIVO",
        "workflowStatus": "APROVADA",
        "isOfficial": true,
        "municipio": "São Paulo",
        "uf": "SP"
      }
    },
    {
      "type": "Feature",
      "geometry": {
        "type": "Polygon",
        "coordinates": [
          [
            [
              -46.64199700174345,
              -23.53431592157558
            ],
            [
              -46.641726475402066,
              -23.53431592157558
            ],
            [
              -46.641726475402066,
              -23.534517253468053
            ],
            [
              -46.64199700174345,
              -23.534517253468053
            ],
            [
              -46.64199700174345,
              -23.53431592157558
            ]
          ]
        ]
      },
      "properties": {
        "sqlu": "SP-000167",
        "mainAddress": "Rua Peixoto Gomide, 1979",
        "inscricaoImobiliaria": "SP-IMO-2024-000167",
        "inscription": "SP-INS-2024000166",
        "setor": "Consolacao",
        "quadra": "Q09",
        "lote": "1979",
        "cep": "01337348",
        "sourceType": "OFFICIAL_IMPORT",
        "areaTerreno": 671,
        "zoneamento": "RESIDENCIAL",
        "statusCadastral": "ATIVO",
        "workflowStatus": "APROVADA",
        "isOfficial": true,
        "municipio": "São Paulo",
        "uf": "SP"
      }
    },
    {
      "type": "Feature",
      "geometry": {
        "type": "Polygon",
        "coordinates": [
          [
            [
              -46.64850855068209,
              -23.54020988113532
            ],
            [
              -46.6482115581712,
              -23.54020988113532
            ],
            [
              -46.6482115581712,
              -23.540424120447376
            ],
            [
              -46.64850855068209,
              -23.540424120447376
            ],
            [
              -46.64850855068209,
              -23.54020988113532
            ]
          ]
        ]
      },
      "properties": {
        "sqlu": "SP-000168",
        "mainAddress": "Rua Borges Lagoa, 1650",
        "inscricaoImobiliaria": "SP-IMO-2024-000168",
        "inscription": "SP-INS-2024000167",
        "setor": "Cerqueira Cesar",
        "quadra": "Q09",
        "lote": "1650",
        "cep": "01323733",
        "sourceType": "OFFICIAL_IMPORT",
        "areaTerreno": 784,
        "zoneamento": "RESIDENCIAL",
        "statusCadastral": "ATIVO",
        "workflowStatus": "APROVADA",
        "isOfficial": true,
        "municipio": "São Paulo",
        "uf": "SP"
      }
    },
    {
      "type": "Feature",
      "geometry": {
        "type": "Polygon",
        "coordinates": [
          [
            [
              -46.65452787297327,
              -23.547403923517425
            ],
            [
              -46.65423147612866,
              -23.547403923517425
            ],
            [
              -46.65423147612866,
              -23.547514922479635
            ],
            [
              -46.65452787297327,
              -23.547514922479635
            ],
            [
              -46.65452787297327,
              -23.547403923517425
            ]
          ]
        ]
      },
      "properties": {
        "sqlu": "SP-000169",
        "mainAddress": "Rua Maria Figueiredo, 761",
        "inscricaoImobiliaria": "SP-IMO-2024-000169",
        "inscription": "SP-INS-2024000168",
        "setor": "Consolacao",
        "quadra": "Q09",
        "lote": "761",
        "cep": "01325285",
        "sourceType": "OFFICIAL_IMPORT",
        "areaTerreno": 405,
        "zoneamento": "RESIDENCIAL",
        "statusCadastral": "ATIVO",
        "workflowStatus": "EM_VALIDACAO",
        "isOfficial": true,
        "municipio": "São Paulo",
        "uf": "SP"
      }
    },
    {
      "type": "Feature",
      "geometry": {
        "type": "Polygon",
        "coordinates": [
          [
            [
              -46.66306685912087,
              -23.549559535180254
            ],
            [
              -46.6628264767194,
              -23.549559535180254
            ],
            [
              -46.6628264767194,
              -23.549834897070415
            ],
            [
              -46.66306685912087,
              -23.549834897070415
            ],
            [
              -46.66306685912087,
              -23.549559535180254
            ]
          ]
        ]
      },
      "properties": {
        "sqlu": "SP-000170",
        "mainAddress": "Rua Domingos Leme, 1649",
        "inscricaoImobiliaria": "SP-IMO-2024-000170",
        "inscription": "SP-INS-2024000169",
        "setor": "Consolacao",
        "quadra": "Q09",
        "lote": "1649",
        "cep": "01318918",
        "sourceType": "OFFICIAL_IMPORT",
        "areaTerreno": 816,
        "zoneamento": "RESIDENCIAL",
        "statusCadastral": "ATIVO",
        "workflowStatus": "EM_VALIDACAO",
        "isOfficial": true,
        "municipio": "São Paulo",
        "uf": "SP"
      }
    },
    {
      "type": "Feature",
      "geometry": {
        "type": "Polygon",
        "coordinates": [
          [
            [
              -46.65508152267255,
              -23.559255499996343
            ],
            [
              -46.65480683680987,
              -23.559255499996343
            ],
            [
              -46.65480683680987,
              -23.559433710024997
            ],
            [
              -46.65508152267255,
              -23.559433710024997
            ],
            [
              -46.65508152267255,
              -23.559255499996343
            ]
          ]
        ]
      },
      "properties": {
        "sqlu": "SP-000171",
        "mainAddress": "Rua Estados Unidos, 2719",
        "inscricaoImobiliaria": "SP-IMO-2024-000171",
        "inscription": "SP-INS-2024000170",
        "setor": "Paraiso",
        "quadra": "Q09",
        "lote": "2719",
        "cep": "01349420",
        "sourceType": "OFFICIAL_IMPORT",
        "areaTerreno": 603,
        "zoneamento": "RESIDENCIAL",
        "statusCadastral": "CONFLITO",
        "workflowStatus": "APROVADA",
        "isOfficial": true,
        "municipio": "São Paulo",
        "uf": "SP"
      }
    },
    {
      "type": "Feature",
      "geometry": {
        "type": "Polygon",
        "coordinates": [
          [
            [
              -46.65842667453278,
              -23.56288210746016
            ],
            [
              -46.6582715722796,
              -23.56288210746016
            ],
            [
              -46.6582715722796,
              -23.563153822616094
            ],
            [
              -46.65842667453278,
              -23.563153822616094
            ],
            [
              -46.65842667453278,
              -23.56288210746016
            ]
          ]
        ]
      },
      "properties": {
        "sqlu": "SP-000172",
        "mainAddress": "Rua Haddock Lobo, 3000",
        "inscricaoImobiliaria": "SP-IMO-2024-000172",
        "inscription": "SP-INS-2024000171",
        "setor": "Consolacao",
        "quadra": "Q09",
        "lote": "3000",
        "cep": "01383086",
        "sourceType": "OFFICIAL_IMPORT",
        "areaTerreno": 519,
        "zoneamento": "RESIDENCIAL",
        "statusCadastral": "CONFLITO",
        "workflowStatus": "PENDENTE",
        "isOfficial": true,
        "municipio": "São Paulo",
        "uf": "SP"
      }
    },
    {
      "type": "Feature",
      "geometry": {
        "type": "Polygon",
        "coordinates": [
          [
            [
              -46.65485469481755,
              -23.576924144513757
            ],
            [
              -46.654751413674184,
              -23.576924144513757
            ],
            [
              -46.654751413674184,
              -23.577104323865314
            ],
            [
              -46.65485469481755,
              -23.577104323865314
            ],
            [
              -46.65485469481755,
              -23.576924144513757
            ]
          ]
        ]
      },
      "properties": {
        "sqlu": "SP-000173",
        "mainAddress": "Rua Joaquim Tavora, 2761",
        "inscricaoImobiliaria": "SP-IMO-2024-000173",
        "inscription": "SP-INS-2024000172",
        "setor": "Cerqueira Cesar",
        "quadra": "Q09",
        "lote": "2761",
        "cep": "01300325",
        "sourceType": "OFFICIAL_IMPORT",
        "areaTerreno": 229,
        "zoneamento": "RESIDENCIAL",
        "statusCadastral": "ATIVO",
        "workflowStatus": "APROVADA",
        "isOfficial": true,
        "municipio": "São Paulo",
        "uf": "SP"
      }
    },
    {
      "type": "Feature",
      "geometry": {
        "type": "Polygon",
        "coordinates": [
          [
            [
              -46.6427343570862,
              -23.572339824569276
            ],
            [
              -46.64246146532381,
              -23.572339824569276
            ],
            [
              -46.64246146532381,
              -23.572476966906937
            ],
            [
              -46.6427343570862,
              -23.572476966906937
            ],
            [
              -46.6427343570862,
              -23.572339824569276
            ]
          ]
        ]
      },
      "properties": {
        "sqlu": "SP-000174",
        "mainAddress": "Rua Vergueiro, 219",
        "inscricaoImobiliaria": "SP-IMO-2024-000174",
        "inscription": "SP-INS-2024000173",
        "setor": "Cerqueira Cesar",
        "quadra": "Q09",
        "lote": "219",
        "cep": "01301194",
        "sourceType": "OFFICIAL_IMPORT",
        "areaTerreno": 461,
        "zoneamento": "MISTO",
        "statusCadastral": "ATIVO",
        "workflowStatus": "APROVADA",
        "isOfficial": true,
        "municipio": "São Paulo",
        "uf": "SP"
      }
    },
    {
      "type": "Feature",
      "geometry": {
        "type": "Polygon",
        "coordinates": [
          [
            [
              -46.634871632536274,
              -23.56873989834404
            ],
            [
              -46.63467061793549,
              -23.56873989834404
            ],
            [
              -46.63467061793549,
              -23.568876961343374
            ],
            [
              -46.634871632536274,
              -23.568876961343374
            ],
            [
              -46.634871632536274,
              -23.56873989834404
            ]
          ]
        ]
      },
      "properties": {
        "sqlu": "SP-000175",
        "mainAddress": "Rua Sena Madureira, 228",
        "inscricaoImobiliaria": "SP-IMO-2024-000175",
        "inscription": "SP-INS-2024000174",
        "setor": "Consolacao",
        "quadra": "Q09",
        "lote": "228",
        "cep": "01303490",
        "sourceType": "OFFICIAL_IMPORT",
        "areaTerreno": 339,
        "zoneamento": "MISTO",
        "statusCadastral": "ATIVO",
        "workflowStatus": "PENDENTE",
        "isOfficial": true,
        "municipio": "São Paulo",
        "uf": "SP"
      }
    },
    {
      "type": "Feature",
      "geometry": {
        "type": "Polygon",
        "coordinates": [
          [
            [
              -46.622414992699305,
              -23.56444197489932
            ],
            [
              -46.62230978920534,
              -23.56444197489932
            ],
            [
              -46.62230978920534,
              -23.56465941264646
            ],
            [
              -46.622414992699305,
              -23.56465941264646
            ],
            [
              -46.622414992699305,
              -23.56444197489932
            ]
          ]
        ]
      },
      "properties": {
        "sqlu": "SP-000176",
        "mainAddress": "Rua Marselhesa, 937",
        "inscricaoImobiliaria": "SP-IMO-2024-000176",
        "inscription": "SP-INS-2024000175",
        "setor": "Cerqueira Cesar",
        "quadra": "Q09",
        "lote": "937",
        "cep": "01330305",
        "sourceType": "OFFICIAL_IMPORT",
        "areaTerreno": 282,
        "zoneamento": "RESIDENCIAL",
        "statusCadastral": "ATIVO",
        "workflowStatus": "PENDENTE",
        "isOfficial": true,
        "municipio": "São Paulo",
        "uf": "SP"
      }
    },
    {
      "type": "Feature",
      "geometry": {
        "type": "Polygon",
        "coordinates": [
          [
            [
              -46.62046327403785,
              -23.55424081661562
            ],
            [
              -46.620260475746655,
              -23.55424081661562
            ],
            [
              -46.620260475746655,
              -23.554496503612558
            ],
            [
              -46.62046327403785,
              -23.554496503612558
            ],
            [
              -46.62046327403785,
              -23.55424081661562
            ]
          ]
        ]
      },
      "properties": {
        "sqlu": "SP-000177",
        "mainAddress": "Rua Joaquim Tavora, 2139",
        "inscricaoImobiliaria": "SP-IMO-2024-000177",
        "inscription": "SP-INS-2024000176",
        "setor": "Jardins",
        "quadra": "Q09",
        "lote": "2139",
        "cep": "01338989",
        "sourceType": "OFFICIAL_IMPORT",
        "areaTerreno": 639,
        "zoneamento": "RESIDENCIAL",
        "statusCadastral": "ATIVO",
        "workflowStatus": "EM_VALIDACAO",
        "isOfficial": true,
        "municipio": "São Paulo",
        "uf": "SP"
      }
    },
    {
      "type": "Feature",
      "geometry": {
        "type": "Polygon",
        "coordinates": [
          [
            [
              -46.628607020522665,
              -23.544753178120715
            ],
            [
              -46.62833670080253,
              -23.544753178120715
            ],
            [
              -46.62833670080253,
              -23.544854166920466
            ],
            [
              -46.628607020522665,
              -23.544854166920466
            ],
            [
              -46.628607020522665,
              -23.544753178120715
            ]
          ]
        ]
      },
      "properties": {
        "sqlu": "SP-000178",
        "mainAddress": "Rua Napoleao de Barros, 1812",
        "inscricaoImobiliaria": "SP-IMO-2024-000178",
        "inscription": "SP-INS-2024000177",
        "setor": "Bela Vista",
        "quadra": "Q09",
        "lote": "1812",
        "cep": "01373748",
        "sourceType": "OFFICIAL_IMPORT",
        "areaTerreno": 336,
        "zoneamento": "RESIDENCIAL",
        "statusCadastral": "PENDENTE",
        "workflowStatus": "PENDENTE",
        "isOfficial": true,
        "municipio": "São Paulo",
        "uf": "SP"
      }
    },
    {
      "type": "Feature",
      "geometry": {
        "type": "Polygon",
        "coordinates": [
          [
            [
              -46.63181244024243,
              -23.537732011202067
            ],
            [
              -46.63169575763182,
              -23.537732011202067
            ],
            [
              -46.63169575763182,
              -23.538023569622528
            ],
            [
              -46.63181244024243,
              -23.538023569622528
            ],
            [
              -46.63181244024243,
              -23.537732011202067
            ]
          ]
        ]
      },
      "properties": {
        "sqlu": "SP-000179",
        "mainAddress": "Avenida Paulista, 975",
        "inscricaoImobiliaria": "SP-IMO-2024-000179",
        "inscription": "SP-INS-2024000178",
        "setor": "Consolacao",
        "quadra": "Q09",
        "lote": "975",
        "cep": "01397941",
        "sourceType": "OFFICIAL_IMPORT",
        "areaTerreno": 419,
        "zoneamento": "COMERCIAL",
        "statusCadastral": "ATIVO",
        "workflowStatus": "APROVADA",
        "isOfficial": true,
        "municipio": "São Paulo",
        "uf": "SP"
      }
    },
    {
      "type": "Feature",
      "geometry": {
        "type": "Polygon",
        "coordinates": [
          [
            [
              -46.644127348465766,
              -23.54474136737054
            ],
            [
              -46.643869990176576,
              -23.54474136737054
            ],
            [
              -46.643869990176576,
              -23.544913962240116
            ],
            [
              -46.644127348465766,
              -23.544913962240116
            ],
            [
              -46.644127348465766,
              -23.54474136737054
            ]
          ]
        ]
      },
      "properties": {
        "sqlu": "SP-000180",
        "mainAddress": "Rua Domingos de Morais, 406",
        "inscricaoImobiliaria": "SP-IMO-2024-000180",
        "inscription": "SP-INS-2024000179",
        "setor": "Vila Mariana",
        "quadra": "Q09",
        "lote": "406",
        "cep": "01336219",
        "sourceType": "OFFICIAL_IMPORT",
        "areaTerreno": 547,
        "zoneamento": "RESIDENCIAL",
        "statusCadastral": "ATIVO",
        "workflowStatus": "APROVADA",
        "isOfficial": true,
        "municipio": "São Paulo",
        "uf": "SP"
      }
    },
    {
      "type": "Feature",
      "geometry": {
        "type": "Polygon",
        "coordinates": [
          [
            [
              -46.65233820984403,
              -23.533252772755013
            ],
            [
              -46.65208057967523,
              -23.533252772755013
            ],
            [
              -46.65208057967523,
              -23.533443855361803
            ],
            [
              -46.65233820984403,
              -23.533443855361803
            ],
            [
              -46.65233820984403,
              -23.533252772755013
            ]
          ]
        ]
      },
      "properties": {
        "sqlu": "SP-000181",
        "mainAddress": "Rua Sena Madureira, 2893",
        "inscricaoImobiliaria": "SP-IMO-2024-000181",
        "inscription": "SP-INS-2024000180",
        "setor": "Paraiso",
        "quadra": "Q10",
        "lote": "2893",
        "cep": "01317537",
        "sourceType": "OFFICIAL_IMPORT",
        "areaTerreno": 607,
        "zoneamento": "RESIDENCIAL",
        "statusCadastral": "ATIVO",
        "workflowStatus": "EM_VALIDACAO",
        "isOfficial": true,
        "municipio": "São Paulo",
        "uf": "SP"
      }
    },
    {
      "type": "Feature",
      "geometry": {
        "type": "Polygon",
        "coordinates": [
          [
            [
              -46.66552973772258,
              -23.54336561658926
            ],
            [
              -46.665288853610335,
              -23.54336561658926
            ],
            [
              -46.665288853610335,
              -23.543520170608772
            ],
            [
              -46.66552973772258,
              -23.543520170608772
            ],
            [
              -46.66552973772258,
              -23.54336561658926
            ]
          ]
        ]
      },
      "properties": {
        "sqlu": "SP-000182",
        "mainAddress": "Rua Abilio Soares, 1136",
        "inscricaoImobiliaria": "SP-IMO-2024-000182",
        "inscription": "SP-INS-2024000181",
        "setor": "Cerqueira Cesar",
        "quadra": "Q10",
        "lote": "1136",
        "cep": "01319680",
        "sourceType": "OFFICIAL_IMPORT",
        "areaTerreno": 459,
        "zoneamento": "COMERCIAL",
        "statusCadastral": "ATIVO",
        "workflowStatus": "EM_VALIDACAO",
        "isOfficial": true,
        "municipio": "São Paulo",
        "uf": "SP"
      }
    },
    {
      "type": "Feature",
      "geometry": {
        "type": "Polygon",
        "coordinates": [
          [
            [
              -46.66918109624203,
              -23.5521132044357
            ],
            [
              -46.66893376310693,
              -23.5521132044357
            ],
            [
              -46.66893376310693,
              -23.552367196576316
            ],
            [
              -46.66918109624203,
              -23.552367196576316
            ],
            [
              -46.66918109624203,
              -23.5521132044357
            ]
          ]
        ]
      },
      "properties": {
        "sqlu": "SP-000183",
        "mainAddress": "Rua Botucatu, 516",
        "inscricaoImobiliaria": "SP-IMO-2024-000183",
        "inscription": "SP-INS-2024000182",
        "setor": "Vila Mariana",
        "quadra": "Q10",
        "lote": "516",
        "cep": "01351052",
        "sourceType": "OFFICIAL_IMPORT",
        "areaTerreno": 774,
        "zoneamento": "RESIDENCIAL",
        "statusCadastral": "PENDENTE",
        "workflowStatus": "APROVADA",
        "isOfficial": true,
        "municipio": "São Paulo",
        "uf": "SP"
      }
    },
    {
      "type": "Feature",
      "geometry": {
        "type": "Polygon",
        "coordinates": [
          [
            [
              -46.656543130338,
              -23.56285398839866
            ],
            [
              -46.65639780304285,
              -23.56285398839866
            ],
            [
              -46.65639780304285,
              -23.56313990018045
            ],
            [
              -46.656543130338,
              -23.56313990018045
            ],
            [
              -46.656543130338,
              -23.56285398839866
            ]
          ]
        ]
      },
      "properties": {
        "sqlu": "SP-000184",
        "mainAddress": "Rua Vergueiro, 290",
        "inscricaoImobiliaria": "SP-IMO-2024-000184",
        "inscription": "SP-INS-2024000183",
        "setor": "Bela Vista",
        "quadra": "Q10",
        "lote": "290",
        "cep": "01322400",
        "sourceType": "OFFICIAL_IMPORT",
        "areaTerreno": 512,
        "zoneamento": "RESIDENCIAL",
        "statusCadastral": "ATIVO",
        "workflowStatus": "APROVADA",
        "isOfficial": true,
        "municipio": "São Paulo",
        "uf": "SP"
      }
    },
    {
      "type": "Feature",
      "geometry": {
        "type": "Polygon",
        "coordinates": [
          [
            [
              -46.65428344519767,
              -23.564858185875185
            ],
            [
              -46.65399623238381,
              -23.564858185875185
            ],
            [
              -46.65399623238381,
              -23.565025865532885
            ],
            [
              -46.65428344519767,
              -23.565025865532885
            ],
            [
              -46.65428344519767,
              -23.564858185875185
            ]
          ]
        ]
      },
      "properties": {
        "sqlu": "SP-000185",
        "mainAddress": "Rua Botucatu, 899",
        "inscricaoImobiliaria": "SP-IMO-2024-000185",
        "inscription": "SP-INS-2024000184",
        "setor": "Consolacao",
        "quadra": "Q10",
        "lote": "899",
        "cep": "01308542",
        "sourceType": "OFFICIAL_IMPORT",
        "areaTerreno": 593,
        "zoneamento": "RESIDENCIAL",
        "statusCadastral": "ATIVO",
        "workflowStatus": "APROVADA",
        "isOfficial": true,
        "municipio": "São Paulo",
        "uf": "SP"
      }
    },
    {
      "type": "Feature",
      "geometry": {
        "type": "Polygon",
        "coordinates": [
          [
            [
              -46.64979278007055,
              -23.575523354819502
            ],
            [
              -46.64962816994138,
              -23.575523354819502
            ],
            [
              -46.64962816994138,
              -23.575783250734453
            ],
            [
              -46.64979278007055,
              -23.575783250734453
            ],
            [
              -46.64979278007055,
              -23.575523354819502
            ]
          ]
        ]
      },
      "properties": {
        "sqlu": "SP-000186",
        "mainAddress": "Rua Vergueiro, 809",
        "inscricaoImobiliaria": "SP-IMO-2024-000186",
        "inscription": "SP-INS-2024000185",
        "setor": "Consolacao",
        "quadra": "Q10",
        "lote": "809",
        "cep": "01302677",
        "sourceType": "OFFICIAL_IMPORT",
        "areaTerreno": 527,
        "zoneamento": "RESIDENCIAL",
        "statusCadastral": "ATIVO",
        "workflowStatus": "PENDENTE",
        "isOfficial": true,
        "municipio": "São Paulo",
        "uf": "SP"
      }
    },
    {
      "type": "Feature",
      "geometry": {
        "type": "Polygon",
        "coordinates": [
          [
            [
              -46.6381637791753,
              -23.57063809321484
            ],
            [
              -46.63802096613769,
              -23.57063809321484
            ],
            [
              -46.63802096613769,
              -23.57085059056483
            ],
            [
              -46.6381637791753,
              -23.57085059056483
            ],
            [
              -46.6381637791753,
              -23.57063809321484
            ]
          ]
        ]
      },
      "properties": {
        "sqlu": "SP-000187",
        "mainAddress": "Rua Vergueiro, 1452",
        "inscricaoImobiliaria": "SP-IMO-2024-000187",
        "inscription": "SP-INS-2024000186",
        "setor": "Paraiso",
        "quadra": "Q10",
        "lote": "1452",
        "cep": "01312287",
        "sourceType": "OFFICIAL_IMPORT",
        "areaTerreno": 374,
        "zoneamento": "RESIDENCIAL",
        "statusCadastral": "ATIVO",
        "workflowStatus": "APROVADA",
        "isOfficial": true,
        "municipio": "São Paulo",
        "uf": "SP"
      }
    },
    {
      "type": "Feature",
      "geometry": {
        "type": "Polygon",
        "coordinates": [
          [
            [
              -46.63021786525003,
              -23.571220760131325
            ],
            [
              -46.630003360870944,
              -23.571220760131325
            ],
            [
              -46.630003360870944,
              -23.571333719331573
            ],
            [
              -46.63021786525003,
              -23.571333719331573
            ],
            [
              -46.63021786525003,
              -23.571220760131325
            ]
          ]
        ]
      },
      "properties": {
        "sqlu": "SP-000188",
        "mainAddress": "Rua Domingos de Morais, 2333",
        "inscricaoImobiliaria": "SP-IMO-2024-000188",
        "inscription": "SP-INS-2024000187",
        "setor": "Consolacao",
        "quadra": "Q10",
        "lote": "2333",
        "cep": "01331970",
        "sourceType": "OFFICIAL_IMPORT",
        "areaTerreno": 299,
        "zoneamento": "RESIDENCIAL",
        "statusCadastral": "ATIVO",
        "workflowStatus": "APROVADA",
        "isOfficial": true,
        "municipio": "São Paulo",
        "uf": "SP"
      }
    },
    {
      "type": "Feature",
      "geometry": {
        "type": "Polygon",
        "coordinates": [
          [
            [
              -46.61839240290177,
              -23.561805672550218
            ],
            [
              -46.61815447039364,
              -23.561805672550218
            ],
            [
              -46.61815447039364,
              -23.56201563376876
            ],
            [
              -46.61839240290177,
              -23.56201563376876
            ],
            [
              -46.61839240290177,
              -23.561805672550218
            ]
          ]
        ]
      },
      "properties": {
        "sqlu": "SP-000189",
        "mainAddress": "Rua Loefgreen, 1689",
        "inscricaoImobiliaria": "SP-IMO-2024-000189",
        "inscription": "SP-INS-2024000188",
        "setor": "Paraiso",
        "quadra": "Q10",
        "lote": "1689",
        "cep": "01366896",
        "sourceType": "OFFICIAL_IMPORT",
        "areaTerreno": 616,
        "zoneamento": "RESIDENCIAL",
        "statusCadastral": "ATIVO",
        "workflowStatus": "APROVADA",
        "isOfficial": true,
        "municipio": "São Paulo",
        "uf": "SP"
      }
    },
    {
      "type": "Feature",
      "geometry": {
        "type": "Polygon",
        "coordinates": [
          [
            [
              -46.63157750493774,
              -23.55145053532807
            ],
            [
              -46.63128120178506,
              -23.55145053532807
            ],
            [
              -46.63128120178506,
              -23.55157490859369
            ],
            [
              -46.63157750493774,
              -23.55157490859369
            ],
            [
              -46.63157750493774,
              -23.55145053532807
            ]
          ]
        ]
      },
      "properties": {
        "sqlu": "SP-000190",
        "mainAddress": "Rua Domingos Leme, 1240",
        "inscricaoImobiliaria": "SP-IMO-2024-000190",
        "inscription": "SP-INS-2024000189",
        "setor": "Paraiso",
        "quadra": "Q10",
        "lote": "1240",
        "cep": "01398914",
        "sourceType": "OFFICIAL_IMPORT",
        "areaTerreno": 454,
        "zoneamento": "RESIDENCIAL",
        "statusCadastral": "ATIVO",
        "workflowStatus": "APROVADA",
        "isOfficial": true,
        "municipio": "São Paulo",
        "uf": "SP"
      }
    },
    {
      "type": "Feature",
      "geometry": {
        "type": "Polygon",
        "coordinates": [
          [
            [
              -46.6375803912511,
              -23.542978341470803
            ],
            [
              -46.637477633095486,
              -23.542978341470803
            ],
            [
              -46.637477633095486,
              -23.54327486655751
            ],
            [
              -46.6375803912511,
              -23.54327486655751
            ],
            [
              -46.6375803912511,
              -23.542978341470803
            ]
          ]
        ]
      },
      "properties": {
        "sqlu": "SP-000191",
        "mainAddress": "Rua Napoleao de Barros, 1192",
        "inscricaoImobiliaria": "SP-IMO-2024-000191",
        "inscription": "SP-INS-2024000190",
        "setor": "Jardins",
        "quadra": "Q10",
        "lote": "1192",
        "cep": "01384448",
        "sourceType": "OFFICIAL_IMPORT",
        "areaTerreno": 375,
        "zoneamento": "RESIDENCIAL",
        "statusCadastral": "PENDENTE",
        "workflowStatus": "PENDENTE",
        "isOfficial": true,
        "municipio": "São Paulo",
        "uf": "SP"
      }
    },
    {
      "type": "Feature",
      "geometry": {
        "type": "Polygon",
        "coordinates": [
          [
            [
              -46.63623786492692,
              -23.5395693229886
            ],
            [
              -46.636017435500605,
              -23.5395693229886
            ],
            [
              -46.636017435500605,
              -23.53971265360984
            ],
            [
              -46.63623786492692,
              -23.53971265360984
            ],
            [
              -46.63623786492692,
              -23.5395693229886
            ]
          ]
        ]
      },
      "properties": {
        "sqlu": "SP-000192",
        "mainAddress": "Rua Oscar Freire, 1387",
        "inscricaoImobiliaria": "SP-IMO-2024-000192",
        "inscription": "SP-INS-2024000191",
        "setor": "Consolacao",
        "quadra": "Q10",
        "lote": "1387",
        "cep": "01399623",
        "sourceType": "OFFICIAL_IMPORT",
        "areaTerreno": 389,
        "zoneamento": "RESIDENCIAL",
        "statusCadastral": "ATIVO",
        "workflowStatus": "APROVADA",
        "isOfficial": true,
        "municipio": "São Paulo",
        "uf": "SP"
      }
    },
    {
      "type": "Feature",
      "geometry": {
        "type": "Polygon",
        "coordinates": [
          [
            [
              -46.64829437495927,
              -23.53849093872068
            ],
            [
              -46.648160802213255,
              -23.53849093872068
            ],
            [
              -46.648160802213255,
              -23.538720092373435
            ],
            [
              -46.64829437495927,
              -23.538720092373435
            ],
            [
              -46.64829437495927,
              -23.53849093872068
            ]
          ]
        ]
      },
      "properties": {
        "sqlu": "SP-000193",
        "mainAddress": "Alameda Jau, 2461",
        "inscricaoImobiliaria": "SP-IMO-2024-000193",
        "inscription": "SP-INS-2024000192",
        "setor": "Paraiso",
        "quadra": "Q10",
        "lote": "2461",
        "cep": "01358093",
        "sourceType": "OFFICIAL_IMPORT",
        "areaTerreno": 377,
        "zoneamento": "RESIDENCIAL",
        "statusCadastral": "ATIVO",
        "workflowStatus": "APROVADA",
        "isOfficial": true,
        "municipio": "São Paulo",
        "uf": "SP"
      }
    },
    {
      "type": "Feature",
      "geometry": {
        "type": "Polygon",
        "coordinates": [
          [
            [
              -46.65648200390507,
              -23.54009024655571
            ],
            [
              -46.65627174078111,
              -23.54009024655571
            ],
            [
              -46.65627174078111,
              -23.540281197772426
            ],
            [
              -46.65648200390507,
              -23.540281197772426
            ],
            [
              -46.65648200390507,
              -23.54009024655571
            ]
          ]
        ]
      },
      "properties": {
        "sqlu": "SP-000194",
        "mainAddress": "Rua Maria Figueiredo, 397",
        "inscricaoImobiliaria": "SP-IMO-2024-000194",
        "inscription": "SP-INS-2024000193",
        "setor": "Paraiso",
        "quadra": "Q10",
        "lote": "397",
        "cep": "01318941",
        "sourceType": "OFFICIAL_IMPORT",
        "areaTerreno": 495,
        "zoneamento": "MISTO",
        "statusCadastral": "ATIVO",
        "workflowStatus": "APROVADA",
        "isOfficial": true,
        "municipio": "São Paulo",
        "uf": "SP"
      }
    },
    {
      "type": "Feature",
      "geometry": {
        "type": "Polygon",
        "coordinates": [
          [
            [
              -46.66582934677203,
              -23.55112141334062
            ],
            [
              -46.665643102432064,
              -23.55112141334062
            ],
            [
              -46.665643102432064,
              -23.551411721591904
            ],
            [
              -46.66582934677203,
              -23.551411721591904
            ],
            [
              -46.66582934677203,
              -23.55112141334062
            ]
          ]
        ]
      },
      "properties": {
        "sqlu": "SP-000195",
        "mainAddress": "Rua Borges Lagoa, 2239",
        "inscricaoImobiliaria": "SP-IMO-2024-000195",
        "inscription": "SP-INS-2024000194",
        "setor": "Paraiso",
        "quadra": "Q10",
        "lote": "2239",
        "cep": "01338144",
        "sourceType": "OFFICIAL_IMPORT",
        "areaTerreno": 666,
        "zoneamento": "RESIDENCIAL",
        "statusCadastral": "ATIVO",
        "workflowStatus": "EM_VALIDACAO",
        "isOfficial": true,
        "municipio": "São Paulo",
        "uf": "SP"
      }
    },
    {
      "type": "Feature",
      "geometry": {
        "type": "Polygon",
        "coordinates": [
          [
            [
              -46.673651813629576,
              -23.556599412170165
            ],
            [
              -46.67339657078002,
              -23.556599412170165
            ],
            [
              -46.67339657078002,
              -23.55677594760025
            ],
            [
              -46.673651813629576,
              -23.55677594760025
            ],
            [
              -46.673651813629576,
              -23.556599412170165
            ]
          ]
        ]
      },
      "properties": {
        "sqlu": "SP-000196",
        "mainAddress": "Rua Augusta, 40",
        "inscricaoImobiliaria": "SP-IMO-2024-000196",
        "inscription": "SP-INS-2024000195",
        "setor": "Vila Mariana",
        "quadra": "Q10",
        "lote": "40",
        "cep": "01300156",
        "sourceType": "OFFICIAL_IMPORT",
        "areaTerreno": 555,
        "zoneamento": "COMERCIAL",
        "statusCadastral": "ATIVO",
        "workflowStatus": "PENDENTE",
        "isOfficial": true,
        "municipio": "São Paulo",
        "uf": "SP"
      }
    },
    {
      "type": "Feature",
      "geometry": {
        "type": "Polygon",
        "coordinates": [
          [
            [
              -46.66678599987684,
              -23.571225141983888
            ],
            [
              -46.666510406504145,
              -23.571225141983888
            ],
            [
              -46.666510406504145,
              -23.571481319122682
            ],
            [
              -46.66678599987684,
              -23.571481319122682
            ],
            [
              -46.66678599987684,
              -23.571225141983888
            ]
          ]
        ]
      },
      "properties": {
        "sqlu": "SP-000197",
        "mainAddress": "Rua Luis Gois, 1348",
        "inscricaoImobiliaria": "SP-IMO-2024-000197",
        "inscription": "SP-INS-2024000196",
        "setor": "Jardins",
        "quadra": "Q10",
        "lote": "1348",
        "cep": "01321001",
        "sourceType": "OFFICIAL_IMPORT",
        "areaTerreno": 870,
        "zoneamento": "RESIDENCIAL",
        "statusCadastral": "ATIVO",
        "workflowStatus": "EM_VALIDACAO",
        "isOfficial": true,
        "municipio": "São Paulo",
        "uf": "SP"
      }
    },
    {
      "type": "Feature",
      "geometry": {
        "type": "Polygon",
        "coordinates": [
          [
            [
              -46.650235586075155,
              -23.576044323846464
            ],
            [
              -46.64995579058647,
              -23.576044323846464
            ],
            [
              -46.64995579058647,
              -23.576274568958226
            ],
            [
              -46.650235586075155,
              -23.576274568958226
            ],
            [
              -46.650235586075155,
              -23.576044323846464
            ]
          ]
        ]
      },
      "properties": {
        "sqlu": "SP-000198",
        "mainAddress": "Rua Frei Caneca, 1617",
        "inscricaoImobiliaria": "SP-IMO-2024-000198",
        "inscription": "SP-INS-2024000197",
        "setor": "Consolacao",
        "quadra": "Q10",
        "lote": "1617",
        "cep": "01314628",
        "sourceType": "OFFICIAL_IMPORT",
        "areaTerreno": 794,
        "zoneamento": "MISTO",
        "statusCadastral": "ATIVO",
        "workflowStatus": "APROVADA",
        "isOfficial": true,
        "municipio": "São Paulo",
        "uf": "SP"
      }
    },
    {
      "type": "Feature",
      "geometry": {
        "type": "Polygon",
        "coordinates": [
          [
            [
              -46.64420804902083,
              -23.58345381910738
            ],
            [
              -46.644011171995864,
              -23.58345381910738
            ],
            [
              -46.644011171995864,
              -23.583608234281755
            ],
            [
              -46.64420804902083,
              -23.583608234281755
            ],
            [
              -46.64420804902083,
              -23.58345381910738
            ]
          ]
        ]
      },
      "properties": {
        "sqlu": "SP-000199",
        "mainAddress": "Rua Luis Gois, 2501",
        "inscricaoImobiliaria": "SP-IMO-2024-000199",
        "inscription": "SP-INS-2024000198",
        "setor": "Jardins",
        "quadra": "Q10",
        "lote": "2501",
        "cep": "01391446",
        "sourceType": "OFFICIAL_IMPORT",
        "areaTerreno": 375,
        "zoneamento": "RESIDENCIAL",
        "statusCadastral": "ATIVO",
        "workflowStatus": "APROVADA",
        "isOfficial": true,
        "municipio": "São Paulo",
        "uf": "SP"
      }
    },
    {
      "type": "Feature",
      "geometry": {
        "type": "Polygon",
        "coordinates": [
          [
            [
              -46.634950706489846,
              -23.57808101752435
            ],
            [
              -46.634828600135535,
              -23.57808101752435
            ],
            [
              -46.634828600135535,
              -23.57818759322225
            ],
            [
              -46.634950706489846,
              -23.57818759322225
            ],
            [
              -46.634950706489846,
              -23.57808101752435
            ]
          ]
        ]
      },
      "properties": {
        "sqlu": "SP-000200",
        "mainAddress": "Rua Marselhesa, 415",
        "inscricaoImobiliaria": "SP-IMO-2024-000200",
        "inscription": "SP-INS-2024000199",
        "setor": "Consolacao",
        "quadra": "Q10",
        "lote": "415",
        "cep": "01365132",
        "sourceType": "OFFICIAL_IMPORT",
        "areaTerreno": 160,
        "zoneamento": "RESIDENCIAL",
        "statusCadastral": "ATIVO",
        "workflowStatus": "APROVADA",
        "isOfficial": true,
        "municipio": "São Paulo",
        "uf": "SP"
      }
    },
    {
      "type": "Feature",
      "geometry": {
        "type": "Polygon",
        "coordinates": [
          [
            [
              -46.61933212229238,
              -23.561869125853406
            ],
            [
              -46.619115795429224,
              -23.561869125853406
            ],
            [
              -46.619115795429224,
              -23.561997094179315
            ],
            [
              -46.61933212229238,
              -23.561997094179315
            ],
            [
              -46.61933212229238,
              -23.561869125853406
            ]
          ]
        ]
      },
      "properties": {
        "sqlu": "SP-000201",
        "mainAddress": "Rua Luis Gois, 9",
        "inscricaoImobiliaria": "SP-IMO-2024-000201",
        "inscription": "SP-INS-2024000200",
        "setor": "Bela Vista",
        "quadra": "Q11",
        "lote": "9",
        "cep": "01327143",
        "sourceType": "OFFICIAL_IMPORT",
        "areaTerreno": 341,
        "zoneamento": "RESIDENCIAL",
        "statusCadastral": "CONFLITO",
        "workflowStatus": "EM_VALIDACAO",
        "isOfficial": true,
        "municipio": "São Paulo",
        "uf": "SP"
      }
    },
    {
      "type": "Feature",
      "geometry": {
        "type": "Polygon",
        "coordinates": [
          [
            [
              -46.62109077730427,
              -23.555369414269016
            ],
            [
              -46.62094279705471,
              -23.555369414269016
            ],
            [
              -46.62094279705471,
              -23.555473990384215
            ],
            [
              -46.62109077730427,
              -23.555473990384215
            ],
            [
              -46.62109077730427,
              -23.555369414269016
            ]
          ]
        ]
      },
      "properties": {
        "sqlu": "SP-000202",
        "mainAddress": "Rua Augusta, 1712",
        "inscricaoImobiliaria": "SP-IMO-2024-000202",
        "inscription": "SP-INS-2024000201",
        "setor": "Jardins",
        "quadra": "Q11",
        "lote": "1712",
        "cep": "01366868",
        "sourceType": "OFFICIAL_IMPORT",
        "areaTerreno": 191,
        "zoneamento": "RESIDENCIAL",
        "statusCadastral": "ATIVO",
        "workflowStatus": "APROVADA",
        "isOfficial": true,
        "municipio": "São Paulo",
        "uf": "SP"
      }
    },
    {
      "type": "Feature",
      "geometry": {
        "type": "Polygon",
        "coordinates": [
          [
            [
              -46.6291477618379,
              -23.54359353472336
            ],
            [
              -46.62886593054853,
              -23.54359353472336
            ],
            [
              -46.62886593054853,
              -23.54380763393443
            ],
            [
              -46.6291477618379,
              -23.54380763393443
            ],
            [
              -46.6291477618379,
              -23.54359353472336
            ]
          ]
        ]
      },
      "properties": {
        "sqlu": "SP-000203",
        "mainAddress": "Rua Vergueiro, 896",
        "inscricaoImobiliaria": "SP-IMO-2024-000203",
        "inscription": "SP-INS-2024000202",
        "setor": "Cerqueira Cesar",
        "quadra": "Q11",
        "lote": "896",
        "cep": "01379989",
        "sourceType": "OFFICIAL_IMPORT",
        "areaTerreno": 743,
        "zoneamento": "RESIDENCIAL",
        "statusCadastral": "ATIVO",
        "workflowStatus": "APROVADA",
        "isOfficial": true,
        "municipio": "São Paulo",
        "uf": "SP"
      }
    },
    {
      "type": "Feature",
      "geometry": {
        "type": "Polygon",
        "coordinates": [
          [
            [
              -46.63512321359522,
              -23.53983717584801
            ],
            [
              -46.634971301347264,
              -23.53983717584801
            ],
            [
              -46.634971301347264,
              -23.540060488314797
            ],
            [
              -46.63512321359522,
              -23.540060488314797
            ],
            [
              -46.63512321359522,
              -23.53983717584801
            ]
          ]
        ]
      },
      "properties": {
        "sqlu": "SP-000204",
        "mainAddress": "Alameda Jau, 408",
        "inscricaoImobiliaria": "SP-IMO-2024-000204",
        "inscription": "SP-INS-2024000203",
        "setor": "Jardins",
        "quadra": "Q11",
        "lote": "408",
        "cep": "01349916",
        "sourceType": "OFFICIAL_IMPORT",
        "areaTerreno": 418,
        "zoneamento": "RESIDENCIAL",
        "statusCadastral": "ATIVO",
        "workflowStatus": "APROVADA",
        "isOfficial": true,
        "municipio": "São Paulo",
        "uf": "SP"
      }
    },
    {
      "type": "Feature",
      "geometry": {
        "type": "Polygon",
        "coordinates": [
          [
            [
              -46.64302318295692,
              -23.53435786705907
            ],
            [
              -46.64277327044909,
              -23.53435786705907
            ],
            [
              -46.64277327044909,
              -23.534550788895075
            ],
            [
              -46.64302318295692,
              -23.534550788895075
            ],
            [
              -46.64302318295692,
              -23.53435786705907
            ]
          ]
        ]
      },
      "properties": {
        "sqlu": "SP-000205",
        "mainAddress": "Rua Napoleao de Barros, 842",
        "inscricaoImobiliaria": "SP-IMO-2024-000205",
        "inscription": "SP-INS-2024000204",
        "setor": "Bela Vista",
        "quadra": "Q11",
        "lote": "842",
        "cep": "01369765",
        "sourceType": "OFFICIAL_IMPORT",
        "areaTerreno": 594,
        "zoneamento": "RESIDENCIAL",
        "statusCadastral": "ATIVO",
        "workflowStatus": "APROVADA",
        "isOfficial": true,
        "municipio": "São Paulo",
        "uf": "SP"
      }
    },
    {
      "type": "Feature",
      "geometry": {
        "type": "Polygon",
        "coordinates": [
          [
            [
              -46.65101130262012,
              -23.53496274500837
            ],
            [
              -46.65082339316565,
              -23.53496274500837
            ],
            [
              -46.65082339316565,
              -23.535156342552693
            ],
            [
              -46.65101130262012,
              -23.535156342552693
            ],
            [
              -46.65101130262012,
              -23.53496274500837
            ]
          ]
        ]
      },
      "properties": {
        "sqlu": "SP-000206",
        "mainAddress": "Avenida Paulista, 769",
        "inscricaoImobiliaria": "SP-IMO-2024-000206",
        "inscription": "SP-INS-2024000205",
        "setor": "Consolacao",
        "quadra": "Q11",
        "lote": "769",
        "cep": "01355655",
        "sourceType": "OFFICIAL_IMPORT",
        "areaTerreno": 448,
        "zoneamento": "COMERCIAL",
        "statusCadastral": "ATIVO",
        "workflowStatus": "APROVADA",
        "isOfficial": true,
        "municipio": "São Paulo",
        "uf": "SP"
      }
    },
    {
      "type": "Feature",
      "geometry": {
        "type": "Polygon",
        "coordinates": [
          [
            [
              -46.6542076267602,
              -23.542831894691766
            ],
            [
              -46.653984036815494,
              -23.542831894691766
            ],
            [
              -46.653984036815494,
              -23.543117512735062
            ],
            [
              -46.6542076267602,
              -23.543117512735062
            ],
            [
              -46.6542076267602,
              -23.542831894691766
            ]
          ]
        ]
      },
      "properties": {
        "sqlu": "SP-000207",
        "mainAddress": "Rua Coronel Oscar Porto, 2779",
        "inscricaoImobiliaria": "SP-IMO-2024-000207",
        "inscription": "SP-INS-2024000206",
        "setor": "Cerqueira Cesar",
        "quadra": "Q11",
        "lote": "2779",
        "cep": "01304914",
        "sourceType": "OFFICIAL_IMPORT",
        "areaTerreno": 787,
        "zoneamento": "MISTO",
        "statusCadastral": "ATIVO",
        "workflowStatus": "APROVADA",
        "isOfficial": true,
        "municipio": "São Paulo",
        "uf": "SP"
      }
    },
    {
      "type": "Feature",
      "geometry": {
        "type": "Polygon",
        "coordinates": [
          [
            [
              -46.65832018171822,
              -23.55062525793828
            ],
            [
              -46.65812421113755,
              -23.55062525793828
            ],
            [
              -46.65812421113755,
              -23.55078149493303
            ],
            [
              -46.65832018171822,
              -23.55078149493303
            ],
            [
              -46.65832018171822,
              -23.55062525793828
            ]
          ]
        ]
      },
      "properties": {
        "sqlu": "SP-000208",
        "mainAddress": "Rua Loefgreen, 722",
        "inscricaoImobiliaria": "SP-IMO-2024-000208",
        "inscription": "SP-INS-2024000207",
        "setor": "Paraiso",
        "quadra": "Q11",
        "lote": "722",
        "cep": "01358969",
        "sourceType": "OFFICIAL_IMPORT",
        "areaTerreno": 377,
        "zoneamento": "RESIDENCIAL",
        "statusCadastral": "ATIVO",
        "workflowStatus": "APROVADA",
        "isOfficial": true,
        "municipio": "São Paulo",
        "uf": "SP"
      }
    },
    {
      "type": "Feature",
      "geometry": {
        "type": "Polygon",
        "coordinates": [
          [
            [
              -46.672524795433425,
              -23.562518690243145
            ],
            [
              -46.67224818299398,
              -23.562518690243145
            ],
            [
              -46.67224818299398,
              -23.562812733510526
            ],
            [
              -46.672524795433425,
              -23.562812733510526
            ],
            [
              -46.672524795433425,
              -23.562518690243145
            ]
          ]
        ]
      },
      "properties": {
        "sqlu": "SP-000209",
        "mainAddress": "Rua Augusta, 1896",
        "inscricaoImobiliaria": "SP-IMO-2024-000209",
        "inscription": "SP-INS-2024000208",
        "setor": "Bela Vista",
        "quadra": "Q11",
        "lote": "1896",
        "cep": "01319885",
        "sourceType": "OFFICIAL_IMPORT",
        "areaTerreno": 1002,
        "zoneamento": "RESIDENCIAL",
        "statusCadastral": "ATIVO",
        "workflowStatus": "APROVADA",
        "isOfficial": true,
        "municipio": "São Paulo",
        "uf": "SP"
      }
    },
    {
      "type": "Feature",
      "geometry": {
        "type": "Polygon",
        "coordinates": [
          [
            [
              -46.65355274540227,
              -23.563033028693134
            ],
            [
              -46.65336280997007,
              -23.563033028693134
            ],
            [
              -46.65336280997007,
              -23.56320591521173
            ],
            [
              -46.65355274540227,
              -23.56320591521173
            ],
            [
              -46.65355274540227,
              -23.563033028693134
            ]
          ]
        ]
      },
      "properties": {
        "sqlu": "SP-000210",
        "mainAddress": "Rua Luis Gois, 1518",
        "inscricaoImobiliaria": "SP-IMO-2024-000210",
        "inscription": "SP-INS-2024000209",
        "setor": "Cerqueira Cesar",
        "quadra": "Q11",
        "lote": "1518",
        "cep": "01374414",
        "sourceType": "OFFICIAL_IMPORT",
        "areaTerreno": 405,
        "zoneamento": "RESIDENCIAL",
        "statusCadastral": "ATIVO",
        "workflowStatus": "APROVADA",
        "isOfficial": true,
        "municipio": "São Paulo",
        "uf": "SP"
      }
    },
    {
      "type": "Feature",
      "geometry": {
        "type": "Polygon",
        "coordinates": [
          [
            [
              -46.64872458903197,
              -23.57880248981167
            ],
            [
              -46.6484876066091,
              -23.57880248981167
            ],
            [
              -46.6484876066091,
              -23.579079061416788
            ],
            [
              -46.64872458903197,
              -23.579079061416788
            ],
            [
              -46.64872458903197,
              -23.57880248981167
            ]
          ]
        ]
      },
      "properties": {
        "sqlu": "SP-000211",
        "mainAddress": "Rua Coronel Oscar Porto, 2263",
        "inscricaoImobiliaria": "SP-IMO-2024-000211",
        "inscription": "SP-INS-2024000210",
        "setor": "Bela Vista",
        "quadra": "Q11",
        "lote": "2263",
        "cep": "01373690",
        "sourceType": "OFFICIAL_IMPORT",
        "areaTerreno": 808,
        "zoneamento": "RESIDENCIAL",
        "statusCadastral": "ATIVO",
        "workflowStatus": "APROVADA",
        "isOfficial": true,
        "municipio": "São Paulo",
        "uf": "SP"
      }
    },
    {
      "type": "Feature",
      "geometry": {
        "type": "Polygon",
        "coordinates": [
          [
            [
              -46.64019577634421,
              -23.569767544481426
            ],
            [
              -46.63997803452672,
              -23.569767544481426
            ],
            [
              -46.63997803452672,
              -23.569929312820893
            ],
            [
              -46.64019577634421,
              -23.569929312820893
            ],
            [
              -46.64019577634421,
              -23.569767544481426
            ]
          ]
        ]
      },
      "properties": {
        "sqlu": "SP-000212",
        "mainAddress": "Rua Haddock Lobo, 2086",
        "inscricaoImobiliaria": "SP-IMO-2024-000212",
        "inscription": "SP-INS-2024000211",
        "setor": "Jardins",
        "quadra": "Q11",
        "lote": "2086",
        "cep": "01359303",
        "sourceType": "OFFICIAL_IMPORT",
        "areaTerreno": 434,
        "zoneamento": "MISTO",
        "statusCadastral": "ATIVO",
        "workflowStatus": "EM_VALIDACAO",
        "isOfficial": true,
        "municipio": "São Paulo",
        "uf": "SP"
      }
    },
    {
      "type": "Feature",
      "geometry": {
        "type": "Polygon",
        "coordinates": [
          [
            [
              -46.63431181976067,
              -23.563802964557418
            ],
            [
              -46.63409384062181,
              -23.563802964557418
            ],
            [
              -46.63409384062181,
              -23.563945717650494
            ],
            [
              -46.63431181976067,
              -23.563945717650494
            ],
            [
              -46.63431181976067,
              -23.563802964557418
            ]
          ]
        ]
      },
      "properties": {
        "sqlu": "SP-000213",
        "mainAddress": "Rua Peixoto Gomide, 2645",
        "inscricaoImobiliaria": "SP-IMO-2024-000213",
        "inscription": "SP-INS-2024000212",
        "setor": "Consolacao",
        "quadra": "Q11",
        "lote": "2645",
        "cep": "01308052",
        "sourceType": "OFFICIAL_IMPORT",
        "areaTerreno": 383,
        "zoneamento": "MISTO",
        "statusCadastral": "ATIVO",
        "workflowStatus": "APROVADA",
        "isOfficial": true,
        "municipio": "São Paulo",
        "uf": "SP"
      }
    },
    {
      "type": "Feature",
      "geometry": {
        "type": "Polygon",
        "coordinates": [
          [
            [
              -46.62628877229042,
              -23.56360374568596
            ],
            [
              -46.62615019004733,
              -23.56360374568596
            ],
            [
              -46.62615019004733,
              -23.563733570011102
            ],
            [
              -46.62628877229042,
              -23.563733570011102
            ],
            [
              -46.62628877229042,
              -23.56360374568596
            ]
          ]
        ]
      },
      "properties": {
        "sqlu": "SP-000214",
        "mainAddress": "Rua Haddock Lobo, 2656",
        "inscricaoImobiliaria": "SP-IMO-2024-000214",
        "inscription": "SP-INS-2024000213",
        "setor": "Vila Mariana",
        "quadra": "Q11",
        "lote": "2656",
        "cep": "01348825",
        "sourceType": "OFFICIAL_IMPORT",
        "areaTerreno": 222,
        "zoneamento": "RESIDENCIAL",
        "statusCadastral": "ATIVO",
        "workflowStatus": "APROVADA",
        "isOfficial": true,
        "municipio": "São Paulo",
        "uf": "SP"
      }
    },
    {
      "type": "Feature",
      "geometry": {
        "type": "Polygon",
        "coordinates": [
          [
            [
              -46.623346788766824,
              -23.551306483464803
            ],
            [
              -46.62324587569734,
              -23.551306483464803
            ],
            [
              -46.62324587569734,
              -23.55144157134242
            ],
            [
              -46.623346788766824,
              -23.55144157134242
            ],
            [
              -46.623346788766824,
              -23.551306483464803
            ]
          ]
        ]
      },
      "properties": {
        "sqlu": "SP-000215",
        "mainAddress": "Rua Borges Lagoa, 170",
        "inscricaoImobiliaria": "SP-IMO-2024-000215",
        "inscription": "SP-INS-2024000214",
        "setor": "Paraiso",
        "quadra": "Q11",
        "lote": "170",
        "cep": "01377371",
        "sourceType": "OFFICIAL_IMPORT",
        "areaTerreno": 168,
        "zoneamento": "RESIDENCIAL",
        "statusCadastral": "ATIVO",
        "workflowStatus": "APROVADA",
        "isOfficial": true,
        "municipio": "São Paulo",
        "uf": "SP"
      }
    },
    {
      "type": "Feature",
      "geometry": {
        "type": "Polygon",
        "coordinates": [
          [
            [
              -46.631113139378975,
              -23.540757585389294
            ],
            [
              -46.63096395062463,
              -23.540757585389294
            ],
            [
              -46.63096395062463,
              -23.54093546550548
            ],
            [
              -46.631113139378975,
              -23.54093546550548
            ],
            [
              -46.631113139378975,
              -23.540757585389294
            ]
          ]
        ]
      },
      "properties": {
        "sqlu": "SP-000216",
        "mainAddress": "Rua Marselhesa, 2921",
        "inscricaoImobiliaria": "SP-IMO-2024-000216",
        "inscription": "SP-INS-2024000215",
        "setor": "Bela Vista",
        "quadra": "Q11",
        "lote": "2921",
        "cep": "01347370",
        "sourceType": "OFFICIAL_IMPORT",
        "areaTerreno": 327,
        "zoneamento": "RESIDENCIAL",
        "statusCadastral": "ATIVO",
        "workflowStatus": "APROVADA",
        "isOfficial": true,
        "municipio": "São Paulo",
        "uf": "SP"
      }
    },
    {
      "type": "Feature",
      "geometry": {
        "type": "Polygon",
        "coordinates": [
          [
            [
              -46.63570294889634,
              -23.532111164387103
            ],
            [
              -46.63546437160927,
              -23.532111164387103
            ],
            [
              -46.63546437160927,
              -23.532227365907804
            ],
            [
              -46.63570294889634,
              -23.532227365907804
            ],
            [
              -46.63570294889634,
              -23.532111164387103
            ]
          ]
        ]
      },
      "properties": {
        "sqlu": "SP-000217",
        "mainAddress": "Rua Botucatu, 2334",
        "inscricaoImobiliaria": "SP-IMO-2024-000217",
        "inscription": "SP-INS-2024000216",
        "setor": "Vila Mariana",
        "quadra": "Q11",
        "lote": "2334",
        "cep": "01369478",
        "sourceType": "OFFICIAL_IMPORT",
        "areaTerreno": 342,
        "zoneamento": "RESIDENCIAL",
        "statusCadastral": "ATIVO",
        "workflowStatus": "PENDENTE",
        "isOfficial": true,
        "municipio": "São Paulo",
        "uf": "SP"
      }
    },
    {
      "type": "Feature",
      "geometry": {
        "type": "Polygon",
        "coordinates": [
          [
            [
              -46.64714455358723,
              -23.53308079063792
            ],
            [
              -46.64691655679753,
              -23.53308079063792
            ],
            [
              -46.64691655679753,
              -23.533219321132513
            ],
            [
              -46.64714455358723,
              -23.533219321132513
            ],
            [
              -46.64714455358723,
              -23.53308079063792
            ]
          ]
        ]
      },
      "properties": {
        "sqlu": "SP-000218",
        "mainAddress": "Avenida Paulista, 867",
        "inscricaoImobiliaria": "SP-IMO-2024-000218",
        "inscription": "SP-INS-2024000217",
        "setor": "Consolacao",
        "quadra": "Q11",
        "lote": "867",
        "cep": "01300122",
        "sourceType": "OFFICIAL_IMPORT",
        "areaTerreno": 389,
        "zoneamento": "COMERCIAL",
        "statusCadastral": "ATIVO",
        "workflowStatus": "APROVADA",
        "isOfficial": true,
        "municipio": "São Paulo",
        "uf": "SP"
      }
    },
    {
      "type": "Feature",
      "geometry": {
        "type": "Polygon",
        "coordinates": [
          [
            [
              -46.65195915343696,
              -23.531990017423823
            ],
            [
              -46.651748808901225,
              -23.531990017423823
            ],
            [
              -46.651748808901225,
              -23.532252953362732
            ],
            [
              -46.65195915343696,
              -23.532252953362732
            ],
            [
              -46.65195915343696,
              -23.531990017423823
            ]
          ]
        ]
      },
      "properties": {
        "sqlu": "SP-000219",
        "mainAddress": "Rua Joaquim Tavora, 1883",
        "inscricaoImobiliaria": "SP-IMO-2024-000219",
        "inscription": "SP-INS-2024000218",
        "setor": "Consolacao",
        "quadra": "Q11",
        "lote": "1883",
        "cep": "01336295",
        "sourceType": "OFFICIAL_IMPORT",
        "areaTerreno": 681,
        "zoneamento": "RESIDENCIAL",
        "statusCadastral": "ATIVO",
        "workflowStatus": "APROVADA",
        "isOfficial": true,
        "municipio": "São Paulo",
        "uf": "SP"
      }
    },
    {
      "type": "Feature",
      "geometry": {
        "type": "Polygon",
        "coordinates": [
          [
            [
              -46.66785593874096,
              -23.54176556156794
            ],
            [
              -46.667732373725336,
              -23.54176556156794
            ],
            [
              -46.667732373725336,
              -23.541931648541834
            ],
            [
              -46.66785593874096,
              -23.541931648541834
            ],
            [
              -46.66785593874096,
              -23.54176556156794
            ]
          ]
        ]
      },
      "properties": {
        "sqlu": "SP-000220",
        "mainAddress": "Rua Haddock Lobo, 2958",
        "inscricaoImobiliaria": "SP-IMO-2024-000220",
        "inscription": "SP-INS-2024000219",
        "setor": "Vila Mariana",
        "quadra": "Q11",
        "lote": "2958",
        "cep": "01309649",
        "sourceType": "OFFICIAL_IMPORT",
        "areaTerreno": 253,
        "zoneamento": "RESIDENCIAL",
        "statusCadastral": "ATIVO",
        "workflowStatus": "APROVADA",
        "isOfficial": true,
        "municipio": "São Paulo",
        "uf": "SP"
      }
    },
    {
      "type": "Feature",
      "geometry": {
        "type": "Polygon",
        "coordinates": [
          [
            [
              -46.67487893205036,
              -23.5563413071245
            ],
            [
              -46.674599615365665,
              -23.5563413071245
            ],
            [
              -46.674599615365665,
              -23.556543563606876
            ],
            [
              -46.67487893205036,
              -23.556543563606876
            ],
            [
              -46.67487893205036,
              -23.5563413071245
            ]
          ]
        ]
      },
      "properties": {
        "sqlu": "SP-000221",
        "mainAddress": "Rua Botucatu, 423",
        "inscricaoImobiliaria": "SP-IMO-2024-000221",
        "inscription": "SP-INS-2024000220",
        "setor": "Vila Mariana",
        "quadra": "Q12",
        "lote": "423",
        "cep": "01334735",
        "sourceType": "OFFICIAL_IMPORT",
        "areaTerreno": 696,
        "zoneamento": "RESIDENCIAL",
        "statusCadastral": "ATIVO",
        "workflowStatus": "APROVADA",
        "isOfficial": true,
        "municipio": "São Paulo",
        "uf": "SP"
      }
    },
    {
      "type": "Feature",
      "geometry": {
        "type": "Polygon",
        "coordinates": [
          [
            [
              -46.663585662200504,
              -23.56077680027679
            ],
            [
              -46.663363233142015,
              -23.56077680027679
            ],
            [
              -46.663363233142015,
              -23.56106793311805
            ],
            [
              -46.663585662200504,
              -23.56106793311805
            ],
            [
              -46.663585662200504,
              -23.56077680027679
            ]
          ]
        ]
      },
      "properties": {
        "sqlu": "SP-000222",
        "mainAddress": "Rua Domingos Leme, 1809",
        "inscricaoImobiliaria": "SP-IMO-2024-000222",
        "inscription": "SP-INS-2024000221",
        "setor": "Paraiso",
        "quadra": "Q12",
        "lote": "1809",
        "cep": "01323002",
        "sourceType": "OFFICIAL_IMPORT",
        "areaTerreno": 798,
        "zoneamento": "MISTO",
        "statusCadastral": "ATIVO",
        "workflowStatus": "PENDENTE",
        "isOfficial": true,
        "municipio": "São Paulo",
        "uf": "SP"
      }
    },
    {
      "type": "Feature",
      "geometry": {
        "type": "Polygon",
        "coordinates": [
          [
            [
              -46.654304316748096,
              -23.570084124602953
            ],
            [
              -46.654038359899175,
              -23.570084124602953
            ],
            [
              -46.654038359899175,
              -23.570329520243337
            ],
            [
              -46.654304316748096,
              -23.570329520243337
            ],
            [
              -46.654304316748096,
              -23.570084124602953
            ]
          ]
        ]
      },
      "properties": {
        "sqlu": "SP-000223",
        "mainAddress": "Rua Antonio Carlos, 48",
        "inscricaoImobiliaria": "SP-IMO-2024-000223",
        "inscription": "SP-INS-2024000222",
        "setor": "Vila Mariana",
        "quadra": "Q12",
        "lote": "48",
        "cep": "01386526",
        "sourceType": "OFFICIAL_IMPORT",
        "areaTerreno": 804,
        "zoneamento": "COMERCIAL",
        "statusCadastral": "ATIVO",
        "workflowStatus": "EM_VALIDACAO",
        "isOfficial": true,
        "municipio": "São Paulo",
        "uf": "SP"
      }
    },
    {
      "type": "Feature",
      "geometry": {
        "type": "Polygon",
        "coordinates": [
          [
            [
              -46.64541133299952,
              -23.57582680337174
            ],
            [
              -46.64513524622243,
              -23.57582680337174
            ],
            [
              -46.64513524622243,
              -23.57604616982874
            ],
            [
              -46.64541133299952,
              -23.57604616982874
            ],
            [
              -46.64541133299952,
              -23.57582680337174
            ]
          ]
        ]
      },
      "properties": {
        "sqlu": "SP-000224",
        "mainAddress": "Rua Maria Figueiredo, 1070",
        "inscricaoImobiliaria": "SP-IMO-2024-000224",
        "inscription": "SP-INS-2024000223",
        "setor": "Paraiso",
        "quadra": "Q12",
        "lote": "1070",
        "cep": "01312521",
        "sourceType": "OFFICIAL_IMPORT",
        "areaTerreno": 746,
        "zoneamento": "COMERCIAL",
        "statusCadastral": "PENDENTE",
        "workflowStatus": "APROVADA",
        "isOfficial": true,
        "municipio": "São Paulo",
        "uf": "SP"
      }
    },
    {
      "type": "Feature",
      "geometry": {
        "type": "Polygon",
        "coordinates": [
          [
            [
              -46.63456714851981,
              -23.566450883607782
            ],
            [
              -46.63433076703114,
              -23.566450883607782
            ],
            [
              -46.63433076703114,
              -23.566594833892
            ],
            [
              -46.63456714851981,
              -23.566594833892
            ],
            [
              -46.63456714851981,
              -23.566450883607782
            ]
          ]
        ]
      },
      "properties": {
        "sqlu": "SP-000225",
        "mainAddress": "Rua Bela Cintra, 2739",
        "inscricaoImobiliaria": "SP-IMO-2024-000225",
        "inscription": "SP-INS-2024000224",
        "setor": "Consolacao",
        "quadra": "Q12",
        "lote": "2739",
        "cep": "01342783",
        "sourceType": "OFFICIAL_IMPORT",
        "areaTerreno": 419,
        "zoneamento": "COMERCIAL",
        "statusCadastral": "ATIVO",
        "workflowStatus": "APROVADA",
        "isOfficial": true,
        "municipio": "São Paulo",
        "uf": "SP"
      }
    },
    {
      "type": "Feature",
      "geometry": {
        "type": "Polygon",
        "coordinates": [
          [
            [
              -46.62397348326934,
              -23.563722121504615
            ],
            [
              -46.623778853343005,
              -23.563722121504615
            ],
            [
              -46.623778853343005,
              -23.563881665712884
            ],
            [
              -46.62397348326934,
              -23.563881665712884
            ],
            [
              -46.62397348326934,
              -23.563722121504615
            ]
          ]
        ]
      },
      "properties": {
        "sqlu": "SP-000226",
        "mainAddress": "Avenida Paulista, 1177",
        "inscricaoImobiliaria": "SP-IMO-2024-000226",
        "inscription": "SP-INS-2024000225",
        "setor": "Cerqueira Cesar",
        "quadra": "Q12",
        "lote": "1177",
        "cep": "01377671",
        "sourceType": "OFFICIAL_IMPORT",
        "areaTerreno": 383,
        "zoneamento": "RESIDENCIAL",
        "statusCadastral": "ATIVO",
        "workflowStatus": "APROVADA",
        "isOfficial": true,
        "municipio": "São Paulo",
        "uf": "SP"
      }
    },
    {
      "type": "Feature",
      "geometry": {
        "type": "Polygon",
        "coordinates": [
          [
            [
              -46.612829556885515,
              -23.556419562874634
            ],
            [
              -46.61263231720766,
              -23.556419562874634
            ],
            [
              -46.61263231720766,
              -23.556614557470457
            ],
            [
              -46.612829556885515,
              -23.556614557470457
            ],
            [
              -46.612829556885515,
              -23.556419562874634
            ]
          ]
        ]
      },
      "properties": {
        "sqlu": "SP-000227",
        "mainAddress": "Alameda Jau, 2301",
        "inscricaoImobiliaria": "SP-IMO-2024-000227",
        "inscription": "SP-INS-2024000226",
        "setor": "Vila Mariana",
        "quadra": "Q12",
        "lote": "2301",
        "cep": "01310634",
        "sourceType": "OFFICIAL_IMPORT",
        "areaTerreno": 474,
        "zoneamento": "COMERCIAL",
        "statusCadastral": "ATIVO",
        "workflowStatus": "APROVADA",
        "isOfficial": true,
        "municipio": "São Paulo",
        "uf": "SP"
      }
    },
    {
      "type": "Feature",
      "geometry": {
        "type": "Polygon",
        "coordinates": [
          [
            [
              -46.620137262851486,
              -23.5466729788383
            ],
            [
              -46.619956170407015,
              -23.5466729788383
            ],
            [
              -46.619956170407015,
              -23.54681319216627
            ],
            [
              -46.620137262851486,
              -23.54681319216627
            ],
            [
              -46.620137262851486,
              -23.5466729788383
            ]
          ]
        ]
      },
      "properties": {
        "sqlu": "SP-000228",
        "mainAddress": "Rua Domingos de Morais, 2714",
        "inscricaoImobiliaria": "SP-IMO-2024-000228",
        "inscription": "SP-INS-2024000227",
        "setor": "Jardins",
        "quadra": "Q12",
        "lote": "2714",
        "cep": "01370960",
        "sourceType": "OFFICIAL_IMPORT",
        "areaTerreno": 313,
        "zoneamento": "RESIDENCIAL",
        "statusCadastral": "ATIVO",
        "workflowStatus": "APROVADA",
        "isOfficial": true,
        "municipio": "São Paulo",
        "uf": "SP"
      }
    },
    {
      "type": "Feature",
      "geometry": {
        "type": "Polygon",
        "coordinates": [
          [
            [
              -46.63156903996107,
              -23.54536837752646
            ],
            [
              -46.631446577679014,
              -23.54536837752646
            ],
            [
              -46.631446577679014,
              -23.54549954363178
            ],
            [
              -46.63156903996107,
              -23.54549954363178
            ],
            [
              -46.63156903996107,
              -23.54536837752646
            ]
          ]
        ]
      },
      "properties": {
        "sqlu": "SP-000229",
        "mainAddress": "Rua Domingos de Morais, 1730",
        "inscricaoImobiliaria": "SP-IMO-2024-000229",
        "inscription": "SP-INS-2024000228",
        "setor": "Jardins",
        "quadra": "Q12",
        "lote": "1730",
        "cep": "01374012",
        "sourceType": "OFFICIAL_IMPORT",
        "areaTerreno": 198,
        "zoneamento": "RESIDENCIAL",
        "statusCadastral": "CONFLITO",
        "workflowStatus": "APROVADA",
        "isOfficial": true,
        "municipio": "São Paulo",
        "uf": "SP"
      }
    },
    {
      "type": "Feature",
      "geometry": {
        "type": "Polygon",
        "coordinates": [
          [
            [
              -46.64074311330208,
              -23.537973071961535
            ],
            [
              -46.640607018385396,
              -23.537973071961535
            ],
            [
              -46.640607018385396,
              -23.538141285979247
            ],
            [
              -46.64074311330208,
              -23.538141285979247
            ],
            [
              -46.64074311330208,
              -23.537973071961535
            ]
          ]
        ]
      },
      "properties": {
        "sqlu": "SP-000230",
        "mainAddress": "Rua Bela Cintra, 1108",
        "inscricaoImobiliaria": "SP-IMO-2024-000230",
        "inscription": "SP-INS-2024000229",
        "setor": "Cerqueira Cesar",
        "quadra": "Q12",
        "lote": "1108",
        "cep": "01375734",
        "sourceType": "OFFICIAL_IMPORT",
        "areaTerreno": 282,
        "zoneamento": "MISTO",
        "statusCadastral": "ATIVO",
        "workflowStatus": "APROVADA",
        "isOfficial": true,
        "municipio": "São Paulo",
        "uf": "SP"
      }
    },
    {
      "type": "Feature",
      "geometry": {
        "type": "Polygon",
        "coordinates": [
          [
            [
              -46.65495787510771,
              -23.533867016034684
            ],
            [
              -46.65477055430832,
              -23.533867016034684
            ],
            [
              -46.65477055430832,
              -23.53405205165585
            ],
            [
              -46.65495787510771,
              -23.53405205165585
            ],
            [
              -46.65495787510771,
              -23.533867016034684
            ]
          ]
        ]
      },
      "properties": {
        "sqlu": "SP-000231",
        "mainAddress": "Alameda Santos, 2662",
        "inscricaoImobiliaria": "SP-IMO-2024-000231",
        "inscription": "SP-INS-2024000230",
        "setor": "Vila Mariana",
        "quadra": "Q12",
        "lote": "2662",
        "cep": "01300406",
        "sourceType": "OFFICIAL_IMPORT",
        "areaTerreno": 427,
        "zoneamento": "MISTO",
        "statusCadastral": "ATIVO",
        "workflowStatus": "APROVADA",
        "isOfficial": true,
        "municipio": "São Paulo",
        "uf": "SP"
      }
    },
    {
      "type": "Feature",
      "geometry": {
        "type": "Polygon",
        "coordinates": [
          [
            [
              -46.66930617534851,
              -23.53501512371168
            ],
            [
              -46.66920371715346,
              -23.53501512371168
            ],
            [
              -46.66920371715346,
              -23.535178996658935
            ],
            [
              -46.66930617534851,
              -23.535178996658935
            ],
            [
              -46.66930617534851,
              -23.53501512371168
            ]
          ]
        ]
      },
      "properties": {
        "sqlu": "SP-000232",
        "mainAddress": "Rua Estados Unidos, 115",
        "inscricaoImobiliaria": "SP-IMO-2024-000232",
        "inscription": "SP-INS-2024000231",
        "setor": "Paraiso",
        "quadra": "Q12",
        "lote": "115",
        "cep": "01359890",
        "sourceType": "OFFICIAL_IMPORT",
        "areaTerreno": 207,
        "zoneamento": "RESIDENCIAL",
        "statusCadastral": "ATIVO",
        "workflowStatus": "APROVADA",
        "isOfficial": true,
        "municipio": "São Paulo",
        "uf": "SP"
      }
    },
    {
      "type": "Feature",
      "geometry": {
        "type": "Polygon",
        "coordinates": [
          [
            [
              -46.67249284552111,
              -23.550597146008748
            ],
            [
              -46.672322671550525,
              -23.550597146008748
            ],
            [
              -46.672322671550525,
              -23.550698170566687
            ],
            [
              -46.67249284552111,
              -23.550698170566687
            ],
            [
              -46.67249284552111,
              -23.550597146008748
            ]
          ]
        ]
      },
      "properties": {
        "sqlu": "SP-000233",
        "mainAddress": "Rua Afonso Celso, 1829",
        "inscricaoImobiliaria": "SP-IMO-2024-000233",
        "inscription": "SP-INS-2024000232",
        "setor": "Bela Vista",
        "quadra": "Q12",
        "lote": "1829",
        "cep": "01315673",
        "sourceType": "OFFICIAL_IMPORT",
        "areaTerreno": 212,
        "zoneamento": "MISTO",
        "statusCadastral": "ATIVO",
        "workflowStatus": "APROVADA",
        "isOfficial": true,
        "municipio": "São Paulo",
        "uf": "SP"
      }
    },
    {
      "type": "Feature",
      "geometry": {
        "type": "Polygon",
        "coordinates": [
          [
            [
              -46.66475306693576,
              -23.55838037233205
            ],
            [
              -46.66464998036102,
              -23.55838037233205
            ],
            [
              -46.66464998036102,
              -23.55859300140269
            ],
            [
              -46.66475306693576,
              -23.55859300140269
            ],
            [
              -46.66475306693576,
              -23.55838037233205
            ]
          ]
        ]
      },
      "properties": {
        "sqlu": "SP-000234",
        "mainAddress": "Rua Abilio Soares, 1706",
        "inscricaoImobiliaria": "SP-IMO-2024-000234",
        "inscription": "SP-INS-2024000233",
        "setor": "Vila Mariana",
        "quadra": "Q12",
        "lote": "1706",
        "cep": "01366886",
        "sourceType": "OFFICIAL_IMPORT",
        "areaTerreno": 270,
        "zoneamento": "COMERCIAL",
        "statusCadastral": "ATIVO",
        "workflowStatus": "EM_VALIDACAO",
        "isOfficial": true,
        "municipio": "São Paulo",
        "uf": "SP"
      }
    },
    {
      "type": "Feature",
      "geometry": {
        "type": "Polygon",
        "coordinates": [
          [
            [
              -46.656507014421706,
              -23.56877952894156
            ],
            [
              -46.65625916140992,
              -23.56877952894156
            ],
            [
              -46.65625916140992,
              -23.56890975459432
            ],
            [
              -46.656507014421706,
              -23.56890975459432
            ],
            [
              -46.656507014421706,
              -23.56877952894156
            ]
          ]
        ]
      },
      "properties": {
        "sqlu": "SP-000235",
        "mainAddress": "Rua Padre Joao Manuel, 2677",
        "inscricaoImobiliaria": "SP-IMO-2024-000235",
        "inscription": "SP-INS-2024000234",
        "setor": "Paraiso",
        "quadra": "Q12",
        "lote": "2677",
        "cep": "01305882",
        "sourceType": "OFFICIAL_IMPORT",
        "areaTerreno": 398,
        "zoneamento": "COMERCIAL",
        "statusCadastral": "ATIVO",
        "workflowStatus": "PENDENTE",
        "isOfficial": true,
        "municipio": "São Paulo",
        "uf": "SP"
      }
    },
    {
      "type": "Feature",
      "geometry": {
        "type": "Polygon",
        "coordinates": [
          [
            [
              -46.65493240377588,
              -23.582523886343182
            ],
            [
              -46.654808701667626,
              -23.582523886343182
            ],
            [
              -46.654808701667626,
              -23.582633710396653
            ],
            [
              -46.65493240377588,
              -23.582633710396653
            ],
            [
              -46.65493240377588,
              -23.582523886343182
            ]
          ]
        ]
      },
      "properties": {
        "sqlu": "SP-000236",
        "mainAddress": "Alameda Santos, 2501",
        "inscricaoImobiliaria": "SP-IMO-2024-000236",
        "inscription": "SP-INS-2024000235",
        "setor": "Jardins",
        "quadra": "Q12",
        "lote": "2501",
        "cep": "01332033",
        "sourceType": "OFFICIAL_IMPORT",
        "areaTerreno": 167,
        "zoneamento": "MISTO",
        "statusCadastral": "ATIVO",
        "workflowStatus": "EM_VALIDACAO",
        "isOfficial": true,
        "municipio": "São Paulo",
        "uf": "SP"
      }
    },
    {
      "type": "Feature",
      "geometry": {
        "type": "Polygon",
        "coordinates": [
          [
            [
              -46.639096624416,
              -23.573539500259507
            ],
            [
              -46.63896324062503,
              -23.573539500259507
            ],
            [
              -46.63896324062503,
              -23.57382893573146
            ],
            [
              -46.639096624416,
              -23.57382893573146
            ],
            [
              -46.639096624416,
              -23.573539500259507
            ]
          ]
        ]
      },
      "properties": {
        "sqlu": "SP-000237",
        "mainAddress": "Rua Padre Joao Manuel, 62",
        "inscricaoImobiliaria": "SP-IMO-2024-000237",
        "inscription": "SP-INS-2024000236",
        "setor": "Cerqueira Cesar",
        "quadra": "Q12",
        "lote": "62",
        "cep": "01343896",
        "sourceType": "OFFICIAL_IMPORT",
        "areaTerreno": 476,
        "zoneamento": "RESIDENCIAL",
        "statusCadastral": "ATIVO",
        "workflowStatus": "APROVADA",
        "isOfficial": true,
        "municipio": "São Paulo",
        "uf": "SP"
      }
    },
    {
      "type": "Feature",
      "geometry": {
        "type": "Polygon",
        "coordinates": [
          [
            [
              -46.62604291858802,
              -23.571034120115616
            ],
            [
              -46.625882830581176,
              -23.571034120115616
            ],
            [
              -46.625882830581176,
              -23.571159760155
            ],
            [
              -46.62604291858802,
              -23.571159760155
            ],
            [
              -46.62604291858802,
              -23.571034120115616
            ]
          ]
        ]
      },
      "properties": {
        "sqlu": "SP-000238",
        "mainAddress": "Rua Afonso Celso, 2461",
        "inscricaoImobiliaria": "SP-IMO-2024-000238",
        "inscription": "SP-INS-2024000237",
        "setor": "Jardins",
        "quadra": "Q12",
        "lote": "2461",
        "cep": "01390831",
        "sourceType": "OFFICIAL_IMPORT",
        "areaTerreno": 248,
        "zoneamento": "RESIDENCIAL",
        "statusCadastral": "ATIVO",
        "workflowStatus": "APROVADA",
        "isOfficial": true,
        "municipio": "São Paulo",
        "uf": "SP"
      }
    },
    {
      "type": "Feature",
      "geometry": {
        "type": "Polygon",
        "coordinates": [
          [
            [
              -46.62609759622585,
              -23.562518309081476
            ],
            [
              -46.62591518537997,
              -23.562518309081476
            ],
            [
              -46.62591518537997,
              -23.562761804344007
            ],
            [
              -46.62609759622585,
              -23.562761804344007
            ],
            [
              -46.62609759622585,
              -23.562518309081476
            ]
          ]
        ]
      },
      "properties": {
        "sqlu": "SP-000239",
        "mainAddress": "Rua Napoleao de Barros, 2255",
        "inscricaoImobiliaria": "SP-IMO-2024-000239",
        "inscription": "SP-INS-2024000238",
        "setor": "Cerqueira Cesar",
        "quadra": "Q12",
        "lote": "2255",
        "cep": "01348500",
        "sourceType": "OFFICIAL_IMPORT",
        "areaTerreno": 547,
        "zoneamento": "RESIDENCIAL",
        "statusCadastral": "ATIVO",
        "workflowStatus": "APROVADA",
        "isOfficial": true,
        "municipio": "São Paulo",
        "uf": "SP"
      }
    },
    {
      "type": "Feature",
      "geometry": {
        "type": "Polygon",
        "coordinates": [
          [
            [
              -46.612041229275235,
              -23.551681576001872
            ],
            [
              -46.61187608630803,
              -23.551681576001872
            ],
            [
              -46.61187608630803,
              -23.55181433649954
            ],
            [
              -46.612041229275235,
              -23.55181433649954
            ],
            [
              -46.612041229275235,
              -23.551681576001872
            ]
          ]
        ]
      },
      "properties": {
        "sqlu": "SP-000240",
        "mainAddress": "Rua Bela Cintra, 1296",
        "inscricaoImobiliaria": "SP-IMO-2024-000240",
        "inscription": "SP-INS-2024000239",
        "setor": "Bela Vista",
        "quadra": "Q12",
        "lote": "1296",
        "cep": "01395482",
        "sourceType": "OFFICIAL_IMPORT",
        "areaTerreno": 270,
        "zoneamento": "RESIDENCIAL",
        "statusCadastral": "PENDENTE",
        "workflowStatus": "PENDENTE",
        "isOfficial": true,
        "municipio": "São Paulo",
        "uf": "SP"
      }
    },
    {
      "type": "Feature",
      "geometry": {
        "type": "Polygon",
        "coordinates": [
          [
            [
              -46.61718039638719,
              -23.543810674246966
            ],
            [
              -46.61695460059332,
              -23.543810674246966
            ],
            [
              -46.61695460059332,
              -23.543955767206985
            ],
            [
              -46.61718039638719,
              -23.543955767206985
            ],
            [
              -46.61718039638719,
              -23.543810674246966
            ]
          ]
        ]
      },
      "properties": {
        "sqlu": "SP-000241",
        "mainAddress": "Rua Peixoto Gomide, 2272",
        "inscricaoImobiliaria": "SP-IMO-2024-000241",
        "inscription": "SP-INS-2024000240",
        "setor": "Consolacao",
        "quadra": "Q13",
        "lote": "2272",
        "cep": "01396445",
        "sourceType": "OFFICIAL_IMPORT",
        "areaTerreno": 404,
        "zoneamento": "RESIDENCIAL",
        "statusCadastral": "ATIVO",
        "workflowStatus": "APROVADA",
        "isOfficial": true,
        "municipio": "São Paulo",
        "uf": "SP"
      }
    },
    {
      "type": "Feature",
      "geometry": {
        "type": "Polygon",
        "coordinates": [
          [
            [
              -46.63415975793989,
              -23.52579629145103
            ],
            [
              -46.633908722855935,
              -23.52579629145103
            ],
            [
              -46.633908722855935,
              -23.52599332512833
            ],
            [
              -46.63415975793989,
              -23.52599332512833
            ],
            [
              -46.63415975793989,
              -23.52579629145103
            ]
          ]
        ]
      },
      "properties": {
        "sqlu": "SP-000242",
        "mainAddress": "Rua Joaquim Tavora, 2976",
        "inscricaoImobiliaria": "SP-IMO-2024-000242",
        "inscription": "SP-INS-2024000241",
        "setor": "Cerqueira Cesar",
        "quadra": "Q13",
        "lote": "2976",
        "cep": "01352127",
        "sourceType": "OFFICIAL_IMPORT",
        "areaTerreno": 609,
        "zoneamento": "COMERCIAL",
        "statusCadastral": "ATIVO",
        "workflowStatus": "EM_VALIDACAO",
        "isOfficial": true,
        "municipio": "São Paulo",
        "uf": "SP"
      }
    },
    {
      "type": "Feature",
      "geometry": {
        "type": "Polygon",
        "coordinates": [
          [
            [
              -46.64648915220371,
              -23.535371326235683
            ],
            [
              -46.646246140080144,
              -23.535371326235683
            ],
            [
              -46.646246140080144,
              -23.535540227193486
            ],
            [
              -46.64648915220371,
              -23.535540227193486
            ],
            [
              -46.64648915220371,
              -23.535371326235683
            ]
          ]
        ]
      },
      "properties": {
        "sqlu": "SP-000243",
        "mainAddress": "Rua Antonio Carlos, 2816",
        "inscricaoImobiliaria": "SP-IMO-2024-000243",
        "inscription": "SP-INS-2024000242",
        "setor": "Bela Vista",
        "quadra": "Q13",
        "lote": "2816",
        "cep": "01327668",
        "sourceType": "OFFICIAL_IMPORT",
        "areaTerreno": 506,
        "zoneamento": "RESIDENCIAL",
        "statusCadastral": "ATIVO",
        "workflowStatus": "PENDENTE",
        "isOfficial": true,
        "municipio": "São Paulo",
        "uf": "SP"
      }
    },
    {
      "type": "Feature",
      "geometry": {
        "type": "Polygon",
        "coordinates": [
          [
            [
              -46.65891754102505,
              -23.543740960420266
            ],
            [
              -46.65870205757296,
              -23.543740960420266
            ],
            [
              -46.65870205757296,
              -23.54402288877951
            ],
            [
              -46.65891754102505,
              -23.54402288877951
            ],
            [
              -46.65891754102505,
              -23.543740960420266
            ]
          ]
        ]
      },
      "properties": {
        "sqlu": "SP-000244",
        "mainAddress": "Rua Estados Unidos, 471",
        "inscricaoImobiliaria": "SP-IMO-2024-000244",
        "inscription": "SP-INS-2024000243",
        "setor": "Jardins",
        "quadra": "Q13",
        "lote": "471",
        "cep": "01335388",
        "sourceType": "OFFICIAL_IMPORT",
        "areaTerreno": 749,
        "zoneamento": "COMERCIAL",
        "statusCadastral": "ATIVO",
        "workflowStatus": "APROVADA",
        "isOfficial": true,
        "municipio": "São Paulo",
        "uf": "SP"
      }
    },
    {
      "type": "Feature",
      "geometry": {
        "type": "Polygon",
        "coordinates": [
          [
            [
              -46.66884495614131,
              -23.539685670651686
            ],
            [
              -46.66862453895805,
              -23.539685670651686
            ],
            [
              -46.66862453895805,
              -23.539822964205975
            ],
            [
              -46.66884495614131,
              -23.539822964205975
            ],
            [
              -46.66884495614131,
              -23.539685670651686
            ]
          ]
        ]
      },
      "properties": {
        "sqlu": "SP-000245",
        "mainAddress": "Alameda Jau, 892",
        "inscricaoImobiliaria": "SP-IMO-2024-000245",
        "inscription": "SP-INS-2024000244",
        "setor": "Consolacao",
        "quadra": "Q13",
        "lote": "892",
        "cep": "01394730",
        "sourceType": "OFFICIAL_IMPORT",
        "areaTerreno": 373,
        "zoneamento": "MISTO",
        "statusCadastral": "ATIVO",
        "workflowStatus": "APROVADA",
        "isOfficial": true,
        "municipio": "São Paulo",
        "uf": "SP"
      }
    },
    {
      "type": "Feature",
      "geometry": {
        "type": "Polygon",
        "coordinates": [
          [
            [
              -46.66463660787204,
              -23.554588805474307
            ],
            [
              -46.664343569647215,
              -23.554588805474307
            ],
            [
              -46.664343569647215,
              -23.554790485162027
            ],
            [
              -46.66463660787204,
              -23.554790485162027
            ],
            [
              -46.66463660787204,
              -23.554588805474307
            ]
          ]
        ]
      },
      "properties": {
        "sqlu": "SP-000246",
        "mainAddress": "Rua Borges Lagoa, 2723",
        "inscricaoImobiliaria": "SP-IMO-2024-000246",
        "inscription": "SP-INS-2024000245",
        "setor": "Consolacao",
        "quadra": "Q13",
        "lote": "2723",
        "cep": "01385459",
        "sourceType": "OFFICIAL_IMPORT",
        "areaTerreno": 728,
        "zoneamento": "RESIDENCIAL",
        "statusCadastral": "ATIVO",
        "workflowStatus": "APROVADA",
        "isOfficial": true,
        "municipio": "São Paulo",
        "uf": "SP"
      }
    },
    {
      "type": "Feature",
      "geometry": {
        "type": "Polygon",
        "coordinates": [
          [
            [
              -46.6752767108318,
              -23.56871135478682
            ],
            [
              -46.67500568198615,
              -23.56871135478682
            ],
            [
              -46.67500568198615,
              -23.568858265843637
            ],
            [
              -46.6752767108318,
              -23.568858265843637
            ],
            [
              -46.6752767108318,
              -23.56871135478682
            ]
          ]
        ]
      },
      "properties": {
        "sqlu": "SP-000247",
        "mainAddress": "Rua Abilio Soares, 1567",
        "inscricaoImobiliaria": "SP-IMO-2024-000247",
        "inscription": "SP-INS-2024000246",
        "setor": "Consolacao",
        "quadra": "Q13",
        "lote": "1567",
        "cep": "01377558",
        "sourceType": "OFFICIAL_IMPORT",
        "areaTerreno": 491,
        "zoneamento": "RESIDENCIAL",
        "statusCadastral": "ATIVO",
        "workflowStatus": "APROVADA",
        "isOfficial": true,
        "municipio": "São Paulo",
        "uf": "SP"
      }
    },
    {
      "type": "Feature",
      "geometry": {
        "type": "Polygon",
        "coordinates": [
          [
            [
              -46.656822343481686,
              -23.575787895651644
            ],
            [
              -46.656530554684856,
              -23.575787895651644
            ],
            [
              -46.656530554684856,
              -23.57594931378509
            ],
            [
              -46.656822343481686,
              -23.57594931378509
            ],
            [
              -46.656822343481686,
              -23.575787895651644
            ]
          ]
        ]
      },
      "properties": {
        "sqlu": "SP-000248",
        "mainAddress": "Rua Frei Caneca, 1830",
        "inscricaoImobiliaria": "SP-IMO-2024-000248",
        "inscription": "SP-INS-2024000247",
        "setor": "Bela Vista",
        "quadra": "Q13",
        "lote": "1830",
        "cep": "01397909",
        "sourceType": "OFFICIAL_IMPORT",
        "areaTerreno": 580,
        "zoneamento": "COMERCIAL",
        "statusCadastral": "ATIVO",
        "workflowStatus": "APROVADA",
        "isOfficial": true,
        "municipio": "São Paulo",
        "uf": "SP"
      }
    },
    {
      "type": "Feature",
      "geometry": {
        "type": "Polygon",
        "coordinates": [
          [
            [
              -46.64799372258443,
              -23.57853392791381
            ],
            [
              -46.64787615977353,
              -23.57853392791381
            ],
            [
              -46.64787615977353,
              -23.57866867313689
            ],
            [
              -46.64799372258443,
              -23.57866867313689
            ],
            [
              -46.64799372258443,
              -23.57853392791381
            ]
          ]
        ]
      },
      "properties": {
        "sqlu": "SP-000249",
        "mainAddress": "Rua Padre Joao Manuel, 1954",
        "inscricaoImobiliaria": "SP-IMO-2024-000249",
        "inscription": "SP-INS-2024000248",
        "setor": "Jardins",
        "quadra": "Q13",
        "lote": "1954",
        "cep": "01388038",
        "sourceType": "OFFICIAL_IMPORT",
        "areaTerreno": 195,
        "zoneamento": "RESIDENCIAL",
        "statusCadastral": "ATIVO",
        "workflowStatus": "APROVADA",
        "isOfficial": true,
        "municipio": "São Paulo",
        "uf": "SP"
      }
    },
    {
      "type": "Feature",
      "geometry": {
        "type": "Polygon",
        "coordinates": [
          [
            [
              -46.63438735595469,
              -23.58515638895755
            ],
            [
              -46.634156829388886,
              -23.58515638895755
            ],
            [
              -46.634156829388886,
              -23.585395025829033
            ],
            [
              -46.63438735595469,
              -23.585395025829033
            ],
            [
              -46.63438735595469,
              -23.58515638895755
            ]
          ]
        ]
      },
      "properties": {
        "sqlu": "SP-000250",
        "mainAddress": "Avenida Paulista, 1185",
        "inscricaoImobiliaria": "SP-IMO-2024-000250",
        "inscription": "SP-INS-2024000249",
        "setor": "Paraiso",
        "quadra": "Q13",
        "lote": "1185",
        "cep": "01324728",
        "sourceType": "OFFICIAL_IMPORT",
        "areaTerreno": 678,
        "zoneamento": "COMERCIAL",
        "statusCadastral": "ATIVO",
        "workflowStatus": "APROVADA",
        "isOfficial": true,
        "municipio": "São Paulo",
        "uf": "SP"
      }
    },
    {
      "type": "Feature",
      "geometry": {
        "type": "Polygon",
        "coordinates": [
          [
            [
              -46.632420691316256,
              -23.564951755565286
            ],
            [
              -46.63221039245515,
              -23.564951755565286
            ],
            [
              -46.63221039245515,
              -23.565238719249248
            ],
            [
              -46.632420691316256,
              -23.565238719249248
            ],
            [
              -46.632420691316256,
              -23.564951755565286
            ]
          ]
        ]
      },
      "properties": {
        "sqlu": "SP-000251",
        "mainAddress": "Rua Loefgreen, 297",
        "inscricaoImobiliaria": "SP-IMO-2024-000251",
        "inscription": "SP-INS-2024000250",
        "setor": "Vila Mariana",
        "quadra": "Q13",
        "lote": "297",
        "cep": "01354963",
        "sourceType": "OFFICIAL_IMPORT",
        "areaTerreno": 744,
        "zoneamento": "RESIDENCIAL",
        "statusCadastral": "ATIVO",
        "workflowStatus": "APROVADA",
        "isOfficial": true,
        "municipio": "São Paulo",
        "uf": "SP"
      }
    },
    {
      "type": "Feature",
      "geometry": {
        "type": "Polygon",
        "coordinates": [
          [
            [
              -46.620243673990146,
              -23.561092787705903
            ],
            [
              -46.62010151408241,
              -23.561092787705903
            ],
            [
              -46.62010151408241,
              -23.561216388494458
            ],
            [
              -46.620243673990146,
              -23.561216388494458
            ],
            [
              -46.620243673990146,
              -23.561092787705903
            ]
          ]
        ]
      },
      "properties": {
        "sqlu": "SP-000252",
        "mainAddress": "Rua Abilio Soares, 2410",
        "inscricaoImobiliaria": "SP-IMO-2024-000252",
        "inscription": "SP-INS-2024000251",
        "setor": "Jardins",
        "quadra": "Q13",
        "lote": "2410",
        "cep": "01364833",
        "sourceType": "OFFICIAL_IMPORT",
        "areaTerreno": 216,
        "zoneamento": "RESIDENCIAL",
        "statusCadastral": "ATIVO",
        "workflowStatus": "EM_VALIDACAO",
        "isOfficial": true,
        "municipio": "São Paulo",
        "uf": "SP"
      }
    },
    {
      "type": "Feature",
      "geometry": {
        "type": "Polygon",
        "coordinates": [
          [
            [
              -46.6156627216534,
              -23.545170536151783
            ],
            [
              -46.61544545019401,
              -23.545170536151783
            ],
            [
              -46.61544545019401,
              -23.54529975373168
            ],
            [
              -46.6156627216534,
              -23.54529975373168
            ],
            [
              -46.6156627216534,
              -23.545170536151783
            ]
          ]
        ]
      },
      "properties": {
        "sqlu": "SP-000253",
        "mainAddress": "Avenida Paulista, 365",
        "inscricaoImobiliaria": "SP-IMO-2024-000253",
        "inscription": "SP-INS-2024000252",
        "setor": "Vila Mariana",
        "quadra": "Q13",
        "lote": "365",
        "cep": "01347154",
        "sourceType": "OFFICIAL_IMPORT",
        "areaTerreno": 346,
        "zoneamento": "RESIDENCIAL",
        "statusCadastral": "ATIVO",
        "workflowStatus": "APROVADA",
        "isOfficial": true,
        "municipio": "São Paulo",
        "uf": "SP"
      }
    },
    {
      "type": "Feature",
      "geometry": {
        "type": "Polygon",
        "coordinates": [
          [
            [
              -46.620736797842696,
              -23.52841985652121
            ],
            [
              -46.6205783680943,
              -23.52841985652121
            ],
            [
              -46.6205783680943,
              -23.52861081566123
            ],
            [
              -46.620736797842696,
              -23.52861081566123
            ],
            [
              -46.620736797842696,
              -23.52841985652121
            ]
          ]
        ]
      },
      "properties": {
        "sqlu": "SP-000254",
        "mainAddress": "Rua Padre Joao Manuel, 881",
        "inscricaoImobiliaria": "SP-IMO-2024-000254",
        "inscription": "SP-INS-2024000253",
        "setor": "Vila Mariana",
        "quadra": "Q13",
        "lote": "881",
        "cep": "01372240",
        "sourceType": "OFFICIAL_IMPORT",
        "areaTerreno": 373,
        "zoneamento": "COMERCIAL",
        "statusCadastral": "ATIVO",
        "workflowStatus": "PENDENTE",
        "isOfficial": true,
        "municipio": "São Paulo",
        "uf": "SP"
      }
    },
    {
      "type": "Feature",
      "geometry": {
        "type": "Polygon",
        "coordinates": [
          [
            [
              -46.641612658594134,
              -23.536931358787744
            ],
            [
              -46.64147935976767,
              -23.536931358787744
            ],
            [
              -46.64147935976767,
              -23.537075172759483
            ],
            [
              -46.641612658594134,
              -23.537075172759483
            ],
            [
              -46.641612658594134,
              -23.536931358787744
            ]
          ]
        ]
      },
      "properties": {
        "sqlu": "SP-000255",
        "mainAddress": "Rua Afonso Celso, 2371",
        "inscricaoImobiliaria": "SP-IMO-2024-000255",
        "inscription": "SP-INS-2024000254",
        "setor": "Bela Vista",
        "quadra": "Q13",
        "lote": "2371",
        "cep": "01329725",
        "sourceType": "OFFICIAL_IMPORT",
        "areaTerreno": 236,
        "zoneamento": "RESIDENCIAL",
        "statusCadastral": "ATIVO",
        "workflowStatus": "APROVADA",
        "isOfficial": true,
        "municipio": "São Paulo",
        "uf": "SP"
      }
    },
    {
      "type": "Feature",
      "geometry": {
        "type": "Polygon",
        "coordinates": [
          [
            [
              -46.65001024976948,
              -23.53575949138418
            ],
            [
              -46.64976807374213,
              -23.53575949138418
            ],
            [
              -46.64976807374213,
              -23.53586520048285
            ],
            [
              -46.65001024976948,
              -23.53586520048285
            ],
            [
              -46.65001024976948,
              -23.53575949138418
            ]
          ]
        ]
      },
      "properties": {
        "sqlu": "SP-000256",
        "mainAddress": "Rua Napoleao de Barros, 956",
        "inscricaoImobiliaria": "SP-IMO-2024-000256",
        "inscription": "SP-INS-2024000255",
        "setor": "Vila Mariana",
        "quadra": "Q13",
        "lote": "956",
        "cep": "01316518",
        "sourceType": "OFFICIAL_IMPORT",
        "areaTerreno": 315,
        "zoneamento": "RESIDENCIAL",
        "statusCadastral": "ATIVO",
        "workflowStatus": "EM_VALIDACAO",
        "isOfficial": true,
        "municipio": "São Paulo",
        "uf": "SP"
      }
    },
    {
      "type": "Feature",
      "geometry": {
        "type": "Polygon",
        "coordinates": [
          [
            [
              -46.6615101195032,
              -23.528673747125488
            ],
            [
              -46.66139276876842,
              -23.528673747125488
            ],
            [
              -46.66139276876842,
              -23.52885495725255
            ],
            [
              -46.6615101195032,
              -23.52885495725255
            ],
            [
              -46.6615101195032,
              -23.528673747125488
            ]
          ]
        ]
      },
      "properties": {
        "sqlu": "SP-000257",
        "mainAddress": "Rua Haddock Lobo, 1046",
        "inscricaoImobiliaria": "SP-IMO-2024-000257",
        "inscription": "SP-INS-2024000256",
        "setor": "Bela Vista",
        "quadra": "Q13",
        "lote": "1046",
        "cep": "01342674",
        "sourceType": "OFFICIAL_IMPORT",
        "areaTerreno": 262,
        "zoneamento": "RESIDENCIAL",
        "statusCadastral": "ATIVO",
        "workflowStatus": "PENDENTE",
        "isOfficial": true,
        "municipio": "São Paulo",
        "uf": "SP"
      }
    },
    {
      "type": "Feature",
      "geometry": {
        "type": "Polygon",
        "coordinates": [
          [
            [
              -46.661902947635866,
              -23.547352831362396
            ],
            [
              -46.66166338269488,
              -23.547352831362396
            ],
            [
              -46.66166338269488,
              -23.5475840143532
            ],
            [
              -46.661902947635866,
              -23.5475840143532
            ],
            [
              -46.661902947635866,
              -23.547352831362396
            ]
          ]
        ]
      },
      "properties": {
        "sqlu": "SP-000258",
        "mainAddress": "Avenida Paulista, 99",
        "inscricaoImobiliaria": "SP-IMO-2024-000258",
        "inscription": "SP-INS-2024000257",
        "setor": "Vila Mariana",
        "quadra": "Q13",
        "lote": "99",
        "cep": "01341880",
        "sourceType": "OFFICIAL_IMPORT",
        "areaTerreno": 682,
        "zoneamento": "RESIDENCIAL",
        "statusCadastral": "ATIVO",
        "workflowStatus": "APROVADA",
        "isOfficial": true,
        "municipio": "São Paulo",
        "uf": "SP"
      }
    },
    {
      "type": "Feature",
      "geometry": {
        "type": "Polygon",
        "coordinates": [
          [
            [
              -46.681926181904736,
              -23.561386230306347
            ],
            [
              -46.681641546030505,
              -23.561386230306347
            ],
            [
              -46.681641546030505,
              -23.561492281469622
            ],
            [
              -46.681926181904736,
              -23.561492281469622
            ],
            [
              -46.681926181904736,
              -23.561386230306347
            ]
          ]
        ]
      },
      "properties": {
        "sqlu": "SP-000259",
        "mainAddress": "Rua Antonio Carlos, 1579",
        "inscricaoImobiliaria": "SP-IMO-2024-000259",
        "inscription": "SP-INS-2024000258",
        "setor": "Jardins",
        "quadra": "Q13",
        "lote": "1579",
        "cep": "01381819",
        "sourceType": "OFFICIAL_IMPORT",
        "areaTerreno": 372,
        "zoneamento": "RESIDENCIAL",
        "statusCadastral": "ATIVO",
        "workflowStatus": "APROVADA",
        "isOfficial": true,
        "municipio": "São Paulo",
        "uf": "SP"
      }
    },
    {
      "type": "Feature",
      "geometry": {
        "type": "Polygon",
        "coordinates": [
          [
            [
              -46.671418284550036,
              -23.57753824814666
            ],
            [
              -46.67116668698368,
              -23.57753824814666
            ],
            [
              -46.67116668698368,
              -23.57776920874795
            ],
            [
              -46.671418284550036,
              -23.57776920874795
            ],
            [
              -46.671418284550036,
              -23.57753824814666
            ]
          ]
        ]
      },
      "properties": {
        "sqlu": "SP-000260",
        "mainAddress": "Rua da Consolacao, 423",
        "inscricaoImobiliaria": "SP-IMO-2024-000260",
        "inscription": "SP-INS-2024000259",
        "setor": "Jardins",
        "quadra": "Q13",
        "lote": "423",
        "cep": "01369481",
        "sourceType": "OFFICIAL_IMPORT",
        "areaTerreno": 716,
        "zoneamento": "COMERCIAL",
        "statusCadastral": "ATIVO",
        "workflowStatus": "APROVADA",
        "isOfficial": true,
        "municipio": "São Paulo",
        "uf": "SP"
      }
    },
    {
      "type": "Feature",
      "geometry": {
        "type": "Polygon",
        "coordinates": [
          [
            [
              -46.65803682591328,
              -23.57202213245109
            ],
            [
              -46.65792791387714,
              -23.57202213245109
            ],
            [
              -46.65792791387714,
              -23.572248723289718
            ],
            [
              -46.65803682591328,
              -23.572248723289718
            ],
            [
              -46.65803682591328,
              -23.57202213245109
            ]
          ]
        ]
      },
      "properties": {
        "sqlu": "SP-000261",
        "mainAddress": "Alameda Santos, 198",
        "inscricaoImobiliaria": "SP-IMO-2024-000261",
        "inscription": "SP-INS-2024000260",
        "setor": "Cerqueira Cesar",
        "quadra": "Q14",
        "lote": "198",
        "cep": "01359183",
        "sourceType": "OFFICIAL_IMPORT",
        "areaTerreno": 304,
        "zoneamento": "RESIDENCIAL",
        "statusCadastral": "ATIVO",
        "workflowStatus": "APROVADA",
        "isOfficial": true,
        "municipio": "São Paulo",
        "uf": "SP"
      }
    },
    {
      "type": "Feature",
      "geometry": {
        "type": "Polygon",
        "coordinates": [
          [
            [
              -46.64286025930157,
              -23.58403648824346
            ],
            [
              -46.64256169729245,
              -23.58403648824346
            ],
            [
              -46.64256169729245,
              -23.584239550202707
            ],
            [
              -46.64286025930157,
              -23.584239550202707
            ],
            [
              -46.64286025930157,
              -23.58403648824346
            ]
          ]
        ]
      },
      "properties": {
        "sqlu": "SP-000262",
        "mainAddress": "Rua Borges Lagoa, 423",
        "inscricaoImobiliaria": "SP-IMO-2024-000262",
        "inscription": "SP-INS-2024000261",
        "setor": "Cerqueira Cesar",
        "quadra": "Q14",
        "lote": "423",
        "cep": "01371128",
        "sourceType": "OFFICIAL_IMPORT",
        "areaTerreno": 747,
        "zoneamento": "MISTO",
        "statusCadastral": "ATIVO",
        "workflowStatus": "APROVADA",
        "isOfficial": true,
        "municipio": "São Paulo",
        "uf": "SP"
      }
    },
    {
      "type": "Feature",
      "geometry": {
        "type": "Polygon",
        "coordinates": [
          [
            [
              -46.62190515104892,
              -23.565746452904094
            ],
            [
              -46.62177733001206,
              -23.565746452904094
            ],
            [
              -46.62177733001206,
              -23.56601954660436
            ],
            [
              -46.62190515104892,
              -23.56601954660436
            ],
            [
              -46.62190515104892,
              -23.565746452904094
            ]
          ]
        ]
      },
      "properties": {
        "sqlu": "SP-000263",
        "mainAddress": "Rua Estados Unidos, 486",
        "inscricaoImobiliaria": "SP-IMO-2024-000263",
        "inscription": "SP-INS-2024000262",
        "setor": "Paraiso",
        "quadra": "Q14",
        "lote": "486",
        "cep": "01396166",
        "sourceType": "OFFICIAL_IMPORT",
        "areaTerreno": 430,
        "zoneamento": "RESIDENCIAL",
        "statusCadastral": "ATIVO",
        "workflowStatus": "APROVADA",
        "isOfficial": true,
        "municipio": "São Paulo",
        "uf": "SP"
      }
    },
    {
      "type": "Feature",
      "geometry": {
        "type": "Polygon",
        "coordinates": [
          [
            [
              -46.60925482397105,
              -23.56832660849951
            ],
            [
              -46.60903227890049,
              -23.56832660849951
            ],
            [
              -46.60903227890049,
              -23.568558488654524
            ],
            [
              -46.60925482397105,
              -23.568558488654524
            ],
            [
              -46.60925482397105,
              -23.56832660849951
            ]
          ]
        ]
      },
      "properties": {
        "sqlu": "SP-000264",
        "mainAddress": "Rua Bela Cintra, 857",
        "inscricaoImobiliaria": "SP-IMO-2024-000264",
        "inscription": "SP-INS-2024000263",
        "setor": "Bela Vista",
        "quadra": "Q14",
        "lote": "857",
        "cep": "01378085",
        "sourceType": "OFFICIAL_IMPORT",
        "areaTerreno": 636,
        "zoneamento": "RESIDENCIAL",
        "statusCadastral": "ATIVO",
        "workflowStatus": "APROVADA",
        "isOfficial": true,
        "municipio": "São Paulo",
        "uf": "SP"
      }
    },
    {
      "type": "Feature",
      "geometry": {
        "type": "Polygon",
        "coordinates": [
          [
            [
              -46.61471151037694,
              -23.553727526453173
            ],
            [
              -46.61443197188552,
              -23.553727526453173
            ],
            [
              -46.61443197188552,
              -23.55390500736243
            ],
            [
              -46.61471151037694,
              -23.55390500736243
            ],
            [
              -46.61471151037694,
              -23.553727526453173
            ]
          ]
        ]
      },
      "properties": {
        "sqlu": "SP-000265",
        "mainAddress": "Avenida Paulista, 726",
        "inscricaoImobiliaria": "SP-IMO-2024-000265",
        "inscription": "SP-INS-2024000264",
        "setor": "Bela Vista",
        "quadra": "Q14",
        "lote": "726",
        "cep": "01399586",
        "sourceType": "OFFICIAL_IMPORT",
        "areaTerreno": 611,
        "zoneamento": "COMERCIAL",
        "statusCadastral": "ATIVO",
        "workflowStatus": "APROVADA",
        "isOfficial": true,
        "municipio": "São Paulo",
        "uf": "SP"
      }
    },
    {
      "type": "Feature",
      "geometry": {
        "type": "Polygon",
        "coordinates": [
          [
            [
              -46.62880045209392,
              -23.537779220177264
            ],
            [
              -46.628540109275235,
              -23.537779220177264
            ],
            [
              -46.628540109275235,
              -23.538006831619562
            ],
            [
              -46.62880045209392,
              -23.538006831619562
            ],
            [
              -46.62880045209392,
              -23.537779220177264
            ]
          ]
        ]
      },
      "properties": {
        "sqlu": "SP-000266",
        "mainAddress": "Rua Coronel Oscar Porto, 1768",
        "inscricaoImobiliaria": "SP-IMO-2024-000266",
        "inscription": "SP-INS-2024000265",
        "setor": "Vila Mariana",
        "quadra": "Q14",
        "lote": "1768",
        "cep": "01366474",
        "sourceType": "OFFICIAL_IMPORT",
        "areaTerreno": 730,
        "zoneamento": "RESIDENCIAL",
        "statusCadastral": "ATIVO",
        "workflowStatus": "APROVADA",
        "isOfficial": true,
        "municipio": "São Paulo",
        "uf": "SP"
      }
    },
    {
      "type": "Feature",
      "geometry": {
        "type": "Polygon",
        "coordinates": [
          [
            [
              -46.63288933705711,
              -23.522759693372816
            ],
            [
              -46.63266456205085,
              -23.522759693372816
            ],
            [
              -46.63266456205085,
              -23.522924453346924
            ],
            [
              -46.63288933705711,
              -23.522924453346924
            ],
            [
              -46.63288933705711,
              -23.522759693372816
            ]
          ]
        ]
      },
      "properties": {
        "sqlu": "SP-000267",
        "mainAddress": "Rua Peixoto Gomide, 1513",
        "inscricaoImobiliaria": "SP-IMO-2024-000267",
        "inscription": "SP-INS-2024000266",
        "setor": "Paraiso",
        "quadra": "Q14",
        "lote": "1513",
        "cep": "01333365",
        "sourceType": "OFFICIAL_IMPORT",
        "areaTerreno": 456,
        "zoneamento": "MISTO",
        "statusCadastral": "ATIVO",
        "workflowStatus": "APROVADA",
        "isOfficial": true,
        "municipio": "São Paulo",
        "uf": "SP"
      }
    },
    {
      "type": "Feature",
      "geometry": {
        "type": "Polygon",
        "coordinates": [
          [
            [
              -46.6443472598764,
              -23.52728037843492
            ],
            [
              -46.644169803992575,
              -23.52728037843492
            ],
            [
              -46.644169803992575,
              -23.527521816497593
            ],
            [
              -46.6443472598764,
              -23.527521816497593
            ],
            [
              -46.6443472598764,
              -23.52728037843492
            ]
          ]
        ]
      },
      "properties": {
        "sqlu": "SP-000268",
        "mainAddress": "Rua Luis Gois, 486",
        "inscricaoImobiliaria": "SP-IMO-2024-000268",
        "inscription": "SP-INS-2024000267",
        "setor": "Bela Vista",
        "quadra": "Q14",
        "lote": "486",
        "cep": "01312744",
        "sourceType": "OFFICIAL_IMPORT",
        "areaTerreno": 528,
        "zoneamento": "MISTO",
        "statusCadastral": "ATIVO",
        "workflowStatus": "EM_VALIDACAO",
        "isOfficial": true,
        "municipio": "São Paulo",
        "uf": "SP"
      }
    },
    {
      "type": "Feature",
      "geometry": {
        "type": "Polygon",
        "coordinates": [
          [
            [
              -46.65265861597206,
              -23.530566316551887
            ],
            [
              -46.652407234948065,
              -23.530566316551887
            ],
            [
              -46.652407234948065,
              -23.530748277877844
            ],
            [
              -46.65265861597206,
              -23.530748277877844
            ],
            [
              -46.65265861597206,
              -23.530566316551887
            ]
          ]
        ]
      },
      "properties": {
        "sqlu": "SP-000269",
        "mainAddress": "Alameda Jau, 2555",
        "inscricaoImobiliaria": "SP-IMO-2024-000269",
        "inscription": "SP-INS-2024000268",
        "setor": "Consolacao",
        "quadra": "Q14",
        "lote": "2555",
        "cep": "01351812",
        "sourceType": "OFFICIAL_IMPORT",
        "areaTerreno": 564,
        "zoneamento": "MISTO",
        "statusCadastral": "ATIVO",
        "workflowStatus": "PENDENTE",
        "isOfficial": true,
        "municipio": "São Paulo",
        "uf": "SP"
      }
    },
    {
      "type": "Feature",
      "geometry": {
        "type": "Polygon",
        "coordinates": [
          [
            [
              -46.67058010226573,
              -23.53304216626431
            ],
            [
              -46.67036985403736,
              -23.53304216626431
            ],
            [
              -46.67036985403736,
              -23.533164546744857
            ],
            [
              -46.67058010226573,
              -23.533164546744857
            ],
            [
              -46.67058010226573,
              -23.53304216626431
            ]
          ]
        ]
      },
      "properties": {
        "sqlu": "SP-000270",
        "mainAddress": "Avenida Paulista, 387",
        "inscricaoImobiliaria": "SP-IMO-2024-000270",
        "inscription": "SP-INS-2024000269",
        "setor": "Cerqueira Cesar",
        "quadra": "Q14",
        "lote": "387",
        "cep": "01302819",
        "sourceType": "OFFICIAL_IMPORT",
        "areaTerreno": 317,
        "zoneamento": "RESIDENCIAL",
        "statusCadastral": "ATIVO",
        "workflowStatus": "APROVADA",
        "isOfficial": true,
        "municipio": "São Paulo",
        "uf": "SP"
      }
    },
    {
      "type": "Feature",
      "geometry": {
        "type": "Polygon",
        "coordinates": [
          [
            [
              -46.672084892518264,
              -23.55203876081371
            ],
            [
              -46.67187979707792,
              -23.55203876081371
            ],
            [
              -46.67187979707792,
              -23.552168395148605
            ],
            [
              -46.672084892518264,
              -23.552168395148605
            ],
            [
              -46.672084892518264,
              -23.55203876081371
            ]
          ]
        ]
      },
      "properties": {
        "sqlu": "SP-000271",
        "mainAddress": "Avenida Paulista, 2175",
        "inscricaoImobiliaria": "SP-IMO-2024-000271",
        "inscription": "SP-INS-2024000270",
        "setor": "Bela Vista",
        "quadra": "Q14",
        "lote": "2175",
        "cep": "01318964",
        "sourceType": "OFFICIAL_IMPORT",
        "areaTerreno": 328,
        "zoneamento": "RESIDENCIAL",
        "statusCadastral": "ATIVO",
        "workflowStatus": "APROVADA",
        "isOfficial": true,
        "municipio": "São Paulo",
        "uf": "SP"
      }
    },
    {
      "type": "Feature",
      "geometry": {
        "type": "Polygon",
        "coordinates": [
          [
            [
              -46.67211956968875,
              -23.56105699764151
            ],
            [
              -46.6719690962647,
              -23.56105699764151
            ],
            [
              -46.6719690962647,
              -23.561251931513894
            ],
            [
              -46.67211956968875,
              -23.561251931513894
            ],
            [
              -46.67211956968875,
              -23.56105699764151
            ]
          ]
        ]
      },
      "properties": {
        "sqlu": "SP-000272",
        "mainAddress": "Rua Padre Joao Manuel, 1444",
        "inscricaoImobiliaria": "SP-IMO-2024-000272",
        "inscription": "SP-INS-2024000271",
        "setor": "Bela Vista",
        "quadra": "Q14",
        "lote": "1444",
        "cep": "01354214",
        "sourceType": "OFFICIAL_IMPORT",
        "areaTerreno": 361,
        "zoneamento": "COMERCIAL",
        "statusCadastral": "ATIVO",
        "workflowStatus": "APROVADA",
        "isOfficial": true,
        "municipio": "São Paulo",
        "uf": "SP"
      }
    },
    {
      "type": "Feature",
      "geometry": {
        "type": "Polygon",
        "coordinates": [
          [
            [
              -46.6548339167521,
              -23.583097837878178
            ],
            [
              -46.65469104048625,
              -23.583097837878178
            ],
            [
              -46.65469104048625,
              -23.58330248431049
            ],
            [
              -46.6548339167521,
              -23.58330248431049
            ],
            [
              -46.6548339167521,
              -23.583097837878178
            ]
          ]
        ]
      },
      "properties": {
        "sqlu": "SP-000273",
        "mainAddress": "Rua Botucatu, 2402",
        "inscricaoImobiliaria": "SP-IMO-2024-000273",
        "inscription": "SP-INS-2024000272",
        "setor": "Bela Vista",
        "quadra": "Q14",
        "lote": "2402",
        "cep": "01396627",
        "sourceType": "OFFICIAL_IMPORT",
        "areaTerreno": 360,
        "zoneamento": "RESIDENCIAL",
        "statusCadastral": "ATIVO",
        "workflowStatus": "APROVADA",
        "isOfficial": true,
        "municipio": "São Paulo",
        "uf": "SP"
      }
    },
    {
      "type": "Feature",
      "geometry": {
        "type": "Polygon",
        "coordinates": [
          [
            [
              -46.64828544153545,
              -23.582580092647042
            ],
            [
              -46.6481168160001,
              -23.582580092647042
            ],
            [
              -46.6481168160001,
              -23.58283359680631
            ],
            [
              -46.64828544153545,
              -23.58283359680631
            ],
            [
              -46.64828544153545,
              -23.582580092647042
            ]
          ]
        ]
      },
      "properties": {
        "sqlu": "SP-000274",
        "mainAddress": "Avenida Paulista, 1228",
        "inscricaoImobiliaria": "SP-IMO-2024-000274",
        "inscription": "SP-INS-2024000273",
        "setor": "Cerqueira Cesar",
        "quadra": "Q14",
        "lote": "1228",
        "cep": "01368282",
        "sourceType": "OFFICIAL_IMPORT",
        "areaTerreno": 527,
        "zoneamento": "RESIDENCIAL",
        "statusCadastral": "ATIVO",
        "workflowStatus": "APROVADA",
        "isOfficial": true,
        "municipio": "São Paulo",
        "uf": "SP"
      }
    },
    {
      "type": "Feature",
      "geometry": {
        "type": "Polygon",
        "coordinates": [
          [
            [
              -46.63717591467685,
              -23.590420792353985
            ],
            [
              -46.63707064516106,
              -23.590420792353985
            ],
            [
              -46.63707064516106,
              -23.590593697334864
            ],
            [
              -46.63717591467685,
              -23.590593697334864
            ],
            [
              -46.63717591467685,
              -23.590420792353985
            ]
          ]
        ]
      },
      "properties": {
        "sqlu": "SP-000275",
        "mainAddress": "Rua Padre Joao Manuel, 1262",
        "inscricaoImobiliaria": "SP-IMO-2024-000275",
        "inscription": "SP-INS-2024000274",
        "setor": "Cerqueira Cesar",
        "quadra": "Q14",
        "lote": "1262",
        "cep": "01307504",
        "sourceType": "OFFICIAL_IMPORT",
        "areaTerreno": 224,
        "zoneamento": "RESIDENCIAL",
        "statusCadastral": "PENDENTE",
        "workflowStatus": "APROVADA",
        "isOfficial": true,
        "municipio": "São Paulo",
        "uf": "SP"
      }
    },
    {
      "type": "Feature",
      "geometry": {
        "type": "Polygon",
        "coordinates": [
          [
            [
              -46.61831025268963,
              -23.56542048787076
            ],
            [
              -46.61817103939199,
              -23.56542048787076
            ],
            [
              -46.61817103939199,
              -23.56571678927972
            ],
            [
              -46.61831025268963,
              -23.56571678927972
            ],
            [
              -46.61831025268963,
              -23.56542048787076
            ]
          ]
        ]
      },
      "properties": {
        "sqlu": "SP-000276",
        "mainAddress": "Rua da Consolacao, 54",
        "inscricaoImobiliaria": "SP-IMO-2024-000276",
        "inscription": "SP-INS-2024000275",
        "setor": "Vila Mariana",
        "quadra": "Q14",
        "lote": "54",
        "cep": "01358264",
        "sourceType": "OFFICIAL_IMPORT",
        "areaTerreno": 508,
        "zoneamento": "RESIDENCIAL",
        "statusCadastral": "ATIVO",
        "workflowStatus": "APROVADA",
        "isOfficial": true,
        "municipio": "São Paulo",
        "uf": "SP"
      }
    },
    {
      "type": "Feature",
      "geometry": {
        "type": "Polygon",
        "coordinates": [
          [
            [
              -46.6158507871391,
              -23.564292494866468
            ],
            [
              -46.61558048117797,
              -23.564292494866468
            ],
            [
              -46.61558048117797,
              -23.564417226507118
            ],
            [
              -46.6158507871391,
              -23.564417226507118
            ],
            [
              -46.6158507871391,
              -23.564292494866468
            ]
          ]
        ]
      },
      "properties": {
        "sqlu": "SP-000277",
        "mainAddress": "Rua Botucatu, 2202",
        "inscricaoImobiliaria": "SP-IMO-2024-000277",
        "inscription": "SP-INS-2024000276",
        "setor": "Consolacao",
        "quadra": "Q14",
        "lote": "2202",
        "cep": "01398614",
        "sourceType": "OFFICIAL_IMPORT",
        "areaTerreno": 415,
        "zoneamento": "RESIDENCIAL",
        "statusCadastral": "PENDENTE",
        "workflowStatus": "EM_VALIDACAO",
        "isOfficial": true,
        "municipio": "São Paulo",
        "uf": "SP"
      }
    },
    {
      "type": "Feature",
      "geometry": {
        "type": "Polygon",
        "coordinates": [
          [
            [
              -46.62858795697493,
              -23.5509908153277
            ],
            [
              -46.628394020664416,
              -23.5509908153277
            ],
            [
              -46.628394020664416,
              -23.551249501220042
            ],
            [
              -46.62858795697493,
              -23.551249501220042
            ],
            [
              -46.62858795697493,
              -23.5509908153277
            ]
          ]
        ]
      },
      "properties": {
        "sqlu": "SP-000278",
        "mainAddress": "Rua Vergueiro, 2573",
        "inscricaoImobiliaria": "SP-IMO-2024-000278",
        "inscription": "SP-INS-2024000277",
        "setor": "Jardins",
        "quadra": "Q14",
        "lote": "2573",
        "cep": "01396029",
        "sourceType": "OFFICIAL_IMPORT",
        "areaTerreno": 618,
        "zoneamento": "RESIDENCIAL",
        "statusCadastral": "ATIVO",
        "workflowStatus": "EM_VALIDACAO",
        "isOfficial": true,
        "municipio": "São Paulo",
        "uf": "SP"
      }
    },
    {
      "type": "Feature",
      "geometry": {
        "type": "Polygon",
        "coordinates": [
          [
            [
              -46.63435518997617,
              -23.526132062563924
            ],
            [
              -46.63407681732847,
              -23.526132062563924
            ],
            [
              -46.63407681732847,
              -23.526235466969187
            ],
            [
              -46.63435518997617,
              -23.526235466969187
            ],
            [
              -46.63435518997617,
              -23.526132062563924
            ]
          ]
        ]
      },
      "properties": {
        "sqlu": "SP-000279",
        "mainAddress": "Rua Maria Figueiredo, 2121",
        "inscricaoImobiliaria": "SP-IMO-2024-000279",
        "inscription": "SP-INS-2024000278",
        "setor": "Vila Mariana",
        "quadra": "Q14",
        "lote": "2121",
        "cep": "01334740",
        "sourceType": "OFFICIAL_IMPORT",
        "areaTerreno": 355,
        "zoneamento": "RESIDENCIAL",
        "statusCadastral": "ATIVO",
        "workflowStatus": "APROVADA",
        "isOfficial": true,
        "municipio": "São Paulo",
        "uf": "SP"
      }
    },
    {
      "type": "Feature",
      "geometry": {
        "type": "Polygon",
        "coordinates": [
          [
            [
              -46.632692609973596,
              -23.53876781936441
            ],
            [
              -46.63252436273358,
              -23.53876781936441
            ],
            [
              -46.63252436273358,
              -23.53891817804262
            ],
            [
              -46.632692609973596,
              -23.53891817804262
            ],
            [
              -46.632692609973596,
              -23.53876781936441
            ]
          ]
        ]
      },
      "properties": {
        "sqlu": "SP-000280",
        "mainAddress": "Rua Antonio Carlos, 212",
        "inscricaoImobiliaria": "SP-IMO-2024-000280",
        "inscription": "SP-INS-2024000279",
        "setor": "Vila Mariana",
        "quadra": "Q14",
        "lote": "212",
        "cep": "01351077",
        "sourceType": "OFFICIAL_IMPORT",
        "areaTerreno": 312,
        "zoneamento": "RESIDENCIAL",
        "statusCadastral": "ATIVO",
        "workflowStatus": "EM_VALIDACAO",
        "isOfficial": true,
        "municipio": "São Paulo",
        "uf": "SP"
      }
    },
    {
      "type": "Feature",
      "geometry": {
        "type": "Polygon",
        "coordinates": [
          [
            [
              -46.64802972985591,
              -23.520486138935738
            ],
            [
              -46.64777100622743,
              -23.520486138935738
            ],
            [
              -46.64777100622743,
              -23.52060380983854
            ],
            [
              -46.64802972985591,
              -23.52060380983854
            ],
            [
              -46.64802972985591,
              -23.520486138935738
            ]
          ]
        ]
      },
      "properties": {
        "sqlu": "SP-000281",
        "mainAddress": "Rua Frei Caneca, 330",
        "inscricaoImobiliaria": "SP-IMO-2024-000281",
        "inscription": "SP-INS-2024000280",
        "setor": "Jardins",
        "quadra": "Q15",
        "lote": "330",
        "cep": "01368053",
        "sourceType": "OFFICIAL_IMPORT",
        "areaTerreno": 375,
        "zoneamento": "COMERCIAL",
        "statusCadastral": "ATIVO",
        "workflowStatus": "EM_VALIDACAO",
        "isOfficial": true,
        "municipio": "São Paulo",
        "uf": "SP"
      }
    },
    {
      "type": "Feature",
      "geometry": {
        "type": "Polygon",
        "coordinates": [
          [
            [
              -46.66198929265723,
              -23.54144757554231
            ],
            [
              -46.66187765293703,
              -23.54144757554231
            ],
            [
              -46.66187765293703,
              -23.541636255723155
            ],
            [
              -46.66198929265723,
              -23.541636255723155
            ],
            [
              -46.66198929265723,
              -23.54144757554231
            ]
          ]
        ]
      },
      "properties": {
        "sqlu": "SP-000282",
        "mainAddress": "Rua Oscar Freire, 408",
        "inscricaoImobiliaria": "SP-IMO-2024-000282",
        "inscription": "SP-INS-2024000281",
        "setor": "Paraiso",
        "quadra": "Q15",
        "lote": "408",
        "cep": "01330140",
        "sourceType": "OFFICIAL_IMPORT",
        "areaTerreno": 260,
        "zoneamento": "COMERCIAL",
        "statusCadastral": "ATIVO",
        "workflowStatus": "APROVADA",
        "isOfficial": true,
        "municipio": "São Paulo",
        "uf": "SP"
      }
    },
    {
      "type": "Feature",
      "geometry": {
        "type": "Polygon",
        "coordinates": [
          [
            [
              -46.68059274718316,
              -23.546101614115035
            ],
            [
              -46.68034591232694,
              -23.546101614115035
            ],
            [
              -46.68034591232694,
              -23.546347121316312
            ],
            [
              -46.68059274718316,
              -23.546347121316312
            ],
            [
              -46.68059274718316,
              -23.546101614115035
            ]
          ]
        ]
      },
      "properties": {
        "sqlu": "SP-000283",
        "mainAddress": "Rua Frei Caneca, 2926",
        "inscricaoImobiliaria": "SP-IMO-2024-000283",
        "inscription": "SP-INS-2024000282",
        "setor": "Paraiso",
        "quadra": "Q15",
        "lote": "2926",
        "cep": "01303785",
        "sourceType": "OFFICIAL_IMPORT",
        "areaTerreno": 747,
        "zoneamento": "RESIDENCIAL",
        "statusCadastral": "CONFLITO",
        "workflowStatus": "APROVADA",
        "isOfficial": true,
        "municipio": "São Paulo",
        "uf": "SP"
      }
    },
    {
      "type": "Feature",
      "geometry": {
        "type": "Polygon",
        "coordinates": [
          [
            [
              -46.669707565770814,
              -23.55930709178387
            ],
            [
              -46.66942803271648,
              -23.55930709178387
            ],
            [
              -46.66942803271648,
              -23.55944856461213
            ],
            [
              -46.669707565770814,
              -23.55944856461213
            ],
            [
              -46.669707565770814,
              -23.55930709178387
            ]
          ]
        ]
      },
      "properties": {
        "sqlu": "SP-000284",
        "mainAddress": "Rua Haddock Lobo, 2355",
        "inscricaoImobiliaria": "SP-IMO-2024-000284",
        "inscription": "SP-INS-2024000283",
        "setor": "Vila Mariana",
        "quadra": "Q15",
        "lote": "2355",
        "cep": "01346147",
        "sourceType": "OFFICIAL_IMPORT",
        "areaTerreno": 487,
        "zoneamento": "MISTO",
        "statusCadastral": "ATIVO",
        "workflowStatus": "PENDENTE",
        "isOfficial": true,
        "municipio": "São Paulo",
        "uf": "SP"
      }
    },
    {
      "type": "Feature",
      "geometry": {
        "type": "Polygon",
        "coordinates": [
          [
            [
              -46.66919916808869,
              -23.569320253778166
            ],
            [
              -46.66896074389776,
              -23.569320253778166
            ],
            [
              -46.66896074389776,
              -23.569569572433384
            ],
            [
              -46.66919916808869,
              -23.569569572433384
            ],
            [
              -46.66919916808869,
              -23.569320253778166
            ]
          ]
        ]
      },
      "properties": {
        "sqlu": "SP-000285",
        "mainAddress": "Rua Abilio Soares, 2885",
        "inscricaoImobiliaria": "SP-IMO-2024-000285",
        "inscription": "SP-INS-2024000284",
        "setor": "Vila Mariana",
        "quadra": "Q15",
        "lote": "2885",
        "cep": "01389846",
        "sourceType": "OFFICIAL_IMPORT",
        "areaTerreno": 732,
        "zoneamento": "RESIDENCIAL",
        "statusCadastral": "ATIVO",
        "workflowStatus": "APROVADA",
        "isOfficial": true,
        "municipio": "São Paulo",
        "uf": "SP"
      }
    },
    {
      "type": "Feature",
      "geometry": {
        "type": "Polygon",
        "coordinates": [
          [
            [
              -46.65468341780622,
              -23.585522133789844
            ],
            [
              -46.654403844770876,
              -23.585522133789844
            ],
            [
              -46.654403844770876,
              -23.58566176311755
            ],
            [
              -46.65468341780622,
              -23.58566176311755
            ],
            [
              -46.65468341780622,
              -23.585522133789844
            ]
          ]
        ]
      },
      "properties": {
        "sqlu": "SP-000286",
        "mainAddress": "Rua Bela Cintra, 743",
        "inscricaoImobiliaria": "SP-IMO-2024-000286",
        "inscription": "SP-INS-2024000285",
        "setor": "Paraiso",
        "quadra": "Q15",
        "lote": "743",
        "cep": "01391817",
        "sourceType": "OFFICIAL_IMPORT",
        "areaTerreno": 481,
        "zoneamento": "RESIDENCIAL",
        "statusCadastral": "ATIVO",
        "workflowStatus": "APROVADA",
        "isOfficial": true,
        "municipio": "São Paulo",
        "uf": "SP"
      }
    },
    {
      "type": "Feature",
      "geometry": {
        "type": "Polygon",
        "coordinates": [
          [
            [
              -46.64329473052465,
              -23.584588354842648
            ],
            [
              -46.64309391781514,
              -23.584588354842648
            ],
            [
              -46.64309391781514,
              -23.58476755848137
            ],
            [
              -46.64329473052465,
              -23.58476755848137
            ],
            [
              -46.64329473052465,
              -23.584588354842648
            ]
          ]
        ]
      },
      "properties": {
        "sqlu": "SP-000287",
        "mainAddress": "Rua Domingos de Morais, 2394",
        "inscricaoImobiliaria": "SP-IMO-2024-000287",
        "inscription": "SP-INS-2024000286",
        "setor": "Jardins",
        "quadra": "Q15",
        "lote": "2394",
        "cep": "01341193",
        "sourceType": "OFFICIAL_IMPORT",
        "areaTerreno": 443,
        "zoneamento": "COMERCIAL",
        "statusCadastral": "ATIVO",
        "workflowStatus": "PENDENTE",
        "isOfficial": true,
        "municipio": "São Paulo",
        "uf": "SP"
      }
    },
    {
      "type": "Feature",
      "geometry": {
        "type": "Polygon",
        "coordinates": [
          [
            [
              -46.6279211577577,
              -23.57248555275592
            ],
            [
              -46.62767964538477,
              -23.57248555275592
            ],
            [
              -46.62767964538477,
              -23.572691753522882
            ],
            [
              -46.6279211577577,
              -23.572691753522882
            ],
            [
              -46.6279211577577,
              -23.57248555275592
            ]
          ]
        ]
      },
      "properties": {
        "sqlu": "SP-000288",
        "mainAddress": "Rua Antonio Carlos, 2926",
        "inscricaoImobiliaria": "SP-IMO-2024-000288",
        "inscription": "SP-INS-2024000287",
        "setor": "Consolacao",
        "quadra": "Q15",
        "lote": "2926",
        "cep": "01337636",
        "sourceType": "OFFICIAL_IMPORT",
        "areaTerreno": 614,
        "zoneamento": "RESIDENCIAL",
        "statusCadastral": "ATIVO",
        "workflowStatus": "APROVADA",
        "isOfficial": true,
        "municipio": "São Paulo",
        "uf": "SP"
      }
    },
    {
      "type": "Feature",
      "geometry": {
        "type": "Polygon",
        "coordinates": [
          [
            [
              -46.62903300783225,
              -23.576187661754762
            ],
            [
              -46.628819575894624,
              -23.576187661754762
            ],
            [
              -46.628819575894624,
              -23.5764609463018
            ],
            [
              -46.62903300783225,
              -23.5764609463018
            ],
            [
              -46.62903300783225,
              -23.576187661754762
            ]
          ]
        ]
      },
      "properties": {
        "sqlu": "SP-000289",
        "mainAddress": "Rua Vergueiro, 415",
        "inscricaoImobiliaria": "SP-IMO-2024-000289",
        "inscription": "SP-INS-2024000288",
        "setor": "Consolacao",
        "quadra": "Q15",
        "lote": "415",
        "cep": "01385784",
        "sourceType": "OFFICIAL_IMPORT",
        "areaTerreno": 719,
        "zoneamento": "RESIDENCIAL",
        "statusCadastral": "ATIVO",
        "workflowStatus": "APROVADA",
        "isOfficial": true,
        "municipio": "São Paulo",
        "uf": "SP"
      }
    },
    {
      "type": "Feature",
      "geometry": {
        "type": "Polygon",
        "coordinates": [
          [
            [
              -46.60640086485945,
              -23.555201383022574
            ],
            [
              -46.60627410151673,
              -23.555201383022574
            ],
            [
              -46.60627410151673,
              -23.555335706361344
            ],
            [
              -46.60640086485945,
              -23.555335706361344
            ],
            [
              -46.60640086485945,
              -23.555201383022574
            ]
          ]
        ]
      },
      "properties": {
        "sqlu": "SP-000290",
        "mainAddress": "Avenida Paulista, 1871",
        "inscricaoImobiliaria": "SP-IMO-2024-000290",
        "inscription": "SP-INS-2024000289",
        "setor": "Vila Mariana",
        "quadra": "Q15",
        "lote": "1871",
        "cep": "01302285",
        "sourceType": "OFFICIAL_IMPORT",
        "areaTerreno": 210,
        "zoneamento": "RESIDENCIAL",
        "statusCadastral": "ATIVO",
        "workflowStatus": "APROVADA",
        "isOfficial": true,
        "municipio": "São Paulo",
        "uf": "SP"
      }
    },
    {
      "type": "Feature",
      "geometry": {
        "type": "Polygon",
        "coordinates": [
          [
            [
              -46.610174339783576,
              -23.535059319091467
            ],
            [
              -46.609906884396935,
              -23.535059319091467
            ],
            [
              -46.609906884396935,
              -23.535281610626523
            ],
            [
              -46.610174339783576,
              -23.535281610626523
            ],
            [
              -46.610174339783576,
              -23.535059319091467
            ]
          ]
        ]
      },
      "properties": {
        "sqlu": "SP-000291",
        "mainAddress": "Rua Bela Cintra, 2090",
        "inscricaoImobiliaria": "SP-IMO-2024-000291",
        "inscription": "SP-INS-2024000290",
        "setor": "Vila Mariana",
        "quadra": "Q15",
        "lote": "2090",
        "cep": "01351008",
        "sourceType": "OFFICIAL_IMPORT",
        "areaTerreno": 733,
        "zoneamento": "COMERCIAL",
        "statusCadastral": "ATIVO",
        "workflowStatus": "APROVADA",
        "isOfficial": true,
        "municipio": "São Paulo",
        "uf": "SP"
      }
    },
    {
      "type": "Feature",
      "geometry": {
        "type": "Polygon",
        "coordinates": [
          [
            [
              -46.631611982879846,
              -23.541232433516114
            ],
            [
              -46.63148233242098,
              -23.541232433516114
            ],
            [
              -46.63148233242098,
              -23.541483612542578
            ],
            [
              -46.631611982879846,
              -23.541483612542578
            ],
            [
              -46.631611982879846,
              -23.541232433516114
            ]
          ]
        ]
      },
      "properties": {
        "sqlu": "SP-000292",
        "mainAddress": "Rua Luis Gois, 218",
        "inscricaoImobiliaria": "SP-IMO-2024-000292",
        "inscription": "SP-INS-2024000291",
        "setor": "Vila Mariana",
        "quadra": "Q15",
        "lote": "218",
        "cep": "01358850",
        "sourceType": "OFFICIAL_IMPORT",
        "areaTerreno": 401,
        "zoneamento": "COMERCIAL",
        "statusCadastral": "ATIVO",
        "workflowStatus": "APROVADA",
        "isOfficial": true,
        "municipio": "São Paulo",
        "uf": "SP"
      }
    },
    {
      "type": "Feature",
      "geometry": {
        "type": "Polygon",
        "coordinates": [
          [
            [
              -46.642015192311504,
              -23.523536459683708
            ],
            [
              -46.6418194398728,
              -23.523536459683708
            ],
            [
              -46.6418194398728,
              -23.52372449995444
            ],
            [
              -46.642015192311504,
              -23.52372449995444
            ],
            [
              -46.642015192311504,
              -23.523536459683708
            ]
          ]
        ]
      },
      "properties": {
        "sqlu": "SP-000293",
        "mainAddress": "Rua Domingos de Morais, 1721",
        "inscricaoImobiliaria": "SP-IMO-2024-000293",
        "inscription": "SP-INS-2024000292",
        "setor": "Jardins",
        "quadra": "Q15",
        "lote": "1721",
        "cep": "01358414",
        "sourceType": "OFFICIAL_IMPORT",
        "areaTerreno": 454,
        "zoneamento": "RESIDENCIAL",
        "statusCadastral": "ATIVO",
        "workflowStatus": "APROVADA",
        "isOfficial": true,
        "municipio": "São Paulo",
        "uf": "SP"
      }
    },
    {
      "type": "Feature",
      "geometry": {
        "type": "Polygon",
        "coordinates": [
          [
            [
              -46.651628275875815,
              -23.52620323027088
            ],
            [
              -46.651385501552284,
              -23.52620323027088
            ],
            [
              -46.651385501552284,
              -23.526334597955767
            ],
            [
              -46.651628275875815,
              -23.526334597955767
            ],
            [
              -46.651628275875815,
              -23.52620323027088
            ]
          ]
        ]
      },
      "properties": {
        "sqlu": "SP-000294",
        "mainAddress": "Rua Maestro Cardim, 233",
        "inscricaoImobiliaria": "SP-IMO-2024-000294",
        "inscription": "SP-INS-2024000293",
        "setor": "Jardins",
        "quadra": "Q15",
        "lote": "233",
        "cep": "01377127",
        "sourceType": "OFFICIAL_IMPORT",
        "areaTerreno": 393,
        "zoneamento": "MISTO",
        "statusCadastral": "ATIVO",
        "workflowStatus": "APROVADA",
        "isOfficial": true,
        "municipio": "São Paulo",
        "uf": "SP"
      }
    },
    {
      "type": "Feature",
      "geometry": {
        "type": "Polygon",
        "coordinates": [
          [
            [
              -46.656932648880684,
              -23.542525624105426
            ],
            [
              -46.656658936986474,
              -23.542525624105426
            ],
            [
              -46.656658936986474,
              -23.542806118986892
            ],
            [
              -46.656932648880684,
              -23.542806118986892
            ],
            [
              -46.656932648880684,
              -23.542525624105426
            ]
          ]
        ]
      },
      "properties": {
        "sqlu": "SP-000295",
        "mainAddress": "Rua Coronel Oscar Porto, 2045",
        "inscricaoImobiliaria": "SP-IMO-2024-000295",
        "inscription": "SP-INS-2024000294",
        "setor": "Consolacao",
        "quadra": "Q15",
        "lote": "2045",
        "cep": "01318616",
        "sourceType": "OFFICIAL_IMPORT",
        "areaTerreno": 946,
        "zoneamento": "RESIDENCIAL",
        "statusCadastral": "ATIVO",
        "workflowStatus": "APROVADA",
        "isOfficial": true,
        "municipio": "São Paulo",
        "uf": "SP"
      }
    },
    {
      "type": "Feature",
      "geometry": {
        "type": "Polygon",
        "coordinates": [
          [
            [
              -46.688490974343765,
              -23.55241467526333
            ],
            [
              -46.68834961992894,
              -23.55241467526333
            ],
            [
              -46.68834961992894,
              -23.552615096516558
            ],
            [
              -46.688490974343765,
              -23.552615096516558
            ],
            [
              -46.688490974343765,
              -23.55241467526333
            ]
          ]
        ]
      },
      "properties": {
        "sqlu": "SP-000296",
        "mainAddress": "Alameda Jau, 2484",
        "inscricaoImobiliaria": "SP-IMO-2024-000296",
        "inscription": "SP-INS-2024000295",
        "setor": "Consolacao",
        "quadra": "Q15",
        "lote": "2484",
        "cep": "01342365",
        "sourceType": "OFFICIAL_IMPORT",
        "areaTerreno": 349,
        "zoneamento": "MISTO",
        "statusCadastral": "ATIVO",
        "workflowStatus": "APROVADA",
        "isOfficial": true,
        "municipio": "São Paulo",
        "uf": "SP"
      }
    },
    {
      "type": "Feature",
      "geometry": {
        "type": "Polygon",
        "coordinates": [
          [
            [
              -46.665652428718694,
              -23.562282522462304
            ],
            [
              -46.66541163678542,
              -23.562282522462304
            ],
            [
              -46.66541163678542,
              -23.562420019616475
            ],
            [
              -46.665652428718694,
              -23.562420019616475
            ],
            [
              -46.665652428718694,
              -23.562282522462304
            ]
          ]
        ]
      },
      "properties": {
        "sqlu": "SP-000297",
        "mainAddress": "Rua Domingos de Morais, 1527",
        "inscricaoImobiliaria": "SP-IMO-2024-000297",
        "inscription": "SP-INS-2024000296",
        "setor": "Consolacao",
        "quadra": "Q15",
        "lote": "1527",
        "cep": "01323593",
        "sourceType": "OFFICIAL_IMPORT",
        "areaTerreno": 408,
        "zoneamento": "RESIDENCIAL",
        "statusCadastral": "ATIVO",
        "workflowStatus": "APROVADA",
        "isOfficial": true,
        "municipio": "São Paulo",
        "uf": "SP"
      }
    },
    {
      "type": "Feature",
      "geometry": {
        "type": "Polygon",
        "coordinates": [
          [
            [
              -46.65715287379929,
              -23.57863728666715
            ],
            [
              -46.65699462363796,
              -23.57863728666715
            ],
            [
              -46.65699462363796,
              -23.578848819052308
            ],
            [
              -46.65715287379929,
              -23.578848819052308
            ],
            [
              -46.65715287379929,
              -23.57863728666715
            ]
          ]
        ]
      },
      "properties": {
        "sqlu": "SP-000298",
        "mainAddress": "Rua Padre Joao Manuel, 2464",
        "inscricaoImobiliaria": "SP-IMO-2024-000298",
        "inscription": "SP-INS-2024000297",
        "setor": "Paraiso",
        "quadra": "Q15",
        "lote": "2464",
        "cep": "01372159",
        "sourceType": "OFFICIAL_IMPORT",
        "areaTerreno": 412,
        "zoneamento": "RESIDENCIAL",
        "statusCadastral": "PENDENTE",
        "workflowStatus": "APROVADA",
        "isOfficial": true,
        "municipio": "São Paulo",
        "uf": "SP"
      }
    },
    {
      "type": "Feature",
      "geometry": {
        "type": "Polygon",
        "coordinates": [
          [
            [
              -46.65275293599264,
              -23.576046274948272
            ],
            [
              -46.652615445703724,
              -23.576046274948272
            ],
            [
              -46.652615445703724,
              -23.57623269442271
            ],
            [
              -46.65275293599264,
              -23.57623269442271
            ],
            [
              -46.65275293599264,
              -23.576046274948272
            ]
          ]
        ]
      },
      "properties": {
        "sqlu": "SP-000299",
        "mainAddress": "Alameda Santos, 2188",
        "inscricaoImobiliaria": "SP-IMO-2024-000299",
        "inscription": "SP-INS-2024000298",
        "setor": "Paraiso",
        "quadra": "Q15",
        "lote": "2188",
        "cep": "01383173",
        "sourceType": "OFFICIAL_IMPORT",
        "areaTerreno": 316,
        "zoneamento": "MISTO",
        "statusCadastral": "ATIVO",
        "workflowStatus": "PENDENTE",
        "isOfficial": true,
        "municipio": "São Paulo",
        "uf": "SP"
      }
    },
    {
      "type": "Feature",
      "geometry": {
        "type": "Polygon",
        "coordinates": [
          [
            [
              -46.63693093500255,
              -23.589099622061305
            ],
            [
              -46.63674026015779,
              -23.589099622061305
            ],
            [
              -46.63674026015779,
              -23.589283545536954
            ],
            [
              -46.63693093500255,
              -23.589283545536954
            ],
            [
              -46.63693093500255,
              -23.589099622061305
            ]
          ]
        ]
      },
      "properties": {
        "sqlu": "SP-000300",
        "mainAddress": "Alameda Santos, 1985",
        "inscricaoImobiliaria": "SP-IMO-2024-000300",
        "inscription": "SP-INS-2024000299",
        "setor": "Paraiso",
        "quadra": "Q15",
        "lote": "1985",
        "cep": "01345429",
        "sourceType": "OFFICIAL_IMPORT",
        "areaTerreno": 432,
        "zoneamento": "RESIDENCIAL",
        "statusCadastral": "ATIVO",
        "workflowStatus": "APROVADA",
        "isOfficial": true,
        "municipio": "São Paulo",
        "uf": "SP"
      }
    }
  ]
}